{
  "code": "gearrack",
  "class": "PurposefulStorage.BlockPSContainer",
  "entityclass": "PurposefulStorage.BEGearRack",
  "variantgroups": [
    { "code": "type", "states": ["normal"] },
    { "code": "side", "loadFromProperties": "abstract/horizontalorientation" }
  ],
  "attributes": {
    "materials": { "loadFromProperties": "block/wood" },
    "variantTextures": {
      "surface": [ "game:block/wood/debarked/{wood}", "purposefulstorage:variants/wood/{wood}" ]
    }
  },
  "behaviors": [
    { "name": "HorizontalAttachable", "properties": { "dropBlockFace": "east" } }
  ],
  "shape": {
    "base": "block/general/gearrack",
    "rotateYByType": { "*-north": 0, "*-east": 270, "*-west": 90, "*-south": 180 }
  },
  "heldTpIdleAnimation": "holdunderarm",
  "blockmaterial": "Wood",
  "lightAbsorption": 1,
  "replaceable": 900,
  "resistance": 1.5,
  "materialDensity": 400,
  "faceCullMode": "NeverCull",
  "emitSideAo": { "all": false },
  "sidesolid": { "all": false },
  "sideopaque": { "all": false },
  "combustibleProps": {
    "burnTemperature": 700,
    "burnDuration": 40
  },
  "guiTransform": {
    "origin": { "x": 1, "y": 0.4, "z": 0.6 },
    "scale": 1.1
  },
  "tpHandTransform": {
	  "translation": { "x": -0.8, "y": -0.58, "z": -0.41 },
	  "rotation": { "x": -4, "y": -82, "z": 0 },
	  "scale": 0.5
  },
  "sounds": {
    "place": "game:block/planks",
    "hit": "game:block/planks",
    "break": "game:block/planks"
  },
  "collisionbox": { "x1": 0.6, "y1": 0, "z1": 0, "x2": 1, "y2": 1, "z2": 1, "rotateYByType": { "*-north": 90, "*-east": 0, "*-west": 180, "*-south": 270 } },
  "selectionBoxes": [
	  { "x1": 0.5, "y1": 0, "z1": 0, "x2": 1, "y2": 1, "z2": 0.5, "rotateYByType": { "*-north": 90, "*-east": 0, "*-west": 180, "*-south": 270 } },
	  { "x1": 0.5, "y1": 0, "z1": 0.5, "x2": 1, "y2": 1, "z2": 1, "rotateYByType": { "*-north": 90, "*-east": 0, "*-west": 180, "*-south": 270 } }
  ]
}
