{
	"editor": {
		"allAngles": false,
		"entityTextureMode": false
	},
	"textureWidth": 16,
	"textureHeight": 16,
	"textureSizes": {
	},
	"textures": {
		"other": "game:block/clay/ceramic",
		"floor": "game:block/clay/ceramic-dark"
	},
	"elements": [
		{
			"name": "Cube1",
			"from": [ 1.0, 0.0, 1.0 ],
			"to": [ 15.0, 1.0, 15.0 ],
			"rotationOrigin": [ -4.0, 0.0, -3.0 ],
			"faces": {
				"north": {
					"texture": "#other",
					"uv": [ 0.0, 8.0, 14.0, 9.0 ]
				},
				"east": {
					"texture": "#other",
					"uv": [ 0.5, 6.0, 14.5, 7.0 ]
				},
				"south": {
					"texture": "#other",
					"uv": [ 0.0, 11.0, 14.0, 12.0 ]
				},
				"west": {
					"texture": "#other",
					"uv": [ 0.5, 10.0, 14.5, 11.0 ]
				},
				"up": {
					"texture": "#floor",
					"uv": [ 0.0, 1.5, 14.0, 15.5 ]
				},
				"down": {
					"texture": "#other",
					"uv": [ 0.0, 0.0, 14.0, 14.0 ],
					"snapUv": false
				}
			},
			"children": [
				{
					"name": "Cube6",
					"from": [ 0.0, 1.0, 0.0 ],
					"to": [ 14.0, 2.0, 3.0 ],
					"rotationOrigin": [ 0.0, 0.0, -3.0 ],
					"faces": {
						"north": {
							"texture": "#other",
							"uv": [ 1.0, 6.0, 15.0, 7.0 ]
						},
						"east": {
							"texture": "#other",
							"uv": [ 10.5, 9.0, 13.5, 10.0 ]
						},
						"south": {
							"texture": "#other",
							"uv": [ 1.0, 5.0, 15.0, 6.0 ]
						},
						"west": {
							"texture": "#other",
							"uv": [ 7.5, 11.5, 10.5, 12.5 ]
						},
						"up": {
							"texture": "#other",
							"uv": [ 0.5, 4.0, 14.5, 7.0 ]
						}
					}
				},
				{
					"name": "Cube7",
					"from": [ 0.0, 1.0, 3.0 ],
					"to": [ 1.0, 2.0, 14.0 ],
					"rotationOrigin": [ 0.0, 1.0, 3.0 ],
					"faces": {
						"east": {
							"texture": "#other",
							"uv": [ 3.5, 5.5, 14.5, 6.5 ]
						},
						"south": {
							"texture": "#other",
							"uv": [ 7.5, 0.5, 8.5, 1.5 ]
						},
						"west": {
							"texture": "#other",
							"uv": [ 2.0, 5.0, 13.0, 6.0 ]
						},
						"up": {
							"texture": "#other",
							"uv": [ 2.0, 1.5, 3.0, 12.5 ]
						}
					}
				},
				{
					"name": "Cube8",
					"from": [ 1.0, 1.0, 11.0 ],
					"to": [ 13.0, 2.0, 14.0 ],
					"rotationOrigin": [ 1.0, 1.0, 11.0 ],
					"faces": {
						"north": {
							"texture": "#other",
							"uv": [ 1.0, 13.0, 13.0, 14.0 ]
						},
						"south": {
							"texture": "#other",
							"uv": [ 4.0, 0.5, 16.0, 1.5 ]
						},
						"up": {
							"texture": "#other",
							"uv": [ 2.0, 6.0, 14.0, 9.0 ]
						}
					}
				},
				{
					"name": "Cube9",
					"from": [ 13.0, 1.0, 3.0 ],
					"to": [ 14.0, 2.0, 14.0 ],
					"rotationOrigin": [ 13.0, 1.0, 3.0 ],
					"faces": {
						"east": {
							"texture": "#other",
							"uv": [ 4.0, 2.0, 15.0, 3.0 ]
						},
						"south": {
							"texture": "#other",
							"uv": [ 1.5, 11.5, 2.5, 12.5 ]
						},
						"west": {
							"texture": "#other",
							"uv": [ 0.5, 1.5, 11.5, 2.5 ]
						},
						"up": {
							"texture": "#other",
							"uv": [ 2.0, 1.5, 3.0, 12.5 ]
						}
					}
				},
				{
					"name": "Cube2",
					"from": [ 1.0, 1.0, 3.0 ],
					"to": [ 13.0, 2.0, 5.0 ],
					"rotationOrigin": [ 1.0, 1.0, 3.0 ],
					"faces": {
						"north": {
							"texture": "#other",
							"uv": [ 0.0, 0.0, 12.0, 1.0 ]
						},
						"east": {
							"texture": "#other",
							"uv": [ 0.0, 0.0, 2.0, 1.0 ]
						},
						"south": {
							"texture": "#other",
							"uv": [ 0.0, 0.0, 12.0, 1.0 ]
						},
						"west": {
							"texture": "#other",
							"uv": [ 0.0, 0.0, 2.0, 1.0 ]
						},
						"up": {
							"texture": "#other",
							"uv": [ 0.0, 0.0, 12.0, 2.0 ]
						},
						"down": {
							"texture": "#other",
							"uv": [ 0.0, 0.0, 12.0, 2.0 ]
						}
					}
				},
				{
					"name": "sawteeth",
					"from": [ 1.0, 1.0, 5.0 ],
					"to": [ 2.0, 2.0, 6.0 ],
					"rotationOrigin": [ 1.0, 1.0, 5.0 ],
					"faces": {
						"north": {
							"texture": "#other",
							"uv": [ 0.0, 0.0, 1.0, 1.0 ]
						},
						"east": {
							"texture": "#other",
							"uv": [ 0.0, 0.0, 1.0, 1.0 ]
						},
						"south": {
							"texture": "#other",
							"uv": [ 0.0, 0.0, 1.0, 1.0 ]
						},
						"west": {
							"texture": "#other",
							"uv": [ 0.0, 0.0, 1.0, 1.0 ]
						},
						"up": {
							"texture": "#other",
							"uv": [ 0.0, 0.0, 1.0, 1.0 ]
						},
						"down": {
							"texture": "#other",
							"uv": [ 0.0, 0.0, 1.0, 1.0 ]
						}
					}
				},
				{
					"name": "Cube3",
					"from": [ 1.0, 1.0, 8.0 ],
					"to": [ 13.0, 2.0, 11.0 ],
					"rotationOrigin": [ 1.0, 1.0, 8.0 ],
					"faces": {
						"north": {
							"texture": "#other",
							"uv": [ 0.0, 0.0, 12.0, 1.0 ]
						},
						"east": {
							"texture": "#other",
							"uv": [ 0.0, 0.0, 3.0, 1.0 ]
						},
						"south": {
							"texture": "#other",
							"uv": [ 0.0, 0.0, 12.0, 1.0 ]
						},
						"west": {
							"texture": "#other",
							"uv": [ 0.0, 0.0, 3.0, 1.0 ]
						},
						"up": {
							"texture": "#other",
							"uv": [ 0.0, 0.0, 12.0, 3.0 ]
						},
						"down": {
							"texture": "#other",
							"uv": [ 0.0, 0.0, 12.0, 3.0 ]
						}
					}
				}
			]
		},
		{
			"name": "Cube12",
			"from": [ 12.0, 1.0, 6.0 ],
			"to": [ 13.0, 2.0, 7.0 ],
			"rotationOrigin": [ 12.0, 1.0, 6.0 ],
			"faces": {
				"north": {
					"texture": "#other",
					"uv": [ 0.0, 0.0, 1.0, 1.0 ]
				},
				"east": {
					"texture": "#other",
					"uv": [ 0.0, 0.0, 1.0, 1.0 ]
				},
				"south": {
					"texture": "#other",
					"uv": [ 0.0, 0.0, 1.0, 1.0 ]
				},
				"west": {
					"texture": "#other",
					"uv": [ 0.0, 0.0, 1.0, 1.0 ]
				},
				"up": {
					"texture": "#other",
					"uv": [ 0.0, 0.0, 1.0, 1.0 ]
				},
				"down": {
					"texture": "#other",
					"uv": [ 0.0, 0.0, 1.0, 1.0 ]
				}
			}
		},
		{
			"name": "Cube11",
			"from": [ 10.0, 1.0, 6.0 ],
			"to": [ 11.0, 2.0, 7.0 ],
			"rotationOrigin": [ 10.0, 1.0, 6.0 ],
			"faces": {
				"north": {
					"texture": "#other",
					"uv": [ 0.0, 0.0, 1.0, 1.0 ]
				},
				"east": {
					"texture": "#other",
					"uv": [ 0.0, 0.0, 1.0, 1.0 ]
				},
				"south": {
					"texture": "#other",
					"uv": [ 0.0, 0.0, 1.0, 1.0 ]
				},
				"west": {
					"texture": "#other",
					"uv": [ 0.0, 0.0, 1.0, 1.0 ]
				},
				"up": {
					"texture": "#other",
					"uv": [ 0.0, 0.0, 1.0, 1.0 ]
				},
				"down": {
					"texture": "#other",
					"uv": [ 0.0, 0.0, 1.0, 1.0 ]
				}
			}
		},
		{
			"name": "Cube10",
			"from": [ 8.0, 1.0, 6.0 ],
			"to": [ 9.0, 2.0, 7.0 ],
			"rotationOrigin": [ 8.0, 1.0, 6.0 ],
			"faces": {
				"north": {
					"texture": "#other",
					"uv": [ 0.0, 0.0, 1.0, 1.0 ]
				},
				"east": {
					"texture": "#other",
					"uv": [ 0.0, 0.0, 1.0, 1.0 ]
				},
				"south": {
					"texture": "#other",
					"uv": [ 0.0, 0.0, 1.0, 1.0 ]
				},
				"west": {
					"texture": "#other",
					"uv": [ 0.0, 0.0, 1.0, 1.0 ]
				},
				"up": {
					"texture": "#other",
					"uv": [ 0.0, 0.0, 1.0, 1.0 ]
				},
				"down": {
					"texture": "#other",
					"uv": [ 0.0, 0.0, 1.0, 1.0 ]
				}
			}
		},
		{
			"name": "Cube5",
			"from": [ 6.0, 1.0, 6.0 ],
			"to": [ 7.0, 2.0, 7.0 ],
			"rotationOrigin": [ 6.0, 1.0, 6.0 ],
			"faces": {
				"north": {
					"texture": "#other",
					"uv": [ 0.0, 0.0, 1.0, 1.0 ]
				},
				"east": {
					"texture": "#other",
					"uv": [ 0.0, 0.0, 1.0, 1.0 ]
				},
				"south": {
					"texture": "#other",
					"uv": [ 0.0, 0.0, 1.0, 1.0 ]
				},
				"west": {
					"texture": "#other",
					"uv": [ 0.0, 0.0, 1.0, 1.0 ]
				},
				"up": {
					"texture": "#other",
					"uv": [ 0.0, 0.0, 1.0, 1.0 ]
				},
				"down": {
					"texture": "#other",
					"uv": [ 0.0, 0.0, 1.0, 1.0 ]
				}
			}
		},
		{
			"name": "Cube4",
			"from": [ 4.0, 1.0, 6.0 ],
			"to": [ 5.0, 2.0, 7.0 ],
			"rotationOrigin": [ 4.0, 1.0, 6.0 ],
			"faces": {
				"north": {
					"texture": "#other",
					"uv": [ 0.0, 0.0, 1.0, 1.0 ]
				},
				"east": {
					"texture": "#other",
					"uv": [ 0.0, 0.0, 1.0, 1.0 ]
				},
				"south": {
					"texture": "#other",
					"uv": [ 0.0, 0.0, 1.0, 1.0 ]
				},
				"west": {
					"texture": "#other",
					"uv": [ 0.0, 0.0, 1.0, 1.0 ]
				},
				"up": {
					"texture": "#other",
					"uv": [ 0.0, 0.0, 1.0, 1.0 ]
				},
				"down": {
					"texture": "#other",
					"uv": [ 0.0, 0.0, 1.0, 1.0 ]
				}
			}
		}
	]
}