{
	"editor": {
		"allAngles": false,
		"entityTextureMode": false
	},
	"textureWidth": 16,
	"textureHeight": 16,
	"textureSizes": {
	},
	"textures": {
		"lilyofthevalley1": "game:block/plant/flower/petal/lilyofthevalley1",
		"lilyofthevalley2": "game:block/plant/flower/petal/lilyofthevalley2",
		"flower3": "game:block/plant/flower/stem/lilyofthevalley3",
		"lilyofthevalley3": "game:block/plant/flower/petal/lilyofthevalley3",
		"flower1": "game:block/plant/flower/stem/lilyofthevalley1",
		"flower2": "game:block/plant/flower/stem/lilyofthevalley2",
		"leaves1": "game:block/plant/flower/stem/lilyofthevalleyleaves"
	},
	"elements": [
		{
			"name": "origin",
			"from": [ 8.0, 0.0, 8.0 ], 
			"to": [ 8.0, 0.0, 8.0 ], 
			"rotationOrigin": [ 8.0, 0.0, 8.0 ],
			"faces": {
				"north": { "texture": "#null", "uv": [ 0.0, 0.0, 0.5, 0.5 ], "enabled": false },
				"east": { "texture": "#null", "uv": [ 0.0, 0.0, 0.5, 0.5 ], "windMode": [0,0,0,0] },
				"south": { "texture": "#null", "uv": [ 0.0, 0.0, 0.5, 0.5 ], "windMode": [0,0,0,0] },
				"west": { "texture": "#null", "uv": [ 0.0, 0.0, 0.5, 0.5 ], "windMode": [0,0,0,0] },
				"up": { "texture": "#null", "uv": [ 0.0, 0.0, 0.5, 0.5 ], "windMode": [0,0,0,0] },
				"down": { "texture": "#null", "uv": [ 0.0, 0.0, 0.5, 0.5 ], "windMode": [0,0,0,0] }
			},
			"children": [
				{
					"name": "plant1",
					"from": [ -8.0, 0.0, -5.0 ], 
					"to": [ -8.0, 0.0, -5.0 ], 
					"renderPass": 2,
					"rotationOrigin": [ 0.0, 0.0, 3.0 ],
					"faces": {
						"north": { "texture": "#allium2", "uv": [ 0.0, 0.0, 0.5, 0.5 ], "enabled": false },
						"east": { "texture": "#allium2", "uv": [ 0.0, 0.0, 0.5, 0.5 ], "enabled": false },
						"south": { "texture": "#allium2", "uv": [ 4.5, 6.0, 5.0, 6.5 ], "enabled": false },
						"west": { "texture": "#allium2", "uv": [ 0.0, 0.0, 0.5, 0.5 ], "enabled": false },
						"up": { "texture": "#allium2", "uv": [ 0.0, 0.0, 0.5, 0.5 ], "enabled": false },
						"down": { "texture": "#allium2", "uv": [ 0.0, 0.0, 0.5, 0.5 ], "enabled": false }
					},
					"children": [
						{
							"name": "stem1",
							"from": [ 0.0, 0.0, 8.0 ], 
							"to": [ 16.0, 16.0, 8.0 ], 
							"shade": false,
							"climateColorMap": "climatePlantTint",
							"seasonColorMap": "seasonalFoliage",
							"renderPass": 2,
							"rotationOrigin": [ 8.0, 0.0, 8.0 ],
							"rotationY": -75.0,
							"faces": {
								"north": { "texture": "#flower1", "uv": [ 0.0, 0.0, 16.0, 16.0 ], "windMode": [0,2,2,0], "windData": [0,1,1,0] },
								"east": { "texture": "#thick-fern12", "uv": [ 0.0, 0.0, 0.3333, 16.0 ], "enabled": false },
								"south": { "texture": "#thick-fern12", "uv": [ 0.0, 0.0, 16.0, 16.0 ], "enabled": false },
								"west": { "texture": "#thick-fern12", "uv": [ 0.0, 0.0, 0.3333, 16.0 ], "enabled": false },
								"up": { "texture": "#thick-fern12", "uv": [ 0.0, 0.0, 16.0, 0.3333 ], "enabled": false },
								"down": { "texture": "#thick-fern12", "uv": [ 0.0, 0.0, 16.0, 0.3333 ], "enabled": false }
							}
						},
						{
							"name": "stem2",
							"from": [ 0.0, 0.0, 8.0 ], 
							"to": [ 16.0, 16.0, 8.0 ], 
							"shade": false,
							"climateColorMap": "climatePlantTint",
							"seasonColorMap": "seasonalFoliage",
							"renderPass": 2,
							"rotationOrigin": [ 8.0, 0.0, 8.0 ],
							"rotationY": -22.0,
							"faces": {
								"north": { "texture": "#flower2", "uv": [ 0.0, 0.0, 16.0, 16.0 ], "autoUv": false, "windMode": [0,2,2,0], "windData": [0,1,1,0] },
								"east": { "texture": "#flower1", "uv": [ 0.0, 0.0, 0.3333, 16.0 ], "enabled": false },
								"south": { "texture": "#flower1", "uv": [ 0.0, 0.0, 16.0, 16.0 ], "enabled": false },
								"west": { "texture": "#flower1", "uv": [ 0.0, 0.0, 0.3333, 16.0 ], "enabled": false },
								"up": { "texture": "#flower1", "uv": [ 0.0, 0.0, 16.0, 0.3333 ], "enabled": false },
								"down": { "texture": "#flower1", "uv": [ 0.0, 0.0, 16.0, 0.3333 ], "enabled": false }
							}
						},
						{
							"name": "leaves1",
							"from": [ 0.0, 0.0, 8.0 ], 
							"to": [ 16.0, 16.0, 8.0 ], 
							"shade": false,
							"climateColorMap": "climatePlantTint",
							"seasonColorMap": "seasonalFoliage",
							"renderPass": 2,
							"rotationOrigin": [ 8.0, 0.0, 8.0 ],
							"rotationX": -67.5,
							"rotationY": -135.0,
							"rotationZ": -45.0,
							"faces": {
								"north": { "texture": "#leaves1", "uv": [ 0.0, 0.0, 16.0, 16.0 ], "autoUv": false, "windMode": [0,2,2,0] },
								"east": { "texture": "#leaves1", "uv": [ 0.0, 0.0, 0.3333, 16.0 ], "enabled": false },
								"south": { "texture": "#leaves1", "uv": [ 0.0, 0.0, 16.0, 16.0 ], "enabled": false },
								"west": { "texture": "#leaves1", "uv": [ 0.0, 0.0, 0.3333, 16.0 ], "enabled": false },
								"up": { "texture": "#leaves1", "uv": [ 0.0, 0.0, 16.0, 0.3333 ], "enabled": false },
								"down": { "texture": "#leaves1", "uv": [ 0.0, 0.0, 16.0, 0.3333 ], "enabled": false }
							}
						},
						{
							"name": "leaves2",
							"from": [ 0.0, 0.0, 8.0 ], 
							"to": [ 16.0, 16.0, 8.0 ], 
							"shade": false,
							"climateColorMap": "climatePlantTint",
							"seasonColorMap": "seasonalFoliage",
							"renderPass": 2,
							"rotationOrigin": [ 8.0, 0.0, 8.0 ],
							"rotationX": -135.0,
							"rotationY": -22.5,
							"rotationZ": -157.5,
							"faces": {
								"north": { "texture": "#leaves1", "uv": [ 0.0, 0.0, 16.0, 16.0 ], "autoUv": false, "windMode": [0,2,2,0] },
								"east": { "texture": "#leaves1", "uv": [ 0.0, 0.0, 0.3333, 16.0 ], "enabled": false },
								"south": { "texture": "#leaves1", "uv": [ 0.0, 0.0, 16.0, 16.0 ], "enabled": false },
								"west": { "texture": "#leaves1", "uv": [ 0.0, 0.0, 0.3333, 16.0 ], "enabled": false },
								"up": { "texture": "#leaves1", "uv": [ 0.0, 0.0, 16.0, 0.3333 ], "enabled": false },
								"down": { "texture": "#leaves1", "uv": [ 0.0, 0.0, 16.0, 0.3333 ], "enabled": false }
							}
						},
						{
							"name": "leaves3",
							"from": [ 0.0, 0.0, 8.0 ], 
							"to": [ 16.0, 16.0, 8.0 ], 
							"shade": false,
							"climateColorMap": "climatePlantTint",
							"seasonColorMap": "seasonalFoliage",
							"renderPass": 2,
							"rotationOrigin": [ 8.0, 0.0, 8.0 ],
							"rotationX": -45.0,
							"rotationY": -22.5,
							"rotationZ": -22.5,
							"faces": {
								"north": { "texture": "#leaves1", "uv": [ 0.0, 0.0, 16.0, 16.0 ], "autoUv": false, "windMode": [0,2,2,0] },
								"east": { "texture": "#leaves1", "uv": [ 0.0, 0.0, 0.3333, 16.0 ], "enabled": false },
								"south": { "texture": "#leaves1", "uv": [ 0.0, 0.0, 16.0, 16.0 ], "enabled": false },
								"west": { "texture": "#leaves1", "uv": [ 0.0, 0.0, 0.3333, 16.0 ], "enabled": false },
								"up": { "texture": "#leaves1", "uv": [ 0.0, 0.0, 16.0, 0.3333 ], "enabled": false },
								"down": { "texture": "#leaves1", "uv": [ 0.0, 0.0, 16.0, 0.3333 ], "enabled": false }
							}
						},
						{
							"name": "leaves4",
							"from": [ 0.0, 0.0, 8.0 ], 
							"to": [ 16.0, 16.0, 8.0 ], 
							"shade": false,
							"climateColorMap": "climatePlantTint",
							"seasonColorMap": "seasonalFoliage",
							"renderPass": 2,
							"rotationOrigin": [ 8.0, 0.0, 8.0 ],
							"rotationX": 45.0,
							"rotationY": -22.5,
							"rotationZ": 22.5,
							"faces": {
								"north": { "texture": "#leaves1", "uv": [ 0.0, 0.0, 16.0, 16.0 ], "autoUv": false, "windMode": [0,2,2,0] },
								"east": { "texture": "#leaves1", "uv": [ 0.0, 0.0, 0.3333, 16.0 ], "enabled": false },
								"south": { "texture": "#leaves1", "uv": [ 0.0, 0.0, 16.0, 16.0 ], "enabled": false },
								"west": { "texture": "#leaves1", "uv": [ 0.0, 0.0, 0.3333, 16.0 ], "enabled": false },
								"up": { "texture": "#leaves1", "uv": [ 0.0, 0.0, 16.0, 0.3333 ], "enabled": false },
								"down": { "texture": "#leaves1", "uv": [ 0.0, 0.0, 16.0, 0.3333 ], "enabled": false }
							}
						},
						{
							"name": "stem3",
							"from": [ 0.0, 0.0, 8.0 ], 
							"to": [ 16.0, 16.0, 8.0 ], 
							"shade": false,
							"climateColorMap": "climatePlantTint",
							"seasonColorMap": "seasonalFoliage",
							"renderPass": 2,
							"rotationOrigin": [ 8.0, 0.0, 8.0 ],
							"rotationY": -135.0,
							"faces": {
								"north": { "texture": "#flower3", "uv": [ 0.0, 0.0, 16.0, 16.0 ], "autoUv": false, "windMode": [0,2,2,0], "windData": [0,1,1,0] },
								"east": { "texture": "#flower1", "uv": [ 0.0, 0.0, 0.3333, 16.0 ], "enabled": false },
								"south": { "texture": "#flower1", "uv": [ 0.0, 0.0, 16.0, 16.0 ], "enabled": false },
								"west": { "texture": "#flower1", "uv": [ 0.0, 0.0, 0.3333, 16.0 ], "enabled": false },
								"up": { "texture": "#flower1", "uv": [ 0.0, 0.0, 16.0, 0.3333 ], "enabled": false },
								"down": { "texture": "#flower1", "uv": [ 0.0, 0.0, 16.0, 0.3333 ], "enabled": false }
							}
						},
						{
							"name": "flower1",
							"from": [ 0.0, 0.0, 8.0 ], 
							"to": [ 16.0, 16.0, 8.0 ], 
							"shade": false,
							"renderPass": 2,
							"rotationOrigin": [ 8.0, 0.0, 8.0 ],
							"rotationY": -75.0,
							"faces": {
								"north": { "texture": "#lilyofthevalley1", "uv": [ 0.0, 0.0, 16.0, 16.0 ], "windMode": [0,2,2,0], "windData": [0,1,1,0] },
								"east": { "texture": "#lilyofthevalley1", "uv": [ 0.0, 0.0, 0.5, 16.0 ], "enabled": false },
								"south": { "texture": "#lilyofthevalley1", "uv": [ 0.0, 0.0, 16.0, 16.0 ], "enabled": false },
								"west": { "texture": "#lilyofthevalley1", "uv": [ 0.0, 0.0, 0.5, 16.0 ], "enabled": false },
								"up": { "texture": "#lilyofthevalley1", "uv": [ 0.0, 0.0, 16.0, 0.5 ], "enabled": false },
								"down": { "texture": "#lilyofthevalley1", "uv": [ 0.0, 0.0, 16.0, 0.5 ], "enabled": false }
							}
						},
						{
							"name": "flower2",
							"from": [ 0.0, 0.0, 8.0 ], 
							"to": [ 16.0, 16.0, 8.0 ], 
							"shade": false,
							"renderPass": 2,
							"rotationOrigin": [ 8.0, 0.0, 8.0 ],
							"rotationY": -22.0,
							"faces": {
								"north": { "texture": "#lilyofthevalley2", "uv": [ 0.0, 0.0, 16.0, 16.0 ], "autoUv": false, "windMode": [0,2,2,0], "windData": [0,1,1,0] },
								"east": { "texture": "#lilyofthevalley2", "uv": [ 0.0, 0.0, 0.3333, 16.0 ], "enabled": false },
								"south": { "texture": "#lilyofthevalley2", "uv": [ 0.0, 0.0, 16.0, 16.0 ], "enabled": false },
								"west": { "texture": "#lilyofthevalley2", "uv": [ 0.0, 0.0, 0.3333, 16.0 ], "enabled": false },
								"up": { "texture": "#lilyofthevalley2", "uv": [ 0.0, 0.0, 16.0, 0.3333 ], "enabled": false },
								"down": { "texture": "#lilyofthevalley2", "uv": [ 0.0, 0.0, 16.0, 0.3333 ], "enabled": false }
							}
						},
						{
							"name": "flower3",
							"from": [ 0.0, 0.0, 8.0 ], 
							"to": [ 16.0, 16.0, 8.0 ], 
							"shade": false,
							"renderPass": 2,
							"rotationOrigin": [ 8.0, 0.0, 8.0 ],
							"rotationY": -135.0,
							"faces": {
								"north": { "texture": "#lilyofthevalley3", "uv": [ 0.0, 0.0, 16.0, 16.0 ], "autoUv": false, "windMode": [0,2,2,0], "windData": [0,1,1,0] },
								"east": { "texture": "#lilyofthevalley3", "uv": [ 0.0, 0.0, 0.3333, 16.0 ], "enabled": false },
								"south": { "texture": "#lilyofthevalley3", "uv": [ 0.0, 0.0, 16.0, 16.0 ], "enabled": false },
								"west": { "texture": "#lilyofthevalley3", "uv": [ 0.0, 0.0, 0.3333, 16.0 ], "enabled": false },
								"up": { "texture": "#lilyofthevalley3", "uv": [ 0.0, 0.0, 16.0, 0.3333 ], "enabled": false },
								"down": { "texture": "#lilyofthevalley3", "uv": [ 0.0, 0.0, 16.0, 0.3333 ], "enabled": false }
							}
						}
					]
				},
				{
					"name": "plant2",
					"from": [ -6.0, 0.0, -9.0 ], 
					"to": [ -6.0, 0.0, -9.0 ], 
					"climateColorMap": "climatePlantTint",
					"seasonColorMap": "seasonalFoliage",
					"renderPass": 2,
					"rotationOrigin": [ 2.0, 0.0, -1.0 ],
					"rotationY": -67.5,
					"faces": {
						"north": { "texture": "#allium2", "uv": [ 0.0, 0.0, 0.5, 0.5 ], "enabled": false },
						"east": { "texture": "#allium2", "uv": [ 0.0, 0.0, 0.5, 0.5 ], "enabled": false },
						"south": { "texture": "#allium2", "uv": [ 4.5, 6.0, 5.0, 6.5 ], "enabled": false },
						"west": { "texture": "#allium2", "uv": [ 0.0, 0.0, 0.5, 0.5 ], "enabled": false },
						"up": { "texture": "#allium2", "uv": [ 0.0, 0.0, 0.5, 0.5 ], "enabled": false },
						"down": { "texture": "#allium2", "uv": [ 0.0, 0.0, 0.5, 0.5 ], "enabled": false }
					},
					"children": [
						{
							"name": "stem13",
							"from": [ 0.0, 0.0, 8.0 ], 
							"to": [ 16.0, 16.0, 8.0 ], 
							"shade": false,
							"climateColorMap": "climatePlantTint",
							"seasonColorMap": "seasonalFoliage",
							"renderPass": 2,
							"rotationOrigin": [ 8.0, 0.0, 8.0 ],
							"rotationY": -75.0,
							"faces": {
								"north": { "texture": "#flower1", "uv": [ 0.0, 0.0, 16.0, 16.0 ], "windMode": [0,2,2,0], "windData": [0,1,1,0] },
								"east": { "texture": "#thick-fern12", "uv": [ 0.0, 0.0, 0.5, 16.0 ], "enabled": false },
								"south": { "texture": "#thick-fern12", "uv": [ 0.0, 0.0, 16.0, 16.0 ], "enabled": false },
								"west": { "texture": "#thick-fern12", "uv": [ 0.0, 0.0, 0.5, 16.0 ], "enabled": false },
								"up": { "texture": "#thick-fern12", "uv": [ 0.0, 0.0, 16.0, 0.5 ], "enabled": false },
								"down": { "texture": "#thick-fern12", "uv": [ 0.0, 0.0, 16.0, 0.5 ], "enabled": false }
							}
						},
						{
							"name": "stem14",
							"from": [ 0.0, 0.0, 8.0 ], 
							"to": [ 16.0, 16.0, 8.0 ], 
							"shade": false,
							"climateColorMap": "climatePlantTint",
							"seasonColorMap": "seasonalFoliage",
							"renderPass": 2,
							"rotationOrigin": [ 8.0, 0.0, 8.0 ],
							"rotationY": -22.0,
							"faces": {
								"north": { "texture": "#flower2", "uv": [ 0.0, 0.0, 16.0, 16.0 ], "autoUv": false, "windMode": [0,2,2,0], "windData": [0,1,1,0] },
								"east": { "texture": "#flower1", "uv": [ 0.0, 0.0, 0.3333, 16.0 ], "enabled": false },
								"south": { "texture": "#flower1", "uv": [ 0.0, 0.0, 16.0, 16.0 ], "enabled": false },
								"west": { "texture": "#flower1", "uv": [ 0.0, 0.0, 0.3333, 16.0 ], "enabled": false },
								"up": { "texture": "#flower1", "uv": [ 0.0, 0.0, 16.0, 0.3333 ], "enabled": false },
								"down": { "texture": "#flower1", "uv": [ 0.0, 0.0, 16.0, 0.3333 ], "enabled": false }
							}
						},
						{
							"name": "leaves15",
							"from": [ 0.0, 0.0, 8.0 ], 
							"to": [ 16.0, 16.0, 8.0 ], 
							"shade": false,
							"climateColorMap": "climatePlantTint",
							"seasonColorMap": "seasonalFoliage",
							"renderPass": 2,
							"rotationOrigin": [ 8.0, 0.0, 8.0 ],
							"rotationX": -67.5,
							"rotationY": -135.0,
							"rotationZ": -45.0,
							"faces": {
								"north": { "texture": "#leaves1", "uv": [ 0.0, 0.0, 16.0, 16.0 ], "autoUv": false, "windMode": [0,2,2,0] },
								"east": { "texture": "#leaves1", "uv": [ 0.0, 0.0, 0.3333, 16.0 ], "enabled": false },
								"south": { "texture": "#leaves1", "uv": [ 0.0, 0.0, 16.0, 16.0 ], "enabled": false },
								"west": { "texture": "#leaves1", "uv": [ 0.0, 0.0, 0.3333, 16.0 ], "enabled": false },
								"up": { "texture": "#leaves1", "uv": [ 0.0, 0.0, 16.0, 0.3333 ], "enabled": false },
								"down": { "texture": "#leaves1", "uv": [ 0.0, 0.0, 16.0, 0.3333 ], "enabled": false }
							}
						},
						{
							"name": "leaves16",
							"from": [ 0.0, 0.0, 8.0 ], 
							"to": [ 16.0, 16.0, 8.0 ], 
							"shade": false,
							"climateColorMap": "climatePlantTint",
							"seasonColorMap": "seasonalFoliage",
							"renderPass": 2,
							"rotationOrigin": [ 8.0, 0.0, 8.0 ],
							"rotationX": -135.0,
							"rotationY": -22.5,
							"rotationZ": -157.5,
							"faces": {
								"north": { "texture": "#leaves1", "uv": [ 0.0, 0.0, 16.0, 16.0 ], "autoUv": false, "windMode": [0,2,2,0] },
								"east": { "texture": "#leaves1", "uv": [ 0.0, 0.0, 0.3333, 16.0 ], "enabled": false },
								"south": { "texture": "#leaves1", "uv": [ 0.0, 0.0, 16.0, 16.0 ], "enabled": false },
								"west": { "texture": "#leaves1", "uv": [ 0.0, 0.0, 0.3333, 16.0 ], "enabled": false },
								"up": { "texture": "#leaves1", "uv": [ 0.0, 0.0, 16.0, 0.3333 ], "enabled": false },
								"down": { "texture": "#leaves1", "uv": [ 0.0, 0.0, 16.0, 0.3333 ], "enabled": false }
							}
						},
						{
							"name": "leaves17",
							"from": [ 0.0, 0.0, 8.0 ], 
							"to": [ 16.0, 16.0, 8.0 ], 
							"shade": false,
							"climateColorMap": "climatePlantTint",
							"seasonColorMap": "seasonalFoliage",
							"renderPass": 2,
							"rotationOrigin": [ 8.0, 0.0, 8.0 ],
							"rotationX": -45.0,
							"rotationY": -22.5,
							"rotationZ": -22.5,
							"faces": {
								"north": { "texture": "#leaves1", "uv": [ 0.0, 0.0, 16.0, 16.0 ], "autoUv": false, "windMode": [0,2,2,0] },
								"east": { "texture": "#leaves1", "uv": [ 0.0, 0.0, 0.3333, 16.0 ], "enabled": false },
								"south": { "texture": "#leaves1", "uv": [ 0.0, 0.0, 16.0, 16.0 ], "enabled": false },
								"west": { "texture": "#leaves1", "uv": [ 0.0, 0.0, 0.3333, 16.0 ], "enabled": false },
								"up": { "texture": "#leaves1", "uv": [ 0.0, 0.0, 16.0, 0.3333 ], "enabled": false },
								"down": { "texture": "#leaves1", "uv": [ 0.0, 0.0, 16.0, 0.3333 ], "enabled": false }
							}
						},
						{
							"name": "leaves18",
							"from": [ 0.0, 0.0, 8.0 ], 
							"to": [ 16.0, 16.0, 8.0 ], 
							"shade": false,
							"climateColorMap": "climatePlantTint",
							"seasonColorMap": "seasonalFoliage",
							"renderPass": 2,
							"rotationOrigin": [ 8.0, 0.0, 8.0 ],
							"rotationX": 45.0,
							"rotationY": -22.5,
							"rotationZ": 22.5,
							"faces": {
								"north": { "texture": "#leaves1", "uv": [ 0.0, 0.0, 16.0, 16.0 ], "autoUv": false, "windMode": [0,2,2,0] },
								"east": { "texture": "#leaves1", "uv": [ 0.0, 0.0, 0.3333, 16.0 ], "enabled": false },
								"south": { "texture": "#leaves1", "uv": [ 0.0, 0.0, 16.0, 16.0 ], "enabled": false },
								"west": { "texture": "#leaves1", "uv": [ 0.0, 0.0, 0.3333, 16.0 ], "enabled": false },
								"up": { "texture": "#leaves1", "uv": [ 0.0, 0.0, 16.0, 0.3333 ], "enabled": false },
								"down": { "texture": "#leaves1", "uv": [ 0.0, 0.0, 16.0, 0.3333 ], "enabled": false }
							}
						},
						{
							"name": "stem19",
							"from": [ 0.0, 0.0, 8.0 ], 
							"to": [ 16.0, 16.0, 8.0 ], 
							"shade": false,
							"climateColorMap": "climatePlantTint",
							"seasonColorMap": "seasonalFoliage",
							"renderPass": 2,
							"rotationOrigin": [ 8.0, 0.0, 8.0 ],
							"rotationY": -135.0,
							"faces": {
								"north": { "texture": "#flower3", "uv": [ 0.0, 0.0, 16.0, 16.0 ], "autoUv": false, "windMode": [0,2,2,0], "windData": [0,1,1,0] },
								"east": { "texture": "#flower1", "uv": [ 0.0, 0.0, 0.3333, 16.0 ], "enabled": false },
								"south": { "texture": "#flower1", "uv": [ 0.0, 0.0, 16.0, 16.0 ], "enabled": false },
								"west": { "texture": "#flower1", "uv": [ 0.0, 0.0, 0.3333, 16.0 ], "enabled": false },
								"up": { "texture": "#flower1", "uv": [ 0.0, 0.0, 16.0, 0.3333 ], "enabled": false },
								"down": { "texture": "#flower1", "uv": [ 0.0, 0.0, 16.0, 0.3333 ], "enabled": false }
							}
						},
						{
							"name": "flower20",
							"from": [ 0.0, 0.0, 8.0 ], 
							"to": [ 16.0, 16.0, 8.0 ], 
							"shade": false,
							"renderPass": 2,
							"rotationOrigin": [ 8.0, 0.0, 8.0 ],
							"rotationY": -75.0,
							"faces": {
								"north": { "texture": "#lilyofthevalley1", "uv": [ 0.0, 0.0, 16.0, 16.0 ], "windMode": [0,2,2,0], "windData": [0,1,1,0] },
								"east": { "texture": "#lilyofthevalley1", "uv": [ 0.0, 0.0, 0.3333, 16.0 ], "enabled": false },
								"south": { "texture": "#lilyofthevalley1", "uv": [ 0.0, 0.0, 16.0, 16.0 ], "enabled": false },
								"west": { "texture": "#lilyofthevalley1", "uv": [ 0.0, 0.0, 0.3333, 16.0 ], "enabled": false },
								"up": { "texture": "#lilyofthevalley1", "uv": [ 0.0, 0.0, 16.0, 0.3333 ], "enabled": false },
								"down": { "texture": "#lilyofthevalley1", "uv": [ 0.0, 0.0, 16.0, 0.3333 ], "enabled": false }
							}
						},
						{
							"name": "flower21",
							"from": [ 0.0, 0.0, 8.0 ], 
							"to": [ 16.0, 16.0, 8.0 ], 
							"shade": false,
							"renderPass": 2,
							"rotationOrigin": [ 8.0, 0.0, 8.0 ],
							"rotationY": -22.0,
							"faces": {
								"north": { "texture": "#lilyofthevalley2", "uv": [ 0.0, 0.0, 16.0, 16.0 ], "autoUv": false, "windMode": [0,2,2,0], "windData": [0,1,1,0] },
								"east": { "texture": "#lilyofthevalley2", "uv": [ 0.0, 0.0, 0.3333, 16.0 ], "enabled": false },
								"south": { "texture": "#lilyofthevalley2", "uv": [ 0.0, 0.0, 16.0, 16.0 ], "enabled": false },
								"west": { "texture": "#lilyofthevalley2", "uv": [ 0.0, 0.0, 0.3333, 16.0 ], "enabled": false },
								"up": { "texture": "#lilyofthevalley2", "uv": [ 0.0, 0.0, 16.0, 0.3333 ], "enabled": false },
								"down": { "texture": "#lilyofthevalley2", "uv": [ 0.0, 0.0, 16.0, 0.3333 ], "enabled": false }
							}
						},
						{
							"name": "flower22",
							"from": [ 0.0, 0.0, 8.0 ], 
							"to": [ 16.0, 16.0, 8.0 ], 
							"shade": false,
							"renderPass": 2,
							"rotationOrigin": [ 8.0, 0.0, 8.0 ],
							"rotationY": -135.0,
							"faces": {
								"north": { "texture": "#lilyofthevalley3", "uv": [ 0.0, 0.0, 16.0, 16.0 ], "autoUv": false, "windMode": [0,2,2,0], "windData": [0,1,1,0] },
								"east": { "texture": "#lilyofthevalley3", "uv": [ 0.0, 0.0, 0.3333, 16.0 ], "enabled": false },
								"south": { "texture": "#lilyofthevalley3", "uv": [ 0.0, 0.0, 16.0, 16.0 ], "enabled": false },
								"west": { "texture": "#lilyofthevalley3", "uv": [ 0.0, 0.0, 0.3333, 16.0 ], "enabled": false },
								"up": { "texture": "#lilyofthevalley3", "uv": [ 0.0, 0.0, 16.0, 0.3333 ], "enabled": false },
								"down": { "texture": "#lilyofthevalley3", "uv": [ 0.0, 0.0, 16.0, 0.3333 ], "enabled": false }
							}
						}
					]
				},
				{
					"name": "plant3",
					"from": [ -10.4, 0.0, -9.6 ], 
					"to": [ -10.4, 0.0, -9.6 ], 
					"climateColorMap": "climatePlantTint",
					"seasonColorMap": "seasonalFoliage",
					"renderPass": 2,
					"rotationOrigin": [ -2.4, 0.0, -1.6 ],
					"rotationY": -22.5,
					"faces": {
						"north": { "texture": "#allium2", "uv": [ 0.0, 0.0, 0.5, 0.5 ], "enabled": false },
						"east": { "texture": "#allium2", "uv": [ 0.0, 0.0, 0.5, 0.5 ], "enabled": false },
						"south": { "texture": "#allium2", "uv": [ 4.5, 6.0, 5.0, 6.5 ], "enabled": false },
						"west": { "texture": "#allium2", "uv": [ 0.0, 0.0, 0.5, 0.5 ], "enabled": false },
						"up": { "texture": "#allium2", "uv": [ 0.0, 0.0, 0.5, 0.5 ], "enabled": false },
						"down": { "texture": "#allium2", "uv": [ 0.0, 0.0, 0.5, 0.5 ], "enabled": false }
					},
					"children": [
						{
							"name": "stem24",
							"from": [ 0.0, 0.0, 8.0 ], 
							"to": [ 16.0, 16.0, 8.0 ], 
							"shade": false,
							"climateColorMap": "climatePlantTint",
							"seasonColorMap": "seasonalFoliage",
							"renderPass": 2,
							"rotationOrigin": [ 8.0, 0.0, 8.0 ],
							"rotationY": -75.0,
							"faces": {
								"north": { "texture": "#flower1", "uv": [ 0.0, 0.0, 16.0, 16.0 ], "windMode": [0,2,2,0], "windData": [0,1,1,0] },
								"east": { "texture": "#thick-fern12", "uv": [ 0.0, 0.0, 0.5, 16.0 ], "enabled": false },
								"south": { "texture": "#thick-fern12", "uv": [ 0.0, 0.0, 16.0, 16.0 ], "enabled": false },
								"west": { "texture": "#thick-fern12", "uv": [ 0.0, 0.0, 0.5, 16.0 ], "enabled": false },
								"up": { "texture": "#thick-fern12", "uv": [ 0.0, 0.0, 16.0, 0.5 ], "enabled": false },
								"down": { "texture": "#thick-fern12", "uv": [ 0.0, 0.0, 16.0, 0.5 ], "enabled": false }
							}
						},
						{
							"name": "stem25",
							"from": [ 0.0, 0.0, 8.0 ], 
							"to": [ 16.0, 16.0, 8.0 ], 
							"shade": false,
							"climateColorMap": "climatePlantTint",
							"seasonColorMap": "seasonalFoliage",
							"renderPass": 2,
							"rotationOrigin": [ 8.0, 0.0, 8.0 ],
							"rotationY": -22.0,
							"faces": {
								"north": { "texture": "#flower2", "uv": [ 0.0, 0.0, 16.0, 16.0 ], "autoUv": false, "windMode": [0,2,2,0], "windData": [0,1,1,0] },
								"east": { "texture": "#flower1", "uv": [ 0.0, 0.0, 0.3333, 16.0 ], "enabled": false },
								"south": { "texture": "#flower1", "uv": [ 0.0, 0.0, 16.0, 16.0 ], "enabled": false },
								"west": { "texture": "#flower1", "uv": [ 0.0, 0.0, 0.3333, 16.0 ], "enabled": false },
								"up": { "texture": "#flower1", "uv": [ 0.0, 0.0, 16.0, 0.3333 ], "enabled": false },
								"down": { "texture": "#flower1", "uv": [ 0.0, 0.0, 16.0, 0.3333 ], "enabled": false }
							}
						},
						{
							"name": "leaves26",
							"from": [ 0.0, 0.0, 8.0 ], 
							"to": [ 16.0, 16.0, 8.0 ], 
							"shade": false,
							"climateColorMap": "climatePlantTint",
							"seasonColorMap": "seasonalFoliage",
							"renderPass": 2,
							"rotationOrigin": [ 8.0, 0.0, 8.0 ],
							"rotationX": -67.5,
							"rotationY": -135.0,
							"rotationZ": -45.0,
							"faces": {
								"north": { "texture": "#leaves1", "uv": [ 0.0, 0.0, 16.0, 16.0 ], "autoUv": false, "windMode": [0,2,2,0] },
								"east": { "texture": "#leaves1", "uv": [ 0.0, 0.0, 0.3333, 16.0 ], "enabled": false },
								"south": { "texture": "#leaves1", "uv": [ 0.0, 0.0, 16.0, 16.0 ], "enabled": false },
								"west": { "texture": "#leaves1", "uv": [ 0.0, 0.0, 0.3333, 16.0 ], "enabled": false },
								"up": { "texture": "#leaves1", "uv": [ 0.0, 0.0, 16.0, 0.3333 ], "enabled": false },
								"down": { "texture": "#leaves1", "uv": [ 0.0, 0.0, 16.0, 0.3333 ], "enabled": false }
							}
						},
						{
							"name": "leaves27",
							"from": [ 0.0, 0.0, 8.0 ], 
							"to": [ 16.0, 16.0, 8.0 ], 
							"shade": false,
							"climateColorMap": "climatePlantTint",
							"seasonColorMap": "seasonalFoliage",
							"renderPass": 2,
							"rotationOrigin": [ 8.0, 0.0, 8.0 ],
							"rotationX": -135.0,
							"rotationY": -22.5,
							"rotationZ": -157.5,
							"faces": {
								"north": { "texture": "#leaves1", "uv": [ 0.0, 0.0, 16.0, 16.0 ], "autoUv": false, "windMode": [0,2,2,0] },
								"east": { "texture": "#leaves1", "uv": [ 0.0, 0.0, 0.3333, 16.0 ], "enabled": false },
								"south": { "texture": "#leaves1", "uv": [ 0.0, 0.0, 16.0, 16.0 ], "enabled": false },
								"west": { "texture": "#leaves1", "uv": [ 0.0, 0.0, 0.3333, 16.0 ], "enabled": false },
								"up": { "texture": "#leaves1", "uv": [ 0.0, 0.0, 16.0, 0.3333 ], "enabled": false },
								"down": { "texture": "#leaves1", "uv": [ 0.0, 0.0, 16.0, 0.3333 ], "enabled": false }
							}
						},
						{
							"name": "leaves28",
							"from": [ 0.0, 0.0, 8.0 ], 
							"to": [ 16.0, 16.0, 8.0 ], 
							"shade": false,
							"climateColorMap": "climatePlantTint",
							"seasonColorMap": "seasonalFoliage",
							"renderPass": 2,
							"rotationOrigin": [ 8.0, 0.0, 8.0 ],
							"rotationX": -45.0,
							"rotationY": -22.5,
							"rotationZ": -22.5,
							"faces": {
								"north": { "texture": "#leaves1", "uv": [ 0.0, 0.0, 16.0, 16.0 ], "autoUv": false, "windMode": [0,2,2,0] },
								"east": { "texture": "#leaves1", "uv": [ 0.0, 0.0, 0.3333, 16.0 ], "enabled": false },
								"south": { "texture": "#leaves1", "uv": [ 0.0, 0.0, 16.0, 16.0 ], "enabled": false },
								"west": { "texture": "#leaves1", "uv": [ 0.0, 0.0, 0.3333, 16.0 ], "enabled": false },
								"up": { "texture": "#leaves1", "uv": [ 0.0, 0.0, 16.0, 0.3333 ], "enabled": false },
								"down": { "texture": "#leaves1", "uv": [ 0.0, 0.0, 16.0, 0.3333 ], "enabled": false }
							}
						},
						{
							"name": "leaves29",
							"from": [ 0.0, 0.0, 8.0 ], 
							"to": [ 16.0, 16.0, 8.0 ], 
							"shade": false,
							"climateColorMap": "climatePlantTint",
							"seasonColorMap": "seasonalFoliage",
							"renderPass": 2,
							"rotationOrigin": [ 8.0, 0.0, 8.0 ],
							"rotationX": 45.0,
							"rotationY": -22.5,
							"rotationZ": 22.5,
							"faces": {
								"north": { "texture": "#leaves1", "uv": [ 0.0, 0.0, 16.0, 16.0 ], "autoUv": false, "windMode": [0,2,2,0] },
								"east": { "texture": "#leaves1", "uv": [ 0.0, 0.0, 0.3333, 16.0 ], "enabled": false },
								"south": { "texture": "#leaves1", "uv": [ 0.0, 0.0, 16.0, 16.0 ], "enabled": false },
								"west": { "texture": "#leaves1", "uv": [ 0.0, 0.0, 0.3333, 16.0 ], "enabled": false },
								"up": { "texture": "#leaves1", "uv": [ 0.0, 0.0, 16.0, 0.3333 ], "enabled": false },
								"down": { "texture": "#leaves1", "uv": [ 0.0, 0.0, 16.0, 0.3333 ], "enabled": false }
							}
						},
						{
							"name": "stem30",
							"from": [ 0.0, 0.0, 8.0 ], 
							"to": [ 16.0, 16.0, 8.0 ], 
							"shade": false,
							"climateColorMap": "climatePlantTint",
							"seasonColorMap": "seasonalFoliage",
							"renderPass": 2,
							"rotationOrigin": [ 8.0, 0.0, 8.0 ],
							"rotationY": -135.0,
							"faces": {
								"north": { "texture": "#flower3", "uv": [ 0.0, 0.0, 16.0, 16.0 ], "autoUv": false, "windMode": [0,2,2,0], "windData": [0,1,1,0] },
								"east": { "texture": "#flower1", "uv": [ 0.0, 0.0, 0.3333, 16.0 ], "enabled": false },
								"south": { "texture": "#flower1", "uv": [ 0.0, 0.0, 16.0, 16.0 ], "enabled": false },
								"west": { "texture": "#flower1", "uv": [ 0.0, 0.0, 0.3333, 16.0 ], "enabled": false },
								"up": { "texture": "#flower1", "uv": [ 0.0, 0.0, 16.0, 0.3333 ], "enabled": false },
								"down": { "texture": "#flower1", "uv": [ 0.0, 0.0, 16.0, 0.3333 ], "enabled": false }
							}
						},
						{
							"name": "flower31",
							"from": [ 0.0, 0.0, 8.0 ], 
							"to": [ 16.0, 16.0, 8.0 ], 
							"shade": false,
							"renderPass": 2,
							"rotationOrigin": [ 8.0, 0.0, 8.0 ],
							"rotationY": -75.0,
							"faces": {
								"north": { "texture": "#lilyofthevalley1", "uv": [ 0.0, 0.0, 16.0, 16.0 ], "windMode": [0,2,2,0], "windData": [0,1,1,0] },
								"east": { "texture": "#lilyofthevalley1", "uv": [ 0.0, 0.0, 0.3333, 16.0 ], "enabled": false },
								"south": { "texture": "#lilyofthevalley1", "uv": [ 0.0, 0.0, 16.0, 16.0 ], "enabled": false },
								"west": { "texture": "#lilyofthevalley1", "uv": [ 0.0, 0.0, 0.3333, 16.0 ], "enabled": false },
								"up": { "texture": "#lilyofthevalley1", "uv": [ 0.0, 0.0, 16.0, 0.3333 ], "enabled": false },
								"down": { "texture": "#lilyofthevalley1", "uv": [ 0.0, 0.0, 16.0, 0.3333 ], "enabled": false }
							}
						},
						{
							"name": "flower32",
							"from": [ 0.0, 0.0, 8.0 ], 
							"to": [ 16.0, 16.0, 8.0 ], 
							"shade": false,
							"renderPass": 2,
							"rotationOrigin": [ 8.0, 0.0, 8.0 ],
							"rotationY": -22.0,
							"faces": {
								"north": { "texture": "#lilyofthevalley2", "uv": [ 0.0, 0.0, 16.0, 16.0 ], "autoUv": false, "windMode": [0,2,2,0], "windData": [0,1,1,0] },
								"east": { "texture": "#lilyofthevalley2", "uv": [ 0.0, 0.0, 0.3333, 16.0 ], "enabled": false },
								"south": { "texture": "#lilyofthevalley2", "uv": [ 0.0, 0.0, 16.0, 16.0 ], "enabled": false },
								"west": { "texture": "#lilyofthevalley2", "uv": [ 0.0, 0.0, 0.3333, 16.0 ], "enabled": false },
								"up": { "texture": "#lilyofthevalley2", "uv": [ 0.0, 0.0, 16.0, 0.3333 ], "enabled": false },
								"down": { "texture": "#lilyofthevalley2", "uv": [ 0.0, 0.0, 16.0, 0.3333 ], "enabled": false }
							}
						},
						{
							"name": "flower33",
							"from": [ 0.0, 0.0, 8.0 ], 
							"to": [ 16.0, 16.0, 8.0 ], 
							"shade": false,
							"renderPass": 2,
							"rotationOrigin": [ 8.0, 0.0, 8.0 ],
							"rotationY": -135.0,
							"faces": {
								"north": { "texture": "#lilyofthevalley3", "uv": [ 0.0, 0.0, 16.0, 16.0 ], "autoUv": false, "windMode": [0,2,2,0], "windData": [0,1,1,0] },
								"east": { "texture": "#lilyofthevalley3", "uv": [ 0.0, 0.0, 0.3333, 16.0 ], "enabled": false },
								"south": { "texture": "#lilyofthevalley3", "uv": [ 0.0, 0.0, 16.0, 16.0 ], "enabled": false },
								"west": { "texture": "#lilyofthevalley3", "uv": [ 0.0, 0.0, 0.3333, 16.0 ], "enabled": false },
								"up": { "texture": "#lilyofthevalley3", "uv": [ 0.0, 0.0, 16.0, 0.3333 ], "enabled": false },
								"down": { "texture": "#lilyofthevalley3", "uv": [ 0.0, 0.0, 16.0, 0.3333 ], "enabled": false }
							}
						}
					]
				}
			]
		},
		{
			"name": "origin",
			"from": [ 24.0, 0.0, 8.0 ], 
			"to": [ 24.0, 0.0, 8.0 ], 
			"renderPass": 2,
			"rotationOrigin": [ 24.0, 0.0, 8.0 ],
			"rotationY": -180.0,
			"faces": {
				"north": { "texture": "#null", "uv": [ 0.0, 0.0, 0.5, 0.5 ], "enabled": false },
				"east": { "texture": "#null", "uv": [ 0.0, 0.0, 0.5, 0.5 ], "windMode": [0,0,0,0] },
				"south": { "texture": "#null", "uv": [ 0.0, 0.0, 0.5, 0.5 ], "windMode": [0,0,0,0] },
				"west": { "texture": "#null", "uv": [ 0.0, 0.0, 0.5, 0.5 ], "windMode": [0,0,0,0] },
				"up": { "texture": "#null", "uv": [ 0.0, 0.0, 0.5, 0.5 ], "windMode": [0,0,0,0] },
				"down": { "texture": "#null", "uv": [ 0.0, 0.0, 0.5, 0.5 ], "windMode": [0,0,0,0] }
			},
			"children": [
				{
					"name": "plant1",
					"from": [ -8.0, 0.0, -5.0 ], 
					"to": [ -8.0, 0.0, -5.0 ], 
					"renderPass": 2,
					"rotationOrigin": [ 0.0, 0.0, 3.0 ],
					"faces": {
						"north": { "texture": "#allium2", "uv": [ 0.0, 0.0, 0.5, 0.5 ], "enabled": false },
						"east": { "texture": "#allium2", "uv": [ 0.0, 0.0, 0.5, 0.5 ], "enabled": false },
						"south": { "texture": "#allium2", "uv": [ 4.5, 6.0, 5.0, 6.5 ], "enabled": false },
						"west": { "texture": "#allium2", "uv": [ 0.0, 0.0, 0.5, 0.5 ], "enabled": false },
						"up": { "texture": "#allium2", "uv": [ 0.0, 0.0, 0.5, 0.5 ], "enabled": false },
						"down": { "texture": "#allium2", "uv": [ 0.0, 0.0, 0.5, 0.5 ], "enabled": false }
					},
					"children": [
						{
							"name": "stem1",
							"from": [ 0.0, 0.0, 8.0 ], 
							"to": [ 16.0, 16.0, 8.0 ], 
							"shade": false,
							"climateColorMap": "climatePlantTint",
							"seasonColorMap": "seasonalFoliage",
							"renderPass": 2,
							"rotationOrigin": [ 8.0, 0.0, 8.0 ],
							"rotationY": -75.0,
							"faces": {
								"north": { "texture": "#flower1", "uv": [ 0.0, 0.0, 16.0, 16.0 ], "windMode": [0,2,2,0], "windData": [0,1,1,0] },
								"east": { "texture": "#thick-fern12", "uv": [ 0.0, 0.0, 0.3333, 16.0 ], "enabled": false },
								"south": { "texture": "#thick-fern12", "uv": [ 0.0, 0.0, 16.0, 16.0 ], "enabled": false },
								"west": { "texture": "#thick-fern12", "uv": [ 0.0, 0.0, 0.3333, 16.0 ], "enabled": false },
								"up": { "texture": "#thick-fern12", "uv": [ 0.0, 0.0, 16.0, 0.3333 ], "enabled": false },
								"down": { "texture": "#thick-fern12", "uv": [ 0.0, 0.0, 16.0, 0.3333 ], "enabled": false }
							}
						},
						{
							"name": "stem2",
							"from": [ 0.0, 0.0, 8.0 ], 
							"to": [ 16.0, 16.0, 8.0 ], 
							"shade": false,
							"climateColorMap": "climatePlantTint",
							"seasonColorMap": "seasonalFoliage",
							"renderPass": 2,
							"rotationOrigin": [ 8.0, 0.0, 8.0 ],
							"rotationY": -22.0,
							"faces": {
								"north": { "texture": "#flower2", "uv": [ 0.0, 0.0, 16.0, 16.0 ], "autoUv": false, "windMode": [0,2,2,0], "windData": [0,1,1,0] },
								"east": { "texture": "#flower1", "uv": [ 0.0, 0.0, 0.3333, 16.0 ], "enabled": false },
								"south": { "texture": "#flower1", "uv": [ 0.0, 0.0, 16.0, 16.0 ], "enabled": false },
								"west": { "texture": "#flower1", "uv": [ 0.0, 0.0, 0.3333, 16.0 ], "enabled": false },
								"up": { "texture": "#flower1", "uv": [ 0.0, 0.0, 16.0, 0.3333 ], "enabled": false },
								"down": { "texture": "#flower1", "uv": [ 0.0, 0.0, 16.0, 0.3333 ], "enabled": false }
							}
						},
						{
							"name": "leaves1",
							"from": [ 0.0, 0.0, 8.0 ], 
							"to": [ 16.0, 16.0, 8.0 ], 
							"shade": false,
							"climateColorMap": "climatePlantTint",
							"seasonColorMap": "seasonalFoliage",
							"renderPass": 2,
							"rotationOrigin": [ 8.0, 0.0, 8.0 ],
							"rotationX": -67.5,
							"rotationY": -135.0,
							"rotationZ": -45.0,
							"faces": {
								"north": { "texture": "#leaves1", "uv": [ 0.0, 0.0, 16.0, 16.0 ], "autoUv": false, "windMode": [0,2,2,0] },
								"east": { "texture": "#leaves1", "uv": [ 0.0, 0.0, 0.3333, 16.0 ], "enabled": false },
								"south": { "texture": "#leaves1", "uv": [ 0.0, 0.0, 16.0, 16.0 ], "enabled": false },
								"west": { "texture": "#leaves1", "uv": [ 0.0, 0.0, 0.3333, 16.0 ], "enabled": false },
								"up": { "texture": "#leaves1", "uv": [ 0.0, 0.0, 16.0, 0.3333 ], "enabled": false },
								"down": { "texture": "#leaves1", "uv": [ 0.0, 0.0, 16.0, 0.3333 ], "enabled": false }
							}
						},
						{
							"name": "leaves2",
							"from": [ 0.0, 0.0, 8.0 ], 
							"to": [ 16.0, 16.0, 8.0 ], 
							"shade": false,
							"climateColorMap": "climatePlantTint",
							"seasonColorMap": "seasonalFoliage",
							"renderPass": 2,
							"rotationOrigin": [ 8.0, 0.0, 8.0 ],
							"rotationX": -135.0,
							"rotationY": -22.5,
							"rotationZ": -157.5,
							"faces": {
								"north": { "texture": "#leaves1", "uv": [ 0.0, 0.0, 16.0, 16.0 ], "autoUv": false, "windMode": [0,2,2,0] },
								"east": { "texture": "#leaves1", "uv": [ 0.0, 0.0, 0.3333, 16.0 ], "enabled": false },
								"south": { "texture": "#leaves1", "uv": [ 0.0, 0.0, 16.0, 16.0 ], "enabled": false },
								"west": { "texture": "#leaves1", "uv": [ 0.0, 0.0, 0.3333, 16.0 ], "enabled": false },
								"up": { "texture": "#leaves1", "uv": [ 0.0, 0.0, 16.0, 0.3333 ], "enabled": false },
								"down": { "texture": "#leaves1", "uv": [ 0.0, 0.0, 16.0, 0.3333 ], "enabled": false }
							}
						},
						{
							"name": "leaves3",
							"from": [ 0.0, 0.0, 8.0 ], 
							"to": [ 16.0, 16.0, 8.0 ], 
							"shade": false,
							"climateColorMap": "climatePlantTint",
							"seasonColorMap": "seasonalFoliage",
							"renderPass": 2,
							"rotationOrigin": [ 8.0, 0.0, 8.0 ],
							"rotationX": -45.0,
							"rotationY": -22.5,
							"rotationZ": -22.5,
							"faces": {
								"north": { "texture": "#leaves1", "uv": [ 0.0, 0.0, 16.0, 16.0 ], "autoUv": false, "windMode": [0,2,2,0] },
								"east": { "texture": "#leaves1", "uv": [ 0.0, 0.0, 0.3333, 16.0 ], "enabled": false },
								"south": { "texture": "#leaves1", "uv": [ 0.0, 0.0, 16.0, 16.0 ], "enabled": false },
								"west": { "texture": "#leaves1", "uv": [ 0.0, 0.0, 0.3333, 16.0 ], "enabled": false },
								"up": { "texture": "#leaves1", "uv": [ 0.0, 0.0, 16.0, 0.3333 ], "enabled": false },
								"down": { "texture": "#leaves1", "uv": [ 0.0, 0.0, 16.0, 0.3333 ], "enabled": false }
							}
						},
						{
							"name": "leaves4",
							"from": [ 0.0, 0.0, 8.0 ], 
							"to": [ 16.0, 16.0, 8.0 ], 
							"shade": false,
							"climateColorMap": "climatePlantTint",
							"seasonColorMap": "seasonalFoliage",
							"renderPass": 2,
							"rotationOrigin": [ 8.0, 0.0, 8.0 ],
							"rotationX": 45.0,
							"rotationY": -22.5,
							"rotationZ": 22.5,
							"faces": {
								"north": { "texture": "#leaves1", "uv": [ 0.0, 0.0, 16.0, 16.0 ], "autoUv": false, "windMode": [0,2,2,0] },
								"east": { "texture": "#leaves1", "uv": [ 0.0, 0.0, 0.3333, 16.0 ], "enabled": false },
								"south": { "texture": "#leaves1", "uv": [ 0.0, 0.0, 16.0, 16.0 ], "enabled": false },
								"west": { "texture": "#leaves1", "uv": [ 0.0, 0.0, 0.3333, 16.0 ], "enabled": false },
								"up": { "texture": "#leaves1", "uv": [ 0.0, 0.0, 16.0, 0.3333 ], "enabled": false },
								"down": { "texture": "#leaves1", "uv": [ 0.0, 0.0, 16.0, 0.3333 ], "enabled": false }
							}
						},
						{
							"name": "stem3",
							"from": [ 0.0, 0.0, 8.0 ], 
							"to": [ 16.0, 16.0, 8.0 ], 
							"shade": false,
							"climateColorMap": "climatePlantTint",
							"seasonColorMap": "seasonalFoliage",
							"renderPass": 2,
							"rotationOrigin": [ 8.0, 0.0, 8.0 ],
							"rotationY": -135.0,
							"faces": {
								"north": { "texture": "#flower3", "uv": [ 0.0, 0.0, 16.0, 16.0 ], "autoUv": false, "windMode": [0,2,2,0], "windData": [0,1,1,0] },
								"east": { "texture": "#flower1", "uv": [ 0.0, 0.0, 0.3333, 16.0 ], "enabled": false },
								"south": { "texture": "#flower1", "uv": [ 0.0, 0.0, 16.0, 16.0 ], "enabled": false },
								"west": { "texture": "#flower1", "uv": [ 0.0, 0.0, 0.3333, 16.0 ], "enabled": false },
								"up": { "texture": "#flower1", "uv": [ 0.0, 0.0, 16.0, 0.3333 ], "enabled": false },
								"down": { "texture": "#flower1", "uv": [ 0.0, 0.0, 16.0, 0.3333 ], "enabled": false }
							}
						},
						{
							"name": "flower1",
							"from": [ 0.0, 0.0, 8.0 ], 
							"to": [ 16.0, 16.0, 8.0 ], 
							"shade": false,
							"renderPass": 2,
							"rotationOrigin": [ 8.0, 0.0, 8.0 ],
							"rotationY": -75.0,
							"faces": {
								"north": { "texture": "#lilyofthevalley1", "uv": [ 0.0, 0.0, 16.0, 16.0 ], "windMode": [0,2,2,0], "windData": [0,1,1,0] },
								"east": { "texture": "#lilyofthevalley1", "uv": [ 0.0, 0.0, 0.5, 16.0 ], "enabled": false },
								"south": { "texture": "#lilyofthevalley1", "uv": [ 0.0, 0.0, 16.0, 16.0 ], "enabled": false },
								"west": { "texture": "#lilyofthevalley1", "uv": [ 0.0, 0.0, 0.5, 16.0 ], "enabled": false },
								"up": { "texture": "#lilyofthevalley1", "uv": [ 0.0, 0.0, 16.0, 0.5 ], "enabled": false },
								"down": { "texture": "#lilyofthevalley1", "uv": [ 0.0, 0.0, 16.0, 0.5 ], "enabled": false }
							}
						},
						{
							"name": "flower2",
							"from": [ 0.0, 0.0, 8.0 ], 
							"to": [ 16.0, 16.0, 8.0 ], 
							"shade": false,
							"renderPass": 2,
							"rotationOrigin": [ 8.0, 0.0, 8.0 ],
							"rotationY": -22.0,
							"faces": {
								"north": { "texture": "#lilyofthevalley2", "uv": [ 0.0, 0.0, 16.0, 16.0 ], "autoUv": false, "windMode": [0,2,2,0], "windData": [0,1,1,0] },
								"east": { "texture": "#lilyofthevalley2", "uv": [ 0.0, 0.0, 0.3333, 16.0 ], "enabled": false },
								"south": { "texture": "#lilyofthevalley2", "uv": [ 0.0, 0.0, 16.0, 16.0 ], "enabled": false },
								"west": { "texture": "#lilyofthevalley2", "uv": [ 0.0, 0.0, 0.3333, 16.0 ], "enabled": false },
								"up": { "texture": "#lilyofthevalley2", "uv": [ 0.0, 0.0, 16.0, 0.3333 ], "enabled": false },
								"down": { "texture": "#lilyofthevalley2", "uv": [ 0.0, 0.0, 16.0, 0.3333 ], "enabled": false }
							}
						},
						{
							"name": "flower3",
							"from": [ 0.0, 0.0, 8.0 ], 
							"to": [ 16.0, 16.0, 8.0 ], 
							"shade": false,
							"renderPass": 2,
							"rotationOrigin": [ 8.0, 0.0, 8.0 ],
							"rotationY": -135.0,
							"faces": {
								"north": { "texture": "#lilyofthevalley3", "uv": [ 0.0, 0.0, 16.0, 16.0 ], "autoUv": false, "windMode": [0,2,2,0], "windData": [0,1,1,0] },
								"east": { "texture": "#lilyofthevalley3", "uv": [ 0.0, 0.0, 0.3333, 16.0 ], "enabled": false },
								"south": { "texture": "#lilyofthevalley3", "uv": [ 0.0, 0.0, 16.0, 16.0 ], "enabled": false },
								"west": { "texture": "#lilyofthevalley3", "uv": [ 0.0, 0.0, 0.3333, 16.0 ], "enabled": false },
								"up": { "texture": "#lilyofthevalley3", "uv": [ 0.0, 0.0, 16.0, 0.3333 ], "enabled": false },
								"down": { "texture": "#lilyofthevalley3", "uv": [ 0.0, 0.0, 16.0, 0.3333 ], "enabled": false }
							}
						}
					]
				},
				{
					"name": "plant2",
					"from": [ -6.0, 0.0, -9.0 ], 
					"to": [ -6.0, 0.0, -9.0 ], 
					"climateColorMap": "climatePlantTint",
					"seasonColorMap": "seasonalFoliage",
					"renderPass": 2,
					"rotationOrigin": [ 2.0, 0.0, -1.0 ],
					"rotationY": -67.5,
					"faces": {
						"north": { "texture": "#allium2", "uv": [ 0.0, 0.0, 0.5, 0.5 ], "enabled": false },
						"east": { "texture": "#allium2", "uv": [ 0.0, 0.0, 0.5, 0.5 ], "enabled": false },
						"south": { "texture": "#allium2", "uv": [ 4.5, 6.0, 5.0, 6.5 ], "enabled": false },
						"west": { "texture": "#allium2", "uv": [ 0.0, 0.0, 0.5, 0.5 ], "enabled": false },
						"up": { "texture": "#allium2", "uv": [ 0.0, 0.0, 0.5, 0.5 ], "enabled": false },
						"down": { "texture": "#allium2", "uv": [ 0.0, 0.0, 0.5, 0.5 ], "enabled": false }
					},
					"children": [
						{
							"name": "stem13",
							"from": [ 0.0, 0.0, 8.0 ], 
							"to": [ 16.0, 16.0, 8.0 ], 
							"shade": false,
							"climateColorMap": "climatePlantTint",
							"seasonColorMap": "seasonalFoliage",
							"renderPass": 2,
							"rotationOrigin": [ 8.0, 0.0, 8.0 ],
							"rotationY": -75.0,
							"faces": {
								"north": { "texture": "#flower1", "uv": [ 0.0, 0.0, 16.0, 16.0 ], "windMode": [0,2,2,0], "windData": [0,1,1,0] },
								"east": { "texture": "#thick-fern12", "uv": [ 0.0, 0.0, 0.5, 16.0 ], "enabled": false },
								"south": { "texture": "#thick-fern12", "uv": [ 0.0, 0.0, 16.0, 16.0 ], "enabled": false },
								"west": { "texture": "#thick-fern12", "uv": [ 0.0, 0.0, 0.5, 16.0 ], "enabled": false },
								"up": { "texture": "#thick-fern12", "uv": [ 0.0, 0.0, 16.0, 0.5 ], "enabled": false },
								"down": { "texture": "#thick-fern12", "uv": [ 0.0, 0.0, 16.0, 0.5 ], "enabled": false }
							}
						},
						{
							"name": "stem14",
							"from": [ 0.0, 0.0, 8.0 ], 
							"to": [ 16.0, 16.0, 8.0 ], 
							"shade": false,
							"climateColorMap": "climatePlantTint",
							"seasonColorMap": "seasonalFoliage",
							"renderPass": 2,
							"rotationOrigin": [ 8.0, 0.0, 8.0 ],
							"rotationY": -22.0,
							"faces": {
								"north": { "texture": "#flower2", "uv": [ 0.0, 0.0, 16.0, 16.0 ], "autoUv": false, "windMode": [0,2,2,0], "windData": [0,1,1,0] },
								"east": { "texture": "#flower1", "uv": [ 0.0, 0.0, 0.3333, 16.0 ], "enabled": false },
								"south": { "texture": "#flower1", "uv": [ 0.0, 0.0, 16.0, 16.0 ], "enabled": false },
								"west": { "texture": "#flower1", "uv": [ 0.0, 0.0, 0.3333, 16.0 ], "enabled": false },
								"up": { "texture": "#flower1", "uv": [ 0.0, 0.0, 16.0, 0.3333 ], "enabled": false },
								"down": { "texture": "#flower1", "uv": [ 0.0, 0.0, 16.0, 0.3333 ], "enabled": false }
							}
						},
						{
							"name": "leaves15",
							"from": [ 0.0, 0.0, 8.0 ], 
							"to": [ 16.0, 16.0, 8.0 ], 
							"shade": false,
							"climateColorMap": "climatePlantTint",
							"seasonColorMap": "seasonalFoliage",
							"renderPass": 2,
							"rotationOrigin": [ 8.0, 0.0, 8.0 ],
							"rotationX": -67.5,
							"rotationY": -135.0,
							"rotationZ": -45.0,
							"faces": {
								"north": { "texture": "#leaves1", "uv": [ 0.0, 0.0, 16.0, 16.0 ], "autoUv": false, "windMode": [0,2,2,0] },
								"east": { "texture": "#leaves1", "uv": [ 0.0, 0.0, 0.3333, 16.0 ], "enabled": false },
								"south": { "texture": "#leaves1", "uv": [ 0.0, 0.0, 16.0, 16.0 ], "enabled": false },
								"west": { "texture": "#leaves1", "uv": [ 0.0, 0.0, 0.3333, 16.0 ], "enabled": false },
								"up": { "texture": "#leaves1", "uv": [ 0.0, 0.0, 16.0, 0.3333 ], "enabled": false },
								"down": { "texture": "#leaves1", "uv": [ 0.0, 0.0, 16.0, 0.3333 ], "enabled": false }
							}
						},
						{
							"name": "leaves16",
							"from": [ 0.0, 0.0, 8.0 ], 
							"to": [ 16.0, 16.0, 8.0 ], 
							"shade": false,
							"climateColorMap": "climatePlantTint",
							"seasonColorMap": "seasonalFoliage",
							"renderPass": 2,
							"rotationOrigin": [ 8.0, 0.0, 8.0 ],
							"rotationX": -135.0,
							"rotationY": -22.5,
							"rotationZ": -157.5,
							"faces": {
								"north": { "texture": "#leaves1", "uv": [ 0.0, 0.0, 16.0, 16.0 ], "autoUv": false, "windMode": [0,2,2,0] },
								"east": { "texture": "#leaves1", "uv": [ 0.0, 0.0, 0.3333, 16.0 ], "enabled": false },
								"south": { "texture": "#leaves1", "uv": [ 0.0, 0.0, 16.0, 16.0 ], "enabled": false },
								"west": { "texture": "#leaves1", "uv": [ 0.0, 0.0, 0.3333, 16.0 ], "enabled": false },
								"up": { "texture": "#leaves1", "uv": [ 0.0, 0.0, 16.0, 0.3333 ], "enabled": false },
								"down": { "texture": "#leaves1", "uv": [ 0.0, 0.0, 16.0, 0.3333 ], "enabled": false }
							}
						},
						{
							"name": "leaves17",
							"from": [ 0.0, 0.0, 8.0 ], 
							"to": [ 16.0, 16.0, 8.0 ], 
							"shade": false,
							"climateColorMap": "climatePlantTint",
							"seasonColorMap": "seasonalFoliage",
							"renderPass": 2,
							"rotationOrigin": [ 8.0, 0.0, 8.0 ],
							"rotationX": -45.0,
							"rotationY": -22.5,
							"rotationZ": -22.5,
							"faces": {
								"north": { "texture": "#leaves1", "uv": [ 0.0, 0.0, 16.0, 16.0 ], "autoUv": false, "windMode": [0,2,2,0] },
								"east": { "texture": "#leaves1", "uv": [ 0.0, 0.0, 0.3333, 16.0 ], "enabled": false },
								"south": { "texture": "#leaves1", "uv": [ 0.0, 0.0, 16.0, 16.0 ], "enabled": false },
								"west": { "texture": "#leaves1", "uv": [ 0.0, 0.0, 0.3333, 16.0 ], "enabled": false },
								"up": { "texture": "#leaves1", "uv": [ 0.0, 0.0, 16.0, 0.3333 ], "enabled": false },
								"down": { "texture": "#leaves1", "uv": [ 0.0, 0.0, 16.0, 0.3333 ], "enabled": false }
							}
						},
						{
							"name": "leaves18",
							"from": [ 0.0, 0.0, 8.0 ], 
							"to": [ 16.0, 16.0, 8.0 ], 
							"shade": false,
							"climateColorMap": "climatePlantTint",
							"seasonColorMap": "seasonalFoliage",
							"renderPass": 2,
							"rotationOrigin": [ 8.0, 0.0, 8.0 ],
							"rotationX": 45.0,
							"rotationY": -22.5,
							"rotationZ": 22.5,
							"faces": {
								"north": { "texture": "#leaves1", "uv": [ 0.0, 0.0, 16.0, 16.0 ], "autoUv": false, "windMode": [0,2,2,0] },
								"east": { "texture": "#leaves1", "uv": [ 0.0, 0.0, 0.3333, 16.0 ], "enabled": false },
								"south": { "texture": "#leaves1", "uv": [ 0.0, 0.0, 16.0, 16.0 ], "enabled": false },
								"west": { "texture": "#leaves1", "uv": [ 0.0, 0.0, 0.3333, 16.0 ], "enabled": false },
								"up": { "texture": "#leaves1", "uv": [ 0.0, 0.0, 16.0, 0.3333 ], "enabled": false },
								"down": { "texture": "#leaves1", "uv": [ 0.0, 0.0, 16.0, 0.3333 ], "enabled": false }
							}
						},
						{
							"name": "stem19",
							"from": [ 0.0, 0.0, 8.0 ], 
							"to": [ 16.0, 16.0, 8.0 ], 
							"shade": false,
							"climateColorMap": "climatePlantTint",
							"seasonColorMap": "seasonalFoliage",
							"renderPass": 2,
							"rotationOrigin": [ 8.0, 0.0, 8.0 ],
							"rotationY": -135.0,
							"faces": {
								"north": { "texture": "#flower3", "uv": [ 0.0, 0.0, 16.0, 16.0 ], "autoUv": false, "windMode": [0,2,2,0], "windData": [0,1,1,0] },
								"east": { "texture": "#flower1", "uv": [ 0.0, 0.0, 0.3333, 16.0 ], "enabled": false },
								"south": { "texture": "#flower1", "uv": [ 0.0, 0.0, 16.0, 16.0 ], "enabled": false },
								"west": { "texture": "#flower1", "uv": [ 0.0, 0.0, 0.3333, 16.0 ], "enabled": false },
								"up": { "texture": "#flower1", "uv": [ 0.0, 0.0, 16.0, 0.3333 ], "enabled": false },
								"down": { "texture": "#flower1", "uv": [ 0.0, 0.0, 16.0, 0.3333 ], "enabled": false }
							}
						},
						{
							"name": "flower20",
							"from": [ 0.0, 0.0, 8.0 ], 
							"to": [ 16.0, 16.0, 8.0 ], 
							"shade": false,
							"renderPass": 2,
							"rotationOrigin": [ 8.0, 0.0, 8.0 ],
							"rotationY": -75.0,
							"faces": {
								"north": { "texture": "#lilyofthevalley1", "uv": [ 0.0, 0.0, 16.0, 16.0 ], "windMode": [0,2,2,0], "windData": [0,1,1,0] },
								"east": { "texture": "#lilyofthevalley1", "uv": [ 0.0, 0.0, 0.3333, 16.0 ], "enabled": false },
								"south": { "texture": "#lilyofthevalley1", "uv": [ 0.0, 0.0, 16.0, 16.0 ], "enabled": false },
								"west": { "texture": "#lilyofthevalley1", "uv": [ 0.0, 0.0, 0.3333, 16.0 ], "enabled": false },
								"up": { "texture": "#lilyofthevalley1", "uv": [ 0.0, 0.0, 16.0, 0.3333 ], "enabled": false },
								"down": { "texture": "#lilyofthevalley1", "uv": [ 0.0, 0.0, 16.0, 0.3333 ], "enabled": false }
							}
						},
						{
							"name": "flower21",
							"from": [ 0.0, 0.0, 8.0 ], 
							"to": [ 16.0, 16.0, 8.0 ], 
							"shade": false,
							"renderPass": 2,
							"rotationOrigin": [ 8.0, 0.0, 8.0 ],
							"rotationY": -22.0,
							"faces": {
								"north": { "texture": "#lilyofthevalley2", "uv": [ 0.0, 0.0, 16.0, 16.0 ], "autoUv": false, "windMode": [0,2,2,0], "windData": [0,1,1,0] },
								"east": { "texture": "#lilyofthevalley2", "uv": [ 0.0, 0.0, 0.3333, 16.0 ], "enabled": false },
								"south": { "texture": "#lilyofthevalley2", "uv": [ 0.0, 0.0, 16.0, 16.0 ], "enabled": false },
								"west": { "texture": "#lilyofthevalley2", "uv": [ 0.0, 0.0, 0.3333, 16.0 ], "enabled": false },
								"up": { "texture": "#lilyofthevalley2", "uv": [ 0.0, 0.0, 16.0, 0.3333 ], "enabled": false },
								"down": { "texture": "#lilyofthevalley2", "uv": [ 0.0, 0.0, 16.0, 0.3333 ], "enabled": false }
							}
						},
						{
							"name": "flower22",
							"from": [ 0.0, 0.0, 8.0 ], 
							"to": [ 16.0, 16.0, 8.0 ], 
							"shade": false,
							"renderPass": 2,
							"rotationOrigin": [ 8.0, 0.0, 8.0 ],
							"rotationY": -135.0,
							"faces": {
								"north": { "texture": "#lilyofthevalley3", "uv": [ 0.0, 0.0, 16.0, 16.0 ], "autoUv": false, "windMode": [0,2,2,0], "windData": [0,1,1,0] },
								"east": { "texture": "#lilyofthevalley3", "uv": [ 0.0, 0.0, 0.3333, 16.0 ], "enabled": false },
								"south": { "texture": "#lilyofthevalley3", "uv": [ 0.0, 0.0, 16.0, 16.0 ], "enabled": false },
								"west": { "texture": "#lilyofthevalley3", "uv": [ 0.0, 0.0, 0.3333, 16.0 ], "enabled": false },
								"up": { "texture": "#lilyofthevalley3", "uv": [ 0.0, 0.0, 16.0, 0.3333 ], "enabled": false },
								"down": { "texture": "#lilyofthevalley3", "uv": [ 0.0, 0.0, 16.0, 0.3333 ], "enabled": false }
							}
						}
					]
				},
				{
					"name": "plant3",
					"from": [ -10.4, 0.0, -9.6 ], 
					"to": [ -10.4, 0.0, -9.6 ], 
					"climateColorMap": "climatePlantTint",
					"seasonColorMap": "seasonalFoliage",
					"renderPass": 2,
					"rotationOrigin": [ -2.4, 0.0, -1.6 ],
					"rotationY": -22.5,
					"faces": {
						"north": { "texture": "#allium2", "uv": [ 0.0, 0.0, 0.5, 0.5 ], "enabled": false },
						"east": { "texture": "#allium2", "uv": [ 0.0, 0.0, 0.5, 0.5 ], "enabled": false },
						"south": { "texture": "#allium2", "uv": [ 4.5, 6.0, 5.0, 6.5 ], "enabled": false },
						"west": { "texture": "#allium2", "uv": [ 0.0, 0.0, 0.5, 0.5 ], "enabled": false },
						"up": { "texture": "#allium2", "uv": [ 0.0, 0.0, 0.5, 0.5 ], "enabled": false },
						"down": { "texture": "#allium2", "uv": [ 0.0, 0.0, 0.5, 0.5 ], "enabled": false }
					},
					"children": [
						{
							"name": "stem24",
							"from": [ 0.0, 0.0, 8.0 ], 
							"to": [ 16.0, 16.0, 8.0 ], 
							"shade": false,
							"climateColorMap": "climatePlantTint",
							"seasonColorMap": "seasonalFoliage",
							"renderPass": 2,
							"rotationOrigin": [ 8.0, 0.0, 8.0 ],
							"rotationY": -75.0,
							"faces": {
								"north": { "texture": "#flower1", "uv": [ 0.0, 0.0, 16.0, 16.0 ], "windMode": [0,2,2,0], "windData": [0,1,1,0] },
								"east": { "texture": "#thick-fern12", "uv": [ 0.0, 0.0, 0.5, 16.0 ], "enabled": false },
								"south": { "texture": "#thick-fern12", "uv": [ 0.0, 0.0, 16.0, 16.0 ], "enabled": false },
								"west": { "texture": "#thick-fern12", "uv": [ 0.0, 0.0, 0.5, 16.0 ], "enabled": false },
								"up": { "texture": "#thick-fern12", "uv": [ 0.0, 0.0, 16.0, 0.5 ], "enabled": false },
								"down": { "texture": "#thick-fern12", "uv": [ 0.0, 0.0, 16.0, 0.5 ], "enabled": false }
							}
						},
						{
							"name": "stem25",
							"from": [ 0.0, 0.0, 8.0 ], 
							"to": [ 16.0, 16.0, 8.0 ], 
							"shade": false,
							"climateColorMap": "climatePlantTint",
							"seasonColorMap": "seasonalFoliage",
							"renderPass": 2,
							"rotationOrigin": [ 8.0, 0.0, 8.0 ],
							"rotationY": -22.0,
							"faces": {
								"north": { "texture": "#flower2", "uv": [ 0.0, 0.0, 16.0, 16.0 ], "autoUv": false, "windMode": [0,2,2,0], "windData": [0,1,1,0] },
								"east": { "texture": "#flower1", "uv": [ 0.0, 0.0, 0.3333, 16.0 ], "enabled": false },
								"south": { "texture": "#flower1", "uv": [ 0.0, 0.0, 16.0, 16.0 ], "enabled": false },
								"west": { "texture": "#flower1", "uv": [ 0.0, 0.0, 0.3333, 16.0 ], "enabled": false },
								"up": { "texture": "#flower1", "uv": [ 0.0, 0.0, 16.0, 0.3333 ], "enabled": false },
								"down": { "texture": "#flower1", "uv": [ 0.0, 0.0, 16.0, 0.3333 ], "enabled": false }
							}
						},
						{
							"name": "leaves26",
							"from": [ 0.0, 0.0, 8.0 ], 
							"to": [ 16.0, 16.0, 8.0 ], 
							"shade": false,
							"climateColorMap": "climatePlantTint",
							"seasonColorMap": "seasonalFoliage",
							"renderPass": 2,
							"rotationOrigin": [ 8.0, 0.0, 8.0 ],
							"rotationX": -67.5,
							"rotationY": -135.0,
							"rotationZ": -45.0,
							"faces": {
								"north": { "texture": "#leaves1", "uv": [ 0.0, 0.0, 16.0, 16.0 ], "autoUv": false, "windMode": [0,2,2,0] },
								"east": { "texture": "#leaves1", "uv": [ 0.0, 0.0, 0.3333, 16.0 ], "enabled": false },
								"south": { "texture": "#leaves1", "uv": [ 0.0, 0.0, 16.0, 16.0 ], "enabled": false },
								"west": { "texture": "#leaves1", "uv": [ 0.0, 0.0, 0.3333, 16.0 ], "enabled": false },
								"up": { "texture": "#leaves1", "uv": [ 0.0, 0.0, 16.0, 0.3333 ], "enabled": false },
								"down": { "texture": "#leaves1", "uv": [ 0.0, 0.0, 16.0, 0.3333 ], "enabled": false }
							}
						},
						{
							"name": "leaves27",
							"from": [ 0.0, 0.0, 8.0 ], 
							"to": [ 16.0, 16.0, 8.0 ], 
							"shade": false,
							"climateColorMap": "climatePlantTint",
							"seasonColorMap": "seasonalFoliage",
							"renderPass": 2,
							"rotationOrigin": [ 8.0, 0.0, 8.0 ],
							"rotationX": -135.0,
							"rotationY": -22.5,
							"rotationZ": -157.5,
							"faces": {
								"north": { "texture": "#leaves1", "uv": [ 0.0, 0.0, 16.0, 16.0 ], "autoUv": false, "windMode": [0,2,2,0] },
								"east": { "texture": "#leaves1", "uv": [ 0.0, 0.0, 0.3333, 16.0 ], "enabled": false },
								"south": { "texture": "#leaves1", "uv": [ 0.0, 0.0, 16.0, 16.0 ], "enabled": false },
								"west": { "texture": "#leaves1", "uv": [ 0.0, 0.0, 0.3333, 16.0 ], "enabled": false },
								"up": { "texture": "#leaves1", "uv": [ 0.0, 0.0, 16.0, 0.3333 ], "enabled": false },
								"down": { "texture": "#leaves1", "uv": [ 0.0, 0.0, 16.0, 0.3333 ], "enabled": false }
							}
						},
						{
							"name": "leaves28",
							"from": [ 0.0, 0.0, 8.0 ], 
							"to": [ 16.0, 16.0, 8.0 ], 
							"shade": false,
							"climateColorMap": "climatePlantTint",
							"seasonColorMap": "seasonalFoliage",
							"renderPass": 2,
							"rotationOrigin": [ 8.0, 0.0, 8.0 ],
							"rotationX": -45.0,
							"rotationY": -22.5,
							"rotationZ": -22.5,
							"faces": {
								"north": { "texture": "#leaves1", "uv": [ 0.0, 0.0, 16.0, 16.0 ], "autoUv": false, "windMode": [0,2,2,0] },
								"east": { "texture": "#leaves1", "uv": [ 0.0, 0.0, 0.3333, 16.0 ], "enabled": false },
								"south": { "texture": "#leaves1", "uv": [ 0.0, 0.0, 16.0, 16.0 ], "enabled": false },
								"west": { "texture": "#leaves1", "uv": [ 0.0, 0.0, 0.3333, 16.0 ], "enabled": false },
								"up": { "texture": "#leaves1", "uv": [ 0.0, 0.0, 16.0, 0.3333 ], "enabled": false },
								"down": { "texture": "#leaves1", "uv": [ 0.0, 0.0, 16.0, 0.3333 ], "enabled": false }
							}
						},
						{
							"name": "leaves29",
							"from": [ 0.0, 0.0, 8.0 ], 
							"to": [ 16.0, 16.0, 8.0 ], 
							"shade": false,
							"climateColorMap": "climatePlantTint",
							"seasonColorMap": "seasonalFoliage",
							"renderPass": 2,
							"rotationOrigin": [ 8.0, 0.0, 8.0 ],
							"rotationX": 45.0,
							"rotationY": -22.5,
							"rotationZ": 22.5,
							"faces": {
								"north": { "texture": "#leaves1", "uv": [ 0.0, 0.0, 16.0, 16.0 ], "autoUv": false, "windMode": [0,2,2,0] },
								"east": { "texture": "#leaves1", "uv": [ 0.0, 0.0, 0.3333, 16.0 ], "enabled": false },
								"south": { "texture": "#leaves1", "uv": [ 0.0, 0.0, 16.0, 16.0 ], "enabled": false },
								"west": { "texture": "#leaves1", "uv": [ 0.0, 0.0, 0.3333, 16.0 ], "enabled": false },
								"up": { "texture": "#leaves1", "uv": [ 0.0, 0.0, 16.0, 0.3333 ], "enabled": false },
								"down": { "texture": "#leaves1", "uv": [ 0.0, 0.0, 16.0, 0.3333 ], "enabled": false }
							}
						},
						{
							"name": "stem30",
							"from": [ 0.0, 0.0, 8.0 ], 
							"to": [ 16.0, 16.0, 8.0 ], 
							"shade": false,
							"climateColorMap": "climatePlantTint",
							"seasonColorMap": "seasonalFoliage",
							"renderPass": 2,
							"rotationOrigin": [ 8.0, 0.0, 8.0 ],
							"rotationY": -135.0,
							"faces": {
								"north": { "texture": "#flower3", "uv": [ 0.0, 0.0, 16.0, 16.0 ], "autoUv": false, "windMode": [0,2,2,0], "windData": [0,1,1,0] },
								"east": { "texture": "#flower1", "uv": [ 0.0, 0.0, 0.3333, 16.0 ], "enabled": false },
								"south": { "texture": "#flower1", "uv": [ 0.0, 0.0, 16.0, 16.0 ], "enabled": false },
								"west": { "texture": "#flower1", "uv": [ 0.0, 0.0, 0.3333, 16.0 ], "enabled": false },
								"up": { "texture": "#flower1", "uv": [ 0.0, 0.0, 16.0, 0.3333 ], "enabled": false },
								"down": { "texture": "#flower1", "uv": [ 0.0, 0.0, 16.0, 0.3333 ], "enabled": false }
							}
						},
						{
							"name": "flower31",
							"from": [ 0.0, 0.0, 8.0 ], 
							"to": [ 16.0, 16.0, 8.0 ], 
							"shade": false,
							"renderPass": 2,
							"rotationOrigin": [ 8.0, 0.0, 8.0 ],
							"rotationY": -75.0,
							"faces": {
								"north": { "texture": "#lilyofthevalley1", "uv": [ 0.0, 0.0, 16.0, 16.0 ], "windMode": [0,2,2,0], "windData": [0,1,1,0] },
								"east": { "texture": "#lilyofthevalley1", "uv": [ 0.0, 0.0, 0.3333, 16.0 ], "enabled": false },
								"south": { "texture": "#lilyofthevalley1", "uv": [ 0.0, 0.0, 16.0, 16.0 ], "enabled": false },
								"west": { "texture": "#lilyofthevalley1", "uv": [ 0.0, 0.0, 0.3333, 16.0 ], "enabled": false },
								"up": { "texture": "#lilyofthevalley1", "uv": [ 0.0, 0.0, 16.0, 0.3333 ], "enabled": false },
								"down": { "texture": "#lilyofthevalley1", "uv": [ 0.0, 0.0, 16.0, 0.3333 ], "enabled": false }
							}
						},
						{
							"name": "flower32",
							"from": [ 0.0, 0.0, 8.0 ], 
							"to": [ 16.0, 16.0, 8.0 ], 
							"shade": false,
							"renderPass": 2,
							"rotationOrigin": [ 8.0, 0.0, 8.0 ],
							"rotationY": -22.0,
							"faces": {
								"north": { "texture": "#lilyofthevalley2", "uv": [ 0.0, 0.0, 16.0, 16.0 ], "autoUv": false, "windMode": [0,2,2,0], "windData": [0,1,1,0] },
								"east": { "texture": "#lilyofthevalley2", "uv": [ 0.0, 0.0, 0.3333, 16.0 ], "enabled": false },
								"south": { "texture": "#lilyofthevalley2", "uv": [ 0.0, 0.0, 16.0, 16.0 ], "enabled": false },
								"west": { "texture": "#lilyofthevalley2", "uv": [ 0.0, 0.0, 0.3333, 16.0 ], "enabled": false },
								"up": { "texture": "#lilyofthevalley2", "uv": [ 0.0, 0.0, 16.0, 0.3333 ], "enabled": false },
								"down": { "texture": "#lilyofthevalley2", "uv": [ 0.0, 0.0, 16.0, 0.3333 ], "enabled": false }
							}
						},
						{
							"name": "flower33",
							"from": [ 0.0, 0.0, 8.0 ], 
							"to": [ 16.0, 16.0, 8.0 ], 
							"shade": false,
							"renderPass": 2,
							"rotationOrigin": [ 8.0, 0.0, 8.0 ],
							"rotationY": -135.0,
							"faces": {
								"north": { "texture": "#lilyofthevalley3", "uv": [ 0.0, 0.0, 16.0, 16.0 ], "autoUv": false, "windMode": [0,2,2,0], "windData": [0,1,1,0] },
								"east": { "texture": "#lilyofthevalley3", "uv": [ 0.0, 0.0, 0.3333, 16.0 ], "enabled": false },
								"south": { "texture": "#lilyofthevalley3", "uv": [ 0.0, 0.0, 16.0, 16.0 ], "enabled": false },
								"west": { "texture": "#lilyofthevalley3", "uv": [ 0.0, 0.0, 0.3333, 16.0 ], "enabled": false },
								"up": { "texture": "#lilyofthevalley3", "uv": [ 0.0, 0.0, 16.0, 0.3333 ], "enabled": false },
								"down": { "texture": "#lilyofthevalley3", "uv": [ 0.0, 0.0, 16.0, 0.3333 ], "enabled": false }
							}
						}
					]
				}
			]
		}
	]}