{
	"editor": {
		"allAngles": false,
		"entityTextureMode": false
	},
	"textureWidth": 16,
	"textureHeight": 16,
	"textureSizes": {
	},
	"textures": {
		"ceramic": "game:block/clay/ceramic",
		"sides": "game:block/clay/planter/amber",
		"soil": "game:block/clay/planter/soil"
	},
	"elements": [
		{
			"name": "origin",
			"from": [ 8.0, 0.0, 8.0 ], 
			"to": [ 9.0, 1.0, 9.0 ], 
			"rotationOrigin": [ 8.0, 0.0, 8.0 ],
			"faces": {
				"north": { "texture": "#ceramic", "uv": [ 0.0, 0.0, 1.0, 1.0 ], "enabled": false },
				"east": { "texture": "#ceramic", "uv": [ 0.0, 0.0, 1.0, 1.0 ], "enabled": false },
				"south": { "texture": "#ceramic", "uv": [ 0.0, 0.0, 1.0, 1.0 ], "enabled": false },
				"west": { "texture": "#ceramic", "uv": [ 0.0, 0.0, 1.0, 1.0 ], "enabled": false },
				"up": { "texture": "#ceramic", "uv": [ 0.0, 0.0, 1.0, 1.0 ], "enabled": false },
				"down": { "texture": "#ceramic", "uv": [ 0.0, 0.0, 1.0, 1.0 ], "enabled": false }
			},
			"children": [
				{
					"name": "bottom",
					"from": [ -5.0, 0.0, -5.0 ], 
					"to": [ 8.0, 1.0, 5.0 ], 
					"rotationOrigin": [ -8.0, 0.0, -8.0 ],
					"faces": {
						"north": { "texture": "#ceramic", "uv": [ 0.0, 4.5, 13.0, 5.5 ], "enabled": false },
						"east": { "texture": "#ceramic", "uv": [ 4.5, 0.0, 14.5, 1.0 ], "enabled": false },
						"south": { "texture": "#ceramic", "uv": [ 0.5, 9.5, 13.5, 10.5 ], "enabled": false },
						"west": { "texture": "#ceramic", "uv": [ 1.0, 10.5, 11.0, 11.5 ], "enabled": false },
						"up": { "texture": "#ceramic", "uv": [ 2.5, 1.0, 15.5, 11.0 ] },
						"down": { "texture": "#ceramic", "uv": [ 1.0, 3.0, 14.0, 13.0 ] }
					},
					"children": [
						{
							"name": "N",
							"from": [ -1.0, 0.0, -1.0 ], 
							"to": [ 13.0, 9.0, 0.0 ], 
							"faces": {
								"north": { "texture": "#sides", "uv": [ 0.0, 7.0, 14.0, 16.0 ], "autoUv": false },
								"east": { "texture": "#sides", "uv": [ 1.0, 7.0, 2.0, 16.0 ], "autoUv": false },
								"south": { "texture": "#ceramic", "uv": [ 0.0, 6.0, 14.0, 15.0 ] },
								"west": { "texture": "#sides", "uv": [ 14.0, 7.0, 15.0, 16.0 ] },
								"up": { "texture": "#sides", "uv": [ 2.0, 6.0, 14.0, 7.0 ], "rotation": 180, "autoUv": false },
								"down": { "texture": "#ceramic", "uv": [ 0.0, 0.0, 14.0, 1.0 ], "autoUv": false }
							}
						},
						{
							"name": "S",
							"from": [ -1.0, 0.0, 10.0 ], 
							"to": [ 13.0, 9.0, 11.0 ], 
							"faces": {
								"north": { "texture": "#ceramic", "uv": [ 0.0, 0.0, 14.0, 9.0 ], "autoUv": false },
								"east": { "texture": "#sides", "uv": [ 14.0, 7.0, 15.0, 16.0 ] },
								"south": { "texture": "#sides", "uv": [ 2.0, 7.0, 16.0, 16.0 ], "autoUv": false },
								"west": { "texture": "#sides", "uv": [ 1.0, 7.0, 2.0, 16.0 ] },
								"up": { "texture": "#sides", "uv": [ 2.0, 6.0, 14.0, 7.0 ], "autoUv": false },
								"down": { "texture": "#ceramic", "uv": [ 0.0, 0.0, 14.0, 1.0 ], "autoUv": false }
							}
						},
						{
							"name": "W",
							"from": [ -1.0, 0.0, 0.0 ], 
							"to": [ 0.0, 9.0, 10.0 ], 
							"faces": {
								"north": { "texture": "#ceramic", "uv": [ 10.5, 1.5, 11.5, 10.5 ], "enabled": false },
								"east": { "texture": "#ceramic", "uv": [ 0.0, 7.0, 10.0, 16.0 ], "autoUv": false },
								"south": { "texture": "#ceramic", "uv": [ 14.0, 5.5, 15.0, 14.5 ], "enabled": false },
								"west": { "texture": "#sides", "uv": [ 3.0, 7.0, 13.0, 16.0 ] },
								"up": { "texture": "#sides", "uv": [ 3.0, 6.0, 13.0, 7.0 ], "rotation": 90 },
								"down": { "texture": "#ceramic", "uv": [ 0.0, 0.0, 1.0, 10.0 ] }
							}
						},
						{
							"name": "E",
							"from": [ 26.0, 0.0, 0.0 ], 
							"to": [ 27.0, 9.0, 10.0 ], 
							"rotationOrigin": [ 16.0, 0.0, 0.0 ],
							"faces": {
								"north": { "texture": "#ceramic", "uv": [ 11.5, 1.0, 12.5, 10.0 ], "enabled": false },
								"east": { "texture": "#sides", "uv": [ 3.0, 7.0, 13.0, 16.0 ], "autoUv": false },
								"south": { "texture": "#ceramic", "uv": [ 6.5, 2.5, 7.5, 11.5 ], "enabled": false },
								"west": { "texture": "#ceramic", "uv": [ 1.5, 4.5, 11.5, 13.5 ] },
								"up": { "texture": "#sides", "uv": [ 3.0, 6.0, 13.0, 7.0 ], "rotation": 90 },
								"down": { "texture": "#ceramic", "uv": [ 0.0, 5.5, 1.0, 15.5 ] }
							}
						},
						{
							"name": "bottom8",
							"from": [ 13.0, 0.0, 0.0 ], 
							"to": [ 26.0, 1.0, 10.0 ], 
							"rotationOrigin": [ 10.0, 0.0, -3.0 ],
							"faces": {
								"north": { "texture": "#ceramic", "uv": [ 1.5, 11.5, 14.5, 12.5 ], "enabled": false },
								"east": { "texture": "#ceramic", "uv": [ 0.0, 3.0, 10.0, 4.0 ], "enabled": false },
								"south": { "texture": "#ceramic", "uv": [ 0.5, 6.0, 13.5, 7.0 ], "enabled": false },
								"west": { "texture": "#ceramic", "uv": [ 2.5, 1.5, 12.5, 2.5 ], "enabled": false },
								"up": { "texture": "#ceramic", "uv": [ 0.0, 1.5, 13.0, 11.5 ] },
								"down": { "texture": "#ceramic", "uv": [ 1.0, 3.0, 14.0, 13.0 ] }
							}
						},
						{
							"name": "N9",
							"from": [ 13.0, 0.0, -1.0 ], 
							"to": [ 27.0, 9.0, 0.0 ], 
							"rotationOrigin": [ 14.0, 0.0, 0.0 ],
							"faces": {
								"north": { "texture": "#sides", "uv": [ 2.0, 7.0, 16.0, 16.0 ], "autoUv": false },
								"east": { "texture": "#sides", "uv": [ 1.0, 7.0, 2.0, 16.0 ], "autoUv": false },
								"south": { "texture": "#ceramic", "uv": [ 2.0, 1.0, 16.0, 10.0 ] },
								"west": { "texture": "#sides", "uv": [ 14.0, 7.0, 15.0, 16.0 ] },
								"up": { "texture": "#sides", "uv": [ 2.0, 6.0, 14.0, 7.0 ], "rotation": 180, "autoUv": false },
								"down": { "texture": "#ceramic", "uv": [ 0.0, 0.0, 14.0, 1.0 ] }
							}
						},
						{
							"name": "S10",
							"from": [ 13.0, 0.0, 10.0 ], 
							"to": [ 27.0, 9.0, 11.0 ], 
							"rotationOrigin": [ 14.0, 0.0, 0.0 ],
							"faces": {
								"north": { "texture": "#ceramic", "uv": [ 0.0, 0.0, 14.0, 9.0 ], "autoUv": false },
								"east": { "texture": "#sides", "uv": [ 14.0, 7.0, 15.0, 16.0 ] },
								"south": { "texture": "#sides", "uv": [ 0.0, 7.0, 14.0, 16.0 ], "autoUv": false },
								"west": { "texture": "#sides", "uv": [ 1.0, 7.0, 2.0, 16.0 ] },
								"up": { "texture": "#sides", "uv": [ 2.0, 6.0, 14.0, 7.0 ], "autoUv": false },
								"down": { "texture": "#ceramic", "uv": [ 0.0, 0.0, 14.0, 1.0 ] }
							}
						}
					]
				},
				{
					"name": "pot soil",
					"from": [ -5.0, 1.0, -5.0 ], 
					"to": [ 8.0, 8.0, 5.0 ], 
					"rotationOrigin": [ -8.0, 0.0, -8.0 ],
					"faces": {
						"north": { "texture": "#soil", "uv": [ 0.5, 6.5, 13.5, 13.5 ], "rotation": 180, "enabled": false },
						"east": { "texture": "#soil", "uv": [ 0.5, 8.5, 10.5, 15.5 ], "enabled": false },
						"south": { "texture": "#soil", "uv": [ 2.5, 1.0, 15.5, 8.0 ], "enabled": false },
						"west": { "texture": "#soil", "uv": [ 1.5, 4.0, 11.5, 11.0 ], "enabled": false },
						"up": { "texture": "#soil", "uv": [ 3.0, 3.0, 16.0, 13.0 ] },
						"down": { "texture": "#soil", "uv": [ 3.5, 5.0, 16.5, 15.0 ], "enabled": false }
					}
				},
				{
					"name": "pot soil13",
					"from": [ 8.0, 1.0, -5.0 ], 
					"to": [ 21.0, 8.0, 5.0 ], 
					"rotationOrigin": [ 5.0, 0.0, -8.0 ],
					"faces": {
						"north": { "texture": "#soil", "uv": [ 0.0, 0.0, 13.0, 7.0 ], "rotation": 180, "enabled": false },
						"east": { "texture": "#soil", "uv": [ 0.0, 0.0, 10.0, 7.0 ], "enabled": false },
						"south": { "texture": "#soil", "uv": [ 0.0, 0.0, 13.0, 7.0 ], "enabled": false },
						"west": { "texture": "#soil", "uv": [ 0.0, 0.0, 10.0, 7.0 ], "enabled": false },
						"up": { "texture": "#soil", "uv": [ 0.0, 3.0, 13.0, 13.0 ] },
						"down": { "texture": "#soil", "uv": [ 0.0, 0.0, 13.0, 10.0 ], "enabled": false }
					}
				}
			]
		}
	]}