{
	"textures": {
		"blueclay": "game:block/clay/blueclay"
	},
	"elements": [
		{
			"name": "origin",
			"from": [ 8.0, 0.0, 8.0 ], 
			"to": [ 8.0, 0.0, 8.0 ], 
			"rotationOrigin": [ 8.0, 0.0, 8.0 ],
			"faces": {
				"north": { "texture": "#blueclay", "uv": [ 4.0, 10.0, 4.5, 10.5 ], "enabled": false },
				"east": { "texture": "#blueclay", "uv": [ 10.5, 4.5, 11.0, 5.0 ], "enabled": false },
				"south": { "texture": "#blueclay", "uv": [ 1.0, 9.5, 1.5, 10.0 ], "enabled": false },
				"west": { "texture": "#blueclay", "uv": [ 8.0, 2.5, 8.5, 3.0 ], "enabled": false },
				"up": { "texture": "#blueclay", "uv": [ 1.5, 1.5, 2.0, 2.0 ], "enabled": false },
				"down": { "texture": "#blueclay", "uv": [ 8.0, 4.0, 8.5, 4.5 ], "enabled": false }
			},
			"children": [
				{
					"name": "pot bottom",
					"from": [ -6.0, 0.0, -6.0 ], 
					"to": [ 8.0, 1.0, 6.0 ], 
					"rotationOrigin": [ -8.0, 0.0, -8.0 ],
					"faces": {
						"north": { "texture": "#blueclay", "uv": [ 0.0, 5.5, 14.0, 6.5 ] },
						"east": { "texture": "#blueclay", "uv": [ 2.5, 8.5, 14.5, 9.5 ] },
						"south": { "texture": "#blueclay", "uv": [ 0.0, 7.0, 14.0, 8.0 ] },
						"west": { "texture": "#blueclay", "uv": [ 1.0, 2.5, 13.0, 3.5 ] },
						"up": { "texture": "#blueclay", "uv": [ 0.0, 0.0, 14.0, 12.0 ] },
						"down": { "texture": "#blueclay", "uv": [ 0.0, 2.0, 14.0, 14.0 ] }
					}
				},
				{
					"name": "pot west wall",
					"from": [ -6.0, 1.0, -6.0 ], 
					"to": [ -5.0, 9.0, 6.0 ], 
					"rotationOrigin": [ -8.0, 0.0, -8.0 ],
					"faces": {
						"north": { "texture": "#blueclay", "uv": [ 5.0, 2.5, 6.0, 10.5 ] },
						"east": { "texture": "#blueclay", "uv": [ 2.0, 0.5, 14.0, 8.5 ] },
						"south": { "texture": "#blueclay", "uv": [ 14.5, 1.5, 15.5, 9.5 ] },
						"west": { "texture": "#blueclay", "uv": [ 1.5, 7.5, 13.5, 15.5 ] },
						"up": { "texture": "#blueclay", "uv": [ 4.5, 0.5, 5.5, 12.5 ] },
						"down": { "texture": "#blueclay", "uv": [ 1.0, 1.5, 2.0, 13.5 ] }
					}
				},
				{
					"name": "pot north wall",
					"from": [ -5.0, 1.0, -6.0 ], 
					"to": [ 8.0, 9.0, -5.0 ], 
					"rotationOrigin": [ -8.0, 0.0, -8.0 ],
					"faces": {
						"north": { "texture": "#blueclay", "uv": [ 2.5, 4.0, 15.5, 12.0 ] },
						"east": { "texture": "#blueclay", "uv": [ 9.0, 1.5, 10.0, 9.5 ] },
						"south": { "texture": "#blueclay", "uv": [ 1.0, 3.0, 14.0, 11.0 ] },
						"west": { "texture": "#blueclay", "uv": [ 3.5, 7.5, 4.5, 15.5 ] },
						"up": { "texture": "#blueclay", "uv": [ 1.0, 1.0, 14.0, 2.0 ] },
						"down": { "texture": "#blueclay", "uv": [ 0.5, 3.5, 13.5, 4.5 ] }
					}
				},
				{
					"name": "pot south wall",
					"from": [ -5.0, 1.0, 5.0 ], 
					"to": [ 8.0, 9.0, 6.0 ], 
					"rotationOrigin": [ -8.0, 0.0, -8.0 ],
					"faces": {
						"north": { "texture": "#blueclay", "uv": [ 2.0, 0.5, 15.0, 8.5 ] },
						"east": { "texture": "#blueclay", "uv": [ 4.5, 1.0, 5.5, 9.0 ] },
						"south": { "texture": "#blueclay", "uv": [ 2.5, 2.5, 15.5, 10.5 ] },
						"west": { "texture": "#blueclay", "uv": [ 1.0, 4.0, 2.0, 12.0 ] },
						"up": { "texture": "#blueclay", "uv": [ 1.0, 9.5, 14.0, 10.5 ] },
						"down": { "texture": "#blueclay", "uv": [ 2.0, 10.0, 15.0, 11.0 ] }
					}
				},
				{
					"name": "pot east wall",
					"from": [ 21.0, 1.0, -6.0 ], 
					"to": [ 22.0, 9.0, 6.0 ], 
					"rotationOrigin": [ 8.0, 0.0, -8.0 ],
					"faces": {
						"north": { "texture": "#blueclay", "uv": [ 13.0, 0.5, 14.0, 8.5 ] },
						"east": { "texture": "#blueclay", "uv": [ 1.0, 1.0, 13.0, 9.0 ] },
						"south": { "texture": "#blueclay", "uv": [ 2.0, 7.5, 3.0, 15.5 ] },
						"west": { "texture": "#blueclay", "uv": [ 2.0, 0.5, 14.0, 8.5 ] },
						"up": { "texture": "#blueclay", "uv": [ 12.5, 3.5, 13.5, 15.5 ] },
						"down": { "texture": "#blueclay", "uv": [ 8.0, 3.0, 9.0, 15.0 ] }
					}
				},
				{
					"name": "pot bottom7",
					"from": [ 8.0, 0.0, -6.0 ], 
					"to": [ 22.0, 1.0, 6.0 ], 
					"rotationOrigin": [ 16.0, 0.0, 0.0 ],
					"faces": {
						"north": { "texture": "#blueclay", "uv": [ 1.0, 4.5, 15.0, 5.5 ] },
						"east": { "texture": "#blueclay", "uv": [ 0.0, 12.5, 12.0, 13.5 ] },
						"south": { "texture": "#blueclay", "uv": [ 0.5, 11.5, 14.5, 12.5 ] },
						"west": { "texture": "#blueclay", "uv": [ 3.5, 4.5, 15.5, 5.5 ] },
						"up": { "texture": "#blueclay", "uv": [ 0.0, 2.0, 14.0, 14.0 ] },
						"down": { "texture": "#blueclay", "uv": [ 0.5, 3.5, 14.5, 15.5 ] }
					}
				},
				{
					"name": "pot north wall8",
					"from": [ 8.0, 1.0, -6.0 ], 
					"to": [ 21.0, 9.0, -5.0 ], 
					"rotationOrigin": [ 5.0, 0.0, -8.0 ],
					"faces": {
						"north": { "texture": "#blueclay", "uv": [ 1.0, 2.0, 14.0, 10.0 ] },
						"east": { "texture": "#blueclay", "uv": [ 6.0, 6.5, 7.0, 14.5 ] },
						"south": { "texture": "#blueclay", "uv": [ 0.0, 1.5, 13.0, 9.5 ] },
						"west": { "texture": "#blueclay", "uv": [ 13.0, 0.5, 14.0, 8.5 ] },
						"up": { "texture": "#blueclay", "uv": [ 1.5, 14.0, 14.5, 15.0 ] },
						"down": { "texture": "#blueclay", "uv": [ 1.0, 6.0, 14.0, 7.0 ] }
					}
				},
				{
					"name": "pot south wall9",
					"from": [ 8.0, 1.0, 5.0 ], 
					"to": [ 21.0, 9.0, 6.0 ], 
					"rotationOrigin": [ 5.0, 0.0, -8.0 ],
					"faces": {
						"north": { "texture": "#blueclay", "uv": [ 1.5, 0.0, 14.5, 8.0 ] },
						"east": { "texture": "#blueclay", "uv": [ 12.0, 2.5, 13.0, 10.5 ] },
						"south": { "texture": "#blueclay", "uv": [ 0.5, 0.0, 13.5, 8.0 ] },
						"west": { "texture": "#blueclay", "uv": [ 8.5, 6.5, 9.5, 14.5 ] },
						"up": { "texture": "#blueclay", "uv": [ 1.0, 10.0, 14.0, 11.0 ] },
						"down": { "texture": "#blueclay", "uv": [ 2.0, 3.5, 15.0, 4.5 ] }
					}
				}
			]
		}
	]}