[
  {
    "op": "replace",
    "path": "/attributes/spoilSpeedMulByFoodCat/normal/vegetable",
    "value": 0.5,
    "condition": {
      "when": "vegstorageVegetableDecay",
      "useValue": true
    },
    "file": "decor:blocktypes/kitchendecor/vegstorage.json"
  },
  {
    "op": "replace",
    "path": "/attributes/spoilSpeedMulByFoodCat/normal/vegetable",
    "value": 0.5,
    "condition": {
      "when": "vegstorageVegetableDecay",
      "useValue": true
    },
    "file": "decor:blocktypes/kitchendecor/wallveg.json"
  },
  {
    "op": "replace",
    "path": "/attributes/spoilSpeedMulByFoodCat/normal/vegetable",
    "value": 0.5,
    "condition": {
      "when": "vegstorageVegetableDecay",
      "useValue": true
    },
    "file": "decor:compatability/wildcrafttree/blocktypes/wood/vegstorage.json"
  },
  {
    "op": "replace",
    "path": "/attributes/spoilSpeedMulByFoodCat/normal/grain",
    "value": 0.5,
    "condition": {
      "when": "breadboxGrainDecay",
      "useValue": true
    },
    "file": "decor:blocktypes/kitchendecor/breadbox.json"
  },
  {
    "op": "replace",
    "path": "/attributes/spoilSpeedMulByFoodCat/normal/vegetable",
    "value": 0.5,
    "condition": {
      "when": "mushroomstorageVegetableDecay",
      "useValue": true
    },
    "file": "decor:blocktypes/storage/mushroomstorage.json"
  },
  {
    "op": "replace",
    "path": "/attributes/spoilSpeedMulByFoodCat/normal/Protein",
    "value": 0.5,
    "condition": {
      "when": "meatstorageProteinDecay",
      "useValue": true
    },
    "file": "decor:blocktypes/storage/meatstorage.json"
  },
  {
    "op": "replace",
    "path": "/attributes/spoilSpeedMulByFoodCat/normal/vegetable",
    "value": 2.0,
    "condition": {
      "when": "compostbinVegetableDecay",
      "useValue": true
    },
    "file": "decor:blocktypes/gardendecor/compostbin.json"
  },
  {
    "op": "replace",
    "path": "/attributes/spoilSpeedMulByFoodCat/normal/grain",
    "value": 2.0,
    "condition": {
      "when": "compostbinGrainDecay",
      "useValue": true
    },
    "file": "decor:blocktypes/gardendecor/compostbin.json"
  },
  {
    "op": "replace",
    "path": "/attributes/spoilSpeedMulByFoodCat/normal/vegetable",
    "value": 2.0,
    "condition": {
      "when": "compostbinVegetableDecay",
      "useValue": true
    },
    "file": "decor:compatability/wildcrafttree/blocktypes/wood/compostbin.json"
  },
  {
    "op": "replace",
    "path": "/attributes/spoilSpeedMulByFoodCat/normal/grain",
    "value": 2.0,
    "condition": {
      "when": "compostbinGrainDecay",
      "useValue": true
    },
    "file": "decor:compatability/wildcrafttree/blocktypes/wood/compostbin.json"
  }
]
