[
	{
		"file": "game:itemtypes/toolhead/spearhead",
		"op:": "replace",
		"path": "/attributes/onTongTransform/translation/x",
		"value": -0.65
	},
	{
		"file": "game:itemtypes/toolhead/spearhead",
		"op:": "replace",
		"path": "/attributes/onTongTransform/translation/y",
		"value": -1.46
	},
	{
		"file": "game:itemtypes/toolhead/spearhead",
		"op:": "replace",
		"path": "/attributes/onTongTransform/translation/z",
		"value": -0.27
	},
	{
		"file": "game:itemtypes/toolhead/spearhead",
		"op:": "replace",
		"path": "/attributes/onTongTransform/rotation/x",
		"value": -45
	},
	{
		"file": "game:itemtypes/toolhead/spearhead",
		"op:": "replace",
		"path": "/attributes/onTongTransform/rotation/y",
		"value": 6
	},
	{
		"file": "game:itemtypes/toolhead/spearhead",
		"op:": "replace",
		"path": "/attributes/onTongTransform/rotation/z",
		"value": -179
	}
]
