[
	{
		"file": "game:itemtypes/tool/wrench",
		"op:": "replace",
		"path": "/attributes/onTongTransform/translation/x",
		"value": -0.79
	},
	{
		"file": "game:itemtypes/tool/wrench",
		"op:": "replace",
		"path": "/attributes/onTongTransform/translation/y",
		"value": -1.17
	},
	{
		"file": "game:itemtypes/tool/wrench",
		"op:": "replace",
		"path": "/attributes/onTongTransform/translation/z",
		"value": -0.6
	},
	{
		"file": "game:itemtypes/tool/wrench",
		"op:": "replace",
		"path": "/attributes/onTongTransform/rotation/x",
		"value": 29
	},
	{
		"file": "game:itemtypes/tool/wrench",
		"op:": "replace",
		"path": "/attributes/onTongTransform/rotation/y",
		"value": -7
	},
	{
		"file": "game:itemtypes/tool/wrench",
		"op:": "replace",
		"path": "/attributes/onTongTransform/rotation/z",
		"value": -1
	},
	{
		"file": "game:itemtypes/tool/wrench",
		"op:": "replace",
		"path": "/attributes/onTongTransform/scale",
		"value": 0.7
	}
]
