[
	{
		"file": "game:itemtypes/toolhead/bladehead",
		"op:": "replace",
		"path": "/attributes/onTongTransform/translation/x",
		"value": -0.53
	},
	{
		"file": "game:itemtypes/toolhead/bladehead",
		"op:": "replace",
		"path": "/attributes/onTongTransform/translation/y",
		"value": -0.79
	},
	{
		"file": "game:itemtypes/toolhead/bladehead",
		"op:": "replace",
		"path": "/attributes/onTongTransform/translation/z",
		"value": -0.82
	},
	{
		"file": "game:itemtypes/toolhead/bladehead",
		"op:": "replace",
		"path": "/attributes/onTongTransform/rotation/x",
		"value": 0
	},
	{
		"file": "game:itemtypes/toolhead/bladehead",
		"op:": "replace",
		"path": "/attributes/onTongTransform/rotation/y",
		"value": 83
	},
	{
		"file": "game:itemtypes/toolhead/bladehead",
		"op:": "replace",
		"path": "/attributes/onTongTransform/rotation/z",
		"value": -37
	}
]
