[
	{
		"file": "game:itemtypes/toolhead/hoehead",
		"op:": "replace",
		"path": "/attributes/onTongTransform/translation/x",
		"value": -0.32
	},
	{
		"file": "game:itemtypes/toolhead/hoehead",
		"op:": "replace",
		"path": "/attributes/onTongTransform/translation/y",
		"value": -0.6
	},
	{
		"file": "game:itemtypes/toolhead/hoehead",
		"op:": "replace",
		"path": "/attributes/onTongTransform/translation/z",
		"value": -0.57
	},
	{
		"file": "game:itemtypes/toolhead/hoehead",
		"op:": "replace",
		"path": "/attributes/onTongTransform/rotation/x",
		"value": 31
	},
	{
		"file": "game:itemtypes/toolhead/hoehead",
		"op:": "replace",
		"path": "/attributes/onTongTransform/rotation/y",
		"value": 41
	},
	{
		"file": "game:itemtypes/toolhead/hoehead",
		"op:": "replace",
		"path": "/attributes/onTongTransform/rotation/z",
		"value": 0
	}
]
