[
	{
		"file": "game:itemtypes/part/helvehammerhead",
		"op:": "replace",
		"path": "/attributes/onTongTransform/translation/x",
		"value": -0.5
	},
	{
		"file": "game:itemtypes/part/helvehammerhead",
		"op:": "replace",
		"path": "/attributes/onTongTransform/translation/y",
		"value": -0.92
	},
	{
		"file": "game:itemtypes/part/helvehammerhead",
		"op:": "replace",
		"path": "/attributes/onTongTransform/translation/z",
		"value": -0.99
	},
	{
		"file": "game:itemtypes/part/helvehammerhead",
		"op:": "replace",
		"path": "/attributes/onTongTransform/rotation/x",
		"value": -11
	},
	{
		"file": "game:itemtypes/part/helvehammerhead",
		"op:": "replace",
		"path": "/attributes/onTongTransform/rotation/y",
		"value": 84
	},
	{
		"file": "game:itemtypes/part/helvehammerhead",
		"op:": "replace",
		"path": "/attributes/onTongTransform/rotation/z",
		"value": 58
	}
]
