[
	{
		"file": "game:itemtypes/part/poundercap",
		"op:": "replace",
		"path": "/attributes/onTongTransform/translation/x",
		"value": -0.59
	},
	{
		"file": "game:itemtypes/part/poundercap",
		"op:": "replace",
		"path": "/attributes/onTongTransform/translation/y",
		"value": -0.98
	},
	{
		"file": "game:itemtypes/part/poundercap",
		"op:": "replace",
		"path": "/attributes/onTongTransform/translation/z",
		"value": -0.65
	},
	{
		"file": "game:itemtypes/part/poundercap",
		"op:": "replace",
		"path": "/attributes/onTongTransform/rotation/x",
		"value": 12
	},
	{
		"file": "game:itemtypes/part/poundercap",
		"op:": "replace",
		"path": "/attributes/onTongTransform/rotation/y",
		"value": 0
	},
	{
		"file": "game:itemtypes/part/poundercap",
		"op:": "replace",
		"path": "/attributes/onTongTransform/rotation/z",
		"value": 0
	},
	{
		"file": "game:itemtypes/part/poundercap",
		"op:": "replace",
		"path": "/attributes/onTongTransform/scale",
		"value": 0.9
	}
]
