[
	{
		"file": "game:itemtypes/resource/metalchain",
		"op:": "replace",
		"path": "/attributes/onTongTransform/translation/x",
		"value": -0.65
	},
	{
		"file": "game:itemtypes/resource/metalchain",
		"op:": "replace",
		"path": "/attributes/onTongTransform/translation/y",
		"value": -0.89
	},
	{
		"file": "game:itemtypes/resource/metalchain",
		"op:": "replace",
		"path": "/attributes/onTongTransform/translation/z",
		"value": -0.72
	},
	{
		"file": "game:itemtypes/resource/metalchain",
		"op:": "replace",
		"path": "/attributes/onTongTransform/rotation/x",
		"value": -4
	},
	{
		"file": "game:itemtypes/resource/metalchain",
		"op:": "replace",
		"path": "/attributes/onTongTransform/rotation/y",
		"value": -46
	},
	{
		"file": "game:itemtypes/resource/metalchain",
		"op:": "replace",
		"path": "/attributes/onTongTransform/rotation/z",
		"value": -81
	},
	{
		"file": "game:itemtypes/resource/metalchain",
		"op:": "replace",
		"path": "/attributes/onTongTransform/scale",
		"value": 0.8
	}
]
