[
	{
		"file": "game:itemtypes/tool/chisel",
		"op:": "replace",
		"path": "/attributes/onTongTransform/translation/x",
		"value": -0.6
	},
	{
		"file": "game:itemtypes/tool/chisel",
		"op:": "replace",
		"path": "/attributes/onTongTransform/translation/y",
		"value": -0.82
	},
	{
		"file": "game:itemtypes/tool/chisel",
		"op:": "replace",
		"path": "/attributes/onTongTransform/translation/z",
		"value": -0.58
	},
	{
		"file": "game:itemtypes/tool/chisel",
		"op:": "replace",
		"path": "/attributes/onTongTransform/rotation/x",
		"value": 10
	},
	{
		"file": "game:itemtypes/tool/chisel",
		"op:": "replace",
		"path": "/attributes/onTongTransform/rotation/y",
		"value": 22
	},
	{
		"file": "game:itemtypes/tool/chisel",
		"op:": "replace",
		"path": "/attributes/onTongTransform/rotation/z",
		"value": 0
	},
	{
		"file": "game:itemtypes/tool/chisel",
		"op:": "replace",
		"path": "/attributes/onTongTransform/scale",
		"value": 0.9
	}
]
