[
	{
		"file": "game:itemtypes/toolhead/shovelhead",
		"op:": "replace",
		"path": "/attributes/onTongTransform/translation/x",
		"value": -0.49
	},
	{
		"file": "game:itemtypes/toolhead/shovelhead",
		"op:": "replace",
		"path": "/attributes/onTongTransform/translation/y",
		"value": -1.06
	},
	{
		"file": "game:itemtypes/toolhead/shovelhead",
		"op:": "replace",
		"path": "/attributes/onTongTransform/translation/z",
		"value": -0.15
	},
	{
		"file": "game:itemtypes/toolhead/shovelhead",
		"op:": "replace",
		"path": "/attributes/onTongTransform/rotation/x",
		"value": 76
	},
	{
		"file": "game:itemtypes/toolhead/shovelhead",
		"op:": "replace",
		"path": "/attributes/onTongTransform/rotation/y",
		"value": -14
	},
	{
		"file": "game:itemtypes/toolhead/shovelhead",
		"op:": "replace",
		"path": "/attributes/onTongTransform/rotation/z",
		"value": 1
	}
]
