[
	{
		"file": "game:itemtypes/toolhead/prospectingpickhead",
		"op:": "replace",
		"path": "/attributes/onTongTransform/translation/x",
		"value": -0.7
	},
	{
		"file": "game:itemtypes/toolhead/prospectingpickhead",
		"op:": "replace",
		"path": "/attributes/onTongTransform/translation/y",
		"value": -0.85
	},
	{
		"file": "game:itemtypes/toolhead/prospectingpickhead",
		"op:": "replace",
		"path": "/attributes/onTongTransform/translation/z",
		"value": 0
	},
	{
		"file": "game:itemtypes/toolhead/prospectingpickhead",
		"op:": "replace",
		"path": "/attributes/onTongTransform/rotation/x",
		"value": 18
	},
	{
		"file": "game:itemtypes/toolhead/prospectingpickhead",
		"op:": "replace",
		"path": "/attributes/onTongTransform/rotation/y",
		"value": -108
	},
	{
		"file": "game:itemtypes/toolhead/prospectingpickhead",
		"op:": "replace",
		"path": "/attributes/onTongTransform/rotation/z",
		"value": -1
	}
]
