[
  {
    "file": "game:itemtypes/toolhead/axehead",
    "op:": "replace",
    "path": "/attributes/onTongTransformByType/*/translation/x",
    "value": -0.18
  },
  {
    "file": "game:itemtypes/toolhead/axehead",
    "op:": "replace",
    "path": "/attributes/onTongTransformByType/*/translation/y",
    "value": -0.91
  },
  {
    "file": "game:itemtypes/toolhead/axehead",
    "op:": "replace",
    "path": "/attributes/onTongTransformByType/*/translation/z",
    "value": -0.11
  },
  {
    "file": "game:itemtypes/toolhead/axehead",
    "op:": "replace",
    "path": "/attributes/onTongTransformByType/*/rotation/x",
    "value": 68
  },
  {
    "file": "game:itemtypes/toolhead/axehead",
    "op:": "replace",
    "path": "/attributes/onTongTransformByType/*/rotation/y",
    "value": 0
  },
  {
    "file": "game:itemtypes/toolhead/axehead",
    "op:": "replace",
    "path": "/attributes/onTongTransformByType/*/rotation/z",
    "value": -8
  }
]
