[
	{
		"file": "game:itemtypes/toolhead/knifehead",
		"op:": "replace",
		"path": "/attributes/onTongTransform/translation/x",
		"value": -0.43
	},
	{
		"file": "game:itemtypes/toolhead/knifehead",
		"op:": "replace",
		"path": "/attributes/onTongTransform/translation/y",
		"value": -0.55
	},
	{
		"file": "game:itemtypes/toolhead/knifehead",
		"op:": "replace",
		"path": "/attributes/onTongTransform/translation/z",
		"value": -1.03
	},
	{
		"file": "game:itemtypes/toolhead/knifehead",
		"op:": "replace",
		"path": "/attributes/onTongTransform/rotation/x",
		"value": 2
	},
	{
		"file": "game:itemtypes/toolhead/knifehead",
		"op:": "replace",
		"path": "/attributes/onTongTransform/rotation/y",
		"value": 75
	},
	{
		"file": "game:itemtypes/toolhead/knifehead",
		"op:": "replace",
		"path": "/attributes/onTongTransform/rotation/z",
		"value": 1
	}
]
