[
	{
		"file": "game:blocktypes/clay/crucible",
		"op:": "replace",
		"path": "/attributesByType/crucible-burned/onTongTransform/translation/x",
		"value": -0.69
	},
	{
		"file": "game:blocktypes/clay/crucible",
		"op:": "replace",
		"path": "/attributesByType/crucible-burned/onTongTransform/translation/y",
		"value": -0.8
	},
	{
		"file": "game:blocktypes/clay/crucible",
		"op:": "replace",
		"path": "/attributesByType/crucible-burned/onTongTransform/translation/z",
		"value": -0.92
	},
	{
		"file": "game:blocktypes/clay/crucible",
		"op:": "replace",
		"path": "/attributesByType/crucible-burned/onTongTransform/rotation/x",
		"value": 20
	},
	{
		"file": "game:blocktypes/clay/crucible",
		"op:": "replace",
		"path": "/attributesByType/crucible-burned/onTongTransform/rotation/y",
		"value": 0
	},
	{
		"file": "game:blocktypes/clay/crucible",
		"op:": "replace",
		"path": "/attributesByType/crucible-burned/onTongTransform/rotation/z",
		"value": -90
	},
	{
		"file": "game:blocktypes/clay/crucible",
		"op:": "replace",
		"path": "/attributesByType/crucible-burned/onTongTransform/scale",
		"value": 0.63
	}


]