[
	{
		"file": "game:itemtypes/resource/metalnailsandstrips",
		"op:": "replace",
		"path": "/attributes/onTongTransform/translation/x",
		"value": -1.148
	},
	{
		"file": "game:itemtypes/resource/metalnailsandstrips",
		"op:": "replace",
		"path": "/attributes/onTongTransform/translation/y",
		"value": -1.02
	},
	{
		"file": "game:itemtypes/resource/metalnailsandstrips",
		"op:": "replace",
		"path": "/attributes/onTongTransform/translation/z",
		"value": -0.56
	},
	{
		"file": "game:itemtypes/resource/metalnailsandstrips",
		"op:": "replace",
		"path": "/attributes/onTongTransform/rotation/x",
		"value": 17
	},
	{
		"file": "game:itemtypes/resource/metalnailsandstrips",
		"op:": "replace",
		"path": "/attributes/onTongTransform/rotation/y",
		"value": -2
	},
	{
		"file": "game:itemtypes/resource/metalnailsandstrips",
		"op:": "replace",
		"path": "/attributes/onTongTransform/rotation/z",
		"value": -88
	},
	{
		"file": "game:itemtypes/resource/metalnailsandstrips",
		"op:": "replace",
		"path": "/attributes/onTongTransform/scale",
		"value": 0.9
	}
]
