[
	{
		"file": "game:itemtypes/resource/metalplate",
		"op:": "replace",
		"path": "/attributes/onTongTransform/translation/x",
		"value": -0.68
	},
	{
		"file": "game:itemtypes/resource/metalplate",
		"op:": "replace",
		"path": "/attributes/onTongTransform/translation/y",
		"value": -0.86
	},
	{
		"file": "game:itemtypes/resource/metalplate",
		"op:": "replace",
		"path": "/attributes/onTongTransform/translation/z",
		"value": -0.77
	},
	{
		"file": "game:itemtypes/resource/metalplate",
		"op:": "replace",
		"path": "/attributes/onTongTransform/rotation/x",
		"value": 89
	},
	{
		"file": "game:itemtypes/resource/metalplate",
		"op:": "replace",
		"path": "/attributes/onTongTransform/rotation/y",
		"value": -9
	},
	{
		"file": "game:itemtypes/resource/metalplate",
		"op:": "replace",
		"path": "/attributes/onTongTransform/rotation/z",
		"value": 38
	},
	{
		"file": "game:itemtypes/resource/metalplate",
		"op:": "replace",
		"path": "/attributes/onTongTransform/scale",
		"value": 0.8
	}


]
