[
  {
    "file": "game:itemtypes/toolhead/axehead",
    "op:": "replace",
    "path": "/attributes/onTongTransformByType/@axehead-(copper|bismuthbronze|tinbronze|blackbronze)/translation/x",
    "value": -0.18
  },
  {
    "file": "game:itemtypes/toolhead/axehead",
    "op:": "replace",
    "path": "/attributes/onTongTransformByType/@axehead-(copper|bismuthbronze|tinbronze|blackbronze)/translation/y",
    "value": -0.91
  },
  {
    "file": "game:itemtypes/toolhead/axehead",
    "op:": "replace",
    "path": "/attributes/onTongTransformByType/@axehead-(copper|bismuthbronze|tinbronze|blackbronze)/translation/z",
    "value": -0.11
  },
  {
    "file": "game:itemtypes/toolhead/axehead",
    "op:": "replace",
    "path": "/attributes/onTongTransformByType/@axehead-(copper|bismuthbronze|tinbronze|blackbronze)/rotation/x",
    "value": 68
  },
  {
    "file": "game:itemtypes/toolhead/axehead",
    "op:": "replace",
    "path": "/attributes/onTongTransformByType/@axehead-(copper|bismuthbronze|tinbronze|blackbronze)/rotation/y",
    "value": 0
  },
  {
    "file": "game:itemtypes/toolhead/axehead",
    "op:": "replace",
    "path": "/attributes/onTongTransformByType/@axehead-(copper|bismuthbronze|tinbronze|blackbronze)/rotation/z",
    "value": -8
  }
]
