[
	{
		"file": "game:itemtypes/tool/shears",
		"op:": "replace",
		"path": "/attributes/onTongTransform/translation/x",
		"value": -0.38
	},
	{
		"file": "game:itemtypes/tool/shears",
		"op:": "replace",
		"path": "/attributes/onTongTransform/translation/y",
		"value": -0.65
	},
	{
		"file": "game:itemtypes/tool/shears",
		"op:": "replace",
		"path": "/attributes/onTongTransform/translation/z",
		"value": -0.6
	},
	{
		"file": "game:itemtypes/tool/shears",
		"op:": "replace",
		"path": "/attributes/onTongTransform/rotation/x",
		"value": 0
	},
	{
		"file": "game:itemtypes/tool/shears",
		"op:": "replace",
		"path": "/attributes/onTongTransform/rotation/y",
		"value": 174
	},
	{
		"file": "game:itemtypes/tool/shears",
		"op:": "replace",
		"path": "/attributes/onTongTransform/rotation/z",
		"value": 0
	}
]
