[
	{
		"file": "game:itemtypes/resource/ingot",
		"op:": "replace",
		"path": "/attributes/onTongTransform/translation/x",
		"value": -0.55
	},
	{
		"file": "game:itemtypes/resource/ingot",
		"op:": "replace",
		"path": "/attributes/onTongTransform/translation/y",
		"value": -0.5
	},
	{
		"file": "game:itemtypes/resource/ingot",
		"op:": "replace",
		"path": "/attributes/onTongTransform/translation/z",
		"value": -0.49
	},
	{
		"file": "game:itemtypes/resource/ingot",
		"op:": "replace",
		"path": "/attributes/onTongTransform/rotation/x",
		"value": -58
	},
	{
		"file": "game:itemtypes/resource/ingot",
		"op:": "replace",
		"path": "/attributes/onTongTransform/rotation/y",
		"value": -76
	},
	{
		"file": "game:itemtypes/resource/ingot",
		"op:": "replace",
		"path": "/attributes/onTongTransform/rotation/z",
		"value": -9
	},
	{
		"file": "game:itemtypes/resource/ingot",
		"op:": "replace",
		"path": "/attributes/onTongTransform/scale",
		"value": 1.08
	}
]
