{
	"code": "bomb",
	"class": "BlockPowderKeg",
	"entityClass": "PowderKeg",
	"maxstacksize": 1,
	"variantgroups": [
		{
			"code": "type",
			"states": [ "powderkeg" ]
		}
	],
	"attributes": {
		"blastRadius": 9,
		"injureRadiusByType": {
			"*": 14
		},
		"blastTypeByType": {
			"*": 1
		}
	},
	"storageFlags": 5,
	"behaviors": [ { "name": "Unstable" } ],
	"shapeByType": {
		"*": { "base": "shapes/block/wood/powderkeg" }
	},
	"sidesolid": { "all": false },
	"sideopaque": { "all": false },
	"blockmaterial": "Wood",
	"creativeinventory": {
		"general": [ "*" ],
		"decorative": [ "*" ]
	},
	"replaceable": 5100,
	"resistance": 0.75,
	"lightAbsorption": 0,
	"selectionbox": {
		"x1": 0.05,
		"y1": 0,
		"z1": 0.05,
		"x2": 0.95,
		"y2": 1,
		"z2": 0.95

	},
	"collisionbox": {
		"x1": 0.05,
		"y1": 0,
		"z1": 0.05,
		"x2": 0.95,
		"y2": 1,
		"z2": 0.95

	},
	"sounds": {
		"place": "game:block/planks",
		"walk": "game:walk/wood"
	},
	"materialDensity": 200,
	"guiTransform": {
		"rotation": {
			"x": -18,
			"y": -37,
			"z": 1
		},
		"scaleXyz": {
			"x": -1.22,
			"y": 1.22,
			"z": 1.22
		}
	},
	"fpHandTransform": {
		"rotation": {
			"x": -19,
			"y": -45,
			"z": 0
		},
		"scale": 1.2
	},
	"tpHandTransform": {
		"translation": {
			"x": -1.1,
			"y": -0.5,
			"z": -1
		},
		"rotation": {
			"x": 0,
			"y": 18,
			"z": -70
		},
		"origin": {
			"x": 0.5,
			"y": 0.35,
			"z": 0.65
		},
		"scale": 0.5
	},
	"heldTpIdleAnimation": "holdbothhandslarge",
	"heldRightReadyAnimation": "heldblockready",
	"heldTpUseAnimation": "twohandplaceblock",
	"groundTransform": {
		"scale": 2.5
	}
}