{
    "arrow-*": {
        "Enabled": true,
        "Comment": "",
        "MorePilesProperties": {
            "ForceReplaceBehavior": true
        },
        "CtrlKey": false,
        "UpSolid": false,
        "BulkTransferQuantity": 8,
        "TransferQuantity": 1,
        "StackingCapacity": 64,
        "StackingModel": "morepiles:arrowpile_32",
        "CbScaleYByLayer": 0.25, // 16 / StackingCapacity,
        "CollisionBox": { "x1": 0, "y1": 0, "z1": 0, "x2": 1, "y2": 0.0625, "z2": 1 },
        "PlaceRemoveSound": "game:block/stickplace",
        "ModelItemsToStackSizeRatio": 6 // should be ??? / StackingCapacity
    },
    "beeswax": {
        "Enabled": true,
        "Comment": "",
        "MorePilesProperties": {
            "ForceReplaceBehavior": true
        },
        "CtrlKey": false,
        "UpSolid": false,
        "BulkTransferQuantity": 8,
        "TransferQuantity": 1,
        "StackingCapacity": 32,
        "StackingModel": "morepiles:beeswaxpile_8",
        "CbScaleYByLayer": 0.25, // 8 / StackingCapacity,
        "CollisionBox": { "x1": 0.2941, "y1": 0, "z1": 0.2941, "x2": 0.75, "y2": 0.125, "z2": 0.75 },
        "PlaceRemoveSound": "game:effect/squish1"
    },
    "bone": {
        "Enabled": true,
        "Comment": "Bone (vanilla)",
        "MorePilesProperties": {
            "FixPlacement": true,
            "ForceReplaceBehavior": true
        },
        "CtrlKey": true,
        "UpSolid": false,
        "BulkTransferQuantity": 8,
        "TransferQuantity": 1,
        "StackingCapacity": 64,
        "StackingModel": "morepiles:bonepile_64",
        "CbScaleYByLayer": 0.25, // 16 / StackingCapacity,
        "CollisionBox": { "x1": 0, "y1": 0, "z1": 0, "x2": 1, "y2": 0.0625, "z2": 1 },
        "PlaceRemoveSound": "game:block/ceramicplace"
    },
    "cloth-*": {
        "Enabled": true,
        "Comment": "",
        "MorePilesProperties": {
            "ForceReplaceBehavior": true
        },
        "CtrlKey": false,
        "UpSolid": false,
        "BulkTransferQuantity": 8,
        "TransferQuantity": 1,
        "StackingCapacity": 48,
        "StackingModel": "morepiles:clothpile_12",
        "CbScaleYByLayer": 0.16666666666, // 8 / StackingCapacity,
        "CollisionBox": { "x1": 0, "y1": 0, "z1": 0, "x2": 1, "y2": 0.125, "z2": 1 },
        "PlaceRemoveSound": "game:block/cloth"
    },
    "flaxfibers": {
        "Enabled": true,
        "Comment": "",
        "MorePilesProperties": {
            "ForceReplaceBehavior": true
        },
        "CtrlKey": false,
        "UpSolid": false,
        "BulkTransferQuantity": 8,
        "TransferQuantity": 1,
        "StackingCapacity": 128,
        "StackingModel": "morepiles:flaxfiberspile_16",
        "CbScaleYByLayer": 0.125, // 16 / StackingCapacity,
        "CollisionBox": { "x1": 0, "y1": 0, "z1": 0, "x2": 1, "y2": 0.0625, "z2": 1 },
        "PlaceRemoveSound": "game:block/cloth",
        "ModelItemsToStackSizeRatio": 2 // should be ??? / StackingCapacity
    },
    "flaxtwine": {
        "Enabled": true,
        "Comment": "",
        "MorePilesProperties": {
            "ForceReplaceBehavior": true
        },
        "CtrlKey": false,
        "UpSolid": false,
        "BulkTransferQuantity": 8,
        "TransferQuantity": 1,
        "StackingCapacity": 32,
        "StackingModel": "morepiles:flaxtwinepile_8",
        "CbScaleYByLayer": 0.25, // 8 / StackingCapacity,
        "CollisionBox": { "x1": 0.1875, "y1": 0, "z1": 0.1875, "x2": 0.8125, "y2": 0.125, "z2": 0.8125 },
        "PlaceRemoveSound": "game:block/cloth",
        "ModelItemsToStackSizeRatio": 1 // 24 elements, no idea why nothing works
    },
    "stick": {
        "Enabled": true,
        "Comment": "",
        "MorePilesProperties": {
            "ForceReplaceBehavior": true
        },
        "CtrlKey": false,
        "UpSolid": false,
        "BulkTransferQuantity": 8,
        "TransferQuantity": 1,
        "StackingCapacity": 64,
        "StackingModel": "morepiles:stickpile_64",
        "CbScaleYByLayer": 0.25, // 16 / StackingCapacity,
        "CollisionBox": { "x1": 0, "y1": 0, "z1": 0, "x2": 1, "y2": 0.0625, "z2": 1 },
        "PlaceRemoveSound": "game:block/stickplace"
    },
    "chutesection-*": {
        "Enabled": true,
        "Comment": "",
        "MorePilesProperties": {
            "ForceReplaceBehavior": true
        },
        "CtrlKey": false,
        "UpSolid": true,
        "BulkTransferQuantity": 8,
        "TransferQuantity": 1,
        "StackingCapacity": 64,
        "StackingModel": "morepiles:chutesectionpile_8",
        "CbScaleYByLayer": 0.3125, // 20 / StackingCapacity,
        "CollisionBox": { "x1": 0, "y1": 0, "z1": 0, "x2": 1, "y2": 0.05, "z2": 1 },
        "PlaceRemoveSound": "game:block/chute",
        "ModelItemsToStackSizeRatio": 4
    },
    "sail": {
        "Enabled": true,
        "Comment": "",
        "MorePilesProperties": {
            "ForceReplaceBehavior": true
        },
        "CtrlKey": false,
        "UpSolid": false,
        "BulkTransferQuantity": 2,
        "TransferQuantity": 1,
        "StackingCapacity": 8,
        "StackingModel": "morepiles:sailpile_8",
        "CbScaleYByLayer": 1, // 8 / StackingCapacity,
        "CollisionBox": { "x1": 0, "y1": 0, "z1": 0, "x2": 1, "y2": 0.125, "z2": 1 },
        "PlaceRemoveSound": "game:block/cloth"
    },
    "metalchain-*": {
        "Enabled": true,
        "Comment": "",
        "MorePilesProperties": {
            "ForceReplaceBehavior": true
        },
        "CtrlKey": false,
        "UpSolid": false,
        "BulkTransferQuantity": 4,
        "TransferQuantity": 1,
        "StackingCapacity": 8,
        "StackingModel": "morepiles:metalchainpile_16",
        "CbScaleYByLayer": 1, // 8 / StackingCapacity,
        "CollisionBox": { "x1": 0.0315, "y1": 0, "z1": 0.0315, "x2": 0.9685, "y2": 0.125, "z2": 0.9685 },
        "PlaceRemoveSound": "game:wearable/chain1"
    },
    "metallamellae-*": {
        "Enabled": true,
        "Comment": "",
        "MorePilesProperties": {
            "ForceReplaceBehavior": true
        },
        "CtrlKey": false,
        "UpSolid": false,
        "BulkTransferQuantity": 4,
        "TransferQuantity": 1,
        "StackingCapacity": 8,
        "StackingModel": "morepiles:metallamellaepile_32",
        "CbScaleYByLayer": 1, // 8 / StackingCapacity,
        "CollisionBox": { "x1": 0.0315, "y1": 0, "z1": 0.0315, "x2": 0.9685, "y2": 0.125, "z2": 0.9685 },
        "PlaceRemoveSound": "game:wearable/chain1"
    },
    "metalscale-*": {
        "Enabled": true,
        "Comment": "",
        "MorePilesProperties": {
            "ForceReplaceBehavior": true
        },
        "CtrlKey": false,
        "UpSolid": false,
        "BulkTransferQuantity": 4,
        "TransferQuantity": 1,
        "StackingCapacity": 8,
        "StackingModel": "morepiles:metalscalespile_32",
        "CbScaleYByLayer": 1, // 8 / StackingCapacity,
        "CollisionBox": { "x1": 0.1875, "y1": 0, "z1": 0.1875, "x2": 0.8125, "y2": 0.125, "z2": 0.8125 },
        "PlaceRemoveSound": "game:wearable/chain1"
    },
    "stone-*": {
        "Enabled": true,
        "Comment": "",
        "MorePilesProperties": {
            "ForceReplaceBehavior": true
        },
        "CtrlKey": true,
        "UpSolid": true,
        "BulkTransferQuantity": 8,
        "TransferQuantity": 1,
        "StackingCapacity": 72,
        "StackingModel": "morepiles:stonepile_72",
        "CbScaleYByLayer": 0.11111111111, // 8 / StackingCapacity,
        "CollisionBox": { "x1": 0, "y1": 0, "z1": 0, "x2": 1, "y2": 0.125, "z2": 1 },
        "PlaceRemoveSound": "game:block/loosestone"
    },
    "rope": {
        "Enabled": true,
        "Comment": "Rope (vanilla)",
        "MorePilesProperties": {
            "FixPlacement": true,
            "ForceReplaceBehavior": true
        },
        "CtrlKey": true,
        "UpSolid": false,
        "BulkTransferQuantity": 4,
        "TransferQuantity": 1,
        "StackingCapacity": 32,
        "StackingModel": "morepiles:shapes/ropepile_32",
        "CbScaleYByLayer": 0.25, // 8 / StackingCapacity,
        "CollisionBox": { "x1": 0, "y1": 0, "z1": 0, "x2": 1, "y2": 0.125, "z2": 1 },
        "PlaceRemoveSound": "game:block/cloth"
    },
    "drygrass": {
        "Enabled": true,
        "Comment": "Dry grass (vanilla). Models: [ 'drygrasspile_64-optimized', 'drygrasspile_64-heavy' ]",
        "MorePilesProperties": {
            "FixPlacement": true,
            "ForceReplaceBehavior": true
        },
        "CtrlKey": true,
        "UpSolid": false,
        "BulkTransferQuantity": 4,
        "TransferQuantity": 1,
        "StackingCapacity": 64,
        "StackingModel": "morepiles:shapes/drygrasspile_64-optimized",
        "CbScaleYByLayer": 0.125, // 8 / StackingCapacity,
        "CollisionBox": { "x1": 0, "y1": 0, "z1": 0, "x2": 1, "y2": 0.125, "z2": 1 }
        // "PlaceRemoveSound": "game:block/cloth"
        // ModelItemsToStackSizeRatio info:
        // optimized - 11
        // heavy - 20
    },
    "thatch": {
        "Enabled": true,
        "Comment": "Thatch (vanilla). Models: [ 'thatchpile_64-optimized', 'thatchpile_64-heavy' ]",
        "MorePilesProperties": {
            "ForceReplaceBehavior": true
        },
        "CtrlKey": false,
        "UpSolid": false,
        "BulkTransferQuantity": 4,
        "TransferQuantity": 1,
        "StackingCapacity": 64,
        "StackingModel": "morepiles:shapes/thatchpile_64-optimized",
        "CbScaleYByLayer": 0.125, // 8 / StackingCapacity,
        "CollisionBox": { "x1": 0, "y1": 0, "z1": 0, "x2": 1, "y2": 0.125, "z2": 1 }
        // "PlaceRemoveSound": "game:block/cloth"
        // ModelItemsToStackSizeRatio info:
        // optimized - 8
        // heavy - 20
    }
}
