{
    "code": "fatstorage2",
    "entityClass": "GenericContainer",
    "creativeinventory": { "general": ["*-north"], "decorative": ["*-north"], "decorbazaar": ["*-north"] },
	"behaviors": [ {"name": "HorizontalOrientable"}, {"name": "Container"}],
    "variantgroups": [{ "code": "side", "loadFromProperties": "abstract/horizontalorientation" }, {"name": "Container"}],
    "attributes": {
		"inventoryClassName": "Cabinet",
		"quantitySlots": 20,
		"dialogTitleLangCode": "Fat Storage"
	},
    "shape": {
        "base": "block/storage/fatstorage2",
        "rotateYByType": {
            "*-north": 0,
            "*-east": 270,
            "*-south": 180,
            "*-west": 90
        }
    },
    "blockmaterial": "Stone",
  "lightAbsorption": 0,
    "sidesolid": {
        "all": "false"
    },
    "sideopaque": {
        "all": "false"
    },
    "drawtype": "json",
    "resistance": 3.5,
    "sounds": {
        "place": "game:block/stone",
        "walk": "game:walk/stone"
    },
    "selectionBox": { 
			x1: 0, y1: 0.125, z1: 0, x2: 1, y2: 0.8125, z2: 0.5625,
			rotateYByType: {
			"*-east": 270,
			"*-west": 90,
			"*-south": 180
			}
},
    "collisionBox": { 
			x1: 0, y1: 0.125, z1: 0, x2: 1, y2: 0.8125, z2: 0.5625,
			rotateYByType: {
			"*-east": 270,
			"*-west": 90,
			"*-south": 180
			}
},
	guiTransform: {
		rotation: { x: -22.6, y: 147, z: 0 }
	},
}