{
	"editor": {
		"backDropShape": "C:/Users/shani/AppData/Roaming/VintagestoryData/Mods/monoceros/assets/monoceros/shapes/entity/land/indicus/adult-female",
		"collapsedPaths": "Root/Origin/Rear/Midsection/Chest/R Shoulder,Root/Origin/Rear/Midsection/Chest,Root/BlanketHUMPN,Root/Origin/Rear/Midsection/root,Root/Origin/Rear/R Thigh,Root/BlanketFBACK,Root/Origin/Rear/L Thigh,Root/BlanketFrontN",
		"allAngles": true,
		"entityTextureMode": true
	},
	"textureWidth": 16,
	"textureHeight": 16,
	"textureSizes": {
		"blanket": [16,24]
	},
	"textures": {
		"blanket": "item/wearable/hooved/blanket/squire"
	},
	"elements": [
		{
			"name": "ORIGIN",
			"stepParentName": "Belly",
			"from": [ 6.06, -3.26, 0.05 ],
			"to": [ 7.27, -2.05, 1.26 ],
			"uv": [ 999.0, 999.0 ],
			"rotationOrigin": [ 6.06, -3.26, 0.047 ],
			"faces": {
			},
			"children": [
				{
					"name": "BLanketMidTop",
					"from": [ -2.7, 4.2, -0.59 ],
					"to": [ 6.0042, 12.27, 8.61 ],
					"unwrapMode": 5,
					"autoUnwrap": false,
					"uv": [ 4.5, 0.5 ],
					"rotationOrigin": [ -2.8, 4.545, -0.4865 ],
					"faces": {
						"north": { "texture": "#blanket", "uv": [ 4.5, 0.5, 12.5, 7.5 ], "rotation": 180, "autoUv": false, "windMode": [-1,-1,-1,-1], "windData": [1,1,1,1] },
						"south": { "texture": "#blanket", "uv": [ 4.5, 16.0, 12.5, 23.0 ], "autoUv": false },
						"west": { "texture": "#blanket", "uv": [ 1.5, 7.5, 8.5, 16.0 ], "rotation": 270, "autoUv": false, "windMode": [-1,-1,-1,-1], "windData": [1,1,1,1] },
						"up": { "texture": "#blanket", "uv": [ 4.5, 7.5, 12.5, 16.0 ], "autoUv": false }
					},
					"children": [
						{
							"name": "bottomedgeN",
							"from": [ 0.0, 0.0, 0.0 ],
							"to": [ 9.7042, 0.0, 0.605 ],
							"autoUnwrap": false,
							"uv": [ 4.5, 0.0 ],
							"faces": {
								"down": { "texture": "#blanket", "uv": [ 4.5, 0.0, 12.5, 0.5 ], "rotation": 180, "autoUv": false }
							}
						},
						{
							"name": "bottomedgeS",
							"from": [ 0.0, 0.0, 8.8 ],
							"to": [ 9.4042, 0.0, 9.405 ],
							"autoUnwrap": false,
							"uv": [ 4.5, 23.0 ],
							"rotationOrigin": [ 0.0, 0.0, 8.801 ],
							"faces": {
								"down": { "texture": "#blanket", "uv": [ 4.5, 23.0, 12.5, 23.5 ], "rotation": 180, "autoUv": false }
							}
						}
					]
				},
				{
					"name": "BlanketFrontN",
					"from": [ -3.9, 4.2, -0.5 ],
					"to": [ 1.545, 12.254, 8.7 ],
					"unwrapMode": 5,
					"uv": [ 1.5, 0.5 ],
					"rotationOrigin": [ -16.789, 4.2008, -0.834 ],
					"faces": {
						"north": { "texture": "#blanket", "uv": [ 1.5, 0.5, 6.0, 7.5 ], "rotation": 180, "autoUv": false, "windMode": [-1,-1,-1,-1], "windData": [1,1,1,1] },
						"south": { "texture": "#blanket", "uv": [ 1.5, 16.5, 6.0, 23.0 ], "autoUv": false, "windMode": [-1,-1,-1,-1], "windData": [1,1,1,1] },
						"up": { "texture": "#blanket", "uv": [ 1.5, 7.5, 6.0, 16.0 ], "autoUv": false }
					},
					"children": [
						{
							"name": "BlanketFrontSideS",
							"from": [ 0.0, 0.0, 8.04 ],
							"to": [ 5.445, 7.744, 9.25 ],
							"unwrapMode": 3,
							"autoUnwrap": false,
							"uv": [ 0.5, 16.0 ],
							"rotationOrigin": [ 0.0, 8.0E-4, 8.038 ],
							"faces": {
								"east": { "texture": "#blanket", "uv": [ 6.0, 17.0, 7.0, 23.0 ], "autoUv": false },
								"west": { "texture": "#blanket", "uv": [ 1.0, 17.0, 2.0, 23.0 ], "autoUv": false },
								"down": { "texture": "#blanket", "uv": [ 1.5, 22.5, 6.0, 23.5 ], "rotation": 180, "autoUv": false, "windMode": [-1,-1,-1,-1], "windData": [1,1,1,1] }
							}
						},
						{
							"name": "BlanketFrontTopN",
							"from": [ 0.0, 6.84, 0.0 ],
							"to": [ 5.445, 8.05, 9.248 ],
							"autoUnwrap": false,
							"uv": [ 2.0, 8.0 ],
							"rotationOrigin": [ 0.0, 6.8448, 0.0 ],
							"faces": {
								"east": { "texture": "#blanket", "uv": [ 6.0, 7.5, 7.0, 16.0 ], "rotation": 90, "autoUv": false },
								"west": { "texture": "#blanket", "uv": [ 1.0, 7.5, 2.0, 16.0 ], "rotation": 90, "autoUv": false }
							}
						},
						{
							"name": "BlanketFrontSideN",
							"from": [ 0.0, 0.0, 0.0 ],
							"to": [ 5.445, 7.744, 1.21 ],
							"unwrapMode": 3,
							"autoUnwrap": false,
							"uv": [ 0.5, 16.0 ],
							"rotationOrigin": [ 0.0, 8.0E-4, 0.0 ],
							"faces": {
								"east": { "texture": "#blanket", "uv": [ 6.0, 0.5, 7.0, 6.5 ], "rotation": 180, "autoUv": false },
								"west": { "texture": "#blanket", "uv": [ 1.0, 0.5, 2.0, 6.5 ], "autoUv": false },
								"down": { "texture": "#blanket", "uv": [ 1.5, 0.0, 6.0, 1.0 ], "rotation": 180, "autoUv": false, "windMode": [-1,-1,-1,-1], "windData": [1,1,1,1] }
							}
						}
					]
				},
				{
					"name": "BlanketFBACK",
					"from": [ 3.1, 4.2, -0.5 ],
					"to": [ 6.73, 12.354, 8.7 ],
					"unwrapMode": 5,
					"uv": [ 11.5, 0.5 ],
					"rotationOrigin": [ 16.4378, 7.7079, -2.758 ],
					"faces": {
						"north": { "texture": "#blanket", "uv": [ 11.5, 0.5, 14.5, 7.5 ], "rotation": 180, "autoUv": false },
						"south": { "texture": "#blanket", "uv": [ 11.5, 16.5, 14.5, 23.0 ], "autoUv": false, "windMode": [-1,-1,-1,-1], "windData": [1,1,1,1] },
						"up": { "texture": "#blanket", "uv": [ 11.5, 7.5, 14.5, 16.0 ], "autoUv": false }
					},
					"children": [
						{
							"name": "BlanketBackSideS",
							"from": [ 0.0, 0.0, 8.54 ],
							"to": [ 3.63, 7.744, 9.145 ],
							"autoUnwrap": false,
							"uv": [ 7.0, 16.5 ],
							"rotationOrigin": [ 0.0, 8.0E-4, 8.543 ],
							"faces": {
								"east": { "texture": "#blanket", "uv": [ 14.5, 17.0, 15.0, 23.0 ], "autoUv": false },
								"west": { "texture": "#blanket", "uv": [ 11.0, 17.0, 11.5, 23.0 ], "autoUv": false },
								"down": { "texture": "#blanket", "uv": [ 11.5, 23.0, 14.5, 23.5 ], "rotation": 180, "autoUv": false, "windMode": [-1,-1,-1,-1], "windData": [1,1,1,1] }
							}
						},
						{
							"name": "edgeEWtop",
							"from": [ 0.0, 6.84, 0.0 ],
							"to": [ 3.63, 8.05, 9.148 ],
							"autoUnwrap": false,
							"uv": [ 12.0, 8.5 ],
							"rotationOrigin": [ 0.0, 6.8448, 0.0 ],
							"faces": {
								"east": { "texture": "#blanket", "uv": [ 14.0, 7.5, 15.0, 16.0 ], "rotation": 90, "autoUv": false },
								"west": { "texture": "#blanket", "uv": [ 10.5, 7.5, 11.5, 16.0 ], "rotation": 270, "autoUv": false }
							}
						},
						{
							"name": "BlanketBackSideN",
							"from": [ 0.0, 0.0, 0.0 ],
							"to": [ 3.63, 7.744, 0.605 ],
							"unwrapMode": 1,
							"autoUnwrap": false,
							"uv": [ 11.0, 0.0 ],
							"rotationOrigin": [ 0.0, 8.0E-4, 0.0 ],
							"faces": {
								"east": { "texture": "#blanket", "uv": [ 14.5, 0.5, 15.0, 6.5 ], "rotation": 180, "autoUv": false },
								"west": { "texture": "#blanket", "uv": [ 11.0, 0.5, 11.5, 6.5 ], "rotation": 180, "autoUv": false },
								"down": { "texture": "#blanket", "uv": [ 11.5, 0.0, 14.5, 0.5 ], "rotation": 180, "autoUv": false, "windMode": [-1,-1,-1,-1], "windData": [1,1,1,1] }
							}
						}
					]
				}
			]
		}
	]}