{
	"editor": {
		"backDropShape": "C:/Users/shani/AppData/Roaming/VintagestoryData/Mods/monoceros/assets/monoceros/shapes/entity/land/indicus/adult-female",
		"collapsedPaths": "Root/ORIGIN/SaddleSeat,Root/ORIGIN/SaddleFrontWall,Root/ORIGIN/SaddleBack1,Root/SaddleFrontN",
		"allAngles": true,
		"entityTextureMode": false
	},
	"textureWidth": 16,
	"textureHeight": 16,
	"textureSizes": {
		"green": [16,16],
		"plain": [16,16],
		"birch": [16,16]
	},
	"textures": {
	},
	"elements": [
		{
			"name": "ORIGIN",
			"stepParentName": "MidStorage",
			"from": [ 1.005, 1.005, 3.9178 ],
			"to": [ 2.01, 2.01, 4.9228 ],
			"rotationOrigin": [ 1.005, 1.005, 3.9198 ],
			"faces": {
			},
			"children": [
				{
					"name": "Saddle",
					"from": [ 0.0, 0.0, 0.201 ],
					"to": [ 0.0, 0.0, 0.201 ],
					"rotationOrigin": [ 0.0, 0.0, 0.201 ],
					"faces": {
						"north": { "texture": "#null", "uv": [ 0.0, 0.0, 0.5, 0.5 ], "autoUv": false },
						"east": { "texture": "#null", "uv": [ 0.0, 0.0, 0.5, 0.5 ], "autoUv": false },
						"south": { "texture": "#null", "uv": [ 0.0, 0.0, 0.5, 0.5 ], "autoUv": false },
						"west": { "texture": "#null", "uv": [ 0.0, 0.0, 0.5, 0.5 ], "autoUv": false },
						"up": { "texture": "#null", "uv": [ 0.0, 0.0, 0.5, 0.5 ], "autoUv": false },
						"down": { "texture": "#null", "uv": [ 0.0, 0.0, 0.5, 0.5 ], "autoUv": false }
					},
					"children": [
						{
							"name": "SaddleSeat",
							"from": [ -0.5025, -2.01, -5.1 ],
							"to": [ 6.03, 1.7085, 5.145 ],
							"rotationOrigin": [ -0.5025, -2.01, -5.1225 ],
							"faces": {
								"north": { "texture": "#plain", "uv": [ 2.5, 2.0, 9.0, 5.5 ], "autoUv": false },
								"east": { "texture": "#plain", "uv": [ 3.0, 3.0, 12.0, 6.5 ], "autoUv": false },
								"south": { "texture": "#plain", "uv": [ 2.5, 0.0, 9.0, 3.5 ], "autoUv": false },
								"west": { "texture": "#plain", "uv": [ 6.0, 4.5, 15.0, 8.0 ], "autoUv": false, "windMode": [-1,-1,-1,-1], "windData": [0,1,1,1] },
								"up": { "texture": "#plain", "uv": [ 9.0, 3.0, 15.5, 12.0 ], "autoUv": false },
								"down": { "texture": "#plain", "uv": [ 8.5, 1.0, 15.0, 10.0 ], "autoUv": false, "windMode": [-1,-1,-1,-1], "windData": [1,1,1,1] }
							},
							"children": [
								{
									"name": "SaddlePeak",
									"from": [ -2.01, 1.7085, 0.0 ],
									"to": [ 7.0351, 3.7185, 4.7235 ],
									"rotationOrigin": [ -2.01, 3.7185, 0.0 ],
									"rotationX": -18.0,
									"faces": {
										"up": { "texture": "#plain", "uv": [ 0.0, 0.0, 9.0, 4.5 ], "autoUv": false }
									},
									"children": [
										{
											"name": "SaddlePeak2",
											"from": [ 0.0, 0.0, 4.7235 ],
											"to": [ 9.0451, 2.01, 9.4471 ],
											"rotationOrigin": [ 0.0, 2.01, 4.7235 ],
											"rotationX": 36.0,
											"faces": {
												"up": { "texture": "#plain", "uv": [ 0.0, 0.0, 9.0, 4.5 ], "autoUv": false }
											}
										}
									]
								}
							]
						},
						{
							"name": "SaddleFrontWall",
							"from": [ -2.5125, 1.5075, -4.8743 ],
							"to": [ -0.5025, 3.5175, 4.8743 ],
							"rotationOrigin": [ -0.5025, 1.5075, -4.8743 ],
							"rotationZ": 15.0,
							"faces": {
								"north": { "texture": "#plain", "uv": [ 4.0, 6.5, 6.0, 8.5 ], "autoUv": false },
								"east": { "texture": "#plain", "uv": [ 2.5, 5.5, 12.0, 7.5 ], "autoUv": false, "windMode": [-1,-1,-1,-1], "windData": [1,1,1,1] },
								"south": { "texture": "#plain", "uv": [ 13.0, 8.0, 15.0, 10.0 ], "autoUv": false },
								"west": { "texture": "#plain", "uv": [ 3.5, 0.5, 13.0, 2.5 ], "autoUv": false },
								"up": { "texture": "#plain", "uv": [ 4.0, 6.0, 6.0, 15.5 ], "autoUv": false },
								"down": { "texture": "#plain", "uv": [ 6.0, 3.0, 8.0, 12.5 ], "autoUv": false, "windMode": [-1,-1,-1,-1], "windData": [1,1,1,1] }
							},
							"children": [
								{
									"name": "SaddleFrontMid",
									"from": [ 0.0, 2.01, 4.02 ],
									"to": [ 2.01, 4.02, 5.5275 ],
									"rotationOrigin": [ 2.01, 2.01, 4.02 ],
									"faces": {
										"north": { "texture": "#plain", "uv": [ 7.0, 0.5, 9.0, 2.5 ], "autoUv": false },
										"east": { "texture": "#plain", "uv": [ 0.5, 2.5, 2.0, 4.5 ], "autoUv": false },
										"south": { "texture": "#plain", "uv": [ 5.0, 10.5, 7.0, 12.5 ], "autoUv": false },
										"west": { "texture": "#plain", "uv": [ 0.0, 6.5, 1.5, 8.5 ], "autoUv": false },
										"up": { "texture": "#plain", "uv": [ 2.5, 13.0, 4.5, 14.5 ], "autoUv": false }
									},
									"children": [
										{
											"name": "SaddleFrontLeft",
											"from": [ 0.191, 0.0, 1.407 ],
											"to": [ 1.799, 1.5075, 4.9245 ],
											"rotationOrigin": [ 1.7588, 1.5075, 1.407 ],
											"rotationX": 26.0,
											"faces": {
												"north": { "texture": "#plain", "uv": [ 7.0, 3.0, 8.5, 4.5 ], "autoUv": false },
												"east": { "texture": "#plain", "uv": [ 7.0, 13.0, 10.5, 14.5 ], "autoUv": false },
												"south": { "texture": "#plain", "uv": [ 8.5, 10.5, 10.0, 12.0 ], "autoUv": false },
												"west": { "texture": "#plain", "uv": [ 11.5, 0.5, 15.0, 2.0 ], "autoUv": false },
												"up": { "texture": "#plain", "uv": [ 13.0, 3.5, 14.5, 7.0 ], "autoUv": false }
											},
											"children": [
												{
													"name": "WoodTrimL",
													"from": [ 0.3015, 0.7035, 0.0 ],
													"to": [ 1.3065, 1.7085, 4.221 ],
													"rotationOrigin": [ 0.3518, 0.7035, 0.0 ],
													"faces": {
														"east": { "texture": "#plain", "uv": [ 5.5, 6.5, 9.5, 7.5 ], "autoUv": false },
														"west": { "texture": "#plain", "uv": [ 3.5, 8.0, 7.5, 9.0 ], "autoUv": false },
														"up": { "texture": "#plain", "uv": [ 5.5, 4.5, 9.5, 5.5 ], "rotation": 90, "autoUv": false, "windMode": [-1,-1,-1,-1], "windData": [1,1,1,1] }
													}
												}
											]
										},
										{
											"name": "SaddleFrontRight",
											"from": [ 0.191, 0.0, -3.417 ],
											"to": [ 1.799, 1.5075, 0.1005 ],
											"rotationOrigin": [ 1.8593, 1.5075, 0.1005 ],
											"rotationX": -26.0,
											"faces": {
												"north": { "texture": "#plain", "uv": [ 13.0, 6.0, 14.5, 7.5 ], "autoUv": false },
												"east": { "texture": "#plain", "uv": [ 3.5, 5.5, 7.0, 7.0 ], "autoUv": false },
												"south": { "texture": "#plain", "uv": [ 13.5, 6.0, 15.0, 7.5 ], "autoUv": false },
												"west": { "texture": "#plain", "uv": [ 11.5, 7.5, 15.0, 9.0 ], "autoUv": false },
												"up": { "texture": "#plain", "uv": [ 2.5, 8.0, 4.0, 11.5 ], "autoUv": false }
											},
											"children": [
												{
													"name": "WoodTrimR",
													"from": [ 0.3015, 0.7035, 0.0 ],
													"to": [ 1.3065, 1.7085, 4.02 ],
													"rotationOrigin": [ 0.3518, 0.7035, 0.0 ],
													"faces": {
														"east": { "texture": "#plain", "uv": [ 2.5, 12.0, 6.5, 13.0 ], "autoUv": false },
														"west": { "texture": "#plain", "uv": [ 7.0, 11.0, 11.0, 12.0 ], "autoUv": false },
														"up": { "texture": "#plain", "uv": [ 7.0, 13.0, 11.0, 14.0 ], "rotation": 90, "autoUv": false, "windMode": [-1,-1,-1,-1], "windData": [1,1,1,1] }
													}
												}
											]
										},
										{
											"name": "WoodTrimMid",
											"from": [ 0.5025, 0.0, -0.2513 ],
											"to": [ 1.5075, 2.211, 1.7588 ],
											"rotationOrigin": [ 0.5025, 0.0, -0.2513 ],
											"faces": {
												"north": { "texture": "#plain", "uv": [ 14.0, 4.0, 15.0, 6.0 ], "autoUv": false },
												"east": { "texture": "#plain", "uv": [ 1.5, 7.5, 3.5, 9.5 ], "autoUv": false },
												"south": { "texture": "#plain", "uv": [ 13.5, 8.5, 14.5, 10.5 ], "autoUv": false },
												"west": { "texture": "#plain", "uv": [ 2.5, 13.0, 4.5, 15.0 ], "autoUv": false },
												"up": { "texture": "#plain", "uv": [ 11.0, 11.0, 13.0, 12.0 ], "rotation": 90, "autoUv": false }
											}
										}
									]
								},
								{
									"name": "SaddleFrontTrim",
									"from": [ 0.5025, 0.7035, -0.2513 ],
									"to": [ 1.5075, 2.211, 9.8993 ],
									"rotationOrigin": [ 0.5025, 0.7035, -0.2513 ],
									"faces": {
										"north": { "texture": "#plain", "uv": [ 8.0, 13.5, 9.5, 14.5 ], "rotation": 90, "autoUv": false, "windMode": [-1,-1,-1,-1], "windData": [1,1,1,1] },
										"east": { "texture": "#plain", "uv": [ 4.0, 0.5, 14.0, 2.0 ], "autoUv": false },
										"south": { "texture": "#plain", "uv": [ 10.5, 2.0, 12.0, 3.0 ], "rotation": 90, "autoUv": false },
										"west": { "texture": "#plain", "uv": [ 2.5, 11.5, 12.5, 13.0 ], "autoUv": false },
										"up": { "texture": "#plain", "uv": [ 6.0, 13.0, 16.0, 14.0 ], "rotation": 90, "autoUv": false, "windMode": [-1,-1,-1,-1], "windData": [1,1,1,1] },
										"down": { "texture": "#plain", "uv": [ 5.0, 12.5, 15.0, 13.5 ], "rotation": 90, "autoUv": false }
									},
									"children": [
										{
											"name": "TrimN",
											"from": [ 0.0, -2.01, 0.0 ],
											"to": [ 1.005, 0.0, 0.5025 ],
											"rotationOrigin": [ 0.0, -2.01, 0.0 ],
											"faces": {
												"north": { "texture": "#plain", "uv": [ 14.0, 13.5, 16.0, 14.5 ], "rotation": 90, "autoUv": false },
												"east": { "texture": "#plain", "uv": [ 4.5, 5.0, 6.5, 5.5 ], "rotation": 90, "autoUv": false },
												"west": { "texture": "#plain", "uv": [ 11.5, 4.0, 13.5, 4.5 ], "rotation": 90, "autoUv": false },
												"down": { "texture": "#plain", "uv": [ 4.0, 2.0, 5.0, 2.5 ], "autoUv": false }
											}
										},
										{
											"name": "TrimS",
											"from": [ 0.0, -2.01, 9.6481 ],
											"to": [ 1.005, 0.0, 10.1506 ],
											"rotationOrigin": [ 0.0, -2.01, 9.6481 ],
											"faces": {
												"east": { "texture": "#plain", "uv": [ 4.5, 5.0, 6.5, 5.5 ], "rotation": 90, "autoUv": false },
												"south": { "texture": "#plain", "uv": [ 14.0, 9.0, 16.0, 10.0 ], "rotation": 90, "autoUv": false, "windMode": [-1,-1,-1,-1], "windData": [1,1,1,1] },
												"west": { "texture": "#plain", "uv": [ 11.5, 4.0, 13.5, 4.5 ], "rotation": 90, "autoUv": false },
												"down": { "texture": "#plain", "uv": [ 4.0, 2.0, 5.0, 2.5 ], "autoUv": false }
											}
										}
									]
								},
								{
									"name": "SaddleFrontWallN",
									"from": [ 0.0, -2.01, 0.0 ],
									"to": [ 2.01, 0.0, 0.5025 ],
									"rotationOrigin": [ 0.0, -2.01, 0.0 ],
									"faces": {
										"north": { "texture": "#plain", "uv": [ 7.5, 7.5, 9.5, 9.5 ], "autoUv": false, "windMode": [-1,-1,-1,-1], "windData": [1,1,1,1] },
										"east": { "texture": "#plain", "uv": [ 0.5, 10.5, 1.0, 12.5 ], "autoUv": false },
										"south": { "texture": "#plain", "uv": [ 8.0, 7.0, 10.0, 9.0 ], "autoUv": false, "windMode": [-1,-1,-1,-1], "windData": [1,1,1,1] },
										"west": { "texture": "#plain", "uv": [ 14.5, 13.5, 15.0, 15.5 ], "autoUv": false },
										"down": { "texture": "#plain", "uv": [ 5.0, 1.5, 7.0, 2.0 ], "autoUv": false }
									}
								},
								{
									"name": "SaddleFrontWallS",
									"from": [ 0.0, -2.01, 9.2461 ],
									"to": [ 2.01, 0.0, 9.7486 ],
									"rotationOrigin": [ 0.0, -2.01, 9.2461 ],
									"faces": {
										"north": { "texture": "#plain", "uv": [ 1.5, 12.0, 3.5, 14.0 ], "autoUv": false, "windMode": [-1,-1,-1,-1], "windData": [1,1,1,1] },
										"east": { "texture": "#plain", "uv": [ 11.5, 2.0, 12.0, 4.0 ], "autoUv": false },
										"south": { "texture": "#plain", "uv": [ 13.5, 6.0, 15.5, 8.0 ], "autoUv": false, "windMode": [-1,-1,-1,-1], "windData": [1,1,1,1] },
										"west": { "texture": "#plain", "uv": [ 11.0, 4.5, 11.5, 6.5 ], "autoUv": false },
										"down": { "texture": "#plain", "uv": [ 7.0, 5.0, 9.0, 5.5 ], "autoUv": false }
									}
								}
							]
						},
						{
							"name": "SaddleBack1",
							"from": [ 5.025, 0.0, -4.7738 ],
							"to": [ 6.5326, 4.02, 4.7738 ],
							"rotationOrigin": [ 5.025, 0.0, -4.7738 ],
							"rotationZ": -20.0,
							"faces": {
								"north": { "texture": "#plain", "uv": [ 4.0, 6.5, 5.5, 10.5 ], "autoUv": false },
								"east": { "texture": "#plain", "uv": [ 2.5, 5.5, 12.0, 9.5 ], "autoUv": false },
								"south": { "texture": "#plain", "uv": [ 13.0, 8.0, 14.5, 12.0 ], "autoUv": false },
								"west": { "texture": "#plain", "uv": [ 3.5, 0.5, 13.0, 4.5 ], "autoUv": false },
								"up": { "texture": "#plain", "uv": [ 4.0, 6.0, 5.5, 15.5 ], "autoUv": false },
								"down": { "texture": "#plain", "uv": [ 6.0, 3.0, 7.5, 12.5 ], "autoUv": false }
							},
							"children": [
								{
									"name": "SaddleBackTrim",
									"from": [ 0.2513, 0.7035, -0.2513 ],
									"to": [ 1.2563, 4.221, 9.7988 ],
									"rotationOrigin": [ 1.2563, 0.7035, -0.2513 ],
									"faces": {
										"north": { "texture": "#plain", "uv": [ 11.5, 8.0, 15.0, 9.0 ], "rotation": 90, "autoUv": false, "windMode": [-1,-1,-1,-1], "windData": [1,1,1,1] },
										"east": { "texture": "#plain", "uv": [ 1.5, 11.5, 11.5, 15.0 ], "autoUv": false },
										"south": { "texture": "#plain", "uv": [ 4.0, 9.0, 7.5, 10.0 ], "rotation": 90, "autoUv": false, "windMode": [-1,-1,-1,-1], "windData": [1,1,1,1] },
										"west": { "texture": "#plain", "uv": [ 5.0, 3.5, 15.0, 7.0 ], "autoUv": false },
										"up": { "texture": "#plain", "uv": [ 5.5, 7.0, 15.5, 8.0 ], "rotation": 90, "autoUv": false, "windMode": [-1,-1,-1,-1], "windData": [1,1,1,1] }
									}
								}
							]
						},
						{
							"name": "SaddleFrontN",
							"from": [ -1.809, -2.211, -5.2 ],
							"to": [ 2.211, 1.005, 5.2 ],
							"rotationOrigin": [ -1.809, -2.2103, -5.1728 ],
							"rotationZ": 3.0,
							"faces": {
								"north": { "texture": "#plain", "uv": [ 5.5, 7.0, 9.5, 10.0 ], "autoUv": false },
								"east": { "texture": "#plain", "uv": [ 4.0, 1.0, 13.0, 4.0 ], "autoUv": false },
								"south": { "texture": "#plain", "uv": [ 9.5, 4.0, 13.5, 7.0 ], "autoUv": false },
								"west": { "texture": "#plain", "uv": [ 3.0, 6.5, 12.0, 9.5 ], "autoUv": false },
								"up": { "texture": "#plain", "uv": [ 2.0, 5.0, 6.0, 14.0 ], "autoUv": false },
								"down": { "texture": "#plain", "uv": [ 0.0, 4.5, 4.0, 13.5 ], "autoUv": false, "windMode": [-1,-1,-1,-1], "windData": [1,1,1,1] }
							},
							"children": [
								{
									"name": "StrapFront",
									"from": [ 1.4033, -6.3316, 0.6 ],
									"to": [ 3.4133, -6.03, 9.9401 ],
									"rotationOrigin": [ 1.4033, -6.3316, 0.603 ],
									"rotationZ": -3.0,
									"faces": {
										"north": { "texture": "#plain", "uv": [ 13.5, 0.0, 15.5, 0.5 ], "autoUv": false },
										"east": { "texture": "#plain", "uv": [ 1.0, 12.5, 9.0, 13.0 ], "autoUv": false },
										"south": { "texture": "#plain", "uv": [ 6.0, 9.0, 8.0, 9.5 ], "autoUv": false },
										"west": { "texture": "#plain", "uv": [ 3.5, 10.0, 11.5, 10.5 ], "autoUv": false },
										"up": { "texture": "#plain", "uv": [ 8.0, 9.5, 16.0, 11.5 ], "rotation": 90, "autoUv": false },
										"down": { "texture": "#plain", "uv": [ 1.5, 12.5, 9.5, 14.5 ], "rotation": 90, "autoUv": false }
									},
									"children": [
										{
											"name": "StrapFront2",
											"from": [ 0.0, 0.0, -0.3 ],
											"to": [ 2.01, 6.6331, 0.0015 ],
											"rotationOrigin": [ 0.0, 0.0, -0.3015 ],
											"rotationX": -1.8,
											"faces": {
												"north": { "texture": "#plain", "uv": [ 1.5, 1.5, 8.0, 3.5 ], "rotation": 90, "autoUv": false },
												"east": { "texture": "#plain", "uv": [ 0.0, 4.0, 0.5, 10.5 ], "autoUv": false },
												"south": { "texture": "#plain", "uv": [ 7.0, 8.5, 13.5, 10.5 ], "rotation": 90, "autoUv": false },
												"west": { "texture": "#plain", "uv": [ 14.5, 5.5, 15.0, 12.0 ], "autoUv": false },
												"up": { "texture": "#plain", "uv": [ 9.5, 1.5, 11.5, 2.0 ], "autoUv": false },
												"down": { "texture": "#plain", "uv": [ 0.5, 1.0, 2.5, 1.5 ], "autoUv": false }
											}
										},
										{
											"name": "StrapFront3",
											"from": [ 0.0, 0.0, 9.24 ],
											"to": [ 2.01, 8.5426, 9.5415 ],
											"rotationOrigin": [ 0.0, 0.0, 9.2401 ],
											"rotationX": 1.8,
											"faces": {
												"north": { "texture": "#plain", "uv": [ 6.5, 2.0, 15.0, 4.0 ], "rotation": 90, "autoUv": false },
												"east": { "texture": "#plain", "uv": [ 14.5, 6.5, 15.0, 15.0 ], "autoUv": false },
												"south": { "texture": "#plain", "uv": [ 2.5, 1.5, 11.0, 3.5 ], "rotation": 90, "autoUv": false },
												"west": { "texture": "#plain", "uv": [ 11.5, 2.0, 12.0, 10.5 ], "autoUv": false },
												"up": { "texture": "#plain", "uv": [ 2.5, 5.0, 4.5, 5.5 ], "autoUv": false },
												"down": { "texture": "#plain", "uv": [ 3.0, 7.5, 5.0, 8.0 ], "autoUv": false }
											}
										}
									]
								}
							]
						}
					]
				}
			]
		}
	]}