{
	"editor": {
		"backDropShape": "C:/Users/shani/AppData/Roaming/VintagestoryData/Mods/monoceros/assets/monoceros/shapes/entity/land/indicus/adult-female",
		"collapsedPaths": "Root/ORIGIN/SaddleSeat,Root/ORIGIN/SaddleFrontWall,Root/ORIGIN/Saddle/SaddleFrontN/StrapFront,Root/ORIGIN/SaddleBack1,Root/SaddleFrontN",
		"allAngles": true,
		"entityTextureMode": false
	},
	"textureWidth": 16,
	"textureHeight": 16,
	"textureSizes": {
		"pelt": [16,16],
		"rope7": [32,32]
	},
	"textures": {
	},
	"elements": [
		{
			"name": "ORIGIN",
			"stepParentName": "MidStorage",
			"from": [ 1.0, 1.3, 4.0 ],
			"to": [ 2.0, 2.3, 5.0 ],
			"rotationOrigin": [ 1.0, 1.3, 4.0 ],
			"faces": {
			},
			"children": [
				{
					"name": "Saddle",
					"from": [ 0.0, 0.0, 0.2 ],
					"to": [ 0.0, 0.0, 0.2 ],
					"rotationOrigin": [ 0.0, 0.0, 0.2 ],
					"faces": {
						"north": { "texture": "#pelt", "uv": [ 0.0, 0.0, 0.5, 0.5 ] },
						"east": { "texture": "#pelt", "uv": [ 0.0, 0.0, 0.5, 0.5 ] },
						"south": { "texture": "#pelt", "uv": [ 0.0, 0.0, 0.5, 0.5 ] },
						"west": { "texture": "#pelt", "uv": [ 0.0, 0.0, 0.5, 0.5 ] },
						"up": { "texture": "#pelt", "uv": [ 0.0, 0.0, 0.5, 0.5 ] },
						"down": { "texture": "#pelt", "uv": [ 0.0, 0.0, 0.5, 0.5 ] }
					}
				},
				{
					"name": "SaddleFrontN",
					"from": [ -1.8, -3.9, -4.8 ],
					"to": [ 2.3, 1.6, 5.2 ],
					"rotationOrigin": [ -1.8, -3.8993, -4.75 ],
					"rotationZ": 3.0,
					"faces": {
						"north": { "texture": "#pelt", "uv": [ 5.5, 7.0, 9.5, 12.5 ] },
						"east": { "texture": "#pelt", "uv": [ 4.0, 1.0, 14.0, 6.5 ] },
						"south": { "texture": "#pelt", "uv": [ 9.5, 4.0, 13.5, 9.5 ] },
						"west": { "texture": "#pelt", "uv": [ 3.0, 6.5, 13.0, 12.0 ] },
						"up": { "texture": "#pelt", "uv": [ 2.0, 5.0, 6.0, 15.0 ] },
						"down": { "texture": "#pelt", "uv": [ 0.0, 4.5, 4.0, 14.5 ], "windMode": [-1,-1,-1,-1], "windData": [1,1,1,1] }
					}
				},
				{
					"name": "StrapFront",
					"from": [ -0.0759, -8.62, -4.4 ],
					"to": [ 1.9241, -8.32, 4.6 ],
					"rotationOrigin": [ -0.0759, -8.6183, -4.4 ],
					"faces": {
						"north": { "texture": "#rope7", "uv": [ 13.5, 0.0, 15.5, 0.5 ] },
						"east": { "texture": "#rope7", "uv": [ 1.0, 12.5, 10.0, 13.0 ] },
						"south": { "texture": "#rope7", "uv": [ 6.0, 9.0, 8.0, 9.5 ] },
						"west": { "texture": "#rope7", "uv": [ 3.5, 10.0, 12.5, 10.5 ] },
						"up": { "texture": "#rope7", "uv": [ 8.0, 9.5, 17.0, 11.5 ], "rotation": 90 },
						"down": { "texture": "#rope7", "uv": [ 1.5, 12.5, 10.5, 14.5 ], "rotation": 90 }
					},
					"children": [
						{
							"name": "StrapFront2",
							"from": [ 0.0, 0.0, -0.1 ],
							"to": [ 2.0, 6.6, 0.2 ],
							"rotationOrigin": [ 0.0, 0.0, -0.1 ],
							"rotationX": -1.8,
							"faces": {
								"north": { "texture": "#rope7", "uv": [ 1.5, 1.5, 8.0, 3.5 ], "rotation": 90 },
								"east": { "texture": "#rope7", "uv": [ 0.0, 4.0, 0.5, 10.5 ] },
								"south": { "texture": "#rope7", "uv": [ 7.0, 8.5, 13.5, 10.5 ], "rotation": 90 },
								"west": { "texture": "#rope7", "uv": [ 14.5, 5.5, 15.0, 12.0 ] },
								"up": { "texture": "#rope7", "uv": [ 9.5, 1.5, 11.5, 2.0 ] },
								"down": { "texture": "#rope7", "uv": [ 0.5, 1.0, 2.5, 1.5 ] }
							}
						},
						{
							"name": "StrapFront3",
							"from": [ 0.0, 0.0, 8.9 ],
							"to": [ 2.0, 8.5, 9.2 ],
							"rotationOrigin": [ 0.0, 0.0, 8.9 ],
							"rotationX": 1.8,
							"faces": {
								"north": { "texture": "#rope7", "uv": [ 6.5, 2.0, 15.0, 4.0 ], "rotation": 90 },
								"east": { "texture": "#rope7", "uv": [ 14.5, 6.5, 15.0, 15.0 ] },
								"south": { "texture": "#rope7", "uv": [ 2.5, 1.5, 11.0, 3.5 ], "rotation": 90 },
								"west": { "texture": "#rope7", "uv": [ 11.5, 2.0, 12.0, 10.5 ] },
								"up": { "texture": "#rope7", "uv": [ 2.5, 5.0, 4.5, 5.5 ] },
								"down": { "texture": "#rope7", "uv": [ 3.0, 7.5, 5.0, 8.0 ] }
							}
						}
					]
				},
				{
					"name": "SaddleFrontN2",
					"from": [ 1.1959, -1.74, -4.6 ],
					"to": [ 7.1959, 1.46, 5.0 ],
					"rotationOrigin": [ 1.1959, -1.7423, -4.55 ],
					"rotationZ": 3.0,
					"faces": {
						"north": { "texture": "#pelt", "uv": [ 5.5, 7.0, 11.5, 10.0 ] },
						"east": { "texture": "#pelt", "uv": [ 4.0, 1.0, 13.5, 4.0 ] },
						"south": { "texture": "#pelt", "uv": [ 9.5, 4.0, 15.5, 7.0 ] },
						"west": { "texture": "#pelt", "uv": [ 3.0, 6.5, 12.5, 9.5 ] },
						"up": { "texture": "#pelt", "uv": [ 2.0, 5.0, 8.0, 14.5 ] },
						"down": { "texture": "#pelt", "uv": [ 0.0, 4.5, 6.0, 14.0 ], "windMode": [-1,-1,-1,-1], "windData": [1,1,1,1] }
					}
				},
				{
					"name": "SaddleFrontN3",
					"from": [ -1.957, 0.7959, -0.4 ],
					"to": [ -0.257, 2.2959, 0.9 ],
					"rotationOrigin": [ -1.957, 0.7966, -0.35 ],
					"rotationZ": 3.0,
					"faces": {
						"north": { "texture": "#pelt", "uv": [ 5.5, 7.0, 7.0, 8.5 ] },
						"east": { "texture": "#pelt", "uv": [ 4.0, 1.0, 5.0, 2.5 ] },
						"south": { "texture": "#pelt", "uv": [ 9.5, 4.0, 11.0, 5.5 ] },
						"west": { "texture": "#pelt", "uv": [ 3.0, 6.5, 4.0, 8.0 ] },
						"up": { "texture": "#pelt", "uv": [ 2.0, 5.0, 3.5, 6.0 ] },
						"down": { "texture": "#pelt", "uv": [ 0.0, 4.5, 1.5, 5.5 ], "windMode": [-1,-1,-1,-1], "windData": [1,1,1,1] }
					}
				}
			]
		}
	]}