{
	"editor": {
		"backDropShape": "C:/Users/shani/AppData/Roaming/VintagestoryData/Mods/monoceros/assets/monoceros/shapes/entity/land/indicus/adult-female",
		"collapsedPaths": "Root/ORIGINsaddlebags/SaddleBagR",
		"allAngles": true,
		"entityTextureMode": false
	},
	"textureWidth": 16,
	"textureHeight": 16,
	"textureSizes": {
		"leather": [16,16]
	},
	"textures": {
		"leather": "block/leather/plain",
		"metal": "block/metal/sheet-plain/tinbronze1"
	},
	"elements": [
		{
			"name": "ORIGINsaddlebags",
			"stepParentName": "Hind",
			"from": [ -1.0, 7.7, 4.3 ],
			"to": [ 0.0, 8.7, 5.3 ],
			"rotationOrigin": [ -1.0, 7.7, 4.3 ],
			"faces": {
			},
			"children": [
				{
					"name": "SaddleBagR",
					"from": [ 0.3, -4.4, -6.2 ],
					"to": [ 5.3, 1.6, -4.2 ],
					"rotationOrigin": [ 0.3, 0.5, -4.2 ],
					"faces": {
						"north": { "texture": "#leather", "uv": [ 4.0, 7.5, 9.0, 13.5 ] },
						"east": { "texture": "#leather", "uv": [ 8.5, 9.5, 10.5, 15.5 ] },
						"south": { "texture": "#leather", "uv": [ 10.0, 5.5, 15.0, 11.5 ] },
						"west": { "texture": "#leather", "uv": [ 2.0, 9.0, 4.0, 15.0 ] },
						"up": { "texture": "#leather", "uv": [ 1.5, 7.0, 6.5, 9.0 ] },
						"down": { "texture": "#leather", "uv": [ 9.0, 10.0, 14.0, 12.0 ] }
					},
					"children": [
						{
							"name": "FlapTop",
							"from": [ -0.25, 6.0, 0.0 ],
							"to": [ 5.25, 6.3, 2.0 ],
							"rotationOrigin": [ -0.25, 6.0, 0.0 ],
							"faces": {
								"east": { "texture": "#leather", "uv": [ 0.0, 0.0, 2.0, 0.5 ] },
								"south": { "texture": "#leather", "uv": [ 0.0, 0.0, 5.5, 0.5 ] },
								"west": { "texture": "#leather", "uv": [ 0.0, 0.0, 2.0, 0.5 ] },
								"up": { "texture": "#leather", "uv": [ 0.0, 0.0, 5.5, 2.0 ] },
								"down": { "texture": "#leather", "uv": [ 0.0, 0.0, 5.5, 2.0 ] }
							},
							"children": [
								{
									"name": "FlapSide",
									"from": [ 0.0, -2.2, -0.3 ],
									"to": [ 5.5, 0.3, 0.0 ],
									"rotationOrigin": [ 0.0, -2.2, -0.3 ],
									"faces": {
										"north": { "texture": "#leather", "uv": [ 0.0, 10.5, 5.5, 13.0 ] },
										"east": { "texture": "#leather", "uv": [ 6.0, 9.0, 6.5, 11.5 ] },
										"south": { "texture": "#leather", "uv": [ 5.0, 8.5, 10.5, 11.0 ] },
										"west": { "texture": "#leather", "uv": [ 3.0, 9.0, 3.5, 11.5 ] },
										"up": { "texture": "#leather", "uv": [ 3.0, 6.0, 8.5, 6.5 ] },
										"down": { "texture": "#leather", "uv": [ 2.0, 0.0, 7.5, 0.5 ] }
									},
									"children": [
										{
											"name": "FlagStrap1",
											"from": [ 1.0, 0.0, -0.2 ],
											"to": [ 1.5, 2.0, 0.0 ],
											"rotationOrigin": [ 1.0, 0.0, -0.2 ],
											"faces": {
												"north": { "texture": "#leather", "uv": [ 8.0, 10.0, 8.5, 12.0 ] },
												"east": { "texture": "#leather", "uv": [ 13.5, 8.0, 14.0, 10.0 ] },
												"west": { "texture": "#leather", "uv": [ 7.5, 1.0, 8.0, 3.0 ] },
												"up": { "texture": "#leather", "uv": [ 0.0, 14.5, 0.5, 15.0 ] }
											},
											"children": [
												{
													"name": "FlagStrap2",
													"from": [ 0.01, -1.0, 0.0 ],
													"to": [ 0.51, 0.0, 0.2 ],
													"rotationOrigin": [ 0.0, 0.0, 0.0 ],
													"rotationX": -18.0,
													"faces": {
														"north": { "texture": "#leather", "uv": [ 7.5, 4.0, 8.0, 5.0 ] },
														"east": { "texture": "#leather", "uv": [ 10.5, 7.5, 11.0, 8.5 ] },
														"south": { "texture": "#leather", "uv": [ 5.5, 2.0, 6.0, 3.0 ] },
														"west": { "texture": "#leather", "uv": [ 3.5, 14.0, 4.0, 15.0 ] }
													}
												},
												{
													"name": "FlagStrap3",
													"from": [ 0.0, -2.88, 0.3 ],
													"to": [ 0.5, -0.88, 0.5 ],
													"rotationOrigin": [ 0.0, -2.9, 0.3 ],
													"faces": {
														"north": { "texture": "#leather", "uv": [ 5.5, 11.5, 6.0, 13.5 ] },
														"east": { "texture": "#leather", "uv": [ 3.0, 12.0, 3.5, 14.0 ] },
														"west": { "texture": "#leather", "uv": [ 7.5, 0.5, 8.0, 2.5 ] },
														"down": { "texture": "#leather", "uv": [ 6.0, 5.5, 6.5, 6.0 ] }
													},
													"children": [
														{
															"name": "Buckle",
															"from": [ -0.25, 1.5, -0.2 ],
															"to": [ 0.75, 2.0, 0.3 ],
															"rotationOrigin": [ -0.25, 1.5, -0.2 ],
															"faces": {
																"north": { "texture": "#metal", "uv": [ 12.0, 5.0, 13.0, 5.5 ] },
																"east": { "texture": "#metal", "uv": [ 10.0, 12.5, 10.5, 13.0 ] },
																"west": { "texture": "#metal", "uv": [ 3.0, 3.0, 3.5, 3.5 ] },
																"up": { "texture": "#metal", "uv": [ 10.5, 2.0, 11.5, 2.5 ] },
																"down": { "texture": "#metal", "uv": [ 1.5, 3.5, 2.5, 4.0 ] }
															}
														}
													]
												}
											]
										},
										{
											"name": "FlagStrap4",
											"from": [ 4.0, 0.0, -0.2 ],
											"to": [ 4.5, 2.0, 0.0 ],
											"rotationOrigin": [ 4.0, 0.0, -0.2 ],
											"faces": {
												"north": { "texture": "#leather", "uv": [ 1.0, 2.5, 1.5, 4.5 ] },
												"east": { "texture": "#leather", "uv": [ 13.5, 10.0, 14.0, 12.0 ] },
												"west": { "texture": "#leather", "uv": [ 13.0, 0.5, 13.5, 2.5 ] },
												"up": { "texture": "#leather", "uv": [ 0.5, 11.0, 1.0, 11.5 ] }
											},
											"children": [
												{
													"name": "FlagStrap5",
													"from": [ 0.01, -1.0, 0.0 ],
													"to": [ 0.51, 0.0, 0.2 ],
													"rotationOrigin": [ 0.0, 0.0, 0.0 ],
													"rotationX": -18.0,
													"faces": {
														"north": { "texture": "#leather", "uv": [ 6.5, 5.5, 7.0, 6.5 ] },
														"east": { "texture": "#leather", "uv": [ 0.5, 9.5, 1.0, 10.5 ] },
														"south": { "texture": "#leather", "uv": [ 0.5, 2.0, 1.0, 3.0 ] },
														"west": { "texture": "#leather", "uv": [ 13.0, 13.5, 13.5, 14.5 ] }
													}
												},
												{
													"name": "FlagStrap6",
													"from": [ 0.0, -2.88, 0.3 ],
													"to": [ 0.5, -0.88, 0.5 ],
													"rotationOrigin": [ 0.0, -2.9, 0.3 ],
													"faces": {
														"north": { "texture": "#leather", "uv": [ 1.5, 5.0, 2.0, 7.0 ] },
														"east": { "texture": "#leather", "uv": [ 0.0, 9.5, 0.5, 11.5 ] },
														"west": { "texture": "#leather", "uv": [ 9.5, 9.0, 10.0, 11.0 ] },
														"down": { "texture": "#leather", "uv": [ 9.0, 13.0, 9.5, 13.5 ] }
													},
													"children": [
														{
															"name": "Buckle2",
															"from": [ -0.25, 1.5, -0.2 ],
															"to": [ 0.75, 2.0, 0.3 ],
															"rotationOrigin": [ -0.25, 1.5, -0.2 ],
															"faces": {
																"north": { "texture": "#metal", "uv": [ 10.5, 10.0, 11.5, 10.5 ] },
																"east": { "texture": "#metal", "uv": [ 5.5, 5.0, 6.0, 5.5 ] },
																"west": { "texture": "#metal", "uv": [ 2.0, 0.0, 2.5, 0.5 ] },
																"up": { "texture": "#metal", "uv": [ 4.5, 14.5, 5.5, 15.0 ] },
																"down": { "texture": "#metal", "uv": [ 9.0, 2.5, 10.0, 3.0 ] }
															}
														}
													]
												}
											]
										}
									]
								}
							]
						}
					]
				},
				{
					"name": "HaunchStrapNS",
					"from": [ 1.0, 1.0, -4.4 ],
					"to": [ 2.0, 1.3, 4.7 ],
					"rotationOrigin": [ 1.0, 1.0, -4.4 ],
					"faces": {
						"east": { "texture": "#leather", "uv": [ 0.0, 2.5, 9.0, 3.0 ] },
						"west": { "texture": "#leather", "uv": [ 0.0, 8.5, 9.0, 9.0 ] },
						"up": { "texture": "#leather", "uv": [ 4.5, 0.5, 13.5, 1.5 ], "rotation": 90, "windMode": [-1,-1,-1,-1], "windData": [1,1,1,1] }
					},
					"children": [
						{
							"name": "HaunchStrapNS2",
							"from": [ 2.5, 0.0, 0.1 ],
							"to": [ 3.5, 0.3, 9.2 ],
							"rotationOrigin": [ 2.5, 0.0, 0.1 ],
							"faces": {
								"east": { "texture": "#leather", "uv": [ 0.0, 2.5, 9.0, 3.0 ] },
								"west": { "texture": "#leather", "uv": [ 0.0, 8.5, 9.0, 9.0 ] },
								"up": { "texture": "#leather", "uv": [ 4.5, 0.5, 13.5, 1.5 ], "rotation": 90, "windMode": [-1,-1,-1,-1], "windData": [1,1,1,1] }
							}
						}
					]
				},
				{
					"name": "SaddleBagL",
					"from": [ 0.3, -4.4, 4.6 ],
					"to": [ 5.3, 1.6, 6.6 ],
					"rotationOrigin": [ 0.3, 0.5, 4.6 ],
					"faces": {
						"north": { "texture": "#leather", "uv": [ 4.0, 7.5, 9.0, 13.5 ] },
						"east": { "texture": "#leather", "uv": [ 8.5, 9.5, 10.5, 15.5 ] },
						"south": { "texture": "#leather", "uv": [ 10.0, 5.5, 15.0, 11.5 ] },
						"west": { "texture": "#leather", "uv": [ 2.0, 9.0, 4.0, 15.0 ] },
						"up": { "texture": "#leather", "uv": [ 1.5, 7.0, 6.5, 9.0 ] },
						"down": { "texture": "#leather", "uv": [ 9.0, 10.0, 14.0, 12.0 ] }
					},
					"children": [
						{
							"name": "FlapTop2",
							"from": [ -0.25, 6.0, 0.0 ],
							"to": [ 5.25, 6.3, 2.0 ],
							"rotationOrigin": [ -0.25, 6.0, 0.0 ],
							"faces": {
								"north": { "texture": "#leather", "uv": [ 0.0, 0.0, 5.5, 0.5 ] },
								"east": { "texture": "#leather", "uv": [ 0.0, 0.0, 2.0, 0.5 ] },
								"south": { "texture": "#leather", "uv": [ 0.0, 0.0, 5.5, 0.5 ] },
								"west": { "texture": "#leather", "uv": [ 0.0, 0.0, 2.0, 0.5 ] },
								"up": { "texture": "#leather", "uv": [ 0.0, 0.0, 5.5, 2.0 ] },
								"down": { "texture": "#leather", "uv": [ 0.0, 0.0, 5.5, 2.0 ] }
							},
							"children": [
								{
									"name": "FlapSide2",
									"from": [ 0.0, -2.2, 2.0 ],
									"to": [ 5.5, 0.3, 2.3 ],
									"rotationOrigin": [ 0.0, -2.2, 2.0 ],
									"faces": {
										"north": { "texture": "#leather", "uv": [ 0.0, 10.5, 5.5, 13.0 ] },
										"east": { "texture": "#leather", "uv": [ 6.0, 9.0, 6.5, 11.5 ] },
										"south": { "texture": "#leather", "uv": [ 7.0, 0.5, 12.5, 3.0 ] },
										"west": { "texture": "#leather", "uv": [ 3.0, 9.0, 3.5, 11.5 ] },
										"up": { "texture": "#leather", "uv": [ 3.0, 6.0, 8.5, 6.5 ] },
										"down": { "texture": "#leather", "uv": [ 2.0, 0.0, 7.5, 0.5 ] }
									},
									"children": [
										{
											"name": "FlagStrap7",
											"from": [ 1.0, 0.0, 0.3 ],
											"to": [ 1.5, 2.0, 0.5 ],
											"rotationOrigin": [ 1.0, 0.0, 0.3 ],
											"faces": {
												"east": { "texture": "#leather", "uv": [ 7.5, 9.0, 8.0, 11.0 ] },
												"south": { "texture": "#leather", "uv": [ 2.0, 10.0, 2.5, 12.0 ] },
												"west": { "texture": "#leather", "uv": [ 12.0, 7.0, 12.5, 9.0 ] },
												"up": { "texture": "#leather", "uv": [ 11.0, 11.5, 11.5, 12.0 ] }
											},
											"children": [
												{
													"name": "FlagStrap8",
													"from": [ 0.01, -1.0, 0.0 ],
													"to": [ 0.51, 0.0, 0.2 ],
													"rotationOrigin": [ 0.0, 0.0, 0.2 ],
													"rotationX": 18.0,
													"faces": {
														"north": { "texture": "#leather", "uv": [ 12.0, 3.5, 12.5, 4.5 ] },
														"east": { "texture": "#leather", "uv": [ 14.5, 8.5, 15.0, 9.5 ] },
														"south": { "texture": "#leather", "uv": [ 0.0, 6.0, 0.5, 7.0 ] },
														"west": { "texture": "#leather", "uv": [ 2.5, 6.0, 3.0, 7.0 ] }
													}
												},
												{
													"name": "FlagStrap9",
													"from": [ 0.0, -2.88, -0.3 ],
													"to": [ 0.5, -0.88, -0.1 ],
													"rotationOrigin": [ 0.0, -2.9, -0.3 ],
													"faces": {
														"east": { "texture": "#leather", "uv": [ 12.0, 7.0, 12.5, 9.0 ] },
														"south": { "texture": "#leather", "uv": [ 13.5, 7.5, 14.0, 9.5 ] },
														"west": { "texture": "#leather", "uv": [ 4.0, 10.0, 4.5, 12.0 ] },
														"down": { "texture": "#leather", "uv": [ 13.0, 4.0, 13.5, 4.5 ] }
													},
													"children": [
														{
															"name": "Buckle3",
															"from": [ -0.1, 1.5, -0.2 ],
															"to": [ 0.6, 2.0, 0.3 ],
															"rotationOrigin": [ -0.1, 1.5, -0.2 ],
															"faces": {
																"east": { "texture": "#metal", "uv": [ 8.0, 11.5, 8.5, 12.0 ] },
																"south": { "texture": "#metal", "uv": [ 14.5, 10.0, 15.0, 10.5 ] },
																"west": { "texture": "#metal", "uv": [ 4.0, 15.0, 4.5, 15.5 ] },
																"up": { "texture": "#metal", "uv": [ 10.5, 11.0, 11.0, 11.5 ] },
																"down": { "texture": "#metal", "uv": [ 4.0, 13.5, 4.5, 14.0 ] }
															}
														}
													]
												}
											]
										},
										{
											"name": "FlagStrap10",
											"from": [ 4.0, 0.0, 0.3 ],
											"to": [ 4.5, 2.0, 0.5 ],
											"rotationOrigin": [ 4.0, 0.0, 0.3 ],
											"faces": {
												"east": { "texture": "#leather", "uv": [ 0.0, 8.0, 0.5, 10.0 ] },
												"south": { "texture": "#leather", "uv": [ 2.0, 4.0, 2.5, 6.0 ] },
												"west": { "texture": "#leather", "uv": [ 13.0, 2.5, 13.5, 4.5 ] },
												"up": { "texture": "#leather", "uv": [ 8.0, 15.0, 8.5, 15.5 ] }
											},
											"children": [
												{
													"name": "FlagStrap11",
													"from": [ 0.01, -1.0, 0.0 ],
													"to": [ 0.51, 0.0, 0.2 ],
													"rotationOrigin": [ 0.0, 0.0, 0.2 ],
													"rotationX": 18.0,
													"faces": {
														"north": { "texture": "#leather", "uv": [ 7.5, 13.5, 8.0, 14.5 ] },
														"east": { "texture": "#leather", "uv": [ 9.0, 10.5, 9.5, 11.5 ] },
														"south": { "texture": "#leather", "uv": [ 12.0, 0.0, 12.5, 1.0 ] },
														"west": { "texture": "#leather", "uv": [ 3.5, 14.0, 4.0, 15.0 ] }
													}
												},
												{
													"name": "FlagStrap12",
													"from": [ 0.0, -2.88, -0.3 ],
													"to": [ 0.5, -0.88, -0.1 ],
													"rotationOrigin": [ 0.0, -2.9, -0.3 ],
													"faces": {
														"east": { "texture": "#leather", "uv": [ 6.5, 13.5, 7.0, 15.5 ] },
														"south": { "texture": "#leather", "uv": [ 4.0, 9.0, 4.5, 11.0 ] },
														"west": { "texture": "#leather", "uv": [ 8.0, 3.5, 8.5, 5.5 ] },
														"down": { "texture": "#leather", "uv": [ 2.0, 6.0, 2.5, 6.5 ] }
													},
													"children": [
														{
															"name": "Buckle4",
															"from": [ -0.1, 1.5, 0.0 ],
															"to": [ 0.6, 2.0, 0.3 ],
															"rotationOrigin": [ -0.1, 1.5, 0.0 ],
															"faces": {
																"east": { "texture": "#metal", "uv": [ 2.0, 4.5, 2.5, 5.0 ] },
																"south": { "texture": "#metal", "uv": [ 13.5, 3.5, 14.0, 4.0 ] },
																"west": { "texture": "#metal", "uv": [ 4.5, 7.5, 5.0, 8.0 ] },
																"up": { "texture": "#metal", "uv": [ 10.5, 6.5, 11.0, 7.0 ] },
																"down": { "texture": "#metal", "uv": [ 14.5, 9.5, 15.0, 10.0 ] }
															}
														}
													]
												}
											]
										}
									]
								}
							]
						}
					]
				}
			]
		}
	]}