{
	"editor": {
		"collapsedPaths": "Root/Band_second,Root/Musket/Band_first,Root/Band_first,Root/Carbine/Band_third,Root/Arquebus_origin/Trigger_assembly,Root/Stock,Root/Flintlock,Root/Carbine/Trigger_assembly/Trigger_assemly_base,Root/Barrel,Root/Band_third,Root/Carbine/Flintlock,Root/Arquebus_origin/Stock,Root/Musket/Trigger_assembly,Root/Musket/Band_second,Root/Arquebus_origin/Barrel,Root/Carbine/Trigger_assembly/Guard,Root/Carbine,Root/Arquebus_origin/Flask_origin,Root/Musket/Flintlock/Plate,Root/Carbine/Ramrod_origin/Ramrod,Root/Arquebus_origin/Trigger_assembly/Guard,Root/Arquebus_origin/Trigger_assembly/Trigger_assemly_base/Trigger_assemly_base_bottom,Root/Musket/Flintlock,Root/Carbine/Flask_origin/Flask_origin_inner,Root/Arquebus_origin/Stock/Underbarrel,Root/Arquebus_origin/Patch,Root/Musket/Stock,Root/origin/Bottom_plate,Root/Carbine/Flintlock/Hammer,Root/Musket/Stock/Buttstock/Buttstock_bottom/Buttstock_butt/Buttstock_butt_plate,Root/Carbine/Flintlock/Pan,Root/Arquebus_origin/Flintlock,Root/Musket/Band_third,Root/Carbine/Flintlock/Hammer/Hammer_arm,Root/Arquebus_origin/Ramdrod_origin,Root/Carbine/Ramrod_origin,Root/Carbine/Barrel,Root/Carbine/Stock,Root/Arquebus_origin/Trigger_assembly/Trigger_assemly_base,Root/Trigger_assembly,Root/Carbine/Flintlock/Frizzen,Root/Musket/Stock/Buttstock/Buttstock_butt,Root/Ramrod,Root/Carbine/Band_second,Root/Musket/Barrel,Root/Carbine/Trigger_assembly",
		"allAngles": false,
		"entityTextureMode": false
	},
	"textureWidth": 16,
	"textureHeight": 16,
	"textureSizes": {
	},
	"textures": {
		"plain": "game:block/cloth/linen/plain",
		"ember": "game:block/coal/ember",
		"brass": "game:block/metal/plate/brass",
		"iron": "game:block/metal/plate/iron",
		"lead": "game:block/metal/plate/lead",
		"steel": "game:block/metal/plate/steel",
		"metal": "game:block/metal/plate/steel",
		"flint": "game:block/stone/flint",
		"kapok": "game:block/wood/debarked/oak",
		"oak": "game:block/wood/debarked/oak"
	},
	"elements": [
		{
			"name": "Arquebus_origin",
			"from": [ 0.0, -1.2, -5.3 ],
			"to": [ 0.0, -1.2, -5.3 ],
			"rotationOrigin": [ 0.0, -1.2, -5.3 ],
			"faces": {
				"north": { "texture": "#wood", "uv": [ 0.0, 0.0, 0.5, 0.5 ] },
				"east": { "texture": "#wood", "uv": [ 0.0, 0.0, 0.5, 0.5 ] },
				"south": { "texture": "#wood", "uv": [ 0.0, 0.0, 0.5, 0.5 ] },
				"west": { "texture": "#wood", "uv": [ 0.0, 0.0, 0.5, 0.5 ] },
				"up": { "texture": "#wood", "uv": [ 0.0, 0.0, 0.5, 0.5 ] },
				"down": { "texture": "#wood", "uv": [ 0.0, 0.0, 0.5, 0.5 ] }
			},
			"children": [
				{
					"name": "Barrel",
					"from": [ 0.0, 2.0, -7.0 ],
					"to": [ 0.0, 2.0, -7.0 ],
					"rotationOrigin": [ 0.0, 2.0, -7.0 ],
					"faces": {
						"north": { "texture": "#null", "uv": [ 0.0, 0.0, 0.5, 0.5 ] },
						"east": { "texture": "#null", "uv": [ 0.0, 0.0, 0.5, 0.5 ] },
						"south": { "texture": "#null", "uv": [ 0.0, 0.0, 0.5, 0.5 ] },
						"west": { "texture": "#null", "uv": [ 0.0, 0.0, 0.5, 0.5 ] },
						"up": { "texture": "#null", "uv": [ 0.0, 0.0, 0.5, 0.5 ] },
						"down": { "texture": "#null", "uv": [ 0.0, 0.0, 0.5, 0.5 ] }
					},
					"children": [
						{
							"name": "Barrel_top",
							"from": [ -0.31, 0.15, -10.0 ],
							"to": [ 0.31, 0.5, 8.5 ],
							"rotationOrigin": [ 0.0, 0.0, -11.3 ],
							"faces": {
								"north": { "texture": "#metal", "uv": [ 0.0, 0.0, 0.5, 0.5 ] },
								"east": { "texture": "#metal", "uv": [ 0.0, 0.0, 16.0, 0.5 ], "autoUv": false },
								"south": { "texture": "#metal", "uv": [ 0.0, 0.0, 0.5, 0.5 ] },
								"west": { "texture": "#metal", "uv": [ 0.0, 0.0, 16.0, 0.5 ], "autoUv": false },
								"up": { "texture": "#metal", "uv": [ 10.0, 0.0, 10.5, 16.0 ], "autoUv": false },
								"down": { "texture": "#metal", "uv": [ 0.0, 0.0, 0.5, 16.0 ], "autoUv": false }
							},
							"children": [
								{
									"name": "Barrel_muzzle_top",
									"from": [ 0.0, 0.0, -1.2 ],
									"to": [ 0.62, 0.35, 0.0 ],
									"rotationOrigin": [ 0.31, 0.0, 0.0 ],
									"rotationX": 4.0,
									"faces": {
										"north": { "texture": "#metal", "uv": [ 0.0, 0.0, 0.5, 0.5 ] },
										"east": { "texture": "#metal", "uv": [ 0.0, 0.0, 1.0, 0.5 ] },
										"south": { "texture": "#metal", "uv": [ 0.0, 0.0, 0.5, 0.5 ] },
										"west": { "texture": "#metal", "uv": [ 0.0, 0.0, 1.0, 0.5 ] },
										"up": { "texture": "#metal", "uv": [ 10.0, 0.0, 10.5, 1.0 ] },
										"down": { "texture": "#metal", "uv": [ 0.0, 0.0, 0.5, 1.0 ] }
									}
								}
							]
						},
						{
							"name": "Barrel_top2",
							"from": [ -0.31, 0.15, -10.0 ],
							"to": [ 0.31, 0.5, 8.0 ],
							"rotationOrigin": [ 0.0, 0.0, -11.3 ],
							"rotationZ": 180.0,
							"faces": {
								"north": { "texture": "#metal", "uv": [ 0.0, 0.0, 0.5, 0.5 ] },
								"east": { "texture": "#metal", "uv": [ 0.0, 0.0, 16.0, 0.5 ], "autoUv": false },
								"south": { "texture": "#metal", "uv": [ 0.0, 0.0, 0.5, 0.5 ] },
								"west": { "texture": "#metal", "uv": [ 0.0, 0.0, 16.0, 0.5 ], "autoUv": false },
								"up": { "texture": "#metal", "uv": [ 10.0, 0.0, 10.5, 16.0 ], "autoUv": false },
								"down": { "texture": "#metal", "uv": [ 0.0, 0.0, 0.5, 16.0 ], "autoUv": false }
							},
							"children": [
								{
									"name": "Barrel_muzzle_top2",
									"from": [ 0.0, 0.0, -1.2 ],
									"to": [ 0.62, 0.35, 0.0 ],
									"rotationOrigin": [ 0.31, 0.0, 0.0 ],
									"rotationX": 4.0,
									"faces": {
										"north": { "texture": "#metal", "uv": [ 0.0, 0.0, 0.5, 0.5 ] },
										"east": { "texture": "#metal", "uv": [ 0.0, 0.0, 1.0, 0.5 ] },
										"south": { "texture": "#metal", "uv": [ 0.0, 0.0, 0.5, 0.5 ] },
										"west": { "texture": "#metal", "uv": [ 0.0, 0.0, 1.0, 0.5 ] },
										"up": { "texture": "#metal", "uv": [ 12.0, 1.5, 12.5, 2.5 ] },
										"down": { "texture": "#metal", "uv": [ 0.0, 0.0, 0.5, 1.0 ] }
									}
								}
							]
						},
						{
							"name": "Barrel_top3",
							"from": [ -0.31, 0.15, -10.0 ],
							"to": [ 0.31, 0.5, 8.5 ],
							"rotationOrigin": [ 0.0, 0.0, -11.3 ],
							"rotationZ": 90.0,
							"faces": {
								"north": { "texture": "#metal", "uv": [ 0.0, 0.0, 0.5, 0.5 ] },
								"east": { "texture": "#metal", "uv": [ 0.0, 0.0, 16.0, 0.5 ], "autoUv": false },
								"south": { "texture": "#metal", "uv": [ 0.0, 0.0, 0.5, 0.5 ] },
								"west": { "texture": "#metal", "uv": [ 0.0, 0.0, 16.0, 0.5 ], "autoUv": false },
								"up": { "texture": "#metal", "uv": [ 3.0, 0.0, 3.5, 16.0 ], "autoUv": false },
								"down": { "texture": "#metal", "uv": [ 0.0, 0.0, 0.5, 16.0 ], "autoUv": false }
							},
							"children": [
								{
									"name": "Barrel_muzzle_top3",
									"from": [ 0.0, 0.0, -1.2 ],
									"to": [ 0.62, 0.35, 0.0 ],
									"rotationOrigin": [ 0.31, 0.0, 0.0 ],
									"rotationX": 4.0,
									"faces": {
										"north": { "texture": "#metal", "uv": [ 0.0, 0.0, 0.5, 0.5 ] },
										"east": { "texture": "#metal", "uv": [ 0.0, 0.0, 1.0, 0.5 ] },
										"south": { "texture": "#metal", "uv": [ 0.0, 0.0, 0.5, 0.5 ] },
										"west": { "texture": "#metal", "uv": [ 0.0, 0.0, 1.0, 0.5 ] },
										"up": { "texture": "#metal", "uv": [ 8.5, 9.5, 9.0, 10.5 ] },
										"down": { "texture": "#metal", "uv": [ 0.0, 0.0, 0.5, 1.0 ] }
									}
								}
							]
						},
						{
							"name": "Barrel_top4",
							"from": [ -0.31, 0.15, -10.0 ],
							"to": [ 0.31, 0.5, 8.5 ],
							"rotationOrigin": [ 0.0, 0.0, -11.3 ],
							"rotationZ": -90.0,
							"faces": {
								"north": { "texture": "#metal", "uv": [ 0.0, 0.0, 0.5, 0.5 ] },
								"east": { "texture": "#metal", "uv": [ 0.0, 0.0, 16.0, 0.5 ], "autoUv": false },
								"south": { "texture": "#metal", "uv": [ 0.0, 0.0, 0.5, 0.5 ] },
								"west": { "texture": "#metal", "uv": [ 0.0, 0.0, 16.0, 0.5 ], "autoUv": false },
								"up": { "texture": "#metal", "uv": [ 2.0, 0.0, 2.5, 16.0 ], "autoUv": false },
								"down": { "texture": "#metal", "uv": [ 0.0, 0.0, 0.5, 16.0 ], "autoUv": false }
							},
							"children": [
								{
									"name": "Barrel_muzzle_top4",
									"from": [ 0.0, 0.0, -1.2 ],
									"to": [ 0.62, 0.35, 0.0 ],
									"rotationOrigin": [ 0.31, 0.0, 0.0 ],
									"rotationX": 4.0,
									"faces": {
										"north": { "texture": "#metal", "uv": [ 0.0, 0.0, 0.5, 0.5 ] },
										"east": { "texture": "#metal", "uv": [ 0.0, 0.0, 1.0, 0.5 ] },
										"south": { "texture": "#metal", "uv": [ 0.0, 0.0, 0.5, 0.5 ] },
										"west": { "texture": "#metal", "uv": [ 0.5, 0.0, 1.5, 0.5 ] },
										"up": { "texture": "#metal", "uv": [ 8.5, 10.0, 9.0, 11.0 ] },
										"down": { "texture": "#metal", "uv": [ 0.0, 0.0, 0.5, 1.0 ] }
									}
								}
							]
						}
					]
				},
				{
					"name": "Bullet",
					"from": [ -0.15, 1.85, -17.1 ],
					"to": [ -0.15, 1.85, -17.1 ],
					"rotationOrigin": [ -0.1, 1.9, -17.1 ],
					"faces": {
						"north": { "texture": "#lead", "uv": [ 0.0, 0.0, 0.5, 0.5 ] },
						"east": { "texture": "#lead", "uv": [ 0.0, 0.0, 0.5, 0.5 ] },
						"south": { "texture": "#lead", "uv": [ 0.0, 0.0, 0.5, 0.5 ] },
						"west": { "texture": "#lead", "uv": [ 0.0, 0.0, 0.5, 0.5 ] },
						"up": { "texture": "#lead", "uv": [ 0.0, 0.0, 0.5, 0.5 ] },
						"down": { "texture": "#lead", "uv": [ 0.0, 0.0, 0.5, 0.5 ] }
					},
					"attachmentpoints": [
						{
							"code": "bullet",
							"posX": "0.1","posY": "0.1","posZ": "0.1",
							"rotationX": "0.0","rotationY": "0.0","rotationZ": "0.0"
						}
					]
				},
				{
					"name": "Patch",
					"from": [ 0.0, 2.0, -17.0 ],
					"to": [ 0.0, 2.0, -17.0 ],
					"rotationOrigin": [ 0.0, 2.0, -17.0 ],
					"faces": {
						"north": { "texture": "#wood", "uv": [ 0.0, 0.0, 0.5, 0.5 ] },
						"east": { "texture": "#wood", "uv": [ 0.0, 0.0, 0.5, 0.5 ] },
						"south": { "texture": "#wood", "uv": [ 0.0, 0.0, 0.5, 0.5 ] },
						"west": { "texture": "#wood", "uv": [ 0.0, 0.0, 0.5, 0.5 ] },
						"up": { "texture": "#wood", "uv": [ 0.0, 0.0, 0.5, 0.5 ] },
						"down": { "texture": "#wood", "uv": [ 0.0, 0.0, 0.5, 0.5 ] }
					},
					"children": [
						{
							"name": "Linen_0",
							"from": [ -0.2, -0.2, 0.0 ],
							"to": [ 0.3, 0.3, 0.1 ],
							"rotationOrigin": [ -0.2, -0.2, 0.0 ],
							"faces": {
								"north": { "texture": "#plain", "uv": [ 6.0, 7.0, 7.0, 8.0 ], "autoUv": false },
								"east": { "texture": "#plain", "uv": [ 4.0, 9.0, 4.5, 10.0 ], "autoUv": false },
								"south": { "texture": "#plain", "uv": [ 3.0, 5.0, 3.5, 5.5 ] },
								"west": { "texture": "#plain", "uv": [ 4.0, 7.0, 4.5, 8.0 ], "autoUv": false },
								"up": { "texture": "#plain", "uv": [ 6.0, 13.5, 7.0, 14.0 ], "autoUv": false },
								"down": { "texture": "#plain", "uv": [ 7.5, 3.0, 8.5, 3.5 ], "autoUv": false, "windMode": [-1,-1,-1,-1] }
							}
						},
						{
							"name": "Linen_1",
							"from": [ -0.3, -0.2, 0.0 ],
							"to": [ 0.2, 0.3, 0.1 ],
							"rotationOrigin": [ 0.2, -0.2, 0.0 ],
							"faces": {
								"north": { "texture": "#plain", "uv": [ 6.0, 7.0, 7.0, 8.0 ], "autoUv": false },
								"east": { "texture": "#plain", "uv": [ 4.0, 9.0, 4.5, 10.0 ], "autoUv": false },
								"south": { "texture": "#plain", "uv": [ 3.0, 5.0, 3.5, 5.5 ] },
								"west": { "texture": "#plain", "uv": [ 4.0, 7.0, 4.5, 8.0 ], "autoUv": false },
								"up": { "texture": "#plain", "uv": [ 6.0, 13.5, 7.0, 14.0 ], "autoUv": false },
								"down": { "texture": "#plain", "uv": [ 7.5, 3.0, 8.5, 3.5 ], "autoUv": false }
							}
						},
						{
							"name": "Linen_2",
							"from": [ -0.2, -0.3, 0.0 ],
							"to": [ 0.3, 0.2, 0.1 ],
							"rotationOrigin": [ -0.2, 0.2, 0.0 ],
							"faces": {
								"north": { "texture": "#plain", "uv": [ 6.0, 7.0, 7.0, 8.0 ], "autoUv": false },
								"east": { "texture": "#plain", "uv": [ 4.0, 9.0, 4.5, 10.0 ], "autoUv": false },
								"south": { "texture": "#plain", "uv": [ 3.0, 5.0, 3.5, 5.5 ] },
								"west": { "texture": "#plain", "uv": [ 4.0, 7.0, 4.5, 8.0 ], "autoUv": false },
								"up": { "texture": "#plain", "uv": [ 6.0, 13.5, 7.0, 14.0 ], "autoUv": false },
								"down": { "texture": "#plain", "uv": [ 7.5, 3.0, 8.5, 3.5 ], "autoUv": false }
							}
						},
						{
							"name": "Linen_3",
							"from": [ -0.3, -0.3, 0.0 ],
							"to": [ 0.2, 0.2, 0.1 ],
							"rotationOrigin": [ 0.2, 0.2, 0.0 ],
							"faces": {
								"north": { "texture": "#plain", "uv": [ 6.0, 7.0, 7.0, 8.0 ], "autoUv": false },
								"east": { "texture": "#plain", "uv": [ 4.0, 9.0, 4.5, 10.0 ], "autoUv": false },
								"south": { "texture": "#plain", "uv": [ 3.0, 5.0, 3.5, 5.5 ] },
								"west": { "texture": "#plain", "uv": [ 4.0, 7.0, 4.5, 8.0 ], "autoUv": false },
								"up": { "texture": "#plain", "uv": [ 6.0, 13.5, 7.0, 14.0 ], "autoUv": false },
								"down": { "texture": "#plain", "uv": [ 7.5, 3.0, 8.5, 3.5 ], "autoUv": false }
							}
						}
					]
				},
				{
					"name": "Flask_origin",
					"from": [ 66.0, 58.0, 90.0 ],
					"to": [ 66.0, 58.0, 90.0 ],
					"rotationOrigin": [ 6.0, -2.0, 30.0 ],
					"faces": {
						"north": { "texture": "#plain", "uv": [ 0.0, 0.0, 0.5, 0.5 ] },
						"east": { "texture": "#plain", "uv": [ 0.0, 0.0, 0.5, 0.5 ] },
						"south": { "texture": "#plain", "uv": [ 0.0, 0.0, 0.5, 0.5 ] },
						"west": { "texture": "#plain", "uv": [ 0.0, 0.0, 0.5, 0.5 ] },
						"up": { "texture": "#plain", "uv": [ 0.0, 0.0, 0.5, 0.5 ] },
						"down": { "texture": "#plain", "uv": [ 0.0, 0.0, 0.5, 0.5 ] }
					},
					"children": [
						{
							"name": "Flask_origin_inner",
							"from": [ 0.0, 0.0, 0.0 ],
							"to": [ 0.0, 0.0, 0.0 ],
							"faces": {
								"north": { "texture": "#plain", "uv": [ 0.0, 0.0, 0.5, 0.5 ] },
								"east": { "texture": "#plain", "uv": [ 0.0, 0.0, 0.5, 0.5 ] },
								"south": { "texture": "#plain", "uv": [ 0.0, 0.0, 0.5, 0.5 ] },
								"west": { "texture": "#plain", "uv": [ 0.0, 0.0, 0.5, 0.5 ] },
								"up": { "texture": "#plain", "uv": [ 0.0, 0.0, 0.5, 0.5 ] },
								"down": { "texture": "#plain", "uv": [ 0.0, 0.0, 0.5, 0.5 ] }
							},
							"children": [
								{
									"name": "Flask",
									"from": [ 0.0, -3.0, 0.0 ],
									"to": [ 0.0, -3.0, 0.0 ],
									"rotationOrigin": [ 0.0, -3.0, 0.0 ],
									"rotationY": -90.0,
									"faces": {
										"north": { "texture": "#null", "uv": [ 0.0, 0.0, 0.5, 0.5 ] },
										"east": { "texture": "#null", "uv": [ 0.0, 0.0, 0.5, 0.5 ] },
										"south": { "texture": "#null", "uv": [ 0.0, 0.0, 0.5, 0.5 ] },
										"west": { "texture": "#null", "uv": [ 0.0, 0.0, 0.5, 0.5 ] },
										"up": { "texture": "#null", "uv": [ 0.0, 0.0, 0.5, 0.5 ] },
										"down": { "texture": "#null", "uv": [ 0.0, 0.0, 0.5, 0.5 ] }
									},
									"attachmentpoints": [
										{
											"code": "flask",
											"posX": "0.0","posY": "0.0","posZ": "0.0",
											"rotationX": "0.0","rotationY": "0.0","rotationZ": "0.0"
										}
									]
								}
							]
						}
					]
				},
				{
					"name": "Ramdrod_origin",
					"from": [ -0.15, 1.0, -12.65 ],
					"to": [ -0.15, 1.0, -12.65 ],
					"rotationOrigin": [ -0.15, 1.0, -12.65 ],
					"faces": {
						"north": { "texture": "#ember", "uv": [ 0.0, 0.0, 0.5, 0.5 ] },
						"east": { "texture": "#ember", "uv": [ 0.0, 0.0, 0.5, 0.5 ] },
						"south": { "texture": "#ember", "uv": [ 0.0, 0.0, 0.5, 0.5 ] },
						"west": { "texture": "#ember", "uv": [ 0.0, 0.0, 0.5, 0.5 ] },
						"up": { "texture": "#ember", "uv": [ 0.0, 0.0, 0.5, 0.5 ] },
						"down": { "texture": "#ember", "uv": [ 0.0, 0.0, 0.5, 0.5 ] }
					},
					"children": [
						{
							"name": "Ramrod",
							"from": [ 0.0, 0.0, -5.0 ],
							"to": [ 0.3, 0.3, 14.5 ],
							"rotationOrigin": [ 0.05, 0.3, 3.05 ],
							"faces": {
								"north": { "texture": "#metal", "uv": [ 0.0, 0.0, 0.5, 0.5 ] },
								"east": { "texture": "#metal", "uv": [ 0.0, 0.0, 16.0, 0.5 ], "autoUv": false },
								"south": { "texture": "#metal", "uv": [ 0.0, 0.0, 0.5, 0.5 ] },
								"west": { "texture": "#metal", "uv": [ 0.0, 0.0, 16.0, 0.5 ], "autoUv": false },
								"up": { "texture": "#metal", "uv": [ 0.0, 0.0, 0.5, 16.0 ], "autoUv": false },
								"down": { "texture": "#metal", "uv": [ 0.0, 0.0, 0.5, 16.0 ], "autoUv": false }
							},
							"children": [
								{
									"name": "Ramrod_cap",
									"from": [ -0.05, -0.05, -0.2 ],
									"to": [ 0.35, 0.35, 0.1 ],
									"rotationOrigin": [ 0.0, 0.1, -0.3 ],
									"faces": {
										"north": { "texture": "#brass", "uv": [ 0.0, 0.0, 0.5, 0.5 ] },
										"east": { "texture": "#brass", "uv": [ 0.0, 0.0, 0.5, 0.5 ] },
										"south": { "texture": "#brass", "uv": [ 0.0, 0.0, 0.5, 0.5 ] },
										"west": { "texture": "#brass", "uv": [ 0.0, 0.0, 0.5, 0.5 ] },
										"up": { "texture": "#brass", "uv": [ 0.0, 0.0, 0.5, 0.5 ] },
										"down": { "texture": "#brass", "uv": [ 0.0, 0.0, 0.5, 0.5 ] }
									}
								}
							]
						}
					]
				},
				{
					"name": "Stock",
					"from": [ 0.0, 2.0, 2.8 ],
					"to": [ 0.0, 2.0, 2.8 ],
					"rotationOrigin": [ 0.0, 2.0, 2.8 ],
					"faces": {
						"north": { "texture": "#null", "uv": [ 0.0, 0.0, 0.5, 0.5 ] },
						"east": { "texture": "#null", "uv": [ 0.0, 0.0, 0.5, 0.5 ] },
						"south": { "texture": "#null", "uv": [ 0.0, 0.0, 0.5, 0.5 ] },
						"west": { "texture": "#null", "uv": [ 0.0, 0.0, 0.5, 0.5 ] },
						"up": { "texture": "#null", "uv": [ 0.0, 0.0, 0.5, 0.5 ] },
						"down": { "texture": "#null", "uv": [ 0.0, 0.0, 0.5, 0.5 ] }
					},
					"children": [
						{
							"name": "Underbarrel",
							"from": [ -0.3, -1.2, -24.0 ],
							"to": [ -0.3, -1.2, -24.0 ],
							"faces": {
								"north": { "texture": "#null", "uv": [ 0.0, 0.0, 0.5, 0.5 ] },
								"east": { "texture": "#null", "uv": [ 0.0, 0.0, 0.5, 0.5 ] },
								"south": { "texture": "#null", "uv": [ 0.0, 0.0, 0.5, 0.5 ] },
								"west": { "texture": "#null", "uv": [ 0.0, 0.0, 0.5, 0.5 ] },
								"up": { "texture": "#null", "uv": [ 0.0, 0.0, 0.5, 0.5 ] },
								"down": { "texture": "#null", "uv": [ 0.0, 0.0, 0.5, 0.5 ] }
							},
							"children": [
								{
									"name": "Underbarrel_bottom",
									"from": [ -0.2, -0.35, 13.5 ],
									"to": [ 0.8, 0.65, 20.6 ],
									"rotationOrigin": [ 0.0, -0.3, 20.7 ],
									"rotationX": 2.0,
									"faces": {
										"north": { "texture": "#kapok", "uv": [ 0.0, 0.0, 1.0, 1.0 ] },
										"east": { "texture": "#kapok", "uv": [ 7.5, 6.3, 13.5, 7.5 ], "autoUv": false },
										"south": { "texture": "#kapok", "uv": [ 0.0, 0.0, 1.0, 1.0 ] },
										"west": { "texture": "#kapok", "uv": [ 0.5, 6.5, 6.5, 7.3 ], "autoUv": false },
										"up": { "texture": "#kapok", "uv": [ 0.0, 0.0, 0.5, 16.0 ], "autoUv": false },
										"down": { "texture": "#kapok", "uv": [ 5.0, 4.5, 6.0, 11.5 ] }
									}
								},
								{
									"name": "Underbarrel_bottom2",
									"from": [ -0.2, -0.11, 5.1 ],
									"to": [ 0.8, 0.67, 13.0 ],
									"rotationOrigin": [ 0.1, -0.1, 14.1 ],
									"rotationX": 0.7,
									"faces": {
										"north": { "texture": "#kapok", "uv": [ 0.0, 0.0, 1.0, 0.5 ] },
										"east": { "texture": "#kapok", "uv": [ 5.0, 11.6, 14.0, 12.5 ], "autoUv": false },
										"south": { "texture": "#kapok", "uv": [ 0.0, 0.0, 1.0, 0.5 ] },
										"west": { "texture": "#kapok", "uv": [ 2.5, 6.5, 11.5, 7.5 ], "autoUv": false },
										"up": { "texture": "#kapok", "uv": [ 0.0, 0.0, 0.5, 16.0 ], "autoUv": false },
										"down": { "texture": "#kapok", "uv": [ 2.0, 10.0, 9.5, 11.0 ], "rotation": 90 }
									}
								},
								{
									"name": "Middle_receiver2",
									"from": [ -0.28, 0.65, 13.6 ],
									"to": [ 0.88, 1.2, 20.6 ],
									"rotationOrigin": [ 0.3, 0.6, 13.6 ],
									"faces": {
										"north": { "texture": "#kapok", "uv": [ 0.0, 0.0, 1.0, 0.5 ] },
										"east": { "texture": "#kapok", "uv": [ 6.0, 10.5, 13.0, 11.0 ] },
										"south": { "texture": "#kapok", "uv": [ 0.0, 0.0, 1.0, 0.5 ] },
										"west": { "texture": "#kapok", "uv": [ 0.5, 11.5, 7.5, 12.0 ] },
										"up": { "texture": "#kapok", "uv": [ 1.0, 1.0, 2.0, 8.0 ] },
										"down": { "texture": "#kapok", "uv": [ 0.0, 0.0, 1.0, 7.0 ] }
									}
								},
								{
									"name": "Middle_receiver3",
									"from": [ -0.28, 0.65, 5.6 ],
									"to": [ 0.88, 1.2, 13.6 ],
									"rotationOrigin": [ 0.2, 0.6, 5.6 ],
									"faces": {
										"north": { "texture": "#kapok", "uv": [ 0.0, 0.0, 1.0, 0.5 ] },
										"east": { "texture": "#kapok", "uv": [ 3.0, 13.5, 11.0, 14.0 ] },
										"south": { "texture": "#kapok", "uv": [ 0.0, 0.0, 1.0, 0.5 ] },
										"west": { "texture": "#kapok", "uv": [ 0.0, 12.5, 8.0, 13.0 ] },
										"up": { "texture": "#kapok", "uv": [ 0.0, 0.0, 1.0, 8.0 ] },
										"down": { "texture": "#kapok", "uv": [ 0.0, 0.0, 1.0, 8.0 ] }
									}
								}
							]
						},
						{
							"name": "Receiver",
							"from": [ 0.0, 0.0, 0.0 ],
							"to": [ 0.0, 0.0, 0.0 ],
							"faces": {
								"north": { "texture": "#null", "uv": [ 0.0, 0.0, 0.5, 0.5 ] },
								"east": { "texture": "#null", "uv": [ 0.0, 0.0, 0.5, 0.5 ] },
								"south": { "texture": "#null", "uv": [ 0.0, 0.0, 0.5, 0.5 ] },
								"west": { "texture": "#null", "uv": [ 0.0, 0.0, 0.5, 0.5 ] },
								"up": { "texture": "#null", "uv": [ 0.0, 0.0, 0.5, 0.5 ] },
								"down": { "texture": "#null", "uv": [ 0.0, 0.0, 0.5, 0.5 ] }
							},
							"children": [
								{
									"name": "Middle_receiver",
									"from": [ -0.58, -1.6, -3.4 ],
									"to": [ 0.58, 0.0, 2.5 ],
									"rotationOrigin": [ 0.0, -1.6, -3.4 ],
									"faces": {
										"north": { "texture": "#kapok", "uv": [ 0.0, 0.0, 1.0, 1.5 ] },
										"east": { "texture": "#kapok", "uv": [ 4.5, 9.5, 10.5, 11.0 ], "autoUv": false },
										"south": { "texture": "#kapok", "uv": [ 0.0, 0.0, 1.0, 1.5 ] },
										"west": { "texture": "#kapok", "uv": [ 7.5, 6.5, 13.5, 8.0 ], "autoUv": false },
										"up": { "texture": "#kapok", "uv": [ 1.0, 2.5, 2.0, 8.0 ] },
										"down": { "texture": "#kapok", "uv": [ 0.0, 0.0, 1.0, 5.5 ] }
									}
								},
								{
									"name": "Top_receiver",
									"from": [ -0.58, 0.0, -1.5 ],
									"to": [ 0.58, 0.4, 1.3 ],
									"rotationOrigin": [ -0.7, 0.0, -1.5 ],
									"faces": {
										"north": { "texture": "#kapok", "uv": [ 0.0, 0.0, 1.0, 0.5 ] },
										"east": { "texture": "#kapok", "uv": [ 0.0, 0.0, 2.5, 0.5 ] },
										"south": { "texture": "#kapok", "uv": [ 0.0, 0.0, 1.0, 0.5 ] },
										"west": { "texture": "#kapok", "uv": [ 3.0, 2.5, 5.7, 3.0 ], "autoUv": false },
										"up": { "texture": "#kapok", "uv": [ 0.0, 0.0, 1.5, 3.0 ], "autoUv": false },
										"down": { "texture": "#kapok", "uv": [ 0.0, 0.0, 1.0, 2.5 ] }
									},
									"children": [
										{
											"name": "Buttstock_top_back3",
											"from": [ 0.18, -0.0934, 0.0 ],
											"to": [ 0.98, 0.4066, 2.8 ],
											"rotationOrigin": [ 0.41, 0.4066, 2.8 ],
											"rotationX": 3.5,
											"faces": {
												"north": { "texture": "#kapok", "uv": [ 0.0, 0.0, 0.5, 0.5 ] },
												"east": { "texture": "#kapok", "uv": [ 7.5, 10.0, 10.0, 10.5 ] },
												"south": { "texture": "#kapok", "uv": [ 0.0, 0.0, 0.5, 0.5 ] },
												"west": { "texture": "#kapok", "uv": [ 8.0, 10.0, 12.5, 10.5 ], "autoUv": false },
												"up": { "texture": "#kapok", "uv": [ 0.0, 0.0, 1.0, 3.0 ], "autoUv": false },
												"down": { "texture": "#kapok", "uv": [ 7.5, 4.5, 8.5, 11.0 ], "autoUv": false }
											}
										}
									]
								}
							]
						},
						{
							"name": "Buttstock",
							"from": [ 0.0, 0.0, 0.0 ],
							"to": [ 0.0, 0.0, 0.0 ],
							"rotationOrigin": [ 0.0, -1.6, 2.5 ],
							"rotationX": 16.0,
							"faces": {
								"north": { "texture": "#null", "uv": [ 0.0, 0.0, 0.5, 0.5 ] },
								"east": { "texture": "#null", "uv": [ 0.0, 0.0, 0.5, 0.5 ] },
								"south": { "texture": "#null", "uv": [ 0.0, 0.0, 0.5, 0.5 ] },
								"west": { "texture": "#null", "uv": [ 0.0, 0.0, 0.5, 0.5 ] },
								"up": { "texture": "#null", "uv": [ 0.0, 0.0, 0.5, 0.5 ] },
								"down": { "texture": "#null", "uv": [ 0.0, 0.0, 0.5, 0.5 ] }
							},
							"children": [
								{
									"name": "Buttstock_bottom",
									"from": [ -0.57, -1.6, 0.8 ],
									"to": [ 0.57, 0.0, 11.3 ],
									"rotationOrigin": [ 0.0, -1.6, 2.7 ],
									"faces": {
										"north": { "texture": "#kapok", "uv": [ 0.0, 0.0, 1.0, 1.5 ] },
										"east": { "texture": "#oak", "uv": [ 3.0, 11.5, 13.5, 13.0 ] },
										"south": { "texture": "#kapok", "uv": [ 0.0, 0.0, 1.0, 1.5 ] },
										"west": { "texture": "#kapok", "uv": [ 3.0, 11.5, 13.5, 13.0 ] },
										"up": { "texture": "#kapok", "uv": [ 0.0, 2.5, 1.0, 13.0 ] },
										"down": { "texture": "#kapok", "uv": [ 0.0, 0.0, 1.0, 10.5 ] }
									},
									"children": [
										{
											"name": "Buttstock_butt",
											"from": [ -0.1, -0.0557, 10.52 ],
											"to": [ 1.2, 3.6443, 11.04 ],
											"rotationOrigin": [ 0.0, -0.0557, 10.5154 ],
											"rotationX": -16.0,
											"faces": {
												"north": { "texture": "#steel", "uv": [ 0.0, 0.0, 1.0, 3.5 ] },
												"east": { "texture": "#steel", "uv": [ 0.0, 0.0, 0.5, 3.5 ] },
												"south": { "texture": "#steel", "uv": [ 0.0, 0.0, 1.5, 4.0 ], "autoUv": false },
												"west": { "texture": "#steel", "uv": [ 0.0, 0.0, 0.5, 3.5 ] },
												"up": { "texture": "#steel", "uv": [ 0.0, 0.0, 1.0, 0.5 ], "autoUv": false },
												"down": { "texture": "#steel", "uv": [ 0.0, 0.0, 1.0, 0.5 ] }
											},
											"children": [
												{
													"name": "Buttstock_butt_plate",
													"from": [ 0.35, 3.5, -1.3 ],
													"to": [ 0.95, 3.7, 0.0 ],
													"rotationOrigin": [ 0.3, 3.5, -1.3 ],
													"faces": {
														"north": { "texture": "#steel", "uv": [ 0.0, 0.0, 0.5, 0.5 ] },
														"east": { "texture": "#steel", "uv": [ 0.0, 0.0, 1.0, 0.5 ] },
														"south": { "texture": "#steel", "uv": [ 0.0, 0.0, 0.5, 0.5 ] },
														"west": { "texture": "#steel", "uv": [ 0.0, 0.0, 1.0, 0.5 ] },
														"up": { "texture": "#steel", "uv": [ 0.0, 0.0, 0.5, 1.0 ] },
														"down": { "texture": "#steel", "uv": [ 0.0, 0.0, 0.5, 1.0 ] }
													},
													"children": [
														{
															"name": "Buttstock_screw_3",
															"from": [ 0.1, 0.2, 0.1 ],
															"to": [ 0.5, 0.21, 0.5 ],
															"rotationOrigin": [ 0.1, 0.2, 0.1 ],
															"faces": {
																"north": { "texture": "#iron", "uv": [ 0.0, 0.0, 0.5, 0.5 ] },
																"east": { "texture": "#iron", "uv": [ 0.0, 0.0, 0.5, 0.5 ] },
																"south": { "texture": "#iron", "uv": [ 0.0, 0.0, 0.5, 0.5 ] },
																"west": { "texture": "#iron", "uv": [ 0.0, 0.0, 0.5, 0.5 ] },
																"up": { "texture": "#iron", "uv": [ 0.0, 0.0, 0.5, 0.5 ] },
																"down": { "texture": "#iron", "uv": [ 0.0, 0.0, 0.5, 0.5 ] }
															}
														}
													]
												}
											]
										},
										{
											"name": "Buttstock_top_back",
											"from": [ 0.01, -0.0061, 4.9136 ],
											"to": [ 1.13, 1.4939, 10.4136 ],
											"rotationOrigin": [ 0.3, -0.0061, 4.8836 ],
											"rotationX": -16.0,
											"faces": {
												"north": { "texture": "#kapok", "uv": [ 0.0, 0.0, 1.0, 1.5 ], "windMode": [-1,-1,-1,-1] },
												"east": { "texture": "#kapok", "uv": [ 0.0, 0.0, 5.5, 1.5 ] },
												"south": { "texture": "#kapok", "uv": [ 0.0, 0.0, 1.0, 1.5 ] },
												"west": { "texture": "#kapok", "uv": [ 0.0, 0.0, 5.5, 1.5 ] },
												"up": { "texture": "#kapok", "uv": [ 0.0, 0.0, 1.0, 5.5 ], "autoUv": false },
												"down": { "texture": "#kapok", "uv": [ 7.5, 4.5, 8.5, 11.0 ], "autoUv": false }
											},
											"children": [
												{
													"name": "Buttstock_top_back2",
													"from": [ 0.0, 1.5, 1.5 ],
													"to": [ 1.12, 2.0, 5.5 ],
													"rotationOrigin": [ 0.39, 1.5, 1.57 ],
													"faces": {
														"north": { "texture": "#kapok", "uv": [ 0.0, 0.0, 1.0, 0.5 ] },
														"east": { "texture": "#kapok", "uv": [ 7.5, 10.0, 11.5, 10.5 ] },
														"south": { "texture": "#kapok", "uv": [ 0.0, 0.0, 1.0, 0.5 ] },
														"west": { "texture": "#kapok", "uv": [ 8.0, 10.0, 12.5, 10.5 ], "autoUv": false },
														"up": { "texture": "#kapok", "uv": [ 0.0, 0.0, 1.0, 4.0 ], "autoUv": false },
														"down": { "texture": "#kapok", "uv": [ 7.5, 4.5, 8.5, 11.0 ], "autoUv": false }
													}
												}
											]
										}
									]
								}
							]
						}
					]
				},
				{
					"name": "Trigger_assembly",
					"from": [ 0.0, 0.35, 3.5 ],
					"to": [ 0.0, 0.35, 3.5 ],
					"rotationOrigin": [ 0.0, 0.3, 3.5 ],
					"faces": {
						"north": { "texture": "#null", "uv": [ 0.0, 0.0, 0.5, 0.5 ] },
						"east": { "texture": "#null", "uv": [ 0.0, 0.0, 0.5, 0.5 ] },
						"south": { "texture": "#null", "uv": [ 0.0, 0.0, 0.5, 0.5 ] },
						"west": { "texture": "#null", "uv": [ 0.0, 0.0, 0.5, 0.5 ] },
						"up": { "texture": "#null", "uv": [ 0.0, 0.0, 0.5, 0.5 ] },
						"down": { "texture": "#null", "uv": [ 0.0, 0.0, 0.5, 0.5 ] }
					},
					"children": [
						{
							"name": "Trigger",
							"from": [ -0.1, -0.7, 0.8 ],
							"to": [ 0.2, 0.1, 1.1 ],
							"rotationOrigin": [ 0.0, 0.1, 1.0 ],
							"rotationX": 22.5,
							"faces": {
								"north": { "texture": "#steel", "uv": [ 0.0, 0.0, 0.5, 0.5 ] },
								"east": { "texture": "#steel", "uv": [ 0.0, 0.0, 0.5, 0.5 ] },
								"south": { "texture": "#steel", "uv": [ 0.0, 0.0, 0.5, 0.5 ] },
								"west": { "texture": "#steel", "uv": [ 0.0, 0.0, 0.5, 0.5 ] },
								"up": { "texture": "#steel", "uv": [ 0.0, 0.0, 0.5, 0.5 ] },
								"down": { "texture": "#steel", "uv": [ 0.0, 0.0, 0.5, 0.5 ] }
							}
						},
						{
							"name": "Guard",
							"from": [ 0.0, 0.0, -0.3 ],
							"to": [ 0.0, 0.0, -0.3 ],
							"rotationOrigin": [ 0.0, 0.0, -0.3 ],
							"faces": {
								"north": { "texture": "#null", "uv": [ 0.0, 0.0, 0.5, 0.5 ] },
								"east": { "texture": "#null", "uv": [ 0.0, 0.0, 0.5, 0.5 ] },
								"south": { "texture": "#null", "uv": [ 0.0, 0.0, 0.5, 0.5 ] },
								"west": { "texture": "#null", "uv": [ 0.0, 0.0, 0.5, 0.5 ] },
								"up": { "texture": "#null", "uv": [ 0.0, 0.0, 0.5, 0.5 ] },
								"down": { "texture": "#null", "uv": [ 0.0, 0.0, 0.5, 0.5 ] }
							},
							"children": [
								{
									"name": "Guard_front_top",
									"from": [ -0.2, -1.0, -0.1 ],
									"to": [ 0.2, 0.2, 0.2 ],
									"rotationOrigin": [ -0.2, -1.0, -0.1 ],
									"rotationX": -16.0,
									"faces": {
										"north": { "texture": "#steel", "uv": [ 0.0, 0.0, 0.5, 1.0 ] },
										"east": { "texture": "#steel", "uv": [ 0.0, 0.0, 0.5, 1.0 ] },
										"south": { "texture": "#steel", "uv": [ 0.0, 0.0, 0.5, 1.0 ] },
										"west": { "texture": "#steel", "uv": [ 0.0, 0.0, 0.5, 1.0 ] },
										"up": { "texture": "#steel", "uv": [ 0.0, 0.0, 0.5, 0.5 ] },
										"down": { "texture": "#steel", "uv": [ 0.0, 0.0, 0.5, 0.5 ] }
									},
									"children": [
										{
											"name": "Guard_bottom",
											"from": [ 0.01, 0.0, -0.3 ],
											"to": [ 0.39, 1.8, 0.0 ],
											"rotationOrigin": [ 0.0, 0.0, 0.0 ],
											"rotationX": 116.0,
											"faces": {
												"north": { "texture": "#steel", "uv": [ 0.0, 0.0, 0.5, 1.5 ] },
												"east": { "texture": "#steel", "uv": [ 0.0, 0.0, 0.5, 1.5 ] },
												"south": { "texture": "#steel", "uv": [ 0.0, 0.0, 0.5, 1.5 ] },
												"west": { "texture": "#steel", "uv": [ 0.0, 0.0, 0.5, 1.5 ] },
												"up": { "texture": "#steel", "uv": [ 0.0, 0.0, 0.5, 0.5 ] },
												"down": { "texture": "#steel", "uv": [ 0.0, 0.0, 0.5, 0.5 ] }
											},
											"children": [
												{
													"name": "Guard_back_top",
													"from": [ -0.01, 1.8, 0.0 ],
													"to": [ 0.39, 3.3, 0.3 ],
													"rotationOrigin": [ 0.0, 1.8, 0.3 ],
													"rotationX": -77.5,
													"faces": {
														"north": { "texture": "#steel", "uv": [ 0.0, 0.0, 0.5, 1.5 ] },
														"east": { "texture": "#steel", "uv": [ 0.0, 0.0, 0.5, 1.5 ] },
														"south": { "texture": "#steel", "uv": [ 0.0, 0.0, 0.5, 1.5 ] },
														"west": { "texture": "#steel", "uv": [ 0.0, 0.0, 0.5, 1.5 ] },
														"up": { "texture": "#steel", "uv": [ 0.0, 0.0, 0.5, 0.5 ] },
														"down": { "texture": "#steel", "uv": [ 0.0, 0.0, 0.5, 0.5 ] }
													}
												}
											]
										}
									]
								},
								{
									"name": "Guard_front_top2",
									"from": [ -0.2, -1.0, -0.1 ],
									"to": [ 0.2, 0.2, 0.2 ],
									"rotationOrigin": [ -0.2, -1.0, -0.1 ],
									"rotationX": -16.0,
									"faces": {
										"north": { "texture": "#steel", "uv": [ 0.0, 0.0, 0.5, 1.0 ] },
										"east": { "texture": "#steel", "uv": [ 0.0, 0.0, 0.5, 1.0 ] },
										"south": { "texture": "#steel", "uv": [ 0.0, 0.0, 0.5, 1.0 ] },
										"west": { "texture": "#steel", "uv": [ 0.0, 0.0, 0.5, 1.0 ] },
										"up": { "texture": "#steel", "uv": [ 0.0, 0.0, 0.5, 0.5 ] },
										"down": { "texture": "#steel", "uv": [ 0.0, 0.0, 0.5, 0.5 ] }
									}
								}
							]
						},
						{
							"name": "Trigger_assemly_base",
							"from": [ -0.3, 0.0, -3.7 ],
							"to": [ 0.3, 0.2, 2.1 ],
							"rotationOrigin": [ 0.0, 0.0, -3.7 ],
							"faces": {
								"north": { "texture": "#steel", "uv": [ 0.0, 0.0, 0.5, 0.5 ] },
								"east": { "texture": "#steel", "uv": [ 0.0, 0.0, 5.5, 0.5 ] },
								"south": { "texture": "#steel", "uv": [ 0.0, 0.0, 0.5, 0.5 ] },
								"west": { "texture": "#steel", "uv": [ 0.0, 0.0, 5.5, 0.5 ] },
								"up": { "texture": "#steel", "uv": [ 0.0, 0.0, 0.5, 5.5 ] },
								"down": { "texture": "#steel", "uv": [ 0.0, 0.0, 0.5, 5.5 ] }
							},
							"children": [
								{
									"name": "Trigger_assemly_base_bottom",
									"from": [ 0.0, 0.0, 5.5 ],
									"to": [ 0.6, 0.2, 6.3 ],
									"rotationOrigin": [ 0.3, 0.0, 5.6 ],
									"rotationX": 16.0,
									"faces": {
										"north": { "texture": "#steel", "uv": [ 0.0, 0.0, 0.5, 0.5 ] },
										"east": { "texture": "#steel", "uv": [ 0.0, 0.0, 0.5, 0.5 ] },
										"south": { "texture": "#steel", "uv": [ 0.0, 0.0, 0.5, 0.5 ] },
										"west": { "texture": "#steel", "uv": [ 0.0, 0.0, 0.5, 0.5 ] },
										"up": { "texture": "#steel", "uv": [ 0.0, 0.0, 0.5, 0.5 ] },
										"down": { "texture": "#steel", "uv": [ 0.0, 0.0, 0.5, 0.5 ] }
									},
									"children": [
										{
											"name": "Trigger_assemly_screw_1",
											"from": [ 0.15, -0.01, 0.37 ],
											"to": [ 0.45, 0.09, 0.67 ],
											"rotationOrigin": [ 0.5, 0.018, 0.424 ],
											"faces": {
												"north": { "texture": "#iron", "uv": [ 0.0, 0.0, 0.5, 0.5 ] },
												"east": { "texture": "#iron", "uv": [ 0.0, 0.0, 0.5, 0.5 ] },
												"south": { "texture": "#iron", "uv": [ 0.0, 0.0, 0.5, 0.5 ] },
												"west": { "texture": "#iron", "uv": [ 0.0, 0.0, 0.5, 0.5 ] },
												"up": { "texture": "#iron", "uv": [ 0.0, 0.0, 0.5, 0.5 ] },
												"down": { "texture": "#iron", "uv": [ 0.0, 0.0, 0.5, 0.5 ] }
											}
										}
									]
								}
							]
						},
						{
							"name": "Trigger_assemly_screw_2",
							"from": [ -0.15, -0.01, -3.55 ],
							"to": [ 0.15, 0.09, -3.25 ],
							"rotationOrigin": [ 0.2, 0.0, -3.5 ],
							"faces": {
								"north": { "texture": "#iron", "uv": [ 0.0, 0.0, 0.5, 0.5 ] },
								"east": { "texture": "#iron", "uv": [ 0.0, 0.0, 0.5, 0.5 ] },
								"south": { "texture": "#iron", "uv": [ 0.0, 0.0, 0.5, 0.5 ] },
								"west": { "texture": "#iron", "uv": [ 0.0, 0.0, 0.5, 0.5 ] },
								"up": { "texture": "#iron", "uv": [ 0.0, 0.0, 0.5, 0.5 ] },
								"down": { "texture": "#iron", "uv": [ 0.0, 0.0, 0.5, 0.5 ] }
							}
						}
					]
				},
				{
					"name": "Flintlock",
					"from": [ 0.58, 2.0, 3.3 ],
					"to": [ 0.58, 2.0, 3.3 ],
					"rotationOrigin": [ 0.6, 2.0, 3.3 ],
					"faces": {
						"north": { "texture": "#null", "uv": [ 0.0, 0.0, 0.5, 0.5 ] },
						"east": { "texture": "#null", "uv": [ 0.0, 0.0, 0.5, 0.5 ] },
						"south": { "texture": "#null", "uv": [ 0.0, 0.0, 0.5, 0.5 ] },
						"west": { "texture": "#null", "uv": [ 0.0, 0.0, 0.5, 0.5 ] },
						"up": { "texture": "#null", "uv": [ 0.0, 0.0, 0.5, 0.5 ] },
						"down": { "texture": "#null", "uv": [ 0.0, 0.0, 0.5, 0.5 ] }
					},
					"children": [
						{
							"name": "Hammer",
							"from": [ 0.01, -1.3, -1.0 ],
							"to": [ 0.31, -0.3, 0.0 ],
							"rotationOrigin": [ 0.0, -0.8, -0.55 ],
							"rotationX": -25.0,
							"faces": {
								"north": { "texture": "#steel", "uv": [ 0.0, 0.0, 0.5, 1.0 ] },
								"east": { "texture": "#steel", "uv": [ 9.0, 14.0, 10.0, 15.0 ], "autoUv": false },
								"south": { "texture": "#steel", "uv": [ 0.0, 0.0, 0.5, 1.0 ] },
								"west": { "texture": "#steel", "uv": [ 0.0, 0.0, 1.0, 1.0 ] },
								"up": { "texture": "#steel", "uv": [ 0.0, 0.0, 0.5, 1.0 ] },
								"down": { "texture": "#steel", "uv": [ 0.0, 0.0, 0.5, 1.0 ] }
							},
							"children": [
								{
									"name": "Hammer_arm",
									"from": [ 0.0, 0.0, -0.5 ],
									"to": [ 0.3, 1.96, 0.0 ],
									"rotationOrigin": [ 0.0, 0.0, -0.5 ],
									"faces": {
										"north": { "texture": "#steel", "uv": [ 0.0, 0.0, 0.5, 1.5 ] },
										"east": { "texture": "#steel", "uv": [ 5.5, 2.0, 6.0, 3.35 ], "autoUv": false },
										"south": { "texture": "#steel", "uv": [ 2.5, 7.0, 3.0, 8.5 ] },
										"west": { "texture": "#steel", "uv": [ 0.0, 0.0, 0.5, 1.5 ] },
										"up": { "texture": "#steel", "uv": [ 0.0, 0.0, 0.5, 0.5 ] },
										"down": { "texture": "#steel", "uv": [ 0.0, 0.0, 0.5, 0.5 ] }
									},
									"children": [
										{
											"name": "Hammer_jaws",
											"from": [ 0.0, -0.4, 0.0 ],
											"to": [ 0.0, -0.4, 0.0 ],
											"rotationOrigin": [ 0.0, 1.9, -0.1 ],
											"rotationX": -15.0,
											"faces": {
												"north": { "texture": "#steel", "uv": [ 0.0, 0.0, 0.5, 0.5 ] },
												"east": { "texture": "#steel", "uv": [ 0.0, 0.0, 0.5, 0.5 ] },
												"south": { "texture": "#steel", "uv": [ 0.0, 0.0, 0.5, 0.5 ] },
												"west": { "texture": "#steel", "uv": [ 0.0, 0.0, 0.5, 0.5 ] },
												"up": { "texture": "#steel", "uv": [ 0.0, 0.0, 0.5, 0.5 ] },
												"down": { "texture": "#steel", "uv": [ 0.0, 0.0, 0.5, 0.5 ] }
											},
											"children": [
												{
													"name": "Hammer_flint",
													"from": [ 0.1, 2.5, -0.5 ],
													"to": [ 0.7, 2.7, 0.1 ],
													"rotationOrigin": [ 0.1, 2.5, -0.5 ],
													"faces": {
														"north": { "texture": "#flint", "uv": [ 0.0, 0.0, 1.0, 0.0 ], "autoUv": false },
														"east": { "texture": "#flint", "uv": [ 0.0, 0.0, 1.0, 0.0 ], "autoUv": false },
														"south": { "texture": "#flint", "uv": [ 0.0, 0.0, 0.5, 0.5 ] },
														"west": { "texture": "#flint", "uv": [ 0.0, 0.0, 1.0, 0.5 ], "autoUv": false },
														"up": { "texture": "#flint", "uv": [ 0.0, 0.0, 0.5, 0.5 ], "autoUv": false },
														"down": { "texture": "#flint", "uv": [ 0.0, 0.0, 0.5, 0.5 ] }
													}
												},
												{
													"name": "Hammer_jaw_screw",
													"from": [ 0.2, 2.3, 0.1 ],
													"to": [ 0.5, 3.2, 0.4 ],
													"rotationOrigin": [ 0.2, 2.3, 0.1 ],
													"faces": {
														"north": { "texture": "#brass", "uv": [ 0.0, 0.0, 0.5, 0.5 ] },
														"east": { "texture": "#brass", "uv": [ 0.0, 0.0, 0.5, 0.5 ] },
														"south": { "texture": "#brass", "uv": [ 0.0, 0.0, 0.5, 0.5 ] },
														"west": { "texture": "#brass", "uv": [ 0.0, 0.0, 0.5, 0.5 ] },
														"up": { "texture": "#brass", "uv": [ 0.0, 0.0, 0.5, 0.5 ] },
														"down": { "texture": "#brass", "uv": [ 0.0, 0.0, 0.5, 0.5 ] }
													}
												},
												{
													"name": "Hammer_top_jaw",
													"from": [ 0.0, 2.7, -0.3 ],
													"to": [ 0.7, 3.0, 0.5 ],
													"rotationOrigin": [ 0.0, 2.7, -0.3 ],
													"faces": {
														"north": { "texture": "#steel", "uv": [ 0.0, 0.0, 0.5, 0.5 ] },
														"east": { "texture": "#steel", "uv": [ 0.0, 0.0, 0.5, 0.5 ] },
														"south": { "texture": "#steel", "uv": [ 0.0, 0.0, 1.0, 0.5 ], "autoUv": false },
														"west": { "texture": "#steel", "uv": [ 0.0, 0.0, 0.5, 0.5 ] },
														"up": { "texture": "#steel", "uv": [ 0.0, 0.0, 0.5, 0.5 ] },
														"down": { "texture": "#steel", "uv": [ 0.0, 0.0, 0.5, 0.5 ] }
													}
												},
												{
													"name": "Hammer_bottom_jaw",
													"from": [ 0.0, 2.2, -0.3 ],
													"to": [ 0.7, 2.5, 0.5 ],
													"rotationOrigin": [ 0.0, 2.2, -0.3 ],
													"faces": {
														"north": { "texture": "#steel", "uv": [ 0.0, 0.0, 0.5, 0.5 ] },
														"east": { "texture": "#steel", "uv": [ 0.0, 0.0, 0.5, 0.5 ] },
														"south": { "texture": "#steel", "uv": [ 6.5, 7.0, 7.5, 7.5 ], "autoUv": false },
														"west": { "texture": "#steel", "uv": [ 0.0, 0.0, 0.5, 0.5 ] },
														"up": { "texture": "#steel", "uv": [ 0.0, 0.0, 0.5, 0.5 ] },
														"down": { "texture": "#steel", "uv": [ 0.0, 0.0, 0.5, 0.5 ] }
													}
												}
											]
										}
									]
								}
							]
						},
						{
							"name": "Pan",
							"from": [ -0.3, -0.7, -3.0 ],
							"to": [ 0.7, -0.195, -2.0 ],
							"rotationOrigin": [ -0.3, -0.8, -3.0 ],
							"faces": {
								"north": { "texture": "#steel", "uv": [ 0.0, 0.0, 1.0, 0.5 ] },
								"east": { "texture": "#steel", "uv": [ 0.0, 0.0, 1.0, 0.5 ] },
								"south": { "texture": "#steel", "uv": [ 0.0, 0.0, 1.0, 0.5 ] },
								"west": { "texture": "#steel", "uv": [ 0.0, 0.0, 1.0, 0.5 ] },
								"up": { "texture": "#steel", "uv": [ 0.0, 0.0, 1.0, 1.0 ] },
								"down": { "texture": "#steel", "uv": [ 0.0, 0.0, 1.0, 1.0 ] }
							},
							"children": [
								{
									"name": "Flashole",
									"from": [ 0.1, 0.4, 0.2 ],
									"to": [ 0.8, 0.51, 0.7 ],
									"rotationOrigin": [ 0.1, 0.4, 0.2 ],
									"faces": {
										"north": { "texture": "#iron", "uv": [ 0.0, 0.0, 0.5, 0.5 ] },
										"east": { "texture": "#iron", "uv": [ 0.0, 0.0, 0.5, 0.5 ] },
										"south": { "texture": "#iron", "uv": [ 0.0, 0.0, 0.5, 0.5 ] },
										"west": { "texture": "#iron", "uv": [ 0.0, 0.0, 0.5, 0.5 ] },
										"up": { "texture": "#iron", "uv": [ 0.0, 0.0, 0.5, 0.5 ] },
										"down": { "texture": "#iron", "uv": [ 0.0, 0.0, 0.5, 0.5 ] }
									}
								}
							]
						},
						{
							"name": "Frizzen",
							"from": [ 0.0, -0.4, -3.4 ],
							"to": [ 0.7, 1.0, -3.0 ],
							"rotationOrigin": [ 0.0, 0.0, -3.2 ],
							"faces": {
								"north": { "texture": "#steel", "uv": [ 0.0, 0.0, 1.0, 1.0 ], "autoUv": false },
								"east": { "texture": "#steel", "uv": [ 0.0, 0.0, 0.5, 1.0 ] },
								"south": { "texture": "#steel", "uv": [ 0.0, 0.0, 1.0, 1.0 ], "autoUv": false },
								"west": { "texture": "#steel", "uv": [ 0.0, 0.0, 0.5, 1.0 ] },
								"up": { "texture": "#steel", "uv": [ 0.0, 0.0, 0.5, 0.5 ] },
								"down": { "texture": "#steel", "uv": [ 0.0, 0.0, 0.5, 0.5 ] }
							},
							"children": [
								{
									"name": "Frizzen_top",
									"from": [ 0.0, 1.1, -1.2 ],
									"to": [ 0.7, 1.4, 0.4 ],
									"rotationOrigin": [ 0.0, 1.4, 0.4 ],
									"rotationX": 10.0,
									"faces": {
										"north": { "texture": "#steel", "uv": [ 0.0, 0.0, 1.0, 0.5 ], "autoUv": false },
										"east": { "texture": "#steel", "uv": [ 0.0, 0.0, 1.5, 0.5 ] },
										"south": { "texture": "#steel", "uv": [ 0.0, 0.0, 0.5, 0.5 ] },
										"west": { "texture": "#steel", "uv": [ 0.0, 0.0, 1.5, 0.5 ] },
										"up": { "texture": "#steel", "uv": [ 0.0, 0.0, 1.0, 1.5 ], "autoUv": false },
										"down": { "texture": "#steel", "uv": [ 0.0, 0.0, 1.0, 1.5 ], "autoUv": false }
									}
								}
							]
						},
						{
							"name": "Plate",
							"from": [ 0.0, -1.4, -3.5 ],
							"to": [ 0.01, -0.2, 0.5 ],
							"rotationOrigin": [ 0.0, -1.4, -3.5 ],
							"faces": {
								"north": { "texture": "#steel", "uv": [ 0.0, 0.0, 0.5, 1.0 ] },
								"east": { "texture": "#steel", "uv": [ 7.5, 10.0, 11.5, 11.0 ], "autoUv": false },
								"south": { "texture": "#steel", "uv": [ 0.0, 0.0, 0.5, 1.0 ] },
								"west": { "texture": "#steel", "uv": [ 0.0, 0.0, 4.0, 1.0 ] },
								"up": { "texture": "#steel", "uv": [ 0.0, 0.0, 0.5, 4.0 ] },
								"down": { "texture": "#steel", "uv": [ 0.0, 0.0, 0.5, 4.0 ] }
							},
							"children": [
								{
									"name": "Plate_top",
									"from": [ -0.1, 1.2, 0.1 ],
									"to": [ 0.01, 1.51, 1.5 ],
									"rotationOrigin": [ -0.1, 1.2, 0.1 ],
									"faces": {
										"north": { "texture": "#steel", "uv": [ 0.0, 0.0, 0.5, 0.5 ] },
										"east": { "texture": "#steel", "uv": [ 7.5, 10.0, 8.5, 10.5 ] },
										"south": { "texture": "#steel", "uv": [ 0.0, 0.0, 0.5, 0.5 ] },
										"west": { "texture": "#steel", "uv": [ 0.0, 0.0, 1.0, 0.5 ] },
										"up": { "texture": "#steel", "uv": [ 0.0, 0.0, 0.5, 1.0 ] },
										"down": { "texture": "#steel", "uv": [ 0.0, 0.0, 0.5, 1.0 ] }
									}
								},
								{
									"name": "Plate_back",
									"from": [ 0.0, 0.7, 4.0 ],
									"to": [ 0.005, 1.2, 5.06 ],
									"rotationOrigin": [ 0.0, 1.2, 4.0 ],
									"rotationX": 20.0,
									"faces": {
										"north": { "texture": "#steel", "uv": [ 0.0, 0.0, 0.5, 0.5 ] },
										"east": { "texture": "#steel", "uv": [ 7.5, 10.0, 8.5, 10.5 ] },
										"south": { "texture": "#steel", "uv": [ 0.0, 0.0, 0.5, 0.5 ] },
										"west": { "texture": "#steel", "uv": [ 0.0, 0.0, 1.0, 0.5 ] },
										"up": { "texture": "#steel", "uv": [ 0.0, 0.0, 0.5, 1.0 ] },
										"down": { "texture": "#steel", "uv": [ 0.0, 0.0, 0.5, 1.0 ] }
									}
								},
								{
									"name": "Plate_back_top",
									"from": [ 0.0, 0.0, 4.0 ],
									"to": [ 0.01, 0.83, 5.0 ],
									"rotationOrigin": [ 0.0, 0.0, 4.0 ],
									"faces": {
										"north": { "texture": "#steel", "uv": [ 0.0, 0.0, 0.5, 0.5 ] },
										"east": { "texture": "#steel", "uv": [ 7.5, 10.0, 8.5, 10.5 ] },
										"south": { "texture": "#steel", "uv": [ 0.0, 0.0, 0.5, 0.5 ] },
										"west": { "texture": "#steel", "uv": [ 0.0, 0.0, 1.0, 0.5 ] },
										"up": { "texture": "#steel", "uv": [ 0.0, 0.0, 0.5, 1.0 ] },
										"down": { "texture": "#steel", "uv": [ 0.0, 0.0, 0.5, 1.0 ] }
									}
								}
							]
						},
						{
							"name": "Frizzen_hinch",
							"from": [ -0.4, -0.1, -3.3 ],
							"to": [ 0.71, 0.1, -3.1 ],
							"rotationOrigin": [ -0.2, 0.0, -3.3 ],
							"faces": {
								"north": { "texture": "#iron", "uv": [ 0.0, 0.0, 1.0, 0.5 ] },
								"east": { "texture": "#iron", "uv": [ 0.0, 0.0, 0.5, 0.5 ] },
								"south": { "texture": "#iron", "uv": [ 0.0, 0.0, 1.0, 0.5 ] },
								"west": { "texture": "#iron", "uv": [ 0.0, 0.0, 0.5, 0.5 ] },
								"up": { "texture": "#iron", "uv": [ 0.0, 0.0, 1.0, 0.5 ] },
								"down": { "texture": "#iron", "uv": [ 0.0, 0.0, 1.0, 0.5 ] }
							}
						},
						{
							"name": "Hammer_hinch",
							"from": [ 0.31, -1.0, -0.7 ],
							"to": [ 0.32, -0.6, -0.3 ],
							"rotationOrigin": [ 0.31, -1.0, -0.7 ],
							"faces": {
								"north": { "texture": "#iron", "uv": [ 0.0, 0.0, 0.5, 0.5 ] },
								"east": { "texture": "#iron", "uv": [ 9.5, 4.0, 10.0, 4.5 ], "autoUv": false },
								"south": { "texture": "#iron", "uv": [ 0.0, 0.0, 0.5, 0.5 ] },
								"west": { "texture": "#iron", "uv": [ 0.0, 0.0, 0.5, 0.5 ] },
								"up": { "texture": "#iron", "uv": [ 0.0, 0.0, 0.5, 0.5 ] },
								"down": { "texture": "#iron", "uv": [ 0.0, 0.0, 0.5, 0.5 ] }
							}
						}
					]
				},
				{
					"name": "Band_third",
					"from": [ 0.0, 2.0, -8.2 ],
					"to": [ 0.0, 2.0, -8.2 ],
					"rotationOrigin": [ 0.0, 2.0, -8.2 ],
					"faces": {
						"north": { "texture": "#null", "uv": [ 0.0, 0.0, 0.5, 0.5 ] },
						"east": { "texture": "#null", "uv": [ 0.0, 0.0, 0.5, 0.5 ] },
						"south": { "texture": "#null", "uv": [ 0.0, 0.0, 0.5, 0.5 ] },
						"west": { "texture": "#null", "uv": [ 0.0, 0.0, 0.5, 0.5 ] },
						"up": { "texture": "#null", "uv": [ 0.0, 0.0, 0.5, 0.5 ] },
						"down": { "texture": "#null", "uv": [ 0.0, 0.0, 0.5, 0.5 ] }
					},
					"children": [
						{
							"name": "Band_third_left",
							"from": [ 0.3, -1.35, 0.0 ],
							"to": [ 0.65, 0.4, 0.6 ],
							"rotationOrigin": [ 0.3, -1.3, 0.0 ],
							"faces": {
								"north": { "texture": "#brass", "uv": [ 0.0, 0.0, 0.5, 1.5 ] },
								"east": { "texture": "#brass", "uv": [ 12.0, 3.5, 12.5, 5.0 ] },
								"south": { "texture": "#brass", "uv": [ 6.5, 6.0, 7.0, 7.5 ] },
								"west": { "texture": "#brass", "uv": [ 0.0, 0.0, 0.5, 1.5 ] },
								"up": { "texture": "#brass", "uv": [ 7.0, 5.5, 7.5, 6.0 ] },
								"down": { "texture": "#brass", "uv": [ 0.0, 0.0, 0.5, 0.5 ] }
							}
						},
						{
							"name": "Band_third_right",
							"from": [ -0.65, -1.35, 0.0 ],
							"to": [ -0.3, 0.4, 0.6 ],
							"rotationOrigin": [ -0.6, -1.3, 0.0 ],
							"faces": {
								"north": { "texture": "#brass", "uv": [ 0.0, 0.0, 0.5, 1.5 ] },
								"east": { "texture": "#brass", "uv": [ 0.0, 0.0, 0.5, 1.5 ] },
								"south": { "texture": "#brass", "uv": [ 8.5, 4.5, 9.0, 6.0 ] },
								"west": { "texture": "#brass", "uv": [ 4.5, 6.0, 5.0, 7.5 ] },
								"up": { "texture": "#brass", "uv": [ 7.0, 5.5, 7.5, 6.0 ] },
								"down": { "texture": "#brass", "uv": [ 0.0, 0.0, 0.5, 0.5 ] }
							}
						},
						{
							"name": "Band_third_top",
							"from": [ -0.7, 0.25, 0.0 ],
							"to": [ -0.4, 1.15, 0.6 ],
							"rotationOrigin": [ -0.4, 0.3, 0.0 ],
							"rotationZ": -90.0,
							"faces": {
								"north": { "texture": "#brass", "uv": [ 0.0, 0.0, 0.5, 0.5 ] },
								"east": { "texture": "#brass", "uv": [ 0.0, 0.0, 0.5, 0.5 ] },
								"south": { "texture": "#brass", "uv": [ 6.0, 6.0, 6.5, 6.5 ] },
								"west": { "texture": "#brass", "uv": [ 6.0, 6.0, 6.5, 6.5 ] },
								"up": { "texture": "#brass", "uv": [ 5.0, 6.5, 5.5, 7.0 ] },
								"down": { "texture": "#brass", "uv": [ 4.0, 7.5, 4.5, 8.0 ] }
							}
						},
						{
							"name": "Band_third_bottom",
							"from": [ 0.15, -1.1, 0.0 ],
							"to": [ 0.45, -0.3, 0.6 ],
							"rotationOrigin": [ 0.4, -1.1, 0.0 ],
							"rotationZ": 90.0,
							"faces": {
								"north": { "texture": "#brass", "uv": [ 0.0, 0.0, 0.5, 0.5 ] },
								"east": { "texture": "#brass", "uv": [ 0.0, 0.0, 0.5, 0.5 ] },
								"south": { "texture": "#brass", "uv": [ 0.0, 0.0, 0.5, 0.5 ] },
								"west": { "texture": "#brass", "uv": [ 0.0, 0.0, 0.5, 0.5 ] },
								"up": { "texture": "#brass", "uv": [ 0.0, 0.0, 0.5, 0.5 ] },
								"down": { "texture": "#brass", "uv": [ 0.0, 0.0, 0.5, 0.5 ] }
							}
						}
					]
				},
				{
					"name": "Band_first",
					"from": [ 0.0, 2.0, -15.3 ],
					"to": [ 0.0, 2.0, -15.3 ],
					"rotationOrigin": [ 0.0, 2.0, -15.3 ],
					"faces": {
						"north": { "texture": "#null", "uv": [ 0.0, 0.0, 0.5, 0.5 ] },
						"east": { "texture": "#null", "uv": [ 0.0, 0.0, 0.5, 0.5 ] },
						"south": { "texture": "#null", "uv": [ 0.0, 0.0, 0.5, 0.5 ] },
						"west": { "texture": "#null", "uv": [ 0.0, 0.0, 0.5, 0.5 ] },
						"up": { "texture": "#null", "uv": [ 0.0, 0.0, 0.5, 0.5 ] },
						"down": { "texture": "#null", "uv": [ 0.0, 0.0, 0.5, 0.5 ] }
					},
					"children": [
						{
							"name": "Band_first_left",
							"from": [ 0.3, -1.3, 0.0 ],
							"to": [ 0.6, 0.45, 0.6 ],
							"rotationOrigin": [ 0.3, -1.3, 0.0 ],
							"faces": {
								"north": { "texture": "#brass", "uv": [ 0.0, 0.0, 0.5, 1.5 ] },
								"east": { "texture": "#brass", "uv": [ 10.0, 6.0, 10.5, 7.5 ] },
								"south": { "texture": "#brass", "uv": [ 0.0, 0.0, 0.5, 1.5 ] },
								"west": { "texture": "#brass", "uv": [ 0.0, 0.0, 0.5, 1.5 ] },
								"up": { "texture": "#brass", "uv": [ 0.0, 0.0, 0.5, 0.5 ] },
								"down": { "texture": "#brass", "uv": [ 0.0, 0.0, 0.5, 0.5 ] }
							}
						},
						{
							"name": "Band_first_right",
							"from": [ -0.6, -1.3, 0.0 ],
							"to": [ -0.3, 0.45, 0.6 ],
							"rotationOrigin": [ -0.3, -1.3, 0.0 ],
							"faces": {
								"north": { "texture": "#brass", "uv": [ 0.0, 0.0, 0.5, 1.5 ] },
								"east": { "texture": "#brass", "uv": [ 0.0, 0.0, 0.5, 1.5 ] },
								"south": { "texture": "#brass", "uv": [ 0.0, 0.0, 0.5, 1.5 ] },
								"west": { "texture": "#brass", "uv": [ 8.5, 10.5, 9.0, 12.0 ] },
								"up": { "texture": "#brass", "uv": [ 0.0, 0.0, 0.5, 0.5 ] },
								"down": { "texture": "#brass", "uv": [ 0.0, 0.0, 0.5, 0.5 ] }
							}
						},
						{
							"name": "Band_first_top",
							"from": [ -0.7, 0.25, 0.0 ],
							"to": [ -0.4, 1.15, 0.6 ],
							"rotationOrigin": [ -0.4, 0.3, 0.0 ],
							"rotationZ": -90.0,
							"faces": {
								"north": { "texture": "#brass", "uv": [ 0.0, 0.0, 0.5, 0.5 ] },
								"east": { "texture": "#brass", "uv": [ 0.0, 0.0, 0.5, 0.5 ] },
								"south": { "texture": "#brass", "uv": [ 0.0, 0.0, 0.5, 0.5 ] },
								"west": { "texture": "#brass", "uv": [ 0.0, 0.0, 0.5, 0.5 ] },
								"up": { "texture": "#brass", "uv": [ 0.0, 0.0, 0.5, 0.5 ] },
								"down": { "texture": "#brass", "uv": [ 0.0, 0.0, 0.5, 0.5 ] }
							}
						},
						{
							"name": "Band_first_bottom",
							"from": [ 0.1, -1.0, -1.0 ],
							"to": [ 0.4, -0.2, 0.6 ],
							"rotationOrigin": [ 0.4, -1.0, -1.0 ],
							"rotationZ": 90.0,
							"faces": {
								"north": { "texture": "#brass", "uv": [ 0.0, 0.0, 0.5, 0.5 ] },
								"east": { "texture": "#brass", "uv": [ 0.0, 0.0, 1.5, 0.5 ] },
								"south": { "texture": "#brass", "uv": [ 0.0, 0.0, 0.5, 0.5 ] },
								"west": { "texture": "#brass", "uv": [ 0.0, 0.0, 1.5, 0.5 ] },
								"up": { "texture": "#brass", "uv": [ 0.0, 0.0, 0.5, 1.5 ] },
								"down": { "texture": "#brass", "uv": [ 0.0, 0.0, 0.5, 1.5 ] }
							}
						},
						{
							"name": "Frontsight_post",
							"from": [ -0.1, 0.52, 0.1 ],
							"to": [ 0.1, 0.82, 0.5 ],
							"rotationOrigin": [ 0.0, 0.5, 0.1 ],
							"faces": {
								"north": { "texture": "#brass", "uv": [ 0.0, 0.0, 0.5, 0.5 ] },
								"east": { "texture": "#brass", "uv": [ 0.0, 0.0, 0.5, 0.5 ] },
								"south": { "texture": "#brass", "uv": [ 0.0, 0.0, 0.5, 0.5 ] },
								"west": { "texture": "#brass", "uv": [ 0.0, 0.0, 0.5, 0.5 ] },
								"up": { "texture": "#brass", "uv": [ 0.0, 0.0, 0.5, 0.5 ] },
								"down": { "texture": "#brass", "uv": [ 0.0, 0.0, 0.5, 0.5 ] }
							}
						},
						{
							"name": "Band_first_left2",
							"from": [ 0.3, -0.8, -1.6 ],
							"to": [ 0.6, 0.45, -1.0 ],
							"rotationOrigin": [ 0.3, -0.8, -1.6 ],
							"faces": {
								"north": { "texture": "#brass", "uv": [ 0.0, 0.0, 0.5, 1.0 ] },
								"east": { "texture": "#brass", "uv": [ 10.0, 6.0, 10.5, 7.0 ] },
								"south": { "texture": "#brass", "uv": [ 0.0, 0.0, 0.5, 1.0 ] },
								"west": { "texture": "#brass", "uv": [ 0.0, 0.0, 0.5, 1.0 ] },
								"up": { "texture": "#brass", "uv": [ 0.0, 0.0, 0.5, 0.5 ] },
								"down": { "texture": "#brass", "uv": [ 0.0, 0.0, 0.5, 0.5 ] }
							}
						},
						{
							"name": "Band_first_right2",
							"from": [ -0.6, -0.8, -1.6 ],
							"to": [ -0.3, 0.45, -1.0 ],
							"rotationOrigin": [ -0.3, -0.8, -1.6 ],
							"faces": {
								"north": { "texture": "#brass", "uv": [ 0.0, 0.0, 0.5, 1.0 ] },
								"east": { "texture": "#brass", "uv": [ 0.0, 0.0, 0.5, 1.0 ] },
								"south": { "texture": "#brass", "uv": [ 0.0, 0.0, 0.5, 1.0 ] },
								"west": { "texture": "#brass", "uv": [ 8.5, 10.5, 9.0, 11.5 ] },
								"up": { "texture": "#brass", "uv": [ 0.0, 0.0, 0.5, 0.5 ] },
								"down": { "texture": "#brass", "uv": [ 0.0, 0.0, 0.5, 0.5 ] }
							}
						},
						{
							"name": "Band_first_top2",
							"from": [ -0.7, 0.25, -1.6 ],
							"to": [ -0.4, 1.15, -1.0 ],
							"rotationOrigin": [ -0.4, 0.3, -1.6 ],
							"rotationZ": -90.0,
							"faces": {
								"north": { "texture": "#brass", "uv": [ 0.0, 0.0, 0.5, 0.5 ] },
								"east": { "texture": "#brass", "uv": [ 0.0, 0.0, 0.5, 0.5 ] },
								"south": { "texture": "#brass", "uv": [ 0.0, 0.0, 0.5, 0.5 ] },
								"west": { "texture": "#brass", "uv": [ 0.0, 0.0, 0.5, 0.5 ] },
								"up": { "texture": "#brass", "uv": [ 0.0, 0.0, 0.5, 0.5 ] },
								"down": { "texture": "#brass", "uv": [ 0.0, 0.0, 0.5, 0.5 ] }
							}
						},
						{
							"name": "Band_first_bottom2",
							"from": [ 0.1, -0.4, -1.6 ],
							"to": [ 0.4, 0.4, 0.0 ],
							"rotationOrigin": [ 0.4, -0.4, -1.6 ],
							"rotationZ": 90.0,
							"faces": {
								"north": { "texture": "#brass", "uv": [ 0.0, 0.0, 0.5, 0.5 ] },
								"east": { "texture": "#brass", "uv": [ 0.0, 0.0, 1.5, 0.5 ] },
								"south": { "texture": "#brass", "uv": [ 0.0, 0.0, 0.5, 0.5 ] },
								"west": { "texture": "#brass", "uv": [ 0.0, 0.0, 1.5, 0.5 ] },
								"up": { "texture": "#brass", "uv": [ 0.0, 0.0, 0.5, 1.5 ] },
								"down": { "texture": "#brass", "uv": [ 0.0, 0.0, 0.5, 1.5 ] }
							}
						},
						{
							"name": "Band_first_left3",
							"from": [ 0.3, -1.3, -1.0 ],
							"to": [ 0.6, 0.05, 0.0 ],
							"rotationOrigin": [ 0.3, -1.3, -1.0 ],
							"faces": {
								"north": { "texture": "#brass", "uv": [ 0.0, 0.0, 0.5, 1.0 ] },
								"east": { "texture": "#brass", "uv": [ 10.0, 6.0, 11.0, 7.0 ] },
								"south": { "texture": "#brass", "uv": [ 0.0, 0.0, 0.5, 1.0 ] },
								"west": { "texture": "#brass", "uv": [ 0.0, 0.0, 1.0, 1.0 ] },
								"up": { "texture": "#brass", "uv": [ 0.0, 0.0, 0.5, 1.0 ] },
								"down": { "texture": "#brass", "uv": [ 0.0, 0.0, 0.5, 1.0 ] }
							}
						},
						{
							"name": "Band_first_right3",
							"from": [ -0.6, -1.3, -1.0 ],
							"to": [ -0.3, 0.05, 0.0 ],
							"rotationOrigin": [ -0.3, -1.3, -1.0 ],
							"faces": {
								"north": { "texture": "#brass", "uv": [ 0.0, 0.0, 0.5, 1.0 ] },
								"east": { "texture": "#brass", "uv": [ 0.0, 0.0, 1.0, 1.0 ] },
								"south": { "texture": "#brass", "uv": [ 0.0, 0.0, 0.5, 1.0 ] },
								"west": { "texture": "#brass", "uv": [ 8.5, 10.5, 9.5, 11.5 ] },
								"up": { "texture": "#brass", "uv": [ 0.0, 0.0, 0.5, 1.0 ] },
								"down": { "texture": "#brass", "uv": [ 0.0, 0.0, 0.5, 1.0 ] }
							}
						}
					]
				}
			]
		}
	],
	"animations": [
		{
			"name": "load",
			"code": "load",
			"quantityframes": 166,
			"onActivityStopped": "Rewind",
			"onAnimationEnd": "Repeat",
			"keyframes": [
				{
					"frame": 0,
					"elements": {
						"Flask_origin": { "offsetX": -66.0, "offsetY": -66.0, "offsetZ": -78.0 },
						"Flask_origin_inner": { "rotationX": -90.0, "rotationY": 90.0, "rotationZ": 0.0 },
						"Patch": { "offsetX": 0.0, "offsetY": -7.0, "offsetZ": 31.0 },
						"Linen_0": { "offsetX": 0.2, "offsetY": 0.2, "offsetZ": 0.0, "rotationX": 0.0, "rotationY": 0.0, "rotationZ": 0.0 },
						"Linen_1": { "offsetX": -0.2, "offsetY": 0.2, "offsetZ": 0.0, "rotationX": 0.0, "rotationY": 0.0, "rotationZ": 0.0 },
						"Linen_2": { "offsetX": -0.3, "offsetY": -0.2, "offsetZ": 0.0, "rotationX": 0.0, "rotationY": 0.0, "rotationZ": 0.0 },
						"Linen_3": { "offsetX": 0.3, "offsetY": -0.2, "offsetZ": 0.0, "rotationX": 0.0, "rotationY": 0.0, "rotationZ": 0.0 },
						"Bullet": { "offsetX": 0.0, "offsetY": -7.0, "offsetZ": 30.8 },
						"Ramdrod_origin": { "offsetX": 0.0, "offsetY": 0.0, "offsetZ": 0.0 },
						"Ramrod": { "rotationX": 0.0, "rotationY": 0.0, "rotationZ": 0.0 }
					}
				},
				{
					"frame": 10,
					"elements": {
						"Bullet": { "offsetX": 0.0, "offsetY": -7.0, "offsetZ": 30.8 },
						"Patch": { "offsetX": 0.0, "offsetY": -7.0, "offsetZ": 31.0 },
						"Linen_0": { "offsetX": 0.2, "offsetY": 0.2, "offsetZ": 0.0, "rotationX": 0.0, "rotationY": 0.0, "rotationZ": 0.0 },
						"Linen_1": { "offsetX": -0.2, "offsetY": 0.2, "offsetZ": 0.0, "rotationX": 0.0, "rotationY": 0.0, "rotationZ": 0.0 },
						"Linen_2": { "offsetX": -0.3, "offsetY": -0.2, "offsetZ": 0.0, "rotationX": 0.0, "rotationY": 0.0, "rotationZ": 0.0 },
						"Linen_3": { "offsetX": 0.3, "offsetY": -0.2, "offsetZ": 0.0, "rotationX": 0.0, "rotationY": 0.0, "rotationZ": 0.0 },
						"Flask_origin": { "offsetX": -66.0, "offsetY": -61.0, "offsetZ": -109.0 },
						"Flask_origin_inner": { "rotationX": -90.0, "rotationY": 90.0, "rotationZ": 0.0 },
						"Ramdrod_origin": { "offsetX": 0.0, "offsetY": 0.0, "offsetZ": 0.0 },
						"Ramrod": { "rotationX": 0.0, "rotationY": 0.0, "rotationZ": 0.0 }
					}
				},
				{
					"frame": 15,
					"elements": {
						"Bullet": { "offsetX": 0.0, "offsetY": -7.0, "offsetZ": 30.8 },
						"Patch": { "offsetX": 0.0, "offsetY": -7.0, "offsetZ": 31.0 },
						"Linen_0": { "offsetX": 0.2, "offsetY": 0.2, "offsetZ": 0.0, "rotationX": 0.0, "rotationY": 0.0, "rotationZ": 0.0 },
						"Linen_1": { "offsetX": -0.2, "offsetY": 0.2, "offsetZ": 0.0, "rotationX": 0.0, "rotationY": 0.0, "rotationZ": 0.0 },
						"Linen_2": { "offsetX": -0.3, "offsetY": -0.2, "offsetZ": 0.0, "rotationX": 0.0, "rotationY": 0.0, "rotationZ": 0.0 },
						"Linen_3": { "offsetX": 0.3, "offsetY": -0.2, "offsetZ": 0.0, "rotationX": 0.0, "rotationY": 0.0, "rotationZ": 0.0 },
						"Flask_origin": { "offsetX": -66.0, "offsetY": -58.2, "offsetZ": -110.0 },
						"Flask_origin_inner": { "rotationX": -90.0, "rotationY": 90.0, "rotationZ": 90.0 },
						"Ramdrod_origin": { "offsetX": 0.0, "offsetY": 0.0, "offsetZ": 0.0 },
						"Ramrod": { "rotationX": 0.0, "rotationY": 0.0, "rotationZ": 0.0 }
					}
				},
				{
					"frame": 20,
					"elements": {
						"Bullet": { "offsetX": 0.0, "offsetY": -7.0, "offsetZ": 30.8 },
						"Patch": { "offsetX": 0.0, "offsetY": -7.0, "offsetZ": 31.0 },
						"Linen_0": { "offsetX": 0.2, "offsetY": 0.2, "offsetZ": 0.0, "rotationX": 0.0, "rotationY": 0.0, "rotationZ": 0.0 },
						"Linen_1": { "offsetX": -0.2, "offsetY": 0.2, "offsetZ": 0.0, "rotationX": 0.0, "rotationY": 0.0, "rotationZ": 0.0 },
						"Linen_2": { "offsetX": -0.3, "offsetY": -0.2, "offsetZ": 0.0, "rotationX": 0.0, "rotationY": 0.0, "rotationZ": 0.0 },
						"Linen_3": { "offsetX": 0.3, "offsetY": -0.2, "offsetZ": 0.0, "rotationX": 0.0, "rotationY": 0.0, "rotationZ": 0.0 },
						"Flask_origin": { "offsetX": -66.0, "offsetY": -61.0, "offsetZ": -109.0 },
						"Flask_origin_inner": { "rotationX": -90.0, "rotationY": 90.0, "rotationZ": 0.0 },
						"Ramdrod_origin": { "offsetX": 0.0, "offsetY": 0.0, "offsetZ": 0.0 },
						"Ramrod": { "rotationX": 0.0, "rotationY": 0.0, "rotationZ": 0.0 }
					}
				},
				{
					"frame": 30,
					"elements": {
						"Bullet": { "offsetX": 0.0, "offsetY": -7.0, "offsetZ": 30.8 },
						"Patch": { "offsetX": 0.0, "offsetY": -7.0, "offsetZ": 31.0 },
						"Linen_0": { "offsetX": 0.2, "offsetY": 0.2, "offsetZ": 0.0, "rotationX": 0.0, "rotationY": 0.0, "rotationZ": 0.0 },
						"Linen_1": { "offsetX": -0.2, "offsetY": 0.2, "offsetZ": 0.0, "rotationX": 0.0, "rotationY": 0.0, "rotationZ": 0.0 },
						"Linen_2": { "offsetX": -0.3, "offsetY": -0.2, "offsetZ": 0.0, "rotationX": 0.0, "rotationY": 0.0, "rotationZ": 0.0 },
						"Linen_3": { "offsetX": 0.3, "offsetY": -0.2, "offsetZ": 0.0, "rotationX": 0.0, "rotationY": 0.0, "rotationZ": 0.0 },
						"Flask_origin": { "offsetX": -66.0, "offsetY": -66.0, "offsetZ": -78.0 },
						"Flask_origin_inner": { "rotationX": -90.0, "rotationY": 90.0, "rotationZ": 0.0 },
						"Ramdrod_origin": { "offsetX": 0.0, "offsetY": 0.0, "offsetZ": 0.0 },
						"Ramrod": { "rotationX": 0.0, "rotationY": 0.0, "rotationZ": 0.0 }
					}
				},
				{
					"frame": 40,
					"elements": {
						"Bullet": { "offsetX": 0.0, "offsetY": -7.0, "offsetZ": 30.8 },
						"Patch": { "offsetX": 0.0, "offsetY": -5.0, "offsetZ": -2.3 },
						"Linen_0": { "offsetX": 0.2, "offsetY": 0.2, "offsetZ": 0.0, "rotationX": 0.0, "rotationY": 0.0, "rotationZ": 0.0 },
						"Linen_1": { "offsetX": -0.2, "offsetY": 0.2, "offsetZ": 0.0, "rotationX": 0.0, "rotationY": 0.0, "rotationZ": 0.0 },
						"Linen_2": { "offsetX": -0.3, "offsetY": -0.2, "offsetZ": 0.0, "rotationX": 0.0, "rotationY": 0.0, "rotationZ": 0.0 },
						"Linen_3": { "offsetX": 0.3, "offsetY": -0.2, "offsetZ": 0.0, "rotationX": 0.0, "rotationY": 0.0, "rotationZ": 0.0 },
						"Flask_origin": { "offsetX": -66.0, "offsetY": -66.0, "offsetZ": -78.0 },
						"Flask_origin_inner": { "rotationX": -90.0, "rotationY": 90.0, "rotationZ": 0.0 },
						"Ramdrod_origin": { "offsetX": 0.0, "offsetY": 0.0, "offsetZ": 0.0 },
						"Ramrod": { "rotationX": 0.0, "rotationY": 0.0, "rotationZ": 0.0 }
					}
				},
				{
					"frame": 45,
					"elements": {
						"Bullet": { "offsetX": 0.0, "offsetY": -7.0, "offsetZ": 30.8 },
						"Patch": { "offsetX": 0.0, "offsetY": 0.0, "offsetZ": -1.3 },
						"Linen_0": { "offsetX": 0.2, "offsetY": 0.2, "offsetZ": 0.0, "rotationX": 0.0, "rotationY": 0.0, "rotationZ": 0.0 },
						"Linen_1": { "offsetX": -0.2, "offsetY": 0.2, "offsetZ": 0.0, "rotationX": 0.0, "rotationY": 0.0, "rotationZ": 0.0 },
						"Linen_2": { "offsetX": -0.3, "offsetY": -0.2, "offsetZ": 0.0, "rotationX": 0.0, "rotationY": 0.0, "rotationZ": 0.0 },
						"Linen_3": { "offsetX": 0.3, "offsetY": -0.2, "offsetZ": 0.0, "rotationX": 0.0, "rotationY": 0.0, "rotationZ": 0.0 },
						"Flask_origin": { "offsetX": -66.0, "offsetY": -66.0, "offsetZ": -78.0 },
						"Flask_origin_inner": { "rotationX": -90.0, "rotationY": 90.0, "rotationZ": 0.0 },
						"Ramdrod_origin": { "offsetX": 0.0, "offsetY": 0.0, "offsetZ": 0.0 },
						"Ramrod": { "rotationX": 0.0, "rotationY": 0.0, "rotationZ": 0.0 }
					}
				},
				{
					"frame": 50,
					"elements": {
						"Bullet": { "offsetX": 0.0, "offsetY": -7.0, "offsetZ": 30.8 },
						"Patch": { "offsetX": 0.0, "offsetY": 0.0, "offsetZ": -1.3 },
						"Linen_0": { "offsetX": 0.2, "offsetY": 0.2, "offsetZ": 0.0, "rotationX": 0.0, "rotationY": 0.0, "rotationZ": 0.0 },
						"Linen_1": { "offsetX": -0.2, "offsetY": 0.2, "offsetZ": 0.0, "rotationX": 0.0, "rotationY": 0.0, "rotationZ": 0.0 },
						"Linen_2": { "offsetX": -0.3, "offsetY": -0.2, "offsetZ": 0.0, "rotationX": 0.0, "rotationY": 0.0, "rotationZ": 0.0 },
						"Linen_3": { "offsetX": 0.3, "offsetY": -0.2, "offsetZ": 0.0, "rotationX": 0.0, "rotationY": 0.0, "rotationZ": 0.0 },
						"Flask_origin": { "offsetX": -66.0, "offsetY": -66.0, "offsetZ": -78.0 },
						"Flask_origin_inner": { "rotationX": -90.0, "rotationY": 90.0, "rotationZ": 0.0 },
						"Ramdrod_origin": { "offsetX": 0.0, "offsetY": 0.0, "offsetZ": 0.0 },
						"Ramrod": { "rotationX": 0.0, "rotationY": 0.0, "rotationZ": 0.0 }
					}
				},
				{
					"frame": 60,
					"elements": {
						"Bullet": { "offsetX": 0.0, "offsetY": -4.0, "offsetZ": -2.2 },
						"Patch": { "offsetX": 0.0, "offsetY": 0.0, "offsetZ": -1.3 },
						"Linen_0": { "offsetX": 0.2, "offsetY": 0.2, "offsetZ": 0.0, "rotationX": 0.0, "rotationY": 0.0, "rotationZ": 0.0 },
						"Linen_1": { "offsetX": -0.2, "offsetY": 0.2, "offsetZ": 0.0, "rotationX": 0.0, "rotationY": 0.0, "rotationZ": 0.0 },
						"Linen_2": { "offsetX": -0.3, "offsetY": -0.2, "offsetZ": 0.0, "rotationX": 0.0, "rotationY": 0.0, "rotationZ": 0.0 },
						"Linen_3": { "offsetX": 0.3, "offsetY": -0.2, "offsetZ": 0.0, "rotationX": 0.0, "rotationY": 0.0, "rotationZ": 0.0 },
						"Flask_origin": { "offsetX": -66.0, "offsetY": -66.0, "offsetZ": -78.0 },
						"Flask_origin_inner": { "rotationX": -90.0, "rotationY": 90.0, "rotationZ": 0.0 },
						"Ramdrod_origin": { "offsetX": 0.0, "offsetY": 0.0, "offsetZ": 0.0 },
						"Ramrod": { "rotationX": 0.0, "rotationY": 0.0, "rotationZ": 0.0 }
					}
				},
				{
					"frame": 65,
					"elements": {
						"Bullet": { "offsetX": 0.0, "offsetY": 0.0, "offsetZ": -1.5 },
						"Patch": { "offsetX": 0.0, "offsetY": 0.0, "offsetZ": -1.3 },
						"Linen_0": { "offsetX": 0.2, "offsetY": 0.2, "offsetZ": 0.0, "rotationX": 0.0, "rotationY": 0.0, "rotationZ": 0.0 },
						"Linen_1": { "offsetX": -0.2, "offsetY": 0.2, "offsetZ": 0.0, "rotationX": 0.0, "rotationY": 0.0, "rotationZ": 0.0 },
						"Linen_2": { "offsetX": -0.3, "offsetY": -0.2, "offsetZ": 0.0, "rotationX": 0.0, "rotationY": 0.0, "rotationZ": 0.0 },
						"Linen_3": { "offsetX": 0.3, "offsetY": -0.2, "offsetZ": 0.0, "rotationX": 0.0, "rotationY": 0.0, "rotationZ": 0.0 },
						"Flask_origin": { "offsetX": -66.0, "offsetY": -66.0, "offsetZ": -78.0 },
						"Flask_origin_inner": { "rotationX": -90.0, "rotationY": 90.0, "rotationZ": 0.0 },
						"Ramdrod_origin": { "offsetX": 0.0, "offsetY": 0.0, "offsetZ": 0.0 },
						"Ramrod": { "rotationX": 0.0, "rotationY": 0.0, "rotationZ": 0.0 }
					}
				},
				{
					"frame": 70,
					"elements": {
						"Bullet": { "offsetX": 0.0, "offsetY": 0.0, "offsetZ": -1.2 },
						"Patch": { "offsetX": 0.0, "offsetY": 0.0, "offsetZ": -1.0 },
						"Linen_0": { "offsetX": 0.1, "offsetY": 0.1, "offsetZ": 0.0, "rotationX": -20.0, "rotationY": 13.0, "rotationZ": 0.0 },
						"Linen_1": { "offsetX": -0.1, "offsetY": 0.1, "offsetZ": 0.0, "rotationX": -20.0, "rotationY": -15.0, "rotationZ": 0.0 },
						"Linen_2": { "offsetX": -0.2, "offsetY": -0.1, "offsetZ": -0.1, "rotationX": 20.0, "rotationY": -20.0, "rotationZ": 0.0 },
						"Linen_3": { "offsetX": 0.2, "offsetY": -0.1, "offsetZ": -0.1, "rotationX": 20.0, "rotationY": 20.0, "rotationZ": 0.0 },
						"Flask_origin": { "offsetX": -66.0, "offsetY": -66.0, "offsetZ": -78.0 },
						"Flask_origin_inner": { "rotationX": -90.0, "rotationY": 90.0, "rotationZ": 0.0 },
						"Ramdrod_origin": { "offsetX": 0.0, "offsetY": 0.0, "offsetZ": 0.0 },
						"Ramrod": { "rotationX": 0.0, "rotationY": 0.0, "rotationZ": 0.0 }
					}
				},
				{
					"frame": 75,
					"elements": {
						"Bullet": { "offsetX": 0.0, "offsetY": 0.0, "offsetZ": -1.2 },
						"Patch": { "offsetX": 0.0, "offsetY": 0.0, "offsetZ": -1.0 },
						"Linen_0": { "offsetX": 0.1, "offsetY": 0.1, "offsetZ": 0.0, "rotationX": -20.0, "rotationY": 13.0, "rotationZ": 0.0 },
						"Linen_1": { "offsetX": -0.1, "offsetY": 0.1, "offsetZ": 0.0, "rotationX": -20.0, "rotationY": -15.0, "rotationZ": 0.0 },
						"Linen_2": { "offsetX": -0.2, "offsetY": -0.1, "offsetZ": -0.1, "rotationX": 20.0, "rotationY": -20.0, "rotationZ": 0.0 },
						"Linen_3": { "offsetX": 0.2, "offsetY": -0.1, "offsetZ": -0.1, "rotationX": 20.0, "rotationY": 20.0, "rotationZ": 0.0 },
						"Flask_origin": { "offsetX": -66.0, "offsetY": -66.0, "offsetZ": -78.0 },
						"Flask_origin_inner": { "rotationX": -90.0, "rotationY": 90.0, "rotationZ": 0.0 },
						"Ramdrod_origin": { "offsetX": 0.0, "offsetY": 0.0, "offsetZ": 0.0 },
						"Ramrod": { "rotationX": 0.0, "rotationY": 0.0, "rotationZ": 0.0 }
					}
				},
				{
					"frame": 85,
					"elements": {
						"Bullet": { "offsetX": 0.0, "offsetY": 0.0, "offsetZ": -1.2 },
						"Patch": { "offsetX": 0.0, "offsetY": 0.0, "offsetZ": -1.0 },
						"Linen_0": { "offsetX": 0.1, "offsetY": 0.1, "offsetZ": 0.0, "rotationX": -20.0, "rotationY": 13.0, "rotationZ": 0.0 },
						"Linen_1": { "offsetX": -0.1, "offsetY": 0.1, "offsetZ": 0.0, "rotationX": -20.0, "rotationY": -15.0, "rotationZ": 0.0 },
						"Linen_2": { "offsetX": -0.2, "offsetY": -0.1, "offsetZ": -0.1, "rotationX": 20.0, "rotationY": -20.0, "rotationZ": 0.0 },
						"Linen_3": { "offsetX": 0.2, "offsetY": -0.1, "offsetZ": -0.1, "rotationX": 20.0, "rotationY": 20.0, "rotationZ": 0.0 },
						"Flask_origin": { "offsetX": -66.0, "offsetY": -66.0, "offsetZ": -78.0 },
						"Flask_origin_inner": { "rotationX": -90.0, "rotationY": 90.0, "rotationZ": 0.0 },
						"Ramdrod_origin": { "offsetX": 0.0, "offsetY": 0.0, "offsetZ": -16.0 },
						"Ramrod": { "rotationX": 0.0, "rotationY": 0.0, "rotationZ": 0.0 }
					}
				},
				{
					"frame": 95,
					"elements": {
						"Bullet": { "offsetX": 0.0, "offsetY": 0.0, "offsetZ": -1.2 },
						"Patch": { "offsetX": 0.0, "offsetY": 0.0, "offsetZ": -1.0 },
						"Linen_0": { "offsetX": 0.1, "offsetY": 0.1, "offsetZ": 0.0, "rotationX": -20.0, "rotationY": 13.0, "rotationZ": 0.0 },
						"Linen_1": { "offsetX": -0.1, "offsetY": 0.1, "offsetZ": 0.0, "rotationX": -20.0, "rotationY": -15.0, "rotationZ": 0.0 },
						"Linen_2": { "offsetX": -0.2, "offsetY": -0.1, "offsetZ": -0.1, "rotationX": 20.0, "rotationY": -20.0, "rotationZ": 0.0 },
						"Linen_3": { "offsetX": 0.2, "offsetY": -0.1, "offsetZ": -0.1, "rotationX": 20.0, "rotationY": 20.0, "rotationZ": 0.0 },
						"Flask_origin": { "offsetX": -66.0, "offsetY": -66.0, "offsetZ": -78.0 },
						"Flask_origin_inner": { "rotationX": -90.0, "rotationY": 90.0, "rotationZ": 0.0 },
						"Ramdrod_origin": { "offsetX": 0.0, "offsetY": 0.55, "offsetZ": -17.0 },
						"Ramrod": { "rotationX": 180.0, "rotationY": 0.0, "rotationZ": 0.0 }
					}
				},
				{
					"frame": 96,
					"elements": {
						"Linen_0": { "offsetX": 0.0, "offsetY": 0.0, "offsetZ": 0.0 },
						"Linen_1": { "offsetX": 0.0, "offsetY": 0.0, "offsetZ": 0.0 },
						"Linen_2": { "offsetX": 0.0, "offsetY": 0.0, "offsetZ": 0.0 },
						"Linen_3": { "offsetX": 0.0, "offsetY": 0.0, "offsetZ": 0.0 }
					}
				},
				{
					"frame": 105,
					"elements": {
						"Bullet": { "offsetX": 0.0, "offsetY": 0.0, "offsetZ": 7.8 },
						"Patch": { "offsetX": 0.0, "offsetY": 0.0, "offsetZ": 8.0 },
						"Linen_0": { "offsetX": 0.0, "offsetY": 0.0, "offsetZ": 0.0, "rotationX": -20.0, "rotationY": 13.0, "rotationZ": 0.0 },
						"Linen_1": { "offsetX": 0.0, "offsetY": 0.0, "offsetZ": 0.0, "rotationX": -20.0, "rotationY": -15.0, "rotationZ": 0.0 },
						"Linen_2": { "offsetX": 0.0, "offsetY": 0.0, "offsetZ": 0.0, "rotationX": 20.0, "rotationY": -20.0, "rotationZ": 0.0 },
						"Linen_3": { "offsetX": 0.0, "offsetY": 0.0, "offsetZ": 0.0, "rotationX": 20.0, "rotationY": 20.0, "rotationZ": 0.0 },
						"Flask_origin": { "offsetX": -66.0, "offsetY": -66.0, "offsetZ": -78.0 },
						"Flask_origin_inner": { "rotationX": -90.0, "rotationY": 90.0, "rotationZ": 0.0 },
						"Ramdrod_origin": { "offsetX": 0.0, "offsetY": 0.55, "offsetZ": -8.0 },
						"Ramrod": { "rotationX": 180.0, "rotationY": 0.0, "rotationZ": 0.0 }
					}
				},
				{
					"frame": 110,
					"elements": {
						"Bullet": { "offsetX": 0.0, "offsetY": 0.0, "offsetZ": 7.8 },
						"Patch": { "offsetX": 0.0, "offsetY": 0.0, "offsetZ": 8.0 },
						"Linen_0": { "offsetX": 0.0, "offsetY": 0.0, "offsetZ": 0.0, "rotationX": -20.0, "rotationY": 13.0, "rotationZ": 0.0 },
						"Linen_1": { "offsetX": 0.0, "offsetY": 0.0, "offsetZ": 0.0, "rotationX": -20.0, "rotationY": -15.0, "rotationZ": 0.0 },
						"Linen_2": { "offsetX": 0.0, "offsetY": 0.0, "offsetZ": 0.0, "rotationX": 20.0, "rotationY": -20.0, "rotationZ": 0.0 },
						"Linen_3": { "offsetX": 0.0, "offsetY": 0.0, "offsetZ": 0.0, "rotationX": 20.0, "rotationY": 20.0, "rotationZ": 0.0 },
						"Flask_origin": { "offsetX": -66.0, "offsetY": -66.0, "offsetZ": -78.0 },
						"Flask_origin_inner": { "rotationX": -90.0, "rotationY": 90.0, "rotationZ": 0.0 },
						"Ramdrod_origin": { "offsetX": 0.0, "offsetY": 0.55, "offsetZ": -8.0 },
						"Ramrod": { "rotationX": 180.0, "rotationY": 0.0, "rotationZ": 0.0 }
					}
				},
				{
					"frame": 120,
					"elements": {
						"Bullet": { "offsetX": 0.0, "offsetY": 0.0, "offsetZ": 7.8 },
						"Patch": { "offsetX": 0.0, "offsetY": 0.0, "offsetZ": 8.0 },
						"Linen_0": { "offsetX": 0.0, "offsetY": 0.0, "offsetZ": 0.0, "rotationX": -20.0, "rotationY": 13.0, "rotationZ": 0.0 },
						"Linen_1": { "offsetX": 0.0, "offsetY": 0.0, "offsetZ": 0.0, "rotationX": -20.0, "rotationY": -15.0, "rotationZ": 0.0 },
						"Linen_2": { "offsetX": 0.0, "offsetY": 0.0, "offsetZ": 0.0, "rotationX": 20.0, "rotationY": -20.0, "rotationZ": 0.0 },
						"Linen_3": { "offsetX": 0.0, "offsetY": 0.0, "offsetZ": 0.0, "rotationX": 20.0, "rotationY": 20.0, "rotationZ": 0.0 },
						"Flask_origin": { "offsetX": -66.0, "offsetY": -66.0, "offsetZ": -78.0 },
						"Flask_origin_inner": { "rotationX": -90.0, "rotationY": 90.0, "rotationZ": 0.0 },
						"Ramdrod_origin": { "offsetX": 0.0, "offsetY": 0.55, "offsetZ": 1.0 },
						"Ramrod": { "rotationX": 180.0, "rotationY": 0.0, "rotationZ": 0.0 }
					}
				},
				{
					"frame": 125,
					"elements": {
						"Bullet": { "offsetX": 0.0, "offsetY": 0.0, "offsetZ": 7.8 },
						"Patch": { "offsetX": 0.0, "offsetY": 0.0, "offsetZ": 8.0 },
						"Linen_0": { "offsetX": 0.0, "offsetY": 0.0, "offsetZ": 0.0, "rotationX": -20.0, "rotationY": 13.0, "rotationZ": 0.0 },
						"Linen_1": { "offsetX": 0.0, "offsetY": 0.0, "offsetZ": 0.0, "rotationX": -20.0, "rotationY": -15.0, "rotationZ": 0.0 },
						"Linen_2": { "offsetX": 0.0, "offsetY": 0.0, "offsetZ": 0.0, "rotationX": 20.0, "rotationY": -20.0, "rotationZ": 0.0 },
						"Linen_3": { "offsetX": 0.0, "offsetY": 0.0, "offsetZ": 0.0, "rotationX": 20.0, "rotationY": 20.0, "rotationZ": 0.0 },
						"Flask_origin": { "offsetX": -66.0, "offsetY": -66.0, "offsetZ": -78.0 },
						"Flask_origin_inner": { "rotationX": -90.0, "rotationY": 90.0, "rotationZ": 0.0 },
						"Ramdrod_origin": { "offsetX": 0.0, "offsetY": 0.55, "offsetZ": -2.0 },
						"Ramrod": { "rotationX": 180.0, "rotationY": 0.0, "rotationZ": 0.0 }
					}
				},
				{
					"frame": 130,
					"elements": {
						"Bullet": { "offsetX": 0.0, "offsetY": 0.0, "offsetZ": 7.8 },
						"Patch": { "offsetX": 0.0, "offsetY": 0.0, "offsetZ": 8.0 },
						"Linen_0": { "offsetX": 0.0, "offsetY": 0.0, "offsetZ": 0.0, "rotationX": -20.0, "rotationY": 13.0, "rotationZ": 0.0 },
						"Linen_1": { "offsetX": 0.0, "offsetY": 0.0, "offsetZ": 0.0, "rotationX": -20.0, "rotationY": -15.0, "rotationZ": 0.0 },
						"Linen_2": { "offsetX": 0.0, "offsetY": 0.0, "offsetZ": 0.0, "rotationX": 20.0, "rotationY": -20.0, "rotationZ": 0.0 },
						"Linen_3": { "offsetX": 0.0, "offsetY": 0.0, "offsetZ": 0.0, "rotationX": 20.0, "rotationY": 20.0, "rotationZ": 0.0 },
						"Flask_origin": { "offsetX": -66.0, "offsetY": -66.0, "offsetZ": -78.0 },
						"Flask_origin_inner": { "rotationX": -90.0, "rotationY": 90.0, "rotationZ": 0.0 },
						"Ramdrod_origin": { "offsetX": 0.0, "offsetY": 0.55, "offsetZ": 1.0 },
						"Ramrod": { "rotationX": 180.0, "rotationY": 0.0, "rotationZ": 0.0 }
					}
				},
				{
					"frame": 135,
					"elements": {
						"Bullet": { "offsetX": 0.0, "offsetY": 0.0, "offsetZ": 7.8 },
						"Patch": { "offsetX": 0.0, "offsetY": 0.0, "offsetZ": 8.0 },
						"Linen_0": { "offsetX": 0.0, "offsetY": 0.0, "offsetZ": 0.0, "rotationX": -20.0, "rotationY": 13.0, "rotationZ": 0.0 },
						"Linen_1": { "offsetX": 0.0, "offsetY": 0.0, "offsetZ": 0.0, "rotationX": -20.0, "rotationY": -15.0, "rotationZ": 0.0 },
						"Linen_2": { "offsetX": 0.0, "offsetY": 0.0, "offsetZ": 0.0, "rotationX": 20.0, "rotationY": -20.0, "rotationZ": 0.0 },
						"Linen_3": { "offsetX": 0.0, "offsetY": 0.0, "offsetZ": 0.0, "rotationX": 20.0, "rotationY": 20.0, "rotationZ": 0.0 },
						"Flask_origin": { "offsetX": -66.0, "offsetY": -66.0, "offsetZ": -78.0 },
						"Flask_origin_inner": { "rotationX": -90.0, "rotationY": 90.0, "rotationZ": 0.0 },
						"Ramdrod_origin": { "offsetX": 0.0, "offsetY": 0.55, "offsetZ": -9.0 },
						"Ramrod": { "rotationX": 180.0, "rotationY": 0.0, "rotationZ": 0.0 }
					}
				},
				{
					"frame": 140,
					"elements": {
						"Bullet": { "offsetX": 0.0, "offsetY": 0.0, "offsetZ": 7.8 },
						"Patch": { "offsetX": 0.0, "offsetY": 0.0, "offsetZ": 8.0 },
						"Linen_0": { "offsetX": 0.0, "offsetY": 0.0, "offsetZ": 0.0, "rotationX": -20.0, "rotationY": 13.0, "rotationZ": 0.0 },
						"Linen_1": { "offsetX": 0.0, "offsetY": 0.0, "offsetZ": 0.0, "rotationX": -20.0, "rotationY": -15.0, "rotationZ": 0.0 },
						"Linen_2": { "offsetX": 0.0, "offsetY": 0.0, "offsetZ": 0.0, "rotationX": 20.0, "rotationY": -20.0, "rotationZ": 0.0 },
						"Linen_3": { "offsetX": 0.0, "offsetY": 0.0, "offsetZ": 0.0, "rotationX": 20.0, "rotationY": 20.0, "rotationZ": 0.0 },
						"Flask_origin": { "offsetX": -66.0, "offsetY": -66.0, "offsetZ": -78.0 },
						"Flask_origin_inner": { "rotationX": -90.0, "rotationY": 90.0, "rotationZ": 0.0 },
						"Ramdrod_origin": { "offsetX": 0.0, "offsetY": 0.55, "offsetZ": -9.0 },
						"Ramrod": { "rotationX": 180.0, "rotationY": 0.0, "rotationZ": 0.0 }
					}
				},
				{
					"frame": 145,
					"elements": {
						"Bullet": { "offsetX": 0.0, "offsetY": 0.0, "offsetZ": 7.8 },
						"Patch": { "offsetX": 0.0, "offsetY": 0.0, "offsetZ": 8.0 },
						"Linen_0": { "offsetX": 0.0, "offsetY": 0.0, "offsetZ": 0.0, "rotationX": -20.0, "rotationY": 13.0, "rotationZ": 0.0 },
						"Linen_1": { "offsetX": 0.0, "offsetY": 0.0, "offsetZ": 0.0, "rotationX": -20.0, "rotationY": -15.0, "rotationZ": 0.0 },
						"Linen_2": { "offsetX": 0.0, "offsetY": 0.0, "offsetZ": 0.0, "rotationX": 20.0, "rotationY": -20.0, "rotationZ": 0.0 },
						"Linen_3": { "offsetX": 0.0, "offsetY": 0.0, "offsetZ": 0.0, "rotationX": 20.0, "rotationY": 20.0, "rotationZ": 0.0 },
						"Flask_origin": { "offsetX": -66.0, "offsetY": -66.0, "offsetZ": -78.0 },
						"Flask_origin_inner": { "rotationX": -90.0, "rotationY": 90.0, "rotationZ": 0.0 },
						"Ramdrod_origin": { "offsetX": 0.0, "offsetY": 0.55, "offsetZ": -17.0 },
						"Ramrod": { "rotationX": 180.0, "rotationY": 0.0, "rotationZ": 0.0 }
					}
				},
				{
					"frame": 155,
					"elements": {
						"Bullet": { "offsetX": 0.0, "offsetY": 0.0, "offsetZ": 7.8 },
						"Patch": { "offsetX": 0.0, "offsetY": 0.0, "offsetZ": 8.0 },
						"Linen_0": { "offsetX": 0.0, "offsetY": 0.0, "offsetZ": 0.0, "rotationX": -20.0, "rotationY": 13.0, "rotationZ": 0.0 },
						"Linen_1": { "offsetX": 0.0, "offsetY": 0.0, "offsetZ": 0.0, "rotationX": -20.0, "rotationY": -15.0, "rotationZ": 0.0 },
						"Linen_2": { "offsetX": 0.0, "offsetY": 0.0, "offsetZ": 0.0, "rotationX": 20.0, "rotationY": -20.0, "rotationZ": 0.0 },
						"Linen_3": { "offsetX": 0.0, "offsetY": 0.0, "offsetZ": 0.0, "rotationX": 20.0, "rotationY": 20.0, "rotationZ": 0.0 },
						"Flask_origin": { "offsetX": -66.0, "offsetY": -66.0, "offsetZ": -78.0 },
						"Flask_origin_inner": { "rotationX": -90.0, "rotationY": 90.0, "rotationZ": 0.0 },
						"Ramdrod_origin": { "offsetX": 0.0, "offsetY": 0.0, "offsetZ": -17.0 },
						"Ramrod": { "rotationX": 0.0, "rotationY": 0.0, "rotationZ": 0.0 }
					}
				},
				{
					"frame": 165,
					"elements": {
						"Bullet": { "offsetX": 0.0, "offsetY": 0.0, "offsetZ": 7.8 },
						"Patch": { "offsetX": 0.0, "offsetY": 0.0, "offsetZ": 8.0 },
						"Linen_0": { "offsetX": 0.0, "offsetY": 0.0, "offsetZ": 0.0, "rotationX": -20.0, "rotationY": 13.0, "rotationZ": 0.0 },
						"Linen_1": { "offsetX": 0.0, "offsetY": 0.0, "offsetZ": 0.0, "rotationX": -20.0, "rotationY": -15.0, "rotationZ": 0.0 },
						"Linen_2": { "offsetX": 0.0, "offsetY": 0.0, "offsetZ": 0.0, "rotationX": 20.0, "rotationY": -20.0, "rotationZ": 0.0 },
						"Linen_3": { "offsetX": 0.0, "offsetY": 0.0, "offsetZ": 0.0, "rotationX": 20.0, "rotationY": 20.0, "rotationZ": 0.0 },
						"Flask_origin": { "offsetX": -66.0, "offsetY": -66.0, "offsetZ": -78.0 },
						"Flask_origin_inner": { "rotationX": -90.0, "rotationY": 90.0, "rotationZ": 0.0 },
						"Ramdrod_origin": { "offsetX": 0.0, "offsetY": 0.0, "offsetZ": 0.0 },
						"Ramrod": { "rotationX": 0.0, "rotationY": 0.0, "rotationZ": 0.0 }
					}
				}
			]
		},

		{
			"name": "Fire",
			"code": "fire",
			"quantityframes": 30,
			"onActivityStopped": "Stop",
			"onAnimationEnd": "Hold",
			"keyframes": [
				{
					"frame": 0,
					"elements": {
						"Hammer": { "rotationX": 70.0, "rotationY": 0.0, "rotationZ": 0.0 },
						"Frizzen": { "rotationX": 90.0, "rotationY": 0.0, "rotationZ": 0.0 },
						"Trigger": { "rotationX": 0.0, "rotationY": 0.0, "rotationZ": 0.0 }
					}
				},
				{
					"frame": 15,
					"elements": {
						"Trigger": { "rotationX": -20.0, "rotationY": 0.0, "rotationZ": 0.0 },
						"Hammer": { "rotationX": 70.0, "rotationY": 0.0, "rotationZ": 0.0 },
						"Frizzen": { "rotationX": 90.0, "rotationY": 0.0, "rotationZ": 0.0 }
					}
				},
				{
					"frame": 18,
					"elements": {
						"Trigger": { "rotationX": -20.0, "rotationY": 0.0, "rotationZ": 0.0 },
						"Hammer": { "rotationX": 28.0, "rotationY": 0.0, "rotationZ": 0.0 },
						"Frizzen": { "rotationX": 90.0, "rotationY": 0.0, "rotationZ": 0.0 }
					}
				},
				{
					"frame": 21,
					"elements": {
						"Trigger": { "rotationX": -20.0, "rotationY": 0.0, "rotationZ": 0.0 },
						"Hammer": { "rotationX": 21.0, "rotationY": 0.0, "rotationZ": 0.0 },
						"Frizzen": { "rotationX": 76.0, "rotationY": 0.0, "rotationZ": 0.0 }
					}
				},
				{
					"frame": 23,
					"elements": {
						"Trigger": { "rotationX": -20.0, "rotationY": 0.0, "rotationZ": 0.0 },
						"Hammer": { "rotationX": 14.0, "rotationY": 0.0, "rotationZ": 0.0 },
						"Frizzen": { "rotationX": 45.0, "rotationY": 0.0, "rotationZ": 0.0 }
					}
				},
				{
					"frame": 27,
					"elements": {
						"Trigger": { "rotationX": -10.0, "rotationY": 0.0, "rotationZ": 0.0 },
						"Hammer": { "rotationX": -5.0, "rotationY": 0.0, "rotationZ": 0.0 },
						"Frizzen": { "rotationX": -5.0, "rotationY": 0.0, "rotationZ": 0.0 }
					}
				},
				{
					"frame": 29,
					"elements": {
						"Trigger": { "rotationX": 0.0, "rotationY": 0.0, "rotationZ": 0.0 },
						"Hammer": { "rotationX": 0.0, "rotationY": 0.0, "rotationZ": 0.0 },
						"Frizzen": { "rotationX": 0.0, "rotationY": 0.0, "rotationZ": 0.0 }
					}
				}
			]
		},
		{
			"name": "Prime",
			"code": "prime",
			"quantityframes": 70,
			"onActivityStopped": "Rewind",
			"onAnimationEnd": "Repeat",
			"keyframes": [
				{
					"frame": 0,
					"elements": {
						"Flask_origin": { "offsetX": 0.0, "offsetY": 0.0, "offsetZ": 0.0 },
						"Flask_origin_inner": { "rotationX": 0.0, "rotationY": 0.0, "rotationZ": 0.0 },
						"Hammer": { "rotationX": 0.0, "rotationY": 0.0, "rotationZ": 0.0 },
						"Frizzen": { "rotationX": 0.0, "rotationY": 0.0, "rotationZ": 0.0 }
					}
				},
				{
					"frame": 10,
					"elements": {
						"Hammer": { "rotationX": 25.0, "rotationY": 0.0, "rotationZ": 0.0 },
						"Frizzen": { "rotationX": 0.0, "rotationY": 0.0, "rotationZ": 0.0 },
						"Flask_origin": { "offsetX": 0.0, "offsetY": 0.0, "offsetZ": 0.0 },
						"Flask_origin_inner": { "rotationX": 0.0, "rotationY": 0.0, "rotationZ": 0.0 }
					}
				},
				{
					"frame": 15,
					"elements": {
						"Hammer": { "rotationX": 25.0, "rotationY": 0.0, "rotationZ": 0.0 },
						"Frizzen": { "rotationX": 0.0, "rotationY": 0.0, "rotationZ": 0.0 },
						"Flask_origin": { "offsetX": 0.0, "offsetY": 0.0, "offsetZ": 0.0 },
						"Flask_origin_inner": { "rotationX": 0.0, "rotationY": 0.0, "rotationZ": 0.0 }
					}
				},
				{
					"frame": 25,
					"elements": {
						"Hammer": { "rotationX": 25.0, "rotationY": 0.0, "rotationZ": 0.0 },
						"Frizzen": { "rotationX": 0.0, "rotationY": 0.0, "rotationZ": 0.0 },
						"Flask_origin": { "offsetX": -5.0, "offsetY": 22.0, "offsetZ": -13.5 },
						"Flask_origin_inner": { "rotationX": 0.0, "rotationY": 0.0, "rotationZ": 0.0 }
					}
				},
				{
					"frame": 30,
					"elements": {
						"Hammer": { "rotationX": 25.0, "rotationY": 0.0, "rotationZ": 0.0 },
						"Frizzen": { "rotationX": 0.0, "rotationY": 0.0, "rotationZ": 0.0 },
						"Flask_origin": { "offsetX": -7.0, "offsetY": 23.3, "offsetZ": -13.5 },
						"Flask_origin_inner": { "rotationX": 0.0, "rotationY": 0.0, "rotationZ": 90.0 }
					}
				},
				{
					"frame": 35,
					"elements": {
						"Hammer": { "rotationX": 25.0, "rotationY": 0.0, "rotationZ": 0.0 },
						"Frizzen": { "rotationX": 0.0, "rotationY": 0.0, "rotationZ": 0.0 },
						"Flask_origin": { "offsetX": -5.0, "offsetY": 22.0, "offsetZ": -13.5 },
						"Flask_origin_inner": { "rotationX": 0.0, "rotationY": 0.0, "rotationZ": 0.0 }
					}
				},
				{
					"frame": 45,
					"elements": {
						"Hammer": { "rotationX": 25.0, "rotationY": 0.0, "rotationZ": 0.0 },
						"Frizzen": { "rotationX": 0.0, "rotationY": 0.0, "rotationZ": 0.0 },
						"Flask_origin": { "offsetX": 0.0, "offsetY": 0.0, "offsetZ": 0.0 },
						"Flask_origin_inner": { "rotationX": 0.0, "rotationY": 0.0, "rotationZ": 0.0 }
					}
				},
				{
					"frame": 50,
					"elements": {
						"Hammer": { "rotationX": 25.0, "rotationY": 0.0, "rotationZ": 0.0 },
						"Frizzen": { "rotationX": 0.0, "rotationY": 0.0, "rotationZ": 0.0 },
						"Flask_origin": { "offsetX": 0.0, "offsetY": 0.0, "offsetZ": 0.0 },
						"Flask_origin_inner": { "rotationX": 0.0, "rotationY": 0.0, "rotationZ": 0.0 }
					}
				},
				{
					"frame": 60,
					"elements": {
						"Hammer": { "rotationX": 25.0, "rotationY": 0.0, "rotationZ": 0.0 },
						"Frizzen": { "rotationX": 90.0, "rotationY": 0.0, "rotationZ": 0.0 },
						"Flask_origin": { "offsetX": 0.0, "offsetY": 0.0, "offsetZ": 0.0 },
						"Flask_origin_inner": { "rotationX": 0.0, "rotationY": 0.0, "rotationZ": 0.0 }
					}
				},
				{
					"frame": 69,
					"elements": {
						"Hammer": { "rotationX": 70.0, "rotationY": 0.0, "rotationZ": 0.0 },
						"Frizzen": { "rotationX": 90.0, "rotationY": 0.0, "rotationZ": 0.0 },
						"Flask_origin": { "offsetX": 0.0, "offsetY": 0.0, "offsetZ": 0.0 },
						"Flask_origin_inner": { "rotationX": 0.0, "rotationY": 0.0, "rotationZ": 0.0 }
					}
				}
			]
		}
	]
}