﻿[
  {
    "ingredientPattern": "HS,XM,CL",
    "width": 2,
    "height": 3,
    "ingredients": {
      "L": {
        "type": "item",
        "code": "game:metalplate-copper",
        "quantity": 1
      },
      "S": {
        "type": "item",
        "code": "game:saw-*",
        "isTool": true,
        "toolDurabilityCost": 8
      },
      "X": {
        "type": "item",
        "code": "game:chisel-*",
        "isTool": true,
        "toolDurabilityCost": 8
      },
      "H": {
        "type": "item",
        "code": "game:hammer-*",
        "isTool": true,
        "toolDurabilityCost": 8
      },
      "M": {
        "type": "item",
        "code": "game:metalplate-iron",
        "quantity": 2
      },
      "C": {
        "type": "block",
        "code": "electricalprogressivebasics:ecable-32v-copper-single-part",
        "quantity": 2
      }
    },
    "output": {
      "type": "block",
      "code": "electricalprogressivebasics:etermogenerator-south",
      "quantity": 1
    }
  }
]
