{
    "ingredient": {
        "type": "item",
        "code": "game:ingot-*",
        "name": "metal",
        "allowedVariants": [ "copper", "brass", "tinbronze", "bismuthbronze", "blackbronze", "silver", "gold", "iron", "chromium", "electrum", "titanium", "molybdochalkos", "meteoriciron", "steel", "cupronickel", "nickel", "platinum", "stainlesssteel", "uranium", "zinc" ]
    },
    "name": "metalpotbottom",
    "pattern": [
        [
            "#######",
            "#######",
            "#######",
            "#######",
            "#######",
            "#######",
            "#######"
        ],
        [
            "#######",
            "#_____#",
            "#_____#",
            "#_____#",
            "#_____#",
            "#_____#",
            "#######"
        ],
        [
            "#######",
            "#_____#",
            "#_____#",
            "#_____#",
            "#_____#",
            "#_____#",
            "#######"
        ],
        [
            "#######",
            "#_____#",
            "#_____#",
            "#_____#",
            "#_____#",
            "#_____#",
            "#######"
        ]
    ],
    "output": {
        "type": "item",
        "code": "metalpots:metalpotbottom-{metal}"
    }
}