﻿{
  "code": "creature",
  "class": "ItemCreature",
  "maxstacksize": 64,
  "variantgroups": [
    {
      "code": "type",
      "states": [ 
	  "ceratopsidae-triceratops-adult-male","ceratopsidae-triceratops-adult-female", "ceratopsidae-triceratops-baby-male", "ceratopsidae-triceratops-baby-female","ceratopsidae-triceratops-nest-mature","ceratopsidae-triceratops-nest-incubating","ceratopsidae-triceratops-nest-empty",
    "ceratopsidae-torosaurus-adult-male","ceratopsidae-torosaurus-adult-female", "ceratopsidae-torosaurus-baby-male", "ceratopsidae-torosaurus-baby-female","ceratopsidae-torosaurus-nest-mature","ceratopsidae-torosaurus-nest-incubating","ceratopsidae-torosaurus-nest-empty",
    "ceratopsidae-pentaceratops-adult-male","ceratopsidae-pentaceratops-adult-female", "ceratopsidae-pentaceratops-baby-male", "ceratopsidae-pentaceratops-baby-female","ceratopsidae-pentaceratops-nest-mature","ceratopsidae-pentaceratops-nest-incubating","ceratopsidae-pentaceratops-nest-empty",
    "ceratopsidae-pachyrhinosaurus-adult-male","ceratopsidae-pachyrhinosaurus-adult-female", "ceratopsidae-pachyrhinosaurus-baby-male", "ceratopsidae-pachyrhinosaurus-baby-female","ceratopsidae-pachyrhinosaurus-nest-mature","ceratopsidae-pachyrhinosaurus-nest-incubating","ceratopsidae-pachyrhinosaurus-nest-empty",
    "ceratopsidae-styracosaurus-adult-male","ceratopsidae-styracosaurus-adult-female", "ceratopsidae-styracosaurus-baby-male", "ceratopsidae-styracosaurus-baby-female","ceratopsidae-styracosaurus-nest-mature","ceratopsidae-styracosaurus-nest-incubating","ceratopsidae-styracosaurus-nest-empty",
    "ceratopsidae-centrosaurus-adult-male","ceratopsidae-centrosaurus-adult-female", "ceratopsidae-centrosaurus-baby-male", "ceratopsidae-centrosaurus-baby-female","ceratopsidae-centrosaurus-nest-mature","ceratopsidae-centrosaurus-nest-incubating","ceratopsidae-centrosaurus-nest-empty",
    "ceratopsidae-xenoceratops-adult-male","ceratopsidae-xenoceratops-adult-female", "ceratopsidae-xenoceratops-baby-male", "ceratopsidae-xenoceratops-baby-female","ceratopsidae-xenoceratops-nest-mature","ceratopsidae-xenoceratops-nest-incubating","ceratopsidae-xenoceratops-nest-empty",
    "ceratopsidae-machairoceratops-adult-male","ceratopsidae-machairoceratops-adult-female", "ceratopsidae-machairoceratops-baby-male", "ceratopsidae-machairoceratops-baby-female","ceratopsidae-machairoceratops-nest-mature","ceratopsidae-machairoceratops-nest-incubating","ceratopsidae-machairoceratops-nest-empty",
    "ceratopsidae-nedoceratops-adult-male","ceratopsidae-nedoceratops-adult-female", "ceratopsidae-nedoceratops-baby-male", "ceratopsidae-nedoceratops-baby-female","ceratopsidae-nedoceratops-nest-mature","ceratopsidae-nedoceratops-nest-incubating","ceratopsidae-nedoceratops-nest-empty",
    "ceratopsidae-sinoceratops-adult-male","ceratopsidae-sinoceratops-adult-female", "ceratopsidae-sinoceratops-baby-male", "ceratopsidae-sinoceratops-baby-female","ceratopsidae-sinoceratops-nest-mature","ceratopsidae-sinoceratops-nest-incubating","ceratopsidae-sinoceratops-nest-empty",
    "ceratopsidae-regaliceratops-adult-male","ceratopsidae-regaliceratops-adult-female", "ceratopsidae-regaliceratops-baby-male", "ceratopsidae-regaliceratops-baby-female","ceratopsidae-regaliceratops-nest-mature","ceratopsidae-regaliceratops-nest-incubating","ceratopsidae-regaliceratops-nest-empty",
    "ceratopsidae-nasutoceratops-adult-male","ceratopsidae-nasutoceratops-adult-female", "ceratopsidae-nasutoceratops-baby-male", "ceratopsidae-nasutoceratops-baby-female","ceratopsidae-nasutoceratops-nest-mature","ceratopsidae-nasutoceratops-nest-incubating","ceratopsidae-nasutoceratops-nest-empty",
    "ceratopsidae-leptoceratops-adult-male","ceratopsidae-leptoceratops-adult-female", "ceratopsidae-leptoceratops-baby-male", "ceratopsidae-leptoceratops-baby-female","ceratopsidae-leptoceratops-nest-mature","ceratopsidae-leptoceratops-nest-incubating","ceratopsidae-leptoceratops-nest-empty",
    "ceratopsidae-protoceratops-adult-male","ceratopsidae-protoceratops-adult-female", "ceratopsidae-protoceratops-baby-male", "ceratopsidae-protoceratops-baby-female","ceratopsidae-protoceratops-nest-mature","ceratopsidae-protoceratops-nest-incubating","ceratopsidae-protoceratops-nest-empty",
    "ceratopsidae-ajkaceratops-adult-male","ceratopsidae-ajkaceratops-adult-female", "ceratopsidae-ajkaceratops-baby-male", "ceratopsidae-ajkaceratops-baby-female","ceratopsidae-ajkaceratops-nest-mature","ceratopsidae-ajkaceratops-nest-incubating","ceratopsidae-ajkaceratops-nest-empty",

	  ]
    }
  ],
  "shapeByType": {
	"*-triceratops-adult-*": {"base": "entity/land/ceratopsidae/triceratops/adult"}, "*-triceratops-baby-*": {"base": "entity/land/ceratopsidae/triceratops/baby"},
	"*-torosaurus-adult-*": {"base": "entity/land/ceratopsidae/torosaurus/adult"}, "*-torosaurus-baby-*": {"base": "entity/land/ceratopsidae/torosaurus/baby"},
	"*-pentaceratops-adult-*": {"base": "entity/land/ceratopsidae/pentaceratops/adult"}, "*-pentaceratops-baby-*": {"base": "entity/land/ceratopsidae/pentaceratops/baby"},
	"*-pachyrhinosaurus-adult-*": {"base": "entity/land/ceratopsidae/pachyrhinosaurus/adult"}, "*-pachyrhinosaurus-baby-*": {"base": "entity/land/ceratopsidae/pachyrhinosaurus/baby"},
	"*-styracosaurus-adult-*": {"base": "entity/land/ceratopsidae/styracosaurus/adult"}, "*-styracosaurus-baby-*": {"base": "entity/land/ceratopsidae/styracosaurus/baby"},
	"*-centrosaurus-adult-*": {"base": "entity/land/ceratopsidae/centrosaurus/adult"}, "*-centrosaurus-baby-*": {"base": "entity/land/ceratopsidae/centrosaurus/baby"},
	"*-xenoceratops-adult-*": {"base": "entity/land/ceratopsidae/xenoceratops/adult"}, "*-xenoceratops-baby-*": {"base": "entity/land/ceratopsidae/xenoceratops/baby"},
	"*-machairoceratops-adult-*": {"base": "entity/land/ceratopsidae/machairoceratops/adult"}, "*-machairoceratops-baby-*": {"base": "entity/land/ceratopsidae/machairoceratops/baby"},
	"*-nedoceratops-adult-*": {"base": "entity/land/ceratopsidae/nedoceratops/adult"}, "*-nedoceratops-baby-*": {"base": "entity/land/ceratopsidae/nedoceratops/baby"},
	"*-sinoceratops-adult-*": {"base": "entity/land/ceratopsidae/sinoceratops/adult"}, "*-sinoceratops-baby-*": {"base": "entity/land/ceratopsidae/sinoceratops/baby"},
	"*-regaliceratops-adult-*": {"base": "entity/land/ceratopsidae/regaliceratops/adult"}, "*-regaliceratops-baby-*": {"base": "entity/land/ceratopsidae/regaliceratops/baby"},
	"*-nasutoceratops-adult-*": {"base": "entity/land/ceratopsidae/nasutoceratops/adult"}, "*-nasutoceratops-baby-*": {"base": "entity/land/ceratopsidae/nasutoceratops/baby"},
	"*-leptoceratops-adult-*": {"base": "entity/land/ceratopsidae/leptoceratops/adult"}, "*-leptoceratops-baby-*": {"base": "entity/land/ceratopsidae/leptoceratops/baby"},
	"*-protoceratops-adult-*": {"base": "entity/land/ceratopsidae/protoceratops/adult"}, "*-protoceratops-baby-*": {"base": "entity/land/ceratopsidae/protoceratops/baby"},
	"*-ajkaceratops-adult-*": {"base": "entity/land/ceratopsidae/ajkaceratops/adult"}, "*-ajkaceratops-baby-*": {"base": "entity/land/ceratopsidae/ajkaceratops/baby"},
	"*-nest-*":{"base": "entity/land/nest"}, "*-nest-empty":{"base": "entity/land/nest-empty"},
  },
  "textureByType": {
	"*-triceratops-adult-*":{"base": "entity/triceratops-adult"},"*-triceratops-baby-*":{"base": "entity/triceratops-adult"},
	"*-torosaurus-adult-*":{"base": "entity/torosaurus-adult"},"*-torosaurus-baby-*":{"base": "entity/torosaurus-adult"},
	"*-pentaceratops-adult-*":{"base": "entity/pentaceratops-adult"},"*-pentaceratops-baby-*":{"base": "entity/pentaceratops-adult"},
	"*-pachyrhinosaurus-adult-*":{"base": "entity/pachyrhinosaurus-adult"},"*-pachyrhinosaurus-baby-*":{"base": "entity/pachyrhinosaurus-adult"},
	"*-styracosaurus-adult-*":{"base": "entity/styracosaurus-adult"},"*-styracosaurus-baby-*":{"base": "entity/styracosaurus-adult"},
	"*-centrosaurus-adult-*":{"base": "entity/centrosaurus-adult"},"*-centrosaurus-baby-*":{"base": "entity/centrosaurus-adult"},
	"*-xenoceratops-adult-*":{"base": "entity/xenoceratops-adult"},"*-xenoceratops-baby-*":{"base": "entity/xenoceratops-adult"},
	"*-machairoceratops-adult-*":{"base": "entity/machairoceratops-adult"},"*-machairoceratops-baby-*":{"base": "entity/machairoceratops-adult"},
	"*-nedoceratops-adult-*":{"base": "entity/nedoceratops-adult"},"*-nedoceratops-baby-*":{"base": "entity/nedoceratops-adult"},
	"*-sinoceratops-adult-*":{"base": "entity/sinoceratops-adult"},"*-sinoceratops-baby-*":{"base": "entity/sinoceratops-adult"},
	"*-regaliceratops-adult-*":{"base": "entity/regaliceratops-adult"},"*-regaliceratops-baby-*":{"base": "entity/regaliceratops-adult"},
	"*-nasutoceratops-adult-*":{"base": "entity/nasutoceratops-adult"},"*-nasutoceratops-baby-*":{"base": "entity/nasutoceratops-adult"},
	"*-leptoceratops-adult-*":{"base": "entity/leptoceratops-adult"},"*-leptoceratops-baby-*":{"base": "entity/leptoceratops-adult"},
	"*-protoceratops-adult-*":{"base": "entity/protoceratops-adult"},"*-protoceratops-baby-*":{"base": "entity/protoceratops-adult"},
	"*-ajkaceratops-adult-*":{"base": "entity/ajkaceratops-adult"},"*-ajkaceratops-baby-*":{"base": "entity/ajkaceratops-adult"},
  },
  "creativeinventory": { "general": ["*"], "items": ["*"], "creatures": ["*"] },
	"materialDensity": 600,
	"guiTransformByType": {
		"*-baby-*": {
			"rotate": true,
			"translation": { "x": -20, "y": -15, "z": 0 },
			"rotation": { "x": -11, "y": -52, "z": -180 },
			"origin": { "x": 1.5, "y": 1.5, "z": 1.5 },
			"scale": 0.7
		},
		"creature-ceratopsidae-*": {
			"rotate": true,
			"translation": { "x": -10, "y": 0, "z": 0 },
			"rotation": { "x": -11, "y": -52, "z": -180 },
			"origin": { "x": 1.5, "y": 1.5, "z": 1.5 },
			"scale": 0.3
		},

	},

	"tpHandTransformByType": {
		"*-baby-*": {
			"translation": { "x": -0.51, "y": -0.2, "z": -0.7 },
			"rotation": { "x": 53, "y": -165, "z": 77 },
			"origin": { "x": 0, "y": 0, "z": 0 },
			"scale": 0.25
		},
		"creature-ceratopsidae-*": {
			"translation": { "x": -2, "y": -2, "z": -2 },
			"rotation": { "x": -180, "y": 0, "z": -156 },
			"scale": 0.15
		}		
	},

	"fpHandTransformByType": {
		"creature-ceratopsidae-*": {
			"translation": { "x": -5, "y": -5, "z": 0 },
			"rotation": { "x": -8, "y": -63, "z": -7 }
		}
	}
}
