[
    {
        "file": "maltiezfirearms:recipes/grid/firearms/pistol",
        "op": "addeach",
        "path": "/-",
        "value": [
            {
                "ingredientPattern": "WLB,MWR",
                "ingredients": {
                    "B": {
                        "type": "item",
                        "code": "maltiezfirearms:barrel-pistol-iron",
                        "quantity": 1
                    },
                    "M": {
                        "type": "item",
                        "code": "game:metalplate-brass",
                        "quantity": 1
                    },
                    "L": {
                        "type": "item",
                        "code": "maltiezfirearms:lock-wheellock-iron",
                        "quantity": 1
                    },
                    "W": {
                        "type": "item",
                        "code": "game:plank-*",
                        "quantity": 1
                    },
                    "R": {
                        "type": "item",
                        "code": "maltiezfirearms:ramrod-pistol-iron",
                        "quantity": 1
                    }
                },
                "width": 3,
                "height": 2,
                "output": {
                    "type": "item",
                    "code": "extrafirearms:firearm-pistolextrawl-iron"
                }
            },
            {
                "ingredientPattern": "_P,NF,__",
                "ingredients": {
                    "P": {
                        "type": "item",
                        "code": "game:metalplate-iron",
                        "quantity": 1
                    },
                    "N": {
                        "type": "item",
                        "code": "game:metalnailsandstrips-iron",
                        "quantity": 1
                    },
                    "F": {
                        "type": "item",
                        "code": "game:powder-borax",
                        "quantity": 2
                    }
                },
                "width": 2,
                "height": 3,
                "output": {
                    "type": "item",
                    "code": "maltiezfirearms:barrel-pistol-iron"
                }
            },
            {
                "ingredientPattern": "WLB,MWR",
                "ingredients": {
                    "B": {
                        "type": "item",
                        "code": "maltiezfirearms:barrel-pistol-steel",
                        "quantity": 1
                    },
                    "M": {
                        "type": "item",
                        "code": "game:metalplate-brass",
                        "quantity": 1
                    },
                    "L": {
                        "type": "item",
                        "code": "maltiezfirearms:lock-wheellock-steel",
                        "quantity": 1
                    },
                    "W": {
                        "type": "item",
                        "code": "game:plank-*",
                        "quantity": 1
                    },
                    "R": {
                        "type": "item",
                        "code": "maltiezfirearms:ramrod-pistol-steel",
                        "quantity": 1
                    }
                },
                "width": 3,
                "height": 2,
                "output": {
                    "type": "item",
                    "code": "extrafirearms:firearm-pistolextrawl-steel"
                }
            }
        ]
    }
]