[
    {
        "file": "maltiezfirearms:itemtypes/firearms/parts/barrel",
        "op": "addmerge",
        "path": "/allowedVariants",
        "value": [ "*-pistol-iron" ]
    },
    {
        "file": "maltiezfirearms:itemtypes/firearms/parts/ramrod",
        "op": "addmerge",
        "path": "/allowedVariants",
        "value": [ "*-pistol-iron" ]
    },
    {
        "file": "maltiezfirearms:itemtypes/firearms/parts/lock",
        "op": "addmerge",
        "path": "/allowedVariants",
        "value": [ "*-wheellock-iron", "*-wheellock-steel" ]
    }
]
