[
    {
        "file": "maltiezfirearms:recipes/grid/firearms/ramrods",
        "op": "addmerge",
        "path": "/-",
        "value": [
            {
                "ingredient": {
                    "type": "item",
                    "code": "game:ingot-iron"
                },
                "pattern": [
                    [ "########" ]
                ],
                "name": "Ramrod (pistol)",
                "output": {
                    "type": "item",
                    "code": "maltiezfirearms:ramrod-pistol-iron"
                }
            }
        ]
    }

]
