{
	"editor": {
		"allAngles": true,
		"entityTextureMode": false
	},
	"textureWidth": 16,
	"textureHeight": 16,
	"textureSizes": {
	},
	"textures": {
		"candycap": "mycodiversity:block/plant/mushroom/candycap/candycap"
	},
	"elements": [
		{
			"name": "origin",
			"from": [ 8.0, 0.0, 8.0 ],
			"to": [ 8.0, 0.0, 8.0 ],
			"rotationOrigin": [ 8.0, 0.0, 8.0 ],
			"faces": {
			},
			"children": [
				{
					"name": "stem23",
					"from": [ -1.2, -0.3, -0.4 ],
					"to": [ -0.2, 1.2, 0.6 ],
					"rotationOrigin": [ -0.7, -0.3, 0.1 ],
					"rotationX": -7.0,
					"rotationY": 8.0,
					"rotationZ": 9.0,
					"faces": {
						"north": { "texture": "#candycap", "uv": [ 1.0, 10.0, 2.0, 11.5 ] },
						"east": { "texture": "#candycap", "uv": [ 1.5, 11.0, 2.5, 12.5 ] },
						"south": { "texture": "#candycap", "uv": [ 1.0, 11.0, 2.0, 12.5 ] },
						"west": { "texture": "#candycap", "uv": [ 1.0, 11.0, 2.0, 12.5 ] },
						"down": { "texture": "#candycap", "uv": [ 0.5, 14.5, 1.5, 15.5 ] }
					},
					"children": [
						{
							"name": "Cap24",
							"from": [ -1.5, 2.9, -1.5 ],
							"to": [ 2.5, 3.9, 2.5 ],
							"rotationOrigin": [ 0.5, 2.9, 0.5 ],
							"rotationX": 4.0,
							"rotationZ": 5.0,
							"faces": {
								"north": { "texture": "#candycap", "uv": [ 9.0, 6.0, 13.0, 7.0 ] },
								"east": { "texture": "#candycap", "uv": [ 8.0, 7.0, 12.0, 8.0 ] },
								"south": { "texture": "#candycap", "uv": [ 6.0, 7.0, 10.0, 8.0 ] },
								"west": { "texture": "#candycap", "uv": [ 8.5, 7.0, 12.5, 8.0 ] },
								"up": { "texture": "#candycap", "uv": [ 4.0, 0.5, 8.0, 4.5 ] },
								"down": { "texture": "#candycap", "uv": [ 8.5, 9.0, 12.5, 13.0 ] }
							}
						},
						{
							"name": "gillsE25",
							"from": [ 0.6, 1.6, 0.0 ],
							"to": [ 2.6, 2.1, 1.0 ],
							"rotationOrigin": [ 0.6, 1.6, 0.5 ],
							"rotationZ": 45.0,
							"faces": {
								"north": { "texture": "#candycap", "uv": [ 9.0, 13.0, 11.0, 13.5 ] },
								"south": { "texture": "#candycap", "uv": [ 9.0, 10.5, 11.0, 11.0 ] },
								"down": { "texture": "#candycap", "uv": [ 10.5, 9.5, 12.5, 10.5 ] }
							}
						},
						{
							"name": "gillsW26",
							"from": [ -1.6, 1.6, 0.0 ],
							"to": [ 0.4, 2.1, 1.0 ],
							"rotationOrigin": [ 0.4, 1.6, 0.5 ],
							"rotationZ": -45.0,
							"faces": {
								"north": { "texture": "#candycap", "uv": [ 11.5, 12.5, 13.5, 13.0 ] },
								"south": { "texture": "#candycap", "uv": [ 10.5, 10.5, 12.5, 11.0 ] },
								"down": { "texture": "#candycap", "uv": [ 12.0, 12.5, 14.0, 13.5 ] }
							}
						},
						{
							"name": "gillsS27",
							"from": [ 0.0, 1.6, 0.6 ],
							"to": [ 1.0, 2.1, 2.6 ],
							"rotationOrigin": [ 0.5, 1.6, 0.6 ],
							"rotationX": -45.0,
							"faces": {
								"east": { "texture": "#candycap", "uv": [ 12.0, 10.0, 14.0, 10.5 ] },
								"west": { "texture": "#candycap", "uv": [ 11.5, 11.5, 13.5, 12.0 ] },
								"down": { "texture": "#candycap", "uv": [ 11.0, 10.5, 12.0, 12.5 ] }
							}
						},
						{
							"name": "gillsN28",
							"from": [ 0.0, 1.6, -1.6 ],
							"to": [ 1.0, 2.1, 0.4 ],
							"rotationOrigin": [ 0.5, 1.6, 0.4 ],
							"rotationX": 45.0,
							"faces": {
								"east": { "texture": "#candycap", "uv": [ 11.0, 12.0, 13.0, 12.5 ] },
								"west": { "texture": "#candycap", "uv": [ 12.0, 11.0, 14.0, 11.5 ] },
								"down": { "texture": "#candycap", "uv": [ 11.0, 10.0, 12.0, 12.0 ] }
							}
						},
						{
							"name": "ring29",
							"from": [ -0.1, 1.5, -0.1 ],
							"to": [ 1.1, 3.0, 1.1 ],
							"rotationOrigin": [ 0.5, 1.5, 0.5 ],
							"faces": {
								"north": { "texture": "#candycap", "uv": [ 0.5, 7.5, 1.5, 9.0 ] },
								"east": { "texture": "#candycap", "uv": [ 1.0, 8.0, 2.0, 9.5 ] },
								"south": { "texture": "#candycap", "uv": [ 1.5, 7.0, 2.5, 8.5 ] },
								"west": { "texture": "#candycap", "uv": [ 0.5, 5.0, 1.5, 6.5 ] },
								"down": { "texture": "#candycap", "uv": [ 0.0, 0.0, 1.0, 1.0 ] }
							}
						}
					]
				},
				{
					"name": "stem29",
					"from": [ 0.7, -0.2, -1.2 ],
					"to": [ 1.5, 0.8, -0.4 ],
					"rotationOrigin": [ 1.1, -0.2, -0.8 ],
					"rotationX": -19.0,
					"faces": {
						"north": { "texture": "#candycap", "uv": [ 1.0, 10.0, 1.5, 11.0 ] },
						"east": { "texture": "#candycap", "uv": [ 1.5, 11.0, 2.0, 12.0 ] },
						"south": { "texture": "#candycap", "uv": [ 1.0, 11.0, 1.5, 12.0 ] },
						"west": { "texture": "#candycap", "uv": [ 1.0, 11.0, 1.5, 12.0 ] },
						"down": { "texture": "#candycap", "uv": [ 0.5, 14.5, 1.0, 15.0 ] }
					},
					"children": [
						{
							"name": "Cap30",
							"from": [ -0.4, 2.0, -0.6 ],
							"to": [ 1.6, 2.7, 1.4 ],
							"rotationOrigin": [ 0.6, 2.0, 0.4 ],
							"rotationX": -6.0,
							"rotationZ": 6.0,
							"faces": {
								"north": { "texture": "#candycap", "uv": [ 5.5, 5.5, 7.5, 6.0 ] },
								"east": { "texture": "#candycap", "uv": [ 5.5, 5.5, 7.5, 6.0 ] },
								"south": { "texture": "#candycap", "uv": [ 4.5, 5.0, 6.5, 5.5 ] },
								"west": { "texture": "#candycap", "uv": [ 6.5, 5.5, 8.5, 6.0 ] },
								"up": { "texture": "#candycap", "uv": [ 6.5, 1.0, 8.5, 3.0 ] },
								"down": { "texture": "#candycap", "uv": [ 8.5, 9.0, 10.5, 11.0 ] }
							}
						},
						{
							"name": "ring31",
							"from": [ -0.1, 1.0, -0.1 ],
							"to": [ 0.9, 2.5, 0.9 ],
							"rotationOrigin": [ 0.4, 1.0, 0.4 ],
							"rotationZ": -6.0,
							"faces": {
								"north": { "texture": "#candycap", "uv": [ 0.5, 7.5, 1.5, 9.0 ] },
								"east": { "texture": "#candycap", "uv": [ 1.0, 8.0, 2.0, 9.5 ] },
								"south": { "texture": "#candycap", "uv": [ 1.5, 7.0, 2.5, 8.5 ] },
								"west": { "texture": "#candycap", "uv": [ 0.5, 5.0, 1.5, 6.5 ] },
								"down": { "texture": "#candycap", "uv": [ 0.0, 0.0, 1.0, 1.0 ] }
							}
						}
					]
				},
				{
					"name": "voxel35",
					"from": [ 0.5, 0.0, 0.6 ],
					"to": [ 1.5, 0.5, 1.6 ],
					"rotationOrigin": [ 1.0, 0.0, 1.1 ],
					"rotationY": 28.0,
					"faces": {
						"north": { "texture": "#candycap", "uv": [ 9.0, 10.5, 10.0, 11.0 ] },
						"east": { "texture": "#candycap", "uv": [ 8.0, 9.0, 9.0, 9.5 ] },
						"south": { "texture": "#candycap", "uv": [ 5.5, 11.0, 6.5, 11.5 ] },
						"west": { "texture": "#candycap", "uv": [ 10.5, 10.0, 11.5, 10.5 ] },
						"up": { "texture": "#candycap", "uv": [ 6.5, 5.5, 7.5, 6.5 ] },
						"down": { "texture": "#candycap", "uv": [ 10.0, 10.0, 11.0, 11.0 ] }
					}
				}
			]
		}
	]}