[
  {
    "file": "purposefulstorage:config/transformations/weapons/longweapons.json",
    "op": "replace", "path": "/game:spear-generic-*/translation", "side": "server",
    "value": { "x": 2.05, "y": 0.01, "z": 0.04 },
    "dependsOn": [ { "modid": "armory" } ]
  },
  {
    "file": "purposefulstorage:config/transformations/weapons/longweapons.json",
    "op": "replace", "path": "/game:bow-long/translation", "side": "server",
    "value": { "x": 0.885, "y": 0.009, "z": -0.05 },
    "dependsOn": [ { "modid": "armory" } ]
  },
  {
    "file": "purposefulstorage:config/transformations/weapons/longweapons.json",
    "op": "replace", "path": "/game:bow-recurve", "side": "server",
    "value": {
      "origin": { "x": 0.5, "y": 0, "z": 0.5 }, "translation": { "x": 0.885, "y": 0.035, "z": -0.125 }, "scaleXYZ": { "x": 1.1, "y": 1, "z": 1 }, "rotation": { "x": 20, "y": 0, "z": 0 }
    },
    "dependsOn": [ { "modid": "armory" } ]
  }
]