{
	"code": "creature",
	"class": "ItemCreature",
	"maxstacksize": 32,
	"variantgroups": [
		{"code": "type","states": ["anatidae-egg-cereopsisnovaehollandiae-raw","casuariidae-egg-bennetti-raw","casuariidae-egg-casuarius-raw","casuariidae-egg-novaehollandiae-raw","casuariidae-egg-novaehollandiaediemenensis-raw","casuariidae-egg-unappendiculatus-raw","dromornithidae-egg-genyornisnewtoni-raw","rallidae-egg-tribonyxmortierii-raw"	]}
		
		],

	"shapeByType": {
		"*-egg-cereopsisnovaehollandiae-*": {"base": "entity/land/anatidae/egg"},
		"*-egg-*": {"base": "entity/land/casuariidae/egg"}
	},
	"texturesByType": {
		"*-egg-cereopsisnovaehollandiae-*": {"skin": { "base": "game:block/creature/bone-yellow" }},
		"*-egg-bennetti-*": {"skin": { "base": "entity/casuariidae/bennetti-egg" }},
		"*-egg-casuarius-*": {"skin": { "base": "entity/casuariidae/casuarius-egg" }},
		"*-egg-novaehollandiae-*": {"skin": { "base": "entity/casuariidae/novaehollandiae-egg" }},
		"*-egg-novaehollandiaediemenensis-*": {"skin": { "base": "entity/casuariidae/novaehollandiae-egg" }},
		"*-egg-unappendiculatus-*": {"skin": { "base": "entity/casuariidae/bennetti-egg" }},
		"*-egg-genyornisnewtoni-*": {"skin": { "base": "game:block/creature/bone-yellow" }},
		"*-egg-tribonyxmortierii-*": {"skin": { "base": "entity/rallidae/tribonyxmortierii-egg" }}
	},
	
	
	
	
	"creativeinventory": { "general": ["*"], "items": ["*"], "creatures": ["*-casuariidae-*"] },
	"attributes": {
		"foodTags": "egg",
		"nutritionPropsWhenInMealByType": 
		{"*-cereopsisnovaehollandiae-*": {"satiety": 300,"foodcategory": "Protein"},
		 "*-bennetti-*": {"satiety": 600,"foodcategory": "Protein"},
		 "*-casuarius-*": {"satiety": 2000,"foodcategory": "Protein"},
		 "*-novaehollandiae-*": {"satiety": 2200,"foodcategory": "Protein"},
		 "*-novaehollandiaediemenensis-*": {"satiety": 2000,"foodcategory": "Protein"},
		 "*-unappendiculatus-*": {"satiety": 1800,"foodcategory": "Protein"},
		 "*-genyornisnewtoni-*": {"satiety": 5000,"foodcategory": "Protein"},
		 "*-tribonyxmortierii-*": {"satiety": 100,"foodcategory": "Protein"}
    }},
	"nutritionPropsByType": {
		"*-cereopsisnovaehollandiae-*": {"satiety": 240,"foodcategory": "Protein"},
		"*-bennetti-boiled": {"satiety": 480,"foodcategory": "Protein"},
		 "*-casuarius-boiled": {"satiety": 1600,"foodcategory": "Protein"},
		 "*-novaehollandiae-boiled": {"satiety": 1760,"foodcategory": "Protein"},
		 "*-novaehollandiaediemenensis-boiled": {"satiety": 1600,"foodcategory": "Protein"},
		 "*-unappendiculatus-boiled": {"satiety": 4000,"foodcategory": "Protein"},
		 "*-tribonyxmortierii-boiled": {"satiety": 80,"foodcategory": "Protein"}
	},
	"materialDensity": 200,
	"guiTransformByType": {
		
		"*-egg-*": {
			"rotate": true,
			"translation": { "x": 3, "y": 0, "z": 0 },
			"rotation": { "x": -11, "y": -52, "z": -180 },
			"origin": { "x": 0.5, "y": 0.15, "z": 0.5 },
			"scale": 2.25
		}},	
	"transitionableProps": [{
		"type": "Perish",
		"freshHours": { "avg": 120 },
		"transitionHours": { "avg": 24 },
		"transitionedStack": { "type": "item", "code": "game:rot" },
		"transitionRatio": 0.5
	}]}
	

	
	
	
	




