{
	"editor": {
		"allAngles": true,
		"entityTextureMode": false
	},
	"textureWidth": 16,
	"textureHeight": 16,
	"textureSizes": {
	},
	"textures": {
		"flyagaric": "game:block/plant/mushroom/flyagaric/flyagaric"
	},
	"elements": [
		{
			"name": "origin",
			"from": [ 8.0, 0.0, 8.0 ],
			"to": [ 8.0, 0.0, 8.0 ],
			"rotationOrigin": [ 8.0, 0.0, 8.0 ],
			"faces": {
			},
			"children": [
				{
					"name": "stem3",
					"from": [ -0.5, -0.7, -0.9 ],
					"to": [ 0.9, 1.8, 0.5 ],
					"rotationOrigin": [ 0.2, -0.7, -0.2 ],
					"rotationX": 8.0,
					"rotationY": 138.0,
					"rotationZ": -6.0,
					"faces": {
						"north": { "texture": "#flyagaric", "uv": [ 0.5, 4.0, 1.5, 6.5 ] },
						"east": { "texture": "#flyagaric", "uv": [ 1.0, 5.5, 2.0, 8.0 ] },
						"south": { "texture": "#flyagaric", "uv": [ 1.0, 5.0, 2.0, 7.5 ] },
						"west": { "texture": "#flyagaric", "uv": [ 1.0, 4.0, 2.0, 6.5 ] }
					},
					"children": [
						{
							"name": "foot",
							"from": [ -0.4, -0.1, -0.4 ],
							"to": [ 1.8, 2.9, 1.8 ],
							"renderPass": 2,
							"rotationOrigin": [ 0.8, -0.1, 0.8 ],
							"faces": {
								"north": { "texture": "#flyagaric", "uv": [ 4.5, 12.5, 6.5, 15.5 ] },
								"east": { "texture": "#flyagaric", "uv": [ 6.0, 12.5, 8.0, 15.5 ] },
								"south": { "texture": "#flyagaric", "uv": [ 3.5, 12.5, 5.5, 15.5 ] },
								"west": { "texture": "#flyagaric", "uv": [ 5.0, 12.5, 7.0, 15.5 ] },
								"down": { "texture": "#flyagaric", "uv": [ 0.0, 13.5, 2.0, 15.5 ] }
							}
						},
						{
							"name": "stemup",
							"from": [ 0.0, 2.5, 0.0 ],
							"to": [ 1.4, 4.0, 1.4 ],
							"rotationOrigin": [ 0.7, 2.5, 0.7 ],
							"rotationX": 5.0,
							"rotationZ": 3.0,
							"faces": {
								"north": { "texture": "#flyagaric", "uv": [ 2.0, 7.0, 3.0, 8.5 ] },
								"east": { "texture": "#flyagaric", "uv": [ 1.5, 6.5, 2.5, 8.0 ] },
								"south": { "texture": "#flyagaric", "uv": [ 1.5, 6.5, 2.5, 8.0 ] },
								"west": { "texture": "#flyagaric", "uv": [ 0.5, 5.5, 1.5, 7.0 ] }
							},
							"children": [
								{
									"name": "cap4",
									"from": [ -1.5, 1.3, -1.5 ],
									"to": [ 3.0, 2.8, 3.0 ],
									"rotationOrigin": [ 0.8, 1.3, 0.8 ],
									"rotationX": 3.0,
									"faces": {
										"north": { "texture": "#flyagaric", "uv": [ 4.0, 5.5, 8.5, 7.0 ] },
										"east": { "texture": "#flyagaric", "uv": [ 4.5, 1.5, 9.0, 3.0 ] },
										"south": { "texture": "#flyagaric", "uv": [ 4.5, 2.0, 9.0, 3.5 ] },
										"west": { "texture": "#flyagaric", "uv": [ 5.0, 1.5, 9.5, 3.0 ] },
										"up": { "texture": "#flyagaric", "uv": [ 4.5, 1.5, 9.0, 6.0 ] },
										"down": { "texture": "#flyagaric", "uv": [ 4.0, 8.0, 8.5, 12.5 ] }
									},
									"children": [
										{
											"name": "cap5",
											"from": [ 0.5, 1.5, 0.5 ],
											"to": [ 4.0, 2.5, 4.0 ],
											"rotationOrigin": [ 0.0, 0.5, 0.0 ],
											"faces": {
												"north": { "texture": "#flyagaric", "uv": [ 11.0, 4.5, 14.5, 5.5 ] },
												"east": { "texture": "#flyagaric", "uv": [ 11.0, 5.0, 14.5, 6.0 ] },
												"south": { "texture": "#flyagaric", "uv": [ 11.0, 4.5, 14.5, 5.5 ] },
												"west": { "texture": "#flyagaric", "uv": [ 10.5, 4.5, 14.0, 5.5 ] },
												"up": { "texture": "#flyagaric", "uv": [ 11.0, 1.5, 14.5, 5.0 ] }
											}
										}
									]
								}
							]
						}
					]
				}
			]
		}
	]}