{
	"editor": {
		"allAngles": true,
		"entityTextureMode": false
	},
	"textureWidth": 16,
	"textureHeight": 16,
	"textureSizes": {
	},
	"textures": {
		"flyagaric": "game:block/plant/mushroom/flyagaric/flyagaric"
	},
	"elements": [
		{
			"name": "origin",
			"from": [ 8.0, 0.0, 8.0 ],
			"to": [ 8.0, 0.0, 8.0 ],
			"rotationOrigin": [ 8.0, 0.0, 8.0 ],
			"faces": {
			},
			"children": [
				{
					"name": "stem15",
					"from": [ -1.4, -0.2, -0.8 ],
					"to": [ 0.0, 2.3, 0.6 ],
					"rotationOrigin": [ -0.7, -0.2, -0.1 ],
					"rotationY": 19.0,
					"rotationZ": 14.0,
					"faces": {
						"north": { "texture": "#flyagaric", "uv": [ 0.5, 4.0, 1.5, 6.5 ] },
						"east": { "texture": "#flyagaric", "uv": [ 1.0, 5.5, 2.0, 8.0 ] },
						"south": { "texture": "#flyagaric", "uv": [ 1.0, 5.0, 2.0, 7.5 ] },
						"west": { "texture": "#flyagaric", "uv": [ 1.0, 4.0, 2.0, 6.5 ] }
					},
					"children": [
						{
							"name": "foot16",
							"from": [ -0.4, -0.1, -0.4 ],
							"to": [ 1.8, 1.9, 1.8 ],
							"renderPass": 2,
							"rotationOrigin": [ 0.8, -0.1, 0.8 ],
							"faces": {
								"north": { "texture": "#flyagaric", "uv": [ 4.5, 12.5, 6.5, 14.5 ] },
								"east": { "texture": "#flyagaric", "uv": [ 6.0, 12.5, 8.0, 14.5 ] },
								"south": { "texture": "#flyagaric", "uv": [ 3.5, 12.5, 5.5, 14.5 ] },
								"west": { "texture": "#flyagaric", "uv": [ 5.0, 12.5, 7.0, 14.5 ] },
								"down": { "texture": "#flyagaric", "uv": [ 0.0, 13.5, 2.0, 15.5 ] }
							}
						},
						{
							"name": "stemup17",
							"from": [ 0.0, 2.2, 0.0 ],
							"to": [ 1.4, 3.7, 1.4 ],
							"rotationOrigin": [ 0.7, 2.2, 0.7 ],
							"rotationX": 4.0,
							"rotationZ": -14.0,
							"faces": {
								"north": { "texture": "#flyagaric", "uv": [ 2.0, 7.0, 3.0, 8.5 ] },
								"east": { "texture": "#flyagaric", "uv": [ 1.5, 6.5, 2.5, 8.0 ] },
								"south": { "texture": "#flyagaric", "uv": [ 1.5, 6.5, 2.5, 8.0 ] },
								"west": { "texture": "#flyagaric", "uv": [ 0.5, 5.5, 1.5, 7.0 ] }
							},
							"children": [
								{
									"name": "cap18",
									"from": [ -1.0, 1.3, -1.0 ],
									"to": [ 2.5, 2.8, 2.5 ],
									"rotationOrigin": [ 0.8, 1.3, 0.8 ],
									"rotationX": -14.0,
									"rotationZ": 8.0,
									"faces": {
										"north": { "texture": "#flyagaric", "uv": [ 11.5, 14.0, 15.0, 15.5 ] },
										"east": { "texture": "#flyagaric", "uv": [ 11.0, 11.0, 14.5, 12.5 ] },
										"south": { "texture": "#flyagaric", "uv": [ 7.5, 4.0, 11.0, 5.5 ] },
										"west": { "texture": "#flyagaric", "uv": [ 11.0, 14.5, 14.5, 16.0 ] },
										"up": { "texture": "#flyagaric", "uv": [ 11.5, 2.0, 15.0, 5.5 ] },
										"down": { "texture": "#flyagaric", "uv": [ 5.0, 8.5, 8.5, 12.0 ] }
									},
									"children": [
										{
											"name": "cap19",
											"from": [ 0.5, 1.5, 0.5 ],
											"to": [ 3.0, 3.0, 3.0 ],
											"rotationOrigin": [ 0.0, 0.5, 0.0 ],
											"faces": {
												"north": { "texture": "#flyagaric", "uv": [ 11.0, 4.5, 13.5, 6.0 ] },
												"east": { "texture": "#flyagaric", "uv": [ 7.5, 5.0, 10.0, 6.5 ] },
												"south": { "texture": "#flyagaric", "uv": [ 9.0, 4.5, 11.5, 6.0 ] },
												"west": { "texture": "#flyagaric", "uv": [ 10.0, 4.5, 12.5, 6.0 ] },
												"up": { "texture": "#flyagaric", "uv": [ 11.5, 2.0, 14.0, 4.5 ] }
											}
										}
									]
								}
							]
						},
						{
							"name": "veil",
							"from": [ -0.1, 2.4, -0.2 ],
							"to": [ 1.7, 2.9, 1.6 ],
							"rotationOrigin": [ -0.1, 2.4, -0.2 ],
							"rotationZ": -3.0,
							"faces": {
								"north": { "texture": "#flyagaric", "uv": [ 0.0, 0.0, 1.5, 0.5 ] },
								"east": { "texture": "#flyagaric", "uv": [ 0.0, 0.0, 1.5, 0.5 ] },
								"south": { "texture": "#flyagaric", "uv": [ 0.0, 0.0, 1.5, 0.5 ] },
								"west": { "texture": "#flyagaric", "uv": [ 0.0, 0.0, 1.5, 0.5 ] },
								"up": { "texture": "#flyagaric", "uv": [ 5.0, 8.5, 6.5, 10.0 ] },
								"down": { "texture": "#flyagaric", "uv": [ 5.0, 9.5, 6.5, 11.0 ] }
							}
						}
					]
				},
				{
					"name": "small",
					"from": [ 0.5, -0.1, -0.8 ],
					"to": [ 2.5, 1.9, 1.2 ],
					"rotationOrigin": [ 1.5, -0.1, 0.2 ],
					"rotationY": -33.0,
					"rotationZ": -6.0,
					"faces": {
						"north": { "texture": "#flyagaric", "uv": [ 0.5, 9.5, 2.5, 11.5 ] },
						"east": { "texture": "#flyagaric", "uv": [ 0.5, 10.0, 2.5, 12.0 ] },
						"south": { "texture": "#flyagaric", "uv": [ 0.5, 10.0, 2.5, 12.0 ] },
						"west": { "texture": "#flyagaric", "uv": [ 1.0, 10.0, 3.0, 12.0 ] },
						"up": { "texture": "#flyagaric", "uv": [ 0.5, 7.0, 2.5, 9.0 ] },
						"down": { "texture": "#flyagaric", "uv": [ 0.0, 13.5, 2.0, 15.5 ] }
					},
					"children": [
						{
							"name": "Cube1",
							"from": [ 0.4, 2.0, 0.4 ],
							"to": [ 1.6, 3.0, 1.6 ],
							"rotationOrigin": [ 1.0, 2.0, 0.9 ],
							"faces": {
								"north": { "texture": "#flyagaric", "uv": [ 1.0, 7.0, 2.0, 8.0 ] },
								"east": { "texture": "#flyagaric", "uv": [ 0.5, 7.5, 1.5, 8.5 ] },
								"south": { "texture": "#flyagaric", "uv": [ 0.0, 6.5, 1.0, 7.5 ] },
								"west": { "texture": "#flyagaric", "uv": [ 0.0, 6.5, 1.0, 7.5 ] },
								"up": { "texture": "#flyagaric", "uv": [ 2.5, 6.5, 3.5, 7.5 ] }
							}
						}
					]
				}
			]
		}
	]}