[
  {
    "op": "addmerge",
    "file": "game:itemtypes/tool/arrow.json",
    "path": "/behaviors",
    "value": [
      {
        "name": "EnchantmentBehavior",
        "properties": {
          "enchantable": true
        }
      }
    ],
    "side": "server"
  },
  {
    "op": "addmerge",
    "file": "game:itemtypes/tool/blade.json",
    "path": "/behaviors",
    "value": [
      {
        "name": "EnchantmentBehavior",
        "properties": {
          "enchantable": true
        }
      }
    ],
    "side": "server"
  },
  {
    "op": "addmerge",
    "file": "game:itemtypes/tool/bow.json",
    "path": "/behaviors",
    "value": [
      {
        "name": "EnchantmentBehavior",
        "properties": {
          "enchantable": true
        }
      }
    ],
    "side": "server"
  },
  {
    "op": "addmerge",
    "file": "game:itemtypes/tool/spear.json",
    "path": "/behaviors",
    "value": [
      {
        "name": "EnchantmentBehavior",
        "properties": {
          "enchantable": true
        }
      }
    ],
    "side": "server"
  }
]