[
  {
    "op": "add",
    "path": "/server/behaviors/9/aitasks/0/entityCodes0",
    "value": "thylacoleonidae-*",
    "file": "game:entities/land/bear.json",
    "side": "Server"
  },
  {
    "op": "add",
    "path": "/server/behaviors/9/aitasks/1/entityCodes/0",
    "value": "thylacoleonidae-adult-*",
    "file": "game:entities/land/bear.json",
    "side": "Server"
  },
  {
    "op": "add",
    "path": "/server/behaviors/9/aitasks/2/entityCodes/0",
    "value": "thylacoleonidae-adult-*",
    "file": "game:entities/land/bear.json",
    "side": "Server"
  },
  {
    "op": "add",
    "path": "/server/behaviors/9/aitasks/3/entityCodesByType/*/-",
    "value": "thylacoleonidae-adult-*",
    "file": "game:entities/land/bear.json",
    "side": "Server"
  },
  {
    "op": "add",
    "path": "/server/behaviors/9/aitasks/4/entityCodesByType/*-panda/-",
    "value": "thylacoleonidae-adult-*",
    "file": "game:entities/land/bear.json",
    "side": "Server"
  },
  {
    "op": "add",
    "path": "/server/behaviors/9/aitasks/4/entityCodesByType/*-sun/-",
    "value": "thylacoleonidae-adult-*",
    "file": "game:entities/land/bear.json",
    "side": "Server"
  },
  {
    "op": "add",
    "path": "/server/behaviors/9/aitasks/5/entityCodes/0",
    "value": "thylacoleonidae-adult-*",
    "file": "game:entities/land/bear.json",
    "side": "Server"
  },


  {
    "op": "add",
    "path": "/server/behaviors/10/aitasks/0/entityCodes/0",
    "value": "thylacoleonidae-adult-*",
    "file": "game:entities/land/chicken-baby.json",
    "side": "Server"
  },
  {
    "op": "add",
    "path": "/server/behaviors/11/aitasks/0/entityCodes/0",
    "value": "thylacoleonidae-adult-*",
    "file": "game:entities/land/chicken-hen.json",
    "side": "Server"
  },
  {
    "op": "add",
    "path": "/server/behaviors/10/aitasks/1/entityCodes/0",
    "value": "thylacoleonidae-adult-*",
    "file": "game:entities/land/chicken-rooster.json",
    "side": "Server"
  },
  {
    "op": "add",
    "path": "/server/behaviors/10/aitasks/2/entityCodes/0",
    "value": "thylacoleonidae-adult-*",
    "file": "game:entities/land/chicken-rooster.json",
    "side": "Server"
  },
  {
    "op": "add",
    "path": "/server/behaviors/10/aitasks/4/entityCodes/0",
    "value": "thylacoleonidae-adult-*",
    "file": "game:entities/land/chicken-rooster.json",
    "side": "Server"
  },

  
  {
    "op": "add",
    "path": "/server/behaviors/11/aitasks/0/entityCodes/0",
    "value": "thylacoleonidae-*",
    "file": "game:entities/land/hooved/deer.json",
    "side": "Server"
  },
  {
    "op": "add",
    "path": "/server/behaviors/11/aitasks/1/entityCodes/0",
    "value": "thylacoleonidae-adult-*",
    "file": "game:entities/land/hooved/deer.json",
    "side": "Server"
  },
  {
    "op": "add",
    "path": "/server/behaviors/11/aitasks/2/entityCodes/0",
    "value": "thylacoleonidae-adult-*",
    "file": "game:entities/land/hooved/deer.json",
    "side": "Server"
  },

  
  
  {
    "op": "add",
    "path": "/server/behaviors/10/aitasks/1/entityCodes/0",
    "value": "thylacoleonidae-adult-*",
    "file": "game:entities/land/hooved/tameddeer.json",
    "side": "Server"
  },
  {
    "op": "add",
    "path": "/server/behaviors/10/aitasks/2/entityCodes/0",
    "value": "thylacoleonidae-adult-*",
    "file": "game:entities/land/hooved/tameddeer.json",
    "side": "Server"
  },
  {
    "op": "add",
    "path": "/server/behaviors/10/aitasks/3/entityCodes/0",
    "value": "thylacoleonidae-*",
    "file": "game:entities/land/hooved/tameddeer.json",
    "side": "Server"
  },



  {
    "op": "add",
    "path": "/server/behaviors/12/aitasks/0/entityCodes/0",
    "value": "thylacoleonidae-*",
    "file": "game:entities/land/fox.json",
    "side": "Server"
  },
  {
    "op": "add",
    "path": "/server/behaviors/12/aitasks/1/entityCodes/0",
    "value": "thylacoleonidae-*",
    "file": "game:entities/land/fox.json",
    "side": "Server"
  },
  {
    "op": "add",
    "path": "/server/behaviors/12/aitasks/3/entityCodes/0",
    "value": "thylacoleonidae-adult-*",
    "file": "game:entities/land/fox.json",
    "side": "Server"
  },

  {
    "op": "add",
    "path": "/server/behaviors/9/aitasks/0/entityCodes/0",
    "value": "thylacoleonidae-adult-*",
    "file": "game:entities/land/gazelle.json",
    "side": "Server"
  },

    {
    "op": "add",
    "path": "/server/behaviors/13/aitasks/0/entityCodes/0",
    "value": "thylacoleonidae-*",
    "file": "game:entities/land/hooved/goat.json",
    "side": "Server"
  },
  {
    "op": "add",
    "path": "/server/behaviors/13/aitasks/1/entityCodes/0",
    "value": "thylacoleonidae-adult-*",
    "file": "game:entities/land/hooved/goat.json",
    "side": "Server"
  },
  {
    "op": "add",
    "path": "/server/behaviors/13/aitasks/2/entityCodes/0",
    "value": "thylacoleonidae-adult-*",
    "file": "game:entities/land/hooved/goat.json",
    "side": "Server"
  },

  {
    "op": "add",
    "path": "/server/behaviors/9/aitasks/0/entityCodes/0",
    "value": "thylacoleonidae-adult-*",
    "file": "game:entities/land/hare-baby.json",
    "side": "Server"
  },
  {
    "op": "add",
    "path": "/server/behaviors/11/aitasks/0/entityCodes/0",
    "value": "thylacoleonidae-adult-*",
    "file": "game:entities/land/hare-female.json",
    "side": "Server"
  },
  {
    "op": "add",
    "path": "/server/behaviors/9/aitasks/0/entityCodes/0",
    "value": "thylacoleonidae-adult-*",
    "file": "game:entities/land/hare-male.json",
    "side": "Server"
  },

  {
    "op": "add",
    "path": "/server/behaviors/11/aitasks/0/entityCodes/0",
    "value": "thylacoleonidae-adult-*",
    "file": "game:entities/land/hyena-female.json",
    "side": "Server"
  },

  {
    "op": "add",
    "path": "/server/behaviors/11/aitasks/1/entityCodes/0",
    "value": "thylacoleonidae-adult-*",
    "file": "game:entities/land/hyena-female.json",
    "side": "Server"
  },

  {
    "op": "add",
    "path": "/server/behaviors/11/aitasks/3/entityCodes/0",
    "value": "thylacoleonidae-baby-*",
    "file": "game:entities/land/hyena-female.json",
    "side": "Server"
  },

  {
    "op": "add",
    "path": "/server/behaviors/10/aitasks/0/entityCodes/0",
    "value": "thylacoleonidae-adult-*",
    "file": "game:entities/land/hyena-male.json",
    "side": "Server"
  },

  {
    "op": "add",
    "path": "/server/behaviors/10/aitasks/1/entityCodes/0",
    "value": "thylacoleonidae-adult-*",
    "file": "game:entities/land/hyena-male.json",
    "side": "Server"
  },

  {
    "op": "add",
    "path": "/server/behaviors/10/aitasks/3/entityCodes/0",
    "value": "thylacoleonidae-baby-*",
    "file": "game:entities/land/hyena-male.json",
    "side": "Server"
  },


  {
    "op": "add",
    "path": "/server/behaviors/11/aitasks/0/entityCodes/0",
    "value": "thylacoleonidae-adult-*",
    "file": "game:entities/land/hyena-pup.json",
    "side": "Server"
  },


    {
    "op": "add",
    "path": "/server/behaviors/10/aitasks/0/entityCodes/0",
    "value": "thylacoleonidae-*",
    "file": "game:entities/land/hooved/moose.json",
    "side": "Server"
  },
  {
    "op": "add",
    "path": "/server/behaviors/10/aitasks/1/entityCodes/0",
    "value": "thylacoleonidae-adult-*",
    "file": "game:entities/land/hooved/moose.json",
    "side": "Server"
  },
  {
    "op": "add",
    "path": "/server/behaviors/10/aitasks/2/entityCodes/0",
    "value": "thylacoleonidae-adult-*",
    "file": "game:entities/land/hooved/moose.json",
    "side": "Server"
  },

  {
    "op": "add",
    "path": "/server/behaviors/10/aitasks/0/entityCodes/0",
    "value": "thylacoleonidae-adult-*",
    "file": "game:entities/land/pig-wild-female.json",
    "side": "Server"
  },
  {
    "op": "add",
    "path": "/server/behaviors/10/aitasks/1/entityCodes/0",
    "value": "thylacoleonidae-adult-*",
    "file": "game:entities/land/pig-wild-female.json",
    "side": "Server"
  },
  {
    "op": "add",
    "path": "/server/behaviors/10/aitasks/2/entityCodes/0",
    "value": "thylacoleonidae-adult-*",
    "file": "game:entities/land/pig-wild-female.json",
    "side": "Server"
  },
  {
    "op": "add",
    "path": "/server/behaviors/9/aitasks/0/entityCodes/0",
    "value": "thylacoleonidae-adult-*",
    "file": "game:entities/land/pig-wild-male.json",
    "side": "Server"
  },
  {
    "op": "add",
    "path": "/server/behaviors/9/aitasks/1/entityCodes/0",
    "value": "thylacoleonidae-adult-*",
    "file": "game:entities/land/pig-wild-male.json",
    "side": "Server"
  },
  {
    "op": "add",
    "path": "/server/behaviors/9/aitasks/2/entityCodes/0",
    "value": "thylacoleonidae-adult-*",
    "file": "game:entities/land/pig-wild-male.json",
    "side": "Server"
  },
  {
    "op": "add",
    "path": "/server/behaviors/10/aitasks/0/entityCodes/0",
    "value": "thylacoleonidae-adult-*",
    "file": "game:entities/land/pig-wild-piglet.json",
    "side": "Server"
  },





  {
    "op": "add",
    "path": "/server/behaviors/10/aitasks/0/entityCodes/0",
    "value": "thylacoleonidae-adult-*",
    "file": "game:entities/land/raccoon-female.json",
    "side": "Server"
  },
  {
    "op": "add",
    "path": "/server/behaviors/10/aitasks/1/entityCodes/0",
    "value": "thylacoleonidae-adult-*",
    "file": "game:entities/land/raccoon-female.json",
    "side": "Server"
  },
  {
    "op": "add",
    "path": "/server/behaviors/10/aitasks/2/entityCodes/0",
    "value": "thylacoleonidae-adult-*",
    "file": "game:entities/land/raccoon-female.json",
    "side": "Server"
  },
  {
    "op": "add",
    "path": "/server/behaviors/10/aitasks/0/entityCodes/0",
    "value": "thylacoleonidae-adult-*",
    "file": "game:entities/land/raccoon-male.json",
    "side": "Server"
  },
  {
    "op": "add",
    "path": "/server/behaviors/10/aitasks/1/entityCodes/0",
    "value": "thylacoleonidae-adult-*",
    "file": "game:entities/land/raccoon-male.json",
    "side": "Server"
  },
  {
    "op": "add",
    "path": "/server/behaviors/10/aitasks/2/entityCodes/0",
    "value": "thylacoleonidae-adult-*",
    "file": "game:entities/land/raccoon-male.json",
    "side": "Server"
  },
  {
    "op": "add",
    "path": "/server/behaviors/10/aitasks/0/entityCodes/0",
    "value": "thylacoleonidae-adult-*",
    "file": "game:entities/land/raccoon-pup.json",
    "side": "Server"
  },





  {
    "op": "add",
    "path": "/server/behaviors/8/aitasks/1/entityCodes/0",
    "value": "thylacoleonidae-adult-*",
    "file": "game:entities/water/salmon.json",
    "side": "Server"
  },




  {
    "op": "add",
    "path": "/server/behaviors/10/aitasks/0/entityCodes/0",
    "value": "thylacoleonidae-adult-*",
    "file": "game:entities/land/sheep-bighorn-female.json",
    "side": "Server"
  },
  {
    "op": "add",
    "path": "/server/behaviors/10/aitasks/1/entityCodes/0",
    "value": "thylacoleonidae-adult-*",
    "file": "game:entities/land/sheep-bighorn-female.json",
    "side": "Server"
  },
  {
    "op": "add",
    "path": "/server/behaviors/10/aitasks/2/entityCodes/0",
    "value": "thylacoleonidae-adult-*",
    "file": "game:entities/land/sheep-bighorn-female.json",
    "side": "Server"
  },
  {
    "op": "add",
    "path": "/server/behaviors/10/aitasks/0/entityCodes/0",
    "value": "thylacoleonidae-adult-*",
    "file": "game:entities/land/sheep-bighorn-lamb.json",
    "side": "Server"
  },
  {
    "op": "add",
    "path": "/server/behaviors/9/aitasks/0/entityCodes/0",
    "value": "thylacoleonidae-adult-*",
    "file": "game:entities/land/sheep-bighorn-male.json",
    "side": "Server"
  },
  {
    "op": "add",
    "path": "/server/behaviors/9/aitasks/1/entityCodes/0",
    "value": "thylacoleonidae-adult-*",
    "file": "game:entities/land/sheep-bighorn-male.json",
    "side": "Server"
  },
  {
    "op": "add",
    "path": "/server/behaviors/9/aitasks/2/entityCodes/0",
    "value": "thylacoleonidae-adult-*",
    "file": "game:entities/land/sheep-bighorn-male.json",
    "side": "Server"
  },





  {
    "op": "add",
    "path": "/server/behaviors/10/aitasks/0/entityCodes/0",
    "value": "thylacoleonidae-adult-*",
    "file": "game:entities/land/wolf-female.json",
    "side": "Server"
  },

  {
    "op": "add",
    "path": "/server/behaviors/10/aitasks/1/entityCodes/0",
    "value": "thylacoleonidae-adult-*",
    "file": "game:entities/land/wolf-female.json",
    "side": "Server"
  },

  {
    "op": "add",
    "path": "/server/behaviors/10/aitasks/3/entityCodes/0",
    "value": "thylacoleonidae-baby-*",
    "file": "game:entities/land/wolf-female.json",
    "side": "Server"
  },

  {
    "op": "add",
    "path": "/server/behaviors/9/aitasks/0/entityCodes/0",
    "value": "thylacoleonidae-adult-*",
    "file": "game:entities/land/wolf-male.json",
    "side": "Server"
  },

  {
    "op": "add",
    "path": "/server/behaviors/9/aitasks/1/entityCodes/0",
    "value": "thylacoleonidae-adult-*",
    "file": "game:entities/land/wolf-male.json",
    "side": "Server"
  },

  {
    "op": "add",
    "path": "/server/behaviors/9/aitasks/3/entityCodes/0",
    "value": "thylacoleonidae-baby-*",
    "file": "game:entities/land/wolf-male.json",
    "side": "Server"
  },


  {
    "op": "add",
    "path": "/server/behaviors/10/aitasks/0/entityCodes/0",
    "value": "thylacoleonidae-adult-*",
    "file": "game:entities/land/wolf-pup.json",
    "side": "Server"
  }




]