{
    "version": 3,
    "patches": {
        "float": {
            "extrafirearms:itemtypes/firearms/pistol-wheellock-iron.json": {
                "attributes/BulletDamageMultiplier": "value * damage_multiplier",
                "attributes/Aiming/AimDifficulty": "aiming_difficulty",
                "attributes/DispersionMOA/0": "value * firearms_spread",
                "attributes/DispersionMOA/1": "value * firearms_spread"
            },
            "extrafirearms:itemtypes/firearms/pistol-wheellock-steel.json": {
                "attributes/BulletDamageMultiplier": "value * damage_multiplier",
                "attributes/Aiming/AimDifficulty": "aiming_difficulty",
                "attributes/DispersionMOA/0": "value * firearms_spread",
                "attributes/DispersionMOA/1": "value * firearms_spread"
            },
            "extrafirearms:itemtypes/firearms/arquebus-flintlock.json": {
                "attributes/BulletDamageMultiplier": "value * damage_multiplier",
                "attributes/Aiming/AimDifficulty": "aiming_difficulty",
                "attributes/DispersionMOA/0": "value * firearms_spread",
                "attributes/DispersionMOA/1": "value * firearms_spread"
            },
            "extrafirearms:itemtypes/firearms/blunderbuss-db.json": {
                "attributes/BulletDamageMultiplier": "value * damage_multiplier",
                "attributes/Aiming/AimDifficulty": "aiming_difficulty",
                "attributes/DispersionMOA/0": "blunderbuss_spread",
                "attributes/DispersionMOA/1": "blunderbuss_spread"
            },
            "extrafirearms:itemtypes/firearms/superimposed-steel.json": {
                "attributes/BulletDamageMultiplier": "value * damage_multiplier",
                "attributes/Aiming/AimDifficulty": "aiming_difficulty",
                "attributes/DispersionMOA/0": "value * firearms_spread",
                "attributes/DispersionMOA/1": "value * firearms_spread"
            },
            "extrafirearms:itemtypes/firearms/superimposed-iron.json": {
                "attributes/BulletDamageMultiplier": "value * damage_multiplier",
                "attributes/Aiming/AimDifficulty": "aiming_difficulty",
                "attributes/DispersionMOA/0": "value * firearms_spread",
                "attributes/DispersionMOA/1": "value * firearms_spread"
            }

        },
        "boolean": {
            "extrafirearms:itemtypes/firearms/pistol-wheellock-iron.json": {
                "attributes/CancelReloadOnInAir": "cancel_reload_on_inair"
            },
            "extrafirearms:itemtypes/firearms/pistol-wheellock-steel.json": {
                "attributes/CancelReloadOnInAir": "cancel_reload_on_inair"
            },
            "extrafirearms:itemtypes/firearms/arquebus-flintlock.json": {
                "attributes/CancelReloadOnInAir": "cancel_reload_on_inair"
            },
            "extrafirearms:itemtypes/firearms/blunderbuss-db.json": {
                "attributes/CancelReloadOnInAir": "cancel_reload_on_inair"
            },
            "extrafirearms:itemtypes/firearms/superimposed-steel.json": {
                "attributes/CancelReloadOnInAir": "cancel_reload_on_inair"
            },
            "extrafirearms:itemtypes/firearms/superimposed-iron.json": {
                "attributes/CancelReloadOnInAir": "cancel_reload_on_inair"
            }

        },
        "string": {
            "extrafirearms:itemtypes/firearms/pistol-wheellock-iron.json": {
                "attributes/Aiming/CursorType": "aiming_cursor_type"
            },
            "extrafirearms:itemtypes/firearms/pistol-wheellock-steel.json": {
                "attributes/Aiming/CursorType": "aiming_cursor_type"
            },
            "extrafirearms:itemtypes/firearms/arquebus-flintlock.json": {
                "attributes/Aiming/CursorType": "aiming_cursor_type"
            },
            "extrafirearms:itemtypes/firearms/pistol-flintlock.json": {
                "attributes/Aiming/CursorType": "aiming_cursor_type"
            },
            "extrafirearms:itemtypes/firearms/superimposed-iron.json": {
                "attributes/Aiming/CursorType": "aiming_cursor_type"
            },
            "extrafirearms:itemtypes/firearms/superimposed-steel.json": {
                "attributes/Aiming/CursorType": "aiming_cursor_type"
            }
        },
        "other": {
            "extrafirearms:recipes/grid/firearms/locks.json": {
                "0/requiresTrait": "trait_requirement",
                "1/requiresTrait": "trait_requirement"

            }
        }
    },
    "settings": [
        {
            "code": "damage_multiplier",
            "type": "float",
            "ingui": "extrafirearms:setting-damage-multiplier",
            "default": 2.0,
            "range": {
                "min": 0.1,
                "max": 5.0
            }
        },
        {
            "code": "trait_requirement",
            "type": "other",
            "ingui": "extrafirearms:setting-trait",
            "default": "Required",
            "mapping": {
                "Required": "tinkerer",
                "Not Required": null
            }
        },
        {
            "code": "aiming_cursor_type",
            "type": "string",
            "ingui": "extrafirearms:setting-cursortype",
            "default": "None",
            "values": [
                "None",
                "Vanilla",
                "Fixed",
                "Moving"
            ]
        },
        {
            "code": "aiming_difficulty",
            "type": "float",
            "ingui": "extrafirearms:setting-aiming_difficulty",
            "default": 1.0,
            "range": {
                "min": 0.0,
                "max": 2.0
            }
        },
        {
            "code": "blunderbuss_spread",
            "type": "float",
            "ingui": "extrafirearms:setting-blunderbuss_spread",
            "default": 120,
            "range": {
                "min": 0,
                "max": 300
            }
        },
        {
            "code": "firearms_spread",
            "type": "float",
            "ingui": "extrafirearms:setting-firearms_spread",
            "default": 1.0,
            "logarithmic": true,
            "range": {
                "min": 0.0,
                "max": 5.0
            }
        },
        {
            "code": "cancel_reload_on_inair",
            "type": "boolean",
            "ingui": "extrafirearms:setting-cancel_reload_on_inair",
            "default": true
        },
        {
            "code": "schematic_drop_chance",
            "type": "float",
            "ingui": "extrafirearms:setting-schematic_drop_chance",
            "default": 1.0,
            "range": {
                "min": 0.0,
                "max": 10.0
            }
        }
    ]
}