{
	"code": "rhinocerotidae",
	"class": "EntityAgent",
	"fallDamageMultiplierByType": { "*-baby-*" :2,"*-adult-*" :5},
	"variantgroups": [
		{"code": "age","states": [ "adult","baby" ]},
		{"code": "gender","states": [ "female","male"]},
		{"code": "type","states": [ "ceratotheriumsimum","coelodontaantiquitatis","dicerorhinussumatrensis","dicerosbicornis","rhinocerossondaicus","rhinocerosunicornis"]}
	],
	"hitBoxSizeByType": {
		"*-adult-female-ceratotheriumsimum": {	"x": 1.5,"y": 1.6},
		"*-adult-male-ceratotheriumsimum": {	"x": 1.75,"y": 1.8},
		"*-adult-female-coelodontaantiquitatis": {	"x": 1.3,"y": 1.5},
		"*-adult-male-coelodontaantiquitatis": {	"x": 1.5,"y": 1.7},
		"*-adult-female-dicerorhinussumatrensis": {	"x": 1.1,"y": 1.3},
		"*-adult-male-dicerorhinussumatrensis": {	"x": 1.3,"y": 1.4},
		"*-adult-female-dicerosbicornis": {	"x": 1.3,"y": 1.5},
		"*-adult-male-dicerosbicornis": {	"x": 1.5,"y": 1.7},
		"*-adult-female-rhinocerossondaicus": {	"x": 1.3,"y": 1.5},
		"*-adult-male-rhinocerossondaicus": {	"x": 1.5,"y": 1.7},
		"*-adult-female-rhinocerosunicornis": {	"x": 1.5,"y": 1.6},
		"*-adult-male-rhinocerosunicornis": {	"x": 1.7,"y": 1.8},
		"*-baby-*-ceratotheriumsimum": {	"x": 1.0,"y": 0.8},
		"*-baby-*-coelodontaantiquitatis": {	"x": 1.0,"y": 0.8},
		"*-baby-*-dicerorhinussumatrensis": {	"x": 0.8,"y": 0.7},
		"*-baby-*-dicerosbicornis": {	"x": 1.0,"y": 0.8},
		"*-baby-*-rhinocerossondaicus": {	"x": 1.0,"y": 0.8},
		"*-baby-*-rhinocerosunicornis": {	"x": 1.0,"y": 0.8}
	},
	"deadhitBoxSizeByType": {
		"*-adult-female-ceratotheriumsimum": {	"x": 1.5,"y": 0.75},
		"*-adult-male-ceratotheriumsimum": {	"x": 1.75,"y": 0.8},
		"*-adult-female-coelodontaantiquitatis": {	"x": 1.3,"y": 0.75},
		"*-adult-male-coelodontaantiquitatis": {	"x": 1.5,"y": 0.85},
		"*-adult-female-dicerorhinussumatrensis": {	"x": 1.1,"y": 0.65},
		"*-adult-male-dicerorhinussumatrensis": {	"x": 1.3,"y": 0.7},
		"*-adult-female-dicerosbicornis": {	"x": 1.3,"y": 0.75},
		"*-adult-male-dicerosbicornis": {	"x": 1.5,"y": 0.85},
		"*-adult-female-rhinocerossondaicus": {	"x": 1.3,"y": 0.75},
		"*-adult-male-rhinocerossondaicus": {	"x": 1.5,"y": 0.85},
		"*-adult-female-rhinocerosunicornis": {	"x": 1.5,"y": 0.8},
		"*-adult-male-rhinocerosunicornis": {	"x": 1.7,"y": 0.9},
		"*-baby-*-ceratotheriumsimum": {	"x": 1.0,"y": 0.4},
		"*-baby-*-coelodontaantiquitatis": {	"x": 1.0,"y": 0.4},
		"*-baby-*-dicerorhinussumatrensis": {	"x": 0.8,"y": 0.35},
		"*-baby-*-dicerosbicornis": {	"x": 1.0,"y": 0.4},
		"*-baby-*-rhinocerossondaicus": {	"x": 1.0,"y": 0.4},
		"*-baby-*-rhinocerosunicornis": {	"x": 1.0,"y": 0.4}
	},
	"eyeHeightByType": {
		"*-adult-female-ceratotheriumsimum": 1.2,
		"*-adult-male-ceratotheriumsimum": 1.3,
		"*-adult-female-coelodontaantiquitatis": 1.1,
		"*-adult-male-coelodontaantiquitatis": 1.2,
		"*-adult-female-dicerorhinussumatrensis": 1.1,
		"*-adult-male-dicerorhinussumatrensis": 1.2,
		"*-adult-female-dicerosbicornis": 1.1,
		"*-adult-male-dicerosbicornis": 1.2,
		"*-adult-female-rhinocerossondaicus": 1.1,
		"*-adult-male-rhinocerossondaicus": 1.2,
		"*-adult-female-rhinocerosunicornis": 1.1,
		"*-adult-male-rhinocerosunicornis": 1.2,
		"*-baby-*-ceratotheriumsimum": 0.8,
		"*-baby-*-coelodontaantiquitatis": 0.7,
		"*-baby-*-dicerorhinussumatrensis": 0.7,
		"*-baby-*-dicerosbicornis": 0.7,
		"*-baby-*-rhinocerossondaicus": 0.7,
		"*-baby-*-rhinocerosunicornis": 0.7
	},
	"weightByType": {
		"*-adult-female-ceratotheriumsimum": 1700,
		"*-adult-male-ceratotheriumsimum": 2300,
		"*-baby-*-ceratotheriumsimum": 200,
		"*-adult-female-coelodontaantiquitatis": 1500,
		"*-adult-male-coelodontaantiquitatis": 2000,
		"*-baby-*-coelodontaantiquitatis": 200,
		"*-adult-female-dicerorhinussumatrensis": 600,
		"*-adult-male-dicerorhinussumatrensis": 800,
		"*-baby-*-dicerorhinussumatrensis": 100,
		"*-adult-female-dicerosbicornis": 1100,
		"*-adult-male-dicerosbicornis": 1400,
		"*-baby-*-dicerosbicornis": 150,
		"*-adult-female-rhinocerossondaicus": 1100,
		"*-adult-male-rhinocerossondaicus": 1400,
		"*-baby-*-rhinocerossondaicus": 150,
		"*-adult-female-rhinocerosunicornis": 1600,
		"*-adult-male-rhinocerosunicornis": 2100,
		"*-baby-*-rhinocerosunicornis": 200
	},	
	"knockbackResistanceByType": {
		"*-adult-*": 2,
		"*-baby-*": 1	},	
	"attributes": {
		"killedByInfoText": "deadcreature-killed",
		"basketCatchable": true,
		"trapChanceByType": {"*": 0.0 },
		"trapDestroyChanceByType": { "*-baby-*": 0.1, "*": 0.6 },
		"creatureDiet": {
			"foodCategories": ["Fruit", "Vegetable"],
			"foodTags": ["fruitmash","nibblecrops", "sweetBerryBush" ]
		},
		"handbook": {
			"groupcode": "creaturegroup-rhinocerotidae"
		}
	},
	"drops": [],
	"client": {
		"renderer": "Shape",
		"shapeByType": {
			"*-adult-*-ceratotheriumsimum": { "base": "entity/land/rhinocerotidae/ceratotheriumsimum/adult" },
			"*-baby-*-ceratotheriumsimum": { "base": "entity/land/rhinocerotidae/ceratotheriumsimum/baby" },
			"*-adult-*-coelodontaantiquitatis": { "base": "entity/land/rhinocerotidae/coelodontaantiquitatis/adult" },
			"*-baby-*-coelodontaantiquitatis": { "base": "entity/land/rhinocerotidae/coelodontaantiquitatis/baby" },
			"*-adult-*-dicerorhinussumatrensis": { "base": "entity/land/rhinocerotidae/dicerorhinussumatrensis/adult" },
			"*-baby-*-dicerorhinussumatrensis": { "base": "entity/land/rhinocerotidae/dicerorhinussumatrensis/baby" },
			"*-adult-*-dicerosbicornis": { "base": "entity/land/rhinocerotidae/dicerosbicornis/adult" },
			"*-baby-*-dicerosbicornis": { "base": "entity/land/rhinocerotidae/dicerosbicornis/baby" },
			"*-adult-*-rhinocerossondaicus": { "base": "entity/land/rhinocerotidae/rhinocerossondaicus/adult" },
			"*-baby-*-rhinocerossondaicus": { "base": "entity/land/rhinocerotidae/rhinocerossondaicus/baby" },
			"*-adult-*-rhinocerosunicornis": { "base": "entity/land/rhinocerotidae/rhinocerosunicornis/adult" },
			"*-baby-*-rhinocerosunicornis": { "base": "entity/land/rhinocerotidae/rhinocerosunicornis/baby" }
		},
		"textureByType": {
			"*-adult-*-ceratotheriumsimum": { "base": "entity/rhinocerotidae/ceratotheriumsimum-adult" },
			"*-baby-*-ceratotheriumsimum": { "base": "entity/rhinocerotidae/ceratotheriumsimum-baby" },
			"*-adult-*-coelodontaantiquitatis": { "base": "entity/rhinocerotidae/coelodontaantiquitatis-adult" },
			"*-baby-*-coelodontaantiquitatis": { "base": "entity/rhinocerotidae/coelodontaantiquitatis-baby" },
			"*-adult-*-dicerorhinussumatrensis": { "base": "entity/rhinocerotidae/dicerorhinussumatrensis-adult" },
			"*-baby-*-dicerorhinussumatrensis": { "base": "entity/rhinocerotidae/dicerorhinussumatrensis-baby" },
			"*-adult-*-dicerosbicornis": { "base": "entity/rhinocerotidae/dicerosbicornis-adult" },
			"*-baby-*-dicerosbicornis": { "base": "entity/rhinocerotidae/dicerosbicornis-baby" },
			"*-adult-*-rhinocerossondaicus": { "base": "entity/rhinocerotidae/rhinocerossondaicus-adult" },
			"*-baby-*-rhinocerossondaicus": { "base": "entity/rhinocerotidae/rhinocerossondaicus-baby" },
			"*-adult-*-rhinocerosunicornis": { "base": "entity/rhinocerotidae/rhinocerosunicornis-adult" },
			"*-baby-*-rhinocerosunicornis": { "base": "entity/rhinocerotidae/rhinocerosunicornis-baby" }
		},
		"sizeByType": {
			"*-adult-female-rhinocerosunicornis": 1,
			"*-adult-male-rhinocerosunicornis": 1.1,
			"*-adult-female-*": 0.9,
			"*-adult-male-*": 1.0,
			"*-baby-*-rhinocerosunicornis": 1.1,
			"*-baby-*": 1.0
		},
		"behaviors": [
			{"code": "repulseagents" },
			{"code": "controlledphysics","stepHeight": 1.1251},
			{"code": "floatupwhenstuck","onlyWhenDead": true},
			{"code": "interpolateposition" },
			{"code": "harvestable","quantitySlots": 8},
			{ "code": "multiply", "enabledByType": { "*-adult-female-*": true, "*": false } },
			{"code": "despawn","minPlayerDistance": 8,"belowLightLevel": 8,"minSeconds": 300},
			{ "code": "antlergrowth", "enabledByType": {"*-adult-female-rhinocerossondaicus": false,"*-baby-*": false,"*": true }},
			{"code": "ropetieable","minGeneration": 2}
		],
		"animations": [
			{"code": "attack","animation": "Attack","animationSpeed": 1.2,"weight": 10,"blendMode": "AddAverage"},
			{"code": "charge","animation": "Charge","easeInSpeed": 10,"easeOutSpeed": 2,"animationSpeed": 2.2,"weight": 10,"blendMode": "Average"},
			{"code": "die","animation": "Die","easeInSpeed": 3,"animationSpeed": 1,"weight": 10,"blendMode": "Average","triggeredBy": { "onControls": [ "dead" ] }},
			{"code": "eat","animation": "Eat","easeInSpeed": 4,"easeOutSpeed": 4,"blendMode": "Average"},
			{"code": "gallop","animation": "Gallop","easeInSpeed": 10,"easeOutSpeed": 2,"supressDefaultAnimation": true,"blendMode": "Average"},
			{"code": "graze","animation": "Graze","supressDefaultAnimation": true,"blendMode": "Average"},
			{"code": "hurt","animation": "Hurt","animationSpeed": 2.2,"weight": 10,"blendMode": "AddAverage"},
			{"code": "idle","animation": "Idle","animationSpeed": 0.5,"blendMode": "AddAverage","easeOutSpeed": 4,"triggeredBy": { "defaultAnim": true }},
			{"code": "look","animation": "Look", "blendMode": "AddAverage","easeOutSpeed": 0.25},
			{"code": "alert","animation": "Alert","animationSpeed": 1.2,"weight": 10,"blendMode": "AddAverage"},
			{"code": "roar","animation": "Roar","animationSpeed": 2.2,"weight": 10,"blendMode": "AddAverage"},
			{"code": "trot","animation": "Trot","easeInSpeed": 10,"easeOutSpeed": 2,"supressDefaultAnimation": true,"blendMode": "Average"},
			{"code": "sit","animation": "Sit","easeInSpeed": 0.1,"easeOutSpeed": 0.5,"blendMode": "Average"},
			{"code": "lie","animation": "Lie","easeInSpeed": 0.1,"easeOutSpeed": 0.5,"weight": 10,"blendMode": "Average"},
			{"code": "sleep","animation": "Sleep","easeInSpeed": 2,"easeOutSpeed": 2,"weight": 5,"blendMode": "Average"},
			{"code": "swim","animation": "Swim","supressDefaultAnimation": true,"blendMode": "Average"},
			{"code": "walk","animation": "Walk","easeInSpeed": 10,"supressDefaultAnimation": true,"blendMode": "Average"}
		]
	},
	"server": {
		"attributes": {
			"pathfinder": {
				"minTurnAnglePerSec": 0,
				"maxTurnAnglePerSecByType": { "*-adult-*": 120, "*-baby-*": 240}
			}
		},
		"behaviors": [
			{ "code": "repulseagents" },
			{"code": "controlledphysics","stepHeight": 1.1251},
			{"code": "despawn","minPlayerDistance": 8,"belowLightLevel": 8,"minSeconds": 300},
			{"code": "health",
				"maxhealthByType": {
					"*-adult-female-ceratotheriumsimum": 65,"*-adult-male-ceratotheriumsimum": 77,"*-baby-*-ceratotheriumsimum": 19,
					"*-adult-female-coelodontaantiquitatis": 61,"*-adult-male-coelodontaantiquitatis": 71,"*-baby-*-coelodontaantiquitatis": 19,
					"*-adult-female-dicerorhinussumatrensis": 35,"*-adult-male-dicerorhinussumatrensis": 43,"*-baby-*-dicerorhinussumatrensis": 15,
					"*-adult-female-dicerosbicornis": 53,"*-adult-male-dicerosbicornis": 59,"*-baby-*-dicerosbicornis": 17,
					"*-adult-female-rhinocerossondaicus": 53,"*-adult-male-rhinocerossondaicus": 59,"*-baby-*-rhinocerossondaicus": 17,
					"*-adult-female-rhinocerosunicornis": 63,"*-adult-male-rhinocerosunicornis": 73,"*-baby-*-rhinocerosunicornis": 19
				}
			},
			{"code": "deaddecay",
				"hoursToDecay": 96,
				"decayedBlockByType": {
				"*-adult-*": "carcass-large",
				"*-baby-*": "carcass-medium"
				}
			},
			{"code": "floatupwhenstuck","onlyWhenDead": true},
			{"code": "harvestable",
				"quantitySlots": 8,
				"drops": [
					{
						"type": "item",
						"code": "game:bushmeat-raw",
						"quantityByType": {
							"*-adult-female-ceratotheriumsimum": {"avg": 56,"var": 6},
							"*-adult-male-ceratotheriumsimum": {"avg": 76,"var": 8},
							"*-baby-*-ceratotheriumsimum": {"avg": 10,"var": 1},
							"*-adult-female-coelodontaantiquitatis": {"avg": 50,"var": 5},
							"*-adult-male-coelodontaantiquitatis": {"avg": 68,"var": 7},
							"*-baby-*-coelodontaantiquitatis": {"avg": 10,"var": 1},
							"*-adult-female-dicerorhinussumatrensis": {"avg": 20,"var": 2},
							"*-adult-male-dicerorhinussumatrensis": {"avg": 28,"var": 3},
							"*-baby-*-dicerorhinussumatrensis": {"avg": 8,"var": 1},
							"*-adult-female-dicerosbicornis": {"avg": 38,"var": 4},
							"*-adult-male-dicerosbicornis": {"avg": 48,"var": 5},
							"*-baby-*-dicerosbicornis": {"avg": 10,"var": 1},
							"*-adult-female-rhinocerossondaicus": {"avg": 38,"var": 4},
							"*-adult-male-rhinocerossondaicus": {"avg": 48,"var": 4},
							"*-baby-*-rhinocerossondaicus": {"avg": 10,"var": 1},
							"*-adult-female-rhinocerosunicornis": {"avg": 54,"var": 6},
							"*-adult-male-rhinocerosunicornis": {"avg": 70,"var": 8},
							"*-baby-*-rhinocerosunicornis": {"avg": 10,"var": 1}
						}
					},
					{
						"type": "item",
						"code": "game:redmeat-raw",
						"quantityByType": {
							"*-adult-female-ceratotheriumsimum": {"avg": 56,"var": 6},
							"*-adult-male-ceratotheriumsimum": {"avg": 76,"var": 8},
							"*-baby-*-ceratotheriumsimum": {"avg": 10,"var": 1},
							"*-adult-female-coelodontaantiquitatis": {"avg": 50,"var": 5},
							"*-adult-male-coelodontaantiquitatis": {"avg": 68,"var": 7},
							"*-baby-*-coelodontaantiquitatis": {"avg": 10,"var": 1},
							"*-adult-female-dicerorhinussumatrensis": {"avg": 20,"var": 2},
							"*-adult-male-dicerorhinussumatrensis": {"avg": 28,"var": 3},
							"*-baby-*-dicerorhinussumatrensis": {"avg": 8,"var": 1},
							"*-adult-female-dicerosbicornis": {"avg": 38,"var": 4},
							"*-adult-male-dicerosbicornis": {"avg": 48,"var": 5},
							"*-baby-*-dicerosbicornis": {"avg": 10,"var": 1},
							"*-adult-female-rhinocerossondaicus": {"avg": 38,"var": 4},
							"*-adult-male-rhinocerossondaicus": {"avg": 48,"var": 4},
							"*-baby-*-rhinocerossondaicus": {"avg": 10,"var": 1},
							"*-adult-female-rhinocerosunicornis": {"avg": 54,"var": 6},
							"*-adult-male-rhinocerosunicornis": {"avg": 70,"var": 8},
							"*-baby-*-rhinocerosunicornis": {"avg": 10,"var": 1}
						}
					},
					{
						"type": "item",
						"code": "game:fat",
						"quantityByType": {
							"*-adult-female-ceratotheriumsimum": {"avg": 23,"var": 2},
							"*-adult-male-ceratotheriumsimum": {"avg": 31,"var": 3},
							"*-baby-*-ceratotheriumsimum": {"avg": 5,"var": 1},
							"*-adult-female-coelodontaantiquitatis": {"avg": 20,"var": 2},
							"*-adult-male-coelodontaantiquitatis": {"avg": 27,"var": 3},
							"*-baby-*-coelodontaantiquitatis": {"avg": 5,"var": 1},
							"*-adult-female-dicerorhinussumatrensis": {"avg": 8,"var": 1},
							"*-adult-male-dicerorhinussumatrensis": {"avg": 10,"var": 1},
							"*-baby-*-dicerorhinussumatrensis": {"avg": 3,"var": 1},
							"*-adult-female-dicerosbicornis": {"avg": 15,"var": 1},
							"*-adult-male-dicerosbicornis": {"avg": 19,"var": 2},
							"*-baby-*-dicerosbicornis": {"avg": 4,"var": 1},
							"*-adult-female-rhinocerossondaicus": {"avg": 15,"var": 1},
							"*-adult-male-rhinocerossondaicus": {"avg": 19,"var": 2},
							"*-baby-*-rhinocerossondaicus": {"avg": 4,"var": 1},
							"*-adult-female-rhinocerosunicornis": {"avg": 21,"var": 2},
							"*-adult-male-rhinocerosunicornis": {"avg": 28,"var": 3},
							"*-baby-*-rhinocerosunicornis": {"avg": 5,"var": 1}
						}
					},
					{
						"type": "item",
						"code": "rhinocerotidae:pelt-{gender}-{type}",
						"quantityByType": {
							"*-adult-*": {"avg": 1.0,"var": 0.0},
							"*": {"avg": 0.0,"var": 0.0}
						}
					},
					{
						"type": "item",
						"code": "rhinocerotidae:pelt-baby-{type}",
						"quantityByType": {
							"*-baby-*": {"avg": 1.0,"var": 0.0},
							"*": {"avg": 0.0,"var": 0.0}
						}
					}
				]
			},
			{"code": "breathe" },
			{"code": "multiply",
				"enabledByType": {
					"*-adult-female-*": true,
					"*": false
				},
				"spawnEntityCodesByType": {
				"*-adult-female-*": [ { "code":"rhinocerotidae:rhinocerotidae-baby-female-{type}"}, {"code": "rhinocerotidae:rhinocerotidae-baby-male-{type}"} ]},
				"requiresNearbyEntityCodeByType": {
					"*-adult-female-*": "rhinocerotidae:rhinocerotidae-adult-male-{type}"},
				"requiresNearbyEntityRange": 10,
				"spawnQuantityMin": 1,
				"spawnQuantityMaxByType": {"*": 1},
				"pregnancyDaysByType": {"*-ceratotheriumsimum": 97,"*-coelodontaantiquitatis": 100,"*-dicerorhinussumatrensis": 91,"*-dicerosbicornis": 91,"*-rhinocerossondaicus": 91,"*-rhinocerosunicornis": 95},
				"multiplyCooldownDaysMinByType": {"*": 54},
				"multiplyCooldownDaysMaxByType": {"*": 90},
				"portionsEatenForMultiplyByType": {"*-ceratotheriumsimum": 42,"*-coelodontaantiquitatis": 40,"*-dicerorhinussumatrensis": 31,"*-dicerosbicornis": 36,"*-rhinocerossondaicus": 36,"*-rhinocerosunicornis": 41}
			},
			{"code": "grow",
					"enabledByType": {
					"*-baby-*": true,
					"*": false
				},
				"hoursToGrowByType": {"*-ceratotheriumsimum": 1050,"*-coelodontaantiquitatis": 1050,"*-dicerorhinussumatrensis": 1050,"*-dicerosbicornis": 876,"*-rhinocerossondaicus": 700,"*-rhinocerosunicornis": 700},
				"adultEntityCodesByType": {
					"*-baby-male-*": ["rhinocerotidae:rhinocerotidae-adult-male-{type}"],
					"*-baby-female-*": ["rhinocerotidae:rhinocerotidae-adult-female-{type}"]
				}
			},
			{"code": "emotionstates",
				"states": [
					{"code": "fleeondamage","duration": 60,
						"chanceByType": {
							"*-adult-*": 1,
							"*-baby-*": 1
						},
						"slot": 2,"priority": 4,"accumType": "max","whenHealthRelBelow": 0.25},
					{"code": "aggressiveondamage","duration": 60,
						"chanceByType": {
							"*-adult-*": 1,
							"*-baby-*": 0.0
						},
						"slot": 2,"priority": 3,"accumType": "noaccum"},
					{"code": "fleeondamage","duration": 60,"slot": 2,"chanceByType": {"*-adult-*": 0.25,"*-baby-*": 1},"priority": 1,"accumType": "max"},
					{"code": "alarmherdondamage","chance": 1,"slot": 1,"priority": 1.5,"accumType": "max"},
					{"code": "saturated","duration": 1200,"chance": 1,"slot": 0,"priority": 1,"accumType": "sum"},
					{ "code": "aggressivearoundentities", "duration": 60, "chanceByType": {"*-baby-*": 0.0,"*-adult-*": 1.0}, "slot": 2, "priority": 5, "entityCodes": ["rhinocerotidae:rhinocerotidae-baby-male-{type}","rhinocerotidae:rhinocerotidae-baby-female-{type}"], "maxGeneration": 5 }
				]
			},
			{
				"code": "taskai",
				"aiCreatureType": "LandCreature",
				"aitasks": [
					{
						"code": "meleeattack",
						"animation": "Attack",
						"enabledByType": {
							"*-baby-*": false,
							"*": true},
						"entityCodesByType": {
							"*-adult-*": [ "player","bear-*","bell-*","bowtorn-*","drifter-*","hyena-*","locust-*","shiver-*","wolf-*", "caninae-canina-adult-*","elephantidae-*","felinae-adult-*", "machairodontinae-adult-*", "pantherinae-neofelis-adult-*", "pantherinae-panthera-adult-*","thylacoleonidae-adult-*"  ]},
						"priority": 1.9,
						"slot": 1,
						"damageByType": {
							"*-adult-female-ceratotheriumsimum":20,
							"*-adult-male-ceratotheriumsimum":23,
							"*-adult-female-coelodontaantiquitatis":20,
							"*-adult-male-coelodontaantiquitatis":22,
							"*-adult-female-dicerorhinussumatrensis":16,
							"*-adult-male-dicerorhinussumatrensis":17,
							"*-adult-female-dicerosbicornis":18,
							"*-adult-male-dicerosbicornis":19,
							"*-adult-female-rhinocerossondaicus":18,
							"*-adult-male-rhinocerossondaicus":19,
							"*-adult-female-rhinocerosunicornis":20,
							"*-adult-male-rhinocerosunicornis":22
						},
						"knockbackStrengthByType": {"*":0.2},
						"damageTierByType": {"*-dicerorhinussumatrensis":2,"*":3},
						"mincooldown": 1500,
						"maxcooldown": 1500,
						"minDistByType": {"*":2.5},
						"minVerDistByType": {"*":2},
						"attackDurationMs": 1250,
						"damagePlayerAtMs": 400,
						"animationSpeed": 1.25,
						"soundByType": {
							"*-adult-*":"rhinocerotidae:creature/rhinocerotidae/roar*"}
					},
					{
						"code": "fleeentity",
						"animation": "Gallop",
						"entityCodesByType": {
							"*-adult-*":["bear-male-polar","bear-female-polar", "machairodontinae-adult-*"  ],
							"*-baby-*":["bear-*","hyena-male", "hyena-female","wolf-male", "wolf-female","caninae-canina-adult-*","felinae-adult-*","machairodontinae-adult-*","pantherinae-panthera-adult-*","thylacoleonidae-adult-*"  ]
						},
						"priority": 1.8,
						"movespeedByType": {
							"*-adult-*-ceratotheriumsimum": 0.075,
							"*-baby-*-ceratotheriumsimum": 0.0385,
							"*-adult-*-coelodontaantiquitatis": 0.065,
							"*-baby-*-coelodontaantiquitatis": 0.0325,
							"*-adult-*-dicerorhinussumatrensis": 0.06,
							"*-baby-*-dicerorhinussumatrensis": 0.03,
							"*-adult-*-dicerosbicornis": 0.065,
							"*-baby-*-dicerosbicornis": 0.0325,
							"*-adult-*-rhinocerossondaicus": 0.065,
							"*-baby-*-rhinocerossondaicus": 0.0325,
							"*-adult-*-rhinocerosunicornis": 0.075,
							"*-baby-*-rhinocerosunicornis": 0.0385
						},
						"seekingRange": 25,
						"animationSpeedByType": {
							"*-adult-female-*": 5.5,
							"*-adult-male-*": 5,
							"*-baby-*": 5
						}
					},
					{
						"code": "seekentity",
						"animation": "Charge",
						"entityCodesByType": {
							"*-adult-*": [ "player","bear-*","bell-*","bowtorn-*","drifter-*","hyena-*","locust-*","shiver-*","wolf-*", "caninae-canina-adult-*","felinae-adult-*","machairodontinae-adult-*", "pantherinae-neofelis-adult*", "pantherinae-panthera-adult*","thylacoleonidae-adult-*" ],
							"*-baby-*": [ "player" ]
						},
						"priority": 1.82,
						"mincooldown": 600,
						"maxcooldown": 650,
						"seekingRange": 12,
						"movespeedByType": {
							"*-adult-female-ceratotheriumsimum": 0.036,
							"*-adult-male-ceratotheriumsimum": 0.04,
							"*-baby-*-ceratotheriumsimum": 0.015,
							"*-adult-female-coelodontaantiquitatis": 0.033,
							"*-adult-male-coelodontaantiquitatis": 0.036,
							"*-baby-*-coelodontaantiquitatis": 0.0135,
							"*-adult-female-dicerorhinussumatrensis": 0.029,
							"*-adult-male-dicerorhinussumatrensis": 0.032,
							"*-baby-*-dicerorhinussumatrensis": 0.012,
							"*-adult-female-dicerosbicornis": 0.033,
							"*-adult-male-dicerosbicornis": 0.036,
							"*-baby-*-dicerosbicornis": 0.0135,
							"*-adult-female-rhinocerossondaicus": 0.033,
							"*-adult-male-rhinocerossondaicus": 0.036,
							"*-baby-*-rhinocerossondaicus": 0.0135,
							"*-adult-female-rhinocerosunicornis": 0.036,
							"*-adult-male-rhinocerosunicornis": 0.04,
							"*-baby-*-rhinocerosunicornis": 0.015
						},
						"animationSpeedByType": {
							"*-baby-*": 3,
							"*": 4.0
						},
						"soundByType": {
							"*-adult-*":"rhinocerotidae:creature/rhinocerotidae/roar*",
							"*-baby-*": "rhinocerotidae:creature/rhinocerotidae/idles*"
						},
						"whenNotInEmotionState": "fleeondamage"
					},
					{
						"code": "seekentity",
						"animation": "Alert",
						"entityCodesByType": {
							"*-adult-*": [ "player","bear-*","bell-*","bowtorn-*","drifter-*","hyena-*","locust-*","shiver-*", "wolf-*", "caninae-canina-adult-*","felinae-adult-*", "machairodontinae-adult-*","pantherinae-neofelis-adult-*", "pantherinae-panthera-adult-*","thylacoleonidae-adult-*"  ],
							"*-baby-*": [ "player","bear-*","bell-*","bowtorn-*","drifter-*","hyena-*","locust-*","shiver-*", "wolf-*", "caninae-canina-adult-*","felinae-adult-*", "machairodontinae-adult-*","pantherinae-neofelis-adult-*", "pantherinae-panthera-adult-*","thylacoleonidae-adult-*"  ]
						},
						"priority": 1.5,
						"priorityForCancel": 1.51,
						"seekingRange": 17,
						"movespeedByType": {
							"*": 0.0
						},
						"animationSpeed": 1.0,
						"whenNotInEmotionState": "aggressiveondamage|fleeondamage"
					},
					{
						"code": "seekentity",
						"animation": "Trot",
						"enabledByType": {
							"*-baby-*": false,
							"*": true},
						"entityCodesByType": {
							"*-adult-*": [ "player","bear-*","bell-*","bowtorn-*","drifter-*","hyena-*","locust-*","shiver-*","wolf-*", "caninae-canina-adult-*","felinae-adult-*","machairodontinae-adult-*","pantherinae-neofelis-adult*", "pantherinae-panthera-adult*","thylacoleonidae-adult-*" ]
						},
						"priority": 1.84,
						"mincooldown": 6000,
						"maxcooldown": 6500,
						"seekingRange": 45,
						"movespeedByType": {
							"*-adult-*-ceratotheriumsimum": 0.0825,
							"*-baby-*-ceratotheriumsimum": 0.0385,
							"*-adult-*-coelodontaantiquitatis": 0.0715,
							"*-baby-*-coelodontaantiquitatis": 0.0325,
							"*-adult-*-dicerorhinussumatrensis": 0.066,
							"*-baby-*-dicerorhinussumatrensis": 0.03,
							"*-adult-*-dicerosbicornis": 0.0715,
							"*-baby-*-dicerosbicornis": 0.0325,
							"*-adult-*-rhinocerossondaicus": 0.0715,
							"*-baby-*-rhinocerossondaicus": 0.0325,
							"*-adult-*-rhinocerosunicornis": 0.0825,
							"*-baby-*-rhinocerosunicornis": 0.0385
						},
						"animationSpeedByType": {
							"*-baby-*": 5,
							"*-female-*": 5.5,
							"*": 5.0
						},
						"soundByType": {
							"*-adult-*":"rhinocerotidae:creature/rhinocerotidae/roar*"},
						"whenInEmotionState": "aggressiveondamage"
					},
					{
						"code": "seekentity",
						"animation": "Trot",
						"enabledByType": {
							"*-baby-*": false,
							"*": true},
						"entityCodesByType": {
							"*-adult-*": [ "player","bear-*","bell-*","bowtorn-*","drifter-*","hyena-*","locust-*","shiver-*","wolf-*", "caninae-canina-adult-*","felinae-adult-*","machairodontinae-adult-*","pantherinae-neofelis-adult*", "pantherinae-panthera-adult*","thylacoleonidae-adult-*" ]
						},
						"priority": 1.83,
						"mincooldown": 6000,
						"maxcooldown": 6500,
						"seekingRange": 18,
						"movespeedByType": {
							"*-adult-*-ceratotheriumsimum": 0.075,
							"*-baby-*-ceratotheriumsimum": 0.0385,
							"*-adult-*-coelodontaantiquitatis": 0.065,
							"*-baby-*-coelodontaantiquitatis": 0.0325,
							"*-adult-*-dicerorhinussumatrensis": 0.06,
							"*-baby-*-dicerorhinussumatrensis": 0.03,
							"*-adult-*-dicerosbicornis": 0.065,
							"*-baby-*-dicerosbicornis": 0.0325,
							"*-adult-*-rhinocerossondaicus": 0.065,
							"*-baby-*-rhinocerossondaicus": 0.0325,
							"*-adult-*-rhinocerosunicornis": 0.075,
							"*-baby-*-rhinocerosunicornis": 0.0385
						},
						"animationSpeedByType": {
							"*-baby-*": 5,
							"*-female-*": 5.5,
							"*": 5.0
						},
						"soundByType": {
							"*-adult-*":"rhinocerotidae:creature/rhinocerotidae/roar*"},
						"whenInEmotionState": "aggressivearoundentities"
					},
					{
						"code": "fleeentity",
						"animation": "Gallop",
						"entityCodesByType": {
							"*-adult-*": [ "player","bear-*","bell-*","bowtorn-*","drifter-*","hyena-*","locust-*","shiver-*","wolf-*", "caninae-canina-adult-*","elephantidae-*","felinae-adult-*", "machairodontinae-adult-*", "pantherinae-*","thylacoleonidae-*" ],
							"*": [ "player","bear-*","bell-*","bowtorn-*","drifter-*","hyena-*","locust-*","shiver-*","wolf-*", "caninae-*","elephantidae-*","felinae-*", "machairodontinae-*", "pantherinae-*","thylacoleonidae-*" ]
						},
						"priority": 2.1,
						"movespeedByType": {
							"*-adult-*-ceratotheriumsimum": 0.075,
							"*-baby-*-ceratotheriumsimum": 0.0385,
							"*-adult-*-coelodontaantiquitatis": 0.065,
							"*-baby-*-coelodontaantiquitatis": 0.0325,
							"*-adult-*-dicerorhinussumatrensis": 0.06,
							"*-baby-*-dicerorhinussumatrensis": 0.03,
							"*-adult-*-dicerosbicornis": 0.065,
							"*-baby-*-dicerosbicornis": 0.0325,
							"*-adult-*-rhinocerossondaicus": 0.065,
							"*-baby-*-rhinocerossondaicus": 0.0325,
							"*-adult-*-rhinocerosunicornis": 0.075,
							"*-baby-*-rhinocerosunicornis": 0.0385
						},
						"seekingRange": 25,
						"animationSpeedByType": {
							"*-adult-female-*": 5.5,
							"*-adult-male-*": 5,
							"*-baby-*": 5
						},
						"soundByType": {
							"*":"rhinocerotidae:creature/rhinocerotidae/idles*"},
						"whenInEmotionState": "fleeondamage"
					},
					{
						"code": "fleeentity",
						"animation": "Trot",
						"entityCodesByType": {
							"*-adult-*": ["elephantidae-*" ],
							"*": [ "player","bear-*","bell-*","bowtorn-*","drifter-*","hyena-*","locust-*","shiver-*","wolf-*", "caninae-*","elephantidae-*","felinae-*", "machairodontinae-*", "pantherinae-*","thylacoleonidae-*" ]
						},
						"priority": 1.8,
						"movespeedByType": {
							"*-adult-*-ceratotheriumsimum": 0.075,
							"*-baby-*-ceratotheriumsimum": 0.0385,
							"*-adult-*-coelodontaantiquitatis": 0.065,
							"*-baby-*-coelodontaantiquitatis": 0.0325,
							"*-adult-*-dicerorhinussumatrensis": 0.06,
							"*-baby-*-dicerorhinussumatrensis": 0.03,
							"*-adult-*-dicerosbicornis": 0.065,
							"*-baby-*-dicerosbicornis": 0.0325,
							"*-adult-*-rhinocerossondaicus": 0.065,
							"*-baby-*-rhinocerossondaicus": 0.0325,
							"*-adult-*-rhinocerosunicornis": 0.075,
							"*-baby-*-rhinocerosunicornis": 0.0385
						},
						"searchRangeByType": {"*-adult-*":5,"*":13},
						"animationSpeedByType": {
							"*-adult-female-*": 5.5,
							"*-adult-male-*": 5,
							"*-baby-*": 5
						},
						"whenInEmotionState": "aggressiveondamage|aggressivearoundentities|fleeondamage"
					},
					{
						"code": "getoutofwater",
						"animation": "Swim",
						"priority": 1.4,
						"movespeedByType": {
							"*-adult-*-ceratotheriumsimum": 0.045,
							"*-baby-*-ceratotheriumsimum": 0.0225,
							"*-adult-*-coelodontaantiquitatis": 0.04,
							"*-baby-*-coelodontaantiquitatis": 0.02,
							"*-adult-*-dicerorhinussumatrensis": 0.04,
							"*-baby-*-dicerorhinussumatrensis": 0.02,
							"*-adult-*-dicerosbicornis": 0.04,
							"*-baby-*-dicerosbicornis": 0.02,
							"*-adult-*-rhinocerossondaicus": 0.04,
							"*-baby-*-rhinocerossondaicus": 0.02,
							"*-adult-*-rhinocerosunicornis": 0.045,
							"*-baby-*-rhinocerosunicornis": 0.0225
						},
						"animationSpeed": 1.5
					},
					{
						"code": "stayclosetoentity",
						"animation": "Trot",
						"enabledByType": {
							"*": true
						},
						"priority": 1.81,
						"entityCodeByType": {
							"*-adult-*": "rhinocerotidae-baby-{gender}-{type}",
							"*-baby-*": "rhinocerotidae-adult-female-{type}"},
						"movespeedByType": {
							"*-adult-*-ceratotheriumsimum": 0.075,
							"*-baby-*-ceratotheriumsimum": 0.0385,
							"*-adult-*-coelodontaantiquitatis": 0.065,
							"*-baby-*-coelodontaantiquitatis": 0.0325,
							"*-adult-*-dicerorhinussumatrensis": 0.06,
							"*-baby-*-dicerorhinussumatrensis": 0.03,
							"*-adult-*-dicerosbicornis": 0.065,
							"*-baby-*-dicerosbicornis": 0.0325,
							"*-adult-*-rhinocerossondaicus": 0.065,
							"*-baby-*-rhinocerossondaicus": 0.0325,
							"*-adult-*-rhinocerosunicornis": 0.075,
							"*-baby-*-rhinocerosunicornis": 0.0385
							},
						"maxDistanceByType": {"*-adult-*": 24,"*-baby-*": 6},
						"searchRange": 45,
						"animationSpeedByType": {
							"*-adult-female-*": 5.5,
							"*-adult-male-*": 5,
							"*-baby-*": 5
						},
						"soundByType": {
							"*-baby-*": "rhinocerotidae:creature/rhinocerotidae/idles*"
						}
					},
					{
						"code": "idle",
						"animation": "Sit",
						"priority": 1.2,
						"minduration": 20000,
						"maxduration": 240000,
						"mincooldown": 6000,
						"maxcooldown": 12000,
						"priorityForCancel": 1.28,
						"duringDayTimeFramesByType": {
							"*-ceratotheriumsimum":[{"fromHour": 22,"toHour": 24},{"fromHour": 0,"toHour": 4},{"fromHour": 12,"toHour": 16}],
							"*-coelodontaantiquitatis":[{"fromHour": 20,"toHour": 24},{"fromHour": 0,"toHour": 6}],
							"*-dicerorhinussumatrensis":[{"fromHour": 22,"toHour": 24},{"fromHour": 0,"toHour": 4},{"fromHour": 12,"toHour": 16}],
							"*-dicerosbicornis":[{"fromHour": 23,"toHour": 24},{"fromHour": 0,"toHour": 5},{"fromHour": 13,"toHour": 17}],
							"*-rhinocerossondaicus":[{"fromHour": 22,"toHour": 24},{"fromHour": 0,"toHour": 4},{"fromHour": 12,"toHour": 16}],
							"*-rhinocerosunicornis":[{"fromHour": 22,"toHour": 24},{"fromHour": 0,"toHour": 4},{"fromHour": 12,"toHour": 16}]},
						"stopOnNearbyEntityCodes": [ "player", "bear-*","hyena-male", "hyena-female","wolf-male", "wolf-female"  ],
						"stopRange": 20,
						"animationSpeedByType": {
							"*-baby-*": 0.6,
							"*": 0.5
						},
						"stopOnHurt": true,
						"whenNotInEmotionState": "aggressiveondamage|aggressivearoundentities|fleeondamage"
					},
					{
						"code": "idle",
						"animation": "Lie",
						"priority": 1.18,
						"minduration": 30000,
						"maxduration": 240000,
						"mincooldown": 6000,
						"maxcooldown": 12000,
						"priorityForCancel": 1.28,
						"duringDayTimeFramesByType": {
							"*-ceratotheriumsimum":[{"fromHour": 22.5,"toHour": 24},{"fromHour": 0,"toHour": 4},{"fromHour": 12.5,"toHour": 16}],
							"*-coelodontaantiquitatis":[{"fromHour": 20,"toHour": 24},{"fromHour": 0,"toHour": 6}],
							"*-dicerorhinussumatrensis":[{"fromHour": 22,"toHour": 24},{"fromHour": 0,"toHour": 4},{"fromHour": 12,"toHour": 16}],
							"*-dicerosbicornis":[{"fromHour": 23,"toHour": 24},{"fromHour": 0,"toHour": 5},{"fromHour": 13,"toHour": 17}],
							"*-rhinocerossondaicus":[{"fromHour": 22,"toHour": 24},{"fromHour": 0,"toHour": 4},{"fromHour": 12,"toHour": 16}],
							"*-rhinocerosunicornis":[{"fromHour": 22,"toHour": 24},{"fromHour": 0,"toHour": 4},{"fromHour": 12,"toHour": 16}]},
						"stopOnNearbyEntityCodes": [ "player", "bear-*","hyena-male", "hyena-female","wolf-male", "wolf-female"  ],
						"stopRange": 10,
						"animationSpeedByType": {
							"*-baby-*": 0.6,
							"*": 0.5
						},
						"stopOnHurt": true,
						"whenNotInEmotionState": "aggressiveondamage|aggressivearoundentities|fleeondamage"
					},
					{
						"code": "idle",
						"animation": "Sleep",
						"priority": 1.15,
						"minduration": 200000,
						"maxduration": 800000,
						"mincooldown": 1000,
						"maxcooldown": 3000,
						"animationSpeed": 0.3,
						"whenNotInEmotionState": "aggressiveondamage|aggressivearoundentities|fleeondamage",
						"duringDayTimeFramesByType": {
							"*-ceratotheriumsimum":[{"fromHour": 22.75,"toHour": 24},{"fromHour": 0,"toHour": 4},{"fromHour": 12.75,"toHour": 15}],
							"*-coelodontaantiquitatis":[{"fromHour": 20,"toHour": 24},{"fromHour": 0,"toHour": 6}],
							"*-dicerorhinussumatrensis":[{"fromHour": 22,"toHour": 24},{"fromHour": 0,"toHour": 4},{"fromHour": 12,"toHour": 16}],
							"*-dicerosbicornis":[{"fromHour": 23,"toHour": 24},{"fromHour": 0,"toHour": 5},{"fromHour": 13,"toHour": 17}],
							"*-rhinocerossondaicus":[{"fromHour": 22,"toHour": 24},{"fromHour": 0,"toHour": 4},{"fromHour": 12,"toHour": 16}],
							"*-rhinocerosunicornis":[{"fromHour": 22,"toHour": 24},{"fromHour": 0,"toHour": 4},{"fromHour": 12,"toHour": 16}]},
						"stopOnNearbyEntityCodes": [ "player" ],
						"stopRange": 1,
						"stopOnHurt": true
					},
					{
						"code": "seekfoodandeat",
						"animation": "Walk",
						"eatAnimation": "Eat",
						"movespeedByType": {
							"*-adult-*-ceratotheriumsimum": 0.0045,
							"*-baby-*-ceratotheriumsimum": 0.003,
							"*-adult-*-coelodontaantiquitatis": 0.00405,
							"*-baby-*-coelodontaantiquitatis": 0.0027,
							"*-adult-*-dicerorhinussumatrensis": 0.0036,
							"*-baby-*-dicerorhinussumatrensis": 0.0018,
							"*-adult-*-dicerosbicornis": 0.00405,
							"*-baby-*-dicerosbicornis": 0.0027,
							"*-adult-*-rhinocerossondaicus": 0.00405,
							"*-baby-*-rhinocerossondaicus": 0.0027,
							"*-adult-*-rhinocerosunicornis": 0.0045,
							"*-baby-*-rhinocerosunicornis": 0.003
						},
						"priority": 1.34,
						"eatSoundByType": {
							"*":"game:creature/animal-eat*"},
						"eatTime": 1.5,
						"eatLooseItems": true,
						"animationSpeedByType": {
							"*-baby-*": 1,
							"*-adult-female-*": 0.82,
							"*": 0.75
						},
						"mincooldownHours": 1,
						"maxcooldownHours": 4,
						"whenNotInEmotionState": "aggressiveondamage|aggressivearoundentities|fleeondamage"
					},
					{
						"code": "idle",
						"animation": "Eat",
						"priority": 1.2,
						"priorityForCancel": 1.35,
						"minduration": 2667,
						"maxduration": 2667,
						"mincooldown": 6000,
						"maxcooldown": 20000,
						"animationSpeed": 0.75,
						"soundByType": {"*":"game:creature/animal-eat*"},
						"whenNotInEmotionState": "aggressiveondamage|aggressivearoundentities|fleeondamage"
					},
					{
						"code": "idle",
						"animation": "Roar",
						"priority": 1.0,
						"priorityForCancel": 1.35,
						"minduration": 4667,
						"maxduration": 4667,
						"chanceByType": {"*-dicerorhinussumatrensis":0.2,"*":0.02},
						"mincooldown": 8000,
						"maxcooldown": 50000,
						"animationSpeed": 0.5,
						"soundByType": {
							"*-dicerorhinussumatrensis": "rhinocerotidae:creature/rhinocerotidae/chirp*",
							"*-adult-*": "rhinocerotidae:creature/rhinocerotidae/roar*",
							"*-baby-*": "rhinocerotidae:creature/rhinocerotidae/idles*"
						},
						"soundRangeByType": {
							"*-baby-*": 40,
							"*": 120
						},
						"whenNotInEmotionState": "aggressiveondamage|aggressivearoundentities|fleeondamage"
					},
					{
						"code": "wander",
						"animation": "Graze",
						"priority": 1.0,
						"priorityForCancel": 1.35,
						"movespeedByType": {
							"*-adult-*-ceratotheriumsimum": 0.0045,
							"*-baby-*-ceratotheriumsimum": 0.003,
							"*-adult-*-coelodontaantiquitatis": 0.00405,
							"*-baby-*-coelodontaantiquitatis": 0.0027,
							"*-adult-*-dicerorhinussumatrensis": 0.0036,
							"*-baby-*-dicerorhinussumatrensis": 0.0018,
							"*-adult-*-dicerosbicornis": 0.00405,
							"*-baby-*-dicerosbicornis": 0.0027,
							"*-adult-*-rhinocerossondaicus": 0.00405,
							"*-baby-*-rhinocerossondaicus": 0.0027,
							"*-adult-*-rhinocerosunicornis": 0.0045,
							"*-baby-*-rhinocerosunicornis": 0.003
						},
						"animationSpeedByType": {
							"*-baby-*": 1,
							"*-adult-female-*": 0.82,
							"*": 0.75
						},
						"preferredLightLevel": 14,
						"soundByType": {"*":"game:creature/animal-eat*"},
						"whenNotInEmotionState": "aggressiveondamage|aggressivearoundentities|fleeondamage"
					},
					{
						"code": "wander",
						"animation": "Trot",
						"priority": 1.0,
						"priorityForCancel": 1.35,
						"chance": 0.0005,
						"movespeedByType": {
							"*-adult-*-ceratotheriumsimum": 0.03,
							"*-baby-*-ceratotheriumsimum": 0.015,
							"*-adult-*-coelodontaantiquitatis": 0.027,
							"*-baby-*-coelodontaantiquitatis": 0.0135,
							"*-adult-*-dicerorhinussumatrensis": 0.024,
							"*-baby-*-dicerorhinussumatrensis": 0.012,
							"*-adult-*-dicerosbicornis": 0.027,
							"*-baby-*-dicerosbicornis": 0.0135,
							"*-adult-*-rhinocerossondaicus": 0.027,
							"*-baby-*-rhinocerossondaicus": 0.0135,
							"*-adult-*-rhinocerosunicornis": 0.03,
							"*-baby-*-rhinocerosunicornis": 0.015
						},
						"duringDayTimeFramesByType": {
							"*-adult-*":[{"fromHour": 18,"toHour": 19},{"fromHour": 6,"toHour": 7}]},
						"animationSpeedByType": {
							"*-baby-*": 3,
							"*-adult-female-*": 3.3,
							"*": 3.0
						},
						"preferredLightLevel": 24,
						"whenNotInEmotionState": "aggressiveondamage|aggressivearoundentities|fleeondamage"
					},
					{
						"code": "lookaround",
						"animation": "Look",
						"priority": 0.5,
						"animationSpeed": 0.75,
						"whenNotInEmotionState": "aggressiveondamage|aggressivearoundentities|fleeondamage"
					}
				]
			},
			{"code": "ropetieable","minGeneration": 2},
			{"code": "pettable","minGeneration": 1},
			{
				"code": "antlergrowth",
				"enabledByType": {"*-adult-female-rhinocerossondaicus": false,"*-baby-*": false,"*": true },
				"variantsByType": {
					"*-adult-*-ceratotheriumsimum":["01", "02", "03", "04", "05", "06", "07", "08"],
					"*-adult-*-coelodontaantiquitatis":["01", "02", "03", "04", "05", "06", "07", "08", "09"],
					"*-adult-female-dicerorhinussumatrensis":["01", "02", "03"],
					"*-adult-*-dicerorhinussumatrensis":["01", "02", "03", "04", "05"],
					"*-adult-*-dicerosbicornis":["01", "02", "03", "04", "05", "06", "07", "08", "09"],
					"*-adult-male-rhinocerossondaicus":["01", "02", "03", "04", "05"],
					"*-adult-*-rhinocerosunicornis":["01", "02", "03", "04", "05", "06", "07", "08", "09"]},
				"beginGrowMonth": -1,				
				"growDurationMonths": 12
			}
		],
		"spawnconditions": {
			"worldgen": {
				"tryOnlySurface": true,
				"triesPerChunk": { "avg": 0, "var": 0 },
				"groupSizeByType": {
					"*-adult-female-dicerorhinussumatrensis": { "dist": "uniform", "avg": 2.0, "var": 1.0 },
					"*-adult-female-dicerosbicornis": { "dist": "uniform", "avg": 1.5, "var": 0.5 },
					"*-adult-female-rhinocerossondaicus": { "dist": "uniform", "avg": 1.5, "var": 0.5 },
					"*-adult-female-*": { "dist": "uniform", "avg": 4.0, "var": 2.0 },
					"*-adult-male-*": { "dist": "uniform", "avg": 1.0, "var": 0.0 }
				},
				"insideBlockCodes": [ "game:air", "game:gravel-*",  "game:sand-*","game:snowlayer-1","game:soil-*","game:tallgrass-*" ],
				"companionsByType": {
				"*-adult-male-dicerorhinussumatrensis":["rhinocerotidae:rhinocerotidae-adult-female-{type}"],
				"*-adult-female-dicerorhinussumatrensis":["rhinocerotidae:rhinocerotidae-adult-female-{type}","rhinocerotidae:rhinocerotidae-adult-male-{type}","rhinocerotidae:rhinocerotidae-baby-female-{type}","rhinocerotidae:rhinocerotidae-baby-male-{type}"],
				"*-adult-male-dicerosbicornis":["rhinocerotidae:rhinocerotidae-adult-female-{type}"],
				"*-adult-female-dicerosbicornis":["rhinocerotidae:rhinocerotidae-adult-female-{type}","rhinocerotidae:rhinocerotidae-adult-male-{type}","rhinocerotidae:rhinocerotidae-baby-female-{type}","rhinocerotidae:rhinocerotidae-baby-male-{type}"],
				"*-adult-male-rhinocerossondaicus":["rhinocerotidae:rhinocerotidae-adult-female-{type}"],
				"*-adult-female-rhinocerossondaicus":["rhinocerotidae:rhinocerotidae-adult-female-{type}","rhinocerotidae:rhinocerotidae-adult-male-{type}","rhinocerotidae:rhinocerotidae-baby-female-{type}","rhinocerotidae:rhinocerotidae-baby-male-{type}"],
				"*-adult-female-*":["rhinocerotidae:rhinocerotidae-adult-female-{type}","rhinocerotidae:rhinocerotidae-baby-female-{type}","rhinocerotidae:rhinocerotidae-baby-male-{type}"]}
			},
			"runtime": {
				"group": "neutral",
				"tryOnlySurface": true,
				"chanceByType": {
					"*-adult-female-ceratotheriumsimum": 0.000001,"*-adult-male-ceratotheriumsimum": 0.000001,
					"*-adult-female-coelodontaantiquitatis": 0.000001,"*-adult-male-coelodontaantiquitatis": 0.000001,
					"*-adult-female-dicerorhinussumatrensis": 0.000001,"*-adult-male-dicerorhinussumatrensis": 0.000001,
					"*-adult-female-dicerosbicornis": 0.000001,"*-adult-male-dicerosbicornis": 0.000001,
					"*-adult-female-rhinocerossondaicus": 0.000001,"*-adult-male-rhinocerossondaicus": 0.000001,
					"*-adult-female-rhinocerosunicornis": 0.000001,"*-adult-male-rhinocerosunicornis": 0.000001,
					"*": 0.0
				},
				"mindistancetoplayer": 100,
				"maxLightLevel": 7,
				"lightLevelType": "onlyBlockLight",	
				"spawnCapPlayerScaling": 0.0,	
				"groupSizeByType": {
					"*-adult-female-dicerorhinussumatrensis": { "dist": "uniform", "avg": 2.0, "var": 1.0 },
					"*-adult-female-dicerosbicornis": { "dist": "uniform", "avg": 1.5, "var": 0.5 },
					"*-adult-female-rhinocerossondaicus": { "dist": "uniform", "avg": 1.5, "var": 0.5 },
					"*-adult-female-*": { "dist": "uniform", "avg": 4.0, "var": 2.0 },
					"*-adult-male-*": { "dist": "uniform", "avg": 1.0, "var": 0.0 }
				},
				"insideBlockCodes": [ "game:air", "game:gravel-*",  "game:sand-*","game:snowlayer-1","game:soil-*","game:tallgrass-*" ],
				"companionsByType": {
				"*-adult-male-dicerorhinussumatrensis":["rhinocerotidae:rhinocerotidae-adult-female-{type}"],
				"*-adult-female-dicerorhinussumatrensis":["rhinocerotidae:rhinocerotidae-adult-female-{type}","rhinocerotidae:rhinocerotidae-adult-male-{type}","rhinocerotidae:rhinocerotidae-baby-female-{type}","rhinocerotidae:rhinocerotidae-baby-male-{type}"],
				"*-adult-male-dicerosbicornis":["rhinocerotidae:rhinocerotidae-adult-female-{type}"],
				"*-adult-female-dicerosbicornis":["rhinocerotidae:rhinocerotidae-adult-female-{type}","rhinocerotidae:rhinocerotidae-adult-male-{type}","rhinocerotidae:rhinocerotidae-baby-female-{type}","rhinocerotidae:rhinocerotidae-baby-male-{type}"],
				"*-adult-male-rhinocerossondaicus":["rhinocerotidae:rhinocerotidae-adult-female-{type}"],
				"*-adult-female-rhinocerossondaicus":["rhinocerotidae:rhinocerotidae-adult-female-{type}","rhinocerotidae:rhinocerotidae-adult-male-{type}","rhinocerotidae:rhinocerotidae-baby-female-{type}","rhinocerotidae:rhinocerotidae-baby-male-{type}"],
				"*-adult-female-*":["rhinocerotidae:rhinocerotidae-adult-female-{type}","rhinocerotidae:rhinocerotidae-baby-female-{type}","rhinocerotidae:rhinocerotidae-baby-male-{type}"]}
			}
		},
		"spawnconditionsByType": {
			"rhinocerotidae-adult-*-ceratotheriumsimum": {
				"climate": {
					"minTemp": 16,
					"maxTemp": 40,
					"minRain": 0.05,
					"maxRain": 0.75,
					"minForestOrShrubs": 0.0,
					"maxForest": 0.5,
					"maxShrubs": 0.75,
					"minY": 0.9,
					"maxY": 1.5				
				},
				"worldgen": {
					"triesPerChunk": { "avg": 0.0005, "var": 0}
				},
				"runtime": {
					"maxQuantityByGroup": { "code": "rhinocerotidae-*", "maxQuantity": 1 }
				}
			},
			"rhinocerotidae-adult-*-coelodontaantiquitatis": {
				"climate": {
					"minTemp": -14,
					"maxTemp": 12,
					"minRain": 0.1,
					"maxRain": 0.75,
					"minForestOrShrubs": 0.0,
					"maxForest": 0.5,
					"maxShrubs": 0.75,
					"minY": 0.9,
					"maxY": 1.6				
				},
				"worldgen": {
					"triesPerChunk": { "avg": 0.0005, "var": 0}
				},
				"runtime": {
					"maxQuantityByGroup": { "code": "rhinocerotidae-*", "maxQuantity": 1 }
				}
			},
			"rhinocerotidae-adult-*-dicerorhinussumatrensis": {
				"climate": {
					"minTemp": 18,
					"maxTemp": 42,
					"minRain": 0.55,
					"maxRain": 1.0,
					"minForestOrShrubs": 0.5,
					"maxForest": 1.0,
					"maxShrubs": 0.75,
					"minY": 1.1,
					"maxY": 1.5				
				},
				"worldgen": {
					"triesPerChunk": { "avg": 0.0005, "var": 0}
				},
				"runtime": {
					"maxQuantityByGroup": { "code": "rhinocerotidae-*", "maxQuantity": 1 }
				}
			},
			"rhinocerotidae-adult-*-dicerosbicornis": {
				"climate": {
					"minTemp": 12,
					"maxTemp": 40,
					"minRain": 0.05,
					"maxRain": 0.75,
					"minForestOrShrubs": 0.0,
					"maxForest": 0.5,
					"maxShrubs": 0.75,
					"minY": 0.9,
					"maxY": 1.5				
				},
				"worldgen": {
					"triesPerChunk": { "avg": 0.0005, "var": 0}
				},
				"runtime": {
					"maxQuantityByGroup": { "code": "rhinocerotidae-*", "maxQuantity": 1 }
				}
			},
			"rhinocerotidae-adult-*-rhinocerossondaicus": {
				"climate": {
					"minTemp": 24,
					"maxTemp": 44,
					"minRain": 0.55,
					"maxRain": 1.0,
					"minForestOrShrubs": 0.0,
					"maxForest": 1.0,
					"maxShrubs": 0.75,
					"minY": 0.9,
					"maxY": 1.6				
				},
				"worldgen": {
					"triesPerChunk": { "avg": 0.0005, "var": 0}
				},
				"runtime": {
					"maxQuantityByGroup": { "code": "rhinocerotidae-*", "maxQuantity": 1 }
				}
			},
			"rhinocerotidae-adult-*-rhinocerosunicornis": {
				"climate": {
					"minTemp": 18,
					"maxTemp": 36,
					"minRain": 0.2,
					"maxRain": 1.0,
					"minForestOrShrubs": 0.0,
					"maxForest": 1.0,
					"maxShrubs": 0.75,
					"minY": 1.1,
					"maxY": 1.7				
				},
				"worldgen": {
					"triesPerChunk": { "avg": 0.0005, "var": 0}
				},
				"runtime": {
					"maxQuantityByGroup": { "code": "rhinocerotidae-*", "maxQuantity": 1 }
				}
			}
		}
	},
	"soundsByType": {
"*-adult-*":{"hurt": "rhinocerotidae:creature/rhinocerotidae/roar*","death": "rhinocerotidae:creature/rhinocerotidae/roar*","idle": "rhinocerotidae:creature/rhinocerotidae/idle*"},
		"*-baby-*": {"hurt": "rhinocerotidae:creature/rhinocerotidae/idlesnort","death": "rhinocerotidae:creature/rhinocerotidae/idlesnort*","idle": "game:creature/rhinocerotidae/idles*"}},
	"idleSoundChance": 0.05
}