{
	"editor": {
		"allAngles": true,
		"entityTextureMode": false
	},
	"textureWidth": 16,
	"textureHeight": 16,
	"textureSizes": {
	},
	"textures": {
		"club": "mycodiversity:block/plant/mushroom/club"
	},
	"elements": [
		{
			"name": "origin",
			"from": [ 8.0, 0.0, 8.0 ],
			"to": [ 8.0, 0.0, 8.0 ],
			"rotationOrigin": [ 8.0, 0.0, 8.0 ],
			"faces": {
			},
			"children": [
				{
					"name": "Stem",
					"from": [ 2.1, -0.3, -3.9 ],
					"to": [ 3.1, 0.7, -2.9 ],
					"rotationOrigin": [ 2.6, -0.3, -3.4 ],
					"rotationX": -17.0,
					"rotationY": 11.0,
					"rotationZ": 3.0,
					"faces": {
						"north": { "texture": "#club", "uv": [ 8.5, 13.5, 9.5, 14.5 ] },
						"east": { "texture": "#club", "uv": [ 9.0, 13.0, 10.0, 14.0 ] },
						"south": { "texture": "#club", "uv": [ 8.5, 13.5, 9.5, 14.5 ] },
						"west": { "texture": "#club", "uv": [ 8.5, 13.5, 9.5, 14.5 ] },
						"down": { "texture": "#club", "uv": [ 9.5, 13.5, 10.5, 14.5 ] }
					},
					"children": [
						{
							"name": "Cube1",
							"from": [ -0.2, 0.9, -0.2 ],
							"to": [ 1.2, 2.4, 1.2 ],
							"rotationOrigin": [ 0.5, 0.9, 0.4 ],
							"rotationX": 6.0,
							"rotationZ": 7.0,
							"faces": {
								"north": { "texture": "#club", "uv": [ 9.0, 10.5, 10.0, 12.0 ], "rotation": 180 },
								"east": { "texture": "#club", "uv": [ 8.5, 10.5, 9.5, 12.0 ], "rotation": 180 },
								"south": { "texture": "#club", "uv": [ 9.0, 10.5, 10.0, 12.0 ], "rotation": 180 },
								"west": { "texture": "#club", "uv": [ 9.0, 10.0, 10.0, 11.5 ], "rotation": 180 },
								"down": { "texture": "#club", "uv": [ 8.0, 9.5, 9.0, 10.5 ] }
							},
							"children": [
								{
									"name": "Cube4",
									"from": [ -0.3, 1.4, -0.3 ],
									"to": [ 1.7, 2.4, 1.7 ],
									"rotationOrigin": [ 0.7, 1.4, 0.7 ],
									"rotationX": -6.0,
									"rotationZ": -5.0,
									"faces": {
										"north": { "texture": "#club", "uv": [ 8.5, 6.5, 10.5, 7.5 ] },
										"east": { "texture": "#club", "uv": [ 8.0, 6.5, 10.0, 7.5 ] },
										"south": { "texture": "#club", "uv": [ 8.5, 6.5, 10.5, 7.5 ] },
										"west": { "texture": "#club", "uv": [ 8.0, 6.5, 10.0, 7.5 ] },
										"down": { "texture": "#club", "uv": [ 8.0, 6.0, 10.0, 8.0 ] }
									},
									"children": [
										{
											"name": "cap",
											"from": [ -0.4, 0.8, -0.4 ],
											"to": [ 2.6, 1.8, 2.6 ],
											"rotationOrigin": [ 1.1, 0.8, 1.1 ],
											"rotationX": 5.0,
											"rotationY": 25.0,
											"faces": {
												"north": { "texture": "#club", "uv": [ 8.0, 2.0, 11.0, 3.0 ] },
												"east": { "texture": "#club", "uv": [ 8.0, 3.0, 11.0, 4.0 ] },
												"south": { "texture": "#club", "uv": [ 8.0, 2.0, 11.0, 3.0 ] },
												"west": { "texture": "#club", "uv": [ 8.0, 3.5, 11.0, 4.5 ] },
												"up": { "texture": "#club", "uv": [ 8.0, 1.0, 11.0, 4.0 ] },
												"down": { "texture": "#club", "uv": [ 8.5, 2.0, 11.5, 5.0 ] }
											}
										}
									]
								}
							]
						}
					]
				},
				{
					"name": "Stem13",
					"from": [ -4.9, -0.4, 4.1 ],
					"to": [ -3.9, 0.6, 5.1 ],
					"rotationOrigin": [ -4.4, -0.4, 4.6 ],
					"rotationX": -19.0,
					"rotationY": 55.0,
					"rotationZ": 28.0,
					"faces": {
						"north": { "texture": "#club", "uv": [ 8.5, 13.0, 9.5, 14.0 ] },
						"east": { "texture": "#club", "uv": [ 9.0, 12.0, 10.0, 13.0 ] },
						"south": { "texture": "#club", "uv": [ 8.5, 12.5, 9.5, 13.5 ] },
						"west": { "texture": "#club", "uv": [ 9.0, 12.5, 10.0, 13.5 ] },
						"down": { "texture": "#club", "uv": [ 9.0, 12.0, 10.0, 13.0 ] }
					},
					"children": [
						{
							"name": "Cube14",
							"from": [ -0.2, 0.8, -0.2 ],
							"to": [ 1.2, 1.8, 1.2 ],
							"rotationOrigin": [ 0.5, 0.8, 0.4 ],
							"rotationZ": -14.0,
							"faces": {
								"north": { "texture": "#club", "uv": [ 8.5, 11.0, 9.5, 12.0 ], "rotation": 180 },
								"east": { "texture": "#club", "uv": [ 9.0, 9.5, 10.0, 10.5 ], "rotation": 180 },
								"south": { "texture": "#club", "uv": [ 8.5, 10.5, 9.5, 11.5 ], "rotation": 180 },
								"west": { "texture": "#club", "uv": [ 8.5, 9.0, 9.5, 10.0 ], "rotation": 180 },
								"down": { "texture": "#club", "uv": [ 8.5, 10.0, 9.5, 11.0 ] }
							},
							"children": [
								{
									"name": "Cube15",
									"from": [ -0.3, 0.8, -0.3 ],
									"to": [ 1.7, 1.8, 1.7 ],
									"rotationOrigin": [ 0.7, 0.8, 0.7 ],
									"rotationY": 8.0,
									"rotationZ": -14.0,
									"faces": {
										"north": { "texture": "#club", "uv": [ 8.5, 6.5, 10.5, 7.5 ] },
										"east": { "texture": "#club", "uv": [ 8.0, 6.5, 10.0, 7.5 ] },
										"south": { "texture": "#club", "uv": [ 8.5, 5.5, 10.5, 6.5 ] },
										"west": { "texture": "#club", "uv": [ 8.0, 6.0, 10.0, 7.0 ] },
										"down": { "texture": "#club", "uv": [ 8.0, 5.5, 10.0, 7.5 ] }
									},
									"children": [
										{
											"name": "cap16",
											"from": [ -0.5, 0.8, -0.5 ],
											"to": [ 2.5, 1.8, 2.5 ],
											"rotationOrigin": [ 1.0, 0.8, 1.0 ],
											"rotationX": 14.0,
											"rotationZ": 6.0,
											"faces": {
												"north": { "texture": "#club", "uv": [ 8.0, 2.5, 11.0, 3.5 ] },
												"east": { "texture": "#club", "uv": [ 9.0, 3.0, 12.0, 4.0 ] },
												"south": { "texture": "#club", "uv": [ 8.5, 5.0, 11.5, 6.0 ] },
												"west": { "texture": "#club", "uv": [ 8.5, 4.5, 11.5, 5.5 ] },
												"up": { "texture": "#club", "uv": [ 8.5, 1.0, 11.5, 4.0 ] },
												"down": { "texture": "#club", "uv": [ 8.5, 2.0, 11.5, 5.0 ] }
											}
										}
									]
								}
							]
						}
					]
				},
				{
					"name": "Stem24",
					"from": [ 2.1, -0.3, 3.1 ],
					"to": [ 3.1, 0.7, 4.1 ],
					"rotationOrigin": [ 2.6, -0.3, 3.6 ],
					"rotationX": 6.0,
					"rotationY": -17.0,
					"rotationZ": -17.0,
					"faces": {
						"north": { "texture": "#club", "uv": [ 9.0, 13.5, 10.0, 14.5 ] },
						"east": { "texture": "#club", "uv": [ 8.5, 13.5, 9.5, 14.5 ] },
						"south": { "texture": "#club", "uv": [ 9.5, 12.5, 10.5, 13.5 ] },
						"west": { "texture": "#club", "uv": [ 8.5, 12.0, 9.5, 13.0 ] },
						"down": { "texture": "#club", "uv": [ 9.0, 14.0, 10.0, 15.0 ] }
					},
					"children": [
						{
							"name": "Cube25",
							"from": [ -0.2, 0.8, -0.2 ],
							"to": [ 1.2, 1.8, 1.2 ],
							"rotationOrigin": [ 0.5, 0.8, 0.4 ],
							"rotationY": -6.0,
							"rotationZ": 14.0,
							"faces": {
								"north": { "texture": "#club", "uv": [ 9.0, 8.0, 10.0, 9.0 ], "rotation": 180 },
								"east": { "texture": "#club", "uv": [ 9.5, 8.5, 10.5, 9.5 ], "rotation": 180 },
								"south": { "texture": "#club", "uv": [ 8.0, 8.5, 9.0, 9.5 ], "rotation": 180 },
								"west": { "texture": "#club", "uv": [ 8.5, 9.0, 9.5, 10.0 ], "rotation": 180 },
								"down": { "texture": "#club", "uv": [ 8.5, 8.0, 9.5, 9.0 ] }
							},
							"children": [
								{
									"name": "Cube26",
									"from": [ -0.3, 1.0, -0.3 ],
									"to": [ 1.7, 2.0, 1.7 ],
									"rotationOrigin": [ 0.7, 1.0, 0.7 ],
									"rotationY": -14.0,
									"faces": {
										"north": { "texture": "#club", "uv": [ 8.0, 6.0, 10.0, 7.0 ] },
										"east": { "texture": "#club", "uv": [ 8.5, 6.5, 10.5, 7.5 ] },
										"south": { "texture": "#club", "uv": [ 8.0, 5.5, 10.0, 6.5 ] },
										"west": { "texture": "#club", "uv": [ 8.5, 6.0, 10.5, 7.0 ] },
										"down": { "texture": "#club", "uv": [ 1.5, 11.5, 3.5, 13.5 ] }
									},
									"children": [
										{
											"name": "cap27",
											"from": [ -0.5, 0.7, -0.5 ],
											"to": [ 2.5, 1.7, 2.5 ],
											"rotationOrigin": [ 1.0, 0.7, 1.0 ],
											"rotationX": 3.0,
											"rotationY": -125.0,
											"rotationZ": 11.0,
											"faces": {
												"north": { "texture": "#club", "uv": [ 8.0, 2.5, 11.0, 3.5 ] },
												"east": { "texture": "#club", "uv": [ 8.5, 3.0, 11.5, 4.0 ] },
												"south": { "texture": "#club", "uv": [ 9.0, 4.0, 12.0, 5.0 ] },
												"west": { "texture": "#club", "uv": [ 8.0, 1.0, 11.0, 2.0 ] },
												"up": { "texture": "#club", "uv": [ 8.5, 1.0, 11.5, 4.0 ] },
												"down": { "texture": "#club", "uv": [ 8.0, 2.0, 11.0, 5.0 ] }
											}
										}
									]
								}
							]
						}
					]
				},
				{
					"name": "Stemsmall",
					"from": [ -2.5, -0.2, -0.5 ],
					"to": [ -1.5, 0.8, 0.5 ],
					"rotationOrigin": [ -2.0, -0.2, 0.0 ],
					"rotationY": 78.0,
					"faces": {
						"north": { "texture": "#club", "uv": [ 8.5, 10.5, 9.5, 11.5 ] },
						"east": { "texture": "#club", "uv": [ 9.0, 10.5, 10.0, 11.5 ] },
						"south": { "texture": "#club", "uv": [ 9.5, 11.0, 10.5, 12.0 ] },
						"west": { "texture": "#club", "uv": [ 9.0, 12.0, 10.0, 13.0 ] },
						"down": { "texture": "#club", "uv": [ 8.5, 12.0, 9.5, 13.0 ] }
					},
					"children": [
						{
							"name": "Cube36",
							"from": [ -0.1, 0.8, -0.1 ],
							"to": [ 1.1, 1.8, 1.1 ],
							"rotationOrigin": [ 0.6, 0.8, 0.6 ],
							"rotationX": -14.0,
							"rotationY": 3.0,
							"faces": {
								"north": { "texture": "#club", "uv": [ 8.5, 6.5, 9.5, 7.5 ] },
								"east": { "texture": "#club", "uv": [ 8.5, 6.0, 9.5, 7.0 ] },
								"south": { "texture": "#club", "uv": [ 9.0, 6.5, 10.0, 7.5 ] },
								"west": { "texture": "#club", "uv": [ 8.5, 6.0, 9.5, 7.0 ] },
								"down": { "texture": "#club", "uv": [ 8.0, 5.5, 9.0, 6.5 ] }
							},
							"children": [
								{
									"name": "smallcap",
									"from": [ -0.3, 0.9, -0.5 ],
									"to": [ 1.5, 1.4, 1.3 ],
									"rotationOrigin": [ 1.0, 0.9, 0.8 ],
									"rotationX": 11.0,
									"rotationY": 28.0,
									"faces": {
										"north": { "texture": "#club", "uv": [ 9.5, 2.0, 11.0, 2.5 ] },
										"east": { "texture": "#club", "uv": [ 8.5, 1.0, 10.0, 1.5 ] },
										"south": { "texture": "#club", "uv": [ 9.5, 2.5, 11.0, 3.0 ] },
										"west": { "texture": "#club", "uv": [ 9.0, 2.5, 10.5, 3.0 ] },
										"up": { "texture": "#club", "uv": [ 9.5, 2.0, 11.0, 3.5 ] },
										"down": { "texture": "#club", "uv": [ 9.5, 2.0, 11.0, 3.5 ] }
									}
								}
							]
						}
					]
				},
				{
					"name": "Stemsmall38",
					"from": [ -1.5, -0.2, 6.5 ],
					"to": [ -0.5, 0.8, 7.5 ],
					"rotationOrigin": [ -1.0, -0.2, 7.0 ],
					"rotationX": 6.0,
					"rotationY": 36.0,
					"faces": {
						"north": { "texture": "#club", "uv": [ 8.5, 11.0, 9.5, 12.0 ] },
						"east": { "texture": "#club", "uv": [ 9.0, 10.5, 10.0, 11.5 ] },
						"south": { "texture": "#club", "uv": [ 8.5, 11.0, 9.5, 12.0 ] },
						"west": { "texture": "#club", "uv": [ 9.0, 12.5, 10.0, 13.5 ] },
						"down": { "texture": "#club", "uv": [ 9.0, 10.5, 10.0, 11.5 ] }
					},
					"children": [
						{
							"name": "Cube39",
							"from": [ -0.1, 0.9, -0.1 ],
							"to": [ 1.1, 1.9, 1.1 ],
							"rotationOrigin": [ 0.6, 0.9, 0.6 ],
							"rotationX": -6.0,
							"rotationZ": 7.0,
							"faces": {
								"north": { "texture": "#club", "uv": [ 9.0, 6.0, 10.0, 7.0 ] },
								"east": { "texture": "#club", "uv": [ 8.5, 7.0, 9.5, 8.0 ] },
								"south": { "texture": "#club", "uv": [ 9.0, 7.0, 10.0, 8.0 ] },
								"west": { "texture": "#club", "uv": [ 9.0, 6.5, 10.0, 7.5 ] },
								"down": { "texture": "#club", "uv": [ 8.5, 7.0, 9.5, 8.0 ] }
							},
							"children": [
								{
									"name": "smallcap40",
									"from": [ -0.2, 0.8, -0.3 ],
									"to": [ 1.4, 1.3, 1.3 ],
									"rotationOrigin": [ 0.8, 0.8, 0.7 ],
									"rotationX": -3.0,
									"rotationY": 11.0,
									"rotationZ": -14.0,
									"faces": {
										"north": { "texture": "#club", "uv": [ 8.5, 0.5, 10.0, 1.0 ] },
										"east": { "texture": "#club", "uv": [ 9.0, 2.0, 10.5, 2.5 ] },
										"south": { "texture": "#club", "uv": [ 8.5, 2.5, 10.0, 3.0 ] },
										"west": { "texture": "#club", "uv": [ 10.0, 2.0, 11.5, 2.5 ] },
										"up": { "texture": "#club", "uv": [ 9.0, 3.0, 10.5, 4.5 ] },
										"down": { "texture": "#club", "uv": [ 9.0, 2.0, 10.5, 3.5 ] }
									}
								}
							]
						}
					]
				},
				{
					"name": "Stemsmall41",
					"from": [ -4.5, -0.2, -7.5 ],
					"to": [ -3.5, 0.8, -6.5 ],
					"rotationOrigin": [ -4.0, -0.2, -7.0 ],
					"rotationX": 6.0,
					"faces": {
						"north": { "texture": "#club", "uv": [ 8.5, 10.5, 9.5, 11.5 ] },
						"east": { "texture": "#club", "uv": [ 8.5, 11.0, 9.5, 12.0 ] },
						"south": { "texture": "#club", "uv": [ 8.5, 12.0, 9.5, 13.0 ] },
						"west": { "texture": "#club", "uv": [ 9.0, 11.5, 10.0, 12.5 ] },
						"down": { "texture": "#club", "uv": [ 8.5, 13.0, 9.5, 14.0 ] }
					},
					"children": [
						{
							"name": "Cube42",
							"from": [ -0.1, 0.9, -0.1 ],
							"to": [ 1.1, 1.9, 1.1 ],
							"rotationOrigin": [ 0.6, 0.9, 0.6 ],
							"rotationX": -6.0,
							"rotationZ": 7.0,
							"faces": {
								"north": { "texture": "#club", "uv": [ 8.5, 6.0, 9.5, 7.0 ] },
								"east": { "texture": "#club", "uv": [ 9.5, 6.5, 10.5, 7.5 ] },
								"south": { "texture": "#club", "uv": [ 8.5, 6.5, 9.5, 7.5 ] },
								"west": { "texture": "#club", "uv": [ 9.0, 6.0, 10.0, 7.0 ] },
								"down": { "texture": "#club", "uv": [ 8.5, 6.5, 9.5, 7.5 ] }
							},
							"children": [
								{
									"name": "smallcap43",
									"from": [ -0.3, 0.8, -0.3 ],
									"to": [ 1.5, 1.3, 1.5 ],
									"rotationOrigin": [ 0.7, 0.8, 0.7 ],
									"rotationX": -3.0,
									"rotationY": 11.0,
									"rotationZ": 6.0,
									"faces": {
										"north": { "texture": "#club", "uv": [ 8.5, 2.5, 10.0, 3.0 ] },
										"east": { "texture": "#club", "uv": [ 9.0, 2.0, 10.5, 2.5 ] },
										"south": { "texture": "#club", "uv": [ 9.0, 3.0, 10.5, 3.5 ] },
										"west": { "texture": "#club", "uv": [ 9.0, 2.5, 10.5, 3.0 ] },
										"up": { "texture": "#club", "uv": [ 9.5, 3.0, 11.0, 4.5 ] },
										"down": { "texture": "#club", "uv": [ 9.0, 3.0, 10.5, 4.5 ] }
									}
								}
							]
						}
					]
				}
			]
		}
	]}