{
	"editor": {
		"allAngles": false,
		"entityTextureMode": true
	},
	"textureWidth": 24,
	"textureHeight": 24,
	"textureSizes": {
		"skin": [24,24]
	},
	"textures": {
	},
	"elements": [
		{
			"name": "origin",
			"from": [ 8.0, 0.0, 8.0 ],
			"to": [ 8.0, 0.0, 8.0 ],
			"uv": [ 0.0, 0.0 ],
			"rotationOrigin": [ 8.0, 0.0, 8.0 ],
			"faces": {
			},
			"children": [
				{
					"name": "Pelt Center",
					"from": [ -2.25, 0.0, -1.5 ],
					"to": [ 0.75, 1.175, 1.5 ],
					"unwrapMode": 7,
					"unwrapRotation": 1,
					"autoUnwrap": false,
					"uv": [ 7.5, 11.0 ],
					"rotationOrigin": [ -0.9, 0.0, 0.0 ],
					"faces": {
						"north": { "texture": "#skin", "uv": [ 6.5, 5.5, 7.5, 8.5 ], "rotation": 90 },
						"east": { "texture": "#skin", "uv": [ 4.5, 17.0, 7.5, 18.0 ], "windMode": [-1,-1,-1,-1] },
						"south": { "texture": "#skin", "uv": [ 2.5, 5.5, 3.5, 8.5 ], "rotation": 270 },
						"west": { "texture": "#skin", "uv": [ 1.0, 17.0, 4.0, 18.0 ], "rotation": 180, "windMode": [-1,-1,-1,-1] },
						"up": { "texture": "#skin", "uv": [ 3.5, 5.5, 6.5, 8.5 ], "rotation": 270 },
						"down": { "texture": "#skin", "uv": [ 9.0, 5.5, 12.0, 8.5 ], "rotation": 90 }
					},
					"children": [
						{
							"name": "Pelt Neck",
							"from": [ -1.4, 0.0045, 0.3 ],
							"to": [ 0.1, 1.1345, 2.5 ],
							"unwrapMode": 7,
							"unwrapRotation": 1,
							"autoUnwrap": false,
							"uv": [ 8.5, 7.0 ],
							"rotationOrigin": [ -1.4, 0.0, 0.3 ],
							"faces": {
								"north": { "texture": "#skin", "uv": [ 6.0, 3.5, 7.0, 5.0 ], "rotation": 90 },
								"south": { "texture": "#skin", "uv": [ 3.0, 3.5, 4.0, 5.0 ], "rotation": 270 },
								"west": { "texture": "#skin", "uv": [ 9.0, 1.0, 11.0, 2.0 ], "rotation": 180, "windMode": [-1,-1,-1,-1] },
								"up": { "texture": "#skin", "uv": [ 4.0, 3.5, 6.0, 5.0 ], "rotation": 270 },
								"down": { "texture": "#skin", "uv": [ 8.5, 3.5, 10.5, 5.0 ], "rotation": 90 }
							}
						},
						{
							"name": "Pelt Tail",
							"from": [ 3.0, 0.0045, 0.1 ],
							"to": [ 4.5, 1.1345, 2.9 ],
							"unwrapMode": 7,
							"unwrapRotation": 1,
							"autoUnwrap": false,
							"uv": [ 7.5, 22.0 ],
							"rotationOrigin": [ 3.0, 0.0, -0.4 ],
							"faces": {
								"north": { "texture": "#skin", "uv": [ 6.0, 9.0, 7.0, 10.5 ], "rotation": 90, "windMode": [-1,-1,-1,-1] },
								"east": { "texture": "#skin", "uv": [ 8.0, 17.0, 10.5, 18.0 ], "windMode": [-1,-1,-1,-1] },
								"south": { "texture": "#skin", "uv": [ 2.5, 9.0, 3.5, 10.5 ], "rotation": 270 },
								"up": { "texture": "#skin", "uv": [ 3.5, 9.0, 6.0, 10.5 ], "rotation": 270 },
								"down": { "texture": "#skin", "uv": [ 20.0, 12.5, 22.5, 14.0 ], "rotation": 90 }
							},
							"children": [
								{
									"name": "Pelt Tail 2",
									"from": [ 1.45, 0.0045, 0.2 ],
									"to": [ 2.95, 1.0445, 2.6 ],
									"unwrapMode": 7,
									"unwrapRotation": 1,
									"autoUnwrap": false,
									"uv": [ 8.0, 26.5 ],
									"rotationOrigin": [ 1.45, 0.0, 0.2 ],
									"faces": {
										"north": { "texture": "#skin", "uv": [ 5.5, 11.0, 6.5, 12.5 ], "rotation": 90 },
										"east": { "texture": "#skin", "uv": [ 1.0, 2.0, 3.0, 3.0 ], "windMode": [-1,-1,-1,-1] },
										"south": { "texture": "#skin", "uv": [ 2.5, 11.0, 3.5, 12.5 ], "rotation": 270 },
										"west": { "texture": "#skin", "uv": [ 1.0, 2.0, 3.0, 3.0 ], "rotation": 180, "windMode": [-1,-1,-1,-1] },
										"up": { "texture": "#skin", "uv": [ 3.5, 11.0, 5.5, 12.5 ], "rotation": 270 },
										"down": { "texture": "#skin", "uv": [ 9.0, 1.5, 11.0, 3.0 ], "rotation": 90, "windMode": [-1,-1,-1,-1] }
									},
									"children": [
										{
											"name": "Tail Feathers",
											"from": [ 1.5, 0.0045, 0.05 ],
											"to": [ 2.5, 0.9545, 2.35 ],
											"unwrapMode": 7,
											"unwrapRotation": 1,
											"autoUnwrap": false,
											"uv": [ 3.0, 13.0 ],
											"rotationOrigin": [ 1.5, 0.0045, 0.05 ],
											"faces": {
												"north": { "texture": "#skin", "uv": [ 5.5, 13.0, 6.0, 14.0 ], "rotation": 90 },
												"south": { "texture": "#skin", "uv": [ 3.0, 13.0, 3.5, 14.0 ], "rotation": 270 },
												"up": { "texture": "#skin", "uv": [ 3.5, 13.0, 5.5, 14.0 ], "rotation": 270 },
												"down": { "texture": "#skin", "uv": [ 7.5, 13.0, 9.5, 14.0 ], "rotation": 90 }
											}
										}
									]
								}
							]
						}
					]
				}
			]
		}
	]}