[
	{
		ingredientPattern: "W,C,G",
	   	ingredients: {
	   	"W": { type: "item", code: "game:metalnailsandstrips-*", quantity: 1 },
	   	"C": { type: "block", code: "game:metal-scraps", quantity: 1 },
	   	"G": { type: "item", code: "game:gear-rusty", quantity: 2 },
	   	},
	   	width: 1,
	   	height: 3,
		output: {
			"type": "block",
			"code": "castironstove-north-extinct"
		}
	},
	{
		ingredientPattern: "W,C,G",
	   	ingredients: {
	   	"W": { type: "item", code: "game:metalnailsandstrips-*", quantity: 1 },
	   	"C": { type: "item", code: "game:metalplate-*", quantity: 1 },
	   	"G": { type: "item", code: "game:gear-rusty", quantity: 2 },
	   	},
	   	width: 1,
	   	height: 3,
		output: {
			"type": "block",
			"code": "castironstove-north-extinct"
		}
	}
]	