[
	{
		ingredientPattern: "_C_,_W_,GS_",
	   	ingredients: {
	   	"C": { type: "item", code: "game:metalplate-*", quantity: 1 },
	   	"W": { type: "item", code: "game:metalnailsandstrips-*", quantity: 1 },
	   	"G": { type: "item", code: "game:gear-rusty", quantity: 2 },
	   	"S": { type: "item", code: "game:clay-*", quantity: 6 },
	   	},
	   	width: 3,
	   	height: 3,
	   	output: { type: "block", code: "ovenwglassfancy-north" }
	},
	{
		ingredientPattern: "_C_,_W_,GS_",
	   	ingredients: {
	   	"C": { type: "block", code: "game:metal-scraps", quantity: 1 },
	   	"W": { type: "item", code: "game:metalnailsandstrips-*", quantity: 1 },
	   	"G": { type: "item", code: "game:gear-rusty", quantity: 2 },
	   	"S": { type: "item", code: "game:clay-*", quantity: 6 },
	   	},
	   	width: 3,
	   	height: 3,
	   	output: { type: "block", code: "ovenwglassfancy-north" }
	}
]