{
  "code": "agingcask",
  "class": "AgingBarrels.BlockAgingBarrel",
  "entityclass": "AgingBarrels.BlockEntityAgingBarrel",
  "creativeinventory": { "general": [ "*-ns" ] },
  "variantgroups": [
    {
      "code": "type",
      "states": [ "upright", "side" ]
    },
    {
      "code": "orientation",
      "states": [ "ns", "we" ]
    }
  ],
  "skipVariants": [
    "agingcask-upright-we"
  ],
  "attributes": {
    "capacityLitres": 20,
    "cureRate": 2,
    "inventoryClassName": "agingcask"
  },
  "behaviorsByType": {
    "*-side-*": [ { "name": "NWOrientable" } ],
    "*": [ { "name": "UnstableFalling" } ]
  },
  "shapeByType": {
    "*-upright-*": { "base": "block/agingcask" },
    "*-side-*": {
      "base": "block/agingcask-side",
      "rotateYByType": {
        "*-ns": 0,
        "*-we": 90
      }
    }
  },
  "collisionSelectionBox": {
    "x1": 0.125,
    "y1": 0,
    "z1": 0.125,
    "x2": 0.875,
    "y2": 0.75,
    "z2": 0.875
  },

  "blockmaterial": "Wood",
  "resistance": 1.5,
  "sounds": {
    "place": "game:block/planks",
    "hit": "game:block/planks",
    "break": "game:block/planks",
    "walk": "game:walk/wood"
  },
  "sidesolid": {
    "all": false
  },
  "sideopaque": {
    "all": false
  },
  "sideao": {
    "all": false
  },
  "emitsideao": {
    "all": false
  },
  "lightAbsorption": 1
}