{
	"editor": {
		"allAngles": true,
		"entityTextureMode": false
	},
	"textureWidth": 16,
	"textureHeight": 16,
	"textureSizes": {
	},
	"textures": {
	},
	"elements": [
		{
			"name": "origin",
			"from": [ 8.0, 0.0, 8.0 ], 
			"to": [ 8.0, 0.0, 8.0 ], 
			"rotationOrigin": [ 8.0, 0.0, 8.0 ],
			"faces": {
				"north": { "texture": "#null", "uv": [ 0.0, 0.0, 0.5, 0.5 ], "enabled": false },
				"east": { "texture": "#null", "uv": [ 0.0, 0.0, 0.5, 0.5 ], "autoUv": false, "snapUv": false },
				"south": { "texture": "#null", "uv": [ 0.0, 0.0, 0.5, 0.5 ], "autoUv": false, "snapUv": false },
				"west": { "texture": "#null", "uv": [ 0.0, 0.0, 0.5, 0.5 ], "autoUv": false, "snapUv": false },
				"up": { "texture": "#null", "uv": [ 0.0, 0.0, 0.5, 0.5 ], "autoUv": false, "snapUv": false },
				"down": { "texture": "#null", "uv": [ 0.0, 0.0, 0.5, 0.5 ], "autoUv": false, "snapUv": false }
			},
			"children": [
				{
					"name": "cauliflower",
					"from": [ -1.2, 0.0, -1.2 ], 
					"to": [ 1.2, 2.0, 1.2 ], 
					"faces": {
						"north": { "texture": "#top", "uv": [ 6.0, 3.0, 12.0, 8.0 ], "autoUv": false, "snapUv": false, "windMode": [0,0,0,0] },
						"east": { "texture": "#top", "uv": [ 0.0, 3.0, 6.0, 8.0 ], "autoUv": false, "snapUv": false, "windMode": [0,0,0,0] },
						"south": { "texture": "#top", "uv": [ 6.5, 11.0, 12.5, 16.0 ], "autoUv": false, "snapUv": false, "windMode": [0,0,0,0] },
						"west": { "texture": "#top", "uv": [ 0.0, 11.0, 6.0, 16.0 ], "autoUv": false, "snapUv": false, "windMode": [0,0,0,0] },
						"up": { "texture": "#top", "uv": [ 6.0, 2.0, 12.0, 8.0 ], "autoUv": false, "snapUv": false, "windMode": [0,0,0,0] },
						"down": { "texture": "#top", "uv": [ 6.0, 2.0, 12.0, 8.0 ], "autoUv": false, "snapUv": false, "windMode": [0,0,0,0] }
					},
					"children": [
						{
							"name": "large S",
							"from": [ -1.6, 0.0, 2.4 ], 
							"to": [ 4.0, 2.8, 2.4 ], 
							"renderPass": 2,
							"rotationOrigin": [ 1.2, 0.0, 2.4 ],
							"rotationX": 19.0,
							"rotationY": -4.0,
							"faces": {
								"north": { "texture": "#bottom12", "uv": [ 1.0, 1.0, 15.0, 8.0 ], "autoUv": false, "snapUv": false, "windMode": [0,7,7,0] },
								"east": { "texture": "#null", "uv": [ 0.0, 0.0, 0.5, 7.0 ], "enabled": false },
								"south": { "texture": "#bottom12", "uv": [ 1.0, 1.0, 15.0, 8.0 ], "enabled": false },
								"west": { "texture": "#null", "uv": [ 0.0, 0.0, 0.5, 7.0 ], "enabled": false },
								"up": { "texture": "#null", "uv": [ 0.0, 0.0, 14.0, 0.5 ], "enabled": false },
								"down": { "texture": "#cauliflower", "uv": [ 0.0, 0.0, 14.0, 0.5 ], "enabled": false }
							}
						},
						{
							"name": "large W",
							"from": [ 0.0, 0.0, -1.6 ], 
							"to": [ 0.0, 2.8, 4.0 ], 
							"renderPass": 2,
							"rotationOrigin": [ 0.0, 0.0, 1.2 ],
							"rotationX": 8.0,
							"rotationY": 9.0,
							"rotationZ": 30.0,
							"faces": {
								"north": { "texture": "#cauliflower", "uv": [ 0.0, 0.0, 0.5, 7.0 ], "enabled": false },
								"east": { "texture": "#bottom12", "uv": [ 1.0, 1.0, 15.0, 8.0 ], "autoUv": false, "snapUv": false, "windMode": [0,7,7,0] },
								"south": { "texture": "#null", "uv": [ 0.0, 0.0, 0.5, 7.0 ], "enabled": false },
								"west": { "texture": "#bottom12", "uv": [ 1.0, 1.0, 15.0, 8.0 ], "enabled": false },
								"up": { "texture": "#null", "uv": [ 0.0, 0.0, 0.5, 14.0 ], "enabled": false },
								"down": { "texture": "#cauliflower", "uv": [ 0.0, 0.0, 0.5, 14.0 ], "enabled": false }
							}
						},
						{
							"name": "large N",
							"from": [ -1.6, 0.0, 0.0 ], 
							"to": [ 4.0, 2.8, 0.0 ], 
							"renderPass": 2,
							"rotationOrigin": [ 1.2, 0.0, 0.0 ],
							"rotationX": -31.0,
							"rotationY": -6.0,
							"faces": {
								"north": { "texture": "#bottom12", "uv": [ 1.0, 1.0, 15.0, 8.0 ], "enabled": false },
								"east": { "texture": "#null", "uv": [ 0.0, 0.0, 0.5, 7.0 ], "enabled": false },
								"south": { "texture": "#bottom12", "uv": [ 1.0, 1.0, 15.0, 8.0 ], "autoUv": false, "snapUv": false, "windMode": [0,0,7,7] },
								"west": { "texture": "#null", "uv": [ 0.0, 0.0, 0.5, 7.0 ], "enabled": false },
								"up": { "texture": "#null", "uv": [ 0.0, 0.0, 14.0, 0.5 ], "enabled": false },
								"down": { "texture": "#cauliflower", "uv": [ 0.0, 0.0, 14.0, 0.5 ], "enabled": false }
							}
						},
						{
							"name": "large E",
							"from": [ 2.4, 0.0, -1.6 ], 
							"to": [ 2.4, 2.8, 4.0 ], 
							"renderPass": 2,
							"rotationOrigin": [ 2.4, 0.0, 1.2 ],
							"rotationX": 5.0,
							"rotationY": -8.0,
							"rotationZ": -30.0,
							"faces": {
								"north": { "texture": "#cauliflower", "uv": [ 0.0, 0.0, 0.5, 7.0 ], "enabled": false },
								"east": { "texture": "#bottom12", "uv": [ 1.0, 1.0, 15.0, 8.0 ], "enabled": false },
								"south": { "texture": "#null", "uv": [ 0.0, 0.0, 0.5, 7.0 ], "enabled": false },
								"west": { "texture": "#bottom12", "uv": [ 1.0, 1.0, 15.0, 8.0 ], "autoUv": false, "snapUv": false, "windMode": [0,0,7,7] },
								"up": { "texture": "#null", "uv": [ 0.0, 0.0, 0.5, 14.0 ], "enabled": false },
								"down": { "texture": "#cauliflower", "uv": [ 0.0, 0.0, 0.5, 14.0 ], "enabled": false }
							}
						},
						{
							"name": "top",
							"from": [ 0.2, 2.0, 0.2 ], 
							"to": [ 2.2, 2.2, 2.2 ], 
							"renderPass": 2,
							"faces": {
								"north": { "texture": "#top", "uv": [ 0.0, 0.0, 5.0, 0.5 ], "autoUv": false, "snapUv": false, "windMode": [0,0,0,0] },
								"east": { "texture": "#top", "uv": [ 0.0, 0.0, 5.0, 0.5 ], "autoUv": false, "snapUv": false, "windMode": [0,0,0,0] },
								"south": { "texture": "#top", "uv": [ 0.0, 0.0, 5.0, 0.5 ], "autoUv": false, "snapUv": false, "windMode": [0,0,0,0] },
								"west": { "texture": "#top", "uv": [ 0.0, 0.0, 5.0, 0.5 ], "autoUv": false, "snapUv": false, "windMode": [0,0,0,0] },
								"up": { "texture": "#top", "uv": [ 7.5, 6.0, 12.5, 11.0 ], "autoUv": false, "snapUv": false, "windMode": [0,0,0,0] },
								"down": { "texture": "#top", "uv": [ 0.0, 0.0, 5.0, 5.0 ], "enabled": false }
							}
						},
						{
							"name": "large S19",
							"from": [ -0.8, 0.0, 2.0 ], 
							"to": [ 4.8, 2.8, 2.0 ], 
							"renderPass": 2,
							"rotationOrigin": [ 2.0, 0.0, 2.0 ],
							"rotationX": 33.0,
							"rotationY": 45.0,
							"rotationZ": -29.0,
							"faces": {
								"north": { "texture": "#bottom12", "uv": [ 1.0, 1.0, 15.0, 8.0 ], "autoUv": false, "snapUv": false, "windMode": [0,7,7,0] },
								"east": { "texture": "#null", "uv": [ 0.0, 0.0, 0.5, 7.0 ], "enabled": false },
								"south": { "texture": "#bottom12", "uv": [ 1.0, 1.0, 15.0, 8.0 ], "enabled": false },
								"west": { "texture": "#null", "uv": [ 0.0, 0.0, 0.0, 7.0 ], "enabled": false, "autoUv": false },
								"up": { "texture": "#null", "uv": [ 0.0, 0.0, 14.0, 0.5 ], "enabled": false },
								"down": { "texture": "#cauliflower", "uv": [ 0.0, 0.0, 14.0, 0.5 ], "enabled": false }
							}
						},
						{
							"name": "large W20",
							"from": [ 0.4, 0.0, -0.8 ], 
							"to": [ 0.4, 2.8, 4.8 ], 
							"renderPass": 2,
							"rotationOrigin": [ 0.4, 0.0, 2.0 ],
							"rotationX": -15.0,
							"rotationY": 32.0,
							"rotationZ": 24.0,
							"faces": {
								"north": { "texture": "#cauliflower", "uv": [ 0.0, 0.0, 0.5, 7.0 ], "enabled": false },
								"east": { "texture": "#bottom12", "uv": [ 2.0, 1.0, 16.0, 8.0 ], "autoUv": false, "snapUv": false, "windMode": [0,7,7,0] },
								"south": { "texture": "#null", "uv": [ 0.0, 0.0, 0.5, 7.0 ], "enabled": false },
								"west": { "texture": "#bottom12", "uv": [ 1.0, 1.0, 15.0, 8.0 ], "enabled": false },
								"up": { "texture": "#null", "uv": [ 0.0, 0.0, 0.5, 14.0 ], "enabled": false },
								"down": { "texture": "#cauliflower", "uv": [ 0.0, 0.0, 0.5, 14.0 ], "enabled": false }
							}
						},
						{
							"name": "large N21",
							"from": [ -2.4, 0.0, 0.4 ], 
							"to": [ 3.2, 2.8, 0.4 ], 
							"renderPass": 2,
							"rotationOrigin": [ 0.4, 0.0, 0.4 ],
							"rotationX": -50.0,
							"rotationY": 42.0,
							"rotationZ": 44.0,
							"faces": {
								"north": { "texture": "#bottom12", "uv": [ 1.0, 1.0, 15.0, 8.0 ], "enabled": false },
								"east": { "texture": "#null", "uv": [ 0.0, 0.0, 0.5, 7.0 ], "enabled": false },
								"south": { "texture": "#bottom12", "uv": [ 1.5, 0.5, 15.5, 7.5 ], "autoUv": false, "snapUv": false, "windMode": [0,0,7,7] },
								"west": { "texture": "#null", "uv": [ 0.0, 0.0, 0.5, 7.0 ], "enabled": false },
								"up": { "texture": "#null", "uv": [ 0.0, 0.0, 14.0, 0.5 ], "enabled": false },
								"down": { "texture": "#cauliflower", "uv": [ 0.0, 0.0, 14.0, 0.5 ], "enabled": false }
							}
						},
						{
							"name": "large E22",
							"from": [ 2.0, 0.0, -2.4 ], 
							"to": [ 2.0, 2.8, 3.2 ], 
							"renderPass": 2,
							"rotationOrigin": [ 2.0, 0.0, 0.4 ],
							"rotationX": 17.0,
							"rotationY": 45.0,
							"rotationZ": -30.0,
							"faces": {
								"north": { "texture": "#cauliflower", "uv": [ 0.0, 0.0, 0.5, 7.0 ], "enabled": false },
								"east": { "texture": "#bottom12", "uv": [ 1.0, 1.0, 15.0, 8.0 ], "enabled": false },
								"south": { "texture": "#null", "uv": [ 0.0, 0.0, 0.5, 7.0 ], "enabled": false },
								"west": { "texture": "#bottom12", "uv": [ 1.5, 1.0, 15.5, 8.0 ], "autoUv": false, "snapUv": false, "windMode": [0,0,7,7] },
								"up": { "texture": "#null", "uv": [ 0.0, 0.0, 0.5, 14.0 ], "enabled": false },
								"down": { "texture": "#cauliflower", "uv": [ 0.0, 0.0, 0.5, 14.0 ], "enabled": false }
							}
						},
						{
							"name": "top15",
							"from": [ 0.48, 2.2, 0.5 ], 
							"to": [ 1.88, 2.4, 1.9 ], 
							"renderPass": 2,
							"rotationOrigin": [ 0.28, 0.2, 0.28 ],
							"faces": {
								"north": { "texture": "#top", "uv": [ 0.0, 0.0, 3.5, 0.5 ], "autoUv": false, "snapUv": false },
								"east": { "texture": "#top", "uv": [ 0.0, 0.0, 3.5, 0.5 ], "autoUv": false, "snapUv": false },
								"south": { "texture": "#top", "uv": [ 0.0, 0.0, 3.5, 0.5 ], "autoUv": false, "snapUv": false },
								"west": { "texture": "#top", "uv": [ 0.0, 0.0, 3.5, 0.5 ], "autoUv": false, "snapUv": false },
								"up": { "texture": "#top", "uv": [ 7.5, 6.0, 11.0, 9.5 ], "autoUv": false, "snapUv": false },
								"down": { "texture": "#top", "uv": [ 0.0, 0.0, 3.5, 3.5 ], "enabled": false }
							}
						}
					]
				}
			]
		}
	]}