{
  "editor": {
    "allAngles": false,
    "entityTextureMode": false
  },
  "textureWidth": 16,
  "textureHeight": 16,
  "textureSizes": {
    "leaves9": [16, 16],
    "bark": [16, 16]
  },
  "textures": {
    "leaves9": "game:block/plant/crop/cassava/leaves9",
    "bark": "game:block/plant/crop/cassava/bark"
  },
  "elements": [
    {
      "name": "origin",
      "from": [8.0, 0.0, 8.0],
      "to": [8.0, 0.0, 8.0],
      "rotationOrigin": [8.0, 0.0, 8.0],
      "faces": {
        "north": { "texture": "#null", "uv": [0.0, 0.0, 0.5, 0.5], "enabled": false },
        "east": { "texture": "#null", "uv": [0.0, 0.0, 0.5, 0.5], "enabled": false },
        "south": { "texture": "#null", "uv": [0.0, 0.0, 0.5, 0.5], "enabled": false },
        "west": { "texture": "#null", "uv": [0.0, 0.0, 0.5, 0.5], "enabled": false },
        "up": { "texture": "#null", "uv": [0.0, 0.0, 0.5, 0.5], "enabled": false },
        "down": { "texture": "#null", "uv": [0.0, 0.0, 0.5, 0.5], "enabled": false }
      },
      "children": [
        {
          "name": "trunk",
          "from": [-0.25, 0.0, -0.25],
          "to": [0.25, 7.5, 0.25],
          "rotationOrigin": [0.0, 0.0, 0.0],
          "rotationY": -45.0,
          "faces": {
            "north": { "texture": "#bark", "uv": [0.0, 0.0, 1.0, 15.0], "windMode": [0, 4, 4, 0] },
            "east": { "texture": "#bark", "uv": [2.5, 0.0, 3.5, 15.0], "windMode": [0, 4, 4, 0] },
            "south": { "texture": "#bark", "uv": [2.5, 0.0, 3.5, 15.0], "windMode": [0, 0, 4, 4] },
            "west": { "texture": "#bark", "uv": [3.5, 0.0, 4.5, 15.0], "windMode": [0, 0, 4, 4] },
            "up": { "texture": "#bark", "uv": [4.5, 1.5, 5.5, 2.5], "windMode": [4, 4, 4, 4] },
            "down": { "texture": "#bark", "uv": [1.0, 10.0, 2.0, 11.0], "windMode": [0, 0, 0, 0] }
          },
          "children": [
            {
              "name": "branch1",
              "from": [0.05, 8.0, 0.05],
              "to": [0.45, 10.5, 0.45],
              "rotationOrigin": [0.25, 8.0, 0.25],
              "rotationZ": -67.5,
              "faces": {
                "north": { "texture": "#bark", "uv": [3.5, 0.5, 4.0, 5.5], "windMode": [4, 4, 4, 4], "windData": [1, 1, 1, 0] },
                "east": { "texture": "#bark", "uv": [3.0, 1.0, 3.5, 6.0], "windMode": [4, 4, 4, 4], "windData": [0, 1, 1, 0] },
                "south": { "texture": "#bark", "uv": [3.5, 3.5, 4.0, 8.5], "windMode": [4, 4, 4, 4], "windData": [1, 0, 1, 1] },
                "west": { "texture": "#bark", "uv": [3.5, 2.5, 4.0, 7.5], "windMode": [4, 4, 4, 4], "windData": [1, 1, 1, 1] },
                "up": { "texture": "#bark", "uv": [2.0, 0.0, 2.5, 0.5], "windMode": [4, 4, 4, 4], "windData": [1, 1, 1, 1] },
                "down": { "texture": "#bark", "uv": [0.0, 2.5, 0.5, 3.0], "enabled": false }
              },
              "children": [
                {
                  "name": "Cube1",
                  "from": [0.05, 2.5, 0.05],
                  "to": [0.35, 5.5, 0.35],
                  "rotationOrigin": [0.2, 2.5, 0.2],
                  "rotationX": -22.5,
                  "rotationZ": 45.0,
                  "faces": {
                    "north": { "texture": "#bark", "uv": [9.0, 8.0, 9.5, 14.0], "windMode": [4, 4, 4, 4], "windData": [1, 1, 1, 1] },
                    "east": { "texture": "#bark", "uv": [8.5, 8.0, 9.0, 14.0], "windMode": [4, 4, 4, 4], "windData": [1, 1, 1, 1] },
                    "south": { "texture": "#bark", "uv": [8.5, 9.0, 9.0, 15.0], "windMode": [4, 4, 4, 4], "windData": [1, 1, 1, 1] },
                    "west": { "texture": "#bark", "uv": [9.0, 8.0, 9.5, 14.0], "windMode": [4, 4, 4, 4], "windData": [1, 1, 1, 1] },
                    "up": { "texture": "#bark", "uv": [10.0, 7.0, 10.5, 7.5], "windMode": [4, 4, 4, 4], "windData": [1, 1, 1, 1] },
                    "down": { "texture": "#bark", "uv": [9.5, 14.0, 10.0, 14.5], "enabled": false }
                  }
                },
                {
                  "name": "Cube13",
                  "from": [0.05, 2.5, 0.05],
                  "to": [0.35, 4.0, 0.35],
                  "rotationOrigin": [0.2, 2.5, 0.2],
                  "rotationX": 45.0,
                  "rotationZ": 22.5,
                  "faces": {
                    "north": { "texture": "#bark", "uv": [9.0, 8.0, 9.5, 11.0], "windMode": [4, 4, 4, 4], "windData": [1, 1, 1, 1] },
                    "east": { "texture": "#bark", "uv": [8.5, 8.0, 9.0, 11.0], "windMode": [4, 4, 4, 4], "windData": [1, 1, 1, 1] },
                    "south": { "texture": "#bark", "uv": [8.5, 9.0, 9.0, 12.0], "windMode": [4, 4, 4, 4], "windData": [1, 1, 1, 1] },
                    "west": { "texture": "#bark", "uv": [9.0, 8.0, 9.5, 11.0], "windMode": [4, 4, 4, 4], "windData": [1, 1, 1, 1] },
                    "up": { "texture": "#bark", "uv": [10.0, 7.0, 10.5, 7.5], "windMode": [4, 4, 4, 4], "windData": [1, 1, 1, 1] },
                    "down": { "texture": "#bark", "uv": [9.5, 14.0, 10.0, 14.5], "enabled": false }
                  }
                }
              ]
            },
            {
              "name": "branch2",
              "from": [0.05, 8.0, 0.05],
              "to": [0.45, 9.5, 0.45],
              "rotationOrigin": [0.25, 8.0, 0.25],
              "rotationX": 38.0,
              "rotationY": 113.0,
              "rotationZ": 15.5,
              "faces": {
                "north": { "texture": "#bark", "uv": [3.5, 0.5, 4.0, 3.5], "windMode": [4, 4, 4, 4], "windData": [0, 1, 1, 1] },
                "east": { "texture": "#bark", "uv": [3.0, 1.0, 3.5, 4.0], "windMode": [4, 4, 4, 4], "windData": [1, 1, 1, 1] },
                "south": { "texture": "#bark", "uv": [3.5, 3.5, 4.0, 6.5], "windMode": [4, 4, 4, 4], "windData": [0, 1, 1, 1] },
                "west": { "texture": "#bark", "uv": [3.5, 2.5, 4.0, 5.5], "windMode": [4, 4, 4, 4], "windData": [0, 0, 1, 1] },
                "up": { "texture": "#bark", "uv": [2.0, 0.0, 2.5, 0.5], "windMode": [4, 4, 4, 4], "windData": [1, 1, 1, 1] },
                "down": { "texture": "#bark", "uv": [0.0, 2.5, 0.5, 3.0], "enabled": false, "windData": [0, 1, 1, 0] }
              },
              "children": [
                {
                  "name": "Cube18",
                  "from": [0.05, 1.5, 0.05],
                  "to": [0.35, 3.0, 0.35],
                  "rotationOrigin": [0.2, 1.5, 0.2],
                  "rotationX": 45.0,
                  "faces": {
                    "north": { "texture": "#bark", "uv": [13.0, 11.5, 13.5, 14.5], "windMode": [4, 4, 4, 4], "windData": [1, 1, 1, 1] },
                    "east": { "texture": "#bark", "uv": [13.5, 12.5, 14.0, 15.5], "windMode": [4, 4, 4, 4], "windData": [1, 1, 1, 1] },
                    "south": { "texture": "#bark", "uv": [11.5, 12.0, 12.0, 15.0], "windMode": [4, 4, 4, 4], "windData": [1, 1, 1, 1] },
                    "west": { "texture": "#bark", "uv": [11.0, 10.0, 11.5, 13.0], "windMode": [4, 4, 4, 4], "windData": [1, 1, 1, 1] },
                    "up": { "texture": "#bark", "uv": [11.0, 7.5, 11.5, 8.0], "windMode": [4, 4, 4, 4], "windData": [1, 1, 1, 1] },
                    "down": { "texture": "#bark", "uv": [0.0, 0.0, 0.5, 0.5], "enabled": false, "windData": [1, 1, 1, 1] }
                  }
                },
                {
                  "name": "Cube19",
                  "from": [0.05, 1.5, 0.05],
                  "to": [0.35, 3.0, 0.35],
                  "rotationOrigin": [0.2, 1.5, 0.2],
                  "rotationX": -22.5,
                  "rotationZ": -24.0,
                  "faces": {
                    "north": { "texture": "#bark", "uv": [13.0, 11.5, 13.5, 14.5], "windMode": [4, 4, 4, 4], "windData": [1, 1, 1, 1] },
                    "east": { "texture": "#bark", "uv": [13.5, 12.5, 14.0, 15.5], "windMode": [4, 4, 4, 4], "windData": [1, 1, 1, 1] },
                    "south": { "texture": "#bark", "uv": [11.5, 12.0, 12.0, 15.0], "windMode": [4, 4, 4, 4], "windData": [1, 1, 1, 1] },
                    "west": { "texture": "#bark", "uv": [11.0, 10.0, 11.5, 13.0], "windMode": [4, 4, 4, 4], "windData": [1, 1, 1, 1] },
                    "up": { "texture": "#bark", "uv": [11.0, 7.5, 11.5, 8.0], "windMode": [4, 4, 4, 4], "windData": [1, 1, 1, 1] },
                    "down": { "texture": "#bark", "uv": [0.0, 0.0, 0.5, 0.5], "enabled": false, "windData": [1, 1, 1, 1] }
                  }
                }
              ]
            },
            {
              "name": "branch3",
              "from": [0.05, 8.0, 0.05],
              "to": [0.45, 10.5, 0.45],
              "rotationOrigin": [0.25, 8.0, 0.25],
              "rotationX": -45.0,
              "rotationZ": 22.5,
              "faces": {
                "north": { "texture": "#bark", "uv": [3.5, 0.5, 4.0, 5.5], "windMode": [4, 4, 4, 4], "windData": [0, 1, 1, 0] },
                "east": { "texture": "#bark", "uv": [3.0, 1.0, 3.5, 6.0], "windMode": [4, 4, 4, 4], "windData": [0, 1, 1, 1] },
                "south": { "texture": "#bark", "uv": [3.5, 3.5, 4.0, 8.5], "windMode": [4, 4, 4, 4], "windData": [1, 1, 1, 1] },
                "west": { "texture": "#bark", "uv": [3.5, 2.5, 4.0, 7.5], "windMode": [4, 4, 4, 4], "windData": [0, 1, 1, 1] },
                "up": { "texture": "#bark", "uv": [2.0, 0.0, 2.5, 0.5], "windMode": [4, 4, 4, 4], "windData": [1, 1, 1, 1] },
                "down": { "texture": "#bark", "uv": [0.0, 2.5, 0.5, 3.0], "enabled": false }
              },
              "children": [
                {
                  "name": "Cube14",
                  "from": [0.05, 2.5, 0.05],
                  "to": [0.35, 4.5, 0.35],
                  "rotationOrigin": [0.2, 2.5, 0.2],
                  "rotationX": 33.0,
                  "rotationY": 5.0,
                  "rotationZ": 48.0,
                  "faces": {
                    "north": { "texture": "#bark", "uv": [9.0, 8.5, 9.5, 12.5], "windMode": [4, 4, 4, 4], "windData": [1, 1, 1, 1] },
                    "east": { "texture": "#bark", "uv": [9.0, 9.0, 9.5, 13.0], "windMode": [4, 4, 4, 4], "windData": [1, 1, 1, 1] },
                    "south": { "texture": "#bark", "uv": [10.0, 10.0, 10.5, 14.0], "windMode": [4, 4, 4, 4], "windData": [1, 1, 1, 1] },
                    "west": { "texture": "#bark", "uv": [10.0, 10.5, 10.5, 14.5], "windMode": [4, 4, 4, 4], "windData": [1, 1, 1, 1] },
                    "up": { "texture": "#bark", "uv": [12.0, 6.5, 12.5, 7.0], "windMode": [4, 4, 4, 4], "windData": [1, 1, 1, 1] },
                    "down": { "texture": "#bark", "uv": [9.5, 13.5, 10.0, 14.0], "enabled": false, "windData": [1, 1, 1, 1] }
                  }
                },
                {
                  "name": "Cube15",
                  "from": [0.05, 2.5, 0.05],
                  "to": [0.35, 4.5, 0.35],
                  "rotationOrigin": [0.2, 2.5, 0.2],
                  "rotationX": 12.0,
                  "rotationZ": -23.5,
                  "faces": {
                    "north": { "texture": "#bark", "uv": [9.0, 8.5, 9.5, 12.5], "windMode": [4, 4, 4, 4], "windData": [1, 1, 1, 1] },
                    "east": { "texture": "#bark", "uv": [9.0, 9.0, 9.5, 13.0], "windMode": [4, 4, 4, 4], "windData": [1, 1, 1, 1] },
                    "south": { "texture": "#bark", "uv": [10.0, 10.0, 10.5, 14.0], "windMode": [4, 4, 4, 4], "windData": [1, 1, 1, 1] },
                    "west": { "texture": "#bark", "uv": [10.0, 10.5, 10.5, 14.5], "windMode": [4, 4, 4, 4], "windData": [1, 1, 1, 1] },
                    "up": { "texture": "#bark", "uv": [12.0, 6.5, 12.5, 7.0], "windMode": [4, 4, 4, 4], "windData": [1, 1, 1, 1] },
                    "down": { "texture": "#bark", "uv": [9.5, 13.5, 10.0, 14.0], "enabled": false, "windData": [1, 1, 1, 1] }
                  }
                }
              ]
            },
            {
              "name": "branch4",
              "from": [-0.5, 7.25, 0.3],
              "to": [-0.1, 9.25, 0.7],
              "rotationOrigin": [0.25, 7.5, 0.25],
              "rotationX": 22.5,
              "rotationZ": 39.5,
              "faces": {
                "north": { "texture": "#bark", "uv": [3.5, 0.5, 4.0, 4.5], "windMode": [4, 4, 4, 4], "windData": [0, 1, 1, 0] },
                "east": { "texture": "#bark", "uv": [3.0, 1.0, 3.5, 5.0], "windMode": [4, 4, 4, 4], "windData": [0, 1, 1, 0] },
                "south": { "texture": "#bark", "uv": [3.5, 3.5, 4.0, 7.5], "windMode": [4, 4, 4, 4], "windData": [0, 0, 1, 1] },
                "west": { "texture": "#bark", "uv": [3.5, 2.5, 4.0, 6.5], "windMode": [4, 4, 4, 4], "windData": [0, 0, 1, 1] },
                "up": { "texture": "#bark", "uv": [2.0, 0.0, 2.5, 0.5], "windMode": [4, 4, 4, 4], "windData": [1, 1, 1, 1] },
                "down": { "texture": "#bark", "uv": [0.0, 2.5, 0.5, 3.0], "enabled": false }
              },
              "children": [
                {
                  "name": "Cube16",
                  "from": [0.05, 2.0, 0.05],
                  "to": [0.35, 3.0, 0.35],
                  "rotationOrigin": [0.2, 2.0, 0.2],
                  "rotationX": -45.0,
                  "rotationZ": 45.0,
                  "faces": {
                    "north": { "texture": "#bark", "uv": [13.5, 14.0, 14.0, 16.0], "windMode": [4, 4, 4, 4], "windData": [1, 1, 1, 1] },
                    "east": { "texture": "#bark", "uv": [11.0, 11.5, 11.5, 13.5], "windMode": [4, 4, 4, 4], "windData": [1, 1, 1, 1] },
                    "south": { "texture": "#bark", "uv": [12.0, 12.5, 12.5, 14.5], "windMode": [4, 4, 4, 4], "windData": [1, 1, 1, 1] },
                    "west": { "texture": "#bark", "uv": [9.0, 10.0, 9.5, 12.0], "windMode": [4, 4, 4, 4], "windData": [1, 1, 1, 1] },
                    "up": { "texture": "#bark", "uv": [10.0, 3.0, 10.5, 3.5], "windMode": [4, 4, 4, 4], "windData": [1, 1, 1, 1] },
                    "down": { "texture": "#bark", "uv": [0.0, 0.0, 0.5, 0.5], "enabled": false, "windMode": [-1, -1, -1, -1], "windData": [1, 1, 1, 1] }
                  }
                },
                {
                  "name": "Cube17",
                  "from": [0.05, 2.0, 0.05],
                  "to": [0.35, 3.5, 0.35],
                  "rotationOrigin": [0.2, 2.0, 0.2],
                  "rotationX": 22.5,
                  "rotationZ": -45.0,
                  "faces": {
                    "north": { "texture": "#bark", "uv": [13.5, 13.0, 14.0, 16.0], "windMode": [4, 4, 4, 4], "windData": [1, 1, 1, 1] },
                    "east": { "texture": "#bark", "uv": [11.0, 10.5, 11.5, 13.5], "windMode": [4, 4, 4, 4], "windData": [1, 1, 1, 1] },
                    "south": { "texture": "#bark", "uv": [12.0, 12.5, 12.5, 15.5], "windMode": [4, 4, 4, 4], "windData": [1, 1, 1, 1] },
                    "west": { "texture": "#bark", "uv": [9.0, 9.0, 9.5, 12.0], "windMode": [4, 4, 4, 4], "windData": [1, 1, 1, 1] },
                    "up": { "texture": "#bark", "uv": [10.0, 2.0, 10.5, 2.5], "windMode": [4, 4, 4, 4], "windData": [1, 1, 1, 1] },
                    "down": { "texture": "#bark", "uv": [0.0, 0.0, 0.5, 0.5], "enabled": false, "windData": [1, 1, 1, 1] }
                  }
                }
              ]
            },
            {
              "name": "root1",
              "from": [0.05, 0.5, 0.05],
              "to": [0.45, 2.0, 0.45],
              "rotationOrigin": [0.25, 0.5, 0.25],
              "rotationZ": 112.5,
              "faces": {
                "north": { "texture": "#bark", "uv": [2.0, 9.5, 2.5, 12.5], "windMode": [0, 0, 0, 0] },
                "east": { "texture": "#bark", "uv": [2.5, 12.5, 3.0, 15.5], "windMode": [0, 0, 0, 0] },
                "south": { "texture": "#bark", "uv": [3.0, 11.5, 3.5, 14.5], "windMode": [0, 0, 0, 0] },
                "west": { "texture": "#bark", "uv": [3.5, 10.0, 4.0, 13.0], "windMode": [0, 0, 0, 0] },
                "up": { "texture": "#bark", "uv": [2.0, 12.5, 2.5, 13.0], "windMode": [0, 0, 0, 0] },
                "down": { "texture": "#bark", "uv": [2.0, 12.5, 2.5, 13.0], "enabled": false }
              }
            },
            {
              "name": "root2",
              "from": [0.05, 0.5, 0.05],
              "to": [0.45, 2.0, 0.45],
              "rotationOrigin": [0.25, 0.5, 0.25],
              "rotationY": -112.5,
              "rotationZ": 112.5,
              "faces": {
                "north": { "texture": "#bark", "uv": [2.0, 9.5, 2.5, 12.5], "windMode": [0, 0, 0, 0] },
                "east": { "texture": "#bark", "uv": [2.5, 12.5, 3.0, 15.5], "windMode": [0, 0, 0, 0] },
                "south": { "texture": "#bark", "uv": [3.0, 11.5, 3.5, 14.5], "windMode": [0, 0, 0, 0] },
                "west": { "texture": "#bark", "uv": [3.5, 10.0, 4.0, 13.0], "windMode": [0, 0, 0, 0] },
                "up": { "texture": "#bark", "uv": [2.0, 12.5, 2.5, 13.0], "windMode": [0, 0, 0, 0] },
                "down": { "texture": "#bark", "uv": [2.0, 12.5, 2.5, 13.0], "enabled": false }
              }
            },
            {
              "name": "root3",
              "from": [0.05, 0.5, 0.05],
              "to": [0.45, 2.0, 0.45],
              "rotationOrigin": [0.25, 0.5, 0.25],
              "rotationY": 135.0,
              "rotationZ": 112.5,
              "faces": {
                "north": { "texture": "#bark", "uv": [2.0, 9.5, 2.5, 12.5], "windMode": [0, 0, 0, 0] },
                "east": { "texture": "#bark", "uv": [2.5, 12.5, 3.0, 15.5], "windMode": [0, 0, 0, 0] },
                "south": { "texture": "#bark", "uv": [3.0, 11.5, 3.5, 14.5], "windMode": [0, 0, 0, 0] },
                "west": { "texture": "#bark", "uv": [3.5, 10.0, 4.0, 13.0], "windMode": [0, 0, 0, 0] },
                "up": { "texture": "#bark", "uv": [2.0, 12.5, 2.5, 13.0], "windMode": [0, 0, 0, 0] },
                "down": { "texture": "#bark", "uv": [2.0, 12.5, 2.5, 13.0], "enabled": false }
              }
            },
            {
              "name": "root4",
              "from": [0.05, 0.5, 0.05],
              "to": [0.45, 2.0, 0.45],
              "rotationOrigin": [0.25, 0.5, 0.25],
              "rotationY": 180.0,
              "rotationZ": 135.0,
              "faces": {
                "north": { "texture": "#bark", "uv": [2.0, 9.5, 2.5, 12.5], "windMode": [0, 0, 0, 0] },
                "east": { "texture": "#bark", "uv": [2.5, 12.5, 3.0, 15.5], "windMode": [0, 0, 0, 0] },
                "south": { "texture": "#bark", "uv": [3.0, 11.5, 3.5, 14.5], "windMode": [0, 0, 0, 0] },
                "west": { "texture": "#bark", "uv": [3.5, 10.0, 4.0, 13.0], "windMode": [0, 0, 0, 0] },
                "up": { "texture": "#bark", "uv": [2.0, 12.5, 2.5, 13.0], "windMode": [0, 0, 0, 0] },
                "down": { "texture": "#bark", "uv": [2.0, 12.5, 2.5, 13.0], "enabled": false }
              }
            },
            {
              "name": "root5",
              "from": [0.05, 0.5, 0.05],
              "to": [0.45, 2.0, 0.45],
              "rotationOrigin": [0.25, 0.5, 0.25],
              "rotationY": -67.5,
              "rotationZ": 135.0,
              "faces": {
                "north": { "texture": "#bark", "uv": [2.0, 9.5, 2.5, 12.5], "windMode": [0, 0, 0, 0] },
                "east": { "texture": "#bark", "uv": [2.5, 12.5, 3.0, 15.5], "windMode": [0, 0, 0, 0] },
                "south": { "texture": "#bark", "uv": [3.0, 11.5, 3.5, 14.5], "windMode": [0, 0, 0, 0] },
                "west": { "texture": "#bark", "uv": [3.5, 10.0, 4.0, 13.0], "windMode": [0, 0, 0, 0] },
                "up": { "texture": "#bark", "uv": [2.0, 12.5, 2.5, 13.0], "windMode": [0, 0, 0, 0] },
                "down": { "texture": "#bark", "uv": [2.0, 12.5, 2.5, 13.0], "enabled": false }
              }
            }
          ]
        },
        {
          "name": "leavesWE",
          "from": [-4.0, 4.5, 0.0],
          "to": [4.0, 12.5, 0.0],
          "shade": false,
          "gradientShade": true,
          "gradientShade": true,
          "renderPass": 2,
          "rotationOrigin": [0.0, 4.5, 0.0],
          "faces": {
            "north": { "texture": "#leaves9", "uv": [0.0, 0.0, 16.0, 16.0], "windMode": [1, 1, 1, 1], "windData": [0, 1, 1, 0] },
            "east": { "texture": "#leaves9", "uv": [0.0, 0.0, 0.5, 16.0], "enabled": false, "windData": [0, 1, 1, 0] },
            "south": { "texture": "#leaves9", "uv": [0.0, 0.0, 16.0, 16.0], "enabled": false, "windData": [0, 0, 1, 1] },
            "west": { "texture": "#leaves9", "uv": [0.0, 0.0, 0.5, 16.0], "enabled": false, "windData": [0, 0, 1, 1] },
            "up": { "texture": "#leaves9", "uv": [0.0, 0.0, 16.0, 0.5], "enabled": false, "windData": [1, 1, 1, 1] },
            "down": { "texture": "#leaves9", "uv": [0.0, 0.0, 16.0, 0.5], "enabled": false }
          }
        },
        {
          "name": "leavesNS",
          "from": [-4.0, 4.0, 0.0],
          "to": [4.0, 12.0, 0.0],
          "shade": false,
          "gradientShade": true,
          "gradientShade": true,
          "renderPass": 2,
          "rotationOrigin": [0.0, 4.0, 0.0],
          "rotationY": -90.0,
          "faces": {
            "north": { "texture": "#leaves9", "uv": [0.0, 0.0, 16.0, 16.0], "windMode": [1, 1, 1, 1], "windData": [0, 1, 1, 0] },
            "east": { "texture": "#leaves9", "uv": [0.0, 0.0, 0.5, 16.0], "enabled": false, "windData": [0, 1, 1, 0] },
            "south": { "texture": "#leaves9", "uv": [0.0, 0.0, 16.0, 16.0], "enabled": false, "windData": [0, 0, 1, 1] },
            "west": { "texture": "#leaves9", "uv": [0.0, 0.0, 0.5, 16.0], "enabled": false, "windData": [0, 0, 1, 1] },
            "up": { "texture": "#leaves9", "uv": [0.0, 0.0, 16.0, 0.5], "enabled": false, "windData": [1, 1, 1, 1] },
            "down": { "texture": "#leaves9", "uv": [0.0, 0.0, 16.0, 0.5], "enabled": false }
          }
        },
        {
          "name": "leavesWS",
          "from": [-4.0, 6.0, 0.0],
          "to": [4.0, 14.0, 0.0],
          "shade": false,
          "gradientShade": true,
          "gradientShade": true,
          "renderPass": 2,
          "rotationOrigin": [0.0, 6.0, 0.0],
          "rotationY": -45.0,
          "faces": {
            "north": { "texture": "#leaves9", "uv": [0.0, 0.0, 16.0, 16.0], "windMode": [1, 1, 1, 1], "windData": [0, 1, 1, 0] },
            "east": { "texture": "#leaves9", "uv": [0.0, 0.0, 0.5, 16.0], "enabled": false, "windData": [0, 1, 1, 0] },
            "south": { "texture": "#leaves9", "uv": [0.0, 0.0, 16.0, 16.0], "enabled": false, "windData": [0, 0, 1, 1] },
            "west": { "texture": "#leaves9", "uv": [0.0, 0.0, 0.5, 16.0], "enabled": false, "windData": [0, 0, 1, 1] },
            "up": { "texture": "#leaves9", "uv": [0.0, 0.0, 16.0, 0.5], "enabled": false, "windData": [1, 1, 1, 1] },
            "down": { "texture": "#leaves9", "uv": [0.0, 0.0, 16.0, 0.5], "enabled": false }
          }
        },
        {
          "name": "leavesES",
          "from": [-4.0, 6.0, 0.0],
          "to": [4.0, 14.0, 0.0],
          "shade": false,
          "gradientShade": true,
          "gradientShade": true,
          "renderPass": 2,
          "rotationOrigin": [0.0, 6.0, 0.0],
          "rotationY": 45.0,
          "faces": {
            "north": { "texture": "#leaves9", "uv": [0.0, 0.0, 16.0, 16.0], "windMode": [1, 1, 1, 1], "windData": [0, 1, 1, 0] },
            "east": { "texture": "#leaves9", "uv": [0.0, 0.0, 0.5, 16.0], "enabled": false, "windData": [0, 1, 1, 0] },
            "south": { "texture": "#leaves9", "uv": [0.0, 0.0, 16.0, 16.0], "enabled": false, "windData": [0, 0, 1, 1] },
            "west": { "texture": "#leaves9", "uv": [0.0, 0.0, 0.5, 16.0], "enabled": false, "windData": [0, 0, 1, 1] },
            "up": { "texture": "#leaves9", "uv": [0.0, 0.0, 16.0, 0.5], "enabled": false, "windData": [1, 1, 1, 1] },
            "down": { "texture": "#leaves9", "uv": [0.0, 0.0, 16.0, 0.5], "enabled": false }
          }
        },
        {
          "name": "leavesBox",
          "from": [-2.0, 3.5, -2.0],
          "to": [2.0, 11.5, 2.0],
          "shade": false,
          "gradientShade": true,
          "gradientShade": true,
          "renderPass": 2,
          "renderInEditor": false,
          "rotationOrigin": [2.0, 3.5, 2.0],
          "faces": {
            "north": { "texture": "#leaves9", "uv": [8.0, 0.0, 16.0, 16.0], "windMode": [1, 1, 1, 1], "windData": [0, 1, 1, 0] },
            "east": { "texture": "#leaves9", "uv": [0.0, 0.0, 8.0, 16.0], "windMode": [1, 1, 1, 1], "windData": [0, 1, 1, 0] },
            "south": { "texture": "#leaves9", "uv": [0.0, 0.0, 8.0, 16.0], "windMode": [1, 1, 1, 1], "windData": [0, 0, 1, 1] },
            "west": { "texture": "#leaves9", "uv": [8.0, 0.0, 16.0, 16.0], "windMode": [1, 1, 1, 1], "windData": [0, 0, 1, 1] },
            "up": { "texture": "#leaves9", "uv": [4.5, 5.0, 12.5, 13.0], "windMode": [1, 1, 1, 1], "windData": [1, 1, 1, 1] },
            "down": { "texture": "#leaves9", "uv": [4.5, 5.0, 12.5, 13.0], "enabled": false, "windMode": [1, 1, 1, 1], "windData": [0, 0, 0, 0] }
          }
        }
      ]
    }
  ]
}
