{
  "editor": {
    "allAngles": false,
    "entityTextureMode": false
  },
  "textureWidth": 16,
  "textureHeight": 16,
  "textureSizes": {},
  "textures": {
    "e7": "game:block/plant/crop/onion/e7",
    "s7": "game:block/plant/crop/onion/s7",
    "bulb": "game:block/plant/crop/onion/bulb"
  },
  "elements": [
    {
      "name": "origin",
      "from": [8.0, 0.0, 8.0],
      "to": [8.0, 0.0, 8.0],
      "rotationOrigin": [8.0, 0.0, 8.0],
      "faces": {
        "north": { "texture": "#null", "uv": [0.0, 0.0, 0.5, 0.5], "enabled": false },
        "east": { "texture": "#null", "uv": [0.0, 0.0, 0.5, 0.5] },
        "south": { "texture": "#null", "uv": [0.0, 0.0, 0.5, 0.5] },
        "west": { "texture": "#null", "uv": [0.0, 0.0, 0.5, 0.5] },
        "up": { "texture": "#null", "uv": [0.0, 0.0, 0.5, 0.5] },
        "down": { "texture": "#null", "uv": [0.0, 0.0, 0.5, 0.5] }
      },
      "children": [
        {
          "name": "onion 1",
          "from": [-1.79, 0.0, -2.34],
          "to": [-0.01, 1.335, -0.56],
          "rotationOrigin": [-0.895, 0.0, -1.45],
          "rotationY": 45.0,
          "faces": {
            "north": { "texture": "#bulb", "uv": [6.0, 6.0, 7.5, 7.0], "windMode": [0, 0, 0, 0] },
            "east": { "texture": "#bulb", "uv": [11.0, 6.0, 12.5, 7.0], "windMode": [0, 0, 0, 0] },
            "south": { "texture": "#bulb", "uv": [2.0, 6.0, 3.5, 7.0], "windMode": [0, 0, 0, 0] },
            "west": { "texture": "#bulb", "uv": [0.0, 6.0, 1.5, 7.0], "windMode": [0, 0, 0, 0] },
            "up": { "texture": "#bulb", "uv": [2.0, 4.0, 3.5, 5.5], "windMode": [0, 0, 0, 0] },
            "down": { "texture": "#bulb", "uv": [4.0, 3.0, 5.5, 4.5], "enabled": false }
          },
          "children": [
            {
              "name": "onion 1 top",
              "from": [0.445, 1.335, 0.445],
              "to": [1.335, 1.78, 1.335],
              "faces": {
                "north": { "texture": "#bulb", "uv": [12.0, 6.0, 12.89, 6.445], "windMode": [0, 0, 0, 0] },
                "east": { "texture": "#bulb", "uv": [5.0, 6.0, 5.89, 6.445], "windMode": [0, 0, 0, 0] },
                "south": { "texture": "#bulb", "uv": [4.0, 4.0, 4.89, 4.445], "windMode": [0, 0, 0, 0] },
                "west": { "texture": "#bulb", "uv": [3.0, 6.0, 3.89, 6.445], "windMode": [0, 0, 0, 0] },
                "up": { "texture": "#bulb", "uv": [12.0, 5.0, 12.89, 5.89], "windMode": [0, 0, 0, 0] },
                "down": { "texture": "#bulb", "uv": [9.0, 7.0, 9.89, 7.89], "enabled": false }
              }
            },
            {
              "name": "s 1",
              "from": [-4.895, 0.0, 0.89],
              "to": [6.675, 11.57, 0.89],
              "shade": false,
              "renderPass": 2,
              "rotationOrigin": [0.89, 0.0, 0.89],
              "faces": {
                "north": { "texture": "#leaves-we-8", "uv": [0.0, 0.0, 11.57, 11.57], "enabled": false },
                "east": { "texture": "#null", "uv": [0.0, 0.0, 0.0, 11.57], "enabled": false },
                "south": { "texture": "#s7", "uv": [1.5, 3.0, 13.07, 14.57], "windMode": [0, 0, 2, 2] },
                "west": { "texture": "#null", "uv": [0.0, 0.0, 0.0, 11.57], "enabled": false },
                "up": { "texture": "#null", "uv": [0.0, 0.0, 11.57, 0.0], "enabled": false },
                "down": { "texture": "#null", "uv": [0.0, 0.0, 11.57, 0.0], "enabled": false }
              }
            },
            {
              "name": "e 1",
              "from": [0.89, 0.0, -5.34],
              "to": [0.89, 11.57, 6.23],
              "shade": false,
              "renderPass": 2,
              "rotationOrigin": [0.89, 0.0, 0.89],
              "faces": {
                "north": { "texture": "#null", "uv": [0.0, 0.0, 0.0, 11.57], "enabled": false },
                "east": { "texture": "#e7", "uv": [1.5, 3.0, 13.07, 14.57], "windMode": [0, 2, 2, 0] },
                "south": { "texture": "#null", "uv": [0.0, 0.0, 0.0, 11.57], "enabled": false },
                "west": { "texture": "#null", "uv": [0.0, 0.0, 11.57, 11.57], "enabled": false },
                "up": { "texture": "#null", "uv": [0.0, 0.0, 0.0, 11.57], "enabled": false },
                "down": { "texture": "#null", "uv": [0.0, 0.0, 0.0, 11.57], "enabled": false }
              }
            }
          ]
        },
        {
          "name": "onion 3",
          "from": [-0.55, 0.0, -0.39],
          "to": [1.23, 1.335, 1.39],
          "rotationOrigin": [0.34, 0.0, 0.505],
          "rotationY": 22.5,
          "faces": {
            "north": { "texture": "#bulb", "uv": [12.0, 14.0, 13.5, 15.0], "windMode": [0, 0, 0, 0] },
            "east": { "texture": "#bulb", "uv": [1.0, 14.0, 2.5, 15.0], "windMode": [0, 0, 0, 0] },
            "south": { "texture": "#bulb", "uv": [4.0, 14.0, 5.5, 15.0], "windMode": [0, 0, 0, 0] },
            "west": { "texture": "#bulb", "uv": [0.0, 14.0, 1.5, 15.0], "windMode": [0, 0, 0, 0] },
            "up": { "texture": "#bulb", "uv": [12.0, 12.0, 13.5, 13.5], "windMode": [0, 0, 0, 0] },
            "down": { "texture": "#bulb", "uv": [4.0, 3.0, 5.5, 4.5], "enabled": false }
          },
          "children": [
            {
              "name": "onion 3 top",
              "from": [0.445, 1.335, 0.445],
              "to": [1.335, 1.78, 1.335],
              "faces": {
                "north": { "texture": "#bulb", "uv": [9.0, 13.0, 9.89, 13.445], "windMode": [0, 0, 0, 0] },
                "east": { "texture": "#bulb", "uv": [8.0, 13.0, 8.89, 13.445], "windMode": [0, 0, 0, 0] },
                "south": { "texture": "#bulb", "uv": [8.0, 12.0, 8.89, 12.445], "windMode": [0, 0, 0, 0] },
                "west": { "texture": "#bulb", "uv": [10.0, 13.0, 10.89, 13.445], "windMode": [0, 0, 0, 0] },
                "up": { "texture": "#bulb", "uv": [9.0, 13.0, 9.89, 13.89], "windMode": [0, 0, 0, 0] },
                "down": { "texture": "#bulb", "uv": [9.0, 7.0, 9.89, 7.89], "enabled": false }
              }
            },
            {
              "name": "s 3",
              "from": [-4.895, 0.0, 0.89],
              "to": [6.675, 11.57, 0.89],
              "shade": false,
              "renderPass": 2,
              "rotationOrigin": [0.89, 0.0, 0.89],
              "faces": {
                "north": { "texture": "#leaves-we-8", "uv": [0.0, 0.0, 11.57, 11.57], "enabled": false },
                "east": { "texture": "#null", "uv": [0.0, 0.0, 0.0, 11.57], "enabled": false },
                "south": { "texture": "#s7", "uv": [1.5, 3.0, 13.07, 14.57], "windMode": [0, 0, 2, 2] },
                "west": { "texture": "#null", "uv": [0.0, 0.0, 0.0, 11.57], "enabled": false },
                "up": { "texture": "#null", "uv": [0.0, 0.0, 11.57, 0.0], "enabled": false },
                "down": { "texture": "#null", "uv": [0.0, 0.0, 11.57, 0.0], "enabled": false }
              }
            },
            {
              "name": "e 3",
              "from": [0.89, 0.0, -4.895],
              "to": [0.89, 11.57, 6.675],
              "shade": false,
              "renderPass": 2,
              "rotationOrigin": [0.89, 0.0, 0.89],
              "faces": {
                "north": { "texture": "#null", "uv": [0.0, 0.0, 0.0, 11.57], "enabled": false },
                "east": { "texture": "#e7", "uv": [1.5, 3.0, 13.07, 14.57], "windMode": [0, 2, 2, 0] },
                "south": { "texture": "#null", "uv": [0.0, 0.0, 0.0, 11.57], "enabled": false },
                "west": { "texture": "#null", "uv": [0.0, 0.0, 11.57, 11.57], "enabled": false },
                "up": { "texture": "#null", "uv": [0.0, 0.0, 0.0, 11.57], "enabled": false },
                "down": { "texture": "#null", "uv": [0.0, 0.0, 0.0, 11.57], "enabled": false }
              }
            }
          ]
        }
      ]
    }
  ]
}
