{
	"editor": {
		"allAngles": false,
		"entityTextureMode": false
	},
	"textureWidth": 16,
	"textureHeight": 16,
	"textureSizes": {
		"0": [16,16],
		"1": [16,16],
		"2": [16,16],
		"south": [48,16],
		"north": [48,16]
	},
	"textures": {
		"2": "block/plant/pumpkin/fruit/stage4-bottom",
		"0": "block/plant/pumpkin/fruit/stage4-side",
		"1": "block/plant/pumpkin/fruit/stage4-top",
		"north": "block/plant/pumpkin/motherplant/stage7-north",
		"south": "block/plant/pumpkin/motherplant/stage7-south"
	},
	"elements": [
		{
			"name": "origin",
			"from": [ 8.0, 0.0, 8.0 ],
			"to": [ 8.0, 0.0, 8.0 ],
			"rotationOrigin": [ 8.0, 0.0, 8.0 ],
			"faces": {
				"east": { "texture": "#null", "uv": [ 0.0, 0.0, 0.5, 0.5 ] },
				"south": { "texture": "#null", "uv": [ 0.0, 0.0, 0.5, 0.5 ] },
				"west": { "texture": "#null", "uv": [ 0.0, 0.0, 0.5, 0.5 ] },
				"up": { "texture": "#null", "uv": [ 0.0, 0.0, 0.5, 0.5 ] },
				"down": { "texture": "#null", "uv": [ 0.0, 0.0, 0.5, 0.5 ] }
			},
			"children": [
				{
					"name": "North",
					"from": [ -7.2, 0.0, 0.0 ],
					"to": [ 7.2, 4.8, 0.0 ],
					"shade": false,
					"renderPass": 2,
					"rotationOrigin": [ 0.0, 0.0, 0.0 ],
					"rotationY": -45.0,
					"faces": {
						"south": { "texture": "#north", "uv": [ 0.0, 0.0, 48.0, 16.0 ], "autoUv": false, "windMode": [0,0,2,2], "windData": [0,0,1,1] }
					}
				},
				{
					"name": "South",
					"from": [ -7.2, 0.0, 0.0 ],
					"to": [ 7.2, 4.8, 0.0 ],
					"shade": false,
					"renderPass": 2,
					"rotationOrigin": [ 0.0, 0.0, 0.0 ],
					"rotationY": 45.0,
					"faces": {
						"south": { "texture": "#south", "uv": [ 0.0, 0.0, 48.0, 16.0 ], "autoUv": false, "windMode": [0,0,2,2], "windData": [0,0,1,1] }
					}
				},
				{
					"name": "Cube1",
					"from": [ -4.3, 0.0, -4.4 ],
					"to": [ 0.5, 4.8, 0.4 ],
					"rotationOrigin": [ -1.9, 0.0, -2.0 ],
					"rotationY": 16.0,
					"faces": {
						"north": { "texture": "#0", "uv": [ 2.0, 4.0, 14.0, 16.0 ], "autoUv": false },
						"east": { "texture": "#0", "uv": [ 2.0, 4.0, 14.0, 16.0 ], "rotation": 180, "autoUv": false },
						"south": { "texture": "#0", "uv": [ 2.0, 4.0, 14.0, 16.0 ], "autoUv": false },
						"west": { "texture": "#0", "uv": [ 2.0, 4.0, 14.0, 16.0 ], "rotation": 180, "autoUv": false },
						"up": { "texture": "#1", "uv": [ 2.0, 2.0, 14.0, 14.0 ], "autoUv": false },
						"down": { "texture": "#2", "uv": [ 2.0, 2.0, 14.0, 14.0 ], "autoUv": false }
					}
				},
				{
					"name": "Cube1",
					"from": [ 2.4, 0.0, -3.6 ],
					"to": [ 4.8, 2.4, -1.2 ],
					"rotationOrigin": [ 3.6, 0.0, -2.4 ],
					"rotationY": -15.0,
					"faces": {
						"north": { "texture": "#0", "uv": [ 2.0, 4.0, 14.0, 16.0 ], "autoUv": false },
						"east": { "texture": "#0", "uv": [ 2.0, 4.0, 14.0, 16.0 ], "rotation": 180, "autoUv": false },
						"south": { "texture": "#0", "uv": [ 2.0, 4.0, 14.0, 16.0 ], "autoUv": false },
						"west": { "texture": "#0", "uv": [ 2.0, 4.0, 14.0, 16.0 ], "rotation": 180, "autoUv": false },
						"up": { "texture": "#1", "uv": [ 2.0, 2.0, 14.0, 14.0 ], "autoUv": false },
						"down": { "texture": "#2", "uv": [ 2.0, 2.0, 14.0, 14.0 ], "autoUv": false }
					}
				},
				{
					"name": "Cube1",
					"from": [ -0.5, 0.0, 0.5 ],
					"to": [ 2.5, 3.0, 3.5 ],
					"rotationOrigin": [ 1.0, 0.0, 2.0 ],
					"rotationY": 17.0,
					"faces": {
						"north": { "texture": "#0", "uv": [ 2.0, 4.0, 14.0, 16.0 ], "autoUv": false },
						"east": { "texture": "#0", "uv": [ 2.0, 4.0, 14.0, 16.0 ], "rotation": 180, "autoUv": false },
						"south": { "texture": "#0", "uv": [ 2.0, 4.0, 14.0, 16.0 ], "autoUv": false },
						"west": { "texture": "#0", "uv": [ 2.0, 4.0, 14.0, 16.0 ], "rotation": 180, "autoUv": false },
						"up": { "texture": "#1", "uv": [ 2.0, 2.0, 14.0, 14.0 ], "autoUv": false },
						"down": { "texture": "#2", "uv": [ 2.0, 2.0, 14.0, 14.0 ], "autoUv": false }
					}
				}
			]
		},
		{
			"name": "origin",
			"from": [ 24.0, 0.0, 8.0 ],
			"to": [ 24.0, 0.0, 8.0 ],
			"rotationOrigin": [ 24.0, 0.0, 8.0 ],
			"rotationY": -180.0,
			"faces": {
				"east": { "texture": "#null", "uv": [ 0.0, 0.0, 0.5, 0.5 ] },
				"south": { "texture": "#null", "uv": [ 0.0, 0.0, 0.5, 0.5 ] },
				"west": { "texture": "#null", "uv": [ 0.0, 0.0, 0.5, 0.5 ] },
				"up": { "texture": "#null", "uv": [ 0.0, 0.0, 0.5, 0.5 ] },
				"down": { "texture": "#null", "uv": [ 0.0, 0.0, 0.5, 0.5 ] }
			},
			"children": [
				{
					"name": "North",
					"from": [ -7.2, 0.0, 0.0 ],
					"to": [ 7.2, 4.8, 0.0 ],
					"shade": false,
					"renderPass": 2,
					"rotationOrigin": [ 0.0, 0.0, 0.0 ],
					"rotationY": -45.0,
					"faces": {
						"south": { "texture": "#north", "uv": [ 0.0, 0.0, 48.0, 16.0 ], "autoUv": false, "windMode": [0,0,2,2], "windData": [0,0,0,0] }
					}
				},
				{
					"name": "South",
					"from": [ -7.2, 0.0, 0.0 ],
					"to": [ 7.2, 4.8, 0.0 ],
					"shade": false,
					"renderPass": 2,
					"rotationOrigin": [ 0.0, 0.0, 0.0 ],
					"rotationY": 45.0,
					"faces": {
						"south": { "texture": "#south", "uv": [ 0.0, 0.0, 48.0, 16.0 ], "autoUv": false, "windMode": [0,0,2,2], "windData": [0,0,1,1] }
					}
				},
				{
					"name": "Cube1",
					"from": [ -4.3, 0.0, -4.4 ],
					"to": [ 0.5, 4.8, 0.4 ],
					"rotationOrigin": [ -1.9, 0.0, -2.0 ],
					"rotationY": 16.0,
					"faces": {
						"north": { "texture": "#0", "uv": [ 2.0, 4.0, 14.0, 16.0 ], "autoUv": false },
						"east": { "texture": "#0", "uv": [ 2.0, 4.0, 14.0, 16.0 ], "rotation": 180, "autoUv": false },
						"south": { "texture": "#0", "uv": [ 2.0, 4.0, 14.0, 16.0 ], "autoUv": false },
						"west": { "texture": "#0", "uv": [ 2.0, 4.0, 14.0, 16.0 ], "rotation": 180, "autoUv": false },
						"up": { "texture": "#1", "uv": [ 2.0, 2.0, 14.0, 14.0 ], "autoUv": false },
						"down": { "texture": "#2", "uv": [ 2.0, 2.0, 14.0, 14.0 ], "autoUv": false }
					}
				},
				{
					"name": "Cube1",
					"from": [ 2.4, 0.0, -3.6 ],
					"to": [ 4.8, 2.4, -1.2 ],
					"rotationOrigin": [ 3.6, 0.0, -2.4 ],
					"rotationY": -15.0,
					"faces": {
						"north": { "texture": "#0", "uv": [ 2.0, 4.0, 14.0, 16.0 ], "autoUv": false },
						"east": { "texture": "#0", "uv": [ 2.0, 4.0, 14.0, 16.0 ], "rotation": 180, "autoUv": false },
						"south": { "texture": "#0", "uv": [ 2.0, 4.0, 14.0, 16.0 ], "autoUv": false },
						"west": { "texture": "#0", "uv": [ 2.0, 4.0, 14.0, 16.0 ], "rotation": 180, "autoUv": false },
						"up": { "texture": "#1", "uv": [ 2.0, 2.0, 14.0, 14.0 ], "autoUv": false },
						"down": { "texture": "#2", "uv": [ 2.0, 2.0, 14.0, 14.0 ], "autoUv": false }
					}
				},
				{
					"name": "Cube1",
					"from": [ -0.5, 0.0, 0.5 ],
					"to": [ 2.5, 3.0, 3.5 ],
					"rotationOrigin": [ 1.0, 0.0, 2.0 ],
					"rotationY": 17.0,
					"faces": {
						"north": { "texture": "#0", "uv": [ 2.0, 4.0, 14.0, 16.0 ], "autoUv": false },
						"east": { "texture": "#0", "uv": [ 2.0, 4.0, 14.0, 16.0 ], "rotation": 180, "autoUv": false },
						"south": { "texture": "#0", "uv": [ 2.0, 4.0, 14.0, 16.0 ], "autoUv": false },
						"west": { "texture": "#0", "uv": [ 2.0, 4.0, 14.0, 16.0 ], "rotation": 180, "autoUv": false },
						"up": { "texture": "#1", "uv": [ 2.0, 2.0, 14.0, 14.0 ], "autoUv": false },
						"down": { "texture": "#2", "uv": [ 2.0, 2.0, 14.0, 14.0 ], "autoUv": false }
					}
				}
			]
		}
	]}