{
  "editor": {
    "allAngles": true,
    "entityTextureMode": false
  },
  "textureWidth": 16,
  "textureHeight": 16,
  "textureSizes": {},
  "textures": {
    "cabbage": "game:block/plant/crop/cabbage/cabbage",
    "bottom12": "game:block/plant/crop/cabbage/bottom12",
    "top": "game:block/plant/crop/cabbage/top"
  },
  "elements": [
    {
      "name": "origin",
      "from": [8.0, 0.0, 8.0],
      "to": [8.0, 0.0, 8.0],
      "rotationOrigin": [8.0, 0.0, 8.0],
      "faces": {
        "north": { "texture": "#null", "uv": [0.0, 0.0, 0.5, 0.5], "enabled": false },
        "east": { "texture": "#null", "uv": [0.0, 0.0, 0.5, 0.5] },
        "south": { "texture": "#null", "uv": [0.0, 0.0, 0.5, 0.5] },
        "west": { "texture": "#null", "uv": [0.0, 0.0, 0.5, 0.5] },
        "up": { "texture": "#null", "uv": [0.0, 0.0, 0.5, 0.5] },
        "down": { "texture": "#null", "uv": [0.0, 0.0, 0.5, 0.5] }
      },
      "children": [
        {
          "name": "cabbage",
          "from": [-3.0, 0.0, -3.0],
          "to": [3.0, 5.0, 3.0],
          "faces": {
            "north": { "texture": "#cabbage", "uv": [6.0, 3.0, 12.0, 8.0], "windMode": [0, 0, 0, 0] },
            "east": { "texture": "#cabbage", "uv": [0.0, 3.0, 6.0, 8.0], "windMode": [0, 0, 0, 0] },
            "south": { "texture": "#cabbage", "uv": [6.5, 11.0, 12.5, 16.0], "windMode": [0, 0, 0, 0] },
            "west": { "texture": "#cabbage", "uv": [0.0, 11.0, 6.0, 16.0], "windMode": [0, 0, 0, 0] },
            "up": { "texture": "#cabbage", "uv": [6.0, 2.0, 12.0, 8.0], "windMode": [0, 0, 0, 0] },
            "down": { "texture": "#cabbage", "uv": [6.0, 2.0, 12.0, 8.0], "windMode": [0, 0, 0, 0] }
          },
          "children": [
            {
              "name": "large S",
              "from": [-4.0, 0.0, 6.0],
              "to": [10.0, 7.0, 6.0],
              "rotationOrigin": [3.0, 0.0, 6.0],
              "rotationX": 45.0,
              "renderPass": 2,
              "faces": {
                "north": { "texture": "#bottom12", "uv": [1.0, 1.0, 15.0, 8.0], "windMode": [0, 7, 7, 0] },
                "east": { "texture": "#null", "uv": [0.0, 0.0, 0.5, 7.0], "enabled": false },
                "south": { "texture": "#bottom12", "uv": [1.0, 1.0, 15.0, 8.0], "enabled": false },
                "west": { "texture": "#null", "uv": [0.0, 0.0, 0.5, 7.0], "enabled": false },
                "up": { "texture": "#null", "uv": [0.0, 0.0, 14.0, 0.5], "enabled": false },
                "down": { "texture": "#cabbage", "uv": [0.0, 0.0, 14.0, 0.5], "enabled": false }
              }
            },
            {
              "name": "large W",
              "from": [0.0, 0.0, -4.0],
              "to": [0.0, 7.0, 10.0],
              "rotationOrigin": [0.0, 0.0, 3.0],
              "rotationZ": 45.0,
              "renderPass": 2,
              "faces": {
                "north": { "texture": "#cabbage", "uv": [0.0, 0.0, 0.5, 7.0], "enabled": false },
                "east": { "texture": "#bottom12", "uv": [1.0, 1.0, 15.0, 8.0], "windMode": [0, 7, 7, 0] },
                "south": { "texture": "#null", "uv": [0.0, 0.0, 0.5, 7.0], "enabled": false },
                "west": { "texture": "#bottom12", "uv": [1.0, 1.0, 15.0, 8.0], "enabled": false },
                "up": { "texture": "#null", "uv": [0.0, 0.0, 0.5, 14.0], "enabled": false },
                "down": { "texture": "#cabbage", "uv": [0.0, 0.0, 0.5, 14.0], "enabled": false }
              }
            },
            {
              "name": "large N",
              "from": [-4.0, 0.0, 0.0],
              "to": [10.0, 7.0, 0.0],
              "rotationOrigin": [3.0, 0.0, 0.0],
              "rotationX": -45.0,
              "renderPass": 2,
              "faces": {
                "north": { "texture": "#bottom12", "uv": [1.0, 1.0, 15.0, 8.0], "enabled": false },
                "east": { "texture": "#null", "uv": [0.0, 0.0, 0.5, 7.0], "enabled": false },
                "south": { "texture": "#bottom12", "uv": [1.0, 1.0, 15.0, 8.0], "windMode": [0, 0, 7, 7] },
                "west": { "texture": "#null", "uv": [0.0, 0.0, 0.5, 7.0], "enabled": false },
                "up": { "texture": "#null", "uv": [0.0, 0.0, 14.0, 0.5], "enabled": false },
                "down": { "texture": "#cabbage", "uv": [0.0, 0.0, 14.0, 0.5], "enabled": false }
              }
            },
            {
              "name": "large E",
              "from": [6.0, 0.0, -4.0],
              "to": [6.0, 7.0, 10.0],
              "rotationOrigin": [6.0, 0.0, 3.0],
              "rotationZ": -45.0,
              "renderPass": 2,
              "faces": {
                "north": { "texture": "#cabbage", "uv": [0.0, 0.0, 0.5, 7.0], "enabled": false },
                "east": { "texture": "#bottom12", "uv": [1.0, 1.0, 15.0, 8.0], "enabled": false },
                "south": { "texture": "#null", "uv": [0.0, 0.0, 0.5, 7.0], "enabled": false },
                "west": { "texture": "#bottom12", "uv": [1.0, 1.0, 15.0, 8.0], "windMode": [0, 0, 7, 7] },
                "up": { "texture": "#null", "uv": [0.0, 0.0, 0.5, 14.0], "enabled": false },
                "down": { "texture": "#cabbage", "uv": [0.0, 0.0, 0.5, 14.0], "enabled": false }
              }
            },
            {
              "name": "top",
              "from": [0.5, 5.0, 0.5],
              "to": [5.5, 5.5, 5.5],
              "faces": {
                "north": { "texture": "#cabbage", "uv": [0.0, 0.0, 5.0, 0.5], "windMode": [0, 0, 0, 0] },
                "east": { "texture": "#cabbage", "uv": [0.0, 0.0, 5.0, 0.5], "windMode": [0, 0, 0, 0] },
                "south": { "texture": "#cabbage", "uv": [0.0, 0.0, 5.0, 0.5], "windMode": [0, 0, 0, 0] },
                "west": { "texture": "#cabbage", "uv": [0.0, 0.0, 5.0, 0.5], "windMode": [0, 0, 0, 0] },
                "up": { "texture": "#top", "uv": [7.5, 6.0, 12.5, 11.0], "windMode": [0, 0, 0, 0] },
                "down": { "texture": "#cabbage", "uv": [0.0, 0.0, 5.0, 5.0], "enabled": false }
              }
            },
            {
              "name": "medium 1",
              "from": [-1.0, 2.0, 5.3],
              "to": [13.0, 9.0, 5.3],
              "rotationOrigin": [6.0, 2.0, 5.3],
              "rotationX": 32.0,
              "rotationY": 45.0,
              "rotationZ": -22.5,
              "renderPass": 2,
              "faces": {
                "north": { "texture": "#bottom12", "uv": [1.0, 9.0, 15.0, 16.0], "enabled": false },
                "east": { "texture": "#null", "uv": [0.0, 0.0, 0.5, 7.0], "enabled": false },
                "south": { "texture": "#bottom12", "uv": [2.0, 9.0, 16.0, 16.0], "windMode": [7, 7, 7, 7] },
                "west": { "texture": "#null", "uv": [0.0, 0.0, 0.5, 7.0], "enabled": false },
                "up": { "texture": "#null", "uv": [0.0, 0.0, 14.0, 0.5], "enabled": false },
                "down": { "texture": "#cabbage", "uv": [0.0, 0.0, 14.0, 0.5], "enabled": false }
              }
            },
            {
              "name": "medium 2",
              "from": [-6.4, 2.0, 0.0],
              "to": [7.6, 9.0, 0.0],
              "rotationOrigin": [0.6, 2.0, 0.0],
              "rotationX": -32.0,
              "rotationY": 45.0,
              "rotationZ": 22.5,
              "renderPass": 2,
              "faces": {
                "north": { "texture": "#bottom12", "uv": [1.0, 9.0, 15.0, 16.0], "enabled": false },
                "east": { "texture": "#null", "uv": [0.0, 0.0, 0.5, 7.0], "enabled": false },
                "south": { "texture": "#bottom12", "uv": [1.0, 9.0, 15.0, 16.0], "windMode": [7, 7, 7, 7] },
                "west": { "texture": "#null", "uv": [0.0, 0.0, 0.5, 7.0], "enabled": false },
                "up": { "texture": "#null", "uv": [0.0, 0.0, 14.0, 0.5], "enabled": false },
                "down": { "texture": "#cabbage", "uv": [0.0, 0.0, 14.0, 0.5], "enabled": false }
              }
            },
            {
              "name": "medium 3",
              "from": [-1.0, 2.0, 0.7],
              "to": [13.0, 9.0, 0.7],
              "rotationOrigin": [6.0, 2.0, 0.7],
              "rotationX": -32.0,
              "rotationY": -40.0,
              "rotationZ": -22.5,
              "renderPass": 2,
              "faces": {
                "north": { "texture": "#bottom12", "uv": [1.0, 9.0, 15.0, 16.0], "enabled": false },
                "east": { "texture": "#null", "uv": [0.0, 0.0, 0.5, 7.0], "enabled": false },
                "south": { "texture": "#bottom12", "uv": [1.5, 9.0, 15.5, 16.0], "windMode": [7, 7, 7, 7] },
                "west": { "texture": "#null", "uv": [0.0, 0.0, 0.5, 7.0], "enabled": false },
                "up": { "texture": "#null", "uv": [0.0, 0.0, 14.0, 0.5], "enabled": false },
                "down": { "texture": "#cabbage", "uv": [0.0, 0.0, 14.0, 0.5], "enabled": false }
              }
            },
            {
              "name": "medium 4",
              "from": [-6.2, 2.0, 6.0],
              "to": [7.8, 9.0, 6.0],
              "rotationOrigin": [0.8, 2.0, 6.0],
              "rotationX": 32.0,
              "rotationY": -40.0,
              "rotationZ": 23.5,
              "renderPass": 2,
              "faces": {
                "north": { "texture": "#bottom12", "uv": [1.0, 9.0, 15.0, 16.0], "enabled": false },
                "east": { "texture": "#null", "uv": [0.0, 0.0, 0.5, 7.0], "enabled": false },
                "south": { "texture": "#bottom12", "uv": [1.5, 9.0, 15.5, 16.0], "windMode": [7, 7, 7, 7] },
                "west": { "texture": "#null", "uv": [0.0, 0.0, 0.5, 7.0], "enabled": false },
                "up": { "texture": "#null", "uv": [0.0, 0.0, 14.0, 0.5], "enabled": false },
                "down": { "texture": "#cabbage", "uv": [0.0, 0.0, 14.0, 0.5], "enabled": false }
              }
            },
            {
              "name": "small W",
              "from": [0.0, 5.0, 0.5],
              "to": [0.0, 7.0, 5.5],
              "rotationOrigin": [0.0, 5.0, 3.0],
              "rotationZ": -30.0,
              "renderPass": 2,
              "faces": {
                "north": { "texture": "#null", "uv": [0.0, 0.0, 0.0, 2.0], "enabled": false, "windMode": [0, -1, -1, -1] },
                "east": { "texture": "#null", "uv": [0.0, 0.0, 5.0, 2.0], "enabled": false },
                "south": { "texture": "#null", "uv": [0.0, 0.0, 0.0, 2.0], "enabled": false },
                "west": { "texture": "#bottom12", "uv": [6.0, 11.5, 11.0, 13.5], "windMode": [0, 0, 4, 4] },
                "up": { "texture": "#null", "uv": [0.0, 0.0, 0.0, 5.0], "enabled": false },
                "down": { "texture": "#null", "uv": [0.0, 0.0, 0.0, 5.0], "enabled": false }
              }
            },
            {
              "name": "small E",
              "from": [6.0, 5.0, 0.5],
              "to": [6.0, 7.0, 5.5],
              "rotationOrigin": [6.0, 5.0, 3.0],
              "rotationZ": 30.0,
              "renderPass": 2,
              "faces": {
                "north": { "texture": "#null", "uv": [0.0, 0.0, 0.0, 2.0], "enabled": false },
                "east": { "texture": "#bottom12", "uv": [6.0, 11.5, 11.0, 13.5], "windMode": [0, 4, 4, 0] },
                "south": { "texture": "#null", "uv": [0.0, 0.0, 0.0, 2.0], "enabled": false },
                "west": { "texture": "#bottom12", "uv": [6.0, 12.0, 11.0, 14.0], "enabled": false },
                "up": { "texture": "#cabbage", "uv": [0.0, 0.0, 0.0, 5.0], "enabled": false },
                "down": { "texture": "#null", "uv": [0.0, 0.0, 0.0, 5.0], "enabled": false }
              }
            },
            {
              "name": "small N",
              "from": [0.5, 5.0, 0.0],
              "to": [5.5, 7.0, 0.0],
              "rotationOrigin": [2.5, 5.0, 0.0],
              "rotationX": 30.0,
              "renderPass": 2,
              "faces": {
                "north": { "texture": "#bottom12", "uv": [6.0, 11.5, 11.0, 13.5], "windMode": [0, 4, 4, 0] },
                "east": { "texture": "#null", "uv": [0.0, 0.0, 0.0, 2.0], "enabled": false },
                "south": { "texture": "#null", "uv": [0.0, 0.0, 5.0, 2.0], "enabled": false },
                "west": { "texture": "#null", "uv": [0.0, 0.0, 0.0, 2.0], "enabled": false },
                "up": { "texture": "#null", "uv": [0.0, 0.0, 5.0, 0.0], "enabled": false },
                "down": { "texture": "#null", "uv": [0.0, 0.0, 5.0, 0.0], "enabled": false }
              }
            },
            {
              "name": "small S",
              "from": [0.5, 5.0, 6.0],
              "to": [5.5, 7.0, 6.0],
              "rotationOrigin": [2.5, 5.0, 6.0],
              "rotationX": -30.0,
              "renderPass": 2,
              "faces": {
                "north": { "texture": "#bottom12", "uv": [6.0, 11.0, 11.0, 13.0], "enabled": false },
                "east": { "texture": "#null", "uv": [0.0, 0.0, 0.5, 2.0], "enabled": false },
                "south": { "texture": "#bottom12", "uv": [6.0, 11.5, 11.0, 13.5], "windMode": [0, 0, 4, 4] },
                "west": { "texture": "#null", "uv": [0.0, 0.0, 0.5, 2.0], "enabled": false },
                "up": { "texture": "#null", "uv": [0.0, 0.0, 5.0, 0.5], "enabled": false },
                "down": { "texture": "#null", "uv": [0.0, 0.0, 5.0, 0.5], "enabled": false }
              }
            },
            {
              "name": "large S19",
              "from": [-2.0, 0.0, 5.0],
              "to": [12.0, 7.0, 5.0],
              "rotationOrigin": [5.0, 0.0, 5.0],
              "rotationX": 63.0,
              "rotationY": 21.0,
              "rotationZ": -40.0,
              "renderPass": 2,
              "faces": {
                "north": { "texture": "#bottom12", "uv": [1.0, 1.0, 15.0, 8.0], "windMode": [0, 7, 7, 0] },
                "east": { "texture": "#null", "uv": [0.0, 0.0, 0.5, 7.0], "enabled": false },
                "south": { "texture": "#bottom12", "uv": [1.0, 1.0, 15.0, 8.0], "enabled": false },
                "west": { "texture": "#null", "uv": [0.0, 0.0, 0.0, 7.0], "enabled": false, "autoUv": false },
                "up": { "texture": "#null", "uv": [0.0, 0.0, 14.0, 0.5], "enabled": false },
                "down": { "texture": "#cabbage", "uv": [0.0, 0.0, 14.0, 0.5], "enabled": false }
              }
            },
            {
              "name": "large W20",
              "from": [1.0, 0.0, -2.0],
              "to": [1.0, 7.0, 12.0],
              "rotationOrigin": [1.0, 0.0, 5.0],
              "rotationY": 55.0,
              "rotationZ": 54.0,
              "renderPass": 2,
              "faces": {
                "north": { "texture": "#cabbage", "uv": [0.0, 0.0, 0.5, 7.0], "enabled": false },
                "east": { "texture": "#bottom12", "uv": [2.0, 1.0, 16.0, 8.0], "windMode": [0, 7, 7, 0] },
                "south": { "texture": "#null", "uv": [0.0, 0.0, 0.5, 7.0], "enabled": false },
                "west": { "texture": "#bottom12", "uv": [1.0, 1.0, 15.0, 8.0], "enabled": false },
                "up": { "texture": "#null", "uv": [0.0, 0.0, 0.5, 14.0], "enabled": false },
                "down": { "texture": "#cabbage", "uv": [0.0, 0.0, 0.5, 14.0], "enabled": false }
              }
            },
            {
              "name": "large N21",
              "from": [-6.0, 0.0, 1.0],
              "to": [8.0, 7.0, 1.0],
              "rotationOrigin": [1.0, 0.0, 1.0],
              "rotationX": -57.0,
              "rotationY": 46.0,
              "rotationZ": 40.0,
              "renderPass": 2,
              "faces": {
                "north": { "texture": "#bottom12", "uv": [1.0, 1.0, 15.0, 8.0], "enabled": false },
                "east": { "texture": "#null", "uv": [0.0, 0.0, 0.5, 7.0], "enabled": false },
                "south": { "texture": "#bottom12", "uv": [1.5, 0.5, 15.5, 7.5], "windMode": [0, 0, 7, 7] },
                "west": { "texture": "#null", "uv": [0.0, 0.0, 0.5, 7.0], "enabled": false },
                "up": { "texture": "#null", "uv": [0.0, 0.0, 14.0, 0.5], "enabled": false },
                "down": { "texture": "#cabbage", "uv": [0.0, 0.0, 14.0, 0.5], "enabled": false }
              }
            },
            {
              "name": "large E22",
              "from": [5.0, 0.0, -6.0],
              "to": [5.0, 7.0, 8.0],
              "rotationOrigin": [5.0, 0.0, 1.0],
              "rotationY": 65.0,
              "rotationZ": -45.0,
              "renderPass": 2,
              "faces": {
                "north": { "texture": "#cabbage", "uv": [0.0, 0.0, 0.5, 7.0], "enabled": false },
                "east": { "texture": "#bottom12", "uv": [1.0, 1.0, 15.0, 8.0], "enabled": false },
                "south": { "texture": "#null", "uv": [0.0, 0.0, 0.5, 7.0], "enabled": false },
                "west": { "texture": "#bottom12", "uv": [1.5, 1.0, 15.5, 8.0], "windMode": [0, 0, 7, 7] },
                "up": { "texture": "#null", "uv": [0.0, 0.0, 0.5, 14.0], "enabled": false },
                "down": { "texture": "#cabbage", "uv": [0.0, 0.0, 0.5, 14.0], "enabled": false }
              }
            }
          ]
        }
      ]
    }
  ]
}
