{
  "editor": {
    "allAngles": false,
    "entityTextureMode": false
  },
  "textureWidth": 16,
  "textureHeight": 32,
  "textureSizes": {},
  "textures": {
    "0": "block/plant/crop/amaranth/e9",
    "1": "block/plant/crop/amaranth/w9"
  },
  "elements": [
    {
      "name": "origin",
      "from": [8.0, 0.0, 8.0],
      "to": [8.0, 0.0, 8.0],
      "rotationOrigin": [8.0, 0.0, 8.0],
      "faces": {
        "north": { "texture": "#null", "uv": [0.0, 0.0, 0.5, 0.5], "enabled": false },
        "east": { "texture": "#null", "uv": [0.0, 0.0, 0.5, 0.5], "enabled": false },
        "south": { "texture": "#null", "uv": [0.0, 0.0, 0.5, 0.5], "enabled": false },
        "west": { "texture": "#null", "uv": [0.0, 0.0, 0.5, 0.5], "enabled": false },
        "up": { "texture": "#null", "uv": [0.0, 0.0, 0.5, 0.5], "enabled": false },
        "down": { "texture": "#null", "uv": [0.0, 0.0, 0.5, 0.5], "enabled": false }
      },
      "children": [
        {
          "name": "Face",
          "from": [-5.0, 0.0, -8.0],
          "to": [11.0, 32.0, -8.0],
          "shade": false,
          "renderPass": 2,
          "rotationOrigin": [-8.0, 0.0, -8.0],
          "rotationY": -45.0,
          "faces": {
            "north": { "texture": "#0", "uv": [0.0, 0.0, 16.0, 32.0], "windMode": [0, 2, 2, 0], "windData": [0, 2, 2, 0] },
            "east": { "texture": "#null", "uv": [0.0, 0.0, 0.5, 32.0], "enabled": false, "windData": [0, 2, 2, 0] },
            "south": { "texture": "#null", "uv": [0.0, 0.0, 16.0, 32.0], "enabled": false, "windData": [0, 0, 2, 2] },
            "west": { "texture": "#null", "uv": [0.0, 0.0, 0.5, 32.0], "enabled": false, "windData": [0, 0, 2, 2] },
            "up": { "texture": "#null", "uv": [0.0, 0.0, 16.0, 0.5], "enabled": false, "windData": [2, 2, 2, 2] },
            "down": { "texture": "#null", "uv": [0.0, 0.0, 16.0, 0.5], "enabled": false }
          }
        },
        {
          "name": "Face2",
          "from": [-5.0, 0.0, 8.0],
          "to": [11.0, 32.0, 8.0],
          "shade": false,
          "renderPass": 2,
          "rotationOrigin": [-8.0, 0.0, 8.0],
          "rotationY": 45.0,
          "faces": {
            "north": { "texture": "#null", "uv": [0.0, 0.0, 16.0, 32.0], "enabled": false, "windData": [0, 2, 2, 0] },
            "east": { "texture": "#null", "uv": [0.0, 0.0, 0.5, 32.0], "enabled": false, "windData": [0, 2, 2, 0] },
            "south": { "texture": "#0", "uv": [0.0, 0.0, 16.0, 32.0], "windMode": [0, 0, 2, 2], "windData": [0, 0, 2, 2] },
            "west": { "texture": "#null", "uv": [0.0, 0.0, 0.5, 32.0], "enabled": false, "windData": [0, 0, 2, 2] },
            "up": { "texture": "#null", "uv": [0.0, 0.0, 16.0, 0.5], "enabled": false, "windData": [2, 2, 2, 2] },
            "down": { "texture": "#null", "uv": [0.0, 0.0, 16.0, 0.5], "enabled": false }
          }
        },
        {
          "name": "Face3",
          "from": [-8.0, 0.0, 0.0],
          "to": [8.0, 32.0, 0.0],
          "shade": false,
          "renderPass": 2,
          "faces": {
            "north": { "texture": "#null", "uv": [0.0, 0.0, 16.0, 32.0], "enabled": false, "windData": [0, 2, 2, 0] },
            "east": { "texture": "#null", "uv": [0.0, 0.0, 0.5, 32.0], "enabled": false, "windData": [0, 2, 2, 0] },
            "south": { "texture": "#1", "uv": [0.0, 0.0, 16.0, 32.0], "windMode": [0, 0, 2, 2], "windData": [0, 0, 2, 2] },
            "west": { "texture": "#null", "uv": [0.0, 0.0, 0.5, 32.0], "enabled": false, "windData": [0, 0, 2, 2] },
            "up": { "texture": "#null", "uv": [0.0, 0.0, 16.0, 0.5], "enabled": false, "windData": [2, 2, 2, 2] },
            "down": { "texture": "#null", "uv": [0.0, 0.0, 16.0, 0.5], "enabled": false }
          }
        },
        {
          "name": "Face4",
          "from": [-8.0028, 0.0, -0.0028],
          "to": [7.9972, 32.0, -0.0028],
          "shade": false,
          "renderPass": 2,
          "rotationOrigin": [0.0, 0.0, 0.0],
          "rotationY": -90.0,
          "faces": {
            "north": { "texture": "#null", "uv": [0.0, 0.0, 16.0, 32.0], "enabled": false, "windMode": [0, -1, -1, -1], "windData": [0, 2, 2, 0] },
            "east": { "texture": "#null", "uv": [0.0, 0.0, 0.5, 32.0], "enabled": false, "windData": [0, 2, 2, 0] },
            "south": { "texture": "#1", "uv": [0.0, 0.0, 16.0, 32.0], "windMode": [0, 0, 2, 2], "windData": [0, 0, 2, 2] },
            "west": { "texture": "#null", "uv": [0.0, 0.0, 0.5, 32.0], "enabled": false, "windData": [0, 0, 2, 2] },
            "up": { "texture": "#null", "uv": [0.0, 0.0, 16.0, 0.5], "enabled": false, "windData": [2, 2, 2, 2] },
            "down": { "texture": "#null", "uv": [0.0, 0.0, 16.0, 0.5], "enabled": false }
          }
        }
      ]
    }
  ]
}
