{
  "editor": {
    "allAngles": false,
    "entityTextureMode": false
  },
  "textureWidth": 16,
  "textureHeight": 16,
  "textureSizes": {
    "foliage": [16, 16],
    "foliage2": [16, 16],
    "normal-3": [24, 32],
    "normal-2": [24, 32],
    "bulb": [16, 16],
    "leaves1": [16, 16]
  },
  "textures": {
    "foliage": "game:block/plant/crop/bellpepper/foliage14",
    "foliage2": "game:block/plant/crop/bellpepper/normal14-1",
    "normal-3": "game:block/plant/crop/bellpepper/normal14-3",
    "normal-2": "game:block/plant/crop/bellpepper/normal14-2",
    "bulb": "game:block/plant/crop/bellpepper/bulb",
    "leaves1": "game:block/plant/crop/bellpepper/foliage14"
  },
  "elements": [
    {
      "name": "origin",
      "from": [0.0, 0.0, 0.0],
      "to": [0.0, 0.0, 0.0],
      "rotationOrigin": [8.0, 0.0, 8.0],
      "rotationY": 22.5,
      "faces": {
        "north": { "texture": "#null", "uv": [0.0, 0.0, 0.5, 0.5], "enabled": false },
        "east": { "texture": "#null", "uv": [0.0, 0.0, 0.5, 0.5], "enabled": false },
        "south": { "texture": "#null", "uv": [0.0, 0.0, 0.5, 0.5], "enabled": false },
        "west": { "texture": "#null", "uv": [0.0, 0.0, 0.5, 0.5], "enabled": false },
        "up": { "texture": "#null", "uv": [0.0, 0.0, 0.5, 0.5], "enabled": false },
        "down": { "texture": "#null", "uv": [0.0, 0.0, 0.5, 0.5], "enabled": false }
      },
      "children": [
        {
          "name": "face 1",
          "from": [-4.0, 0.0, 8.0],
          "to": [20.0, 32.0, 8.0],
          "shade": false,
          "renderPass": 2,
          "rotationOrigin": [8.0, 0.0, 8.0],
          "rotationY": -75.0,
          "faces": {
            "north": { "texture": "#normal-3", "uv": [0.0, 0.0, 24.0, 32.0], "autoUv": false },
            "east": { "texture": "#foliage2", "uv": [0.0, 0.0, 0.3333, 32.0], "enabled": false },
            "south": { "texture": "#foliage2", "uv": [0.0, 0.0, 24.0, 32.0], "enabled": false },
            "west": { "texture": "#foliage2", "uv": [0.0, 0.0, 0.3333, 32.0], "enabled": false },
            "up": { "texture": "#foliage2", "uv": [0.0, 0.0, 24.0, 0.25], "enabled": false },
            "down": { "texture": "#foliage2", "uv": [0.0, 0.0, 24.0, 0.25], "enabled": false }
          }
        },
        {
          "name": "face 2",
          "from": [-4.0, 0.0, 8.0],
          "to": [20.0, 32.0, 8.0],
          "shade": false,
          "renderPass": 2,
          "rotationOrigin": [8.0, 0.0, 8.0],
          "rotationY": -22.0,
          "faces": {
            "north": { "texture": "#normal-2", "uv": [0.0, 0.0, 24.0, 32.0], "autoUv": false },
            "east": { "texture": "#foliage2", "uv": [0.0, 0.0, 0.3333, 32.0], "enabled": false },
            "south": { "texture": "#foliage2", "uv": [0.0, 0.0, 24.0, 32.0], "enabled": false },
            "west": { "texture": "#foliage2", "uv": [0.0, 0.0, 0.3333, 32.0], "enabled": false },
            "up": { "texture": "#foliage2", "uv": [0.0, 0.0, 24.0, 0.25], "enabled": false },
            "down": { "texture": "#foliage2", "uv": [0.0, 0.0, 24.0, 0.25], "enabled": false }
          }
        },
        {
          "name": "face 3",
          "from": [0.0, 4.0, 8.0],
          "to": [16.0, 20.0, 8.0],
          "shade": false,
          "renderPass": 2,
          "rotationOrigin": [8.0, 4.0, 8.0],
          "rotationX": 67.5,
          "rotationY": 10.0,
          "faces": {
            "north": { "texture": "#leaves1", "uv": [0.0, 0.0, 16.0, 16.0], "autoUv": false },
            "east": { "texture": "#foliage", "uv": [0.0, 0.0, 0.5, 16.0], "enabled": false },
            "south": { "texture": "#foliage", "uv": [0.0, 0.0, 16.0, 16.0], "enabled": false },
            "west": { "texture": "#foliage", "uv": [0.0, 0.0, 0.5, 16.0], "enabled": false },
            "up": { "texture": "#foliage", "uv": [0.0, 0.0, 16.0, 0.5], "enabled": false },
            "down": { "texture": "#foliage", "uv": [0.0, 0.0, 16.0, 0.5], "enabled": false }
          }
        },
        {
          "name": "face 4",
          "from": [0.0, 3.0, 8.0],
          "to": [16.0, 19.0, 8.0],
          "shade": false,
          "renderPass": 2,
          "rotationOrigin": [8.0, 3.0, 8.0],
          "rotationX": -67.5,
          "rotationY": 10.0,
          "faces": {
            "north": { "texture": "#leaves1", "uv": [0.0, 0.0, 16.0, 16.0], "autoUv": false },
            "east": { "texture": "#leaves1", "uv": [0.0, 0.0, 0.5, 16.0], "enabled": false },
            "south": { "texture": "#leaves1", "uv": [0.0, 0.0, 16.0, 16.0], "enabled": false },
            "west": { "texture": "#leaves1", "uv": [0.0, 0.0, 0.5, 16.0], "enabled": false },
            "up": { "texture": "#leaves1", "uv": [0.0, 0.0, 16.0, 0.5], "enabled": false },
            "down": { "texture": "#leaves1", "uv": [0.0, 0.0, 16.0, 0.5], "enabled": false }
          }
        },
        {
          "name": "face 6",
          "from": [0.0, 8.3, 7.6],
          "to": [16.0, 24.3, 7.6],
          "shade": false,
          "renderPass": 2,
          "rotationOrigin": [8.0, 8.0, 8.0],
          "rotationX": -100.0,
          "rotationY": -157.5,
          "rotationZ": -90.0,
          "faces": {
            "north": { "texture": "#leaves1", "uv": [0.0, 0.0, 16.0, 16.0], "autoUv": false },
            "east": { "texture": "#leaves1", "uv": [0.0, 0.0, 0.5, 16.0], "enabled": false },
            "south": { "texture": "#leaves1", "uv": [0.0, 0.0, 16.0, 16.0], "enabled": false },
            "west": { "texture": "#leaves1", "uv": [0.0, 0.0, 0.5, 16.0], "enabled": false },
            "up": { "texture": "#leaves1", "uv": [0.0, 0.0, 16.0, 0.5], "enabled": false },
            "down": { "texture": "#leaves1", "uv": [0.0, 0.0, 16.0, 0.5], "enabled": false }
          }
        },
        {
          "name": "face 7",
          "from": [0.0, 5.0, 8.0],
          "to": [16.0, 21.0, 8.0],
          "shade": false,
          "renderPass": 2,
          "rotationOrigin": [8.0, 5.0, 8.0],
          "rotationX": -67.5,
          "rotationY": -135.0,
          "rotationZ": -45.0,
          "faces": {
            "north": { "texture": "#leaves1", "uv": [0.0, 0.0, 16.0, 16.0], "autoUv": false },
            "east": { "texture": "#foliage", "uv": [0.0, 0.0, 0.5, 16.0], "enabled": false },
            "south": { "texture": "#foliage", "uv": [0.0, 0.0, 16.0, 16.0], "enabled": false },
            "west": { "texture": "#foliage", "uv": [0.0, 0.0, 0.5, 16.0], "enabled": false },
            "up": { "texture": "#foliage", "uv": [0.0, 0.0, 16.0, 0.5], "enabled": false },
            "down": { "texture": "#foliage", "uv": [0.0, 0.0, 16.0, 0.5], "enabled": false }
          }
        },
        {
          "name": "face 13",
          "from": [0.0, 5.0, 8.0],
          "to": [16.0, 21.0, 8.0],
          "shade": false,
          "renderPass": 2,
          "rotationOrigin": [8.0, 5.0, 8.0],
          "rotationX": -90.0,
          "rotationY": -22.5,
          "rotationZ": -90.0,
          "faces": {
            "north": { "texture": "#foliage", "uv": [0.0, 0.0, 16.0, 16.0], "autoUv": false },
            "east": { "texture": "#leaves1", "uv": [0.0, 0.0, 0.5, 16.0], "enabled": false },
            "south": { "texture": "#leaves1", "uv": [0.0, 0.0, 16.0, 16.0], "enabled": false },
            "west": { "texture": "#leaves1", "uv": [0.0, 0.0, 0.5, 16.0], "enabled": false },
            "up": { "texture": "#leaves1", "uv": [0.0, 0.0, 16.0, 0.5], "enabled": false },
            "down": { "texture": "#leaves1", "uv": [0.0, 0.0, 16.0, 0.5], "enabled": false }
          }
        },
        {
          "name": "face 63",
          "from": [-4.0, 0.0, 8.0],
          "to": [20.0, 32.0, 8.0],
          "shade": false,
          "renderPass": 2,
          "rotationOrigin": [8.0, 0.0, 8.0],
          "rotationY": -135.0,
          "faces": {
            "north": { "texture": "#normal-3", "uv": [0.0, 0.0, 24.0, 32.0], "autoUv": false },
            "east": { "texture": "#foliage2", "uv": [0.0, 0.0, 0.3333, 32.0], "enabled": false },
            "south": { "texture": "#foliage2", "uv": [0.0, 0.0, 24.0, 32.0], "enabled": false },
            "west": { "texture": "#foliage2", "uv": [0.0, 0.0, 0.3333, 32.0], "enabled": false },
            "up": { "texture": "#foliage2", "uv": [0.0, 0.0, 24.0, 0.25], "enabled": false },
            "down": { "texture": "#foliage2", "uv": [0.0, 0.0, 24.0, 0.25], "enabled": false }
          }
        },
        {
          "name": "fruit 1",
          "from": [5.6, 6.8, 10.9],
          "to": [6.6, 8.8, 11.9],
          "rotationOrigin": [6.7, 8.0, 10.1],
          "rotationX": 3.0,
          "rotationY": 19.0,
          "faces": {
            "north": { "texture": "#bulb", "uv": [1.5, 3.5, 2.5, 5.5] },
            "east": { "texture": "#bulb", "uv": [1.5, 3.0, 2.5, 5.0] },
            "south": { "texture": "#bulb", "uv": [6.0, 3.5, 7.0, 5.5] },
            "west": { "texture": "#bulb", "uv": [2.5, 3.0, 3.5, 5.0] },
            "up": { "texture": "#bulb", "uv": [6.0, 1.0, 7.0, 2.0] },
            "down": { "texture": "#bulb", "uv": [5.5, 4.0, 6.5, 5.0] }
          },
          "children": [
            {
              "name": "side 1",
              "from": [-0.8, -0.2, 0.7],
              "to": [0.2, 2.3, 1.7],
              "rotationOrigin": [0.2, 2.3, 0.7],
              "rotationX": 10.0,
              "rotationY": 1.0,
              "rotationZ": 10.0,
              "faces": {
                "north": { "texture": "#bulb", "uv": [4.5, 2.5, 5.5, 5.0] },
                "east": { "texture": "#bulb", "uv": [5.0, 2.5, 6.0, 5.0] },
                "south": { "texture": "#bulb", "uv": [3.0, 2.5, 4.0, 5.0] },
                "west": { "texture": "#bulb", "uv": [6.0, 2.5, 7.0, 5.0] },
                "up": { "texture": "#bulb", "uv": [2.0, 2.5, 3.0, 3.5] },
                "down": { "texture": "#bulb", "uv": [3.5, 3.5, 4.5, 4.5] }
              }
            },
            {
              "name": "side 2",
              "from": [0.8, -0.2, 0.7],
              "to": [1.8, 2.3, 1.7],
              "rotationOrigin": [0.8, 2.3, 0.7],
              "rotationX": 10.0,
              "rotationZ": -10.0,
              "faces": {
                "north": { "texture": "#bulb", "uv": [5.0, 2.5, 6.0, 5.0] },
                "east": { "texture": "#bulb", "uv": [1.0, 4.0, 2.0, 6.5] },
                "south": { "texture": "#bulb", "uv": [5.0, 3.0, 6.0, 5.5] },
                "west": { "texture": "#bulb", "uv": [1.5, 3.0, 2.5, 5.5] },
                "up": { "texture": "#bulb", "uv": [3.0, 2.0, 4.0, 3.0] },
                "down": { "texture": "#bulb", "uv": [4.0, 3.5, 5.0, 4.5] }
              }
            },
            {
              "name": "side 3",
              "from": [0.8, -0.2, -0.8],
              "to": [1.8, 2.3, 0.2],
              "rotationOrigin": [0.8, 2.3, 0.2],
              "rotationX": -10.0,
              "rotationY": 1.0,
              "rotationZ": -10.0,
              "faces": {
                "north": { "texture": "#bulb", "uv": [2.5, 2.5, 3.5, 5.0] },
                "east": { "texture": "#bulb", "uv": [4.0, 3.0, 5.0, 5.5] },
                "south": { "texture": "#bulb", "uv": [1.0, 3.5, 2.0, 6.0] },
                "west": { "texture": "#bulb", "uv": [6.0, 3.0, 7.0, 5.5] },
                "up": { "texture": "#bulb", "uv": [4.5, 4.5, 5.5, 5.5] },
                "down": { "texture": "#bulb", "uv": [3.0, 4.5, 4.0, 5.5] }
              }
            },
            {
              "name": "side 4",
              "from": [-0.7, -0.2, -0.8],
              "to": [0.3, 2.3, 0.2],
              "rotationOrigin": [0.3, 2.3, 0.2],
              "rotationX": -10.0,
              "rotationZ": 10.0,
              "faces": {
                "north": { "texture": "#bulb", "uv": [1.0, 2.5, 2.0, 5.0] },
                "east": { "texture": "#bulb", "uv": [6.5, 4.0, 7.5, 6.5] },
                "south": { "texture": "#bulb", "uv": [6.5, 3.0, 7.5, 5.5] },
                "west": { "texture": "#bulb", "uv": [2.0, 4.5, 3.0, 7.0] },
                "up": { "texture": "#bulb", "uv": [5.0, 4.5, 6.0, 5.5] },
                "down": { "texture": "#bulb", "uv": [1.5, 3.0, 2.5, 4.0] }
              }
            },
            {
              "name": "stem 1",
              "from": [0.3, 1.5, 0.3],
              "to": [0.7, 3.0, 0.7],
              "rotationOrigin": [0.5, 1.5, 0.5],
              "rotationX": -25.0,
              "rotationZ": 1.0,
              "faces": {
                "north": { "texture": "#bulb", "uv": [6.0, 0.0, 6.5, 1.5] },
                "east": { "texture": "#bulb", "uv": [7.0, 0.0, 7.5, 1.5] },
                "south": { "texture": "#bulb", "uv": [2.0, 0.0, 2.5, 1.5] },
                "west": { "texture": "#bulb", "uv": [3.0, 0.0, 3.5, 1.5] },
                "up": { "texture": "#bulb", "uv": [7.0, 0.0, 7.5, 0.5] },
                "down": { "texture": "#bulb", "uv": [4.0, 11.5, 4.5, 12.0], "enabled": false }
              }
            }
          ]
        },
        {
          "name": "fruit 2",
          "from": [2.9, 7.7, 8.0],
          "to": [3.9, 9.3, 9.0],
          "rotationOrigin": [2.9, 9.4, 7.0],
          "faces": {
            "north": { "texture": "#bulb", "uv": [3.5, 3.5, 4.5, 5.0] },
            "east": { "texture": "#bulb", "uv": [2.5, 4.5, 3.5, 6.0] },
            "south": { "texture": "#bulb", "uv": [3.0, 3.0, 4.0, 4.5] },
            "west": { "texture": "#bulb", "uv": [2.0, 3.5, 3.0, 5.0] },
            "up": { "texture": "#bulb", "uv": [5.0, 1.0, 6.0, 2.0] },
            "down": { "texture": "#bulb", "uv": [2.0, 6.5, 3.0, 7.5] }
          },
          "children": [
            {
              "name": "side 21",
              "from": [-0.9, -0.2, 0.8],
              "to": [0.1, 1.8, 1.8],
              "rotationOrigin": [0.1, 2.3, 0.8],
              "rotationX": 13.0,
              "rotationY": 1.0,
              "rotationZ": 13.0,
              "faces": {
                "north": { "texture": "#bulb", "uv": [5.0, 3.0, 6.0, 5.0] },
                "east": { "texture": "#bulb", "uv": [6.0, 5.0, 7.0, 7.0] },
                "south": { "texture": "#bulb", "uv": [1.0, 3.0, 2.0, 5.0] },
                "west": { "texture": "#bulb", "uv": [5.5, 2.5, 6.5, 4.5] },
                "up": { "texture": "#bulb", "uv": [5.0, 3.0, 6.0, 4.0] },
                "down": { "texture": "#bulb", "uv": [5.5, 2.5, 6.5, 3.5] }
              }
            },
            {
              "name": "side 22",
              "from": [0.9, -0.2, 0.8],
              "to": [1.9, 1.8, 1.8],
              "rotationOrigin": [0.9, 2.3, 0.8],
              "rotationX": 13.0,
              "rotationZ": -13.0,
              "faces": {
                "north": { "texture": "#bulb", "uv": [1.5, 3.0, 2.5, 5.0] },
                "east": { "texture": "#bulb", "uv": [2.5, 2.0, 3.5, 4.0] },
                "south": { "texture": "#bulb", "uv": [4.5, 2.5, 5.5, 4.5] },
                "west": { "texture": "#bulb", "uv": [0.5, 2.5, 1.5, 4.5] },
                "up": { "texture": "#bulb", "uv": [4.0, 3.0, 5.0, 4.0] },
                "down": { "texture": "#bulb", "uv": [3.5, 4.0, 4.5, 5.0] }
              }
            },
            {
              "name": "side 23",
              "from": [0.9, -0.2, -0.9],
              "to": [1.9, 1.8, 0.1],
              "rotationOrigin": [0.9, 2.3, 0.1],
              "rotationX": -13.0,
              "rotationY": 1.0,
              "rotationZ": -13.0,
              "faces": {
                "north": { "texture": "#bulb", "uv": [6.0, 4.5, 7.0, 6.5] },
                "east": { "texture": "#bulb", "uv": [5.0, 3.5, 6.0, 5.5] },
                "south": { "texture": "#bulb", "uv": [6.5, 3.0, 7.5, 5.0] },
                "west": { "texture": "#bulb", "uv": [1.5, 4.5, 2.5, 6.5] },
                "up": { "texture": "#bulb", "uv": [3.0, 2.0, 4.0, 3.0] },
                "down": { "texture": "#bulb", "uv": [5.0, 4.0, 6.0, 5.0] }
              }
            },
            {
              "name": "side 24",
              "from": [-0.8, -0.2, -0.9],
              "to": [0.2, 1.8, 0.1],
              "rotationOrigin": [0.2, 2.3, 0.1],
              "rotationX": -13.0,
              "rotationZ": 13.0,
              "faces": {
                "north": { "texture": "#bulb", "uv": [4.0, 2.5, 5.0, 4.5] },
                "east": { "texture": "#bulb", "uv": [3.5, 3.5, 4.5, 5.5] },
                "south": { "texture": "#bulb", "uv": [2.0, 3.0, 3.0, 5.0] },
                "west": { "texture": "#bulb", "uv": [1.0, 3.0, 2.0, 5.0] },
                "up": { "texture": "#bulb", "uv": [3.0, 2.5, 4.0, 3.5] },
                "down": { "texture": "#bulb", "uv": [4.0, 4.0, 5.0, 5.0] }
              }
            },
            {
              "name": "stem 25",
              "from": [0.3, 1.1, 0.3],
              "to": [0.7, 2.6, 0.7],
              "rotationOrigin": [0.5, 1.1, 0.5],
              "rotationX": -6.0,
              "rotationZ": -23.0,
              "faces": {
                "north": { "texture": "#bulb", "uv": [6.0, 0.0, 6.5, 1.5] },
                "east": { "texture": "#bulb", "uv": [3.5, 0.0, 4.0, 1.5] },
                "south": { "texture": "#bulb", "uv": [0.5, 0.0, 1.0, 1.5] },
                "west": { "texture": "#bulb", "uv": [5.5, 0.0, 6.0, 1.5] },
                "up": { "texture": "#bulb", "uv": [4.0, 0.0, 4.5, 0.5] },
                "down": { "texture": "#bulb", "uv": [4.0, 11.5, 4.5, 12.0], "enabled": false }
              }
            }
          ]
        },
        {
          "name": "fruit 3",
          "from": [3.85, 6.75, 4.25],
          "to": [4.85, 8.75, 5.25],
          "rotationOrigin": [5.1, 8.4, 3.9],
          "rotationX": 3.0,
          "rotationY": 3.0,
          "faces": {
            "north": { "texture": "#bulb", "uv": [1.0, 5.0, 2.0, 7.0] },
            "east": { "texture": "#bulb", "uv": [3.0, 3.5, 4.0, 5.5] },
            "south": { "texture": "#bulb", "uv": [1.0, 2.5, 2.0, 4.5] },
            "west": { "texture": "#bulb", "uv": [3.5, 3.0, 4.5, 5.0] },
            "up": { "texture": "#bulb", "uv": [3.0, 2.0, 4.0, 3.0] },
            "down": { "texture": "#bulb", "uv": [4.0, 4.0, 5.0, 5.0] }
          },
          "children": [
            {
              "name": "side 27",
              "from": [-0.8, -0.2, 0.7],
              "to": [0.2, 2.3, 1.7],
              "rotationOrigin": [0.2, 2.3, 0.7],
              "rotationX": 10.0,
              "rotationY": 1.0,
              "rotationZ": 10.0,
              "faces": {
                "north": { "texture": "#bulb", "uv": [3.5, 4.0, 4.5, 6.5] },
                "east": { "texture": "#bulb", "uv": [6.5, 4.0, 7.5, 6.5] },
                "south": { "texture": "#bulb", "uv": [1.0, 3.5, 2.0, 6.0] },
                "west": { "texture": "#bulb", "uv": [5.5, 5.0, 6.5, 7.5] },
                "up": { "texture": "#bulb", "uv": [3.0, 2.5, 4.0, 3.5] },
                "down": { "texture": "#bulb", "uv": [1.5, 4.0, 2.5, 5.0] }
              }
            },
            {
              "name": "side 28",
              "from": [0.8, -0.2, 0.7],
              "to": [1.8, 2.3, 1.7],
              "rotationOrigin": [0.8, 2.3, 0.7],
              "rotationX": 10.0,
              "rotationZ": -10.0,
              "faces": {
                "north": { "texture": "#bulb", "uv": [5.0, 3.0, 6.0, 5.5] },
                "east": { "texture": "#bulb", "uv": [1.0, 3.5, 2.0, 6.0] },
                "south": { "texture": "#bulb", "uv": [0.5, 3.5, 1.5, 6.0] },
                "west": { "texture": "#bulb", "uv": [4.5, 3.0, 5.5, 5.5] },
                "up": { "texture": "#bulb", "uv": [4.5, 2.5, 5.5, 3.5] },
                "down": { "texture": "#bulb", "uv": [1.5, 5.5, 2.5, 6.5] }
              }
            },
            {
              "name": "side 29",
              "from": [0.8, -0.2, -0.8],
              "to": [1.8, 2.3, 0.2],
              "rotationOrigin": [0.8, 2.3, 0.2],
              "rotationX": -10.0,
              "rotationY": 1.0,
              "rotationZ": -10.0,
              "faces": {
                "north": { "texture": "#bulb", "uv": [2.0, 5.0, 3.0, 7.5] },
                "east": { "texture": "#bulb", "uv": [3.5, 4.0, 4.5, 6.5] },
                "south": { "texture": "#bulb", "uv": [4.5, 3.5, 5.5, 6.0] },
                "west": { "texture": "#bulb", "uv": [4.0, 3.5, 5.0, 6.0] },
                "up": { "texture": "#bulb", "uv": [0.5, 3.0, 1.5, 4.0] },
                "down": { "texture": "#bulb", "uv": [4.5, 5.5, 5.5, 6.5] }
              }
            },
            {
              "name": "side 30",
              "from": [-0.7, -0.2, -0.8],
              "to": [0.3, 2.3, 0.2],
              "rotationOrigin": [0.3, 2.3, 0.2],
              "rotationX": -10.0,
              "rotationZ": 10.0,
              "faces": {
                "north": { "texture": "#bulb", "uv": [3.0, 2.5, 4.0, 5.0] },
                "east": { "texture": "#bulb", "uv": [5.0, 4.0, 6.0, 6.5] },
                "south": { "texture": "#bulb", "uv": [5.0, 3.5, 6.0, 6.0] },
                "west": { "texture": "#bulb", "uv": [3.5, 3.5, 4.5, 6.0] },
                "up": { "texture": "#bulb", "uv": [4.5, 2.5, 5.5, 3.5] },
                "down": { "texture": "#bulb", "uv": [4.5, 4.5, 5.5, 5.5] }
              }
            },
            {
              "name": "stem 31",
              "from": [0.3, 1.5, 0.3],
              "to": [0.7, 3.0, 0.7],
              "rotationOrigin": [0.5, 1.5, 0.5],
              "rotationX": 21.0,
              "rotationZ": -10.0,
              "faces": {
                "north": { "texture": "#bulb", "uv": [1.5, 0.0, 2.0, 1.5] },
                "east": { "texture": "#bulb", "uv": [7.0, 0.0, 7.5, 1.5] },
                "south": { "texture": "#bulb", "uv": [3.0, 0.0, 3.5, 1.5] },
                "west": { "texture": "#bulb", "uv": [3.5, 0.0, 4.0, 1.5] },
                "up": { "texture": "#bulb", "uv": [6.5, 0.0, 7.0, 0.5] },
                "down": { "texture": "#bulb", "uv": [4.0, 11.5, 4.5, 12.0], "enabled": false }
              }
            }
          ]
        },
        {
          "name": "fruit 4",
          "from": [4.5, 1.5, 5.1],
          "to": [5.5, 3.5, 6.1],
          "rotationOrigin": [4.5, 3.7, 5.1],
          "rotationX": -10.0,
          "rotationY": 37.0,
          "rotationZ": 11.0,
          "faces": {
            "north": { "texture": "#bulb", "uv": [2.5, 4.5, 3.5, 6.5] },
            "east": { "texture": "#bulb", "uv": [1.5, 4.0, 2.5, 6.0] },
            "south": { "texture": "#bulb", "uv": [4.0, 3.5, 5.0, 5.5] },
            "west": { "texture": "#bulb", "uv": [3.5, 4.0, 4.5, 6.0] },
            "up": { "texture": "#bulb", "uv": [3.0, 3.0, 4.0, 4.0] },
            "down": { "texture": "#bulb", "uv": [4.0, 4.5, 5.0, 5.5] }
          },
          "children": [
            {
              "name": "side 33",
              "from": [-0.8, -0.2, 0.7],
              "to": [0.2, 2.3, 1.7],
              "rotationOrigin": [0.2, 2.3, 0.7],
              "rotationX": 10.0,
              "rotationY": 1.0,
              "rotationZ": 10.0,
              "faces": {
                "north": { "texture": "#bulb", "uv": [6.0, 3.0, 7.0, 5.5] },
                "east": { "texture": "#bulb", "uv": [2.0, 4.5, 3.0, 7.0] },
                "south": { "texture": "#bulb", "uv": [1.0, 4.5, 2.0, 7.0] },
                "west": { "texture": "#bulb", "uv": [6.0, 4.0, 7.0, 6.5] },
                "up": { "texture": "#bulb", "uv": [4.0, 4.0, 5.0, 5.0] },
                "down": { "texture": "#bulb", "uv": [1.5, 3.0, 2.5, 4.0] }
              }
            },
            {
              "name": "side 34",
              "from": [0.8, -0.2, 0.7],
              "to": [1.8, 2.3, 1.7],
              "rotationOrigin": [0.8, 2.3, 0.7],
              "rotationX": 10.0,
              "rotationZ": -10.0,
              "faces": {
                "north": { "texture": "#bulb", "uv": [4.5, 2.5, 5.5, 5.0] },
                "east": { "texture": "#bulb", "uv": [3.0, 3.5, 4.0, 6.0] },
                "south": { "texture": "#bulb", "uv": [0.0, 2.5, 1.0, 5.0] },
                "west": { "texture": "#bulb", "uv": [4.5, 3.5, 5.5, 6.0] },
                "up": { "texture": "#bulb", "uv": [3.0, 5.5, 4.0, 6.5] },
                "down": { "texture": "#bulb", "uv": [4.0, 4.5, 5.0, 5.5] }
              }
            },
            {
              "name": "side 35",
              "from": [0.8, -0.2, -0.8],
              "to": [1.8, 2.3, 0.2],
              "rotationOrigin": [0.8, 2.3, 0.2],
              "rotationX": -10.0,
              "rotationY": 1.0,
              "rotationZ": -10.0,
              "faces": {
                "north": { "texture": "#bulb", "uv": [5.5, 4.5, 6.5, 7.0] },
                "east": { "texture": "#bulb", "uv": [4.5, 4.0, 5.5, 6.5] },
                "south": { "texture": "#bulb", "uv": [0.5, 3.0, 1.5, 5.5] },
                "west": { "texture": "#bulb", "uv": [6.5, 3.0, 7.5, 5.5] },
                "up": { "texture": "#bulb", "uv": [5.0, 2.5, 6.0, 3.5] },
                "down": { "texture": "#bulb", "uv": [1.0, 5.0, 2.0, 6.0] }
              }
            },
            {
              "name": "side 36",
              "from": [-0.8, -0.2, -0.8],
              "to": [0.2, 2.3, 0.2],
              "rotationOrigin": [0.2, 2.3, 0.2],
              "rotationX": -10.0,
              "rotationZ": 10.0,
              "faces": {
                "north": { "texture": "#bulb", "uv": [2.5, 3.0, 3.5, 5.5] },
                "east": { "texture": "#bulb", "uv": [4.0, 3.0, 5.0, 5.5] },
                "south": { "texture": "#bulb", "uv": [2.0, 2.5, 3.0, 5.0] },
                "west": { "texture": "#bulb", "uv": [3.5, 3.5, 4.5, 6.0] },
                "up": { "texture": "#bulb", "uv": [2.0, 5.5, 3.0, 6.5] },
                "down": { "texture": "#bulb", "uv": [4.0, 4.0, 5.0, 5.0] }
              }
            },
            {
              "name": "stem 37",
              "from": [0.3, 1.5, 0.1],
              "to": [0.7, 3.0, 0.5],
              "rotationOrigin": [0.5, 1.5, 0.3],
              "rotationX": 21.0,
              "faces": {
                "north": { "texture": "#bulb", "uv": [4.0, 0.0, 4.5, 1.5] },
                "east": { "texture": "#bulb", "uv": [5.0, 0.0, 5.5, 1.5] },
                "south": { "texture": "#bulb", "uv": [4.5, 0.0, 5.0, 1.5] },
                "west": { "texture": "#bulb", "uv": [3.0, 0.0, 3.5, 1.5] },
                "up": { "texture": "#bulb", "uv": [4.5, 0.5, 5.0, 1.0] },
                "down": { "texture": "#bulb", "uv": [4.0, 11.5, 4.5, 12.0], "enabled": false }
              }
            }
          ]
        },
        {
          "name": "fruit 5",
          "from": [10.5, 3.35, 6.4],
          "to": [11.5, 5.35, 7.4],
          "rotationOrigin": [10.5, 5.0, 7.1],
          "rotationX": -7.0,
          "rotationY": -45.0,
          "rotationZ": -9.0,
          "faces": {
            "north": { "texture": "#bulb", "uv": [2.5, 4.0, 3.5, 6.0] },
            "east": { "texture": "#bulb", "uv": [4.5, 4.0, 5.5, 6.0] },
            "south": { "texture": "#bulb", "uv": [5.0, 3.5, 6.0, 5.5] },
            "west": { "texture": "#bulb", "uv": [3.5, 4.0, 4.5, 6.0] },
            "up": { "texture": "#bulb", "uv": [5.0, 4.0, 6.0, 5.0] },
            "down": { "texture": "#bulb", "uv": [2.0, 4.5, 3.0, 5.5] }
          },
          "children": [
            {
              "name": "side 39",
              "from": [-0.7, -0.7, 0.6],
              "to": [0.3, 2.3, 1.6],
              "rotationOrigin": [0.3, 1.8, 0.6],
              "rotationX": 10.0,
              "rotationY": 1.0,
              "rotationZ": 10.0,
              "faces": {
                "north": { "texture": "#bulb", "uv": [3.5, 3.0, 4.5, 6.0] },
                "east": { "texture": "#bulb", "uv": [0.0, 2.5, 1.0, 5.5] },
                "south": { "texture": "#bulb", "uv": [6.0, 3.5, 7.0, 6.5] },
                "west": { "texture": "#bulb", "uv": [5.0, 2.5, 6.0, 5.5] },
                "up": { "texture": "#bulb", "uv": [5.5, 2.5, 6.5, 3.5] },
                "down": { "texture": "#bulb", "uv": [1.5, 6.0, 2.5, 7.0] }
              }
            },
            {
              "name": "side 40",
              "from": [0.7, -0.7, 0.6],
              "to": [1.7, 2.3, 1.6],
              "rotationOrigin": [0.7, 1.8, 0.6],
              "rotationX": 10.0,
              "rotationZ": -10.0,
              "faces": {
                "north": { "texture": "#bulb", "uv": [4.5, 4.0, 5.5, 7.0] },
                "east": { "texture": "#bulb", "uv": [6.5, 4.0, 7.5, 7.0] },
                "south": { "texture": "#bulb", "uv": [0.5, 3.0, 1.5, 6.0] },
                "west": { "texture": "#bulb", "uv": [0.5, 2.5, 1.5, 5.5] },
                "up": { "texture": "#bulb", "uv": [4.5, 3.5, 5.5, 4.5] },
                "down": { "texture": "#bulb", "uv": [2.5, 3.0, 3.5, 4.0] }
              }
            },
            {
              "name": "side 41",
              "from": [0.7, -0.7, -0.7],
              "to": [1.7, 2.3, 0.3],
              "rotationOrigin": [0.7, 1.8, 0.3],
              "rotationX": -10.0,
              "rotationY": 1.0,
              "rotationZ": -10.0,
              "faces": {
                "north": { "texture": "#bulb", "uv": [6.0, 2.5, 7.0, 5.5] },
                "east": { "texture": "#bulb", "uv": [0.5, 2.5, 1.5, 5.5] },
                "south": { "texture": "#bulb", "uv": [0.0, 3.5, 1.0, 6.5] },
                "west": { "texture": "#bulb", "uv": [5.0, 2.5, 6.0, 5.5] },
                "up": { "texture": "#bulb", "uv": [3.0, 3.5, 4.0, 4.5] },
                "down": { "texture": "#bulb", "uv": [2.5, 5.5, 3.5, 6.5] }
              }
            },
            {
              "name": "side 42",
              "from": [-0.7, -0.7, -0.7],
              "to": [0.3, 2.3, 0.3],
              "rotationOrigin": [0.3, 1.8, 0.3],
              "rotationX": -10.0,
              "rotationZ": 10.0,
              "faces": {
                "north": { "texture": "#bulb", "uv": [4.5, 2.5, 5.5, 5.5] },
                "east": { "texture": "#bulb", "uv": [4.5, 4.5, 5.5, 7.5] },
                "south": { "texture": "#bulb", "uv": [0.5, 2.5, 1.5, 5.5] },
                "west": { "texture": "#bulb", "uv": [4.5, 4.5, 5.5, 7.5] },
                "up": { "texture": "#bulb", "uv": [5.5, 4.5, 6.5, 5.5] },
                "down": { "texture": "#bulb", "uv": [4.0, 6.0, 5.0, 7.0] }
              }
            },
            {
              "name": "stem 43",
              "from": [0.3, 1.4, 0.3],
              "to": [0.7, 2.9, 0.7],
              "rotationOrigin": [0.5, 1.4, 0.5],
              "rotationX": 8.0,
              "rotationZ": 2.0,
              "faces": {
                "north": { "texture": "#bulb", "uv": [1.5, 0.0, 2.0, 1.5] },
                "east": { "texture": "#bulb", "uv": [4.5, 0.0, 5.0, 1.5] },
                "south": { "texture": "#bulb", "uv": [0.5, 0.0, 1.0, 1.5] },
                "west": { "texture": "#bulb", "uv": [2.5, 0.0, 3.0, 1.5] },
                "up": { "texture": "#bulb", "uv": [7.0, 0.0, 7.5, 0.5] },
                "down": { "texture": "#bulb", "uv": [4.0, 11.5, 4.5, 12.0], "enabled": false }
              }
            }
          ]
        },
        {
          "name": "fruit 6",
          "from": [9.3, 15.2, 7.25],
          "to": [10.3, 16.8, 8.25],
          "rotationOrigin": [8.9, 15.6, 7.6],
          "faces": {
            "north": { "texture": "#bulb", "uv": [3.0, 3.5, 4.0, 5.0] },
            "east": { "texture": "#bulb", "uv": [4.0, 6.5, 5.0, 8.0] },
            "south": { "texture": "#bulb", "uv": [2.5, 3.5, 3.5, 5.0] },
            "west": { "texture": "#bulb", "uv": [4.0, 2.5, 5.0, 4.0] },
            "up": { "texture": "#bulb", "uv": [4.5, 1.0, 5.5, 2.0] },
            "down": { "texture": "#bulb", "uv": [4.0, 5.5, 5.0, 6.5] }
          },
          "children": [
            {
              "name": "side 45",
              "from": [-0.8, -0.2, 0.7],
              "to": [0.2, 1.8, 1.7],
              "rotationOrigin": [0.2, 2.3, 0.7],
              "rotationX": 13.0,
              "rotationY": 1.0,
              "rotationZ": 13.0,
              "faces": {
                "north": { "texture": "#bulb", "uv": [1.5, 1.5, 2.5, 3.5] },
                "east": { "texture": "#bulb", "uv": [4.0, 1.5, 5.0, 3.5] },
                "south": { "texture": "#bulb", "uv": [5.5, 1.5, 6.5, 3.5] },
                "west": { "texture": "#bulb", "uv": [4.0, 1.0, 5.0, 3.0] },
                "up": { "texture": "#bulb", "uv": [4.0, 1.0, 5.0, 2.0] },
                "down": { "texture": "#bulb", "uv": [3.5, 3.5, 4.5, 4.5] }
              }
            },
            {
              "name": "side 46",
              "from": [0.8, -0.2, 0.7],
              "to": [1.8, 1.8, 1.7],
              "rotationOrigin": [0.8, 2.3, 0.7],
              "rotationX": 13.0,
              "rotationZ": -13.0,
              "faces": {
                "north": { "texture": "#bulb", "uv": [3.5, 1.5, 4.5, 3.5] },
                "east": { "texture": "#bulb", "uv": [4.5, 1.0, 5.5, 3.0] },
                "south": { "texture": "#bulb", "uv": [5.0, 1.5, 6.0, 3.5] },
                "west": { "texture": "#bulb", "uv": [1.0, 1.5, 2.0, 3.5] },
                "up": { "texture": "#bulb", "uv": [0.5, 1.0, 1.5, 2.0] },
                "down": { "texture": "#bulb", "uv": [4.0, 3.0, 5.0, 4.0] }
              }
            },
            {
              "name": "side 47",
              "from": [0.8, -0.2, -0.8],
              "to": [1.8, 1.8, 0.2],
              "rotationOrigin": [0.8, 2.3, 0.2],
              "rotationX": -13.0,
              "rotationY": 1.0,
              "rotationZ": -13.0,
              "faces": {
                "north": { "texture": "#bulb", "uv": [2.0, 1.5, 3.0, 3.5] },
                "east": { "texture": "#bulb", "uv": [2.0, 1.0, 3.0, 3.0] },
                "south": { "texture": "#bulb", "uv": [3.5, 1.5, 4.5, 3.5] },
                "west": { "texture": "#bulb", "uv": [6.0, 1.5, 7.0, 3.5] },
                "up": { "texture": "#bulb", "uv": [3.5, 1.0, 4.5, 2.0] },
                "down": { "texture": "#bulb", "uv": [4.5, 4.0, 5.5, 5.0] }
              }
            },
            {
              "name": "side 48",
              "from": [-0.7, -0.2, -0.8],
              "to": [0.3, 1.8, 0.2],
              "rotationOrigin": [0.3, 2.3, 0.2],
              "rotationX": -13.0,
              "rotationZ": 13.0,
              "faces": {
                "north": { "texture": "#bulb", "uv": [4.0, 1.0, 5.0, 3.0] },
                "east": { "texture": "#bulb", "uv": [6.0, 1.0, 7.0, 3.0] },
                "south": { "texture": "#bulb", "uv": [6.5, 0.5, 7.5, 2.5] },
                "west": { "texture": "#bulb", "uv": [5.0, 1.0, 6.0, 3.0] },
                "up": { "texture": "#bulb", "uv": [6.0, 0.5, 7.0, 1.5] },
                "down": { "texture": "#bulb", "uv": [0.5, 6.0, 1.5, 7.0] }
              }
            },
            {
              "name": "stem 49",
              "from": [0.3, 1.2, 0.3],
              "to": [0.7, 2.7, 0.7],
              "rotationOrigin": [0.5, 1.2, 0.5],
              "rotationX": -6.0,
              "rotationZ": 34.0,
              "faces": {
                "north": { "texture": "#bulb", "uv": [6.0, 0.0, 6.5, 1.5] },
                "east": { "texture": "#bulb", "uv": [9.5, 0.0, 10.0, 1.5] },
                "south": { "texture": "#bulb", "uv": [2.0, 0.0, 2.5, 1.5] },
                "west": { "texture": "#bulb", "uv": [12.0, 0.0, 12.5, 1.5] },
                "up": { "texture": "#bulb", "uv": [8.5, 0.0, 9.0, 0.5] },
                "down": { "texture": "#bulb", "uv": [4.0, 11.5, 4.5, 12.0], "enabled": false }
              }
            }
          ]
        },
        {
          "name": "fruit 7",
          "from": [6.45, 15.3, 9.2],
          "to": [7.45, 16.8, 10.2],
          "rotationOrigin": [7.0, 11.3, 8.9],
          "rotationY": 60.0,
          "faces": {
            "north": { "texture": "#bulb", "uv": [1.0, 1.0, 2.0, 2.5] },
            "east": { "texture": "#bulb", "uv": [2.5, 0.5, 3.5, 2.0] },
            "south": { "texture": "#bulb", "uv": [4.0, 1.0, 5.0, 2.5] },
            "west": { "texture": "#bulb", "uv": [6.0, 0.5, 7.0, 2.0] },
            "up": { "texture": "#bulb", "uv": [5.5, 0.5, 6.5, 1.5] },
            "down": { "texture": "#bulb", "uv": [4.5, 5.0, 5.5, 6.0] }
          },
          "children": [
            {
              "name": "side 51",
              "from": [-0.8, -0.2, 0.8],
              "to": [0.2, 1.3, 1.8],
              "rotationOrigin": [0.2, 2.3, 0.8],
              "rotationX": 13.0,
              "rotationY": 1.0,
              "rotationZ": 13.0,
              "faces": {
                "north": { "texture": "#bulb", "uv": [2.0, 1.0, 3.0, 2.5] },
                "east": { "texture": "#bulb", "uv": [5.0, 1.0, 6.0, 2.5] },
                "south": { "texture": "#bulb", "uv": [1.5, 1.0, 2.5, 2.5] },
                "west": { "texture": "#bulb", "uv": [3.0, 1.0, 4.0, 2.5] },
                "up": { "texture": "#bulb", "uv": [4.5, 1.0, 5.5, 2.0] },
                "down": { "texture": "#bulb", "uv": [1.0, 2.5, 2.0, 3.5] }
              }
            },
            {
              "name": "side 52",
              "from": [0.8, -0.2, 0.8],
              "to": [1.8, 1.3, 1.8],
              "rotationOrigin": [0.8, 2.3, 0.8],
              "rotationX": 13.0,
              "rotationZ": -13.0,
              "faces": {
                "north": { "texture": "#bulb", "uv": [4.0, 5.0, 5.0, 6.5] },
                "east": { "texture": "#bulb", "uv": [4.5, 1.5, 5.5, 3.0] },
                "south": { "texture": "#bulb", "uv": [4.5, 1.5, 5.5, 3.0] },
                "west": { "texture": "#bulb", "uv": [4.5, 4.0, 5.5, 5.5] },
                "up": { "texture": "#bulb", "uv": [2.5, 1.0, 3.5, 2.0] },
                "down": { "texture": "#bulb", "uv": [0.5, 5.0, 1.5, 6.0] }
              }
            },
            {
              "name": "side 53",
              "from": [0.8, -0.2, -0.9],
              "to": [1.8, 1.3, 0.1],
              "rotationOrigin": [0.8, 2.3, 0.1],
              "rotationX": -13.0,
              "rotationY": 1.0,
              "rotationZ": -13.0,
              "faces": {
                "north": { "texture": "#bulb", "uv": [0.5, 1.5, 1.5, 3.0] },
                "east": { "texture": "#bulb", "uv": [3.0, 1.0, 4.0, 2.5] },
                "south": { "texture": "#bulb", "uv": [3.5, 1.5, 4.5, 3.0] },
                "west": { "texture": "#bulb", "uv": [5.5, 1.0, 6.5, 2.5] },
                "up": { "texture": "#bulb", "uv": [0.5, 1.0, 1.5, 2.0] },
                "down": { "texture": "#bulb", "uv": [1.5, 2.0, 2.5, 3.0] }
              }
            },
            {
              "name": "side 54",
              "from": [-0.8, -0.2, -0.9],
              "to": [0.2, 1.3, 0.1],
              "rotationOrigin": [0.2, 2.3, 0.1],
              "rotationX": -13.0,
              "rotationZ": 13.0,
              "faces": {
                "north": { "texture": "#bulb", "uv": [3.5, 1.5, 4.5, 3.0] },
                "east": { "texture": "#bulb", "uv": [4.5, 1.5, 5.5, 3.0] },
                "south": { "texture": "#bulb", "uv": [3.0, 2.0, 4.0, 3.5] },
                "west": { "texture": "#bulb", "uv": [3.5, 1.5, 4.5, 3.0] },
                "up": { "texture": "#bulb", "uv": [2.5, 1.0, 3.5, 2.0] },
                "down": { "texture": "#bulb", "uv": [7.0, 4.5, 8.0, 5.5] }
              }
            },
            {
              "name": "stem 55",
              "from": [0.3, 1.0, 0.3],
              "to": [0.7, 2.5, 0.7],
              "rotationOrigin": [0.5, 1.0, 0.5],
              "rotationX": -3.0,
              "rotationZ": -36.0,
              "faces": {
                "north": { "texture": "#bulb", "uv": [0.0, 0.0, 0.5, 1.5] },
                "east": { "texture": "#bulb", "uv": [6.5, 0.0, 7.0, 1.5] },
                "south": { "texture": "#bulb", "uv": [2.0, 0.0, 2.5, 1.5] },
                "west": { "texture": "#bulb", "uv": [5.5, 0.0, 6.0, 1.5] },
                "up": { "texture": "#bulb", "uv": [3.5, 0.0, 4.0, 0.5] },
                "down": { "texture": "#bulb", "uv": [4.0, 11.5, 4.5, 12.0], "enabled": false }
              }
            }
          ]
        },
        {
          "name": "fruit 8",
          "from": [9.55, 12.1, 5.45],
          "to": [10.55, 13.6, 6.45],
          "rotationOrigin": [9.2, 9.4, 6.3],
          "faces": {
            "north": { "texture": "#bulb", "uv": [1.0, 1.0, 2.0, 2.5] },
            "east": { "texture": "#bulb", "uv": [2.5, 0.5, 3.5, 2.0] },
            "south": { "texture": "#bulb", "uv": [4.0, 1.0, 5.0, 2.5] },
            "west": { "texture": "#bulb", "uv": [6.0, 0.5, 7.0, 2.0] },
            "up": { "texture": "#bulb", "uv": [5.5, 0.5, 6.5, 1.5] },
            "down": { "texture": "#bulb", "uv": [4.5, 5.0, 5.5, 6.0] }
          },
          "children": [
            {
              "name": "side 58",
              "from": [-0.8, -0.2, 0.8],
              "to": [0.2, 1.3, 1.8],
              "rotationOrigin": [0.2, 2.3, 0.8],
              "rotationX": 13.0,
              "rotationY": 1.0,
              "rotationZ": 13.0,
              "faces": {
                "north": { "texture": "#bulb", "uv": [2.0, 1.0, 3.0, 2.5] },
                "east": { "texture": "#bulb", "uv": [5.0, 1.0, 6.0, 2.5] },
                "south": { "texture": "#bulb", "uv": [1.5, 1.0, 2.5, 2.5] },
                "west": { "texture": "#bulb", "uv": [3.0, 1.0, 4.0, 2.5] },
                "up": { "texture": "#bulb", "uv": [4.5, 1.0, 5.5, 2.0] },
                "down": { "texture": "#bulb", "uv": [1.0, 2.5, 2.0, 3.5] }
              }
            },
            {
              "name": "side 59",
              "from": [0.8, -0.2, 0.8],
              "to": [1.8, 1.3, 1.8],
              "rotationOrigin": [0.8, 2.3, 0.8],
              "rotationX": 13.0,
              "rotationZ": -13.0,
              "faces": {
                "north": { "texture": "#bulb", "uv": [9.0, 8.5, 10.0, 10.0] },
                "east": { "texture": "#bulb", "uv": [4.5, 1.5, 5.5, 3.0] },
                "south": { "texture": "#bulb", "uv": [4.5, 1.5, 5.5, 3.0] },
                "west": { "texture": "#bulb", "uv": [12.0, 4.5, 13.0, 6.0] },
                "up": { "texture": "#bulb", "uv": [2.5, 1.0, 3.5, 2.0] },
                "down": { "texture": "#bulb", "uv": [0.5, 5.0, 1.5, 6.0] }
              }
            },
            {
              "name": "side 60",
              "from": [0.8, -0.2, -0.9],
              "to": [1.8, 1.3, 0.1],
              "rotationOrigin": [0.8, 2.3, 0.1],
              "rotationX": -13.0,
              "rotationY": 1.0,
              "rotationZ": -13.0,
              "faces": {
                "north": { "texture": "#bulb", "uv": [0.5, 1.5, 1.5, 3.0] },
                "east": { "texture": "#bulb", "uv": [3.0, 1.0, 4.0, 2.5] },
                "south": { "texture": "#bulb", "uv": [3.5, 1.5, 4.5, 3.0] },
                "west": { "texture": "#bulb", "uv": [5.5, 1.0, 6.5, 2.5] },
                "up": { "texture": "#bulb", "uv": [0.5, 1.0, 1.5, 2.0] },
                "down": { "texture": "#bulb", "uv": [1.5, 2.0, 2.5, 3.0] }
              }
            },
            {
              "name": "side 61",
              "from": [-0.8, -0.2, -0.9],
              "to": [0.2, 1.3, 0.1],
              "rotationOrigin": [0.2, 2.3, 0.1],
              "rotationX": -13.0,
              "rotationZ": 13.0,
              "faces": {
                "north": { "texture": "#bulb", "uv": [3.5, 1.5, 4.5, 3.0] },
                "east": { "texture": "#bulb", "uv": [4.5, 1.5, 5.5, 3.0] },
                "south": { "texture": "#bulb", "uv": [3.0, 2.0, 4.0, 3.5] },
                "west": { "texture": "#bulb", "uv": [3.5, 1.5, 4.5, 3.0] },
                "up": { "texture": "#bulb", "uv": [2.5, 1.0, 3.5, 2.0] },
                "down": { "texture": "#bulb", "uv": [7.0, 4.5, 8.0, 5.5] }
              }
            },
            {
              "name": "stem 62",
              "from": [0.3, 1.0, 0.3],
              "to": [0.7, 2.5, 0.7],
              "rotationOrigin": [0.5, 1.0, 0.5],
              "faces": {
                "north": { "texture": "#bulb", "uv": [0.0, 0.0, 0.5, 1.5] },
                "east": { "texture": "#bulb", "uv": [6.5, 0.0, 7.0, 1.5] },
                "south": { "texture": "#bulb", "uv": [2.0, 0.0, 2.5, 1.5] },
                "west": { "texture": "#bulb", "uv": [5.5, 0.0, 6.0, 1.5] },
                "up": { "texture": "#bulb", "uv": [3.5, 0.0, 4.0, 0.5] },
                "down": { "texture": "#bulb", "uv": [4.0, 11.5, 4.5, 12.0], "enabled": false }
              }
            }
          ]
        },
        {
          "name": "fruit 9",
          "from": [13.7, 5.0, 7.0],
          "to": [14.7, 6.5, 8.0],
          "rotationOrigin": [13.2, 6.7, 7.0],
          "faces": {
            "north": { "texture": "#bulb", "uv": [1.0, 1.0, 2.0, 2.5] },
            "east": { "texture": "#bulb", "uv": [2.5, 0.5, 3.5, 2.0] },
            "south": { "texture": "#bulb", "uv": [4.0, 1.0, 5.0, 2.5] },
            "west": { "texture": "#bulb", "uv": [6.0, 0.5, 7.0, 2.0] },
            "up": { "texture": "#bulb", "uv": [5.5, 0.5, 6.5, 1.5] },
            "down": { "texture": "#bulb", "uv": [4.5, 5.0, 5.5, 6.0] }
          },
          "children": [
            {
              "name": "side 64",
              "from": [-0.8, -0.2, 0.8],
              "to": [0.2, 1.3, 1.8],
              "rotationOrigin": [0.2, 2.3, 0.8],
              "rotationX": 13.0,
              "rotationY": 1.0,
              "rotationZ": 13.0,
              "faces": {
                "north": { "texture": "#bulb", "uv": [2.0, 1.0, 3.0, 2.5] },
                "east": { "texture": "#bulb", "uv": [5.0, 1.0, 6.0, 2.5] },
                "south": { "texture": "#bulb", "uv": [1.5, 1.0, 2.5, 2.5] },
                "west": { "texture": "#bulb", "uv": [3.0, 1.0, 4.0, 2.5] },
                "up": { "texture": "#bulb", "uv": [4.5, 1.0, 5.5, 2.0] },
                "down": { "texture": "#bulb", "uv": [1.0, 2.5, 2.0, 3.5] }
              }
            },
            {
              "name": "side 65",
              "from": [0.8, -0.2, 0.8],
              "to": [1.8, 1.3, 1.8],
              "rotationOrigin": [0.8, 2.3, 0.8],
              "rotationX": 13.0,
              "rotationZ": -13.0,
              "faces": {
                "north": { "texture": "#bulb", "uv": [2.0, 3.0, 3.0, 4.5] },
                "east": { "texture": "#bulb", "uv": [4.5, 1.5, 5.5, 3.0] },
                "south": { "texture": "#bulb", "uv": [4.5, 1.5, 5.5, 3.0] },
                "west": { "texture": "#bulb", "uv": [5.5, 4.5, 6.5, 6.0] },
                "up": { "texture": "#bulb", "uv": [2.5, 1.0, 3.5, 2.0] },
                "down": { "texture": "#bulb", "uv": [0.5, 5.0, 1.5, 6.0] }
              }
            },
            {
              "name": "side 66",
              "from": [0.8, -0.2, -0.9],
              "to": [1.8, 1.3, 0.1],
              "rotationOrigin": [0.8, 2.3, 0.1],
              "rotationX": -13.0,
              "rotationY": 1.0,
              "rotationZ": -13.0,
              "faces": {
                "north": { "texture": "#bulb", "uv": [0.5, 1.5, 1.5, 3.0] },
                "east": { "texture": "#bulb", "uv": [3.0, 1.0, 4.0, 2.5] },
                "south": { "texture": "#bulb", "uv": [3.5, 1.5, 4.5, 3.0] },
                "west": { "texture": "#bulb", "uv": [5.5, 1.0, 6.5, 2.5] },
                "up": { "texture": "#bulb", "uv": [0.5, 1.0, 1.5, 2.0] },
                "down": { "texture": "#bulb", "uv": [1.5, 2.0, 2.5, 3.0] }
              }
            },
            {
              "name": "side 67",
              "from": [-0.8, -0.2, -0.9],
              "to": [0.2, 1.3, 0.1],
              "rotationOrigin": [0.2, 2.3, 0.1],
              "rotationX": -13.0,
              "rotationZ": 13.0,
              "faces": {
                "north": { "texture": "#bulb", "uv": [3.5, 1.5, 4.5, 3.0] },
                "east": { "texture": "#bulb", "uv": [4.5, 1.5, 5.5, 3.0] },
                "south": { "texture": "#bulb", "uv": [3.0, 2.0, 4.0, 3.5] },
                "west": { "texture": "#bulb", "uv": [3.5, 1.5, 4.5, 3.0] },
                "up": { "texture": "#bulb", "uv": [2.5, 1.0, 3.5, 2.0] },
                "down": { "texture": "#bulb", "uv": [7.0, 4.5, 8.0, 5.5] }
              }
            },
            {
              "name": "stem 68",
              "from": [0.3, 1.0, 0.3],
              "to": [0.7, 2.5, 0.7],
              "rotationOrigin": [0.5, 1.0, 0.5],
              "faces": {
                "north": { "texture": "#bulb", "uv": [0.0, 0.0, 0.5, 1.5] },
                "east": { "texture": "#bulb", "uv": [6.5, 0.0, 7.0, 1.5] },
                "south": { "texture": "#bulb", "uv": [2.0, 0.0, 2.5, 1.5] },
                "west": { "texture": "#bulb", "uv": [5.5, 0.0, 6.0, 1.5] },
                "up": { "texture": "#bulb", "uv": [3.5, 0.0, 4.0, 0.5] },
                "down": { "texture": "#bulb", "uv": [4.0, 11.5, 4.5, 12.0], "enabled": false }
              }
            }
          ]
        },
        {
          "name": "fruit 10",
          "from": [6.8, 2.9, 11.0],
          "to": [7.8, 4.4, 12.0],
          "rotationOrigin": [7.6, 4.6, 9.9],
          "faces": {
            "north": { "texture": "#bulb", "uv": [1.0, 1.0, 2.0, 2.5] },
            "east": { "texture": "#bulb", "uv": [2.5, 0.5, 3.5, 2.0] },
            "south": { "texture": "#bulb", "uv": [4.0, 1.0, 5.0, 2.5] },
            "west": { "texture": "#bulb", "uv": [6.0, 0.5, 7.0, 2.0] },
            "up": { "texture": "#bulb", "uv": [5.5, 0.5, 6.5, 1.5] },
            "down": { "texture": "#bulb", "uv": [4.5, 5.0, 5.5, 6.0] }
          },
          "children": [
            {
              "name": "side 70",
              "from": [-0.8, -0.2, 0.8],
              "to": [0.2, 1.3, 1.8],
              "rotationOrigin": [0.2, 2.3, 0.8],
              "rotationX": 13.0,
              "rotationY": 1.0,
              "rotationZ": 13.0,
              "faces": {
                "north": { "texture": "#bulb", "uv": [2.0, 1.0, 3.0, 2.5] },
                "east": { "texture": "#bulb", "uv": [5.0, 1.0, 6.0, 2.5] },
                "south": { "texture": "#bulb", "uv": [1.5, 1.0, 2.5, 2.5] },
                "west": { "texture": "#bulb", "uv": [3.0, 1.0, 4.0, 2.5] },
                "up": { "texture": "#bulb", "uv": [4.5, 1.0, 5.5, 2.0] },
                "down": { "texture": "#bulb", "uv": [1.0, 2.5, 2.0, 3.5] }
              }
            },
            {
              "name": "side 71",
              "from": [0.8, -0.2, 0.8],
              "to": [1.8, 1.3, 1.8],
              "rotationOrigin": [0.8, 2.3, 0.8],
              "rotationX": 13.0,
              "rotationZ": -13.0,
              "faces": {
                "north": { "texture": "#bulb", "uv": [4.0, 4.5, 5.0, 6.0] },
                "east": { "texture": "#bulb", "uv": [4.5, 1.5, 5.5, 3.0] },
                "south": { "texture": "#bulb", "uv": [4.5, 1.5, 5.5, 3.0] },
                "west": { "texture": "#bulb", "uv": [4.0, 4.5, 5.0, 6.0] },
                "up": { "texture": "#bulb", "uv": [2.5, 1.0, 3.5, 2.0] },
                "down": { "texture": "#bulb", "uv": [0.5, 5.0, 1.5, 6.0] }
              }
            },
            {
              "name": "side 72",
              "from": [0.8, -0.2, -0.9],
              "to": [1.8, 1.3, 0.1],
              "rotationOrigin": [0.8, 2.3, 0.1],
              "rotationX": -13.0,
              "rotationY": 1.0,
              "rotationZ": -13.0,
              "faces": {
                "north": { "texture": "#bulb", "uv": [0.5, 1.5, 1.5, 3.0] },
                "east": { "texture": "#bulb", "uv": [3.0, 1.0, 4.0, 2.5] },
                "south": { "texture": "#bulb", "uv": [3.5, 1.5, 4.5, 3.0] },
                "west": { "texture": "#bulb", "uv": [5.5, 1.0, 6.5, 2.5] },
                "up": { "texture": "#bulb", "uv": [0.5, 1.0, 1.5, 2.0] },
                "down": { "texture": "#bulb", "uv": [1.5, 2.0, 2.5, 3.0] }
              }
            },
            {
              "name": "side 73",
              "from": [-0.8, -0.2, -0.9],
              "to": [0.2, 1.3, 0.1],
              "rotationOrigin": [0.2, 2.3, 0.1],
              "rotationX": -13.0,
              "rotationZ": 13.0,
              "faces": {
                "north": { "texture": "#bulb", "uv": [3.5, 1.5, 4.5, 3.0] },
                "east": { "texture": "#bulb", "uv": [4.5, 1.5, 5.5, 3.0] },
                "south": { "texture": "#bulb", "uv": [3.0, 2.0, 4.0, 3.5] },
                "west": { "texture": "#bulb", "uv": [3.5, 1.5, 4.5, 3.0] },
                "up": { "texture": "#bulb", "uv": [2.5, 1.0, 3.5, 2.0] },
                "down": { "texture": "#bulb", "uv": [7.0, 4.5, 8.0, 5.5] }
              }
            },
            {
              "name": "stem 74",
              "from": [0.3, 1.0, 0.3],
              "to": [0.7, 2.5, 0.7],
              "rotationOrigin": [0.5, 1.0, 0.5],
              "faces": {
                "north": { "texture": "#bulb", "uv": [0.0, 0.0, 0.5, 1.5] },
                "east": { "texture": "#bulb", "uv": [6.5, 0.0, 7.0, 1.5] },
                "south": { "texture": "#bulb", "uv": [2.0, 0.0, 2.5, 1.5] },
                "west": { "texture": "#bulb", "uv": [5.5, 0.0, 6.0, 1.5] },
                "up": { "texture": "#bulb", "uv": [3.5, 0.0, 4.0, 0.5] },
                "down": { "texture": "#bulb", "uv": [4.0, 11.5, 4.5, 12.0], "enabled": false }
              }
            }
          ]
        }
      ]
    }
  ]
}
