{
  "editor": {
    "allAngles": false,
    "entityTextureMode": false
  },
  "textureWidth": 16,
  "textureHeight": 16,
  "textureSizes": {},
  "textures": {},
  "elements": [
    {
      "name": "origin",
      "from": [8.0, 0.0, 8.0],
      "to": [8.0, 0.0, 8.0],
      "rotationOrigin": [8.0, 0.0, 8.0],
      "faces": {
        "north": { "texture": "#null", "uv": [0.0, 0.0, 0.5, 0.5], "enabled": false },
        "east": { "texture": "#null", "uv": [0.0, 0.0, 0.5, 0.5] },
        "south": { "texture": "#null", "uv": [0.0, 0.0, 0.5, 0.5] },
        "west": { "texture": "#null", "uv": [0.0, 0.0, 0.5, 0.5] },
        "up": { "texture": "#null", "uv": [0.0, 0.0, 0.5, 0.5] },
        "down": { "texture": "#null", "uv": [0.0, 0.0, 0.5, 0.5] }
      },
      "children": [
        {
          "name": "beet 1",
          "from": [-4.0, 0.0, -2.0],
          "to": [-1.0, 1.5, 1.0],
          "rotationOrigin": [-2.5, 0.0, -0.5],
          "rotationY": 22.5,
          "renderPass": 2,
          "faces": {
            "north": { "texture": "#bulb", "uv": [11.0, 10.5, 14.0, 12.0], "windMode": [0, 0, 0, 0] },
            "east": { "texture": "#bulb", "uv": [9.0, 10.0, 12.0, 11.5], "windMode": [0, 0, 0, 0] },
            "south": { "texture": "#bulb", "uv": [7.0, 11.0, 10.0, 12.5], "windMode": [0, 0, 0, 0] },
            "west": { "texture": "#bulb", "uv": [4.0, 10.5, 7.0, 12.0], "windMode": [0, 0, 0, 0] },
            "up": { "texture": "#bulb", "uv": [6.0, 9.5, 9.0, 12.5], "windMode": [0, 0, 0, 0] },
            "down": { "texture": "#bulb", "uv": [4.0, 3.0, 7.0, 6.0], "enabled": false }
          },
          "children": [
            {
              "name": "beet 1 top",
              "from": [0.8, 1.5, 0.7],
              "to": [2.3, 2.0, 2.2],
              "rotationOrigin": [0.3, 0.0, 0.2],
              "renderPass": 2,
              "faces": {
                "north": { "texture": "#bulb", "uv": [1.0, 9.0, 2.5, 9.5], "windMode": [0, 0, 0, 0] },
                "east": { "texture": "#bulb", "uv": [3.0, 11.0, 4.5, 11.5], "windMode": [0, 0, 0, 0] },
                "south": { "texture": "#bulb", "uv": [12.0, 11.0, 13.5, 11.5], "windMode": [0, 0, 0, 0] },
                "west": { "texture": "#bulb", "uv": [3.0, 12.0, 4.5, 12.5], "windMode": [0, 0, 0, 0] },
                "up": { "texture": "#bulb", "uv": [9.0, 9.0, 10.5, 10.5], "windMode": [0, 0, 0, 0] },
                "down": { "texture": "#bulb", "uv": [9.0, 7.0, 10.5, 8.5], "enabled": false }
              }
            },
            {
              "name": "s 1",
              "from": [-5.0, 0.5, 1.5],
              "to": [8.0, 10.5, 1.5],
              "shade": false,
              "rotationOrigin": [1.5, 0.0, 1.5],
              "renderPass": 2,
              "faces": {
                "north": { "texture": "#leaves-we-5", "uv": [0.0, 0.0, 13.0, 10.0], "enabled": false },
                "east": { "texture": "#null", "uv": [0.0, 0.0, 0.5, 10.0], "enabled": false },
                "south": { "texture": "#s5", "uv": [1.5, 6.0, 14.5, 16.0], "windMode": [0, 0, 2, 2] },
                "west": { "texture": "#null", "uv": [0.0, 0.0, 0.5, 10.0], "enabled": false },
                "up": { "texture": "#null", "uv": [0.0, 0.0, 13.0, 0.5], "enabled": false },
                "down": { "texture": "#null", "uv": [0.0, 0.0, 13.0, 0.5], "enabled": false }
              }
            },
            {
              "name": "e 1",
              "from": [1.5, 0.5, -5.0],
              "to": [1.5, 10.5, 8.0],
              "shade": false,
              "rotationOrigin": [1.5, 0.0, 1.5],
              "renderPass": 2,
              "faces": {
                "north": { "texture": "#null", "uv": [0.0, 0.0, 0.5, 10.0], "enabled": false },
                "east": { "texture": "#e5", "uv": [1.5, 6.0, 14.5, 16.0], "windMode": [0, 2, 2, 0] },
                "south": { "texture": "#null", "uv": [0.0, 0.0, 0.5, 10.0], "enabled": false },
                "west": { "texture": "#null", "uv": [0.0, 0.0, 13.0, 10.0], "enabled": false },
                "up": { "texture": "#null", "uv": [0.0, 0.0, 0.5, 13.0], "enabled": false },
                "down": { "texture": "#null", "uv": [0.0, 0.0, 0.5, 13.0], "enabled": false }
              }
            }
          ]
        },
        {
          "name": "beet 2",
          "from": [1.0, 0.0, -1.0],
          "to": [4.0, 1.0, 2.0],
          "rotationOrigin": [2.5, 0.0, 0.5],
          "rotationY": -45.0,
          "renderPass": 2,
          "faces": {
            "north": { "texture": "#bulb", "uv": [3.0, 11.0, 6.0, 12.0], "windMode": [0, 0, 0, 0] },
            "east": { "texture": "#bulb", "uv": [10.0, 10.0, 13.0, 11.0], "windMode": [0, 0, 0, 0] },
            "south": { "texture": "#bulb", "uv": [8.5, 11.0, 11.5, 12.0], "windMode": [0, 0, 0, 0] },
            "west": { "texture": "#bulb", "uv": [6.0, 10.0, 9.0, 11.0], "windMode": [0, 0, 0, 0] },
            "up": { "texture": "#bulb", "uv": [6.5, 10.0, 9.5, 13.0], "windMode": [0, 0, 0, 0] },
            "down": { "texture": "#bulb", "uv": [4.0, 3.0, 7.0, 6.0], "enabled": false }
          },
          "children": [
            {
              "name": "beet 2 top",
              "from": [0.85, 1.0, 0.75],
              "to": [2.35, 1.5, 2.25],
              "rotationOrigin": [0.3, 0.0, 0.2],
              "renderPass": 2,
              "faces": {
                "north": { "texture": "#bulb", "uv": [6.0, 5.0, 7.5, 5.5], "windMode": [0, 0, 0, 0] },
                "east": { "texture": "#bulb", "uv": [10.0, 4.0, 11.5, 4.5], "windMode": [0, 0, 0, 0] },
                "south": { "texture": "#bulb", "uv": [4.0, 4.0, 5.5, 4.5], "windMode": [0, 0, 0, 0] },
                "west": { "texture": "#bulb", "uv": [10.0, 2.0, 11.5, 2.5], "windMode": [0, 0, 0, 0] },
                "up": { "texture": "#bulb", "uv": [4.0, 3.0, 5.5, 4.5], "windMode": [0, 0, 0, 0] },
                "down": { "texture": "#bulb", "uv": [9.0, 7.0, 10.5, 8.5], "enabled": false }
              }
            },
            {
              "name": "s 2",
              "from": [-5.0, 0.0, 1.5],
              "to": [8.0, 10.0, 1.5],
              "shade": false,
              "rotationOrigin": [1.5, 0.0, 1.5],
              "renderPass": 2,
              "faces": {
                "north": { "texture": "#null", "uv": [0.0, 0.0, 13.0, 10.0], "enabled": false },
                "east": { "texture": "#null", "uv": [0.0, 0.0, 0.5, 10.0], "enabled": false },
                "south": { "texture": "#s5", "uv": [1.5, 6.0, 14.5, 16.0], "windMode": [0, 0, 2, 2] },
                "west": { "texture": "#null", "uv": [0.0, 0.0, 0.5, 10.0], "enabled": false },
                "up": { "texture": "#null", "uv": [0.0, 0.0, 13.0, 0.5], "enabled": false },
                "down": { "texture": "#null", "uv": [0.0, 0.0, 13.0, 0.5], "enabled": false }
              }
            },
            {
              "name": "e 2",
              "from": [1.5, 0.0, -5.0],
              "to": [1.5, 10.0, 8.0],
              "shade": false,
              "rotationOrigin": [1.5, 0.0, 1.5],
              "renderPass": 2,
              "faces": {
                "north": { "texture": "#null", "uv": [0.0, 0.0, 0.5, 10.0], "enabled": false },
                "east": { "texture": "#e5", "uv": [1.5, 6.0, 14.5, 16.0], "windMode": [0, 2, 2, 0] },
                "south": { "texture": "#null", "uv": [0.0, 0.0, 0.5, 10.0], "enabled": false },
                "west": { "texture": "#null", "uv": [0.0, 0.0, 13.0, 10.0], "enabled": false },
                "up": { "texture": "#null", "uv": [0.0, 0.0, 0.5, 13.0], "enabled": false },
                "down": { "texture": "#null", "uv": [0.0, 0.0, 0.5, 13.0], "enabled": false }
              }
            }
          ]
        }
      ]
    },
    {
      "name": "origin",
      "from": [24.0, 0.0, 8.0],
      "to": [24.0, 0.0, 8.0],
      "rotationOrigin": [24.0, 0.0, 8.0],
      "rotationY": 180.0,
      "faces": {
        "north": { "texture": "#null", "uv": [0.0, 0.0, 0.5, 0.5], "enabled": false },
        "east": { "texture": "#null", "uv": [0.0, 0.0, 0.5, 0.5] },
        "south": { "texture": "#null", "uv": [0.0, 0.0, 0.5, 0.5] },
        "west": { "texture": "#null", "uv": [0.0, 0.0, 0.5, 0.5] },
        "up": { "texture": "#null", "uv": [0.0, 0.0, 0.5, 0.5] },
        "down": { "texture": "#null", "uv": [0.0, 0.0, 0.5, 0.5] }
      },
      "children": [
        {
          "name": "beet 1",
          "from": [-4.0, 0.0, -2.0],
          "to": [-1.0, 1.5, 1.0],
          "rotationOrigin": [-2.5, 0.0, -0.5],
          "rotationY": 22.5,
          "renderPass": 2,
          "faces": {
            "north": { "texture": "#bulb", "uv": [11.0, 10.5, 14.0, 12.0], "windMode": [0, 0, 0, 0] },
            "east": { "texture": "#bulb", "uv": [9.0, 10.0, 12.0, 11.5], "windMode": [0, 0, 0, 0] },
            "south": { "texture": "#bulb", "uv": [7.0, 11.0, 10.0, 12.5], "windMode": [0, 0, 0, 0] },
            "west": { "texture": "#bulb", "uv": [4.0, 10.5, 7.0, 12.0], "windMode": [0, 0, 0, 0] },
            "up": { "texture": "#bulb", "uv": [6.0, 9.5, 9.0, 12.5], "windMode": [0, 0, 0, 0] },
            "down": { "texture": "#bulb", "uv": [4.0, 3.0, 7.0, 6.0], "enabled": false }
          },
          "children": [
            {
              "name": "beet 1 top",
              "from": [0.8, 1.5, 0.7],
              "to": [2.3, 2.0, 2.2],
              "rotationOrigin": [0.3, 0.0, 0.2],
              "renderPass": 2,
              "faces": {
                "north": { "texture": "#bulb", "uv": [1.0, 9.0, 2.5, 9.5], "windMode": [0, 0, 0, 0] },
                "east": { "texture": "#bulb", "uv": [3.0, 11.0, 4.5, 11.5], "windMode": [0, 0, 0, 0] },
                "south": { "texture": "#bulb", "uv": [12.0, 11.0, 13.5, 11.5], "windMode": [0, 0, 0, 0] },
                "west": { "texture": "#bulb", "uv": [3.0, 12.0, 4.5, 12.5], "windMode": [0, 0, 0, 0] },
                "up": { "texture": "#bulb", "uv": [9.0, 9.0, 10.5, 10.5], "windMode": [0, 0, 0, 0] },
                "down": { "texture": "#bulb", "uv": [9.0, 7.0, 10.5, 8.5], "enabled": false }
              }
            },
            {
              "name": "s 1",
              "from": [-5.0, 0.5, 1.5],
              "to": [8.0, 10.5, 1.5],
              "shade": false,
              "rotationOrigin": [1.5, 0.0, 1.5],
              "renderPass": 2,
              "faces": {
                "north": { "texture": "#leaves-we-5", "uv": [0.0, 0.0, 13.0, 10.0], "enabled": false },
                "east": { "texture": "#null", "uv": [0.0, 0.0, 0.5, 10.0], "enabled": false },
                "south": { "texture": "#s5", "uv": [1.5, 6.0, 14.5, 16.0], "windMode": [0, 0, 2, 2] },
                "west": { "texture": "#null", "uv": [0.0, 0.0, 0.5, 10.0], "enabled": false },
                "up": { "texture": "#null", "uv": [0.0, 0.0, 13.0, 0.5], "enabled": false },
                "down": { "texture": "#null", "uv": [0.0, 0.0, 13.0, 0.5], "enabled": false }
              }
            },
            {
              "name": "e 1",
              "from": [1.5, 0.5, -5.0],
              "to": [1.5, 10.5, 8.0],
              "shade": false,
              "rotationOrigin": [1.5, 0.0, 1.5],
              "renderPass": 2,
              "faces": {
                "north": { "texture": "#null", "uv": [0.0, 0.0, 0.5, 10.0], "enabled": false },
                "east": { "texture": "#e5", "uv": [1.5, 6.0, 14.5, 16.0], "windMode": [0, 2, 2, 0] },
                "south": { "texture": "#null", "uv": [0.0, 0.0, 0.5, 10.0], "enabled": false },
                "west": { "texture": "#null", "uv": [0.0, 0.0, 13.0, 10.0], "enabled": false },
                "up": { "texture": "#null", "uv": [0.0, 0.0, 0.5, 13.0], "enabled": false },
                "down": { "texture": "#null", "uv": [0.0, 0.0, 0.5, 13.0], "enabled": false }
              }
            }
          ]
        },
        {
          "name": "beet 2",
          "from": [1.0, 0.0, -1.0],
          "to": [4.0, 1.0, 2.0],
          "rotationOrigin": [2.5, 0.0, 0.5],
          "rotationY": -45.0,
          "renderPass": 2,
          "faces": {
            "north": { "texture": "#bulb", "uv": [3.0, 11.0, 6.0, 12.0], "windMode": [0, 0, 0, 0] },
            "east": { "texture": "#bulb", "uv": [10.0, 10.0, 13.0, 11.0], "windMode": [0, 0, 0, 0] },
            "south": { "texture": "#bulb", "uv": [8.5, 11.0, 11.5, 12.0], "windMode": [0, 0, 0, 0] },
            "west": { "texture": "#bulb", "uv": [6.0, 10.0, 9.0, 11.0], "windMode": [0, 0, 0, 0] },
            "up": { "texture": "#bulb", "uv": [6.5, 10.0, 9.5, 13.0], "windMode": [0, 0, 0, 0] },
            "down": { "texture": "#bulb", "uv": [4.0, 3.0, 7.0, 6.0], "enabled": false }
          },
          "children": [
            {
              "name": "beet 2 top",
              "from": [0.85, 1.0, 0.75],
              "to": [2.35, 1.5, 2.25],
              "rotationOrigin": [0.3, 0.0, 0.2],
              "renderPass": 2,
              "faces": {
                "north": { "texture": "#bulb", "uv": [6.0, 5.0, 7.5, 5.5], "windMode": [0, 0, 0, 0] },
                "east": { "texture": "#bulb", "uv": [10.0, 4.0, 11.5, 4.5], "windMode": [0, 0, 0, 0] },
                "south": { "texture": "#bulb", "uv": [4.0, 4.0, 5.5, 4.5], "windMode": [0, 0, 0, 0] },
                "west": { "texture": "#bulb", "uv": [10.0, 2.0, 11.5, 2.5], "windMode": [0, 0, 0, 0] },
                "up": { "texture": "#bulb", "uv": [4.0, 3.0, 5.5, 4.5], "windMode": [0, 0, 0, 0] },
                "down": { "texture": "#bulb", "uv": [9.0, 7.0, 10.5, 8.5], "enabled": false }
              }
            },
            {
              "name": "s 2",
              "from": [-5.0, 0.0, 1.5],
              "to": [8.0, 10.0, 1.5],
              "shade": false,
              "rotationOrigin": [1.5, 0.0, 1.5],
              "renderPass": 2,
              "faces": {
                "north": { "texture": "#null", "uv": [0.0, 0.0, 13.0, 10.0], "enabled": false },
                "east": { "texture": "#null", "uv": [0.0, 0.0, 0.5, 10.0], "enabled": false },
                "south": { "texture": "#s5", "uv": [1.5, 6.0, 14.5, 16.0], "windMode": [0, 0, 2, 2] },
                "west": { "texture": "#null", "uv": [0.0, 0.0, 0.5, 10.0], "enabled": false },
                "up": { "texture": "#null", "uv": [0.0, 0.0, 13.0, 0.5], "enabled": false },
                "down": { "texture": "#null", "uv": [0.0, 0.0, 13.0, 0.5], "enabled": false }
              }
            },
            {
              "name": "e 2",
              "from": [1.5, 0.0, -5.0],
              "to": [1.5, 10.0, 8.0],
              "shade": false,
              "rotationOrigin": [1.5, 0.0, 1.5],
              "renderPass": 2,
              "faces": {
                "north": { "texture": "#null", "uv": [0.0, 0.0, 0.5, 10.0], "enabled": false },
                "east": { "texture": "#e5", "uv": [1.5, 6.0, 14.5, 16.0], "windMode": [0, 2, 2, 0] },
                "south": { "texture": "#null", "uv": [0.0, 0.0, 0.5, 10.0], "enabled": false },
                "west": { "texture": "#null", "uv": [0.0, 0.0, 13.0, 10.0], "enabled": false },
                "up": { "texture": "#null", "uv": [0.0, 0.0, 0.5, 13.0], "enabled": false },
                "down": { "texture": "#null", "uv": [0.0, 0.0, 0.5, 13.0], "enabled": false }
              }
            }
          ]
        }
      ]
    }
  ]
}
