{
  "editor": {
    "allAngles": false,
    "entityTextureMode": false
  },
  "textureWidth": 16,
  "textureHeight": 16,
  "textureSizes": {},
  "textures": {
    "e7": "game:block/plant/crop/carrot/e7",
    "s7": "game:block/plant/crop/carrot/s7",
    "bulb": "game:block/plant/crop/carrot/bulb"
  },
  "elements": [
    {
      "name": "origin",
      "from": [8.0, 0.0, 8.0],
      "to": [8.0, 0.0, 8.0],
      "rotationOrigin": [8.0, 0.0, 8.0],
      "faces": {
        "north": { "texture": "#null", "uv": [0.0, 0.0, 0.5, 0.5], "enabled": false },
        "east": { "texture": "#null", "uv": [0.0, 0.0, 0.5, 0.5] },
        "south": { "texture": "#null", "uv": [0.0, 0.0, 0.5, 0.5] },
        "west": { "texture": "#null", "uv": [0.0, 0.0, 0.5, 0.5] },
        "up": { "texture": "#null", "uv": [0.0, 0.0, 0.5, 0.5] },
        "down": { "texture": "#null", "uv": [0.0, 0.0, 0.5, 0.5] }
      },
      "children": [
        {
          "name": "carrot 1",
          "from": [-3.9, 0.0, -2.4],
          "to": [-2.4, 1.0, -0.9],
          "rotationOrigin": [-3.1, 0.0, -1.7],
          "rotationY": -45.0,
          "faces": {
            "north": { "texture": "#bulb", "uv": [6.0, 6.0, 7.5, 7.0], "windMode": [0, 0, 0, 0] },
            "east": { "texture": "#bulb", "uv": [11.0, 6.0, 12.5, 7.0], "windMode": [0, 0, 0, 0] },
            "south": { "texture": "#bulb", "uv": [2.0, 6.0, 3.5, 7.0], "windMode": [0, 0, 0, 0] },
            "west": { "texture": "#bulb", "uv": [0.0, 6.0, 1.5, 7.0], "windMode": [0, 0, 0, 0] },
            "up": { "texture": "#bulb", "uv": [2.0, 4.0, 3.5, 5.5], "windMode": [0, 0, 0, 0] },
            "down": { "texture": "#bulb", "uv": [4.0, 3.0, 5.5, 4.5], "enabled": false }
          },
          "children": [
            {
              "name": "carrot 1 top",
              "from": [0.3, 1.0, 0.3],
              "to": [1.3, 1.5, 1.3],
              "faces": {
                "north": { "texture": "#bulb", "uv": [12.0, 6.0, 13.0, 6.5], "windMode": [0, 0, 0, 0] },
                "east": { "texture": "#bulb", "uv": [5.0, 6.0, 6.0, 6.5], "windMode": [0, 0, 0, 0] },
                "south": { "texture": "#bulb", "uv": [4.0, 4.0, 5.0, 4.5], "windMode": [0, 0, 0, 0] },
                "west": { "texture": "#bulb", "uv": [3.0, 6.0, 4.0, 6.5], "windMode": [0, 0, 0, 0] },
                "up": { "texture": "#bulb", "uv": [12.0, 5.0, 13.0, 6.0], "windMode": [0, 0, 0, 0] },
                "down": { "texture": "#bulb", "uv": [9.0, 7.0, 10.0, 8.0], "enabled": false }
              }
            },
            {
              "name": "s 1",
              "from": [-5.7, 0.0, 0.8],
              "to": [7.3, 13.0, 0.8],
              "shade": false,
              "renderPass": 2,
              "rotationOrigin": [0.8, 0.0, 0.8],
              "faces": {
                "north": { "texture": "#leaves-we-8", "uv": [0.0, 0.0, 13.0, 13.0], "enabled": false },
                "east": { "texture": "#null", "uv": [0.0, 0.0, 0.0, 13.0], "enabled": false },
                "south": { "texture": "#s7", "uv": [1.5, 3.0, 14.5, 16.0], "windMode": [0, 0, 2, 2] },
                "west": { "texture": "#null", "uv": [0.0, 0.0, 0.0, 13.0], "enabled": false },
                "up": { "texture": "#null", "uv": [0.0, 0.0, 13.0, 0.0], "enabled": false },
                "down": { "texture": "#null", "uv": [0.0, 0.0, 13.0, 0.0], "enabled": false }
              }
            },
            {
              "name": "e 1",
              "from": [0.8, 0.0, -5.7],
              "to": [0.8, 13.0, 7.3],
              "shade": false,
              "renderPass": 2,
              "rotationOrigin": [0.8, 0.0, 0.9],
              "faces": {
                "north": { "texture": "#null", "uv": [0.0, 0.0, 0.0, 13.0], "enabled": false },
                "east": { "texture": "#e7", "uv": [1.5, 3.0, 14.5, 16.0], "windMode": [0, 2, 2, 0] },
                "south": { "texture": "#null", "uv": [0.0, 0.0, 0.0, 13.0], "enabled": false },
                "west": { "texture": "#null", "uv": [0.0, 0.0, 13.0, 13.0], "enabled": false },
                "up": { "texture": "#null", "uv": [0.0, 0.0, 0.0, 13.0], "enabled": false },
                "down": { "texture": "#null", "uv": [0.0, 0.0, 0.0, 13.0], "enabled": false }
              }
            }
          ]
        },
        {
          "name": "carrot 2",
          "from": [-1.4, 0.0, -0.9],
          "to": [0.1, 1.0, 0.6],
          "rotationOrigin": [-0.6, 0.0, -0.1],
          "rotationY": 22.5,
          "faces": {
            "north": { "texture": "#bulb", "uv": [7.0, 10.0, 8.5, 11.0], "windMode": [0, 0, 0, 0] },
            "east": { "texture": "#bulb", "uv": [5.0, 10.0, 6.5, 11.0], "windMode": [0, 0, 0, 0] },
            "south": { "texture": "#bulb", "uv": [2.0, 10.0, 3.5, 11.0], "windMode": [0, 0, 0, 0] },
            "west": { "texture": "#bulb", "uv": [11.0, 10.0, 12.5, 11.0], "windMode": [0, 0, 0, 0] },
            "up": { "texture": "#bulb", "uv": [6.0, 8.0, 7.5, 9.5], "windMode": [0, 0, 0, 0] },
            "down": { "texture": "#bulb", "uv": [4.0, 3.0, 5.5, 4.5], "enabled": false }
          },
          "children": [
            {
              "name": "carrot 2 top",
              "from": [0.3, 1.0, 0.3],
              "to": [1.3, 1.5, 1.3],
              "faces": {
                "north": { "texture": "#bulb", "uv": [8.0, 9.0, 9.0, 9.5], "windMode": [0, 0, 0, 0] },
                "east": { "texture": "#bulb", "uv": [5.0, 10.0, 6.0, 10.5], "windMode": [0, 0, 0, 0] },
                "south": { "texture": "#bulb", "uv": [11.0, 9.0, 12.0, 9.5], "windMode": [0, 0, 0, 0] },
                "west": { "texture": "#bulb", "uv": [1.0, 10.0, 2.0, 10.5], "windMode": [0, 0, 0, 0] },
                "up": { "texture": "#bulb", "uv": [3.0, 8.0, 4.0, 9.0], "windMode": [0, 0, 0, 0] },
                "down": { "texture": "#bulb", "uv": [9.0, 7.0, 10.0, 8.0], "enabled": false }
              }
            },
            {
              "name": "s 2",
              "from": [-5.7, 1.0, 0.8],
              "to": [7.3, 14.0, 0.8],
              "shade": false,
              "renderPass": 2,
              "rotationOrigin": [0.8, 1.0, 0.8],
              "faces": {
                "north": { "texture": "#null", "uv": [0.0, 0.0, 13.0, 13.0], "enabled": false },
                "east": { "texture": "#null", "uv": [0.0, 0.0, 0.0, 13.0], "enabled": false },
                "south": { "texture": "#s7", "uv": [1.5, 3.0, 14.5, 16.0], "windMode": [0, 0, 2, 2] },
                "west": { "texture": "#null", "uv": [0.0, 0.0, 0.0, 13.0], "enabled": false },
                "up": { "texture": "#null", "uv": [0.0, 0.0, 13.0, 0.0], "enabled": false },
                "down": { "texture": "#null", "uv": [0.0, 0.0, 13.0, 0.0], "enabled": false }
              }
            },
            {
              "name": "e 2",
              "from": [0.8, 1.0, -5.7],
              "to": [0.8, 14.0, 7.3],
              "shade": false,
              "renderPass": 2,
              "rotationOrigin": [0.8, 1.0, 0.8],
              "faces": {
                "north": { "texture": "#null", "uv": [0.0, 0.0, 0.0, 13.0], "enabled": false },
                "east": { "texture": "#e7", "uv": [1.5, 3.0, 14.5, 16.0], "windMode": [0, 2, 2, 0] },
                "south": { "texture": "#null", "uv": [0.0, 0.0, 0.0, 13.0], "enabled": false },
                "west": { "texture": "#null", "uv": [0.0, 0.0, 13.0, 13.0], "enabled": false },
                "up": { "texture": "#null", "uv": [0.0, 0.0, 0.0, 13.0], "enabled": false },
                "down": { "texture": "#null", "uv": [0.0, 0.0, 0.0, 13.0], "enabled": false }
              }
            }
          ]
        },
        {
          "name": "carrot 3",
          "from": [-0.2, 0.0, -2.8],
          "to": [1.3, 0.5, -1.3],
          "rotationOrigin": [0.6, 0.0, -2.0],
          "rotationY": -22.5,
          "faces": {
            "north": { "texture": "#bulb", "uv": [12.0, 14.0, 13.5, 14.5], "windMode": [0, 0, 0, 0] },
            "east": { "texture": "#bulb", "uv": [1.0, 14.0, 2.5, 14.5], "windMode": [0, 0, 0, 0] },
            "south": { "texture": "#bulb", "uv": [4.0, 14.0, 5.5, 14.5], "windMode": [0, 0, 0, 0] },
            "west": { "texture": "#bulb", "uv": [0.0, 14.0, 1.5, 14.5], "windMode": [0, 0, 0, 0] },
            "up": { "texture": "#bulb", "uv": [12.0, 12.0, 13.5, 13.5], "windMode": [0, 0, 0, 0] },
            "down": { "texture": "#bulb", "uv": [4.0, 3.0, 5.5, 4.5], "enabled": false }
          },
          "children": [
            {
              "name": "carrot 3 top",
              "from": [0.2, 0.5, 0.3],
              "to": [1.2, 1.0, 1.3],
              "faces": {
                "north": { "texture": "#bulb", "uv": [9.0, 13.0, 10.0, 13.5], "windMode": [0, 0, 0, 0] },
                "east": { "texture": "#bulb", "uv": [8.0, 13.0, 9.0, 13.5], "windMode": [0, 0, 0, 0] },
                "south": { "texture": "#bulb", "uv": [8.0, 12.0, 9.0, 12.5], "windMode": [0, 0, 0, 0] },
                "west": { "texture": "#bulb", "uv": [10.0, 13.0, 11.0, 13.5], "windMode": [0, 0, 0, 0] },
                "up": { "texture": "#bulb", "uv": [9.0, 13.0, 10.0, 14.0], "windMode": [0, 0, 0, 0] },
                "down": { "texture": "#bulb", "uv": [9.0, 7.0, 10.0, 8.0], "enabled": false }
              }
            },
            {
              "name": "s 3",
              "from": [-5.8, 0.0, 0.8],
              "to": [7.2, 13.0, 0.8],
              "shade": false,
              "renderPass": 2,
              "rotationOrigin": [0.7, 0.0, 0.8],
              "faces": {
                "north": { "texture": "#leaves-we-8", "uv": [0.0, 0.0, 13.0, 13.0], "enabled": false },
                "east": { "texture": "#null", "uv": [0.0, 0.0, 0.0, 13.0], "enabled": false },
                "south": { "texture": "#s7", "uv": [1.5, 3.0, 14.5, 16.0], "windMode": [0, 0, 2, 2] },
                "west": { "texture": "#null", "uv": [0.0, 0.0, 0.0, 13.0], "enabled": false },
                "up": { "texture": "#null", "uv": [0.0, 0.0, 13.0, 0.0], "enabled": false },
                "down": { "texture": "#null", "uv": [0.0, 0.0, 13.0, 0.0], "enabled": false }
              }
            },
            {
              "name": "e 3",
              "from": [0.7, 0.0, -5.7],
              "to": [0.7, 13.0, 7.3],
              "shade": false,
              "renderPass": 2,
              "rotationOrigin": [0.7, 0.0, 0.8],
              "faces": {
                "north": { "texture": "#null", "uv": [0.0, 0.0, 0.0, 13.0], "enabled": false },
                "east": { "texture": "#e7", "uv": [1.5, 3.0, 14.5, 16.0], "windMode": [0, 2, 2, 0] },
                "south": { "texture": "#null", "uv": [0.0, 0.0, 0.0, 13.0], "enabled": false },
                "west": { "texture": "#null", "uv": [0.0, 0.0, 13.0, 13.0], "enabled": false },
                "up": { "texture": "#null", "uv": [0.0, 0.0, 0.0, 13.0], "enabled": false },
                "down": { "texture": "#null", "uv": [0.0, 0.0, 0.0, 13.0], "enabled": false }
              }
            }
          ]
        },
        {
          "name": "carrot 4",
          "from": [2.3, 0.0, -2.3],
          "to": [3.8, 1.0, -0.8],
          "rotationOrigin": [3.0, 0.0, -1.6],
          "rotationY": 22.5,
          "faces": {
            "north": { "texture": "#bulb", "uv": [12.0, 14.0, 13.5, 15.0], "windMode": [0, 0, 0, 0] },
            "east": { "texture": "#bulb", "uv": [1.0, 14.0, 2.5, 15.0], "windMode": [0, 0, 0, 0] },
            "south": { "texture": "#bulb", "uv": [4.0, 14.0, 5.5, 15.0], "windMode": [0, 0, 0, 0] },
            "west": { "texture": "#bulb", "uv": [0.0, 14.0, 1.5, 15.0], "windMode": [0, 0, 0, 0] },
            "up": { "texture": "#bulb", "uv": [12.0, 12.0, 13.5, 13.5], "windMode": [0, 0, 0, 0] },
            "down": { "texture": "#bulb", "uv": [4.0, 3.0, 5.5, 4.5], "enabled": false }
          },
          "children": [
            {
              "name": "carrot 4 top",
              "from": [0.2, 1.0, 0.3],
              "to": [1.2, 1.5, 1.3],
              "faces": {
                "north": { "texture": "#bulb", "uv": [9.0, 13.0, 10.0, 13.5], "windMode": [0, 0, 0, 0] },
                "east": { "texture": "#bulb", "uv": [8.0, 13.0, 9.0, 13.5], "windMode": [0, 0, 0, 0] },
                "south": { "texture": "#bulb", "uv": [8.0, 12.0, 9.0, 12.5], "windMode": [0, 0, 0, 0] },
                "west": { "texture": "#bulb", "uv": [10.0, 13.0, 11.0, 13.5], "windMode": [0, 0, 0, 0] },
                "up": { "texture": "#bulb", "uv": [9.0, 13.0, 10.0, 14.0], "windMode": [0, 0, 0, 0] },
                "down": { "texture": "#bulb", "uv": [9.0, 7.0, 10.0, 8.0], "enabled": false }
              }
            },
            {
              "name": "s 4",
              "from": [-5.8, 1.5, 0.8],
              "to": [7.2, 14.5, 0.8],
              "shade": false,
              "renderPass": 2,
              "rotationOrigin": [0.7, 0.0, 0.8],
              "faces": {
                "north": { "texture": "#leaves-we-8", "uv": [0.0, 0.0, 13.0, 13.0], "enabled": false },
                "east": { "texture": "#null", "uv": [0.0, 0.0, 0.0, 13.0], "enabled": false },
                "south": { "texture": "#s7", "uv": [1.5, 3.0, 14.5, 16.0], "windMode": [0, 0, 2, 2] },
                "west": { "texture": "#null", "uv": [0.0, 0.0, 0.0, 13.0], "enabled": false },
                "up": { "texture": "#null", "uv": [0.0, 0.0, 13.0, 0.0], "enabled": false },
                "down": { "texture": "#null", "uv": [0.0, 0.0, 13.0, 0.0], "enabled": false }
              }
            },
            {
              "name": "e 4",
              "from": [0.7, 1.5, -5.7],
              "to": [0.7, 14.5, 7.3],
              "shade": false,
              "renderPass": 2,
              "rotationOrigin": [0.7, 0.0, 0.7],
              "faces": {
                "north": { "texture": "#null", "uv": [0.0, 0.0, 0.0, 13.0], "enabled": false },
                "east": { "texture": "#e7", "uv": [1.5, 3.0, 14.5, 16.0], "windMode": [0, 2, 2, 0] },
                "south": { "texture": "#null", "uv": [0.0, 0.0, 0.0, 13.0], "enabled": false },
                "west": { "texture": "#null", "uv": [0.0, 0.0, 13.0, 13.0], "enabled": false },
                "up": { "texture": "#null", "uv": [0.0, 0.0, 0.0, 13.0], "enabled": false },
                "down": { "texture": "#null", "uv": [0.0, 0.0, 0.0, 13.0], "enabled": false }
              }
            }
          ]
        },
        {
          "name": "carrot 5",
          "from": [2.1, 0.0, 1.8],
          "to": [3.6, 1.0, 3.3],
          "rotationOrigin": [2.8, 0.0, 2.5],
          "rotationY": -22.5,
          "faces": {
            "north": { "texture": "#bulb", "uv": [13.0, 3.0, 14.5, 4.0], "windMode": [0, 0, 0, 0] },
            "east": { "texture": "#bulb", "uv": [2.0, 3.0, 3.5, 4.0], "windMode": [0, 0, 0, 0] },
            "south": { "texture": "#bulb", "uv": [6.0, 3.0, 7.5, 4.0], "windMode": [0, 0, 0, 0] },
            "west": { "texture": "#bulb", "uv": [1.0, 3.0, 2.5, 4.0], "windMode": [0, 0, 0, 0] },
            "up": { "texture": "#bulb", "uv": [8.0, 0.0, 9.5, 1.5], "windMode": [0, 0, 0, 0] },
            "down": { "texture": "#bulb", "uv": [4.0, 3.0, 5.5, 4.5], "enabled": false }
          },
          "children": [
            {
              "name": "carrot 5 top",
              "from": [0.2, 1.0, 0.3],
              "to": [1.2, 1.5, 1.3],
              "faces": {
                "north": { "texture": "#bulb", "uv": [9.0, 3.0, 10.0, 3.5], "windMode": [0, 0, 0, 0] },
                "east": { "texture": "#bulb", "uv": [9.0, 1.0, 10.0, 1.5], "windMode": [0, 0, 0, 0] },
                "south": { "texture": "#bulb", "uv": [11.0, 2.0, 12.0, 2.5], "windMode": [0, 0, 0, 0] },
                "west": { "texture": "#bulb", "uv": [8.0, 1.0, 9.0, 1.5], "windMode": [0, 0, 0, 0] },
                "up": { "texture": "#bulb", "uv": [12.0, 1.0, 13.0, 2.0], "windMode": [0, 0, 0, 0] },
                "down": { "texture": "#bulb", "uv": [9.0, 7.0, 10.0, 8.0], "enabled": false }
              }
            },
            {
              "name": "s 5",
              "from": [-5.8, -0.5, 0.8],
              "to": [7.2, 12.5, 0.8],
              "shade": false,
              "renderPass": 2,
              "rotationOrigin": [0.7, -0.5, 0.8],
              "faces": {
                "north": { "texture": "#leaves-we-8", "uv": [0.0, 0.0, 13.0, 13.0], "enabled": false },
                "east": { "texture": "#null", "uv": [0.0, 0.0, 0.0, 13.0], "enabled": false },
                "south": { "texture": "#s7", "uv": [1.5, 3.0, 14.5, 16.0], "windMode": [0, 0, 2, 2] },
                "west": { "texture": "#null", "uv": [0.0, 0.0, 0.0, 13.0], "enabled": false },
                "up": { "texture": "#null", "uv": [0.0, 0.0, 13.0, 0.0], "enabled": false },
                "down": { "texture": "#null", "uv": [0.0, 0.0, 13.0, 0.0], "enabled": false }
              }
            },
            {
              "name": "e 5",
              "from": [0.8, -0.5, -5.7],
              "to": [0.8, 12.5, 7.3],
              "shade": false,
              "renderPass": 2,
              "rotationOrigin": [0.8, -0.5, 0.7],
              "faces": {
                "north": { "texture": "#null", "uv": [0.0, 0.0, 0.0, 13.0], "enabled": false },
                "east": { "texture": "#e7", "uv": [1.5, 3.0, 14.5, 16.0], "windMode": [0, 2, 2, 0] },
                "south": { "texture": "#null", "uv": [0.0, 0.0, 0.0, 13.0], "enabled": false },
                "west": { "texture": "#null", "uv": [0.0, 0.0, 13.0, 13.0], "enabled": false },
                "up": { "texture": "#null", "uv": [0.0, 0.0, 0.0, 13.0], "enabled": false },
                "down": { "texture": "#null", "uv": [0.0, 0.0, 0.0, 13.0], "enabled": false }
              }
            }
          ]
        },
        {
          "name": "carrot 6",
          "from": [0.2, 0.0, 0.8],
          "to": [1.7, 1.0, 2.3],
          "rotationOrigin": [0.9, 0.0, 1.5],
          "rotationY": -45.0,
          "faces": {
            "north": { "texture": "#bulb", "uv": [10.0, 11.0, 11.5, 12.0], "windMode": [0, 0, 0, 0] },
            "east": { "texture": "#bulb", "uv": [0.0, 11.0, 1.5, 12.0], "windMode": [0, 0, 0, 0] },
            "south": { "texture": "#bulb", "uv": [6.0, 11.0, 7.5, 12.0], "windMode": [0, 0, 0, 0] },
            "west": { "texture": "#bulb", "uv": [14.0, 11.0, 15.5, 12.0], "windMode": [0, 0, 0, 0] },
            "up": { "texture": "#bulb", "uv": [8.0, 10.0, 9.5, 11.5], "windMode": [0, 0, 0, 0] },
            "down": { "texture": "#bulb", "uv": [4.0, 3.0, 5.5, 4.5], "enabled": false }
          },
          "children": [
            {
              "name": "carrot 6 top",
              "from": [0.2, 1.0, 0.3],
              "to": [1.2, 1.5, 1.3],
              "faces": {
                "north": { "texture": "#bulb", "uv": [9.0, 11.0, 10.0, 11.5], "windMode": [0, 0, 0, 0] },
                "east": { "texture": "#bulb", "uv": [7.0, 10.0, 8.0, 10.5], "windMode": [0, 0, 0, 0] },
                "south": { "texture": "#bulb", "uv": [12.0, 10.0, 13.0, 10.5], "windMode": [0, 0, 0, 0] },
                "west": { "texture": "#bulb", "uv": [8.0, 10.0, 9.0, 10.5], "windMode": [0, 0, 0, 0] },
                "up": { "texture": "#bulb", "uv": [4.0, 10.0, 5.0, 11.0], "windMode": [0, 0, 0, 0] },
                "down": { "texture": "#bulb", "uv": [9.0, 7.0, 10.0, 8.0], "enabled": false }
              }
            },
            {
              "name": "s 6",
              "from": [-5.8, 1.0, 0.8],
              "to": [7.2, 14.0, 0.8],
              "shade": false,
              "renderPass": 2,
              "rotationOrigin": [0.7, 1.0, 0.8],
              "faces": {
                "north": { "texture": "#leaves-we-8", "uv": [0.0, 0.0, 13.0, 13.0], "enabled": false },
                "east": { "texture": "#null", "uv": [0.0, 0.0, 0.0, 13.0], "enabled": false },
                "south": { "texture": "#s7", "uv": [1.5, 3.0, 14.5, 16.0], "windMode": [0, 0, 2, 2] },
                "west": { "texture": "#null", "uv": [0.0, 0.0, 0.0, 13.0], "enabled": false },
                "up": { "texture": "#null", "uv": [0.0, 0.0, 13.0, 0.0], "enabled": false },
                "down": { "texture": "#null", "uv": [0.0, 0.0, 13.0, 0.0], "enabled": false }
              }
            },
            {
              "name": "e 6",
              "from": [0.7, 1.0, -5.7],
              "to": [0.7, 14.0, 7.3],
              "shade": false,
              "renderPass": 2,
              "rotationOrigin": [0.7, 1.0, 0.8],
              "faces": {
                "north": { "texture": "#null", "uv": [0.0, 0.0, 0.0, 13.0], "enabled": false },
                "east": { "texture": "#e7", "uv": [1.5, 3.0, 14.5, 16.0], "windMode": [0, 2, 2, 0] },
                "south": { "texture": "#null", "uv": [0.0, 0.0, 0.0, 13.0], "enabled": false },
                "west": { "texture": "#null", "uv": [0.0, 0.0, 13.0, 13.0], "enabled": false },
                "up": { "texture": "#null", "uv": [0.0, 0.0, 0.0, 13.0], "enabled": false },
                "down": { "texture": "#null", "uv": [0.0, 0.0, 0.0, 13.0], "enabled": false }
              }
            }
          ]
        },
        {
          "name": "carrot 7",
          "from": [-1.8, 0.0, 2.3],
          "to": [-0.3, 1.0, 3.8],
          "rotationOrigin": [-1.1, 0.0, 3.0],
          "rotationY": -22.5,
          "faces": {
            "north": { "texture": "#bulb", "uv": [7.0, 7.0, 8.5, 8.0], "windMode": [0, 0, 0, 0] },
            "east": { "texture": "#bulb", "uv": [3.0, 7.0, 4.5, 8.0], "windMode": [0, 0, 0, 0] },
            "south": { "texture": "#bulb", "uv": [8.0, 7.0, 9.5, 8.0], "windMode": [0, 0, 0, 0] },
            "west": { "texture": "#bulb", "uv": [12.0, 7.0, 13.5, 8.0], "windMode": [0, 0, 0, 0] },
            "up": { "texture": "#bulb", "uv": [7.0, 4.0, 8.5, 5.5], "windMode": [0, 0, 0, 0] },
            "down": { "texture": "#bulb", "uv": [4.0, 3.0, 5.5, 4.5], "enabled": false }
          },
          "children": [
            {
              "name": "carrot 7 top",
              "from": [0.3, 1.0, 0.3],
              "to": [1.3, 1.5, 1.3],
              "rotationOrigin": [0.1, 0.0, 0.0],
              "faces": {
                "north": { "texture": "#bulb", "uv": [9.0, 6.0, 10.0, 6.5], "windMode": [0, 0, 0, 0] },
                "east": { "texture": "#bulb", "uv": [7.0, 5.0, 8.0, 5.5], "windMode": [0, 0, 0, 0] },
                "south": { "texture": "#bulb", "uv": [3.0, 5.0, 4.0, 5.5], "windMode": [0, 0, 0, 0] },
                "west": { "texture": "#bulb", "uv": [13.0, 5.0, 14.0, 5.5], "windMode": [0, 0, 0, 0] },
                "up": { "texture": "#bulb", "uv": [2.0, 5.0, 3.0, 6.0], "windMode": [0, 0, 0, 0] },
                "down": { "texture": "#bulb", "uv": [9.0, 7.0, 10.0, 8.0], "enabled": false }
              }
            },
            {
              "name": "s 7",
              "from": [-5.7, 0.0, 0.8],
              "to": [7.3, 13.0, 0.8],
              "shade": false,
              "renderPass": 2,
              "rotationOrigin": [0.8, 0.0, 0.8],
              "faces": {
                "north": { "texture": "#leaves-we-8", "uv": [0.0, 0.0, 13.0, 13.0], "enabled": false },
                "east": { "texture": "#null", "uv": [0.0, 0.0, 0.0, 13.0], "enabled": false },
                "south": { "texture": "#s7", "uv": [1.5, 3.0, 14.5, 16.0], "windMode": [0, 0, 2, 2] },
                "west": { "texture": "#null", "uv": [0.0, 0.0, 0.0, 13.0], "enabled": false },
                "up": { "texture": "#null", "uv": [0.0, 0.0, 13.0, 0.0], "enabled": false },
                "down": { "texture": "#null", "uv": [0.0, 0.0, 13.0, 0.0], "enabled": false }
              }
            },
            {
              "name": "e 7",
              "from": [0.8, 0.0, -5.7],
              "to": [0.8, 13.0, 7.3],
              "shade": false,
              "renderPass": 2,
              "rotationOrigin": [0.8, 0.0, 0.6],
              "faces": {
                "north": { "texture": "#null", "uv": [0.0, 0.0, 0.0, 13.0], "enabled": false },
                "east": { "texture": "#e7", "uv": [1.5, 3.0, 14.5, 16.0], "windMode": [0, 2, 2, 0] },
                "south": { "texture": "#null", "uv": [0.0, 0.0, 0.0, 13.0], "enabled": false },
                "west": { "texture": "#null", "uv": [0.0, 0.0, 13.0, 13.0], "enabled": false },
                "up": { "texture": "#null", "uv": [0.0, 0.0, 0.0, 13.0], "enabled": false },
                "down": { "texture": "#null", "uv": [0.0, 0.0, 0.0, 13.0], "enabled": false }
              }
            }
          ]
        },
        {
          "name": "carrot 8",
          "from": [-4.1, 0.0, 1.3],
          "to": [-2.6, 1.0, 2.8],
          "rotationOrigin": [-3.4, 0.0, 2.0],
          "rotationY": 22.5,
          "faces": {
            "north": { "texture": "#bulb", "uv": [12.0, 14.0, 13.5, 15.0], "windMode": [0, 0, 0, 0] },
            "east": { "texture": "#bulb", "uv": [6.0, 14.0, 7.5, 15.0], "windMode": [0, 0, 0, 0] },
            "south": { "texture": "#bulb", "uv": [3.0, 14.0, 4.5, 15.0], "windMode": [0, 0, 0, 0] },
            "west": { "texture": "#bulb", "uv": [12.0, 14.0, 13.5, 15.0], "windMode": [0, 0, 0, 0] },
            "up": { "texture": "#bulb", "uv": [3.0, 12.0, 4.5, 13.5], "windMode": [0, 0, 0, 0] },
            "down": { "texture": "#bulb", "uv": [4.0, 3.0, 5.5, 4.5], "enabled": false }
          },
          "children": [
            {
              "name": "carrot 8 top",
              "from": [0.2, 1.0, 0.3],
              "to": [1.2, 1.5, 1.3],
              "faces": {
                "north": { "texture": "#bulb", "uv": [9.0, 13.0, 10.0, 13.5], "windMode": [0, 0, 0, 0] },
                "east": { "texture": "#bulb", "uv": [8.0, 13.0, 9.0, 13.5], "windMode": [0, 0, 0, 0] },
                "south": { "texture": "#bulb", "uv": [8.0, 12.0, 9.0, 12.5], "windMode": [0, 0, 0, 0] },
                "west": { "texture": "#bulb", "uv": [10.0, 13.0, 11.0, 13.5], "windMode": [0, 0, 0, 0] },
                "up": { "texture": "#bulb", "uv": [9.0, 13.0, 10.0, 14.0], "windMode": [0, 0, 0, 0] },
                "down": { "texture": "#bulb", "uv": [9.0, 7.0, 10.0, 8.0], "enabled": false }
              }
            },
            {
              "name": "s 8",
              "from": [-5.8, 1.0, 0.8],
              "to": [7.2, 14.0, 0.8],
              "shade": false,
              "renderPass": 2,
              "rotationOrigin": [0.7, 1.0, 0.8],
              "faces": {
                "north": { "texture": "#leaves-we-8", "uv": [0.0, 0.0, 13.0, 13.0], "enabled": false },
                "east": { "texture": "#null", "uv": [0.0, 0.0, 0.0, 13.0], "enabled": false },
                "south": { "texture": "#s7", "uv": [1.5, 3.0, 14.5, 16.0], "windMode": [0, 0, 2, 2] },
                "west": { "texture": "#null", "uv": [0.0, 0.0, 0.0, 13.0], "enabled": false },
                "up": { "texture": "#null", "uv": [0.0, 0.0, 13.0, 0.0], "enabled": false },
                "down": { "texture": "#null", "uv": [0.0, 0.0, 13.0, 0.0], "enabled": false }
              }
            },
            {
              "name": "e 8",
              "from": [0.7, 1.0, -5.7],
              "to": [0.7, 14.0, 7.3],
              "shade": false,
              "renderPass": 2,
              "rotationOrigin": [0.7, 1.0, 0.7],
              "faces": {
                "north": { "texture": "#null", "uv": [0.0, 0.0, 0.0, 13.0], "enabled": false },
                "east": { "texture": "#e7", "uv": [1.5, 3.0, 14.5, 16.0], "windMode": [0, 2, 2, 0] },
                "south": { "texture": "#null", "uv": [0.0, 0.0, 0.0, 13.0], "enabled": false },
                "west": { "texture": "#null", "uv": [0.0, 0.0, 13.0, 13.0], "enabled": false },
                "up": { "texture": "#null", "uv": [0.0, 0.0, 0.0, 13.0], "enabled": false },
                "down": { "texture": "#null", "uv": [0.0, 0.0, 0.0, 13.0], "enabled": false }
              }
            }
          ]
        }
      ]
    }
  ]
}
