{
  "code": "headmount",
	"maxstacksize": 4,
  "variantgroups": [
    {"code": "type","states": [ "baby","female","male" ]},
    {"code": "genus","states": [ "neofelis","panthera"]},
    {"code": "species","states": [ "atrox","diardi","leo","nebulosa","onca","pardus","spelaea","tigris","uncia"]},
    {"code": "pigment","states": [ "normal","albino","melanistic"]}
  ],
	"allowedVariants": [
		"*-neofelis-diardi-normal",
		"*-neofelis-nebulosa-normal",
		"*-panthera-atrox-normal",
		"*-panthera-leo-normal",
		"*-panthera-onca-melanistic",
		"*-panthera-onca-normal",
		"*-panthera-pardus-melanistic",
		"*-panthera-pardus-normal",
		"*-panthera-spelaea-normal",
		"*-panthera-tigris-normal",
		"*-panthera-uncia-normal"
	],
  "attributes": {
    "handbook": {
      "groupBy": [ "headmount-*" ]
    },
		"antlerMountableByType": {
			"*": true
		},
		"onAntlerMountTransformByType": {
			"*": {
				"translation": { "x": -0.9, "y": 0, "z": 0 },
				"rotation": { "x": 0, "y": 180, "z": 0 },
				"origin": { "x": 1, "y": 0.65, "z": 0.5 }
			}			
		}
  },
  "shapebytype": {
    "*": {
      "base": "block/{genus}/headmount-{species}-{type}"
    }
  },
  "creativeinventory": {"general": [ "*" ], "decorative": [ "*" ]
  },
  "texturesByType": {
    "*-male-panthera-leo-*": {"skin": {"base": "entity/pantherinae/{genus}-{species}"},"mane": {"base": "entity/pantherinae/{genus}-{species}-mane"}},
    "*-baby-*-melanistic": {"skin": {"base": "entity/pantherinae/cub-{species}-melanistic"}},
    "*-baby-*": {"skin": {"base": "entity/pantherinae/cub-{species}"}},
    "*-melanistic": {"skin": {"base": "entity/pantherinae/{genus}-{species}-melanistic"}},
    "*": {"skin": {"base": "entity/pantherinae/{genus}-{species}"}}
  },
  "combustibleProps": {
    "burnTemperature": 400,
    "burnDuration": 10
  },
  "sounds": {
    "place": "game:block/cloth",
    "walk": "game:walk/cloth"
  },
  "guiTransformByType": {
    "*": {
     "translation": {"x": 0,"y": 3,"z": 0},
    "rotation": {"x": 0,"y": -60,"z": 180},
    "origin": {"x": 1.0,"y": 0.65,"z": 0.5},
    "scale": 2.0
      }
  },
  "groundTransform": {
    "translation": {"x": 0.5,"y": 0,"z": 0},
    "rotation": {"x": 0,"y": 135,"z": 0},
    "origin": {"x": 0.5,"y": -0.02,"z": 0.5},
    "scale": 1
  },
  "tpHandTransform": {
    "translation": {"x": -0.55,"y": -0.6,"z": -0.15},
    "rotation": {"x": 0,"y": 0,"z": 0},
    "origin": {"x": 0.5,"y": 0.5,"z": 0.1},
    "scale": 1.0
  },
  "fpHandTransform": {
    "rotation": {"x": 0,"y": 0,"z": 0},
    "origin": {"x": 0.5,"y": -1,"z": 1.5}
  },
  "materialDensity": 200
}