{
	"code": "pelt",
		"behaviors": [
		{ "name": "GroundStorable", "properties": { "layout": "SingleCenter"}}
	],
  "variantgroups": [
    {"code": "genus","states": [ "neofelis","panthera"]},
    {"code": "type","states": [ "baby","female","male" ]},
    {"code": "species","states": [ "atrox","diardi","leo","nebulosa","onca","pardus","spelaea","tigris","uncia" ]},
    {"code": "pigment","states": [ "normal","albino","melanistic"]}
    ],
	"allowedVariants": [
		"*-neofelis-*-diardi-normal",
		"*-neofelis-*-nebulosa-normal",
		"*-panthera-*-atrox-normal",
		"*-panthera-*-leo-normal",
		"*-panthera-*-onca-melanistic",
		"*-panthera-*-onca-normal",
		"*-panthera-*-pardus-melanistic",
		"*-panthera-*-pardus-normal",
		"*-panthera-*-spelaea-normal",
		"*-panthera-*-tigris-normal",
		"*-panthera-*-uncia-normal"
	],
  "shapebytype": {
    "*": {
      "base": "item/{genus}/floorpelt-{species}-{type}"
    }
  },
  "texturesByType": {
    "*-male-leo-*": {"skin": {"base": "entity/pantherinae/{genus}-{species}"},"mane": {"base": "entity/pantherinae/{genus}-{species}-mane"},"bottom": {"base": "game:block/leather/plain"}},
    "*-baby-*-melanistic": {"skin": {"base": "entity/pantherinae/cub-{species}-melanistic"},"bottom": {"base": "game:block/leather/plain"}},
    "*-baby-*": {"skin": {"base": "entity/pantherinae/cub-{species}"},"bottom": {"base": "game:block/leather/plain"}},
    "*-melanistic": {"skin": {"base": "entity/pantherinae/{genus}-{species}-melanistic"},"bottom": {"base": "game:block/leather/plain"}},
    "*": {"skin": {"base": "entity/pantherinae/{genus}-{species}"},"bottom": {"base": "game:block/leather/plain"}}
  },
	"creativeinventory": { "general": ["*"], "items": ["*"] },
	"maxstacksize": 64,
	"attributes": {
		"handbook": {"groupBy": ["floorpelt-*"]},
		"displaycaseable": false, 
		"shelvable": false,
		"antlerMountableByType": {
			"*": true
		},
		"onAntlerMountTransformByType": {
			"*": {
			"translation": { "x": 0.0, "y": 0.45, "z": 0 },
			"rotation": { "x": 0, "y": 0, "z": -90 },
			"origin": { "x": 0.1, "y": 0.0, "z": 0.5 },
			"scale": 1.0
			}			
		},
		"rackable": true,
		"toolrackTransform": {
			"translation": { "x": 0, "y": 0.45, "z": 0 },
			"rotation": { "x": -179.9, "y": 180, "z": 0 },
			"origin": { "x": 0.1, "y": 0.0, "z": 0.5 },
			"scale": 1.75
		},
		"onDisplayTransform": {
			"translation": { "x": 0, "y": -0.05, "z": 0.0 },
			"rotation": { "x": 0, "y": -45, "z": 0 },
			"origin": { "x": 0.5, "y": 0.5, "z": 0.5 },
			"scale": 1.0
		},
		"groundStorageTransform": {
			"translation": { "x": 0, "y": 0.0, "z": -0.0 },
			"rotation": { "x": 0, "y": 90, "z": 0 },
			"scale": 1.00
		}
	},
  "sounds": {
    "walk": "game:walk/cloth"
  },
	"materialDensity": 500,
	"heldTpHitAnimation": "breaktool",
	"fpHandTransform": {
		"translation": { "x": 0, "y": -0.5, "z": -1.5 },
		"rotation": { "x": 180, "y": 0, "z": 90 },
		"scale": 1
	},
	"guiTransformByType": {
    "*": {"translation": {"x": 0,"y": 1,"z": 0},"rotation": {"x": 0,"y": 145,"z": 90},"origin": {"x": 0.5,"y": 0.1,"z": 0.5},"scale": 2.5}
	},
	"tpHandTransform": {
		"translation": { "x": -0.55, "y": -0.10, "z": -0.45},
		"rotation": { "x": -90, "y": 90, "z": 0 },
		"origin": { "x": 0.5, "y": 0.0, "z": 0.5 },
		"scale": 1.0
	},

		"groundTransform": {
		"translation": { "x": 0, "y": 0, "z": 0 },
		"rotation": { "x": 0, "y": 0, "z": 0 },
		"origin": { "x": 0.5, "y": 0.0, "z": 0.5299 },
		"scale": 1
	}
	

}