{
  "code": "taxidermy",
	"maxstacksize": 4,
		"behaviors": [
		{ "name": "GroundStorable", "properties": { "layout": "SingleCenter"}}
	],
    "variantgroups": [
    {"code": "genus","states": [ "neofelis","panthera"]},
    {"code": "type","states": [ "baby","female","male" ]},
    {"code": "species","states": [ "atrox","diardi","leo","nebulosa","onca","pardus","spelaea","tigris","uncia" ]},
    {"code": "pigment","states": [ "normal","albino","melanistic"]}
  ],
	"allowedVariants": [
		"*-neofelis-*-diardi-normal",
		"*-neofelis-*-nebulosa-normal",
		"*-panthera-*-atrox-normal",
		"*-panthera-*-leo-normal",
		"*-panthera-*-onca-melanistic",
		"*-panthera-*-onca-normal",
		"*-panthera-*-pardus-melanistic",
		"*-panthera-*-pardus-normal",
		"*-panthera-*-spelaea-normal",
		"*-panthera-*-tigris-normal",
		"*-panthera-*-uncia-normal"
	],
  "attributes": {
    "handbook": {
      "groupBy": [ "taxidermy-*" ]
    },
		"groundStorageTransformByType": {
			"*": {"rotation": { "x": 0, "y": 90, "z": 0 },"origin": { "x": 0.5, "y": 0.0, "z": 0.5 },"scale": 1}
	}
  },
  "shapebytype": {
    "*": {
      "base": "block/{genus}/taxidermy-{species}-{type}"
    }
  },
  "creativeinventory": {"general": [ "*" ], "decorative": [ "*" ]
  },
  "texturesByType": {
    "*-male-leo-*": {"skin": {"base": "entity/pantherinae/{genus}-{species}"},"mane": {"base": "entity/pantherinae/{genus}-{species}-mane"}},
    "*-baby-*-melanistic-*": {"skin": {"base": "entity/pantherinae/cub-{species}-melanistic"}},
    "*-baby-*": {"skin": {"base": "entity/pantherinae/cub-{species}"}},
    "*-melanistic": {"skin": {"base": "entity/pantherinae/{genus}-{species}-melanistic"}},
    "*": {"skin": {"base": "entity/pantherinae/{genus}-{species}"}}
  },
  "combustibleProps": {
    "burnTemperature": 400,
    "burnDuration": 10
  },
  "sounds": {
    "place": "game:block/cloth",
    "walk": "game:walk/cloth"
  },
	"guiTransformByType": {
		"*": {
			"rotate": true,
			"translation": { "x": 0, "y": 0, "z": 0 },
			"rotation": { "x": -11, "y": -60, "z": 180 },
			"origin": { "x": 0.5, "y": 0.5, "z": 0.5 },
			"scale": 1.0
		}			
	},
  "groundTransform": {
    "translation": {"x": 0.5,"y": 0,"z": 0},
    "rotation": {"x": 0,"y": 135,"z": 0},
    "origin": {"x": 0.5,"y": -0.02,"z": 0.5},
    "scale": 1
  },
  "tpHandTransform": {
    "translation": {"x": -1,"y": -0.8,"z": -1},
    "rotation": {"x": -46,"y": 300,"z": -2},
    "origin": {"x": 0.5,"y": 1,"z": 0.5},
    "scale": 1
  },
  "fpHandTransform": {
		"translation": { "x": 0.4, "y": 0, "z": 0 },
		"rotation": { "x": -8, "y": -63, "z": -7 },
    "origin": {"x": 0.5,"y": 0.1,"z": 0.5},
    "scale": 1
  },
  "materialDensity": 200
}