{
	"editor": {
		"allAngles": true,
		"entityTextureMode": false
	},
	"textureWidth": 16,
	"textureHeight": 16,
	"textureSizes": {
	},
	"textures": {
		"lobster": "game:block/plant/mushroom/lobster/lobster",
		"mycelium1": "game:block/plant/mushroom/mycelium1"
	},
	"elements": [
		{
			"name": "origin",
			"from": [ 8.0, 0.0, 8.0 ], 
			"to": [ 8.0, 0.0, 8.0 ], 
			"rotationOrigin": [ 8.0, 0.0, 8.0 ],
			"faces": {
				"north": { "texture": "#lobster", "uv": [ 0.0, 0.0, 0.5, 0.5 ], "enabled": false },
				"east": { "texture": "#lobster", "uv": [ 0.0, 0.0, 0.5, 0.5 ], "enabled": false },
				"south": { "texture": "#lobster", "uv": [ 0.0, 0.0, 0.5, 0.5 ], "enabled": false },
				"west": { "texture": "#lobster", "uv": [ 0.0, 0.0, 0.5, 0.5 ], "enabled": false },
				"up": { "texture": "#lobster", "uv": [ 0.0, 0.0, 0.5, 0.5 ], "enabled": false },
				"down": { "texture": "#lobster", "uv": [ 0.0, 0.0, 0.5, 0.5 ], "enabled": false }
			},
			"children": [
				{
					"name": "tiny20",
					"from": [ 1.0, 0.0, 1.0 ], 
					"to": [ 2.0, 0.5, 2.0 ], 
					"rotationOrigin": [ 1.5, 0.0, 1.5 ],
					"rotationY": -39.0,
					"faces": {
						"north": { "texture": "#lobster", "uv": [ 0.5, 3.0, 1.5, 3.5 ] },
						"east": { "texture": "#lobster", "uv": [ 0.5, 5.0, 1.5, 5.5 ] },
						"south": { "texture": "#lobster", "uv": [ 0.0, 3.5, 1.0, 4.0 ] },
						"west": { "texture": "#lobster", "uv": [ 0.0, 2.0, 1.0, 2.5 ] },
						"up": { "texture": "#lobster", "uv": [ 4.0, 5.0, 5.0, 6.0 ], "enabled": false },
						"down": { "texture": "#lobster", "uv": [ 0.5, 0.0, 1.5, 1.0 ] }
					},
					"children": [
						{
							"name": "cap6",
							"from": [ -0.2, 0.4, -0.3 ], 
							"to": [ 1.3, 0.9, 1.2 ], 
							"rotationOrigin": [ 0.5, 0.4, 0.4 ],
							"rotationX": 5.0,
							"rotationZ": 3.0,
							"faces": {
								"north": { "texture": "#lobster", "uv": [ 4.0, 10.0, 5.5, 10.5 ] },
								"east": { "texture": "#lobster", "uv": [ 3.0, 9.0, 4.5, 9.5 ] },
								"south": { "texture": "#lobster", "uv": [ 5.0, 9.0, 6.5, 9.5 ] },
								"west": { "texture": "#lobster", "uv": [ 3.0, 12.0, 4.5, 12.5 ] },
								"up": { "texture": "#lobster", "uv": [ 14.0, 7.0, 15.5, 8.5 ] },
								"down": { "texture": "#lobster", "uv": [ 12.5, 1.0, 14.0, 2.5 ] }
							}
						}
					]
				},
				{
					"name": "tiny",
					"from": [ 2.0, 0.0, -1.5001 ], 
					"to": [ 3.0, 1.0, -0.5001 ], 
					"rotationOrigin": [ 2.0, 0.0, -1.0001 ],
					"rotationY": 34.0,
					"faces": {
						"north": { "texture": "#lobster", "uv": [ 0.5, 9.0, 1.5, 10.0 ] },
						"east": { "texture": "#lobster", "uv": [ 1.0, 8.0, 2.0, 9.0 ] },
						"south": { "texture": "#lobster", "uv": [ 0.0, 10.0, 1.0, 11.0 ] },
						"west": { "texture": "#lobster", "uv": [ 0.0, 7.5, 1.0, 8.5 ] },
						"up": { "texture": "#lobster", "uv": [ 4.0, 5.0, 5.0, 6.0 ], "enabled": false },
						"down": { "texture": "#lobster", "uv": [ 0.5, 7.0, 1.5, 8.0 ] }
					},
					"children": [
						{
							"name": "cap2",
							"from": [ -0.5, 0.8, -0.5 ], 
							"to": [ 1.5, 1.3, 1.5 ], 
							"rotationOrigin": [ 0.5, 0.8, 0.5 ],
							"rotationX": 6.0,
							"rotationZ": -19.0,
							"faces": {
								"north": { "texture": "#lobster", "uv": [ 9.0, 6.0, 11.0, 6.5 ] },
								"east": { "texture": "#lobster", "uv": [ 11.0, 5.5, 13.0, 6.0 ] },
								"south": { "texture": "#lobster", "uv": [ 10.5, 5.0, 12.5, 5.5 ] },
								"west": { "texture": "#lobster", "uv": [ 10.0, 5.0, 12.0, 5.5 ] },
								"up": { "texture": "#lobster", "uv": [ 9.0, 4.0, 11.0, 6.0 ] },
								"down": { "texture": "#lobster", "uv": [ 11.0, 2.5, 13.0, 4.5 ] }
							}
						}
					]
				},
				{
					"name": "large",
					"from": [ -2.28, 0.0, -1.66 ], 
					"to": [ -0.78, 2.0, -0.16 ], 
					"rotationOrigin": [ -1.5825, 0.0, -0.9588 ],
					"rotationY": 24.0,
					"faces": {
						"north": { "texture": "#lobster", "uv": [ 1.0, 11.5, 2.5, 13.5 ] },
						"east": { "texture": "#lobster", "uv": [ 1.0, 11.0, 2.5, 13.0 ] },
						"south": { "texture": "#lobster", "uv": [ 1.0, 10.5, 2.5, 12.5 ] },
						"west": { "texture": "#lobster", "uv": [ 1.0, 11.0, 2.5, 13.0 ] },
						"up": { "texture": "#lobster", "uv": [ 4.0, 5.0, 5.5, 6.5 ], "enabled": false },
						"down": { "texture": "#lobster", "uv": [ 2.0, 12.5, 3.5, 14.0 ] }
					},
					"children": [
						{
							"name": "cap4",
							"from": [ -1.8, 3.5, -1.0 ], 
							"to": [ 2.7, 4.5, 3.5 ], 
							"rotationOrigin": [ 0.3, 3.5, 1.3 ],
							"rotationX": 19.0,
							"rotationZ": 8.0,
							"faces": {
								"north": { "texture": "#lobster", "uv": [ 6.0, 10.0, 10.5, 11.0 ], "enabled": false },
								"east": { "texture": "#lobster", "uv": [ 9.0, 4.0, 13.5, 5.0 ], "enabled": false },
								"south": { "texture": "#lobster", "uv": [ 11.0, 14.0, 15.5, 15.0 ], "enabled": false },
								"west": { "texture": "#lobster", "uv": [ 8.0, 12.0, 12.5, 13.0 ], "enabled": false },
								"up": { "texture": "#lobster", "uv": [ 1.5, 1.5, 6.0, 6.0 ] },
								"down": { "texture": "#lobster", "uv": [ 10.0, 0.5, 14.5, 5.0 ] }
							},
							"children": [
								{
									"name": "Cube1",
									"from": [ 0.0, -0.2, -0.6 ], 
									"to": [ 4.5, 0.8, 0.4 ], 
									"rotationOrigin": [ 2.0, 0.8, 0.4 ],
									"rotationX": 22.0,
									"faces": {
										"north": { "texture": "#lobster", "uv": [ 4.5, 10.0, 9.0, 11.0 ] },
										"east": { "texture": "#lobster", "uv": [ 4.0, 6.0, 5.0, 7.0 ] },
										"south": { "texture": "#lobster", "uv": [ 0.0, 0.0, 4.5, 1.0 ], "enabled": false },
										"west": { "texture": "#lobster", "uv": [ 2.0, 6.5, 3.0, 7.5 ] },
										"up": { "texture": "#lobster", "uv": [ 1.0, 6.0, 5.5, 7.0 ] },
										"down": { "texture": "#lobster", "uv": [ 3.0, 6.5, 7.5, 7.5 ] }
									}
								},
								{
									"name": "Cube22",
									"from": [ 0.0, -0.3, 4.1 ], 
									"to": [ 4.5, 0.7, 5.1 ], 
									"rotationOrigin": [ 2.0, 0.7, 4.1 ],
									"rotationX": -39.0,
									"faces": {
										"north": { "texture": "#lobster", "uv": [ 4.5, 8.0, 9.0, 9.0 ], "enabled": false },
										"east": { "texture": "#lobster", "uv": [ 6.0, 8.0, 7.0, 9.0 ] },
										"south": { "texture": "#lobster", "uv": [ 1.5, 4.5, 6.0, 5.5 ] },
										"west": { "texture": "#lobster", "uv": [ 4.5, 4.0, 5.5, 5.0 ] },
										"up": { "texture": "#lobster", "uv": [ 3.5, 6.0, 8.0, 7.0 ] },
										"down": { "texture": "#lobster", "uv": [ 3.5, 4.0, 8.0, 5.0 ] }
									}
								},
								{
									"name": "Cube23",
									"from": [ -0.6, -0.1, 0.0 ], 
									"to": [ 0.4, 0.9, 4.5 ], 
									"rotationOrigin": [ 0.4, 0.9, 2.5 ],
									"rotationZ": -17.0,
									"faces": {
										"north": { "texture": "#lobster", "uv": [ 4.5, 4.0, 5.5, 5.0 ] },
										"east": { "texture": "#lobster", "uv": [ 0.0, 0.0, 4.5, 1.0 ], "enabled": false },
										"south": { "texture": "#lobster", "uv": [ 0.5, 5.0, 1.5, 6.0 ] },
										"west": { "texture": "#lobster", "uv": [ 1.5, 6.5, 6.0, 7.5 ] },
										"up": { "texture": "#lobster", "uv": [ 5.5, 0.5, 6.5, 5.0 ] },
										"down": { "texture": "#lobster", "uv": [ 5.0, 1.0, 6.0, 5.5 ] }
									}
								},
								{
									"name": "Cube24",
									"from": [ 4.2, 0.0, 0.0 ], 
									"to": [ 5.2, 1.0, 4.5 ], 
									"rotationOrigin": [ 4.2, 1.0, 2.5 ],
									"rotationZ": 11.0,
									"faces": {
										"north": { "texture": "#lobster", "uv": [ 4.0, 4.5, 5.0, 5.5 ] },
										"east": { "texture": "#lobster", "uv": [ 0.5, 8.0, 5.0, 9.0 ] },
										"south": { "texture": "#lobster", "uv": [ 4.5, 3.0, 5.5, 4.0 ] },
										"west": { "texture": "#lobster", "uv": [ 0.0, 0.0, 4.5, 1.0 ], "enabled": false },
										"up": { "texture": "#lobster", "uv": [ 4.5, 2.5, 5.5, 7.0 ] },
										"down": { "texture": "#lobster", "uv": [ 4.0, 1.5, 5.0, 6.0 ] }
									}
								}
							]
						},
						{
							"name": "stem3",
							"from": [ 0.0, 1.8, 0.0 ], 
							"to": [ 1.5, 3.8, 1.5 ], 
							"rotationOrigin": [ 0.7, 1.8, 0.7 ],
							"rotationX": 10.0,
							"rotationZ": 8.0,
							"faces": {
								"north": { "texture": "#lobster", "uv": [ 2.0, 8.5, 3.5, 10.5 ] },
								"east": { "texture": "#lobster", "uv": [ 1.0, 7.5, 2.5, 9.5 ] },
								"south": { "texture": "#lobster", "uv": [ 4.5, 7.5, 6.0, 9.5 ] },
								"west": { "texture": "#lobster", "uv": [ 3.5, 8.0, 5.0, 10.0 ] },
								"up": { "texture": "#lobster", "uv": [ 0.0, 0.0, 1.5, 1.5 ], "enabled": false },
								"down": { "texture": "#lobster", "uv": [ 3.0, 4.0, 4.5, 5.5 ], "enabled": false }
							}
						}
					]
				},
				{
					"name": "single voxel25",
					"from": [ 0.1, 0.0, 3.5 ], 
					"to": [ 1.1, 0.5, 4.5 ], 
					"rotationOrigin": [ 0.1, 0.0, 3.5 ],
					"rotationY": 20.0,
					"faces": {
						"north": { "texture": "#lobster", "uv": [ 0.5, 7.5, 1.5, 8.0 ] },
						"east": { "texture": "#lobster", "uv": [ 1.0, 5.5, 2.0, 6.0 ] },
						"south": { "texture": "#lobster", "uv": [ 0.5, 6.5, 1.5, 7.0 ] },
						"west": { "texture": "#lobster", "uv": [ 0.5, 4.0, 1.5, 4.5 ] },
						"up": { "texture": "#lobster", "uv": [ 0.5, 5.5, 1.5, 6.5 ] },
						"down": { "texture": "#lobster", "uv": [ 1.0, 7.5, 2.0, 8.5 ] }
					}
				},
				{
					"name": "medium small",
					"from": [ -4.15, 0.0, -3.84 ], 
					"to": [ -3.15, 1.0, -2.84 ], 
					"rotationOrigin": [ -3.65, 0.0, -3.34 ],
					"rotationY": -22.0,
					"rotationZ": 4.0,
					"faces": {
						"north": { "texture": "#lobster", "uv": [ 5.5, 12.5, 6.5, 13.5 ] },
						"east": { "texture": "#lobster", "uv": [ 11.0, 6.0, 12.0, 7.0 ] },
						"south": { "texture": "#lobster", "uv": [ 10.5, 5.0, 11.5, 6.0 ] },
						"west": { "texture": "#lobster", "uv": [ 10.0, 7.0, 11.0, 8.0 ] },
						"up": { "texture": "#lobster", "uv": [ 4.0, 5.0, 5.0, 6.0 ], "enabled": false },
						"down": { "texture": "#lobster", "uv": [ 10.5, 1.5, 11.5, 2.5 ] }
					},
					"children": [
						{
							"name": "cap",
							"from": [ -1.0, 1.7, -1.0 ], 
							"to": [ 2.0, 2.2, 2.0 ], 
							"rotationOrigin": [ 0.5, 1.7, 0.5 ],
							"rotationX": -9.0,
							"rotationZ": 14.0,
							"faces": {
								"north": { "texture": "#lobster", "uv": [ 13.0, 3.0, 16.0, 3.5 ], "enabled": false },
								"east": { "texture": "#lobster", "uv": [ 9.0, 7.0, 12.0, 7.5 ], "enabled": false, "autoUv": false },
								"south": { "texture": "#lobster", "uv": [ 10.0, 8.0, 13.0, 8.5 ], "enabled": false },
								"west": { "texture": "#lobster", "uv": [ 9.0, 7.0, 12.0, 7.5 ], "enabled": false },
								"up": { "texture": "#lobster", "uv": [ 9.5, 1.5, 12.5, 4.5 ] },
								"down": { "texture": "#lobster", "uv": [ 10.0, 2.5, 13.0, 5.5 ] }
							},
							"children": [
								{
									"name": "Cube25",
									"from": [ 0.0, 0.0, 2.7 ], 
									"to": [ 3.0, 0.5, 3.2 ], 
									"rotationOrigin": [ 1.5, 0.5, 2.7 ],
									"rotationX": -22.0,
									"faces": {
										"north": { "texture": "#lobster", "uv": [ 4.5, 10.0, 7.5, 10.5 ], "enabled": false },
										"east": { "texture": "#lobster", "uv": [ 9.5, 8.5, 10.0, 9.0 ] },
										"south": { "texture": "#lobster", "uv": [ 8.5, 10.0, 11.5, 10.5 ] },
										"west": { "texture": "#lobster", "uv": [ 8.5, 12.0, 9.0, 12.5 ] },
										"up": { "texture": "#lobster", "uv": [ 8.5, 9.0, 11.5, 9.5 ] },
										"down": { "texture": "#lobster", "uv": [ 9.5, 6.5, 12.5, 7.0 ] }
									}
								},
								{
									"name": "Cube26",
									"from": [ 0.0, -0.1, -0.3 ], 
									"to": [ 3.0, 0.4, 0.2 ], 
									"rotationOrigin": [ 1.5, 0.4, 0.2 ],
									"rotationX": 25.0,
									"faces": {
										"north": { "texture": "#lobster", "uv": [ 4.5, 2.5, 7.5, 3.0 ] },
										"east": { "texture": "#lobster", "uv": [ 3.0, 5.5, 3.5, 6.0 ] },
										"south": { "texture": "#lobster", "uv": [ 3.5, 2.5, 6.5, 3.0 ], "enabled": false },
										"west": { "texture": "#lobster", "uv": [ 5.0, 4.0, 5.5, 4.5 ] },
										"up": { "texture": "#lobster", "uv": [ 7.5, 4.0, 10.5, 4.5 ] },
										"down": { "texture": "#lobster", "uv": [ 10.5, 3.0, 13.5, 3.5 ] }
									}
								},
								{
									"name": "Cube27",
									"from": [ 2.7, -0.1, 0.0 ], 
									"to": [ 3.2, 0.4, 3.0 ], 
									"rotationOrigin": [ 2.7, 0.4, 1.5 ],
									"rotationZ": 22.0,
									"faces": {
										"north": { "texture": "#lobster", "uv": [ 9.0, 7.0, 9.5, 7.5 ] },
										"east": { "texture": "#lobster", "uv": [ 7.0, 11.0, 10.0, 11.5 ] },
										"south": { "texture": "#lobster", "uv": [ 8.5, 7.0, 9.0, 7.5 ] },
										"west": { "texture": "#lobster", "uv": [ 4.0, 6.0, 7.0, 6.5 ], "enabled": false },
										"up": { "texture": "#lobster", "uv": [ 9.0, 1.5, 9.5, 4.5 ] },
										"down": { "texture": "#lobster", "uv": [ 14.5, 1.5, 15.0, 4.5 ] }
									}
								},
								{
									"name": "Cube28",
									"from": [ -0.2, 0.0, 0.0 ], 
									"to": [ 0.3, 0.5, 3.0 ], 
									"rotationOrigin": [ 0.3, 0.5, 1.5 ],
									"rotationZ": -17.0,
									"faces": {
										"north": { "texture": "#lobster", "uv": [ 4.0, 14.0, 4.5, 14.5 ] },
										"east": { "texture": "#lobster", "uv": [ 0.5, 13.5, 3.5, 14.0 ], "enabled": false },
										"south": { "texture": "#lobster", "uv": [ 8.5, 4.0, 9.0, 4.5 ] },
										"west": { "texture": "#lobster", "uv": [ 8.0, 7.0, 11.0, 7.5 ] },
										"up": { "texture": "#lobster", "uv": [ 10.0, 4.0, 10.5, 7.0 ] },
										"down": { "texture": "#lobster", "uv": [ 15.0, 0.5, 15.5, 3.5 ] }
									}
								}
							]
						},
						{
							"name": "stem",
							"from": [ 0.0, 0.8, 0.0 ], 
							"to": [ 1.0, 1.8, 1.0 ], 
							"rotationOrigin": [ 0.5, 0.8, 0.5 ],
							"rotationX": -6.0,
							"rotationZ": 4.0,
							"faces": {
								"north": { "texture": "#lobster", "uv": [ 8.5, 8.5, 9.5, 9.5 ] },
								"east": { "texture": "#lobster", "uv": [ 9.0, 9.0, 10.0, 10.0 ] },
								"south": { "texture": "#lobster", "uv": [ 9.5, 8.5, 10.5, 9.5 ] },
								"west": { "texture": "#lobster", "uv": [ 11.0, 7.5, 12.0, 8.5 ] },
								"up": { "texture": "#lobster", "uv": [ 0.0, 0.0, 1.0, 1.0 ], "enabled": false },
								"down": { "texture": "#lobster", "uv": [ 0.0, 0.0, 1.0, 1.0 ], "enabled": false }
							}
						}
					]
				},
				{
					"name": "tiny19",
					"from": [ -1.0, -0.3, 1.5 ], 
					"to": [ 0.0, 1.2, 2.5 ], 
					"rotationOrigin": [ -0.5, -0.3, 1.9999 ],
					"rotationX": 10.0,
					"rotationZ": 6.0,
					"faces": {
						"north": { "texture": "#lobster", "uv": [ 10.5, 11.0, 11.5, 12.5 ] },
						"east": { "texture": "#lobster", "uv": [ 10.5, 10.5, 11.5, 12.0 ] },
						"south": { "texture": "#lobster", "uv": [ 9.0, 9.0, 10.0, 10.5 ] },
						"west": { "texture": "#lobster", "uv": [ 10.0, 7.5, 11.0, 9.0 ] },
						"up": { "texture": "#lobster", "uv": [ 4.0, 5.0, 5.0, 6.0 ], "enabled": false },
						"down": { "texture": "#lobster", "uv": [ 9.0, 7.5, 10.0, 8.5 ] }
					},
					"children": [
						{
							"name": "cap20",
							"from": [ -0.5, 1.3, -0.5 ], 
							"to": [ 1.5, 1.8, 1.5 ], 
							"rotationOrigin": [ 0.5, 1.3, 0.5 ],
							"rotationX": 25.0,
							"rotationZ": -3.0,
							"faces": {
								"north": { "texture": "#lobster", "uv": [ 10.0, 7.0, 12.0, 7.5 ] },
								"east": { "texture": "#lobster", "uv": [ 11.0, 7.0, 13.0, 7.5 ] },
								"south": { "texture": "#lobster", "uv": [ 10.0, 7.0, 12.0, 7.5 ] },
								"west": { "texture": "#lobster", "uv": [ 9.0, 7.5, 11.0, 8.0 ] },
								"up": { "texture": "#lobster", "uv": [ 8.0, 4.0, 10.0, 6.0 ] },
								"down": { "texture": "#lobster", "uv": [ 10.5, 2.0, 12.5, 4.0 ] }
							}
						}
					]
				},
				{
					"name": "stem9",
					"from": [ 3.5, 0.0, -0.5 ], 
					"to": [ 4.3, 1.0, 0.3 ], 
					"rotationOrigin": [ 3.9, 0.0, -0.1 ],
					"faces": {
						"north": { "texture": "#lobster", "uv": [ 1.0, 10.0, 1.5, 11.0 ] },
						"east": { "texture": "#lobster", "uv": [ 1.5, 11.0, 2.0, 12.0 ] },
						"south": { "texture": "#lobster", "uv": [ 1.0, 11.0, 1.5, 12.0 ] },
						"west": { "texture": "#lobster", "uv": [ 1.0, 11.0, 1.5, 12.0 ] },
						"up": { "texture": "#lobster", "uv": [ 0.0, 0.0, 0.5, 0.5 ], "enabled": false },
						"down": { "texture": "#lobster", "uv": [ 0.5, 14.5, 1.0, 15.0 ] }
					},
					"children": [
						{
							"name": "Cap10",
							"from": [ -0.6, 2.0, -0.6 ], 
							"to": [ 1.4, 2.5, 1.4 ], 
							"rotationOrigin": [ 0.4, 2.0, 0.4 ],
							"faces": {
								"north": { "texture": "#lobster", "uv": [ 5.5, 5.5, 7.5, 6.0 ] },
								"east": { "texture": "#lobster", "uv": [ 5.5, 5.5, 7.5, 6.0 ] },
								"south": { "texture": "#lobster", "uv": [ 4.5, 5.0, 6.5, 5.5 ] },
								"west": { "texture": "#lobster", "uv": [ 6.5, 5.5, 8.5, 6.0 ] },
								"up": { "texture": "#lobster", "uv": [ 2.5, 3.5, 4.5, 5.5 ] },
								"down": { "texture": "#lobster", "uv": [ 1.5, 2.5, 3.5, 4.5 ] }
							}
						},
						{
							"name": "ring15",
							"from": [ -0.1, 1.0, -0.1 ], 
							"to": [ 0.9, 2.5, 0.9 ], 
							"rotationOrigin": [ 0.5, 1.0, 0.5 ],
							"faces": {
								"north": { "texture": "#lobster", "uv": [ 0.5, 7.5, 1.5, 9.0 ] },
								"east": { "texture": "#lobster", "uv": [ 1.0, 8.0, 2.0, 9.5 ] },
								"south": { "texture": "#lobster", "uv": [ 1.5, 7.0, 2.5, 8.5 ] },
								"west": { "texture": "#lobster", "uv": [ 0.5, 5.0, 1.5, 6.5 ] },
								"up": { "texture": "#lobster", "uv": [ 0.0, 0.0, 1.0, 1.0 ], "enabled": false },
								"down": { "texture": "#lobster", "uv": [ 0.0, 0.0, 1.0, 1.0 ] }
							}
						}
					]
				},
				{
					"name": "stem16",
					"from": [ 2.5, -0.7, 1.5 ], 
					"to": [ 3.5, 1.8, 2.5 ], 
					"rotationOrigin": [ 3.0, -0.7, 2.0 ],
					"rotationX": 14.0,
					"rotationY": -33.0,
					"rotationZ": -14.0,
					"faces": {
						"north": { "texture": "#lobster", "uv": [ 3.0, 7.5, 4.0, 10.0 ] },
						"east": { "texture": "#lobster", "uv": [ 4.0, 10.0, 5.0, 12.5 ] },
						"south": { "texture": "#lobster", "uv": [ 2.5, 9.0, 3.5, 11.5 ] },
						"west": { "texture": "#lobster", "uv": [ 1.5, 10.0, 2.5, 12.5 ] },
						"up": { "texture": "#lobster", "uv": [ 0.0, 0.0, 1.0, 1.0 ], "enabled": false },
						"down": { "texture": "#lobster", "uv": [ 3.5, 10.5, 4.5, 11.5 ] }
					},
					"children": [
						{
							"name": "Cap17",
							"from": [ -1.5, 3.7, -1.5 ], 
							"to": [ 2.5, 4.7, 2.5 ], 
							"rotationOrigin": [ 0.5, 3.7, 0.5 ],
							"rotationX": -10.0,
							"rotationZ": 10.0,
							"faces": {
								"north": { "texture": "#lobster", "uv": [ 1.5, 9.0, 5.5, 10.0 ] },
								"east": { "texture": "#lobster", "uv": [ 3.0, 9.5, 7.0, 10.5 ] },
								"south": { "texture": "#lobster", "uv": [ 2.0, 9.0, 6.0, 10.0 ] },
								"west": { "texture": "#lobster", "uv": [ 4.5, 5.5, 8.5, 6.5 ] },
								"up": { "texture": "#lobster", "uv": [ 3.5, 1.0, 7.5, 5.0 ] },
								"down": { "texture": "#lobster", "uv": [ 9.5, 4.0, 13.5, 8.0 ] }
							}
						},
						{
							"name": "gillsE18",
							"from": [ 0.6, 2.6, 0.0 ], 
							"to": [ 2.6, 3.1, 1.0 ], 
							"rotationOrigin": [ 0.6, 2.6, 0.5 ],
							"rotationZ": 45.0,
							"faces": {
								"north": { "texture": "#lobster", "uv": [ 9.5, 6.0, 11.5, 6.5 ] },
								"east": { "texture": "#lobster", "uv": [ 8.5, 10.5, 9.5, 11.0 ], "enabled": false },
								"south": { "texture": "#lobster", "uv": [ 10.0, 7.0, 12.0, 7.5 ] },
								"west": { "texture": "#lobster", "uv": [ 11.5, 11.5, 12.5, 12.0 ], "enabled": false },
								"up": { "texture": "#lobster", "uv": [ 10.0, 10.0, 12.0, 11.0 ], "enabled": false },
								"down": { "texture": "#lobster", "uv": [ 9.0, 4.5, 11.0, 5.5 ] }
							}
						},
						{
							"name": "gillsW19",
							"from": [ -1.6, 2.6, 0.0 ], 
							"to": [ 0.4, 3.1, 1.0 ], 
							"rotationOrigin": [ 0.4, 2.6, 0.5 ],
							"rotationZ": -25.0,
							"faces": {
								"north": { "texture": "#lobster", "uv": [ 9.0, 9.0, 11.0, 9.5 ] },
								"east": { "texture": "#lobster", "uv": [ 10.5, 10.5, 11.5, 11.0 ], "enabled": false },
								"south": { "texture": "#lobster", "uv": [ 10.0, 7.0, 12.0, 7.5 ] },
								"west": { "texture": "#lobster", "uv": [ 9.0, 10.5, 10.0, 11.0 ], "enabled": false },
								"up": { "texture": "#lobster", "uv": [ 10.0, 11.0, 12.0, 12.0 ], "enabled": false },
								"down": { "texture": "#lobster", "uv": [ 8.5, 8.5, 10.5, 9.5 ] }
							}
						},
						{
							"name": "gillsS20",
							"from": [ 0.0, 2.6, 0.6 ], 
							"to": [ 1.0, 3.1, 2.6 ], 
							"rotationOrigin": [ 0.5, 2.6, 0.6 ],
							"rotationX": -50.0,
							"faces": {
								"north": { "texture": "#lobster", "uv": [ 10.0, 9.0, 11.0, 9.5 ], "enabled": false },
								"east": { "texture": "#lobster", "uv": [ 11.0, 8.5, 13.0, 9.0 ] },
								"south": { "texture": "#lobster", "uv": [ 5.5, 6.0, 6.5, 6.5 ], "enabled": false },
								"west": { "texture": "#lobster", "uv": [ 10.0, 7.5, 12.0, 8.0 ] },
								"up": { "texture": "#lobster", "uv": [ 0.0, 0.0, 1.0, 2.0 ], "enabled": false },
								"down": { "texture": "#lobster", "uv": [ 10.0, 6.0, 11.0, 8.0 ] }
							}
						},
						{
							"name": "gillsN21",
							"from": [ 0.0, 2.6, -1.6 ], 
							"to": [ 1.0, 3.1, 0.4 ], 
							"rotationOrigin": [ 0.5, 2.6, 0.4 ],
							"rotationX": 45.0,
							"faces": {
								"north": { "texture": "#lobster", "uv": [ 0.0, 0.0, 1.0, 0.5 ], "enabled": false },
								"east": { "texture": "#lobster", "uv": [ 4.5, 6.5, 6.5, 7.0 ] },
								"south": { "texture": "#lobster", "uv": [ 0.0, 0.0, 1.0, 0.5 ], "enabled": false },
								"west": { "texture": "#lobster", "uv": [ 3.0, 3.0, 5.0, 3.5 ] },
								"up": { "texture": "#lobster", "uv": [ 5.5, 1.5, 6.5, 3.5 ], "enabled": false },
								"down": { "texture": "#lobster", "uv": [ 4.0, 1.5, 5.0, 3.5 ] }
							}
						},
						{
							"name": "ring22",
							"from": [ -0.1, 1.5, -0.1 ], 
							"to": [ 1.1, 4.0, 1.1 ], 
							"rotationOrigin": [ 0.5, 1.5, 0.5 ],
							"faces": {
								"north": { "texture": "#lobster", "uv": [ 11.0, 7.5, 12.0, 10.0 ] },
								"east": { "texture": "#lobster", "uv": [ 13.0, 4.5, 14.0, 7.0 ] },
								"south": { "texture": "#lobster", "uv": [ 11.0, 4.5, 12.0, 7.0 ] },
								"west": { "texture": "#lobster", "uv": [ 10.5, 5.5, 11.5, 8.0 ] },
								"up": { "texture": "#lobster", "uv": [ 0.0, 0.0, 1.0, 1.0 ], "enabled": false },
								"down": { "texture": "#lobster", "uv": [ 11.0, 6.0, 12.0, 7.0 ] }
							}
						}
					]
				},
				{
					"name": "stem29",
					"from": [ 0.5, -0.2, -3.5 ], 
					"to": [ 1.3, 0.8, -2.7 ], 
					"rotationOrigin": [ 0.9, -0.2, -3.1 ],
					"rotationX": -19.0,
					"faces": {
						"north": { "texture": "#lobster", "uv": [ 10.5, 14.0, 11.0, 15.0 ] },
						"east": { "texture": "#lobster", "uv": [ 9.0, 13.0, 9.5, 14.0 ] },
						"south": { "texture": "#lobster", "uv": [ 8.0, 13.0, 8.5, 14.0 ] },
						"west": { "texture": "#lobster", "uv": [ 10.5, 13.5, 11.0, 14.5 ] },
						"up": { "texture": "#lobster", "uv": [ 0.0, 0.0, 0.5, 0.5 ], "enabled": false },
						"down": { "texture": "#lobster", "uv": [ 7.0, 15.5, 7.5, 16.0 ] }
					},
					"children": [
						{
							"name": "Cap30",
							"from": [ -0.4, 2.0, -0.6 ], 
							"to": [ 1.6, 2.7, 1.4 ], 
							"rotationOrigin": [ 0.6, 2.0, 0.4 ],
							"rotationX": -6.0,
							"rotationZ": 6.0,
							"faces": {
								"north": { "texture": "#lobster", "uv": [ 9.0, 9.0, 11.0, 9.5 ] },
								"east": { "texture": "#lobster", "uv": [ 10.0, 10.5, 12.0, 11.0 ] },
								"south": { "texture": "#lobster", "uv": [ 10.0, 9.5, 12.0, 10.0 ] },
								"west": { "texture": "#lobster", "uv": [ 9.5, 8.5, 11.5, 9.0 ] },
								"up": { "texture": "#lobster", "uv": [ 10.0, 5.0, 12.0, 7.0 ] },
								"down": { "texture": "#lobster", "uv": [ 8.5, 9.0, 10.5, 11.0 ] }
							}
						},
						{
							"name": "ring31",
							"from": [ -0.1, 1.0, -0.1 ], 
							"to": [ 0.9, 2.5, 0.9 ], 
							"rotationOrigin": [ 0.4, 1.0, 0.4 ],
							"rotationZ": -6.0,
							"faces": {
								"north": { "texture": "#lobster", "uv": [ 9.5, 12.5, 10.5, 14.0 ] },
								"east": { "texture": "#lobster", "uv": [ 9.5, 12.0, 10.5, 13.5 ] },
								"south": { "texture": "#lobster", "uv": [ 8.5, 11.0, 9.5, 12.5 ] },
								"west": { "texture": "#lobster", "uv": [ 11.0, 11.5, 12.0, 13.0 ] },
								"up": { "texture": "#lobster", "uv": [ 0.0, 0.0, 1.0, 1.0 ], "enabled": false },
								"down": { "texture": "#lobster", "uv": [ 9.0, 13.0, 10.0, 14.0 ] }
							}
						}
					]
				},
				{
					"name": "voxel35",
					"from": [ -4.6, 0.0, -1.0 ], 
					"to": [ -3.6, 0.5, 0.0 ], 
					"rotationOrigin": [ -4.1, 0.0, -0.5 ],
					"rotationY": 28.0,
					"faces": {
						"north": { "texture": "#lobster", "uv": [ 9.0, 10.5, 10.0, 11.0 ] },
						"east": { "texture": "#lobster", "uv": [ 10.0, 3.5, 11.0, 4.0 ] },
						"south": { "texture": "#lobster", "uv": [ 11.0, 9.5, 12.0, 10.0 ] },
						"west": { "texture": "#lobster", "uv": [ 10.5, 10.0, 11.5, 10.5 ] },
						"up": { "texture": "#lobster", "uv": [ 9.0, 6.0, 10.0, 7.0 ] },
						"down": { "texture": "#lobster", "uv": [ 9.0, 4.5, 10.0, 5.5 ] }
					}
				},
				{
					"name": "voxel33",
					"from": [ 3.0, 0.0, -4.0 ], 
					"to": [ 4.0, 0.5, -3.0 ], 
					"rotationOrigin": [ 3.5, 0.0, -3.5 ],
					"rotationY": -19.0,
					"faces": {
						"north": { "texture": "#lobster", "uv": [ 9.0, 10.5, 10.0, 11.0 ] },
						"east": { "texture": "#lobster", "uv": [ 8.0, 9.0, 9.0, 9.5 ] },
						"south": { "texture": "#lobster", "uv": [ 5.5, 11.0, 6.5, 11.5 ] },
						"west": { "texture": "#lobster", "uv": [ 10.5, 10.0, 11.5, 10.5 ] },
						"up": { "texture": "#lobster", "uv": [ 7.5, 6.0, 8.5, 7.0 ] },
						"down": { "texture": "#lobster", "uv": [ 10.0, 10.0, 11.0, 11.0 ] }
					}
				},
				{
					"name": "voxel1",
					"from": [ -4.0, 0.0, 2.0 ], 
					"to": [ -3.0, 0.5, 3.0 ], 
					"rotationOrigin": [ -3.5, 0.0, 2.5 ],
					"rotationY": -19.0,
					"faces": {
						"north": { "texture": "#lobster", "uv": [ 9.0, 10.5, 10.0, 11.0 ] },
						"east": { "texture": "#lobster", "uv": [ 8.0, 9.0, 9.0, 9.5 ] },
						"south": { "texture": "#lobster", "uv": [ 5.5, 11.0, 6.5, 11.5 ] },
						"west": { "texture": "#lobster", "uv": [ 10.5, 10.0, 11.5, 10.5 ] },
						"up": { "texture": "#lobster", "uv": [ 13.0, 4.0, 14.0, 5.0 ] },
						"down": { "texture": "#lobster", "uv": [ 10.0, 10.0, 11.0, 11.0 ] }
					}
				},
				{
					"name": "mycelium",
					"from": [ -5.0, 0.1, -5.0 ], 
					"to": [ 5.0, 0.1, 5.0 ], 
					"renderPass": 3,
					"rotationOrigin": [ 0.0, 0.1, 0.0 ],
					"faces": {
						"north": { "texture": "#lobster", "uv": [ 0.0, 0.0, 10.0, 0.5 ], "enabled": false },
						"east": { "texture": "#lobster", "uv": [ 0.0, 0.0, 10.0, 0.5 ], "enabled": false },
						"south": { "texture": "#lobster", "uv": [ 0.0, 0.0, 10.0, 0.5 ], "enabled": false },
						"west": { "texture": "#lobster", "uv": [ 0.0, 0.0, 10.0, 0.5 ], "enabled": false },
						"up": { "texture": "#mycelium1", "uv": [ 3.0, 3.0, 13.0, 13.0 ] },
						"down": { "texture": "#lobster", "uv": [ 0.0, 0.0, 10.0, 10.0 ], "enabled": false }
					}
				}
			]
		},
		{
			"name": "origin40",
			"from": [ 24.0, 0.0, 8.0 ], 
			"to": [ 24.0, 0.0, 8.0 ], 
			"rotationOrigin": [ 24.0, 0.0, 8.0 ],
			"rotationY": -180.0,
			"faces": {
				"north": { "texture": "#lobster", "uv": [ 0.0, 0.0, 0.5, 0.5 ], "enabled": false },
				"east": { "texture": "#lobster", "uv": [ 0.0, 0.0, 0.5, 0.5 ], "enabled": false },
				"south": { "texture": "#lobster", "uv": [ 0.0, 0.0, 0.5, 0.5 ], "enabled": false },
				"west": { "texture": "#lobster", "uv": [ 0.0, 0.0, 0.5, 0.5 ], "enabled": false },
				"up": { "texture": "#lobster", "uv": [ 0.0, 0.0, 0.5, 0.5 ], "enabled": false },
				"down": { "texture": "#lobster", "uv": [ 0.0, 0.0, 0.5, 0.5 ], "enabled": false }
			},
			"children": [
				{
					"name": "tiny41",
					"from": [ 1.0, 0.0, 1.0 ], 
					"to": [ 2.0, 0.5, 2.0 ], 
					"rotationOrigin": [ 1.5, 0.0, 1.5 ],
					"rotationY": -39.0,
					"faces": {
						"north": { "texture": "#lobster", "uv": [ 0.5, 3.0, 1.5, 3.5 ] },
						"east": { "texture": "#lobster", "uv": [ 0.5, 5.0, 1.5, 5.5 ] },
						"south": { "texture": "#lobster", "uv": [ 0.0, 3.5, 1.0, 4.0 ] },
						"west": { "texture": "#lobster", "uv": [ 0.0, 2.0, 1.0, 2.5 ] },
						"up": { "texture": "#lobster", "uv": [ 4.0, 5.0, 5.0, 6.0 ], "enabled": false },
						"down": { "texture": "#lobster", "uv": [ 0.5, 0.0, 1.5, 1.0 ] }
					},
					"children": [
						{
							"name": "cap42",
							"from": [ -0.2, 0.4, -0.3 ], 
							"to": [ 1.3, 0.9, 1.2 ], 
							"rotationOrigin": [ 0.5, 0.4, 0.4 ],
							"rotationX": 5.0,
							"rotationZ": 3.0,
							"faces": {
								"north": { "texture": "#lobster", "uv": [ 4.0, 10.0, 5.5, 10.5 ] },
								"east": { "texture": "#lobster", "uv": [ 3.0, 9.0, 4.5, 9.5 ] },
								"south": { "texture": "#lobster", "uv": [ 5.0, 9.0, 6.5, 9.5 ] },
								"west": { "texture": "#lobster", "uv": [ 3.0, 12.0, 4.5, 12.5 ] },
								"up": { "texture": "#lobster", "uv": [ 14.0, 7.0, 15.5, 8.5 ] },
								"down": { "texture": "#lobster", "uv": [ 12.5, 1.0, 14.0, 2.5 ] }
							}
						}
					]
				},
				{
					"name": "tiny43",
					"from": [ 2.0, 0.0, -1.5001 ], 
					"to": [ 3.0, 1.0, -0.5001 ], 
					"rotationOrigin": [ 2.0, 0.0, -1.0001 ],
					"rotationY": 34.0,
					"faces": {
						"north": { "texture": "#lobster", "uv": [ 0.5, 9.0, 1.5, 10.0 ] },
						"east": { "texture": "#lobster", "uv": [ 1.0, 8.0, 2.0, 9.0 ] },
						"south": { "texture": "#lobster", "uv": [ 0.0, 10.0, 1.0, 11.0 ] },
						"west": { "texture": "#lobster", "uv": [ 0.0, 7.5, 1.0, 8.5 ] },
						"up": { "texture": "#lobster", "uv": [ 4.0, 5.0, 5.0, 6.0 ], "enabled": false },
						"down": { "texture": "#lobster", "uv": [ 0.5, 7.0, 1.5, 8.0 ] }
					},
					"children": [
						{
							"name": "cap44",
							"from": [ -0.5, 0.8, -0.5 ], 
							"to": [ 1.5, 1.3, 1.5 ], 
							"rotationOrigin": [ 0.5, 0.8, 0.5 ],
							"rotationX": 6.0,
							"rotationZ": -19.0,
							"faces": {
								"north": { "texture": "#lobster", "uv": [ 9.0, 6.0, 11.0, 6.5 ] },
								"east": { "texture": "#lobster", "uv": [ 11.0, 5.5, 13.0, 6.0 ] },
								"south": { "texture": "#lobster", "uv": [ 10.5, 5.0, 12.5, 5.5 ] },
								"west": { "texture": "#lobster", "uv": [ 10.0, 5.0, 12.0, 5.5 ] },
								"up": { "texture": "#lobster", "uv": [ 9.0, 4.0, 11.0, 6.0 ] },
								"down": { "texture": "#lobster", "uv": [ 11.0, 2.5, 13.0, 4.5 ] }
							}
						}
					]
				},
				{
					"name": "large45",
					"from": [ -2.28, 0.0, -1.66 ], 
					"to": [ -0.78, 2.0, -0.16 ], 
					"rotationOrigin": [ -1.5825, 0.0, -0.9588 ],
					"rotationY": 24.0,
					"faces": {
						"north": { "texture": "#lobster", "uv": [ 1.0, 11.5, 2.5, 13.5 ] },
						"east": { "texture": "#lobster", "uv": [ 1.0, 11.0, 2.5, 13.0 ] },
						"south": { "texture": "#lobster", "uv": [ 1.0, 10.5, 2.5, 12.5 ] },
						"west": { "texture": "#lobster", "uv": [ 1.0, 11.0, 2.5, 13.0 ] },
						"up": { "texture": "#lobster", "uv": [ 4.0, 5.0, 5.5, 6.5 ], "enabled": false },
						"down": { "texture": "#lobster", "uv": [ 2.0, 12.5, 3.5, 14.0 ] }
					},
					"children": [
						{
							"name": "cap46",
							"from": [ -1.8, 3.5, -1.0 ], 
							"to": [ 2.7, 4.5, 3.5 ], 
							"rotationOrigin": [ 0.3, 3.5, 1.3 ],
							"rotationX": 19.0,
							"rotationZ": 8.0,
							"faces": {
								"north": { "texture": "#lobster", "uv": [ 6.0, 10.0, 10.5, 11.0 ], "enabled": false },
								"east": { "texture": "#lobster", "uv": [ 9.0, 4.0, 13.5, 5.0 ], "enabled": false },
								"south": { "texture": "#lobster", "uv": [ 11.0, 14.0, 15.5, 15.0 ], "enabled": false },
								"west": { "texture": "#lobster", "uv": [ 8.0, 12.0, 12.5, 13.0 ], "enabled": false },
								"up": { "texture": "#lobster", "uv": [ 1.5, 1.5, 6.0, 6.0 ] },
								"down": { "texture": "#lobster", "uv": [ 10.0, 0.5, 14.5, 5.0 ] }
							},
							"children": [
								{
									"name": "Cube47",
									"from": [ 0.0, -0.2, -0.6 ], 
									"to": [ 4.5, 0.8, 0.4 ], 
									"rotationOrigin": [ 2.0, 0.8, 0.4 ],
									"rotationX": 22.0,
									"faces": {
										"north": { "texture": "#lobster", "uv": [ 4.5, 10.0, 9.0, 11.0 ] },
										"east": { "texture": "#lobster", "uv": [ 4.0, 6.0, 5.0, 7.0 ] },
										"south": { "texture": "#lobster", "uv": [ 0.0, 0.0, 4.5, 1.0 ], "enabled": false },
										"west": { "texture": "#lobster", "uv": [ 2.0, 6.5, 3.0, 7.5 ] },
										"up": { "texture": "#lobster", "uv": [ 1.0, 6.0, 5.5, 7.0 ] },
										"down": { "texture": "#lobster", "uv": [ 3.0, 6.5, 7.5, 7.5 ] }
									}
								},
								{
									"name": "Cube48",
									"from": [ 0.0, -0.3, 4.1 ], 
									"to": [ 4.5, 0.7, 5.1 ], 
									"rotationOrigin": [ 2.0, 0.7, 4.1 ],
									"rotationX": -39.0,
									"faces": {
										"north": { "texture": "#lobster", "uv": [ 4.5, 8.0, 9.0, 9.0 ], "enabled": false },
										"east": { "texture": "#lobster", "uv": [ 6.0, 8.0, 7.0, 9.0 ] },
										"south": { "texture": "#lobster", "uv": [ 1.5, 4.5, 6.0, 5.5 ] },
										"west": { "texture": "#lobster", "uv": [ 4.5, 4.0, 5.5, 5.0 ] },
										"up": { "texture": "#lobster", "uv": [ 3.5, 6.0, 8.0, 7.0 ] },
										"down": { "texture": "#lobster", "uv": [ 3.5, 4.0, 8.0, 5.0 ] }
									}
								},
								{
									"name": "Cube49",
									"from": [ -0.6, -0.1, 0.0 ], 
									"to": [ 0.4, 0.9, 4.5 ], 
									"rotationOrigin": [ 0.4, 0.9, 2.5 ],
									"rotationZ": -17.0,
									"faces": {
										"north": { "texture": "#lobster", "uv": [ 4.5, 4.0, 5.5, 5.0 ] },
										"east": { "texture": "#lobster", "uv": [ 0.0, 0.0, 4.5, 1.0 ], "enabled": false },
										"south": { "texture": "#lobster", "uv": [ 0.5, 5.0, 1.5, 6.0 ] },
										"west": { "texture": "#lobster", "uv": [ 1.5, 6.5, 6.0, 7.5 ] },
										"up": { "texture": "#lobster", "uv": [ 5.5, 0.5, 6.5, 5.0 ] },
										"down": { "texture": "#lobster", "uv": [ 5.0, 1.0, 6.0, 5.5 ] }
									}
								},
								{
									"name": "Cube50",
									"from": [ 4.2, 0.0, 0.0 ], 
									"to": [ 5.2, 1.0, 4.5 ], 
									"rotationOrigin": [ 4.2, 1.0, 2.5 ],
									"rotationZ": 11.0,
									"faces": {
										"north": { "texture": "#lobster", "uv": [ 4.0, 4.5, 5.0, 5.5 ] },
										"east": { "texture": "#lobster", "uv": [ 0.5, 8.0, 5.0, 9.0 ] },
										"south": { "texture": "#lobster", "uv": [ 4.5, 3.0, 5.5, 4.0 ] },
										"west": { "texture": "#lobster", "uv": [ 0.0, 0.0, 4.5, 1.0 ], "enabled": false },
										"up": { "texture": "#lobster", "uv": [ 4.5, 2.5, 5.5, 7.0 ] },
										"down": { "texture": "#lobster", "uv": [ 4.0, 1.5, 5.0, 6.0 ] }
									}
								}
							]
						},
						{
							"name": "stem51",
							"from": [ 0.0, 1.8, 0.0 ], 
							"to": [ 1.5, 3.8, 1.5 ], 
							"rotationOrigin": [ 0.7, 1.8, 0.7 ],
							"rotationX": 10.0,
							"rotationZ": 8.0,
							"faces": {
								"north": { "texture": "#lobster", "uv": [ 2.0, 8.5, 3.5, 10.5 ] },
								"east": { "texture": "#lobster", "uv": [ 1.0, 7.5, 2.5, 9.5 ] },
								"south": { "texture": "#lobster", "uv": [ 4.5, 7.5, 6.0, 9.5 ] },
								"west": { "texture": "#lobster", "uv": [ 3.5, 8.0, 5.0, 10.0 ] },
								"up": { "texture": "#lobster", "uv": [ 0.0, 0.0, 1.5, 1.5 ], "enabled": false },
								"down": { "texture": "#lobster", "uv": [ 3.0, 4.0, 4.5, 5.5 ], "enabled": false }
							}
						}
					]
				},
				{
					"name": "single voxel52",
					"from": [ 0.1, 0.0, 3.5 ], 
					"to": [ 1.1, 0.5, 4.5 ], 
					"rotationOrigin": [ 0.1, 0.0, 3.5 ],
					"rotationY": 20.0,
					"faces": {
						"north": { "texture": "#lobster", "uv": [ 0.5, 7.5, 1.5, 8.0 ] },
						"east": { "texture": "#lobster", "uv": [ 1.0, 5.5, 2.0, 6.0 ] },
						"south": { "texture": "#lobster", "uv": [ 0.5, 6.5, 1.5, 7.0 ] },
						"west": { "texture": "#lobster", "uv": [ 0.5, 4.0, 1.5, 4.5 ] },
						"up": { "texture": "#lobster", "uv": [ 0.5, 5.5, 1.5, 6.5 ] },
						"down": { "texture": "#lobster", "uv": [ 1.0, 7.5, 2.0, 8.5 ] }
					}
				},
				{
					"name": "medium small53",
					"from": [ -4.15, 0.0, -3.84 ], 
					"to": [ -3.15, 1.0, -2.84 ], 
					"rotationOrigin": [ -3.65, 0.0, -3.34 ],
					"rotationY": -22.0,
					"rotationZ": 4.0,
					"faces": {
						"north": { "texture": "#lobster", "uv": [ 5.5, 12.5, 6.5, 13.5 ] },
						"east": { "texture": "#lobster", "uv": [ 11.0, 6.0, 12.0, 7.0 ] },
						"south": { "texture": "#lobster", "uv": [ 10.5, 5.0, 11.5, 6.0 ] },
						"west": { "texture": "#lobster", "uv": [ 10.0, 7.0, 11.0, 8.0 ] },
						"up": { "texture": "#lobster", "uv": [ 4.0, 5.0, 5.0, 6.0 ], "enabled": false },
						"down": { "texture": "#lobster", "uv": [ 10.5, 1.5, 11.5, 2.5 ] }
					},
					"children": [
						{
							"name": "cap54",
							"from": [ -1.0, 1.7, -1.0 ], 
							"to": [ 2.0, 2.2, 2.0 ], 
							"rotationOrigin": [ 0.5, 1.7, 0.5 ],
							"rotationX": -9.0,
							"rotationZ": 14.0,
							"faces": {
								"north": { "texture": "#lobster", "uv": [ 13.0, 3.0, 16.0, 3.5 ], "enabled": false },
								"east": { "texture": "#lobster", "uv": [ 9.0, 7.0, 12.0, 7.5 ], "enabled": false, "autoUv": false },
								"south": { "texture": "#lobster", "uv": [ 10.0, 8.0, 13.0, 8.5 ], "enabled": false },
								"west": { "texture": "#lobster", "uv": [ 9.0, 7.0, 12.0, 7.5 ], "enabled": false },
								"up": { "texture": "#lobster", "uv": [ 9.5, 1.5, 12.5, 4.5 ] },
								"down": { "texture": "#lobster", "uv": [ 10.0, 2.5, 13.0, 5.5 ] }
							},
							"children": [
								{
									"name": "Cube55",
									"from": [ 0.0, 0.0, 2.7 ], 
									"to": [ 3.0, 0.5, 3.2 ], 
									"rotationOrigin": [ 1.5, 0.5, 2.7 ],
									"rotationX": -22.0,
									"faces": {
										"north": { "texture": "#lobster", "uv": [ 4.5, 10.0, 7.5, 10.5 ], "enabled": false },
										"east": { "texture": "#lobster", "uv": [ 9.5, 8.5, 10.0, 9.0 ] },
										"south": { "texture": "#lobster", "uv": [ 8.5, 10.0, 11.5, 10.5 ] },
										"west": { "texture": "#lobster", "uv": [ 8.5, 12.0, 9.0, 12.5 ] },
										"up": { "texture": "#lobster", "uv": [ 8.5, 9.0, 11.5, 9.5 ] },
										"down": { "texture": "#lobster", "uv": [ 9.5, 6.5, 12.5, 7.0 ] }
									}
								},
								{
									"name": "Cube56",
									"from": [ 0.0, -0.1, -0.3 ], 
									"to": [ 3.0, 0.4, 0.2 ], 
									"rotationOrigin": [ 1.5, 0.4, 0.2 ],
									"rotationX": 25.0,
									"faces": {
										"north": { "texture": "#lobster", "uv": [ 4.5, 2.5, 7.5, 3.0 ] },
										"east": { "texture": "#lobster", "uv": [ 3.0, 5.5, 3.5, 6.0 ] },
										"south": { "texture": "#lobster", "uv": [ 3.5, 2.5, 6.5, 3.0 ], "enabled": false },
										"west": { "texture": "#lobster", "uv": [ 5.0, 4.0, 5.5, 4.5 ] },
										"up": { "texture": "#lobster", "uv": [ 7.5, 4.0, 10.5, 4.5 ] },
										"down": { "texture": "#lobster", "uv": [ 10.5, 3.0, 13.5, 3.5 ] }
									}
								},
								{
									"name": "Cube57",
									"from": [ 2.7, -0.1, 0.0 ], 
									"to": [ 3.2, 0.4, 3.0 ], 
									"rotationOrigin": [ 2.7, 0.4, 1.5 ],
									"rotationZ": 22.0,
									"faces": {
										"north": { "texture": "#lobster", "uv": [ 9.0, 7.0, 9.5, 7.5 ] },
										"east": { "texture": "#lobster", "uv": [ 7.0, 11.0, 10.0, 11.5 ] },
										"south": { "texture": "#lobster", "uv": [ 8.5, 7.0, 9.0, 7.5 ] },
										"west": { "texture": "#lobster", "uv": [ 4.0, 6.0, 7.0, 6.5 ], "enabled": false },
										"up": { "texture": "#lobster", "uv": [ 9.0, 1.5, 9.5, 4.5 ] },
										"down": { "texture": "#lobster", "uv": [ 14.5, 1.5, 15.0, 4.5 ] }
									}
								},
								{
									"name": "Cube58",
									"from": [ -0.2, 0.0, 0.0 ], 
									"to": [ 0.3, 0.5, 3.0 ], 
									"rotationOrigin": [ 0.3, 0.5, 1.5 ],
									"rotationZ": -17.0,
									"faces": {
										"north": { "texture": "#lobster", "uv": [ 4.0, 14.0, 4.5, 14.5 ] },
										"east": { "texture": "#lobster", "uv": [ 0.5, 13.5, 3.5, 14.0 ], "enabled": false },
										"south": { "texture": "#lobster", "uv": [ 8.5, 4.0, 9.0, 4.5 ] },
										"west": { "texture": "#lobster", "uv": [ 8.0, 7.0, 11.0, 7.5 ] },
										"up": { "texture": "#lobster", "uv": [ 10.0, 4.0, 10.5, 7.0 ] },
										"down": { "texture": "#lobster", "uv": [ 15.0, 0.5, 15.5, 3.5 ] }
									}
								}
							]
						},
						{
							"name": "stem59",
							"from": [ 0.0, 0.8, 0.0 ], 
							"to": [ 1.0, 1.8, 1.0 ], 
							"rotationOrigin": [ 0.5, 0.8, 0.5 ],
							"rotationX": -6.0,
							"rotationZ": 4.0,
							"faces": {
								"north": { "texture": "#lobster", "uv": [ 8.5, 8.5, 9.5, 9.5 ] },
								"east": { "texture": "#lobster", "uv": [ 9.0, 9.0, 10.0, 10.0 ] },
								"south": { "texture": "#lobster", "uv": [ 9.5, 8.5, 10.5, 9.5 ] },
								"west": { "texture": "#lobster", "uv": [ 11.0, 7.5, 12.0, 8.5 ] },
								"up": { "texture": "#lobster", "uv": [ 0.0, 0.0, 1.0, 1.0 ], "enabled": false },
								"down": { "texture": "#lobster", "uv": [ 0.0, 0.0, 1.0, 1.0 ], "enabled": false }
							}
						}
					]
				},
				{
					"name": "tiny60",
					"from": [ -1.0, -0.3, 1.5 ], 
					"to": [ 0.0, 1.2, 2.5 ], 
					"rotationOrigin": [ -0.5, -0.3, 1.9999 ],
					"rotationX": 10.0,
					"rotationZ": 6.0,
					"faces": {
						"north": { "texture": "#lobster", "uv": [ 10.5, 11.0, 11.5, 12.5 ] },
						"east": { "texture": "#lobster", "uv": [ 10.5, 10.5, 11.5, 12.0 ] },
						"south": { "texture": "#lobster", "uv": [ 9.0, 9.0, 10.0, 10.5 ] },
						"west": { "texture": "#lobster", "uv": [ 10.0, 7.5, 11.0, 9.0 ] },
						"up": { "texture": "#lobster", "uv": [ 4.0, 5.0, 5.0, 6.0 ], "enabled": false },
						"down": { "texture": "#lobster", "uv": [ 9.0, 7.5, 10.0, 8.5 ] }
					},
					"children": [
						{
							"name": "cap61",
							"from": [ -0.5, 1.3, -0.5 ], 
							"to": [ 1.5, 1.8, 1.5 ], 
							"rotationOrigin": [ 0.5, 1.3, 0.5 ],
							"rotationX": 25.0,
							"rotationZ": -3.0,
							"faces": {
								"north": { "texture": "#lobster", "uv": [ 10.0, 7.0, 12.0, 7.5 ] },
								"east": { "texture": "#lobster", "uv": [ 11.0, 7.0, 13.0, 7.5 ] },
								"south": { "texture": "#lobster", "uv": [ 10.0, 7.0, 12.0, 7.5 ] },
								"west": { "texture": "#lobster", "uv": [ 9.0, 7.5, 11.0, 8.0 ] },
								"up": { "texture": "#lobster", "uv": [ 8.0, 4.0, 10.0, 6.0 ] },
								"down": { "texture": "#lobster", "uv": [ 10.5, 2.0, 12.5, 4.0 ] }
							}
						}
					]
				},
				{
					"name": "stem62",
					"from": [ 3.5, 0.0, -0.5 ], 
					"to": [ 4.3, 1.0, 0.3 ], 
					"rotationOrigin": [ 3.9, 0.0, -0.1 ],
					"faces": {
						"north": { "texture": "#lobster", "uv": [ 1.0, 10.0, 1.5, 11.0 ] },
						"east": { "texture": "#lobster", "uv": [ 1.5, 11.0, 2.0, 12.0 ] },
						"south": { "texture": "#lobster", "uv": [ 1.0, 11.0, 1.5, 12.0 ] },
						"west": { "texture": "#lobster", "uv": [ 1.0, 11.0, 1.5, 12.0 ] },
						"up": { "texture": "#lobster", "uv": [ 0.0, 0.0, 0.5, 0.5 ], "enabled": false },
						"down": { "texture": "#lobster", "uv": [ 0.5, 14.5, 1.0, 15.0 ] }
					},
					"children": [
						{
							"name": "Cap63",
							"from": [ -0.6, 2.0, -0.6 ], 
							"to": [ 1.4, 2.5, 1.4 ], 
							"rotationOrigin": [ 0.4, 2.0, 0.4 ],
							"faces": {
								"north": { "texture": "#lobster", "uv": [ 5.5, 5.5, 7.5, 6.0 ] },
								"east": { "texture": "#lobster", "uv": [ 5.5, 5.5, 7.5, 6.0 ] },
								"south": { "texture": "#lobster", "uv": [ 4.5, 5.0, 6.5, 5.5 ] },
								"west": { "texture": "#lobster", "uv": [ 6.5, 5.5, 8.5, 6.0 ] },
								"up": { "texture": "#lobster", "uv": [ 2.5, 3.5, 4.5, 5.5 ] },
								"down": { "texture": "#lobster", "uv": [ 1.5, 2.5, 3.5, 4.5 ] }
							}
						},
						{
							"name": "ring64",
							"from": [ -0.1, 1.0, -0.1 ], 
							"to": [ 0.9, 2.5, 0.9 ], 
							"rotationOrigin": [ 0.5, 1.0, 0.5 ],
							"faces": {
								"north": { "texture": "#lobster", "uv": [ 0.5, 7.5, 1.5, 9.0 ] },
								"east": { "texture": "#lobster", "uv": [ 1.0, 8.0, 2.0, 9.5 ] },
								"south": { "texture": "#lobster", "uv": [ 1.5, 7.0, 2.5, 8.5 ] },
								"west": { "texture": "#lobster", "uv": [ 0.5, 5.0, 1.5, 6.5 ] },
								"up": { "texture": "#lobster", "uv": [ 0.0, 0.0, 1.0, 1.0 ], "enabled": false },
								"down": { "texture": "#lobster", "uv": [ 0.0, 0.0, 1.0, 1.0 ] }
							}
						}
					]
				},
				{
					"name": "stem65",
					"from": [ 2.5, -0.7, 1.5 ], 
					"to": [ 3.5, 1.8, 2.5 ], 
					"rotationOrigin": [ 3.0, -0.7, 2.0 ],
					"rotationX": 14.0,
					"rotationY": -33.0,
					"rotationZ": -14.0,
					"faces": {
						"north": { "texture": "#lobster", "uv": [ 3.0, 7.5, 4.0, 10.0 ] },
						"east": { "texture": "#lobster", "uv": [ 4.0, 10.0, 5.0, 12.5 ] },
						"south": { "texture": "#lobster", "uv": [ 2.5, 9.0, 3.5, 11.5 ] },
						"west": { "texture": "#lobster", "uv": [ 1.5, 10.0, 2.5, 12.5 ] },
						"up": { "texture": "#lobster", "uv": [ 0.0, 0.0, 1.0, 1.0 ], "enabled": false },
						"down": { "texture": "#lobster", "uv": [ 3.5, 10.5, 4.5, 11.5 ] }
					},
					"children": [
						{
							"name": "Cap66",
							"from": [ -1.5, 3.7, -1.5 ], 
							"to": [ 2.5, 4.7, 2.5 ], 
							"rotationOrigin": [ 0.5, 3.7, 0.5 ],
							"rotationX": -10.0,
							"rotationZ": 10.0,
							"faces": {
								"north": { "texture": "#lobster", "uv": [ 1.5, 9.0, 5.5, 10.0 ] },
								"east": { "texture": "#lobster", "uv": [ 3.0, 9.5, 7.0, 10.5 ] },
								"south": { "texture": "#lobster", "uv": [ 2.0, 9.0, 6.0, 10.0 ] },
								"west": { "texture": "#lobster", "uv": [ 4.5, 5.5, 8.5, 6.5 ] },
								"up": { "texture": "#lobster", "uv": [ 3.5, 1.0, 7.5, 5.0 ] },
								"down": { "texture": "#lobster", "uv": [ 9.5, 4.0, 13.5, 8.0 ] }
							}
						},
						{
							"name": "gillsE67",
							"from": [ 0.6, 2.6, 0.0 ], 
							"to": [ 2.6, 3.1, 1.0 ], 
							"rotationOrigin": [ 0.6, 2.6, 0.5 ],
							"rotationZ": 45.0,
							"faces": {
								"north": { "texture": "#lobster", "uv": [ 9.5, 6.0, 11.5, 6.5 ] },
								"east": { "texture": "#lobster", "uv": [ 8.5, 10.5, 9.5, 11.0 ], "enabled": false },
								"south": { "texture": "#lobster", "uv": [ 10.0, 7.0, 12.0, 7.5 ] },
								"west": { "texture": "#lobster", "uv": [ 11.5, 11.5, 12.5, 12.0 ], "enabled": false },
								"up": { "texture": "#lobster", "uv": [ 10.0, 10.0, 12.0, 11.0 ], "enabled": false },
								"down": { "texture": "#lobster", "uv": [ 9.0, 4.5, 11.0, 5.5 ] }
							}
						},
						{
							"name": "gillsW68",
							"from": [ -1.6, 2.6, 0.0 ], 
							"to": [ 0.4, 3.1, 1.0 ], 
							"rotationOrigin": [ 0.4, 2.6, 0.5 ],
							"rotationZ": -25.0,
							"faces": {
								"north": { "texture": "#lobster", "uv": [ 9.0, 9.0, 11.0, 9.5 ] },
								"east": { "texture": "#lobster", "uv": [ 10.5, 10.5, 11.5, 11.0 ], "enabled": false },
								"south": { "texture": "#lobster", "uv": [ 10.0, 7.0, 12.0, 7.5 ] },
								"west": { "texture": "#lobster", "uv": [ 9.0, 10.5, 10.0, 11.0 ], "enabled": false },
								"up": { "texture": "#lobster", "uv": [ 10.0, 11.0, 12.0, 12.0 ], "enabled": false },
								"down": { "texture": "#lobster", "uv": [ 8.5, 8.5, 10.5, 9.5 ] }
							}
						},
						{
							"name": "gillsS69",
							"from": [ 0.0, 2.6, 0.6 ], 
							"to": [ 1.0, 3.1, 2.6 ], 
							"rotationOrigin": [ 0.5, 2.6, 0.6 ],
							"rotationX": -50.0,
							"faces": {
								"north": { "texture": "#lobster", "uv": [ 10.0, 9.0, 11.0, 9.5 ], "enabled": false },
								"east": { "texture": "#lobster", "uv": [ 11.0, 8.5, 13.0, 9.0 ] },
								"south": { "texture": "#lobster", "uv": [ 5.5, 6.0, 6.5, 6.5 ], "enabled": false },
								"west": { "texture": "#lobster", "uv": [ 10.0, 7.5, 12.0, 8.0 ] },
								"up": { "texture": "#lobster", "uv": [ 0.0, 0.0, 1.0, 2.0 ], "enabled": false },
								"down": { "texture": "#lobster", "uv": [ 10.0, 6.0, 11.0, 8.0 ] }
							}
						},
						{
							"name": "gillsN70",
							"from": [ 0.0, 2.6, -1.6 ], 
							"to": [ 1.0, 3.1, 0.4 ], 
							"rotationOrigin": [ 0.5, 2.6, 0.4 ],
							"rotationX": 45.0,
							"faces": {
								"north": { "texture": "#lobster", "uv": [ 0.0, 0.0, 1.0, 0.5 ], "enabled": false },
								"east": { "texture": "#lobster", "uv": [ 4.5, 6.5, 6.5, 7.0 ] },
								"south": { "texture": "#lobster", "uv": [ 0.0, 0.0, 1.0, 0.5 ], "enabled": false },
								"west": { "texture": "#lobster", "uv": [ 3.0, 3.0, 5.0, 3.5 ] },
								"up": { "texture": "#lobster", "uv": [ 5.5, 1.5, 6.5, 3.5 ], "enabled": false },
								"down": { "texture": "#lobster", "uv": [ 4.0, 1.5, 5.0, 3.5 ] }
							}
						},
						{
							"name": "ring71",
							"from": [ -0.1, 1.5, -0.1 ], 
							"to": [ 1.1, 4.0, 1.1 ], 
							"rotationOrigin": [ 0.5, 1.5, 0.5 ],
							"faces": {
								"north": { "texture": "#lobster", "uv": [ 11.0, 7.5, 12.0, 10.0 ] },
								"east": { "texture": "#lobster", "uv": [ 13.0, 4.5, 14.0, 7.0 ] },
								"south": { "texture": "#lobster", "uv": [ 11.0, 4.5, 12.0, 7.0 ] },
								"west": { "texture": "#lobster", "uv": [ 10.5, 5.5, 11.5, 8.0 ] },
								"up": { "texture": "#lobster", "uv": [ 0.0, 0.0, 1.0, 1.0 ], "enabled": false },
								"down": { "texture": "#lobster", "uv": [ 11.0, 6.0, 12.0, 7.0 ] }
							}
						}
					]
				},
				{
					"name": "stem72",
					"from": [ 0.5, -0.2, -3.5 ], 
					"to": [ 1.3, 0.8, -2.7 ], 
					"rotationOrigin": [ 0.9, -0.2, -3.1 ],
					"rotationX": -19.0,
					"faces": {
						"north": { "texture": "#lobster", "uv": [ 10.5, 14.0, 11.0, 15.0 ] },
						"east": { "texture": "#lobster", "uv": [ 9.0, 13.0, 9.5, 14.0 ] },
						"south": { "texture": "#lobster", "uv": [ 8.0, 13.0, 8.5, 14.0 ] },
						"west": { "texture": "#lobster", "uv": [ 10.5, 13.5, 11.0, 14.5 ] },
						"up": { "texture": "#lobster", "uv": [ 0.0, 0.0, 0.5, 0.5 ], "enabled": false },
						"down": { "texture": "#lobster", "uv": [ 7.0, 15.5, 7.5, 16.0 ] }
					},
					"children": [
						{
							"name": "Cap73",
							"from": [ -0.4, 2.0, -0.6 ], 
							"to": [ 1.6, 2.7, 1.4 ], 
							"rotationOrigin": [ 0.6, 2.0, 0.4 ],
							"rotationX": -6.0,
							"rotationZ": 6.0,
							"faces": {
								"north": { "texture": "#lobster", "uv": [ 9.0, 9.0, 11.0, 9.5 ] },
								"east": { "texture": "#lobster", "uv": [ 10.0, 10.5, 12.0, 11.0 ] },
								"south": { "texture": "#lobster", "uv": [ 10.0, 9.5, 12.0, 10.0 ] },
								"west": { "texture": "#lobster", "uv": [ 9.5, 8.5, 11.5, 9.0 ] },
								"up": { "texture": "#lobster", "uv": [ 10.0, 5.0, 12.0, 7.0 ] },
								"down": { "texture": "#lobster", "uv": [ 8.5, 9.0, 10.5, 11.0 ] }
							}
						},
						{
							"name": "ring74",
							"from": [ -0.1, 1.0, -0.1 ], 
							"to": [ 0.9, 2.5, 0.9 ], 
							"rotationOrigin": [ 0.4, 1.0, 0.4 ],
							"rotationZ": -6.0,
							"faces": {
								"north": { "texture": "#lobster", "uv": [ 9.5, 12.5, 10.5, 14.0 ] },
								"east": { "texture": "#lobster", "uv": [ 9.5, 12.0, 10.5, 13.5 ] },
								"south": { "texture": "#lobster", "uv": [ 8.5, 11.0, 9.5, 12.5 ] },
								"west": { "texture": "#lobster", "uv": [ 11.0, 11.5, 12.0, 13.0 ] },
								"up": { "texture": "#lobster", "uv": [ 0.0, 0.0, 1.0, 1.0 ], "enabled": false },
								"down": { "texture": "#lobster", "uv": [ 9.0, 13.0, 10.0, 14.0 ] }
							}
						}
					]
				},
				{
					"name": "voxel75",
					"from": [ -4.6, 0.0, -1.0 ], 
					"to": [ -3.6, 0.5, 0.0 ], 
					"rotationOrigin": [ -4.1, 0.0, -0.5 ],
					"rotationY": 28.0,
					"faces": {
						"north": { "texture": "#lobster", "uv": [ 9.0, 10.5, 10.0, 11.0 ] },
						"east": { "texture": "#lobster", "uv": [ 10.0, 3.5, 11.0, 4.0 ] },
						"south": { "texture": "#lobster", "uv": [ 11.0, 9.5, 12.0, 10.0 ] },
						"west": { "texture": "#lobster", "uv": [ 10.5, 10.0, 11.5, 10.5 ] },
						"up": { "texture": "#lobster", "uv": [ 9.0, 6.0, 10.0, 7.0 ] },
						"down": { "texture": "#lobster", "uv": [ 9.0, 4.5, 10.0, 5.5 ] }
					}
				},
				{
					"name": "voxel76",
					"from": [ 3.0, 0.0, -4.0 ], 
					"to": [ 4.0, 0.5, -3.0 ], 
					"rotationOrigin": [ 3.5, 0.0, -3.5 ],
					"rotationY": -19.0,
					"faces": {
						"north": { "texture": "#lobster", "uv": [ 9.0, 10.5, 10.0, 11.0 ] },
						"east": { "texture": "#lobster", "uv": [ 8.0, 9.0, 9.0, 9.5 ] },
						"south": { "texture": "#lobster", "uv": [ 5.5, 11.0, 6.5, 11.5 ] },
						"west": { "texture": "#lobster", "uv": [ 10.5, 10.0, 11.5, 10.5 ] },
						"up": { "texture": "#lobster", "uv": [ 7.5, 6.0, 8.5, 7.0 ] },
						"down": { "texture": "#lobster", "uv": [ 10.0, 10.0, 11.0, 11.0 ] }
					}
				},
				{
					"name": "voxel77",
					"from": [ -4.0, 0.0, 2.0 ], 
					"to": [ -3.0, 0.5, 3.0 ], 
					"rotationOrigin": [ -3.5, 0.0, 2.5 ],
					"rotationY": -19.0,
					"faces": {
						"north": { "texture": "#lobster", "uv": [ 9.0, 10.5, 10.0, 11.0 ] },
						"east": { "texture": "#lobster", "uv": [ 8.0, 9.0, 9.0, 9.5 ] },
						"south": { "texture": "#lobster", "uv": [ 5.5, 11.0, 6.5, 11.5 ] },
						"west": { "texture": "#lobster", "uv": [ 10.5, 10.0, 11.5, 10.5 ] },
						"up": { "texture": "#lobster", "uv": [ 13.0, 4.0, 14.0, 5.0 ] },
						"down": { "texture": "#lobster", "uv": [ 10.0, 10.0, 11.0, 11.0 ] }
					}
				},
				{
					"name": "mycelium78",
					"from": [ -5.0, 0.1, -5.0 ], 
					"to": [ 5.0, 0.1, 5.0 ], 
					"renderPass": 3,
					"rotationOrigin": [ 0.0, 0.1, 0.0 ],
					"faces": {
						"north": { "texture": "#lobster", "uv": [ 0.0, 0.0, 10.0, 0.5 ], "enabled": false },
						"east": { "texture": "#lobster", "uv": [ 0.0, 0.0, 10.0, 0.5 ], "enabled": false },
						"south": { "texture": "#lobster", "uv": [ 0.0, 0.0, 10.0, 0.5 ], "enabled": false },
						"west": { "texture": "#lobster", "uv": [ 0.0, 0.0, 10.0, 0.5 ], "enabled": false },
						"up": { "texture": "#mycelium1", "uv": [ 3.0, 3.0, 13.0, 13.0 ] },
						"down": { "texture": "#lobster", "uv": [ 0.0, 0.0, 10.0, 10.0 ], "enabled": false }
					}
				}
			]
		}
	]}