{
    "code": "metalpotbottom",
    "creativeinventory": {
        "general": [ "*" ]
    },
    "variantgroups": [
        {
            "code": "metal",
            "states": [ "copper", "brass", "tinbronze", "bismuthbronze", "blackbronze", "silver", "gold", "iron", "chromium", "electrum", "titanium", "molybdochalkos", "meteoriciron", "steel", "cupronickel", "nickel", "platinum", "stainlesssteel", "uranium", "zinc" ]
        }
    ],
    "shape": {
        "base": "metalpots:item/metalpotbottom"
    },
    "texture": {
        "base": "game:block/metal/ingot/{metal}"
    },
    "guiTransform": {
        "translation": {
            "x": 16,
            "y": -32,
            "z": 0
        },
        "rotation": {
            "x": -45,
            "y": -45,
            "z": -180
        },
        "scale": 2
    },
    "tpHandTransform": {
        "translation": {
            "x": -1.5,
            "y": -1.2,
            "z": -1.4
        },
        "rotation": {
            "x": -25,
            "y": -62,
            "z": 18
        },
        "scale": 0.37
    }
}