{
	"editor": {
		"allAngles": false,
		"entityTextureMode": true
	},
	"textureWidth": 16,
	"textureHeight": 16,
	"textureSizes": {
	},
	"textures": {
		"iron": "game:item/resource/plate/iron"
	},
	"elements": [
		{
			"name": "origin",
			"from": [ 8.0, 0.7, 7.7 ],
			"to": [ 8.0, 0.7, 7.7 ],
			"uv": [ 0.0, 0.0 ],
			"rotationOrigin": [ 8.0, 0.0, 8.0 ],
			"faces": {
			},
			"children": [
				{
					"name": "blademid2",
					"from": [ -1.3, 0.1, -1.1 ],
					"to": [ 1.4, 0.5, 0.7 ],
					"uv": [ 0.0, 0.0 ],
					"rotationOrigin": [ -1.3, 0.1, -1.1 ],
					"faces": {
						"north": { "texture": "#iron", "uv": [ 0.0, 1.5, 2.5, 2.0 ] },
						"east": { "texture": "#iron", "uv": [ 2.5, 1.5, 4.0, 2.0 ] },
						"south": { "texture": "#iron", "uv": [ 4.0, 1.5, 6.5, 2.0 ] },
						"west": { "texture": "#iron", "uv": [ 0.0, 0.0, 1.5, 0.5 ], "windMode": [-1,-1,-1,-1] },
						"up": { "texture": "#iron", "uv": [ 0.0, 0.0, 2.5, 1.5 ] },
						"down": { "texture": "#iron", "uv": [ 2.5, 0.0, 5.0, 1.5 ], "windMode": [-1,-1,-1,-1] }
					}
				},
				{
					"name": "blademid1",
					"from": [ -4.0, 0.1, -0.5 ],
					"to": [ -1.3, 0.5, 1.1 ],
					"uv": [ 0.0, 0.0 ],
					"rotationOrigin": [ -4.0, 0.1, -0.5 ],
					"faces": {
						"north": { "texture": "#iron", "uv": [ 0.0, 1.5, 2.5, 2.0 ] },
						"east": { "texture": "#iron", "uv": [ 2.5, 1.5, 4.0, 2.0 ] },
						"south": { "texture": "#iron", "uv": [ 4.0, 1.5, 6.5, 2.0 ] },
						"west": { "texture": "#iron", "uv": [ 0.0, 0.0, 1.5, 0.5 ], "windMode": [-1,-1,-1,-1] },
						"up": { "texture": "#iron", "uv": [ 0.0, 0.0, 2.5, 1.5 ] },
						"down": { "texture": "#iron", "uv": [ 2.5, 0.0, 5.0, 1.5 ] }
					}
				},
				{
					"name": "blademid3",
					"from": [ 1.4, 0.1, -1.6 ],
					"to": [ 4.1, 0.5, 0.2 ],
					"uv": [ 0.0, 0.0 ],
					"rotationOrigin": [ 1.4, 0.1, -1.6 ],
					"faces": {
						"north": { "texture": "#iron", "uv": [ 0.0, 1.5, 2.5, 2.0 ] },
						"east": { "texture": "#iron", "uv": [ 2.5, 1.5, 4.0, 2.0 ] },
						"south": { "texture": "#iron", "uv": [ 4.0, 1.5, 6.5, 2.0 ] },
						"west": { "texture": "#iron", "uv": [ 0.0, 0.0, 1.5, 0.5 ], "windMode": [-1,-1,-1,-1] },
						"up": { "texture": "#iron", "uv": [ 0.0, 0.0, 2.5, 1.5 ] },
						"down": { "texture": "#iron", "uv": [ 2.5, 0.0, 5.0, 1.5 ] }
					}
				},
				{
					"name": "blademid4",
					"from": [ 4.1, 0.1, -2.0 ],
					"to": [ 5.8, 0.5, -0.2 ],
					"uv": [ 0.0, 0.0 ],
					"rotationOrigin": [ 4.1, 0.1, -2.0 ],
					"faces": {
						"north": { "texture": "#iron", "uv": [ 0.0, 1.5, 1.5, 2.0 ] },
						"east": { "texture": "#iron", "uv": [ 1.5, 1.5, 3.0, 2.0 ] },
						"south": { "texture": "#iron", "uv": [ 3.0, 1.5, 4.5, 2.0 ] },
						"west": { "texture": "#iron", "uv": [ 0.0, 0.0, 1.5, 0.5 ], "windMode": [-1,-1,-1,-1] },
						"up": { "texture": "#iron", "uv": [ 0.0, 0.0, 1.5, 1.5 ] },
						"down": { "texture": "#iron", "uv": [ 1.5, 0.0, 3.0, 1.5 ] }
					}
				},
				{
					"name": "blademid5",
					"from": [ 5.8, 0.1, -2.5 ],
					"to": [ 6.4, 0.5, -0.7 ],
					"uv": [ 0.0, 0.0 ],
					"rotationOrigin": [ 5.8, 0.1, -2.5 ],
					"faces": {
						"north": { "texture": "#iron", "uv": [ 0.0, 1.5, 0.5, 2.0 ] },
						"east": { "texture": "#iron", "uv": [ 0.5, 1.5, 2.0, 2.0 ] },
						"south": { "texture": "#iron", "uv": [ 2.0, 1.5, 2.5, 2.0 ] },
						"west": { "texture": "#iron", "uv": [ 0.0, 0.0, 1.5, 0.5 ], "windMode": [-1,-1,-1,-1] },
						"up": { "texture": "#iron", "uv": [ 0.0, 0.0, 0.5, 1.5 ] },
						"down": { "texture": "#iron", "uv": [ 0.5, 0.0, 1.0, 1.5 ] }
					}
				}
			]
		}
	]}