{
	"editor": {
		"allAngles": false,
		"entityTextureMode": true
	},
	"textureWidth": 16,
	"textureHeight": 16,
	"textureSizes": {
	},
	"textures": {
		"metal": "game:item/tool/sword-blackguard",
		"handle": "game:item/tool/sword-blackguard"
	},
	"elements": [
		{
			"name": "origin",
			"from": [ 8.0, 0.7, 7.7 ],
			"to": [ 8.0, 0.7, 7.7 ],
			"uv": [ 0.0, 0.0 ],
			"rotationOrigin": [ 8.0, 0.0, 8.0 ],
			"faces": {
			},
			"children": [
				{
					"name": "handle",
					"from": [ -8.0, -0.5, -0.5 ],
					"to": [ -5.0, 1.0, 1.1 ],
					"autoUnwrap": false,
					"uv": [ 0.0, 5.0 ],
					"rotationOrigin": [ -9.5, -8.0, 0.0 ],
					"faces": {
						"north": { "texture": "#handle", "uv": [ 0.0, 5.0, 3.0, 6.5 ], "windMode": [-1,-1,-1,-1] },
						"south": { "texture": "#handle", "uv": [ 0.0, 2.0, 3.0, 3.5 ], "windMode": [-1,-1,-1,-1] },
						"west": { "texture": "#handle", "uv": [ 1.0, 4.0, 2.5, 5.5 ], "windMode": [-1,-1,-1,-1] },
						"up": { "texture": "#handle", "uv": [ 0.0, 6.5, 3.0, 8.0 ] },
						"down": { "texture": "#handle", "uv": [ 0.0, 3.5, 3.0, 5.0 ] }
					},
					"children": [
						{
							"name": "hilt",
							"from": [ 3.0, -0.2, -0.2 ],
							"to": [ 4.0, 1.8, 1.8 ],
							"autoUnwrap": false,
							"uv": [ 8.0, 1.0 ],
							"rotationOrigin": [ 3.0, -0.2, -0.2 ],
							"faces": {
								"north": { "texture": "#handle", "uv": [ 7.0, 4.0, 8.0, 6.0 ] },
								"east": { "texture": "#handle", "uv": [ 5.0, 4.0, 7.0, 6.0 ] },
								"south": { "texture": "#handle", "uv": [ 9.0, 4.0, 10.0, 6.0 ] },
								"west": { "texture": "#handle", "uv": [ 3.0, 4.0, 5.0, 6.0 ] },
								"up": { "texture": "#handle", "uv": [ 8.0, 4.0, 9.0, 6.0 ] },
								"down": { "texture": "#handle", "uv": [ 10.0, 4.0, 11.0, 6.0 ] }
							},
							"children": [
								{
									"name": "symbolbase",
									"from": [ 1.0, 0.7, 0.05 ],
									"to": [ 2.5, 1.3, 1.85 ],
									"autoUnwrap": false,
									"uv": [ 3.5, 2.0 ],
									"rotationOrigin": [ 1.0, 0.7, 0.1 ],
									"faces": {
										"north": { "texture": "#handle", "uv": [ 3.0, 10.0, 4.5, 10.5 ] },
										"east": { "texture": "#handle", "uv": [ 3.0, 10.5, 4.5, 11.0 ] },
										"south": { "texture": "#handle", "uv": [ 3.0, 9.5, 4.5, 10.0 ] },
										"up": { "texture": "#handle", "uv": [ 1.5, 9.5, 3.0, 11.0 ] },
										"down": { "texture": "#handle", "uv": [ 0.0, 9.5, 1.5, 11.0 ] }
									},
									"children": [
										{
											"name": "symbolledge",
											"from": [ 1.5, 0.0, 0.0 ],
											"to": [ 2.0, 0.6, 1.8 ],
											"autoUnwrap": false,
											"uv": [ 10.5, 8.5 ],
											"rotationOrigin": [ 1.5, 0.0, -0.1 ],
											"faces": {
												"north": { "texture": "#handle", "uv": [ 0.0, 9.0, 0.5, 9.5 ] },
												"east": { "texture": "#handle", "uv": [ 0.5, 9.0, 2.0, 9.5 ] },
												"south": { "texture": "#handle", "uv": [ 2.5, 9.0, 3.0, 9.5 ] },
												"west": { "texture": "#handle", "uv": [ 3.0, 9.0, 4.5, 9.5 ] },
												"up": { "texture": "#handle", "uv": [ 5.0, 9.0, 6.5, 9.5 ], "rotation": 90 },
												"down": { "texture": "#handle", "uv": [ 7.0, 9.0, 8.5, 9.5 ], "rotation": 90 }
											}
										},
										{
											"name": "symboledge1",
											"from": [ 2.0, 0.0, -0.06 ],
											"to": [ 2.5, 0.6, 0.44 ],
											"uv": [ 0.0, 8.0 ],
											"rotationOrigin": [ 2.0, 0.0, -0.1 ],
											"faces": {
												"north": { "texture": "#handle", "uv": [ 0.0, 8.5, 0.5, 9.0 ] },
												"east": { "texture": "#handle", "uv": [ 0.5, 8.5, 1.0, 9.0 ] },
												"south": { "texture": "#handle", "uv": [ 1.0, 8.5, 1.5, 9.0 ] },
												"up": { "texture": "#handle", "uv": [ 0.0, 8.0, 0.5, 8.5 ] },
												"down": { "texture": "#handle", "uv": [ 0.5, 8.0, 1.0, 8.5 ] }
											}
										},
										{
											"name": "symboledge3",
											"from": [ 2.0, 0.0, 1.3 ],
											"to": [ 2.5, 0.6, 1.8 ],
											"uv": [ 3.5, 8.0 ],
											"rotationOrigin": [ 2.0, 0.0, 1.3 ],
											"faces": {
												"north": { "texture": "#handle", "uv": [ 3.5, 8.5, 4.0, 9.0 ] },
												"east": { "texture": "#handle", "uv": [ 4.0, 8.5, 4.5, 9.0 ] },
												"south": { "texture": "#handle", "uv": [ 4.5, 8.5, 5.0, 9.0 ] },
												"up": { "texture": "#handle", "uv": [ 3.5, 8.0, 4.0, 8.5 ] },
												"down": { "texture": "#handle", "uv": [ 4.0, 8.0, 4.5, 8.5 ] }
											}
										}
									]
								},
								{
									"name": "blademid1",
									"from": [ 1.0, 0.8, 0.2 ],
									"to": [ 3.7, 1.2, 1.8 ],
									"uv": [ 0.0, 0.0 ],
									"rotationOrigin": [ 1.0, 0.8, 0.2 ],
									"faces": {
										"north": { "texture": "#metal", "uv": [ 0.0, 1.5, 2.5, 2.0 ] },
										"east": { "texture": "#metal", "uv": [ 2.5, 1.5, 4.0, 2.0 ] },
										"south": { "texture": "#metal", "uv": [ 4.0, 1.5, 6.5, 2.0 ] },
										"up": { "texture": "#metal", "uv": [ 0.0, 0.0, 2.5, 1.5 ] },
										"down": { "texture": "#metal", "uv": [ 2.5, 0.0, 5.0, 1.5 ] }
									}
								},
								{
									"name": "blademid2",
									"from": [ 3.7, 0.8, -0.4 ],
									"to": [ 6.4, 1.2, 1.4 ],
									"uv": [ 0.0, 0.0 ],
									"rotationOrigin": [ 3.7, 0.8, -0.4 ],
									"faces": {
										"north": { "texture": "#metal", "uv": [ 0.0, 1.5, 2.5, 2.0 ] },
										"east": { "texture": "#metal", "uv": [ 2.5, 1.5, 4.0, 2.0 ] },
										"south": { "texture": "#metal", "uv": [ 4.0, 1.5, 6.5, 2.0 ] },
										"up": { "texture": "#metal", "uv": [ 0.0, 0.0, 2.5, 1.5 ] },
										"down": { "texture": "#metal", "uv": [ 2.5, 0.0, 5.0, 1.5 ] }
									}
								},
								{
									"name": "blademid3",
									"from": [ 6.4, 0.8, -0.9 ],
									"to": [ 9.1, 1.2, 0.9 ],
									"uv": [ 0.0, 0.0 ],
									"rotationOrigin": [ 6.4, 0.8, -0.9 ],
									"faces": {
										"north": { "texture": "#metal", "uv": [ 0.0, 1.5, 2.5, 2.0 ] },
										"east": { "texture": "#metal", "uv": [ 2.5, 1.5, 4.0, 2.0 ] },
										"south": { "texture": "#metal", "uv": [ 4.0, 1.5, 6.5, 2.0 ] },
										"up": { "texture": "#metal", "uv": [ 0.0, 0.0, 2.5, 1.5 ] },
										"down": { "texture": "#metal", "uv": [ 2.5, 0.0, 5.0, 1.5 ] }
									}
								},
								{
									"name": "blademid4",
									"from": [ 9.1, 0.8, -1.3 ],
									"to": [ 10.8, 1.2, 0.5 ],
									"uv": [ 0.0, 0.0 ],
									"rotationOrigin": [ 9.1, 0.8, -1.3 ],
									"faces": {
										"north": { "texture": "#metal", "uv": [ 0.0, 1.5, 1.5, 2.0 ] },
										"east": { "texture": "#metal", "uv": [ 1.5, 1.5, 3.0, 2.0 ] },
										"south": { "texture": "#metal", "uv": [ 3.0, 1.5, 4.5, 2.0 ] },
										"up": { "texture": "#metal", "uv": [ 0.0, 0.0, 1.5, 1.5 ] },
										"down": { "texture": "#metal", "uv": [ 1.5, 0.0, 3.0, 1.5 ] }
									}
								},
								{
									"name": "blademid5",
									"from": [ 10.8, 0.8, -1.8 ],
									"to": [ 11.4, 1.2, 0.0 ],
									"uv": [ 0.0, 0.0 ],
									"rotationOrigin": [ 10.8, 0.8, -1.8 ],
									"faces": {
										"north": { "texture": "#metal", "uv": [ 0.0, 1.5, 0.5, 2.0 ] },
										"east": { "texture": "#metal", "uv": [ 0.5, 1.5, 2.0, 2.0 ] },
										"south": { "texture": "#metal", "uv": [ 2.0, 1.5, 2.5, 2.0 ] },
										"up": { "texture": "#metal", "uv": [ 0.0, 0.0, 0.5, 1.5 ] },
										"down": { "texture": "#metal", "uv": [ 0.5, 0.0, 1.0, 1.5 ] }
									}
								}
							]
						}
					]
				},
				{
					"name": "blade1",
					"from": [ -3.4, 0.2, -1.7 ],
					"to": [ -0.8, 0.4, 0.2 ],
					"autoUnwrap": false,
					"uv": [ 0.0, 6.0 ],
					"rotationOrigin": [ -2.4, 0.2, -0.2 ],
					"rotationY": 180.0,
					"faces": {
						"north": { "texture": "#metal", "uv": [ 0.0, 11.5, 2.5, 12.0 ] },
						"east": { "texture": "#metal", "uv": [ 6.0, 11.5, 7.5, 12.0 ] },
						"south": { "texture": "#metal", "uv": [ 0.0, 11.0, 2.5, 11.5 ], "windMode": [-1,-1,-1,-1] },
						"west": { "texture": "#metal", "uv": [ 14.0, 5.0, 15.5, 5.5 ], "windMode": [-1,-1,-1,-1] },
						"up": { "texture": "#metal", "uv": [ 0.0, 12.0, 2.5, 13.5 ] },
						"down": { "texture": "#metal", "uv": [ 0.0, 14.0, 2.5, 15.5 ] }
					}
				},
				{
					"name": "blade2",
					"from": [ -0.6, 0.2, -2.2 ],
					"to": [ 3.0, 0.4, -0.3 ],
					"autoUnwrap": false,
					"uv": [ 0.0, 6.0 ],
					"rotationOrigin": [ 0.4, 0.2, -0.7 ],
					"rotationY": 180.0,
					"faces": {
						"north": { "texture": "#metal", "uv": [ 0.0, 11.5, 3.5, 12.0 ] },
						"west": { "texture": "#metal", "uv": [ 15.0, 5.0, 16.5, 5.5 ], "windMode": [-1,-1,-1,-1] },
						"up": { "texture": "#metal", "uv": [ 0.0, 12.0, 3.5, 13.5 ] }
					}
				},
				{
					"name": "blade3",
					"from": [ -0.6, 0.2, -2.2 ],
					"to": [ 3.0, 0.2, -0.3 ],
					"autoUnwrap": false,
					"uv": [ 0.0, 6.0 ],
					"rotationOrigin": [ 0.4, 0.2, -0.7 ],
					"rotationY": 180.0,
					"faces": {
						"north": { "texture": "#metal", "uv": [ 0.0, 11.5, 3.5, 12.0 ] },
						"west": { "texture": "#metal", "uv": [ 15.0, 5.0, 16.5, 5.5 ], "windMode": [-1,-1,-1,-1] },
						"up": { "texture": "#metal", "uv": [ 0.0, 12.0, 3.5, 13.5 ] }
					}
				},
				{
					"name": "blade4",
					"from": [ 2.1, 0.2, -2.7 ],
					"to": [ 5.7, 0.4, -0.8 ],
					"autoUnwrap": false,
					"uv": [ 0.0, 6.0 ],
					"rotationOrigin": [ 3.1, 0.2, -1.2 ],
					"rotationY": 180.0,
					"faces": {
						"north": { "texture": "#metal", "uv": [ 0.0, 11.5, 3.5, 12.0 ] },
						"west": { "texture": "#metal", "uv": [ 15.0, 5.0, 16.5, 5.5 ], "windMode": [-1,-1,-1,-1] },
						"up": { "texture": "#metal", "uv": [ 0.0, 12.0, 3.5, 13.5 ] }
					}
				},
				{
					"name": "blade5",
					"from": [ 3.8, 0.2, -3.1 ],
					"to": [ 7.4, 0.4, -1.2 ],
					"autoUnwrap": false,
					"uv": [ 0.0, 6.0 ],
					"rotationOrigin": [ 4.8, 0.2, -1.6 ],
					"rotationY": 180.0,
					"faces": {
						"north": { "texture": "#metal", "uv": [ 0.0, 11.5, 3.5, 12.0 ] },
						"west": { "texture": "#metal", "uv": [ 15.0, 5.0, 16.5, 5.5 ], "windMode": [-1,-1,-1,-1] },
						"up": { "texture": "#metal", "uv": [ 0.0, 12.0, 3.5, 13.5 ] }
					}
				},
				{
					"name": "blade6",
					"from": [ 4.3, 0.2, -3.6 ],
					"to": [ 7.9, 0.4, -1.7 ],
					"autoUnwrap": false,
					"uv": [ 0.0, 6.0 ],
					"rotationOrigin": [ 5.3, 0.2, -2.1 ],
					"rotationY": 180.0,
					"faces": {
						"north": { "texture": "#metal", "uv": [ 0.0, 11.5, 3.5, 12.0 ] },
						"west": { "texture": "#metal", "uv": [ 15.0, 5.0, 16.5, 5.5 ], "windMode": [-1,-1,-1,-1] },
						"up": { "texture": "#metal", "uv": [ 0.0, 12.0, 3.5, 13.5 ] }
					}
				}
			]
		}
	]}