{
	"editor": {
		"allAngles": false,
		"entityTextureMode": false
	},
	"textureWidth": 16,
	"textureHeight": 16,
	"textureSizes": {
	},
	"textures": {
		"cap": "game:block/plant/mushroom/flyagaric/cap",
		"stipe": "game:block/plant/mushroom/flyagaric/stipe",
		"mycelium3": "game:block/plant/mushroom/mycelium3",
		"pores": "game:block/plant/mushroom/flyagaric/pores"
	},
	"elements": [
		{
			"name": "origin",
			"from": [ 8.0, 0.0, 8.0 ], 
			"to": [ 8.0, 0.0, 8.0 ], 
			"rotationOrigin": [ 8.0, 0.0, 8.0 ],
			"faces": {
				"north": { "texture": "#cap", "uv": [ 0.0, 0.0, 0.5, 0.5 ], "enabled": false },
				"east": { "texture": "#cap", "uv": [ 0.0, 0.0, 0.5, 0.5 ], "enabled": false },
				"south": { "texture": "#cap", "uv": [ 0.0, 0.0, 0.5, 0.5 ], "enabled": false },
				"west": { "texture": "#cap", "uv": [ 0.0, 0.0, 0.5, 0.5 ], "enabled": false },
				"up": { "texture": "#cap", "uv": [ 0.0, 0.0, 0.5, 0.5 ], "enabled": false },
				"down": { "texture": "#cap", "uv": [ 0.0, 0.0, 0.5, 0.5 ], "enabled": false }
			},
			"children": [
				{
					"name": "single voxel25",
					"from": [ 2.5, 0.0, 2.5 ], 
					"to": [ 3.5, 0.5, 3.5 ], 
					"rotationOrigin": [ 3.0, 0.0, 3.0 ],
					"rotationY": 14.0,
					"faces": {
						"north": { "texture": "#cap", "uv": [ 10.0, 6.0, 11.0, 6.5 ] },
						"east": { "texture": "#cap", "uv": [ 7.0, 12.0, 8.0, 12.5 ] },
						"south": { "texture": "#cap", "uv": [ 5.0, 12.0, 6.0, 12.5 ] },
						"west": { "texture": "#cap", "uv": [ 6.0, 14.0, 7.0, 14.5 ] },
						"up": { "texture": "#cap", "uv": [ 7.0, 12.0, 8.0, 13.0 ] },
						"down": { "texture": "#pores", "uv": [ 5.0, 6.0, 6.0, 7.0 ] }
					}
				},
				{
					"name": "single voxel",
					"from": [ -2.0, 0.0, 1.5 ], 
					"to": [ -1.0, 0.5, 2.5 ], 
					"rotationOrigin": [ -1.5, 0.0, 2.0 ],
					"rotationY": 11.0,
					"faces": {
						"north": { "texture": "#cap", "uv": [ 0.0, 0.0, 1.0, 0.5 ] },
						"east": { "texture": "#cap", "uv": [ 0.0, 0.0, 1.0, 0.5 ] },
						"south": { "texture": "#cap", "uv": [ 0.0, 0.0, 1.0, 0.5 ] },
						"west": { "texture": "#cap", "uv": [ 0.0, 0.0, 1.0, 0.5 ] },
						"up": { "texture": "#cap", "uv": [ 3.0, 13.0, 4.0, 14.0 ] },
						"down": { "texture": "#pores", "uv": [ 9.0, 12.0, 10.0, 13.0 ] }
					}
				},
				{
					"name": "tiny22",
					"from": [ 2.0, 0.0, -4.0 ], 
					"to": [ 3.0, 1.0, -3.0 ], 
					"rotationOrigin": [ 2.5, 0.0, -3.5 ],
					"rotationX": -4.0,
					"rotationY": -26.0,
					"faces": {
						"north": { "texture": "#stipe", "uv": [ 3.0, 14.0, 4.0, 15.0 ] },
						"east": { "texture": "#stipe", "uv": [ 12.0, 13.0, 13.0, 14.0 ] },
						"south": { "texture": "#stipe", "uv": [ 2.0, 13.0, 3.0, 14.0 ] },
						"west": { "texture": "#stipe", "uv": [ 7.0, 15.0, 8.0, 16.0 ] },
						"up": { "texture": "#stipe", "uv": [ 4.0, 5.0, 5.0, 6.0 ], "enabled": false },
						"down": { "texture": "#stipe", "uv": [ 2.0, 14.0, 3.0, 15.0 ] }
					},
					"children": [
						{
							"name": "Cube26",
							"from": [ -0.5, 1.0, -0.5 ], 
							"to": [ 1.5, 2.0, 1.5 ], 
							"rotationOrigin": [ 0.0, 1.0, 0.0 ],
							"faces": {
								"north": { "texture": "#cap", "uv": [ 1.0, 10.0, 3.0, 11.0 ] },
								"east": { "texture": "#cap", "uv": [ 6.0, 10.0, 8.0, 11.0 ] },
								"south": { "texture": "#cap", "uv": [ 8.0, 0.0, 10.0, 1.0 ] },
								"west": { "texture": "#cap", "uv": [ 10.0, 4.0, 12.0, 5.0 ] },
								"up": { "texture": "#cap", "uv": [ 5.0, 11.0, 7.0, 13.0 ] },
								"down": { "texture": "#cap", "uv": [ 5.0, 9.0, 7.0, 11.0 ] }
							}
						}
					]
				},
				{
					"name": "tiny20",
					"from": [ -4.0, 0.0, 0.0 ], 
					"to": [ -3.0, 0.5, 1.0 ], 
					"rotationOrigin": [ -3.5, 0.0, 0.5 ],
					"rotationY": 18.0,
					"faces": {
						"north": { "texture": "#stipe", "uv": [ 4.0, 15.0, 5.0, 15.5 ] },
						"east": { "texture": "#stipe", "uv": [ 10.0, 15.0, 11.0, 15.5 ] },
						"south": { "texture": "#stipe", "uv": [ 4.0, 3.0, 5.0, 3.5 ] },
						"west": { "texture": "#stipe", "uv": [ 10.0, 11.0, 11.0, 11.5 ] },
						"up": { "texture": "#stipe", "uv": [ 4.0, 5.0, 5.0, 6.0 ], "enabled": false },
						"down": { "texture": "#stipe", "uv": [ 2.0, 14.0, 3.0, 15.0 ] }
					},
					"children": [
						{
							"name": "Cube21",
							"from": [ -0.2, 0.5, -0.2 ], 
							"to": [ 1.3, 1.0, 1.3 ], 
							"faces": {
								"north": { "texture": "#cap", "uv": [ 13.0, 15.0, 14.5, 15.5 ] },
								"east": { "texture": "#cap", "uv": [ 3.0, 12.0, 4.5, 12.5 ] },
								"south": { "texture": "#cap", "uv": [ 6.0, 10.0, 7.5, 10.5 ] },
								"west": { "texture": "#cap", "uv": [ 3.0, 12.0, 4.5, 12.5 ] },
								"up": { "texture": "#cap", "uv": [ 11.0, 10.0, 12.5, 11.5 ] },
								"down": { "texture": "#cap", "uv": [ 2.0, 11.0, 3.5, 12.5 ] }
							}
						}
					]
				},
				{
					"name": "tiny24",
					"from": [ -3.0, 0.0, 3.0 ], 
					"to": [ -2.0, 0.5, 4.0 ], 
					"rotationOrigin": [ -2.5, 0.0, 3.5 ],
					"rotationX": 3.0,
					"rotationY": -13.0,
					"faces": {
						"north": { "texture": "#stipe", "uv": [ 2.0, 15.0, 3.0, 15.5 ] },
						"east": { "texture": "#stipe", "uv": [ 12.0, 15.0, 13.0, 15.5 ] },
						"south": { "texture": "#stipe", "uv": [ 3.0, 15.0, 4.0, 15.5 ] },
						"west": { "texture": "#stipe", "uv": [ 9.0, 15.0, 10.0, 15.5 ] },
						"up": { "texture": "#stipe", "uv": [ 4.0, 5.0, 5.0, 6.0 ], "enabled": false },
						"down": { "texture": "#stipe", "uv": [ 2.0, 14.0, 3.0, 15.0 ] }
					},
					"children": [
						{
							"name": "Cube25",
							"from": [ -0.2, 0.5, -0.2 ], 
							"to": [ 1.3, 1.5, 1.3 ], 
							"faces": {
								"north": { "texture": "#cap", "uv": [ 1.0, 9.0, 2.5, 10.0 ] },
								"east": { "texture": "#cap", "uv": [ 4.0, 9.0, 5.5, 10.0 ] },
								"south": { "texture": "#cap", "uv": [ 4.0, 9.0, 5.5, 10.0 ] },
								"west": { "texture": "#cap", "uv": [ 3.0, 10.0, 4.5, 11.0 ] },
								"up": { "texture": "#cap", "uv": [ 13.0, 0.0, 14.5, 1.5 ] },
								"down": { "texture": "#cap", "uv": [ 0.0, 12.0, 1.5, 13.5 ] }
							}
						}
					]
				},
				{
					"name": "tiny21",
					"from": [ 0.0, 0.0, -3.0 ], 
					"to": [ 1.0, 0.5, -2.0 ], 
					"rotationOrigin": [ 0.5, 0.0, -2.5 ],
					"rotationY": -10.0,
					"faces": {
						"north": { "texture": "#stipe", "uv": [ 3.0, 14.0, 4.0, 14.5 ] },
						"east": { "texture": "#stipe", "uv": [ 13.0, 15.0, 14.0, 15.5 ] },
						"south": { "texture": "#stipe", "uv": [ 3.0, 14.0, 4.0, 14.5 ] },
						"west": { "texture": "#stipe", "uv": [ 9.0, 12.0, 10.0, 12.5 ] },
						"up": { "texture": "#stipe", "uv": [ 4.0, 5.0, 5.0, 6.0 ], "enabled": false },
						"down": { "texture": "#stipe", "uv": [ 2.0, 14.0, 3.0, 15.0 ] }
					},
					"children": [
						{
							"name": "Cube22",
							"from": [ -0.2, 0.5, -0.2 ], 
							"to": [ 1.3, 1.0, 1.3 ], 
							"faces": {
								"north": { "texture": "#cap", "uv": [ 6.0, 13.0, 7.5, 13.5 ] },
								"east": { "texture": "#cap", "uv": [ 11.0, 9.0, 12.5, 9.5 ] },
								"south": { "texture": "#cap", "uv": [ 3.0, 12.0, 4.5, 12.5 ] },
								"west": { "texture": "#cap", "uv": [ 3.0, 12.0, 4.5, 12.5 ] },
								"up": { "texture": "#cap", "uv": [ 9.0, 10.0, 10.5, 11.5 ] },
								"down": { "texture": "#cap", "uv": [ 5.0, 10.0, 6.5, 11.5 ] }
							}
						}
					]
				},
				{
					"name": "mycelium",
					"from": [ -5.0, 0.1, -5.0 ], 
					"to": [ 5.0, 0.1, 5.0 ], 
					"rotationOrigin": [ 0.0, 0.1, 0.0 ],
					"faces": {
						"north": { "texture": "#cap", "uv": [ 0.0, 0.0, 10.0, 0.5 ], "enabled": false },
						"east": { "texture": "#cap", "uv": [ 0.0, 0.0, 10.0, 0.5 ], "enabled": false },
						"south": { "texture": "#cap", "uv": [ 0.0, 0.0, 10.0, 0.5 ], "enabled": false },
						"west": { "texture": "#cap", "uv": [ 0.0, 0.0, 10.0, 0.5 ], "enabled": false },
						"up": { "texture": "#mycelium3", "uv": [ 3.0, 3.0, 13.0, 13.0 ] },
						"down": { "texture": "#cap", "uv": [ 0.0, 0.0, 10.0, 10.0 ], "enabled": false }
					}
				}
			]
		},
		{
			"name": "origin13",
			"from": [ 24.0, 0.0, 8.0 ], 
			"to": [ 24.0, 0.0, 8.0 ], 
			"rotationOrigin": [ 24.0, 0.0, 8.0 ],
			"rotationY": -180.0,
			"faces": {
				"north": { "texture": "#cap", "uv": [ 0.0, 0.0, 0.5, 0.5 ], "enabled": false },
				"east": { "texture": "#cap", "uv": [ 0.0, 0.0, 0.5, 0.5 ], "enabled": false },
				"south": { "texture": "#cap", "uv": [ 0.0, 0.0, 0.5, 0.5 ], "enabled": false },
				"west": { "texture": "#cap", "uv": [ 0.0, 0.0, 0.5, 0.5 ], "enabled": false },
				"up": { "texture": "#cap", "uv": [ 0.0, 0.0, 0.5, 0.5 ], "enabled": false },
				"down": { "texture": "#cap", "uv": [ 0.0, 0.0, 0.5, 0.5 ], "enabled": false }
			},
			"children": [
				{
					"name": "single voxel14",
					"from": [ 2.5, 0.0, 2.5 ], 
					"to": [ 3.5, 0.5, 3.5 ], 
					"rotationOrigin": [ 3.0, 0.0, 3.0 ],
					"rotationY": 14.0,
					"faces": {
						"north": { "texture": "#cap", "uv": [ 10.0, 6.0, 11.0, 6.5 ] },
						"east": { "texture": "#cap", "uv": [ 7.0, 12.0, 8.0, 12.5 ] },
						"south": { "texture": "#cap", "uv": [ 5.0, 12.0, 6.0, 12.5 ] },
						"west": { "texture": "#cap", "uv": [ 6.0, 14.0, 7.0, 14.5 ] },
						"up": { "texture": "#cap", "uv": [ 7.0, 12.0, 8.0, 13.0 ] },
						"down": { "texture": "#pores", "uv": [ 5.0, 6.0, 6.0, 7.0 ] }
					}
				},
				{
					"name": "single voxel15",
					"from": [ -2.0, 0.0, 1.5 ], 
					"to": [ -1.0, 0.5, 2.5 ], 
					"rotationOrigin": [ -1.5, 0.0, 2.0 ],
					"rotationY": 11.0,
					"faces": {
						"north": { "texture": "#cap", "uv": [ 0.0, 0.0, 1.0, 0.5 ] },
						"east": { "texture": "#cap", "uv": [ 0.0, 0.0, 1.0, 0.5 ] },
						"south": { "texture": "#cap", "uv": [ 0.0, 0.0, 1.0, 0.5 ] },
						"west": { "texture": "#cap", "uv": [ 0.0, 0.0, 1.0, 0.5 ] },
						"up": { "texture": "#cap", "uv": [ 3.0, 13.0, 4.0, 14.0 ] },
						"down": { "texture": "#pores", "uv": [ 9.0, 12.0, 10.0, 13.0 ] }
					}
				},
				{
					"name": "tiny16",
					"from": [ 2.0, 0.0, -4.0 ], 
					"to": [ 3.0, 1.0, -3.0 ], 
					"rotationOrigin": [ 2.5, 0.0, -3.5 ],
					"rotationX": -4.0,
					"rotationY": -26.0,
					"faces": {
						"north": { "texture": "#stipe", "uv": [ 3.0, 14.0, 4.0, 15.0 ] },
						"east": { "texture": "#stipe", "uv": [ 12.0, 13.0, 13.0, 14.0 ] },
						"south": { "texture": "#stipe", "uv": [ 2.0, 13.0, 3.0, 14.0 ] },
						"west": { "texture": "#stipe", "uv": [ 7.0, 15.0, 8.0, 16.0 ] },
						"up": { "texture": "#stipe", "uv": [ 4.0, 5.0, 5.0, 6.0 ], "enabled": false },
						"down": { "texture": "#stipe", "uv": [ 2.0, 14.0, 3.0, 15.0 ] }
					},
					"children": [
						{
							"name": "Cube17",
							"from": [ -0.5, 1.0, -0.5 ], 
							"to": [ 1.5, 2.0, 1.5 ], 
							"rotationOrigin": [ 0.0, 1.0, 0.0 ],
							"faces": {
								"north": { "texture": "#cap", "uv": [ 1.0, 10.0, 3.0, 11.0 ] },
								"east": { "texture": "#cap", "uv": [ 6.0, 10.0, 8.0, 11.0 ] },
								"south": { "texture": "#cap", "uv": [ 8.0, 0.0, 10.0, 1.0 ] },
								"west": { "texture": "#cap", "uv": [ 10.0, 4.0, 12.0, 5.0 ] },
								"up": { "texture": "#cap", "uv": [ 5.0, 11.0, 7.0, 13.0 ] },
								"down": { "texture": "#cap", "uv": [ 5.0, 9.0, 7.0, 11.0 ] }
							}
						}
					]
				},
				{
					"name": "tiny18",
					"from": [ -4.0, 0.0, 0.0 ], 
					"to": [ -3.0, 0.5, 1.0 ], 
					"rotationOrigin": [ -3.5, 0.0, 0.5 ],
					"rotationY": 18.0,
					"faces": {
						"north": { "texture": "#stipe", "uv": [ 4.0, 15.0, 5.0, 15.5 ] },
						"east": { "texture": "#stipe", "uv": [ 10.0, 15.0, 11.0, 15.5 ] },
						"south": { "texture": "#stipe", "uv": [ 4.0, 3.0, 5.0, 3.5 ] },
						"west": { "texture": "#stipe", "uv": [ 10.0, 11.0, 11.0, 11.5 ] },
						"up": { "texture": "#stipe", "uv": [ 4.0, 5.0, 5.0, 6.0 ], "enabled": false },
						"down": { "texture": "#stipe", "uv": [ 2.0, 14.0, 3.0, 15.0 ] }
					},
					"children": [
						{
							"name": "Cube19",
							"from": [ -0.2, 0.5, -0.2 ], 
							"to": [ 1.3, 1.0, 1.3 ], 
							"faces": {
								"north": { "texture": "#cap", "uv": [ 13.0, 15.0, 14.5, 15.5 ] },
								"east": { "texture": "#cap", "uv": [ 3.0, 12.0, 4.5, 12.5 ] },
								"south": { "texture": "#cap", "uv": [ 6.0, 10.0, 7.5, 10.5 ] },
								"west": { "texture": "#cap", "uv": [ 3.0, 12.0, 4.5, 12.5 ] },
								"up": { "texture": "#cap", "uv": [ 11.0, 10.0, 12.5, 11.5 ] },
								"down": { "texture": "#cap", "uv": [ 2.0, 11.0, 3.5, 12.5 ] }
							}
						}
					]
				},
				{
					"name": "tiny23",
					"from": [ -3.0, 0.0, 3.0 ], 
					"to": [ -2.0, 0.5, 4.0 ], 
					"rotationOrigin": [ -2.5, 0.0, 3.5 ],
					"rotationX": 3.0,
					"rotationY": -13.0,
					"faces": {
						"north": { "texture": "#stipe", "uv": [ 2.0, 15.0, 3.0, 15.5 ] },
						"east": { "texture": "#stipe", "uv": [ 12.0, 15.0, 13.0, 15.5 ] },
						"south": { "texture": "#stipe", "uv": [ 3.0, 15.0, 4.0, 15.5 ] },
						"west": { "texture": "#stipe", "uv": [ 9.0, 15.0, 10.0, 15.5 ] },
						"up": { "texture": "#stipe", "uv": [ 4.0, 5.0, 5.0, 6.0 ], "enabled": false },
						"down": { "texture": "#stipe", "uv": [ 2.0, 14.0, 3.0, 15.0 ] }
					},
					"children": [
						{
							"name": "Cube23",
							"from": [ -0.2, 0.5, -0.2 ], 
							"to": [ 1.3, 1.5, 1.3 ], 
							"faces": {
								"north": { "texture": "#cap", "uv": [ 1.0, 9.0, 2.5, 10.0 ] },
								"east": { "texture": "#cap", "uv": [ 4.0, 9.0, 5.5, 10.0 ] },
								"south": { "texture": "#cap", "uv": [ 4.0, 9.0, 5.5, 10.0 ] },
								"west": { "texture": "#cap", "uv": [ 3.0, 10.0, 4.5, 11.0 ] },
								"up": { "texture": "#cap", "uv": [ 13.0, 0.0, 14.5, 1.5 ] },
								"down": { "texture": "#cap", "uv": [ 0.0, 12.0, 1.5, 13.5 ] }
							}
						}
					]
				},
				{
					"name": "tiny23",
					"from": [ 0.0, 0.0, -3.0 ], 
					"to": [ 1.0, 0.5, -2.0 ], 
					"rotationOrigin": [ 0.5, 0.0, -2.5 ],
					"rotationY": -10.0,
					"faces": {
						"north": { "texture": "#stipe", "uv": [ 3.0, 14.0, 4.0, 14.5 ] },
						"east": { "texture": "#stipe", "uv": [ 13.0, 15.0, 14.0, 15.5 ] },
						"south": { "texture": "#stipe", "uv": [ 3.0, 14.0, 4.0, 14.5 ] },
						"west": { "texture": "#stipe", "uv": [ 9.0, 12.0, 10.0, 12.5 ] },
						"up": { "texture": "#stipe", "uv": [ 4.0, 5.0, 5.0, 6.0 ], "enabled": false },
						"down": { "texture": "#stipe", "uv": [ 2.0, 14.0, 3.0, 15.0 ] }
					},
					"children": [
						{
							"name": "Cube23",
							"from": [ -0.2, 0.5, -0.2 ], 
							"to": [ 1.3, 1.0, 1.3 ], 
							"faces": {
								"north": { "texture": "#cap", "uv": [ 6.0, 13.0, 7.5, 13.5 ] },
								"east": { "texture": "#cap", "uv": [ 11.0, 9.0, 12.5, 9.5 ] },
								"south": { "texture": "#cap", "uv": [ 3.0, 12.0, 4.5, 12.5 ] },
								"west": { "texture": "#cap", "uv": [ 3.0, 12.0, 4.5, 12.5 ] },
								"up": { "texture": "#cap", "uv": [ 9.0, 10.0, 10.5, 11.5 ] },
								"down": { "texture": "#cap", "uv": [ 5.0, 10.0, 6.5, 11.5 ] }
							}
						}
					]
				},
				{
					"name": "mycelium24",
					"from": [ -5.0, 0.1, -5.0 ], 
					"to": [ 5.0, 0.1, 5.0 ], 
					"rotationOrigin": [ 0.0, 0.1, 0.0 ],
					"faces": {
						"north": { "texture": "#cap", "uv": [ 0.0, 0.0, 10.0, 0.5 ], "enabled": false },
						"east": { "texture": "#cap", "uv": [ 0.0, 0.0, 10.0, 0.5 ], "enabled": false },
						"south": { "texture": "#cap", "uv": [ 0.0, 0.0, 10.0, 0.5 ], "enabled": false },
						"west": { "texture": "#cap", "uv": [ 0.0, 0.0, 10.0, 0.5 ], "enabled": false },
						"up": { "texture": "#mycelium3", "uv": [ 3.0, 3.0, 13.0, 13.0 ] },
						"down": { "texture": "#cap", "uv": [ 0.0, 0.0, 10.0, 10.0 ], "enabled": false }
					}
				}
			]
		}
	]}