{
	"editor": {
		"backDropShape": "C:/Users/shani/Documents/VS Modding/monoceros/assets/monoceros/shapes/entity/land/indicus/adult-female",
		"collapsedPaths": "Root/ORIGINbridle/Bit/StrapBottom,Root/ORIGINbridle/Bit/StrapTop,Root/ORIGINbridle/Bit/ReinsN4,Root/ORIGINbridle/Bit/ReinsN",
		"allAngles": true,
		"entityTextureMode": false
	},
	"textureWidth": 16,
	"textureHeight": 16,
	"textureSizes": {
		"plain": [16,16]
	},
	"textures": {
		"plain": "block/leather/plain",
		"rustyglow": "block/machine/statictranslocator/rustyglow",
		"tinbronze1": "block/metal/sheet-plain/tinbronze1"
	},
	"elements": [
		{
			"name": "faceORIGIN",
			"stepParentName": "Bridge",
			"from": [ -0.8, -0.4, 0.0 ],
			"to": [ 0.2, 0.6, 1.0 ],
			"rotationOrigin": [ -0.8, -0.4, 0.0 ],
			"faces": {
			},
			"children": [
				{
					"name": "Medallion",
					"from": [ 3.8, 1.7, 0.6 ],
					"to": [ 5.0, 1.9, 1.8 ],
					"rotationOrigin": [ 3.8, 1.7, 0.6 ],
					"faces": {
						"north": { "texture": "#tinbronze1", "uv": [ 8.0, 8.0, 9.0, 8.5 ] },
						"east": { "texture": "#tinbronze1", "uv": [ 9.5, 15.0, 10.5, 15.5 ] },
						"south": { "texture": "#tinbronze1", "uv": [ 4.5, 5.0, 5.5, 5.5 ] },
						"west": { "texture": "#tinbronze1", "uv": [ 8.0, 14.0, 9.0, 14.5 ] },
						"up": { "texture": "#tinbronze1", "uv": [ 11.5, 6.0, 12.5, 7.0 ] }
					},
					"children": [
						{
							"name": "strap",
							"from": [ 1.2, 0.0, 0.3 ],
							"to": [ 1.7, 0.1, 0.9 ],
							"rotationOrigin": [ 1.2, 0.0, 0.3 ],
							"faces": {
								"north": { "texture": "#plain", "uv": [ 2.0, 3.0, 2.5, 3.5 ] },
								"south": { "texture": "#plain", "uv": [ 11.5, 2.0, 12.0, 2.5 ] },
								"up": { "texture": "#plain", "uv": [ 5.5, 4.0, 6.0, 4.5 ] },
								"down": { "texture": "#plain", "uv": [ 2.5, 15.0, 3.0, 15.5 ] }
							}
						},
						{
							"name": "Cube3",
							"from": [ 0.2, -0.001, 0.6 ],
							"to": [ 1.2, 0.199, 1.6 ],
							"rotationOrigin": [ 0.2, 0.0, 0.6 ],
							"rotationY": -135.0,
							"faces": {
								"north": { "texture": "#tinbronze1", "uv": [ 3.5, 7.5, 4.5, 8.0 ] },
								"east": { "texture": "#tinbronze1", "uv": [ 14.5, 5.0, 15.5, 5.5 ] },
								"south": { "texture": "#tinbronze1", "uv": [ 13.5, 8.0, 14.5, 8.5 ] },
								"west": { "texture": "#tinbronze1", "uv": [ 8.0, 14.5, 9.0, 15.0 ] },
								"up": { "texture": "#tinbronze1", "uv": [ 8.0, 9.0, 9.0, 10.0 ] }
							}
						},
						{
							"name": "Cube4",
							"from": [ -0.5, -0.002, 0.6 ],
							"to": [ 0.3, 0.198, 1.4 ],
							"rotationOrigin": [ -0.5, 0.0, 0.6 ],
							"rotationY": -135.0,
							"faces": {
								"north": { "texture": "#tinbronze1", "uv": [ 5.5, 9.5, 6.0, 10.0 ] },
								"east": { "texture": "#tinbronze1", "uv": [ 0.5, 0.0, 1.0, 0.5 ] },
								"south": { "texture": "#tinbronze1", "uv": [ 6.0, 7.5, 6.5, 8.0 ] },
								"west": { "texture": "#tinbronze1", "uv": [ 5.5, 4.5, 6.0, 5.0 ] },
								"up": { "texture": "#tinbronze1", "uv": [ 10.0, 14.5, 10.5, 15.0 ] }
							}
						},
						{
							"name": "Cube5",
							"from": [ -1.1, -0.003, 0.6 ],
							"to": [ -0.5, 0.197, 1.2 ],
							"rotationOrigin": [ -1.1, 0.0, 0.6 ],
							"rotationY": -135.0,
							"faces": {
								"north": { "texture": "#tinbronze1", "uv": [ 2.0, 7.5, 2.5, 8.0 ] },
								"east": { "texture": "#tinbronze1", "uv": [ 5.5, 0.0, 6.0, 0.5 ] },
								"south": { "texture": "#tinbronze1", "uv": [ 9.5, 13.0, 10.0, 13.5 ] },
								"west": { "texture": "#tinbronze1", "uv": [ 0.0, 3.0, 0.5, 3.5 ] },
								"up": { "texture": "#tinbronze1", "uv": [ 13.0, 6.0, 13.5, 6.5 ] }
							}
						},
						{
							"name": "Cube6",
							"from": [ -1.7, -0.004, 0.6 ],
							"to": [ -1.3, 0.196, 1.0 ],
							"rotationOrigin": [ -1.7, 0.0, 0.6 ],
							"rotationY": -135.0,
							"faces": {
								"north": { "texture": "#tinbronze1", "uv": [ 10.5, 3.0, 11.0, 3.5 ] },
								"east": { "texture": "#tinbronze1", "uv": [ 14.0, 13.0, 14.5, 13.5 ] },
								"south": { "texture": "#tinbronze1", "uv": [ 3.0, 1.0, 3.5, 1.5 ] },
								"west": { "texture": "#tinbronze1", "uv": [ 0.5, 1.0, 1.0, 1.5 ] },
								"up": { "texture": "#tinbronze1", "uv": [ 0.0, 2.5, 0.5, 3.0 ] }
							}
						},
						{
							"name": "Cube2",
							"from": [ 0.3, 0.2, 0.3 ],
							"to": [ 0.9, 0.4, 0.9 ],
							"rotationOrigin": [ 0.6, 0.2, 0.6 ],
							"faces": {
								"north": { "texture": "#rustyglow", "uv": [ 5.5, 4.0, 6.0, 4.5 ] },
								"east": { "texture": "#rustyglow", "uv": [ 11.5, 4.0, 12.0, 4.5 ] },
								"south": { "texture": "#rustyglow", "uv": [ 10.5, 15.0, 11.0, 15.5 ] },
								"west": { "texture": "#rustyglow", "uv": [ 13.5, 11.5, 14.0, 12.0 ] },
								"up": { "texture": "#rustyglow", "uv": [ 0.0, 0.5, 0.5, 1.0 ] }
							}
						}
					]
				}
			]
		}
	]}