{
	"editor": {
		"backDropShape": "C:/Users/shani/Documents/VS Modding/monoceros/assets/monoceros/shapes/entity/land/indicus/adult-female",
		"collapsedPaths": "Root/ORIGINbridle/Bit/StrapBottom,Root/ORIGINbridle/Bit/StrapTop,Root/ORIGINbridle/Bit/ReinsN4,Root/ORIGINbridle/Bit/ReinsN",
		"allAngles": true,
		"entityTextureMode": false
	},
	"textureWidth": 16,
	"textureHeight": 16,
	"textureSizes": {
		"plain": [16,16]
	},
	"textures": {
		"yellow": "block/cloth/linen/yellow",
		"plain": "block/leather/plain",
		"pearl1": "entity/humanoid/seraphclothes/neck/gem/pearlpink"
	},
	"elements": [
		{
			"name": "faceORIGIN",
			"stepParentName": "Bridge",
			"from": [ -1.3, -0.52, 0.0 ],
			"to": [ -0.25, 0.53, 1.05 ],
			"rotationOrigin": [ -1.3, -0.52, 0.0 ],
			"faces": {
			},
			"children": [
				{
					"name": "Medallion",
					"from": [ 4.935, 1.785, 1.155 ],
					"to": [ 5.145, 1.995, 1.365 ],
					"rotationOrigin": [ 5.04, 1.785, 1.26 ],
					"faces": {
					},
					"children": [
						{
							"name": "strap",
							"from": [ 0.21, 0.0, -0.21 ],
							"to": [ 0.735, 0.105, 0.42 ],
							"rotationOrigin": [ 0.21, 0.0, 0.105 ],
							"faces": {
								"north": { "texture": "#plain", "uv": [ 2.0, 3.0, 2.5, 3.5 ], "autoUv": false },
								"south": { "texture": "#plain", "uv": [ 11.5, 2.0, 12.0, 2.5 ], "autoUv": false },
								"up": { "texture": "#plain", "uv": [ 5.5, 4.0, 6.0, 4.5 ], "autoUv": false },
								"down": { "texture": "#plain", "uv": [ 2.5, 15.0, 3.0, 15.5 ], "autoUv": false }
							},
							"children": [
								{
									"name": "band",
									"from": [ -0.525, -0.42, -1.05 ],
									"to": [ 0.0, 0.105, 1.68 ],
									"rotationOrigin": [ -0.105, 0.0, 0.315 ],
									"faces": {
										"north": { "texture": "#plain", "uv": [ 12.5, 12.0, 13.0, 12.5 ], "autoUv": false },
										"east": { "texture": "#plain", "uv": [ 4.5, 7.5, 7.0, 8.0 ], "autoUv": false },
										"south": { "texture": "#plain", "uv": [ 9.0, 6.5, 9.5, 7.0 ], "autoUv": false },
										"west": { "texture": "#plain", "uv": [ 4.0, 13.0, 6.5, 13.5 ], "autoUv": false },
										"up": { "texture": "#plain", "uv": [ 11.0, 12.0, 11.5, 14.5 ], "autoUv": false },
										"down": { "texture": "#plain", "uv": [ 11.5, 5.0, 12.0, 7.5 ], "autoUv": false }
									},
									"children": [
										{
											"name": "pearl1",
											"from": [ 0.42, 0.42, 1.26 ],
											"to": [ 0.63, 0.63, 1.47 ],
											"rotationOrigin": [ 0.525, 0.525, 1.365 ],
											"rotationY": 45.0,
											"faces": {
												"north": { "texture": "#pearl1", "uv": [ 9.0, 14.5, 9.5, 15.0 ], "autoUv": false },
												"east": { "texture": "#pearl1", "uv": [ 3.5, 11.0, 4.0, 11.5 ], "autoUv": false },
												"south": { "texture": "#pearl1", "uv": [ 5.0, 5.0, 5.5, 5.5 ], "autoUv": false },
												"west": { "texture": "#pearl1", "uv": [ 8.5, 0.5, 9.0, 1.0 ], "autoUv": false },
												"up": { "texture": "#pearl1", "uv": [ 11.5, 1.5, 12.0, 2.0 ], "autoUv": false }
											}
										},
										{
											"name": "pearl2",
											"from": [ 0.42, 0.42, 1.785 ],
											"to": [ 0.63, 0.63, 1.995 ],
											"rotationOrigin": [ 0.525, 0.525, 1.89 ],
											"rotationY": 45.0,
											"faces": {
												"north": { "texture": "#pearl1", "uv": [ 11.0, 2.0, 11.5, 2.5 ], "autoUv": false },
												"east": { "texture": "#pearl1", "uv": [ 3.5, 1.0, 4.0, 1.5 ], "autoUv": false },
												"south": { "texture": "#pearl1", "uv": [ 14.0, 10.0, 14.5, 10.5 ], "autoUv": false },
												"west": { "texture": "#pearl1", "uv": [ 13.5, 13.5, 14.0, 14.0 ], "autoUv": false },
												"up": { "texture": "#pearl1", "uv": [ 12.5, 5.0, 13.0, 5.5 ], "autoUv": false }
											}
										},
										{
											"name": "pearl3",
											"from": [ 0.42, 0.42, 0.735 ],
											"to": [ 0.63, 0.63, 0.945 ],
											"rotationOrigin": [ 0.525, 0.525, 0.84 ],
											"rotationY": 45.0,
											"faces": {
												"north": { "texture": "#pearl1", "uv": [ 1.0, 4.0, 1.5, 4.5 ], "autoUv": false },
												"east": { "texture": "#pearl1", "uv": [ 3.5, 11.0, 4.0, 11.5 ], "autoUv": false },
												"south": { "texture": "#pearl1", "uv": [ 14.5, 4.0, 15.0, 4.5 ], "autoUv": false },
												"west": { "texture": "#pearl1", "uv": [ 10.5, 0.0, 11.0, 0.5 ], "autoUv": false },
												"up": { "texture": "#pearl1", "uv": [ 13.5, 1.0, 14.0, 1.5 ], "autoUv": false }
											}
										},
										{
											"name": "pearl4",
											"from": [ 0.42, 0.42, 2.31 ],
											"to": [ 0.63, 0.63, 2.52 ],
											"rotationOrigin": [ 0.525, 0.525, 2.415 ],
											"rotationY": 45.0,
											"faces": {
												"north": { "texture": "#pearl1", "uv": [ 1.5, 2.5, 2.0, 3.0 ], "autoUv": false },
												"east": { "texture": "#pearl1", "uv": [ 7.0, 3.0, 7.5, 3.5 ], "autoUv": false },
												"south": { "texture": "#pearl1", "uv": [ 4.0, 6.0, 4.5, 6.5 ], "autoUv": false },
												"west": { "texture": "#pearl1", "uv": [ 11.5, 0.5, 12.0, 1.0 ], "autoUv": false },
												"up": { "texture": "#pearl1", "uv": [ 6.0, 12.5, 6.5, 13.0 ], "autoUv": false }
											}
										},
										{
											"name": "pearl5",
											"from": [ 0.42, 0.42, 0.21 ],
											"to": [ 0.63, 0.63, 0.42 ],
											"rotationOrigin": [ 0.525, 0.525, 0.315 ],
											"rotationY": 45.0,
											"faces": {
												"north": { "texture": "#pearl1", "uv": [ 11.0, 6.0, 11.5, 6.5 ], "autoUv": false },
												"east": { "texture": "#pearl1", "uv": [ 2.0, 10.0, 2.5, 10.5 ], "autoUv": false },
												"south": { "texture": "#pearl1", "uv": [ 7.0, 9.5, 7.5, 10.0 ], "autoUv": false },
												"west": { "texture": "#pearl1", "uv": [ 6.0, 10.5, 6.5, 11.0 ], "autoUv": false },
												"up": { "texture": "#pearl1", "uv": [ 7.0, 6.5, 7.5, 7.0 ], "autoUv": false }
											}
										},
										{
											"name": "strip1",
											"from": [ -2.1, 0.315, 1.26 ],
											"to": [ 0.0, 0.525, 1.47 ],
											"rotationOrigin": [ 0.0, 0.315, 1.365 ],
											"faces": {
												"north": { "texture": "#yellow", "uv": [ 11.5, 8.5, 13.5, 9.0 ], "autoUv": false },
												"south": { "texture": "#yellow", "uv": [ 12.0, 5.5, 14.0, 6.0 ], "autoUv": false },
												"west": { "texture": "#yellow", "uv": [ 5.5, 15.0, 6.0, 15.5 ], "autoUv": false },
												"up": { "texture": "#yellow", "uv": [ 5.0, 5.0, 7.0, 5.5 ], "autoUv": false }
											}
										},
										{
											"name": "strip2",
											"from": [ -1.575, 0.315, 1.785 ],
											"to": [ 0.0, 0.525, 1.995 ],
											"rotationOrigin": [ 0.0, 0.315, 1.89 ],
											"faces": {
												"north": { "texture": "#yellow", "uv": [ 3.5, 8.5, 5.0, 9.0 ], "autoUv": false },
												"south": { "texture": "#yellow", "uv": [ 5.5, 3.5, 7.0, 4.0 ], "autoUv": false },
												"west": { "texture": "#yellow", "uv": [ 4.5, 14.5, 5.0, 15.0 ], "autoUv": false },
												"up": { "texture": "#yellow", "uv": [ 3.5, 4.5, 5.0, 5.0 ], "autoUv": false }
											}
										},
										{
											"name": "strip3",
											"from": [ -1.575, 0.315, 0.735 ],
											"to": [ 0.0, 0.525, 0.945 ],
											"rotationOrigin": [ 0.0, 0.315, 0.84 ],
											"faces": {
												"north": { "texture": "#yellow", "uv": [ 1.5, 5.5, 3.0, 6.0 ], "autoUv": false },
												"south": { "texture": "#yellow", "uv": [ 11.0, 14.5, 12.5, 15.0 ], "autoUv": false },
												"west": { "texture": "#yellow", "uv": [ 13.5, 10.5, 14.0, 11.0 ], "autoUv": false },
												"up": { "texture": "#yellow", "uv": [ 4.0, 6.0, 5.5, 6.5 ], "autoUv": false }
											}
										},
										{
											"name": "strip4",
											"from": [ -1.05, 0.315, 2.31 ],
											"to": [ 0.0, 0.525, 2.52 ],
											"rotationOrigin": [ 0.0, 0.315, 2.415 ],
											"faces": {
												"north": { "texture": "#yellow", "uv": [ 2.5, 7.0, 3.5, 7.5 ], "autoUv": false },
												"south": { "texture": "#yellow", "uv": [ 6.5, 11.5, 7.5, 12.0 ], "autoUv": false },
												"west": { "texture": "#yellow", "uv": [ 0.5, 5.0, 1.0, 5.5 ], "autoUv": false },
												"up": { "texture": "#yellow", "uv": [ 10.0, 1.5, 11.0, 2.0 ], "autoUv": false }
											}
										},
										{
											"name": "strip5",
											"from": [ -1.05, 0.315, 0.21 ],
											"to": [ 0.0, 0.525, 0.42 ],
											"rotationOrigin": [ 0.0, 0.315, 0.315 ],
											"faces": {
												"north": { "texture": "#yellow", "uv": [ 4.0, 11.5, 5.0, 12.0 ], "autoUv": false },
												"south": { "texture": "#yellow", "uv": [ 1.5, 9.0, 2.5, 9.5 ], "autoUv": false },
												"west": { "texture": "#yellow", "uv": [ 0.5, 7.5, 1.0, 8.0 ], "autoUv": false },
												"up": { "texture": "#yellow", "uv": [ 2.5, 0.5, 3.5, 1.0 ], "autoUv": false }
											}
										}
									]
								}
							]
						}
					]
				}
			]
		}
	]}