{
	"editor": {
		"backDropShape": "C:/Users/shani/Documents/VS Modding/monoceros/assets/monoceros/shapes/entity/land/caledonius/adult",
		"collapsedPaths": "Root/ORIGINbridle/Bit/StrapBottom,Root/ORIGINbridle/Bit/StrapTop,Root/ORIGINbridle/Bit/ReinsN4,Root/ORIGINbridle/Bit/ReinsN",
		"allAngles": true,
		"entityTextureMode": false
	},
	"textureWidth": 16,
	"textureHeight": 16,
	"textureSizes": {
		"plain": [16,16]
	},
	"textures": {
		"plain": "block/leather/plain",
		"pearl1": "entity/humanoid/seraphclothes/neck/gem/pearlpink"
	},
	"elements": [
		{
			"name": "faceORIGIN",
			"stepParentName": "Bridge",
			"from": [ -0.3, -0.4, 0.1 ],
			"to": [ 0.7, 0.6, 1.1 ],
			"rotationOrigin": [ -0.3, -0.4, 0.1 ],
			"faces": {
			},
			"children": [
				{
					"name": "Medallion",
					"from": [ 4.2, 1.7, 1.0 ],
					"to": [ 4.6, 2.0, 1.4 ],
					"rotationOrigin": [ 4.4, 1.7, 1.2 ],
					"rotationY": 45.0,
					"faces": {
						"north": { "texture": "#pearl1", "uv": [ 7.5, 12.5, 8.0, 13.0 ] },
						"east": { "texture": "#pearl1", "uv": [ 1.0, 15.0, 1.5, 15.5 ] },
						"south": { "texture": "#pearl1", "uv": [ 4.5, 6.0, 5.0, 6.5 ] },
						"west": { "texture": "#pearl1", "uv": [ 5.0, 5.5, 5.5, 6.0 ] },
						"up": { "texture": "#pearl1", "uv": [ 15.0, 10.5, 15.5, 11.0 ] }
					},
					"children": [
						{
							"name": "strap",
							"from": [ 0.0, 0.0, 0.6 ],
							"to": [ 1.0, 0.1, 1.0 ],
							"rotationOrigin": [ 0.8, 0.0, 0.8 ],
							"rotationY": -45.0,
							"faces": {
								"north": { "texture": "#plain", "uv": [ 12.0, 7.5, 13.0, 8.0 ] },
								"south": { "texture": "#plain", "uv": [ 14.5, 7.0, 15.5, 7.5 ] },
								"west": { "texture": "#plain", "uv": [ 8.0, 1.5, 8.5, 2.0 ], "windMode": [-1,-1,-1,-1], "windData": [1,1,1,1] },
								"up": { "texture": "#plain", "uv": [ 10.0, 1.0, 11.0, 1.5 ] },
								"down": { "texture": "#plain", "uv": [ 4.0, 1.5, 5.0, 2.0 ] }
							}
						},
						{
							"name": "pearl1",
							"from": [ -0.2, 0.0, -0.2 ],
							"to": [ 0.1, 0.25, 0.1 ],
							"rotationOrigin": [ -0.05, 0.0, -0.05 ],
							"faces": {
								"north": { "texture": "#pearl1", "uv": [ 0.5, 2.0, 1.0, 2.5 ] },
								"east": { "texture": "#pearl1", "uv": [ 2.0, 5.5, 2.5, 6.0 ] },
								"south": { "texture": "#pearl1", "uv": [ 11.5, 0.5, 12.0, 1.0 ] },
								"west": { "texture": "#pearl1", "uv": [ 10.5, 11.0, 11.0, 11.5 ] },
								"up": { "texture": "#pearl1", "uv": [ 8.5, 8.5, 9.0, 9.0 ] }
							}
						},
						{
							"name": "pearl2",
							"from": [ -0.5, 0.0, -0.5 ],
							"to": [ -0.2, 0.25, -0.2 ],
							"rotationOrigin": [ -0.35, 0.0, -0.35 ],
							"faces": {
								"north": { "texture": "#pearl1", "uv": [ 14.5, 9.5, 15.0, 10.0 ] },
								"east": { "texture": "#pearl1", "uv": [ 14.5, 10.0, 15.0, 10.5 ] },
								"south": { "texture": "#pearl1", "uv": [ 12.0, 10.5, 12.5, 11.0 ] },
								"west": { "texture": "#pearl1", "uv": [ 12.0, 5.0, 12.5, 5.5 ] },
								"up": { "texture": "#pearl1", "uv": [ 3.0, 14.5, 3.5, 15.0 ] }
							}
						},
						{
							"name": "pearl3",
							"from": [ -0.6, 0.0, -0.6 ],
							"to": [ -0.4, 0.2, -0.4 ],
							"rotationOrigin": [ -0.5, 0.0, -0.5 ],
							"faces": {
								"north": { "texture": "#pearl1", "uv": [ 4.5, 11.0, 5.0, 11.5 ] },
								"east": { "texture": "#pearl1", "uv": [ 7.0, 2.0, 7.5, 2.5 ] },
								"south": { "texture": "#pearl1", "uv": [ 8.5, 0.5, 9.0, 1.0 ] },
								"west": { "texture": "#pearl1", "uv": [ 14.5, 1.5, 15.0, 2.0 ] },
								"up": { "texture": "#pearl1", "uv": [ 7.5, 3.0, 8.0, 3.5 ] }
							}
						},
						{
							"name": "pearl4",
							"from": [ -0.8, 0.0, -0.8 ],
							"to": [ -0.6, 0.2, -0.6 ],
							"rotationOrigin": [ -0.7, 0.0, -0.7 ],
							"faces": {
								"north": { "texture": "#pearl1", "uv": [ 4.0, 14.5, 4.5, 15.0 ] },
								"east": { "texture": "#pearl1", "uv": [ 2.5, 9.0, 3.0, 9.5 ] },
								"south": { "texture": "#pearl1", "uv": [ 9.0, 12.0, 9.5, 12.5 ] },
								"west": { "texture": "#pearl1", "uv": [ 10.5, 4.0, 11.0, 4.5 ] },
								"up": { "texture": "#pearl1", "uv": [ 10.0, 8.5, 10.5, 9.0 ] }
							}
						}
					]
				}
			]
		}
	]}