{
	"code": "pelt",
		"behaviors": [
		{ "name": "GroundStorable", "properties": { "layout": "SingleCenter"}}
	],
  "variantgroups": [
    {"code": "type","states": [ "baby","female","male" ]},
    {"code": "species","states": ["bennetti", "casuarius", "cereopsisnovaehollandiae", "novaehollandiae","novaehollandiaediemenensis","unappendiculatus","genyornisnewtoni","tribonyxmortierii" ]}
    ],
	"skipVariants": [
		"pelt-baby-cereopsisnovaehollandiae",
		"pelt-baby-tribonyxmortierii"
	],
  "shapebytype": {
    "*-cereopsisnovaehollandiae": {"base": "item/anatidae/{species}/floorpelt-male"},
    "*-novaehollandiaediemenensis": {"base": "item/casuariidae/floorpelt-novaehollandiae-{type}"},
    "*-tribonyxmortierii": {"base": "item/rallidae/tribonyxmortierii/floorpelt-male"},
    "*male-genyornisnewtoni": {"base": "item/dromornithidae/genyornisnewtoni/floorpelt-male"},
    "*baby-genyornisnewtoni": {"base": "item/dromornithidae/genyornisnewtoni/floorpelt-baby"},
    "*": {"base": "item/casuariidae/floorpelt-{species}-{type}"}
  },
  "texturesByType": {
    "*-cereopsisnovaehollandiae": {"skin": {"base": "entity/anatidae/cereopsisnovaehollandiae-adult"}},
    "*-baby-novaehollandiae": {"skin": {"base": "entity/casuariidae/novaehollandiae-baby"},"bottom": {"base": "game:block/leather/plain"}},
    "*-baby-novaehollandiaediemenensis": {"skin": {"base": "entity/casuariidae/novaehollandiae-baby"},"bottom": {"base": "game:block/leather/plain"}},
    "*-genyornisnewtoni": {"skin": {"base": "entity/dromornithidae/genyornisnewtoni-{type}"}},
    "*-baby-*": {"skin": {"base": "entity/casuariidae/bennetti-baby"},"bottom": {"base": "game:block/leather/plain"}},
    "*-tribonyxmortierii": {"skin": {"base": "entity/rallidae/tribonyxmortierii-adult"}},
    "*": {"skin": {"base": "entity/casuariidae/{species}-adult"},"bottom": {"base": "game:block/leather/plain"}}
  },
	"creativeinventory": { "general": ["*"], "items": ["*"] },
	"maxstacksize": 64,
	"attributes": {
		"handbook": {"groupBy": ["floorpelt-*"]},
		"displaycaseable": false, 
		"shelvable": false,
		"antlerMountableByType": {
			"*": true
		},
		"onAntlerMountTransformByType": {
			"*-female-cereopsisnovaehollandiae": {"translation": { "x": 0.1, "y": 0.7, "z": 0 },"rotation": { "x": 0, "y": 0, "z": -90 },"origin": { "x": 0.0, "y": 0.0, "z": 0.5 },"scale": 0.95},"*-male-cereopsisnovaehollandiae": {"translation": { "x": 0.1, "y": 0.7, "z": 0 },"rotation": { "x": 0, "y": 0, "z": -90 },"origin": { "x": 0, "y": 0.0, "z": 0.5 },"scale": 1.0},
			"*-baby-novaehollandiaediemenensis": {"translation": { "x": 0.1, "y": 0.7, "z": 0 },"rotation": { "x": 0, "y": 0, "z": -90 },"origin": { "x": 0.0, "y": 0.0, "z": 0.5 },"scale": 0.9},"*-female-novaehollandiaediemenensis": {"translation": { "x": 0.1, "y": 0.7, "z": 0 },"rotation": { "x": 0, "y": 0, "z": -90 },"origin": { "x": 0.0, "y": 0.0, "z": 0.5 },"scale": 0.9},"*-male-novaehollandiaediemenensis": {"translation": { "x": 0.1, "y": 0.7, "z": 0 },"rotation": { "x": 0, "y": 0, "z": -90 },"origin": { "x": 0, "y": 0.0, "z": 0.5 },"scale": 0.9},
			"*-male-genyornisnewtoni": {"translation": { "x": 0.1, "y": 0.7, "z": 0 },"rotation": { "x": 0, "y": 0, "z": -90 },"origin": { "x": 0.0, "y": 0.0, "z": 0.5 },"scale": 0.95},
			"*-tribonyxmortierii": {"translation": { "x": 0.1, "y": 0.7, "z": 0 },"rotation": { "x": 0, "y": 0, "z": -90 },"origin": { "x": 0.0, "y": 0.0, "z": 0.5 },"scale": 0.5},
			"*": {"translation": { "x": 0.1, "y": 0.7, "z": 0 },"rotation": { "x": 0, "y": 0, "z": -90 },"origin": { "x": 0.1, "y": 0.1, "z": 0.5 },"scale": 1.0}			
		},
		"rackable": true,
		"toolrackTransform": {
			"translation": { "x": 0, "y": 0.0, "z": 0 },
			"rotation": { "x": -180, "y": 180, "z": 0.1 },
			"origin": { "x": 0.5, "y": 0.2, "z": 0.5 },
			"scale": 1.0
		},
		"onDisplayTransform": {
			"translation": { "x": 0, "y": -0.05, "z": 0.0 },
			"rotation": { "x": 0, "y": -45, "z": 0 },
			"origin": { "x": 0.5, "y": 0.5, "z": 0.5 },
			"scale": 1.0
		},
		"groundStorageTransformByType": {
			"*-female-cereopsisnovaehollandiae": {"rotation": { "x": 0, "y": 90, "z": 0 },"origin": { "x": 0.5, "y": 0.0, "z": 0.5 },"scale": 0.95},"*-male-cereopsisnovaehollandiae": {"rotation": { "x": 0, "y": 90, "z": 0 },"origin": { "x": 0.5, "y": 0.0, "z": 0.5 },"scale": 1.0},
			"*-baby-novaehollandiaediemenensis": {"rotation": { "x": 0, "y": 90, "z": 0 },"origin": { "x": 0.5, "y": 0.0, "z": 0.5 },"scale": 0.9},"*-female-novaehollandiaediemenensis": {"rotation": { "x": 0, "y": 90, "z": 0 },"origin": { "x": 0.5, "y": 0.0, "z": 0.5 },"scale": 0.9},"*-male-novaehollandiaediemenensis": {"rotation": { "x": 0, "y": 90, "z": 0 },"origin": { "x": 0.5, "y": 0.0, "z": 0.5 },"scale": 0.9},
			"*-male-genyornisnewtoni": {"rotation": { "x": 0, "y": 90, "z": 0 },"origin": { "x": 0.5, "y": 0.0, "z": 0.5 },"scale": 0.95},
			"*-tribonyxmortierii": {"rotation": { "x": 0, "y": 90, "z": 0 },"origin": { "x": 0.5, "y": 0.0, "z": 0.5 },"scale": 0.5},
			"*": {"rotation": { "x": 0, "y": 90, "z": 0 },"origin": { "x": 0.5, "y": 0.0, "z": 0.5 },"scale": 1}
	}
	},
  "sounds": {
    "walk": "game:walk/cloth"
  },
	"materialDensity": 500,
	"heldTpHitAnimation": "breaktool",
	"fpHandTransform": {
		"translation": { "x": 0, "y": -0.5, "z": -1.5 },
		"rotation": { "x": 180, "y": 0, "z": 90 },
		"scale": 1
	},
	"guiTransformByType": {
    "*-baby-*": {"translation": {"x": 0,"y": 1,"z": 0},"rotation": {"x": 0,"y": 145,"z": 90},"origin": {"x": 0.5,"y": 0.1,"z": 0.5},"scale": 5},
    "*": {"translation": {"x": 0,"y": 1,"z": 0},"rotation": {"x": 0,"y": 145,"z": 90},"origin": {"x": 0.5,"y": 0.1,"z": 0.5},"scale": 2.5}
	},
	"tpHandTransform": {
		"translation": { "x": -0.55, "y": -0.10, "z": -0.45},
		"rotation": { "x": -90, "y": 90, "z": 0 },
		"origin": { "x": 0.5, "y": 0.0, "z": 0.5 },
		"scale": 1.0
	},

		"groundTransformByType": {
			"*-female-cereopsisnovaehollandiae": {"origin": { "x": 0.1, "y": 0.0, "z": 0.5 },"scale": 0.95},"*-male-cereopsisnovaehollandiae": {"origin": { "x": 0.1, "y": 0.0, "z": 0.5 },"scale": 1.0},	
			"*-baby-novaehollandiaediemenensis": {"origin": { "x": 0.1, "y": 0.0, "z": 0.5 },"scale": 0.9},"*-female-novaehollandiaediemenensis": {"origin": { "x": 0.1, "y": 0.0, "z": 0.5 },"scale": 0.9},"*-male-novaehollandiaediemenensis": {"origin": { "x": 0.1, "y": 0.0, "z": 0.5 },"scale": 0.9},	
			"*-male-genyornisnewtoni": {"origin": { "x": 0.1, "y": 0.0, "z": 0.5 },"scale": 0.95},
			"*-tribonyxmortierii": {"origin": { "x": 0.1, "y": 0.0, "z": 0.5 },"scale": 0.5},
			"*": {"rotation": { "x": 0, "y": 0, "z": 0 },"origin": { "x": 0.5, "y": 0.0, "z": 0.5 },"scale": 1}
	}
	

}