{
	"editor": {
		"allAngles": false,
		"entityTextureMode": false
	},
	"textureWidth": 16,
	"textureHeight": 16,
	"textureSizes": {
	},
	"textures": {
	},
	"elements": [
		{
			"name": "Floor",
			"from": [ 5.0, 0.0, 5.0 ],
			"to": [ 11.0, 1.0, 11.0 ],
			"rotationOrigin": [ 5.0, 0.0, 5.0 ],
			"faces": {
				"north": { "texture": "#null", "uv": [ 0.0, 0.0, 6.0, 1.0 ] },
				"east": { "texture": "#null", "uv": [ 0.0, 0.0, 6.0, 1.0 ] },
				"south": { "texture": "#null", "uv": [ 0.0, 0.0, 6.0, 1.0 ] },
				"west": { "texture": "#null", "uv": [ 0.0, 0.0, 6.0, 1.0 ] },
				"up": { "texture": "#null", "uv": [ 0.0, 0.0, 6.0, 6.0 ] },
				"down": { "texture": "#null", "uv": [ 0.0, 0.0, 6.0, 6.0 ] }
			},
			"children": [
				{
					"name": "W",
					"from": [ -1.0, 0.0, 0.0 ],
					"to": [ 0.0, 4.0, 6.0 ],
					"rotationOrigin": [ -1.0, 0.0, 0.0 ],
					"faces": {
						"north": { "texture": "#null", "uv": [ 0.0, 0.0, 1.0, 4.0 ] },
						"east": { "texture": "#null", "uv": [ 0.0, 0.0, 6.0, 4.0 ] },
						"south": { "texture": "#null", "uv": [ 0.0, 0.0, 1.0, 4.0 ] },
						"west": { "texture": "#null", "uv": [ 0.0, 0.0, 6.0, 4.0 ] },
						"up": { "texture": "#null", "uv": [ 0.0, 0.0, 1.0, 6.0 ] },
						"down": { "texture": "#null", "uv": [ 0.0, 0.0, 1.0, 6.0 ] }
					}
				},
				{
					"name": "E",
					"from": [ 6.0, 0.0, 0.0 ],
					"to": [ 7.0, 4.0, 6.0 ],
					"rotationOrigin": [ 6.0, 0.0, 0.0 ],
					"faces": {
						"north": { "texture": "#null", "uv": [ 0.0, 0.0, 1.0, 4.0 ] },
						"east": { "texture": "#null", "uv": [ 0.0, 0.0, 6.0, 4.0 ] },
						"south": { "texture": "#null", "uv": [ 0.0, 0.0, 1.0, 4.0 ] },
						"west": { "texture": "#null", "uv": [ 0.0, 0.0, 6.0, 4.0 ] },
						"up": { "texture": "#null", "uv": [ 0.0, 0.0, 1.0, 6.0 ] },
						"down": { "texture": "#null", "uv": [ 0.0, 0.0, 1.0, 6.0 ] }
					}
				},
				{
					"name": "N",
					"from": [ -1.0, 0.0, -1.0 ],
					"to": [ 7.0, 4.0, 0.0 ],
					"rotationOrigin": [ -1.0, 0.0, -1.0 ],
					"faces": {
						"north": { "texture": "#null", "uv": [ 0.0, 0.0, 8.0, 4.0 ] },
						"east": { "texture": "#null", "uv": [ 0.0, 0.0, 1.0, 4.0 ] },
						"south": { "texture": "#null", "uv": [ 0.0, 0.0, 8.0, 4.0 ] },
						"west": { "texture": "#null", "uv": [ 0.0, 0.0, 1.0, 4.0 ] },
						"up": { "texture": "#null", "uv": [ 0.0, 0.0, 8.0, 1.0 ] },
						"down": { "texture": "#null", "uv": [ 0.0, 0.0, 8.0, 1.0 ] }
					}
				},
				{
					"name": "S",
					"from": [ -1.0, 0.0, 6.0 ],
					"to": [ 7.0, 4.0, 7.0 ],
					"rotationOrigin": [ -1.0, 0.0, 6.0 ],
					"faces": {
						"north": { "texture": "#null", "uv": [ 0.0, 0.0, 8.0, 4.0 ] },
						"east": { "texture": "#null", "uv": [ 0.0, 0.0, 1.0, 4.0 ] },
						"south": { "texture": "#null", "uv": [ 0.0, 0.0, 8.0, 4.0 ] },
						"west": { "texture": "#null", "uv": [ 0.0, 0.0, 1.0, 4.0 ] },
						"up": { "texture": "#null", "uv": [ 0.0, 0.0, 8.0, 1.0 ] },
						"down": { "texture": "#null", "uv": [ 0.0, 0.0, 8.0, 1.0 ] }
					}
				}
			]
		}
	]}