{
	"editor": {
		"allAngles": false,
		"entityTextureMode": false
	},
	"textureWidth": 16,
	"textureHeight": 16,
	"textureSizes": {
	},
	"textures": {
	},
	"elements": [
		{
			"name": "Lid",
			"from": [ 5.5, 0.0, 5.5 ],
			"to": [ 10.5, 0.5, 10.5 ],
			"rotationOrigin": [ 5.5, 0.0, 5.5 ],
			"faces": {
				"north": { "texture": "#null", "uv": [ 0.0, 0.0, 5.0, 0.5 ] },
				"east": { "texture": "#null", "uv": [ 0.0, 0.0, 5.0, 0.5 ] },
				"south": { "texture": "#null", "uv": [ 0.0, 0.0, 5.0, 0.5 ] },
				"west": { "texture": "#null", "uv": [ 0.0, 0.0, 5.0, 0.5 ] },
				"up": { "texture": "#null", "uv": [ 0.0, 0.0, 5.0, 5.0 ] },
				"down": { "texture": "#null", "uv": [ 0.0, 0.0, 5.0, 5.0 ] }
			},
			"children": [
				{
					"name": "Handle",
					"from": [ 2.0, 0.5, 2.0 ],
					"to": [ 3.0, 1.0, 3.0 ],
					"rotationOrigin": [ 2.0, 0.5, 2.0 ],
					"faces": {
						"north": { "texture": "#null", "uv": [ 0.0, 0.0, 1.0, 0.5 ] },
						"east": { "texture": "#null", "uv": [ 0.0, 0.0, 1.0, 0.5 ] },
						"south": { "texture": "#null", "uv": [ 0.0, 0.0, 1.0, 0.5 ] },
						"west": { "texture": "#null", "uv": [ 0.0, 0.0, 1.0, 0.5 ] },
						"up": { "texture": "#null", "uv": [ 0.0, 0.0, 1.0, 1.0 ] },
						"down": { "texture": "#null", "uv": [ 0.0, 0.0, 1.0, 1.0 ] }
					}
				}
			]
		}
	]}