{
	"editor": {
		"allAngles": true,
		"entityTextureMode": false
	},
	"textureWidth": 16,
	"textureHeight": 16,
	"textureSizes": {
	},
	"textures": {
		"blewit": "mycodiversity:block/plant/mushroom/blewit/blewit"
	},
	"elements": [
		{
			"name": "origin",
			"from": [ 8.0, 0.0, 8.0 ],
			"to": [ 8.0, 0.0, 8.0 ],
			"rotationOrigin": [ 8.0, 0.0, 8.0 ],
			"faces": {
			},
			"children": [
				{
					"name": "tiny",
					"from": [ 1.0, 0.0, -0.8 ],
					"to": [ 2.0, 1.0, 0.2 ],
					"rotationOrigin": [ 1.0, 0.0, -0.3001 ],
					"rotationY": 34.0,
					"faces": {
						"north": { "texture": "#blewit", "uv": [ 0.5, 9.0, 1.5, 10.0 ] },
						"east": { "texture": "#blewit", "uv": [ 1.0, 8.0, 2.0, 9.0 ] },
						"south": { "texture": "#blewit", "uv": [ 0.0, 10.0, 1.0, 11.0 ] },
						"west": { "texture": "#blewit", "uv": [ 0.0, 7.5, 1.0, 8.5 ] },
						"down": { "texture": "#blewit", "uv": [ 0.5, 7.0, 1.5, 8.0 ] }
					},
					"children": [
						{
							"name": "cap2",
							"from": [ -0.5, 0.8, -0.5 ],
							"to": [ 1.5, 1.3, 1.5 ],
							"rotationOrigin": [ 0.5, 0.8, 0.5 ],
							"rotationX": 6.0,
							"rotationZ": -19.0,
							"faces": {
								"north": { "texture": "#blewit", "uv": [ 5.0, 0.0, 7.0, 0.5 ] },
								"east": { "texture": "#blewit", "uv": [ 9.5, 0.0, 11.5, 0.5 ] },
								"south": { "texture": "#blewit", "uv": [ 4.5, 0.0, 6.5, 0.5 ] },
								"west": { "texture": "#blewit", "uv": [ 10.0, 0.0, 12.0, 0.5 ] },
								"up": { "texture": "#blewit", "uv": [ 11.5, 11.5, 13.5, 13.5 ] },
								"down": { "texture": "#blewit", "uv": [ 4.5, 13.0, 6.5, 15.0 ] }
							}
						}
					]
				},
				{
					"name": "single voxel25",
					"from": [ 0.6, 0.0, 0.9 ],
					"to": [ 1.6, 0.5, 1.9 ],
					"rotationOrigin": [ 0.6, 0.0, 0.9 ],
					"rotationY": 20.0,
					"faces": {
						"north": { "texture": "#blewit", "uv": [ 9.5, 9.0, 10.5, 9.5 ] },
						"east": { "texture": "#blewit", "uv": [ 9.5, 8.5, 10.5, 9.0 ] },
						"south": { "texture": "#blewit", "uv": [ 9.0, 8.0, 10.0, 8.5 ] },
						"west": { "texture": "#blewit", "uv": [ 7.5, 7.0, 8.5, 7.5 ] },
						"up": { "texture": "#blewit", "uv": [ 7.0, 7.0, 8.0, 8.0 ] },
						"down": { "texture": "#blewit", "uv": [ 5.5, 8.5, 6.5, 9.5 ] }
					}
				},
				{
					"name": "tiny13",
					"from": [ -0.85, -0.2, -0.24 ],
					"to": [ 0.15, 1.3, 0.76 ],
					"rotationOrigin": [ -0.3534, -0.2, 0.2601 ],
					"rotationX": 9.0,
					"rotationY": 28.0,
					"faces": {
						"north": { "texture": "#blewit", "uv": [ 0.0, 13.0, 1.0, 14.5 ] },
						"east": { "texture": "#blewit", "uv": [ 1.0, 13.0, 2.0, 14.5 ] },
						"south": { "texture": "#blewit", "uv": [ 1.0, 12.0, 2.0, 13.5 ] },
						"west": { "texture": "#blewit", "uv": [ 1.0, 13.0, 2.0, 14.5 ] },
						"down": { "texture": "#blewit", "uv": [ 1.0, 14.0, 2.0, 15.0 ] }
					},
					"children": [
						{
							"name": "cap3",
							"from": [ -1.1, 2.6, -1.1 ],
							"to": [ 1.9, 3.1, 1.9 ],
							"rotationOrigin": [ 0.4, 2.6, 0.4 ],
							"rotationZ": 22.0,
							"faces": {
								"north": { "texture": "#blewit", "uv": [ 9.5, 0.0, 12.5, 0.5 ] },
								"east": { "texture": "#blewit", "uv": [ 4.0, 0.0, 7.0, 0.5 ] },
								"south": { "texture": "#blewit", "uv": [ 9.5, 0.0, 12.5, 0.5 ] },
								"west": { "texture": "#blewit", "uv": [ 4.5, 0.0, 7.5, 0.5 ] },
								"up": { "texture": "#blewit", "uv": [ 11.0, 12.0, 14.0, 15.0 ] },
								"down": { "texture": "#blewit", "uv": [ 5.0, 12.0, 8.0, 15.0 ] }
							}
						},
						{
							"name": "stem2",
							"from": [ 0.0, 1.4, 0.0 ],
							"to": [ 1.0, 2.9, 1.0 ],
							"rotationOrigin": [ 0.5, 1.4, 0.5 ],
							"rotationX": -5.0,
							"rotationZ": 8.0,
							"faces": {
								"north": { "texture": "#blewit", "uv": [ 1.0, 10.5, 2.0, 12.0 ] },
								"east": { "texture": "#blewit", "uv": [ 0.5, 9.5, 1.5, 11.0 ] },
								"south": { "texture": "#blewit", "uv": [ 1.5, 10.0, 2.5, 11.5 ] },
								"west": { "texture": "#blewit", "uv": [ 0.5, 6.5, 1.5, 8.0 ] }
							}
						}
					]
				}
			]
		}
	]}