[
  {
    "op": "addmerge",
    "file": "forlornadditions:itemtypes/wearable/armor.json",
    "path": "/behaviors",
    "value": [
      {
        "name": "EnchantmentBehavior",
        "properties": {
          "enchantable": true
        }
      }
    ],
    "side": "server"
  },
  {
    "op": "addmerge",
    "file": "forlornadditions:itemtypes/tool/bow.json",
    "path": "/behaviors",
    "value": [
      {
        "name": "EnchantmentBehavior",
        "properties": {
          "enchantable": true
        }
      }
    ],
    "side": "server"
  },
  {
    "op": "addmerge",
    "file": "forlornadditions:itemtypes/tool/blade/claymore.json",
    "path": "/behaviors",
    "value": [
      {
        "name": "EnchantmentBehavior",
        "properties": {
          "enchantable": true
        }
      }
    ],
    "side": "server"
  },
  {
    "op": "addmerge",
    "file": "forlornadditions:itemtypes/tool/blade/dagger.json",
    "path": "/behaviors",
    "value": [
      {
        "name": "EnchantmentBehavior",
        "properties": {
          "enchantable": true
        }
      }
    ],
    "side": "server"
  },
  {
    "op": "addmerge",
    "file": "forlornadditions:itemtypes/tool/mace/warhammer.json",
    "path": "/behaviors",
    "value": [
      {
        "name": "EnchantmentBehavior",
        "properties": {
          "enchantable": true
        }
      }
    ],
    "side": "server"
  }
]