{
	"editor": {
		"collapsedPaths": "Root/Body/Left Shoulder,Root/Body/Right Shoulder",
		"allAngles": true,
		"entityTextureMode": true
	},
	"textureWidth": 40,
	"textureHeight": 48,
	"textureSizes": {
		"skin": [40,48]
	},
	"textures": {
	},
	"elements": [
		{
			"name": "neck",
			"from": [ 14.5, 9.9, 6.9 ],
			"to": [ 18.0, 12.9, 9.1 ],
			"unwrapMode": 2,
			"uv": [ 3.0, 8.5 ],
			"rotationOrigin": [ 17.5, 10.0, 8.0 ],
			"rotationZ": 60.0,
			"faces": {
				"north": { "texture": "#skin", "uv": [ 8.5, 12.0, 12.0, 15.0 ], "windMode": [-1,-1,-1,-1], "windData": [0,0,1,0] },
				"east": { "texture": "#skin", "uv": [ 6.5, 12.0, 8.5, 15.0 ], "windMode": [-1,-1,-1,-1], "windData": [1,0,0,1] },
				"south": { "texture": "#skin", "uv": [ 3.0, 12.0, 6.5, 15.0 ] },
				"west": { "texture": "#skin", "uv": [ 12.0, 12.0, 14.0, 15.0 ] },
				"up": { "texture": "#skin", "uv": [ 6.5, 8.5, 8.5, 12.0 ], "rotation": 270 }
			},
			"children": [
				{
					"name": "neck2",
					"from": [ 0.9, 1.0, 0.05 ],
					"to": [ 3.4, 5.0, 2.15 ],
					"unwrapMode": 2,
					"uv": [ 3.5, 1.0 ],
					"rotationOrigin": [ 3.3, 2.9, 1.1 ],
					"rotationZ": -35.0,
					"faces": {
						"north": { "texture": "#skin", "uv": [ 8.0, 3.5, 10.5, 7.5 ] },
						"east": { "texture": "#skin", "uv": [ 6.0, 3.5, 8.0, 7.5 ], "windMode": [-1,-1,-1,-1], "windData": [0,1,1,0] },
						"south": { "texture": "#skin", "uv": [ 3.5, 3.5, 6.0, 7.5 ], "windMode": [-1,-1,-1,-1], "windData": [0,0,1,1] },
						"west": { "texture": "#skin", "uv": [ 10.5, 3.5, 12.5, 7.5 ], "windMode": [-1,-1,-1,-1], "windData": [0,0,1,1] },
						"up": { "texture": "#skin", "uv": [ 6.0, 1.0, 8.0, 3.5 ], "rotation": 270, "windMode": [-1,-1,-1,-1], "windData": [1,1,1,1] }
					},
					"children": [
						{
							"name": "head",
							"from": [ 0.1, 3.6, -0.2 ],
							"to": [ 2.6, 5.6, 2.3 ],
							"unwrapMode": 2,
							"uv": [ 13.5, 3.5 ],
							"rotationOrigin": [ 2.6, 3.6, 1.0 ],
							"rotationZ": 25.0,
							"faces": {
								"north": { "texture": "#skin", "uv": [ 18.5, 6.0, 21.0, 8.0 ] },
								"east": { "texture": "#skin", "uv": [ 16.0, 6.0, 18.5, 8.0 ] },
								"south": { "texture": "#skin", "uv": [ 13.5, 6.0, 16.0, 8.0 ] },
								"west": { "texture": "#skin", "uv": [ 21.0, 6.0, 23.5, 8.0 ] },
								"up": { "texture": "#skin", "uv": [ 16.0, 3.5, 18.5, 6.0 ], "rotation": 270 },
								"down": { "texture": "#skin", "uv": [ 16.0, 8.0, 18.5, 10.5 ], "rotation": 270 }
							},
							"children": [
								{
									"name": "mouth up",
									"from": [ -0.7, 0.9, 0.5 ],
									"to": [ 0.8, 1.6, 2.0 ],
									"unwrapMode": 5,
									"unwrapRotation": 1,
									"uv": [ 16.0, 16.5 ],
									"rotationOrigin": [ 0.8, 1.8, 1.2 ],
									"rotationZ": -40.0,
									"faces": {
										"north": { "texture": "#skin", "uv": [ 16.0, 16.5, 16.5, 18.0 ], "rotation": 270 },
										"south": { "texture": "#skin", "uv": [ 18.0, 16.5, 18.5, 18.0 ], "rotation": 90 },
										"west": { "texture": "#skin", "uv": [ 16.5, 18.0, 18.0, 18.5 ] },
										"up": { "texture": "#skin", "uv": [ 16.5, 16.5, 18.0, 18.0 ], "rotation": 90 },
										"down": { "texture": "#skin", "uv": [ 18.5, 16.5, 20.0, 18.0 ], "rotation": 270 }
									},
									"children": [
										{
											"name": "nose",
											"from": [ -0.1, 0.2, 0.45 ],
											"to": [ 0.7, 0.9, 1.05 ],
											"unwrapMode": 4,
											"uv": [ 36.5, 33.5 ],
											"rotationOrigin": [ -0.1, 0.9, 0.8 ],
											"faces": {
												"north": { "texture": "#skin", "uv": [ 36.5, 34.0, 37.0, 34.5 ], "windMode": [-1,-1,-1,-1], "windData": [1,1,1,1] },
												"east": { "texture": "#skin", "uv": [ 38.0, 34.0, 38.5, 34.5 ], "windMode": [-1,-1,-1,-1], "windData": [1,1,1,1] },
												"south": { "texture": "#skin", "uv": [ 37.5, 34.0, 38.0, 34.5 ], "windMode": [-1,-1,-1,-1], "windData": [1,1,1,1] },
												"west": { "texture": "#skin", "uv": [ 37.0, 34.0, 37.5, 34.5 ], "windMode": [-1,-1,-1,-1], "windData": [1,1,1,1] },
												"up": { "texture": "#skin", "uv": [ 37.0, 33.5, 37.5, 34.0 ], "rotation": 90, "windMode": [-1,-1,-1,-1], "windData": [1,1,1,1] },
												"down": { "texture": "#skin", "uv": [ 37.0, 34.5, 37.5, 35.0 ], "rotation": 90, "windMode": [-1,-1,-1,-1], "windData": [1,1,1,1] }
											}
										},
										{
											"name": "nose bridge",
											"from": [ 0.3, -0.2, 0.25 ],
											"to": [ 2.3, 0.8, 1.25 ],
											"unwrapMode": 5,
											"unwrapRotation": 1,
											"uv": [ 15.5, 11.5 ],
											"rotationOrigin": [ 0.3, 0.8, 0.6 ],
											"rotationZ": 25.0,
											"faces": {
												"north": { "texture": "#skin", "uv": [ 15.5, 11.5, 16.5, 13.5 ], "rotation": 270 },
												"south": { "texture": "#skin", "uv": [ 17.5, 11.5, 18.5, 13.5 ], "rotation": 90 },
												"west": { "texture": "#skin", "uv": [ 16.5, 13.5, 17.5, 14.5 ], "windMode": [-1,-1,-1,-1], "windData": [1,1,1,1] },
												"up": { "texture": "#skin", "uv": [ 16.5, 11.5, 17.5, 13.5 ], "rotation": 90 }
											}
										},
										{
											"name": "jaw",
											"from": [ 1.3, -0.75, 0.15 ],
											"to": [ 2.8, 0.05, 1.35 ],
											"unwrapMode": 5,
											"unwrapRotation": 1,
											"uv": [ 19.5, 9.0 ],
											"rotationOrigin": [ 2.8, 0.05, 0.7 ],
											"rotationZ": -12.0,
											"faces": {
												"north": { "texture": "#skin", "uv": [ 19.5, 9.0, 20.0, 10.5 ], "rotation": 270 },
												"south": { "texture": "#skin", "uv": [ 20.0, 9.0, 20.5, 10.5 ], "rotation": 90 },
												"west": { "texture": "#skin", "uv": [ 20.0, 10.5, 21.0, 11.0 ] },
												"down": { "texture": "#skin", "uv": [ 20.5, 9.0, 21.5, 10.5 ], "rotation": 270 }
											},
											"children": [
												{
													"name": "jaw2",
													"from": [ -1.0, 0.0, -0.05 ],
													"to": [ 0.0, 0.5, 1.25 ],
													"unwrapMode": 5,
													"unwrapRotation": 1,
													"uv": [ 19.5, 11.5 ],
													"rotationOrigin": [ 0.0, 0.6, 0.55 ],
													"rotationZ": 7.0,
													"faces": {
														"north": { "texture": "#skin", "uv": [ 19.5, 11.5, 20.0, 12.5 ], "rotation": 270 },
														"south": { "texture": "#skin", "uv": [ 21.0, 11.5, 21.5, 12.5 ], "rotation": 90 },
														"west": { "texture": "#skin", "uv": [ 20.0, 12.5, 21.0, 13.0 ] },
														"up": { "texture": "#skin", "uv": [ 20.0, 11.5, 21.0, 12.5 ], "rotation": 90 },
														"down": { "texture": "#skin", "uv": [ 21.5, 11.5, 22.5, 12.5 ], "rotation": 270 }
													}
												}
											]
										}
									]
								},
								{
									"name": "R ear",
									"from": [ 2.0, 1.0, -0.3 ],
									"to": [ 2.4, 3.0, 0.9 ],
									"unwrapMode": 4,
									"uv": [ 19.0, 0.5 ],
									"rotationOrigin": [ 2.0, 1.0, 0.3 ],
									"rotationX": -13.0,
									"rotationY": 29.0,
									"rotationZ": -70.0,
									"faces": {
										"north": { "texture": "#skin", "uv": [ 19.0, 1.0, 19.5, 3.0 ] },
										"east": { "texture": "#skin", "uv": [ 21.0, 1.0, 22.0, 3.0 ] },
										"south": { "texture": "#skin", "uv": [ 20.5, 1.0, 21.0, 3.0 ], "windMode": [-1,-1,-1,-1], "windData": [1,1,1,1] },
										"west": { "texture": "#skin", "uv": [ 19.5, 1.0, 20.5, 3.0 ] },
										"up": { "texture": "#skin", "uv": [ 19.5, 0.5, 20.5, 1.0 ], "rotation": 90 },
										"down": { "texture": "#skin", "uv": [ 19.5, 3.0, 20.5, 3.5 ], "rotation": 90, "windMode": [-1,-1,-1,-1], "windData": [1,1,1,1] }
									}
								},
								{
									"name": "L ear",
									"from": [ 2.3, 1.0, 1.6 ],
									"to": [ 2.7, 3.0, 2.8 ],
									"unwrapMode": 4,
									"uv": [ 14.0, 0.5 ],
									"rotationOrigin": [ 2.3, 1.0, 2.1 ],
									"rotationX": 13.0,
									"rotationY": -29.0,
									"rotationZ": -70.0,
									"faces": {
										"north": { "texture": "#skin", "uv": [ 14.0, 1.0, 14.5, 3.0 ], "windMode": [-1,-1,-1,-1], "windData": [1,1,1,1] },
										"east": { "texture": "#skin", "uv": [ 16.0, 1.0, 17.0, 3.0 ] },
										"south": { "texture": "#skin", "uv": [ 15.5, 1.0, 16.0, 3.0 ], "windMode": [-1,-1,-1,-1], "windData": [1,1,1,1] },
										"west": { "texture": "#skin", "uv": [ 14.5, 1.0, 15.5, 3.0 ] },
										"up": { "texture": "#skin", "uv": [ 14.5, 0.5, 15.5, 1.0 ], "rotation": 90 },
										"down": { "texture": "#skin", "uv": [ 14.5, 3.0, 15.5, 3.5 ], "rotation": 90 }
									}
								},
								{
									"name": "eyes",
									"from": [ 1.0, 1.5, -0.01 ],
									"to": [ 1.1, 1.9, 2.51 ],
									"unwrapMode": 2,
									"uv": [ 0.0, 0.0 ],
									"rotationOrigin": [ 1.0, 1.5, 0.0 ],
									"faces": {
										"north": { "texture": "#skin", "uv": [ 0.5, 0.0, 1.0, 0.5 ], "windMode": [-1,-1,-1,-1] },
										"south": { "texture": "#skin", "uv": [ 0.0, 0.0, 0.5, 0.5 ] }
									},
									"children": [
										{
											"name": "eyeR",
											"from": [ 0.1, 0.0, 0.0 ],
											"to": [ 0.4, 0.4, 0.52 ],
											"unwrapMode": 2,
											"uv": [ 0.0, 0.0 ],
											"rotationOrigin": [ 0.1, 0.0, 0.01 ],
											"faces": {
												"north": { "texture": "#skin", "uv": [ 0.5, 0.0, 1.0, 0.5 ] },
												"south": { "texture": "#skin", "uv": [ 0.0, 0.0, 0.5, 0.5 ] }
											}
										},
										{
											"name": "eyeL",
											"from": [ 0.1, 0.0, 2.0 ],
											"to": [ 0.4, 0.4, 2.52 ],
											"unwrapMode": 2,
											"uv": [ 0.0, 0.0 ],
											"rotationOrigin": [ 0.1, 0.0, 2.01 ],
											"faces": {
												"north": { "texture": "#skin", "uv": [ 0.5, 0.0, 1.0, 0.5 ] },
												"south": { "texture": "#skin", "uv": [ 0.0, 0.0, 0.5, 0.5 ] }
											}
										}
									]
								},
								{
									"name": "R antler base",
									"from": [ 2.0, 1.4, 0.55 ],
									"to": [ 2.6, 2.0, 1.15 ],
									"unwrapMode": 7,
									"uv": [ 26.5, 44.0 ],
									"rotationOrigin": [ 2.0, 2.0, 0.85 ],
									"rotationX": 0.0,
									"rotationY": 5.0,
									"rotationZ": 10.0,
									"faces": {
										"north": { "texture": "#skin", "uv": [ 27.5, 44.5, 28.0, 45.0 ] },
										"east": { "texture": "#skin", "uv": [ 27.0, 45.0, 27.5, 45.5 ], "rotation": 270 },
										"south": { "texture": "#skin", "uv": [ 26.5, 44.5, 27.0, 45.0 ], "rotation": 180 },
										"west": { "texture": "#skin", "uv": [ 27.0, 44.0, 27.5, 44.5 ], "rotation": 90 },
										"up": { "texture": "#skin", "uv": [ 27.0, 44.5, 27.5, 45.0 ], "rotation": 180 },
										"down": { "texture": "#skin", "uv": [ 28.0, 44.5, 28.5, 45.0 ] }
									},
									"children": [
										{
											"name": "R antler base 2",
											"from": [ 0.5, 0.05, 0.05 ],
											"to": [ 1.2, 0.55, 0.55 ],
											"unwrapMode": 7,
											"unwrapRotation": 1,
											"uv": [ 27.0, 42.0 ],
											"rotationOrigin": [ 0.5, 0.55, 0.45 ],
											"faces": {
												"north": { "texture": "#skin", "uv": [ 28.0, 42.5, 28.5, 43.0 ], "rotation": 90 },
												"east": { "texture": "#skin", "uv": [ 27.5, 43.0, 28.0, 43.5 ] },
												"south": { "texture": "#skin", "uv": [ 27.0, 42.5, 27.5, 43.0 ], "rotation": 270 },
												"west": { "texture": "#skin", "uv": [ 27.5, 42.0, 28.0, 42.5 ], "rotation": 180 },
												"up": { "texture": "#skin", "uv": [ 27.5, 42.5, 28.0, 43.0 ], "rotation": 270 },
												"down": { "texture": "#skin", "uv": [ 28.5, 42.5, 29.0, 43.0 ], "rotation": 90 }
											}
										}
									]
								},
								{
									"name": "L antler base",
									"from": [ 2.0, 1.4, 1.35 ],
									"to": [ 2.6, 2.0, 1.95 ],
									"unwrapMode": 7,
									"uv": [ 26.5, 44.0 ],
									"rotationOrigin": [ 2.0, 2.0, 1.65 ],
									"rotationX": 0.0,
									"rotationY": -5.0,
									"rotationZ": 10.0,
									"faces": {
										"north": { "texture": "#skin", "uv": [ 27.5, 44.5, 28.0, 45.0 ] },
										"east": { "texture": "#skin", "uv": [ 27.0, 45.0, 27.5, 45.5 ], "rotation": 270 },
										"south": { "texture": "#skin", "uv": [ 26.5, 44.5, 27.0, 45.0 ], "rotation": 180 },
										"west": { "texture": "#skin", "uv": [ 27.0, 44.0, 27.5, 44.5 ], "rotation": 90 },
										"up": { "texture": "#skin", "uv": [ 27.0, 44.5, 27.5, 45.0 ], "rotation": 180 },
										"down": { "texture": "#skin", "uv": [ 28.0, 44.5, 28.5, 45.0 ] }
									},
									"children": [
										{
											"name": "L antler base 2",
											"from": [ 0.5, 0.05, 0.05 ],
											"to": [ 1.2, 0.55, 0.55 ],
											"unwrapMode": 7,
											"unwrapRotation": 1,
											"uv": [ 27.0, 42.0 ],
											"rotationOrigin": [ 0.5, 0.55, 0.45 ],
											"faces": {
												"north": { "texture": "#skin", "uv": [ 28.0, 42.5, 28.5, 43.0 ], "rotation": 90 },
												"east": { "texture": "#skin", "uv": [ 27.5, 43.0, 28.0, 43.5 ] },
												"south": { "texture": "#skin", "uv": [ 27.0, 42.5, 27.5, 43.0 ], "rotation": 270 },
												"west": { "texture": "#skin", "uv": [ 27.5, 42.0, 28.0, 42.5 ], "rotation": 180 },
												"up": { "texture": "#skin", "uv": [ 27.5, 42.5, 28.0, 43.0 ], "rotation": 270 },
												"down": { "texture": "#skin", "uv": [ 28.5, 42.5, 29.0, 43.0 ], "rotation": 90 }
											}
										}
									]
								}
							]
						}
					]
				}
			],
			"attachmentpoints": [
				{
					"code": "rope",
					"posX": "0.0","posY": "3.0","posZ": "1.0",
					"rotationX": "0.0","rotationY": "0.0","rotationZ": "0.0"
				}
			]
		}
	]}