{
	"editor": {
		"collapsedPaths": "Root/Body/Left Shoulder,Root/Body/Right Shoulder",
		"allAngles": true,
		"entityTextureMode": true
	},
	"textureWidth": 40,
	"textureHeight": 48,
	"textureSizes": {
		"skin": [40,48]
	},
	"textures": {
	},
	"elements": [
		{
			"name": "Body",
			"from": [ 4.0, 7.6, 5.7 ],
			"to": [ 8.0, 12.6, 9.8 ],
			"unwrapMode": 7,
			"unwrapRotation": 1,
			"autoUnwrap": false,
			"uv": [ 0.5, 15.0 ],
			"rotationOrigin": [ 8.0, 11.0, 8.0 ],
			"rotationY": 3.0,
			"rotationZ": 10.0,
			"faces": {
				"north": { "texture": "#skin", "uv": [ 9.5, 21.5, 14.5, 25.5 ], "rotation": 90 },
				"east": { "texture": "#skin", "uv": [ 1.0, 42.0, 5.0, 47.0 ] },
				"south": { "texture": "#skin", "uv": [ 0.5, 21.5, 5.5, 25.5 ], "rotation": 270, "windMode": [-1,-1,-1,-1] },
				"west": { "texture": "#skin", "uv": [ 5.5, 16.5, 9.5, 21.5 ], "rotation": 180 },
				"up": { "texture": "#skin", "uv": [ 5.5, 21.5, 9.5, 25.5 ], "rotation": 270 },
				"down": { "texture": "#skin", "uv": [ 14.5, 21.5, 18.5, 25.5 ], "rotation": 90 }
			},
			"children": [
				{
					"name": "neck",
					"from": [ -0.8, 3.9, 0.9 ],
					"to": [ 2.7, 6.9, 3.1 ],
					"unwrapMode": 2,
					"uv": [ 3.0, 8.5 ],
					"rotationOrigin": [ 2.2, 4.0, 2.0 ],
					"rotationY": -3.0,
					"rotationZ": 72.0,
					"faces": {
						"north": { "texture": "#skin", "uv": [ 8.5, 12.0, 12.0, 15.0 ], "windMode": [-1,-1,-1,-1], "windData": [0,0,1,0] },
						"east": { "texture": "#skin", "uv": [ 6.5, 12.0, 8.5, 15.0 ], "windMode": [-1,-1,-1,-1], "windData": [1,0,0,1] },
						"south": { "texture": "#skin", "uv": [ 3.0, 12.0, 6.5, 15.0 ] },
						"west": { "texture": "#skin", "uv": [ 12.0, 12.0, 14.0, 15.0 ] },
						"up": { "texture": "#skin", "uv": [ 6.5, 8.5, 8.5, 12.0 ], "rotation": 270 }
					},
					"children": [
						{
							"name": "neck2",
							"from": [ 0.9, 1.0, 0.05 ],
							"to": [ 3.4, 5.0, 2.15 ],
							"unwrapMode": 2,
							"uv": [ 3.5, 1.0 ],
							"rotationOrigin": [ 3.3, 2.9, 1.1 ],
							"rotationY": -1.0,
							"rotationZ": -24.0,
							"faces": {
								"north": { "texture": "#skin", "uv": [ 8.0, 3.5, 10.5, 7.5 ] },
								"east": { "texture": "#skin", "uv": [ 6.0, 3.5, 8.0, 7.5 ], "windMode": [-1,-1,-1,-1], "windData": [0,1,1,0] },
								"south": { "texture": "#skin", "uv": [ 3.5, 3.5, 6.0, 7.5 ], "windMode": [-1,-1,-1,-1], "windData": [0,0,1,1] },
								"west": { "texture": "#skin", "uv": [ 10.5, 3.5, 12.5, 7.5 ], "windMode": [-1,-1,-1,-1], "windData": [0,0,1,1] },
								"up": { "texture": "#skin", "uv": [ 6.0, 1.0, 8.0, 3.5 ], "rotation": 270, "windMode": [-1,-1,-1,-1], "windData": [1,1,1,1] }
							},
							"children": [
								{
									"name": "head",
									"from": [ 0.1, 3.6, -0.2 ],
									"to": [ 2.6, 5.6, 2.3 ],
									"unwrapMode": 2,
									"uv": [ 13.5, 3.5 ],
									"rotationOrigin": [ 2.6, 3.6, 1.0 ],
									"rotationX": -1.0,
									"rotationY": 1.0,
									"rotationZ": 24.0,
									"faces": {
										"north": { "texture": "#skin", "uv": [ 18.5, 6.0, 21.0, 8.0 ] },
										"east": { "texture": "#skin", "uv": [ 16.0, 6.0, 18.5, 8.0 ] },
										"south": { "texture": "#skin", "uv": [ 13.5, 6.0, 16.0, 8.0 ] },
										"west": { "texture": "#skin", "uv": [ 21.0, 6.0, 23.5, 8.0 ] },
										"up": { "texture": "#skin", "uv": [ 16.0, 3.5, 18.5, 6.0 ], "rotation": 270 },
										"down": { "texture": "#skin", "uv": [ 16.0, 8.0, 18.5, 10.5 ], "rotation": 270 }
									},
									"children": [
										{
											"name": "mouth up",
											"from": [ -0.7, 0.9, 0.5 ],
											"to": [ 0.8, 1.6, 2.0 ],
											"unwrapMode": 5,
											"unwrapRotation": 1,
											"uv": [ 16.0, 16.5 ],
											"rotationOrigin": [ 0.8, 1.8, 1.2 ],
											"rotationZ": -40.0,
											"faces": {
												"north": { "texture": "#skin", "uv": [ 16.0, 16.5, 16.5, 18.0 ], "rotation": 270 },
												"south": { "texture": "#skin", "uv": [ 18.0, 16.5, 18.5, 18.0 ], "rotation": 90 },
												"west": { "texture": "#skin", "uv": [ 16.5, 18.0, 18.0, 18.5 ] },
												"up": { "texture": "#skin", "uv": [ 16.5, 16.5, 18.0, 18.0 ], "rotation": 90 },
												"down": { "texture": "#skin", "uv": [ 18.5, 16.5, 20.0, 18.0 ], "rotation": 270 }
											},
											"children": [
												{
													"name": "nose",
													"from": [ -0.1, 0.2, 0.45 ],
													"to": [ 0.7, 0.9, 1.05 ],
													"unwrapMode": 4,
													"uv": [ 36.5, 33.5 ],
													"rotationOrigin": [ -0.1, 0.9, 0.8 ],
													"faces": {
														"north": { "texture": "#skin", "uv": [ 36.5, 34.0, 37.0, 34.5 ], "windMode": [-1,-1,-1,-1], "windData": [1,1,1,1] },
														"east": { "texture": "#skin", "uv": [ 38.0, 34.0, 38.5, 34.5 ], "windMode": [-1,-1,-1,-1], "windData": [1,1,1,1] },
														"south": { "texture": "#skin", "uv": [ 37.5, 34.0, 38.0, 34.5 ], "windMode": [-1,-1,-1,-1], "windData": [1,1,1,1] },
														"west": { "texture": "#skin", "uv": [ 37.0, 34.0, 37.5, 34.5 ], "windMode": [-1,-1,-1,-1], "windData": [1,1,1,1] },
														"up": { "texture": "#skin", "uv": [ 37.0, 33.5, 37.5, 34.0 ], "rotation": 90, "windMode": [-1,-1,-1,-1], "windData": [1,1,1,1] },
														"down": { "texture": "#skin", "uv": [ 37.0, 34.5, 37.5, 35.0 ], "rotation": 90, "windMode": [-1,-1,-1,-1], "windData": [1,1,1,1] }
													}
												},
												{
													"name": "nose bridge",
													"from": [ 0.3, -0.2, 0.25 ],
													"to": [ 2.3, 0.8, 1.25 ],
													"unwrapMode": 5,
													"unwrapRotation": 1,
													"uv": [ 15.5, 11.5 ],
													"rotationOrigin": [ 0.3, 0.8, 0.6 ],
													"rotationZ": 25.0,
													"faces": {
														"north": { "texture": "#skin", "uv": [ 15.5, 11.5, 16.5, 13.5 ], "rotation": 270 },
														"south": { "texture": "#skin", "uv": [ 17.5, 11.5, 18.5, 13.5 ], "rotation": 90 },
														"west": { "texture": "#skin", "uv": [ 16.5, 13.5, 17.5, 14.5 ], "windMode": [-1,-1,-1,-1], "windData": [1,1,1,1] },
														"up": { "texture": "#skin", "uv": [ 16.5, 11.5, 17.5, 13.5 ], "rotation": 90 }
													}
												},
												{
													"name": "jaw",
													"from": [ 1.3, -0.75, 0.15 ],
													"to": [ 2.8, 0.05, 1.35 ],
													"unwrapMode": 5,
													"unwrapRotation": 1,
													"uv": [ 19.5, 9.0 ],
													"rotationOrigin": [ 2.8, 0.05, 0.7 ],
													"rotationZ": -12.0,
													"faces": {
														"north": { "texture": "#skin", "uv": [ 19.5, 9.0, 20.0, 10.5 ], "rotation": 270 },
														"south": { "texture": "#skin", "uv": [ 20.0, 9.0, 20.5, 10.5 ], "rotation": 90 },
														"west": { "texture": "#skin", "uv": [ 20.0, 10.5, 21.0, 11.0 ] },
														"down": { "texture": "#skin", "uv": [ 20.5, 9.0, 21.5, 10.5 ], "rotation": 270 }
													},
													"children": [
														{
															"name": "jaw2",
															"from": [ -1.0, 0.0, -0.05 ],
															"to": [ 0.0, 0.5, 1.25 ],
															"unwrapMode": 5,
															"unwrapRotation": 1,
															"uv": [ 19.5, 11.5 ],
															"rotationOrigin": [ 0.0, 0.6, 0.55 ],
															"rotationZ": 7.0,
															"faces": {
																"north": { "texture": "#skin", "uv": [ 19.5, 11.5, 20.0, 12.5 ], "rotation": 270 },
																"south": { "texture": "#skin", "uv": [ 21.0, 11.5, 21.5, 12.5 ], "rotation": 90 },
																"west": { "texture": "#skin", "uv": [ 20.0, 12.5, 21.0, 13.0 ] },
																"up": { "texture": "#skin", "uv": [ 20.0, 11.5, 21.0, 12.5 ], "rotation": 90 },
																"down": { "texture": "#skin", "uv": [ 21.5, 11.5, 22.5, 12.5 ], "rotation": 270 }
															}
														}
													]
												}
											]
										},
										{
											"name": "R ear",
											"from": [ 2.0, 1.0, -0.3 ],
											"to": [ 2.4, 3.0, 0.9 ],
											"unwrapMode": 4,
											"uv": [ 19.0, 0.5 ],
											"rotationOrigin": [ 2.0, 1.0, 0.3 ],
											"rotationX": -13.0,
											"rotationY": 49.0,
											"rotationZ": -115.0,
											"faces": {
												"north": { "texture": "#skin", "uv": [ 19.0, 1.0, 19.5, 3.0 ] },
												"east": { "texture": "#skin", "uv": [ 21.0, 1.0, 22.0, 3.0 ] },
												"south": { "texture": "#skin", "uv": [ 20.5, 1.0, 21.0, 3.0 ], "windMode": [-1,-1,-1,-1], "windData": [1,1,1,1] },
												"west": { "texture": "#skin", "uv": [ 19.5, 1.0, 20.5, 3.0 ] },
												"up": { "texture": "#skin", "uv": [ 19.5, 0.5, 20.5, 1.0 ], "rotation": 90 },
												"down": { "texture": "#skin", "uv": [ 19.5, 3.0, 20.5, 3.5 ], "rotation": 90, "windMode": [-1,-1,-1,-1], "windData": [1,1,1,1] }
											}
										},
										{
											"name": "L ear",
											"from": [ 2.3, 1.0, 1.6 ],
											"to": [ 2.7, 3.0, 2.8 ],
											"unwrapMode": 4,
											"uv": [ 14.0, 0.5 ],
											"rotationOrigin": [ 2.3, 1.0, 2.1 ],
											"rotationX": 13.0,
											"rotationY": -49.0,
											"rotationZ": -115.0,
											"faces": {
												"north": { "texture": "#skin", "uv": [ 14.0, 1.0, 14.5, 3.0 ], "windMode": [-1,-1,-1,-1], "windData": [1,1,1,1] },
												"east": { "texture": "#skin", "uv": [ 16.0, 1.0, 17.0, 3.0 ] },
												"south": { "texture": "#skin", "uv": [ 15.5, 1.0, 16.0, 3.0 ], "windMode": [-1,-1,-1,-1], "windData": [1,1,1,1] },
												"west": { "texture": "#skin", "uv": [ 14.5, 1.0, 15.5, 3.0 ] },
												"up": { "texture": "#skin", "uv": [ 14.5, 0.5, 15.5, 1.0 ], "rotation": 90 },
												"down": { "texture": "#skin", "uv": [ 14.5, 3.0, 15.5, 3.5 ], "rotation": 90 }
											}
										},
										{
											"name": "eyes",
											"from": [ 1.0, 1.5, -0.01 ],
											"to": [ 1.1, 1.9, 2.51 ],
											"unwrapMode": 2,
											"uv": [ 0.0, 0.0 ],
											"rotationOrigin": [ 1.0, 1.5, 0.0 ],
											"faces": {
												"north": { "texture": "#skin", "uv": [ 0.5, 0.0, 1.0, 0.5 ], "windMode": [-1,-1,-1,-1] },
												"south": { "texture": "#skin", "uv": [ 0.0, 0.0, 0.5, 0.5 ] }
											},
											"children": [
												{
													"name": "eyeR",
													"from": [ 0.1, 0.0, 0.0 ],
													"to": [ 0.4, 0.4, 0.52 ],
													"unwrapMode": 2,
													"uv": [ 0.0, 0.0 ],
													"rotationOrigin": [ 0.1, 0.0, 0.01 ],
													"faces": {
														"north": { "texture": "#skin", "uv": [ 0.5, 0.0, 1.0, 0.5 ] },
														"south": { "texture": "#skin", "uv": [ 0.0, 0.0, 0.5, 0.5 ] }
													}
												},
												{
													"name": "eyeL",
													"from": [ 0.1, 0.0, 2.0 ],
													"to": [ 0.4, 0.4, 2.52 ],
													"unwrapMode": 2,
													"uv": [ 0.0, 0.0 ],
													"rotationOrigin": [ 0.1, 0.0, 2.01 ],
													"faces": {
														"north": { "texture": "#skin", "uv": [ 0.5, 0.0, 1.0, 0.5 ] },
														"south": { "texture": "#skin", "uv": [ 0.0, 0.0, 0.5, 0.5 ] }
													}
												}
											]
										},
										{
											"name": "R antler base",
											"from": [ 2.0, 1.4, 0.55 ],
											"to": [ 2.6, 2.0, 1.15 ],
											"unwrapMode": 7,
											"uv": [ 26.5, 44.0 ],
											"rotationOrigin": [ 2.0, 2.0, 0.85 ],
											"rotationX": 0.0,
											"rotationY": 5.0,
											"rotationZ": 10.0,
											"faces": {
												"north": { "texture": "#skin", "uv": [ 27.5, 44.5, 28.0, 45.0 ] },
												"east": { "texture": "#skin", "uv": [ 27.0, 45.0, 27.5, 45.5 ], "rotation": 270 },
												"south": { "texture": "#skin", "uv": [ 26.5, 44.5, 27.0, 45.0 ], "rotation": 180 },
												"west": { "texture": "#skin", "uv": [ 27.0, 44.0, 27.5, 44.5 ], "rotation": 90 },
												"up": { "texture": "#skin", "uv": [ 27.0, 44.5, 27.5, 45.0 ], "rotation": 180 },
												"down": { "texture": "#skin", "uv": [ 28.0, 44.5, 28.5, 45.0 ] }
											},
											"children": [
												{
													"name": "R antler base 2",
													"from": [ 0.5, 0.05, 0.05 ],
													"to": [ 2.0, 0.55, 0.55 ],
													"unwrapMode": 7,
													"unwrapRotation": 1,
													"uv": [ 27.0, 42.0 ],
													"rotationOrigin": [ 0.5, 0.55, 0.45 ],
													"faces": {
														"north": { "texture": "#skin", "uv": [ 28.0, 42.5, 28.5, 44.0 ], "rotation": 90 },
														"east": { "texture": "#skin", "uv": [ 27.5, 44.0, 28.0, 44.5 ] },
														"south": { "texture": "#skin", "uv": [ 27.0, 42.5, 27.5, 44.0 ], "rotation": 270 },
														"west": { "texture": "#skin", "uv": [ 27.5, 42.0, 28.0, 42.5 ], "rotation": 180 },
														"up": { "texture": "#skin", "uv": [ 27.5, 42.5, 28.0, 44.0 ], "rotation": 270 },
														"down": { "texture": "#skin", "uv": [ 28.5, 42.5, 29.0, 44.0 ], "rotation": 90 }
													},
													"children": [
														{
															"name": "R antler base 3",
															"from": [ 1.5, 0.05, 0.05 ],
															"to": [ 2.5, 0.45, 0.45 ],
															"unwrapMode": 7,
															"unwrapRotation": 1,
															"uv": [ 26.5, 40.5 ],
															"rotationOrigin": [ 1.5, 0.45, 0.45 ],
															"rotationZ": -36.0,
															"faces": {
																"north": { "texture": "#skin", "uv": [ 27.5, 41.0, 28.0, 42.0 ], "rotation": 90 },
																"east": { "texture": "#skin", "uv": [ 27.0, 42.0, 27.5, 42.5 ] },
																"south": { "texture": "#skin", "uv": [ 26.5, 41.0, 27.0, 42.0 ], "rotation": 270 },
																"west": { "texture": "#skin", "uv": [ 27.0, 40.5, 27.5, 41.0 ], "rotation": 180 },
																"up": { "texture": "#skin", "uv": [ 27.0, 41.0, 27.5, 42.0 ], "rotation": 270 },
																"down": { "texture": "#skin", "uv": [ 28.0, 41.0, 28.5, 42.0 ], "rotation": 90 }
															},
															"children": [
																{
																	"name": "R antler point 2",
																	"from": [ 1.0, 0.0, 0.05 ],
																	"to": [ 2.5, 0.3, 0.35 ],
																	"unwrapMode": 7,
																	"unwrapRotation": 1,
																	"uv": [ 28.0, 38.5 ],
																	"rotationOrigin": [ 1.0, 0.0, 0.35 ],
																	"rotationZ": 28.0,
																	"faces": {
																		"north": { "texture": "#skin", "uv": [ 29.0, 39.0, 29.5, 40.5 ], "rotation": 90 },
																		"east": { "texture": "#skin", "uv": [ 28.5, 40.5, 29.0, 41.0 ] },
																		"south": { "texture": "#skin", "uv": [ 28.0, 39.0, 28.5, 40.5 ], "rotation": 270 },
																		"west": { "texture": "#skin", "uv": [ 28.5, 38.5, 29.0, 39.0 ], "rotation": 180 },
																		"up": { "texture": "#skin", "uv": [ 28.5, 39.0, 29.0, 40.5 ], "rotation": 270 },
																		"down": { "texture": "#skin", "uv": [ 29.5, 39.0, 30.0, 40.5 ], "rotation": 90 }
																	}
																}
															]
														},
														{
															"name": "R antler point 1",
															"from": [ 1.5, 0.25, 0.1 ],
															"to": [ 2.5, 0.55, 0.4 ],
															"unwrapMode": 7,
															"unwrapRotation": 1,
															"uv": [ 26.0, 39.0 ],
															"rotationOrigin": [ 1.5, 0.25, 0.4 ],
															"rotationX": 1.0,
															"rotationY": 1.0,
															"rotationZ": 47.0,
															"faces": {
																"north": { "texture": "#skin", "uv": [ 27.0, 39.5, 27.5, 40.5 ], "rotation": 90 },
																"east": { "texture": "#skin", "uv": [ 26.5, 40.5, 27.0, 41.0 ] },
																"south": { "texture": "#skin", "uv": [ 26.0, 39.5, 26.5, 40.5 ], "rotation": 270 },
																"west": { "texture": "#skin", "uv": [ 26.5, 39.0, 27.0, 39.5 ], "rotation": 180 },
																"up": { "texture": "#skin", "uv": [ 26.5, 39.5, 27.0, 40.5 ], "rotation": 270 },
																"down": { "texture": "#skin", "uv": [ 27.5, 39.5, 28.0, 40.5 ], "rotation": 90 }
															}
														}
													]
												}
											]
										},
										{
											"name": "L antler base",
											"from": [ 2.0, 1.4, 1.35 ],
											"to": [ 2.6, 2.0, 1.95 ],
											"unwrapMode": 7,
											"uv": [ 26.5, 44.0 ],
											"rotationOrigin": [ 2.0, 2.0, 1.65 ],
											"rotationX": 0.0,
											"rotationY": -5.0,
											"rotationZ": 10.0,
											"faces": {
												"north": { "texture": "#skin", "uv": [ 27.5, 44.5, 28.0, 45.0 ] },
												"east": { "texture": "#skin", "uv": [ 27.0, 45.0, 27.5, 45.5 ], "rotation": 270 },
												"south": { "texture": "#skin", "uv": [ 26.5, 44.5, 27.0, 45.0 ], "rotation": 180 },
												"west": { "texture": "#skin", "uv": [ 27.0, 44.0, 27.5, 44.5 ], "rotation": 90 },
												"up": { "texture": "#skin", "uv": [ 27.0, 44.5, 27.5, 45.0 ], "rotation": 180 },
												"down": { "texture": "#skin", "uv": [ 28.0, 44.5, 28.5, 45.0 ] }
											},
											"children": [
												{
													"name": "L antler base 2",
													"from": [ 0.5, 0.05, 0.05 ],
													"to": [ 2.0, 0.55, 0.55 ],
													"unwrapMode": 7,
													"unwrapRotation": 1,
													"uv": [ 27.0, 42.0 ],
													"rotationOrigin": [ 0.5, 0.55, 0.45 ],
													"faces": {
														"north": { "texture": "#skin", "uv": [ 28.0, 42.5, 28.5, 44.0 ], "rotation": 90 },
														"east": { "texture": "#skin", "uv": [ 27.5, 44.0, 28.0, 44.5 ] },
														"south": { "texture": "#skin", "uv": [ 27.0, 42.5, 27.5, 44.0 ], "rotation": 270 },
														"west": { "texture": "#skin", "uv": [ 27.5, 42.0, 28.0, 42.5 ], "rotation": 180 },
														"up": { "texture": "#skin", "uv": [ 27.5, 42.5, 28.0, 44.0 ], "rotation": 270 },
														"down": { "texture": "#skin", "uv": [ 28.5, 42.5, 29.0, 44.0 ], "rotation": 90 }
													},
													"children": [
														{
															"name": "L antler base 3",
															"from": [ 1.5, 0.05, 0.05 ],
															"to": [ 2.5, 0.45, 0.45 ],
															"unwrapMode": 7,
															"unwrapRotation": 1,
															"uv": [ 26.5, 40.5 ],
															"rotationOrigin": [ 1.5, 0.45, 0.45 ],
															"rotationZ": -36.0,
															"faces": {
																"north": { "texture": "#skin", "uv": [ 27.5, 41.0, 28.0, 42.0 ], "rotation": 90 },
																"east": { "texture": "#skin", "uv": [ 27.0, 42.0, 27.5, 42.5 ] },
																"south": { "texture": "#skin", "uv": [ 26.5, 41.0, 27.0, 42.0 ], "rotation": 270 },
																"west": { "texture": "#skin", "uv": [ 27.0, 40.5, 27.5, 41.0 ], "rotation": 180 },
																"up": { "texture": "#skin", "uv": [ 27.0, 41.0, 27.5, 42.0 ], "rotation": 270 },
																"down": { "texture": "#skin", "uv": [ 28.0, 41.0, 28.5, 42.0 ], "rotation": 90 }
															},
															"children": [
																{
																	"name": "L antler point 2",
																	"from": [ 1.0, 0.0, 0.05 ],
																	"to": [ 2.5, 0.3, 0.35 ],
																	"unwrapMode": 7,
																	"unwrapRotation": 1,
																	"uv": [ 28.0, 38.5 ],
																	"rotationOrigin": [ 1.0, 0.0, 0.35 ],
																	"rotationZ": 28.0,
																	"faces": {
																		"north": { "texture": "#skin", "uv": [ 29.0, 39.0, 29.5, 40.5 ], "rotation": 90 },
																		"east": { "texture": "#skin", "uv": [ 28.5, 40.5, 29.0, 41.0 ] },
																		"south": { "texture": "#skin", "uv": [ 28.0, 39.0, 28.5, 40.5 ], "rotation": 270 },
																		"west": { "texture": "#skin", "uv": [ 28.5, 38.5, 29.0, 39.0 ], "rotation": 180 },
																		"up": { "texture": "#skin", "uv": [ 28.5, 39.0, 29.0, 40.5 ], "rotation": 270 },
																		"down": { "texture": "#skin", "uv": [ 29.5, 39.0, 30.0, 40.5 ], "rotation": 90 }
																	}
																}
															]
														},
														{
															"name": "L antler point 1",
															"from": [ 1.5, 0.25, 0.1 ],
															"to": [ 2.5, 0.55, 0.4 ],
															"unwrapMode": 7,
															"unwrapRotation": 1,
															"uv": [ 26.0, 39.0 ],
															"rotationOrigin": [ 1.5, 0.25, 0.4 ],
															"rotationX": 1.0,
															"rotationY": 1.0,
															"rotationZ": 47.0,
															"faces": {
																"north": { "texture": "#skin", "uv": [ 27.0, 39.5, 27.5, 40.5 ], "rotation": 90 },
																"east": { "texture": "#skin", "uv": [ 26.5, 40.5, 27.0, 41.0 ] },
																"south": { "texture": "#skin", "uv": [ 26.0, 39.5, 26.5, 40.5 ], "rotation": 270 },
																"west": { "texture": "#skin", "uv": [ 26.5, 39.0, 27.0, 39.5 ], "rotation": 180 },
																"up": { "texture": "#skin", "uv": [ 26.5, 39.5, 27.0, 40.5 ], "rotation": 270 },
																"down": { "texture": "#skin", "uv": [ 27.5, 39.5, 28.0, 40.5 ], "rotation": 90 }
															}
														}
													]
												}
											]
										}
									]
								}
							]
						}
					],
					"attachmentpoints": [
						{
							"code": "rope",
							"posX": "0.0","posY": "3.0","posZ": "1.0",
							"rotationX": "0.0","rotationY": "0.0","rotationZ": "0.0"
						}
					]
				},
				{
					"name": "abdomen",
					"from": [ 6.6, -0.0215, 0.0 ],
					"to": [ 10.6, 4.9785, 4.1 ],
					"unwrapMode": 7,
					"unwrapRotation": 1,
					"autoUnwrap": false,
					"uv": [ 0.5, 25.5 ],
					"rotationOrigin": [ 6.6, 3.4, 1.8 ],
					"rotationX": -1.0,
					"rotationY": -3.0,
					"rotationZ": -6.0,
					"faces": {
						"north": { "texture": "#skin", "uv": [ 9.5, 32.0, 14.5, 36.0 ], "rotation": 90 },
						"east": { "texture": "#skin", "uv": [ 5.5, 36.0, 9.5, 41.0 ] },
						"south": { "texture": "#skin", "uv": [ 0.5, 32.0, 5.5, 36.0 ], "rotation": 270 },
						"west": { "texture": "#skin", "uv": [ 16.0, 42.0, 20.0, 47.0 ], "rotation": 180 },
						"up": { "texture": "#skin", "uv": [ 5.5, 32.0, 9.5, 36.0 ], "rotation": 270 },
						"down": { "texture": "#skin", "uv": [ 14.5, 32.0, 18.5, 36.0 ], "rotation": 90 }
					},
					"children": [
						{
							"name": "L back Thigh",
							"from": [ 0.9, -1.375, 3.2 ],
							"to": [ 3.9, 3.125, 4.7 ],
							"unwrapMode": 3,
							"uv": [ 19.0, 23.5 ],
							"rotationOrigin": [ 2.4, 3.0, 3.9 ],
							"rotationX": 2.0,
							"rotationZ": -33.0,
							"faces": {
								"north": { "texture": "#skin", "uv": [ 25.0, 25.0, 28.0, 29.5 ] },
								"east": { "texture": "#skin", "uv": [ 23.5, 25.0, 25.0, 29.5 ] },
								"south": { "texture": "#skin", "uv": [ 20.5, 25.0, 23.5, 29.5 ] },
								"west": { "texture": "#skin", "uv": [ 19.0, 25.0, 20.5, 29.5 ] },
								"up": { "texture": "#skin", "uv": [ 20.5, 23.5, 23.5, 25.0 ], "windMode": [-1,-1,-1,-1], "windData": [0,0,1,1] },
								"down": { "texture": "#skin", "uv": [ 20.5, 29.5, 23.5, 31.0 ], "rotation": 180 }
							},
							"children": [
								{
									"name": "L back Upper Arm",
									"from": [ 0.3, -4.0, 0.2 ],
									"to": [ 1.8, 0.9, 1.4 ],
									"unwrapMode": 3,
									"uv": [ 20.5, 31.5 ],
									"rotationOrigin": [ 1.1, 0.8, 0.8 ],
									"rotationX": 1.0,
									"rotationZ": 76.0,
									"faces": {
										"north": { "texture": "#skin", "uv": [ 24.0, 32.5, 25.5, 37.0 ] },
										"east": { "texture": "#skin", "uv": [ 23.0, 32.5, 24.0, 37.0 ] },
										"south": { "texture": "#skin", "uv": [ 21.5, 32.5, 23.0, 37.0 ] },
										"west": { "texture": "#skin", "uv": [ 20.5, 32.5, 21.5, 37.0 ] },
										"up": { "texture": "#skin", "uv": [ 21.5, 31.5, 23.0, 32.5 ] },
										"down": { "texture": "#skin", "uv": [ 21.5, 37.0, 23.0, 38.0 ], "rotation": 180 }
									},
									"children": [
										{
											"name": "L back lower arm",
											"from": [ 0.3, -4.5, 0.2 ],
											"to": [ 1.3, 0.8, 1.1 ],
											"unwrapMode": 3,
											"uv": [ 21.0, 38.5 ],
											"rotationOrigin": [ 0.8, 0.8, 0.6 ],
											"rotationX": -4.0,
											"rotationZ": -75.0,
											"faces": {
												"north": { "texture": "#skin", "uv": [ 23.0, 39.0, 24.0, 44.0 ] },
												"east": { "texture": "#skin", "uv": [ 22.5, 39.0, 23.0, 44.0 ] },
												"south": { "texture": "#skin", "uv": [ 21.5, 39.0, 22.5, 44.0 ] },
												"west": { "texture": "#skin", "uv": [ 21.0, 39.0, 21.5, 44.0 ] },
												"up": { "texture": "#skin", "uv": [ 21.5, 38.5, 22.5, 39.0 ] },
												"down": { "texture": "#skin", "uv": [ 21.5, 44.0, 22.5, 44.5 ], "rotation": 180 }
											},
											"children": [
												{
													"name": "L back pastern",
													"from": [ 0.1, -0.9, 0.1 ],
													"to": [ 0.9, 1.0, 0.8 ],
													"unwrapMode": 3,
													"uv": [ 21.0, 45.0 ],
													"rotationOrigin": [ 0.5, 1.0, 0.5 ],
													"rotationZ": -10.0,
													"faces": {
														"north": { "texture": "#skin", "uv": [ 22.5, 45.5, 23.0, 47.0 ] },
														"east": { "texture": "#skin", "uv": [ 22.0, 45.5, 22.5, 47.0 ] },
														"south": { "texture": "#skin", "uv": [ 21.5, 45.5, 22.0, 47.0 ] },
														"west": { "texture": "#skin", "uv": [ 21.0, 45.5, 21.5, 47.0 ] },
														"up": { "texture": "#skin", "uv": [ 21.5, 45.0, 22.0, 45.5 ] },
														"down": { "texture": "#skin", "uv": [ 21.5, 47.0, 22.0, 47.5 ], "rotation": 180 }
													},
													"children": [
														{
															"name": "L origin hind hoof",
															"from": [ 0.5, 0.6, 0.5 ],
															"to": [ 0.5, 0.6, 0.5 ],
															"uv": [ 0.0, 0.0 ],
															"rotationOrigin": [ 0.5, 0.6, 0.5 ],
															"rotationZ": 10.0,
															"faces": {
															},
															"children": [
																{
																	"name": "L hind hoof 1",
																	"from": [ -1.3, -0.3, -0.45 ],
																	"to": [ -0.3, 0.2, 0.15 ],
																	"unwrapMode": 5,
																	"uv": [ 36.5, 40.5 ],
																	"rotationOrigin": [ -0.2, 0.1, 0.3 ],
																	"rotationZ": 60.0,
																	"faces": {
																		"north": { "texture": "#skin", "uv": [ 37.0, 40.5, 38.0, 41.0 ], "rotation": 180 },
																		"east": { "texture": "#skin", "uv": [ 38.0, 41.0, 38.5, 41.5 ], "rotation": 90 },
																		"south": { "texture": "#skin", "uv": [ 37.0, 41.5, 38.0, 42.0 ] },
																		"west": { "texture": "#skin", "uv": [ 36.5, 41.0, 37.0, 41.5 ], "rotation": 270 },
																		"up": { "texture": "#skin", "uv": [ 37.0, 41.0, 38.0, 41.5 ] },
																		"down": { "texture": "#skin", "uv": [ 38.5, 41.0, 39.5, 41.5 ] }
																	},
																	"children": [
																		{
																			"name": "L hind hoof 2",
																			"from": [ 0.1, -0.5, 0.0 ],
																			"to": [ 1.0, -0.1, 0.6 ],
																			"unwrapMode": 4,
																			"uv": [ 37.5, 41.5 ],
																			"rotationOrigin": [ 0.9, -0.1, 0.6 ],
																			"rotationZ": -33.0,
																			"faces": {
																				"north": { "texture": "#skin", "uv": [ 37.5, 42.0, 38.0, 42.5 ] },
																				"east": { "texture": "#skin", "uv": [ 39.0, 42.0, 39.5, 42.5 ] },
																				"south": { "texture": "#skin", "uv": [ 38.5, 42.0, 39.0, 42.5 ] },
																				"west": { "texture": "#skin", "uv": [ 38.0, 42.0, 38.5, 42.5 ] },
																				"up": { "texture": "#skin", "uv": [ 38.0, 41.5, 38.5, 42.0 ], "rotation": 90 },
																				"down": { "texture": "#skin", "uv": [ 38.0, 42.5, 38.5, 43.0 ], "rotation": 90 }
																			}
																		}
																	]
																}
															]
														}
													]
												}
											]
										}
									]
								}
							]
						},
						{
							"name": "tail",
							"from": [ 3.4, 3.1, 1.4 ],
							"to": [ 4.2, 4.6, 2.3 ],
							"unwrapMode": 3,
							"unwrapRotation": 1,
							"uv": [ 11.0, 38.0 ],
							"rotationOrigin": [ 3.4, 4.6, 1.8 ],
							"rotationZ": 32.0,
							"faces": {
								"north": { "texture": "#skin", "uv": [ 13.5, 38.5, 15.0, 39.0 ], "rotation": 270, "windMode": [-1,-1,-1,-1], "windData": [0,1,1,0] },
								"east": { "texture": "#skin", "uv": [ 11.5, 38.0, 13.0, 38.5 ], "rotation": 90, "windMode": [-1,-1,-1,-1], "windData": [0,1,1,0] },
								"south": { "texture": "#skin", "uv": [ 11.5, 38.5, 13.0, 39.0 ], "rotation": 90 },
								"west": { "texture": "#skin", "uv": [ 11.5, 39.0, 13.0, 39.5 ], "rotation": 90, "windMode": [-1,-1,-1,-1], "windData": [0,0,1,1] },
								"up": { "texture": "#skin", "uv": [ 11.0, 38.5, 11.5, 39.0 ], "rotation": 90, "windMode": [-1,-1,-1,-1], "windData": [1,1,1,1] },
								"down": { "texture": "#skin", "uv": [ 13.0, 38.5, 13.5, 39.0 ], "rotation": 270, "windMode": [-1,-1,-1,-1] }
							},
							"children": [
								{
									"name": "tail-end",
									"from": [ 0.0, -0.4, 0.1 ],
									"to": [ 0.8, 0.4, 0.9 ],
									"unwrapMode": 3,
									"unwrapRotation": 1,
									"uv": [ 15.0, 38.0 ],
									"rotationOrigin": [ 0.0, 0.3, 0.1 ],
									"rotationZ": -20.0,
									"faces": {
										"north": { "texture": "#skin", "uv": [ 16.0, 38.5, 16.5, 39.0 ], "rotation": 270 },
										"east": { "texture": "#skin", "uv": [ 15.0, 38.0, 15.5, 38.5 ], "rotation": 90 },
										"south": { "texture": "#skin", "uv": [ 15.0, 38.5, 15.5, 39.0 ], "rotation": 90 },
										"west": { "texture": "#skin", "uv": [ 15.0, 39.0, 15.5, 39.5 ], "rotation": 90 },
										"down": { "texture": "#skin", "uv": [ 15.5, 38.5, 16.0, 39.0 ], "rotation": 270 }
									}
								}
							]
						},
						{
							"name": "R back Thigh",
							"from": [ -0.075, 0.2075, -0.6 ],
							"to": [ 2.925, 4.7075, 0.9 ],
							"unwrapMode": 1,
							"uv": [ 29.5, 23.5 ],
							"rotationOrigin": [ 2.4, 3.0, 0.2 ],
							"rotationX": 2.0,
							"rotationZ": -8.0,
							"faces": {
								"north": { "texture": "#skin", "uv": [ 31.0, 25.0, 34.0, 29.5 ] },
								"east": { "texture": "#skin", "uv": [ 29.5, 25.0, 31.0, 29.5 ] },
								"south": { "texture": "#skin", "uv": [ 35.5, 25.0, 38.5, 29.5 ] },
								"west": { "texture": "#skin", "uv": [ 34.0, 25.0, 35.5, 29.5 ] },
								"up": { "texture": "#skin", "uv": [ 31.0, 23.5, 34.0, 25.0 ], "rotation": 180 },
								"down": { "texture": "#skin", "uv": [ 31.0, 29.5, 34.0, 31.0 ] }
							},
							"children": [
								{
									"name": "R back Upper Arm",
									"from": [ 0.543, -3.514, 0.2 ],
									"to": [ 2.043, 1.386, 1.4 ],
									"unwrapMode": 1,
									"uv": [ 31.0, 31.5 ],
									"rotationOrigin": [ 1.1, 0.8, 0.8 ],
									"rotationX": -1.0,
									"rotationZ": 53.0,
									"faces": {
										"north": { "texture": "#skin", "uv": [ 32.0, 32.5, 33.5, 37.0 ] },
										"east": { "texture": "#skin", "uv": [ 31.0, 32.5, 32.0, 37.0 ] },
										"south": { "texture": "#skin", "uv": [ 34.5, 32.5, 36.0, 37.0 ] },
										"west": { "texture": "#skin", "uv": [ 33.5, 32.5, 34.5, 37.0 ] },
										"up": { "texture": "#skin", "uv": [ 32.0, 31.5, 33.5, 32.5 ], "rotation": 180 },
										"down": { "texture": "#skin", "uv": [ 32.0, 37.0, 33.5, 38.0 ] }
									},
									"children": [
										{
											"name": "R back lower arm",
											"from": [ 0.3, -4.1355, 0.2 ],
											"to": [ 1.3, 1.1645, 1.1 ],
											"unwrapMode": 1,
											"uv": [ 31.5, 38.5 ],
											"rotationOrigin": [ 0.8, 0.8, 0.6 ],
											"rotationX": 4.0,
											"rotationZ": -90.0,
											"faces": {
												"north": { "texture": "#skin", "uv": [ 32.0, 39.0, 33.0, 44.0 ] },
												"east": { "texture": "#skin", "uv": [ 31.5, 39.0, 32.0, 44.0 ] },
												"south": { "texture": "#skin", "uv": [ 33.5, 39.0, 34.5, 44.0 ] },
												"west": { "texture": "#skin", "uv": [ 33.0, 39.0, 33.5, 44.0 ] },
												"up": { "texture": "#skin", "uv": [ 32.0, 38.5, 33.0, 39.0 ], "rotation": 180 },
												"down": { "texture": "#skin", "uv": [ 32.0, 44.0, 33.0, 44.5 ] }
											},
											"children": [
												{
													"name": "R back pastern",
													"from": [ 0.1, -0.9, 0.1 ],
													"to": [ 0.9, 1.0, 0.8 ],
													"unwrapMode": 1,
													"uv": [ 31.5, 44.83 ],
													"rotationOrigin": [ 0.5, 1.0, 0.5 ],
													"rotationZ": 4.0,
													"faces": {
														"north": { "texture": "#skin", "uv": [ 32.0, 45.5, 32.5, 47.0 ] },
														"east": { "texture": "#skin", "uv": [ 31.5, 45.5, 32.0, 47.0 ] },
														"south": { "texture": "#skin", "uv": [ 33.0, 45.5, 33.5, 47.0 ] },
														"west": { "texture": "#skin", "uv": [ 32.5, 45.5, 33.0, 47.0 ] },
														"up": { "texture": "#skin", "uv": [ 32.0, 45.0, 32.5, 45.5 ], "rotation": 180 },
														"down": { "texture": "#skin", "uv": [ 32.0, 47.0, 32.5, 47.5 ] }
													},
													"children": [
														{
															"name": "R origin hind hoof",
															"from": [ 0.5, 0.4785, 0.5 ],
															"to": [ 0.5, 0.4785, 0.5 ],
															"uv": [ 0.0, 0.0 ],
															"rotationOrigin": [ 0.5, 0.6, 0.5 ],
															"rotationZ": 30.0,
															"faces": {
															},
															"children": [
																{
																	"name": "R hind hoof 1",
																	"from": [ -1.3, -0.3, -0.45 ],
																	"to": [ -0.3, 0.2, 0.15 ],
																	"unwrapMode": 5,
																	"uv": [ 36.5, 45.5 ],
																	"rotationOrigin": [ -0.2, 0.1, 0.3 ],
																	"rotationZ": 60.0,
																	"faces": {
																		"north": { "texture": "#skin", "uv": [ 37.0, 45.5, 38.0, 46.0 ], "rotation": 180 },
																		"east": { "texture": "#skin", "uv": [ 38.0, 46.0, 38.5, 46.5 ], "rotation": 90 },
																		"south": { "texture": "#skin", "uv": [ 37.0, 46.5, 38.0, 47.0 ] },
																		"west": { "texture": "#skin", "uv": [ 36.5, 46.0, 37.0, 46.5 ], "rotation": 270 },
																		"up": { "texture": "#skin", "uv": [ 37.0, 46.0, 38.0, 46.5 ] },
																		"down": { "texture": "#skin", "uv": [ 38.5, 46.0, 39.5, 46.5 ] }
																	},
																	"children": [
																		{
																			"name": "R hind hoof 2",
																			"from": [ 0.1, -0.5, 0.0 ],
																			"to": [ 1.0, -0.1, 0.6 ],
																			"unwrapMode": 4,
																			"uv": [ 37.5, 46.5 ],
																			"rotationOrigin": [ 0.9, -0.1, 0.6 ],
																			"rotationZ": -33.0,
																			"faces": {
																				"north": { "texture": "#skin", "uv": [ 37.5, 47.0, 38.0, 47.5 ] },
																				"east": { "texture": "#skin", "uv": [ 39.0, 47.0, 39.5, 47.5 ] },
																				"south": { "texture": "#skin", "uv": [ 38.5, 47.0, 39.0, 47.5 ] },
																				"west": { "texture": "#skin", "uv": [ 38.0, 47.0, 38.5, 47.5 ] },
																				"up": { "texture": "#skin", "uv": [ 38.0, 46.5, 38.5, 47.0 ], "rotation": 90 },
																				"down": { "texture": "#skin", "uv": [ 38.0, 47.5, 38.5, 48.0 ], "rotation": 90 }
																			}
																		}
																	]
																}
															]
														}
													]
												}
											]
										}
									]
								}
							]
						}
					]
				},
				{
					"name": "L front Thigh",
					"from": [ 0.4785, 0.5785, 3.4 ],
					"to": [ 2.7785, 4.3785, 4.9 ],
					"unwrapMode": 3,
					"uv": [ 25.0, 0.5 ],
					"rotationOrigin": [ 1.7, 3.0, 4.1 ],
					"rotationX": 5.0,
					"rotationY": -6.0,
					"rotationZ": -22.0,
					"faces": {
						"north": { "texture": "#skin", "uv": [ 30.0, 2.0, 32.0, 5.5 ] },
						"east": { "texture": "#skin", "uv": [ 28.5, 2.0, 30.0, 5.5 ] },
						"south": { "texture": "#skin", "uv": [ 26.5, 2.0, 28.5, 5.5 ] },
						"west": { "texture": "#skin", "uv": [ 25.0, 2.0, 26.5, 5.5 ] },
						"up": { "texture": "#skin", "uv": [ 26.5, 0.5, 28.5, 2.0 ], "windMode": [-1,-1,-1,-1] },
						"down": { "texture": "#skin", "uv": [ 26.5, 5.5, 28.5, 7.0 ], "rotation": 180 }
					},
					"children": [
						{
							"name": "L front Upper Arm",
							"from": [ 0.4, -3.7, 0.2 ],
							"to": [ 1.9, 0.8, 1.4 ],
							"unwrapMode": 3,
							"uv": [ 25.5, 7.5 ],
							"rotationOrigin": [ 1.1, 0.4, 0.8 ],
							"rotationX": 1.0,
							"rotationZ": -8.0,
							"faces": {
								"north": { "texture": "#skin", "uv": [ 29.0, 8.5, 30.5, 13.0 ] },
								"east": { "texture": "#skin", "uv": [ 28.0, 8.5, 29.0, 13.0 ] },
								"south": { "texture": "#skin", "uv": [ 26.5, 8.5, 28.0, 13.0 ] },
								"west": { "texture": "#skin", "uv": [ 25.5, 8.5, 26.5, 13.0 ] },
								"up": { "texture": "#skin", "uv": [ 26.5, 7.5, 28.0, 8.5 ] },
								"down": { "texture": "#skin", "uv": [ 26.5, 13.0, 28.0, 14.0 ], "rotation": 180 }
							},
							"children": [
								{
									"name": "L front lower arm",
									"from": [ 0.2, -3.0, 0.1 ],
									"to": [ 1.2, 0.8, 1.0 ],
									"unwrapMode": 3,
									"uv": [ 26.0, 14.5 ],
									"rotationOrigin": [ 0.8, 0.4, 0.5 ],
									"rotationX": -3.0,
									"rotationZ": 4.0,
									"faces": {
										"north": { "texture": "#skin", "uv": [ 28.0, 15.0, 29.0, 18.5 ] },
										"east": { "texture": "#skin", "uv": [ 27.5, 15.0, 28.0, 18.5 ] },
										"south": { "texture": "#skin", "uv": [ 26.5, 15.0, 27.5, 18.5 ] },
										"west": { "texture": "#skin", "uv": [ 26.0, 15.0, 26.5, 18.5 ] },
										"up": { "texture": "#skin", "uv": [ 26.5, 14.5, 27.5, 15.0 ] },
										"down": { "texture": "#skin", "uv": [ 26.5, 18.5, 27.5, 19.0 ], "rotation": 180 }
									},
									"children": [
										{
											"name": "L front pastern",
											"from": [ 0.2, -1.3, 0.1 ],
											"to": [ 1.0, 0.6, 0.8 ],
											"unwrapMode": 3,
											"uv": [ 26.0, 19.5 ],
											"rotationOrigin": [ 0.5, 0.5, 0.5 ],
											"rotationX": -1.0,
											"rotationZ": 5.0,
											"faces": {
												"north": { "texture": "#skin", "uv": [ 27.5, 20.0, 28.0, 21.5 ] },
												"east": { "texture": "#skin", "uv": [ 27.0, 20.0, 27.5, 21.5 ] },
												"south": { "texture": "#skin", "uv": [ 26.5, 20.0, 27.0, 21.5 ] },
												"west": { "texture": "#skin", "uv": [ 26.0, 20.0, 26.5, 21.5 ] },
												"up": { "texture": "#skin", "uv": [ 26.5, 19.5, 27.0, 20.0 ] },
												"down": { "texture": "#skin", "uv": [ 26.5, 21.5, 27.0, 22.0 ], "rotation": 180 }
											},
											"children": [
												{
													"name": "L origin hoof",
													"from": [ 0.5, 0.6, 0.5 ],
													"to": [ 0.5, 0.6, 0.5 ],
													"uv": [ 0.0, 0.0 ],
													"rotationOrigin": [ 0.5, 0.6, 0.5 ],
													"faces": {
													},
													"children": [
														{
															"name": "L front hoof 1",
															"from": [ -1.3, -0.3, -0.45 ],
															"to": [ -0.3, 0.2, 0.15 ],
															"unwrapMode": 5,
															"uv": [ 36.5, 30.5 ],
															"rotationOrigin": [ -0.2, 0.1, 0.3 ],
															"rotationZ": 60.0,
															"faces": {
																"north": { "texture": "#skin", "uv": [ 37.0, 30.5, 38.0, 31.0 ], "rotation": 180 },
																"east": { "texture": "#skin", "uv": [ 38.0, 31.0, 38.5, 31.5 ], "rotation": 90 },
																"south": { "texture": "#skin", "uv": [ 37.0, 31.5, 38.0, 32.0 ] },
																"west": { "texture": "#skin", "uv": [ 36.5, 31.0, 37.0, 31.5 ], "rotation": 270 },
																"up": { "texture": "#skin", "uv": [ 37.0, 31.0, 38.0, 31.5 ] },
																"down": { "texture": "#skin", "uv": [ 38.5, 31.0, 39.5, 31.5 ] }
															},
															"children": [
																{
																	"name": "L front hoof 2",
																	"from": [ 0.1, -0.5, 0.0 ],
																	"to": [ 1.0, -0.1, 0.6 ],
																	"unwrapMode": 4,
																	"uv": [ 37.5, 31.5 ],
																	"rotationOrigin": [ 0.9, -0.1, 0.6 ],
																	"rotationZ": -33.0,
																	"faces": {
																		"north": { "texture": "#skin", "uv": [ 37.5, 32.0, 38.0, 32.5 ] },
																		"east": { "texture": "#skin", "uv": [ 39.0, 32.0, 39.5, 32.5 ] },
																		"south": { "texture": "#skin", "uv": [ 38.5, 32.0, 39.0, 32.5 ] },
																		"west": { "texture": "#skin", "uv": [ 38.0, 32.0, 38.5, 32.5 ] },
																		"up": { "texture": "#skin", "uv": [ 38.0, 31.5, 38.5, 32.0 ], "rotation": 90 },
																		"down": { "texture": "#skin", "uv": [ 38.0, 32.5, 38.5, 33.0 ], "rotation": 90 }
																	}
																}
															]
														}
													]
												}
											]
										}
									]
								}
							]
						}
					]
				},
				{
					"name": "R front Thigh",
					"from": [ 1.4505, 0.3355, -0.5 ],
					"to": [ 3.7505, 4.1355, 1.0 ],
					"unwrapMode": 1,
					"uv": [ 32.5, 0.5 ],
					"rotationOrigin": [ 1.7, 3.0, 0.3 ],
					"rotationX": -1.0,
					"rotationY": 1.0,
					"rotationZ": 5.0,
					"faces": {
						"north": { "texture": "#skin", "uv": [ 34.0, 2.0, 36.0, 5.5 ] },
						"east": { "texture": "#skin", "uv": [ 32.5, 2.0, 34.0, 5.5 ] },
						"south": { "texture": "#skin", "uv": [ 37.5, 2.0, 39.5, 5.5 ] },
						"west": { "texture": "#skin", "uv": [ 36.0, 2.0, 37.5, 5.5 ] },
						"up": { "texture": "#skin", "uv": [ 34.0, 0.5, 36.0, 2.0 ], "rotation": 180 },
						"down": { "texture": "#skin", "uv": [ 34.0, 5.5, 36.0, 7.0 ] }
					},
					"children": [
						{
							"name": "R front Upper Arm",
							"from": [ 0.4, -3.7, 0.2 ],
							"to": [ 1.9, 0.8, 1.4 ],
							"unwrapMode": 1,
							"uv": [ 33.0, 7.5 ],
							"rotationOrigin": [ 1.1, 0.4, 0.8 ],
							"rotationX": -1.0,
							"rotationZ": -3.0,
							"faces": {
								"north": { "texture": "#skin", "uv": [ 34.0, 8.5, 35.5, 13.0 ] },
								"east": { "texture": "#skin", "uv": [ 33.0, 8.5, 34.0, 13.0 ] },
								"south": { "texture": "#skin", "uv": [ 36.5, 8.5, 38.0, 13.0 ] },
								"west": { "texture": "#skin", "uv": [ 35.5, 8.5, 36.5, 13.0 ] },
								"up": { "texture": "#skin", "uv": [ 34.0, 7.5, 35.5, 8.5 ], "rotation": 180 },
								"down": { "texture": "#skin", "uv": [ 34.0, 13.0, 35.5, 14.0 ] }
							},
							"children": [
								{
									"name": "R front lower arm",
									"from": [ 0.2, -3.0, 0.2 ],
									"to": [ 1.2, 0.8, 1.1 ],
									"unwrapMode": 1,
									"uv": [ 33.5, 14.5 ],
									"rotationOrigin": [ 0.8, 0.4, 0.8 ],
									"rotationX": 3.0,
									"rotationZ": -4.0,
									"faces": {
										"north": { "texture": "#skin", "uv": [ 34.0, 15.0, 35.0, 18.5 ] },
										"east": { "texture": "#skin", "uv": [ 33.5, 15.0, 34.0, 18.5 ] },
										"south": { "texture": "#skin", "uv": [ 35.5, 15.0, 36.5, 18.5 ] },
										"west": { "texture": "#skin", "uv": [ 35.0, 15.0, 35.5, 18.5 ] },
										"up": { "texture": "#skin", "uv": [ 34.0, 14.5, 35.0, 15.0 ], "rotation": 180 },
										"down": { "texture": "#skin", "uv": [ 34.0, 18.5, 35.0, 19.0 ] }
									},
									"children": [
										{
											"name": "R front pastern",
											"from": [ 0.2, -1.3, 0.1 ],
											"to": [ 1.0, 0.6, 0.8 ],
											"unwrapMode": 1,
											"uv": [ 33.5, 19.5 ],
											"rotationOrigin": [ 0.5, 0.5, 0.5 ],
											"rotationX": -1.0,
											"rotationZ": 26.0,
											"faces": {
												"north": { "texture": "#skin", "uv": [ 34.0, 20.0, 34.5, 21.5 ] },
												"east": { "texture": "#skin", "uv": [ 33.5, 20.0, 34.0, 21.5 ] },
												"south": { "texture": "#skin", "uv": [ 35.0, 20.0, 35.5, 21.5 ] },
												"west": { "texture": "#skin", "uv": [ 34.5, 20.0, 35.0, 21.5 ] },
												"up": { "texture": "#skin", "uv": [ 34.0, 19.5, 34.5, 20.0 ], "rotation": 180 },
												"down": { "texture": "#skin", "uv": [ 34.0, 21.5, 34.5, 22.0 ] }
											},
											"children": [
												{
													"name": "R origin hoof",
													"from": [ 0.5, 0.7215, 0.5 ],
													"to": [ 0.5, 0.7215, 0.5 ],
													"uv": [ 0.0, 0.0 ],
													"rotationOrigin": [ 0.5, 0.6, 0.4 ],
													"rotationZ": -45.0,
													"faces": {
													},
													"children": [
														{
															"name": "R front hoof 1",
															"from": [ -1.3, -0.3, -0.45 ],
															"to": [ -0.3, 0.2, 0.15 ],
															"unwrapMode": 5,
															"uv": [ 36.5, 36.0 ],
															"rotationOrigin": [ -0.2, 0.1, 0.3 ],
															"rotationZ": 60.0,
															"faces": {
																"north": { "texture": "#skin", "uv": [ 37.0, 36.0, 38.0, 36.5 ], "rotation": 180 },
																"east": { "texture": "#skin", "uv": [ 38.0, 36.5, 38.5, 37.0 ], "rotation": 90 },
																"south": { "texture": "#skin", "uv": [ 37.0, 37.0, 38.0, 37.5 ] },
																"west": { "texture": "#skin", "uv": [ 36.5, 36.5, 37.0, 37.0 ], "rotation": 270 },
																"up": { "texture": "#skin", "uv": [ 37.0, 36.5, 38.0, 37.0 ] },
																"down": { "texture": "#skin", "uv": [ 38.5, 36.5, 39.5, 37.0 ] }
															}
														},
														{
															"name": "R front hoof 2",
															"from": [ -0.7, -0.7, -0.45 ],
															"to": [ 0.2, -0.3, 0.15 ],
															"unwrapMode": 4,
															"uv": [ 37.5, 37.0 ],
															"rotationOrigin": [ 0.2, -0.3, 0.2 ],
															"rotationZ": 27.0,
															"faces": {
																"north": { "texture": "#skin", "uv": [ 37.5, 37.5, 38.0, 38.0 ] },
																"east": { "texture": "#skin", "uv": [ 39.0, 37.5, 39.5, 38.0 ] },
																"south": { "texture": "#skin", "uv": [ 38.5, 37.5, 39.0, 38.0 ] },
																"west": { "texture": "#skin", "uv": [ 38.0, 37.5, 38.5, 38.0 ] },
																"up": { "texture": "#skin", "uv": [ 38.0, 37.0, 38.5, 37.5 ], "rotation": 90 },
																"down": { "texture": "#skin", "uv": [ 38.0, 38.0, 38.5, 38.5 ], "rotation": 90 }
															}
														}
													]
												}
											]
										}
									]
								}
							]
						}
					]
				},
				{
					"name": "Midsection",
					"from": [ 3.5, -0.1, 0.05 ],
					"to": [ 7.0, 4.9, 4.05 ],
					"unwrapMode": 7,
					"unwrapRotation": 1,
					"autoUnwrap": false,
					"uv": [ 0.5, 20.5 ],
					"rotationOrigin": [ 3.5, 3.3, 2.0 ],
					"faces": {
						"north": { "texture": "#skin", "uv": [ 9.5, 27.0, 14.5, 30.5 ], "rotation": 90 },
						"east": { "texture": "#skin", "uv": [ 11.0, 42.0, 15.0, 47.0 ], "windMode": [-1,-1,-1,-1] },
						"south": { "texture": "#skin", "uv": [ 0.5, 27.0, 5.5, 30.5 ], "rotation": 270 },
						"west": { "texture": "#skin", "uv": [ 6.0, 42.0, 10.0, 47.0 ], "rotation": 180, "windMode": [-1,-1,-1,-1] },
						"up": { "texture": "#skin", "uv": [ 5.5, 27.0, 9.5, 30.5 ], "rotation": 270 },
						"down": { "texture": "#skin", "uv": [ 14.5, 27.0, 18.5, 30.5 ], "rotation": 90 }
					}
				}
			],
			"attachmentpoints": [
				{
					"code": "Center",
					"posX": "5.5","posY": "2.5","posZ": "4.0",
					"rotationX": "0.0","rotationY": "0.0","rotationZ": "0.0"
				}
			]
		}
	]}