{
	"editor": {
		"collapsedPaths": "Root/Body/Left Shoulder,Root/Body/Right Shoulder",
		"allAngles": true,
		"entityTextureMode": true
	},
	"textureWidth": 28,
	"textureHeight": 36,
	"textureSizes": {
		"hide": [28,36]
	},
	"textures": {
	},
	"elements": [
		{
			"name": "Body",
			"from": [ 5.1, 5.2, 6.3 ],
			"to": [ 8.1, 8.5, 9.5 ],
			"unwrapMode": 7,
			"unwrapRotation": 1,
			"autoUnwrap": false,
			"uv": [ 0.5, 14.0 ],
			"rotationOrigin": [ 8.1, 7.1, 7.9 ],
			"rotationZ": 8.0,
			"faces": {
				"north": { "texture": "#hide", "uv": [ 6.5, 17.0, 9.5, 20.0 ], "rotation": 90 },
				"east": { "texture": "#hide", "uv": [ 1.0, 32.0, 4.0, 35.0 ] },
				"south": { "texture": "#hide", "uv": [ 0.5, 17.0, 3.5, 20.0 ], "rotation": 270 },
				"west": { "texture": "#hide", "uv": [ 3.5, 14.0, 6.5, 17.0 ], "rotation": 180 },
				"up": { "texture": "#hide", "uv": [ 3.5, 17.0, 6.5, 20.0 ], "rotation": 270 },
				"down": { "texture": "#hide", "uv": [ 9.5, 17.0, 12.5, 20.0 ], "rotation": 90 }
			},
			"children": [
				{
					"name": "neck",
					"from": [ 1.6, 2.2, 0.8 ],
					"to": [ 3.4, 5.0, 2.2 ],
					"unwrapMode": 2,
					"uv": [ 2.5, 7.5 ],
					"rotationOrigin": [ 1.7, 1.3, 1.4 ],
					"rotationZ": 105.0,
					"faces": {
						"north": { "texture": "#hide", "uv": [ 5.0, 9.0, 6.5, 11.5 ], "windMode": [-1,-1,-1,-1], "windData": [0,0,1,0] },
						"east": { "texture": "#hide", "uv": [ 4.0, 9.0, 5.0, 11.5 ], "windMode": [-1,-1,-1,-1], "windData": [1,0,0,1] },
						"south": { "texture": "#hide", "uv": [ 2.5, 9.0, 4.0, 11.5 ] },
						"west": { "texture": "#hide", "uv": [ 6.5, 9.0, 7.5, 11.5 ] },
						"up": { "texture": "#hide", "uv": [ 4.0, 7.5, 5.0, 9.0 ], "rotation": 270 }
					},
					"children": [
						{
							"name": "neck2",
							"from": [ 0.0, 2.05, 0.05 ],
							"to": [ 1.6, 4.75, 1.35 ],
							"unwrapMode": 2,
							"uv": [ 2.5, 1.0 ],
							"rotationOrigin": [ 1.7, 2.5, 0.75 ],
							"rotationZ": 18.0,
							"faces": {
								"north": { "texture": "#hide", "uv": [ 5.0, 2.5, 6.5, 5.0 ], "windMode": [-1,-1,-1,-1], "windData": [1,1,1,1] },
								"east": { "texture": "#hide", "uv": [ 4.0, 2.5, 5.0, 5.0 ], "windMode": [-1,-1,-1,-1], "windData": [1,1,1,1] },
								"south": { "texture": "#hide", "uv": [ 2.5, 2.5, 4.0, 5.0 ], "windMode": [-1,-1,-1,-1], "windData": [1,1,1,1] },
								"west": { "texture": "#hide", "uv": [ 6.5, 2.5, 7.5, 5.0 ], "windMode": [-1,-1,-1,-1], "windData": [1,1,1,1] },
								"up": { "texture": "#hide", "uv": [ 4.0, 1.0, 5.0, 2.5 ], "rotation": 270, "windMode": [-1,-1,-1,-1], "windData": [1,1,1,1] }
							},
							"children": [
								{
									"name": "head",
									"from": [ 0.2, -0.28, -0.2 ],
									"to": [ 1.7, 1.72, 1.4 ],
									"unwrapMode": 4,
									"uv": [ 9.0, 3.5 ],
									"rotationOrigin": [ 1.7, 1.7, 0.7 ],
									"rotationZ": -105.0,
									"faces": {
										"north": { "texture": "#hide", "uv": [ 9.0, 5.0, 10.5, 7.0 ] },
										"east": { "texture": "#hide", "uv": [ 13.5, 5.0, 15.0, 7.0 ] },
										"south": { "texture": "#hide", "uv": [ 12.0, 5.0, 13.5, 7.0 ] },
										"west": { "texture": "#hide", "uv": [ 10.5, 5.0, 12.0, 7.0 ] },
										"up": { "texture": "#hide", "uv": [ 10.5, 3.5, 12.0, 5.0 ], "rotation": 90 },
										"down": { "texture": "#hide", "uv": [ 10.5, 7.0, 12.0, 8.5 ], "rotation": 90 }
									},
									"children": [
										{
											"name": "mouth up",
											"from": [ -0.9, 0.3, 0.35 ],
											"to": [ 0.3, 0.6, 1.25 ],
											"unwrapMode": 5,
											"unwrapRotation": 1,
											"uv": [ 10.0, 12.0 ],
											"rotationOrigin": [ 0.2, 0.6, 0.75 ],
											"rotationZ": 55.0,
											"faces": {
												"north": { "texture": "#hide", "uv": [ 10.0, 12.0, 10.5, 13.0 ], "rotation": 270 },
												"south": { "texture": "#hide", "uv": [ 11.0, 12.0, 11.5, 13.0 ], "rotation": 90 },
												"west": { "texture": "#hide", "uv": [ 10.5, 13.0, 11.0, 13.5 ] },
												"up": { "texture": "#hide", "uv": [ 10.5, 12.0, 11.0, 13.0 ], "rotation": 90 },
												"down": { "texture": "#hide", "uv": [ 11.5, 12.0, 12.0, 13.0 ], "rotation": 270 }
											},
											"children": [
												{
													"name": "nose",
													"from": [ -0.2, 0.1, 0.2 ],
													"to": [ 0.3, 0.6, 0.7 ],
													"unwrapMode": 4,
													"uv": [ 13.0, 10.0 ],
													"rotationOrigin": [ -0.2, 0.5, 0.5 ],
													"rotationZ": 12.0,
													"faces": {
														"north": { "texture": "#hide", "uv": [ 13.0, 10.5, 13.5, 11.0 ], "windMode": [-1,-1,-1,-1], "windData": [1,1,1,1] },
														"east": { "texture": "#hide", "uv": [ 14.5, 10.5, 15.0, 11.0 ], "windMode": [-1,-1,-1,-1], "windData": [1,1,1,1] },
														"south": { "texture": "#hide", "uv": [ 14.0, 10.5, 14.5, 11.0 ], "windMode": [-1,-1,-1,-1], "windData": [1,1,1,1] },
														"west": { "texture": "#hide", "uv": [ 13.5, 10.5, 14.0, 11.0 ], "windMode": [-1,-1,-1,-1], "windData": [1,1,1,1] },
														"up": { "texture": "#hide", "uv": [ 13.5, 10.0, 14.0, 10.5 ], "rotation": 90, "windMode": [-1,-1,-1,-1], "windData": [1,1,1,1] },
														"down": { "texture": "#hide", "uv": [ 13.5, 11.0, 14.0, 11.5 ], "rotation": 90, "windMode": [-1,-1,-1,-1], "windData": [1,1,1,1] }
													}
												},
												{
													"name": "nose bridge",
													"from": [ 0.3, 0.0, 0.1 ],
													"to": [ 2.3, 0.7, 0.8 ],
													"unwrapMode": 5,
													"unwrapRotation": 1,
													"uv": [ 10.0, 9.0 ],
													"rotationOrigin": [ 0.3, 0.0, 0.4 ],
													"rotationZ": 15.0,
													"faces": {
														"north": { "texture": "#hide", "uv": [ 10.0, 9.0, 10.5, 11.0 ], "rotation": 270 },
														"south": { "texture": "#hide", "uv": [ 11.0, 9.0, 11.5, 11.0 ], "rotation": 90 },
														"west": { "texture": "#hide", "uv": [ 10.5, 11.0, 11.0, 11.5 ], "windMode": [-1,-1,-1,-1], "windData": [1,1,1,1] },
														"up": { "texture": "#hide", "uv": [ 10.5, 9.0, 11.0, 11.0 ], "rotation": 90 }
													}
												},
												{
													"name": "jaw",
													"from": [ 0.1, -0.4, 0.0 ],
													"to": [ 1.1, -0.1, 0.8 ],
													"unwrapMode": 5,
													"unwrapRotation": 1,
													"uv": [ 10.0, 14.0 ],
													"rotationOrigin": [ 1.1, -0.1, 0.4 ],
													"rotationZ": 4.0,
													"faces": {
														"north": { "texture": "#hide", "uv": [ 10.0, 14.0, 10.5, 15.0 ], "rotation": 270 },
														"south": { "texture": "#hide", "uv": [ 11.0, 14.0, 11.5, 15.0 ], "rotation": 90 },
														"west": { "texture": "#hide", "uv": [ 10.5, 15.0, 11.0, 15.5 ] },
														"up": { "texture": "#hide", "uv": [ 10.5, 14.0, 11.0, 15.0 ], "rotation": 90 },
														"down": { "texture": "#hide", "uv": [ 11.5, 14.0, 12.0, 15.0 ], "rotation": 270 }
													}
												}
											]
										},
										{
											"name": "R ear",
											"from": [ 0.5, 1.4, -1.3 ],
											"to": [ 0.7, 2.2, 0.3 ],
											"unwrapMode": 4,
											"unwrapRotation": 1,
											"uv": [ 12.0, 1.0 ],
											"rotationOrigin": [ 0.7, 1.7, 0.3 ],
											"rotationX": 45.0,
											"rotationZ": 22.0,
											"faces": {
												"north": { "texture": "#hide", "uv": [ 12.5, 2.5, 13.0, 3.0 ], "rotation": 90 },
												"east": { "texture": "#hide", "uv": [ 13.5, 1.0, 14.0, 2.5 ], "rotation": 270 },
												"west": { "texture": "#hide", "uv": [ 12.5, 1.0, 13.0, 2.5 ], "rotation": 90 },
												"up": { "texture": "#hide", "uv": [ 12.0, 1.0, 12.5, 2.5 ], "rotation": 180 },
												"down": { "texture": "#hide", "uv": [ 13.0, 1.0, 13.5, 2.5 ], "rotation": 180 }
											}
										},
										{
											"name": "L ear",
											"from": [ 0.5, 1.4, 1.4 ],
											"to": [ 0.7, 2.2, 3.0 ],
											"unwrapMode": 4,
											"unwrapRotation": 1,
											"uv": [ 9.5, 0.5 ],
											"rotationOrigin": [ 0.7, 1.7, 1.4 ],
											"rotationX": -45.0,
											"rotationZ": 22.0,
											"faces": {
												"east": { "texture": "#hide", "uv": [ 11.0, 1.0, 11.5, 2.5 ], "rotation": 270 },
												"south": { "texture": "#hide", "uv": [ 10.0, 0.5, 10.5, 1.0 ], "rotation": 90 },
												"west": { "texture": "#hide", "uv": [ 10.0, 1.0, 10.5, 2.5 ], "rotation": 90 },
												"up": { "texture": "#hide", "uv": [ 9.5, 1.0, 10.0, 2.5 ], "rotation": 180 },
												"down": { "texture": "#hide", "uv": [ 10.5, 1.0, 11.0, 2.5 ], "rotation": 180 }
											}
										},
										{
											"name": "eyes",
											"from": [ 0.05, 1.05, -0.01 ],
											"to": [ 0.45, 1.15, 1.61 ],
											"unwrapMode": 5,
											"uv": [ 0.0, 0.0 ],
											"rotationOrigin": [ 0.1, 1.1, 0.0 ],
											"faces": {
												"north": { "texture": "#hide", "uv": [ 0.0, 0.0, 0.5, 0.5 ], "rotation": 180 },
												"south": { "texture": "#hide", "uv": [ 0.0, 2.0, 0.5, 2.5 ] }
											},
											"children": [
												{
													"name": "eyeL",
													"from": [ 0.0, 0.1, 1.4 ],
													"to": [ 0.4, 0.4, 1.62 ],
													"unwrapMode": 5,
													"uv": [ 0.0, 0.0 ],
													"rotationOrigin": [ 0.0, 0.1, 1.41 ],
													"faces": {
														"north": { "texture": "#hide", "uv": [ 0.0, 0.0, 0.5, 0.5 ], "rotation": 180 },
														"south": { "texture": "#hide", "uv": [ 0.0, 1.0, 0.5, 1.5 ] }
													}
												},
												{
													"name": "eyeR",
													"from": [ 0.0, 0.1, 0.0 ],
													"to": [ 0.3, 0.3, 0.22 ],
													"unwrapMode": 5,
													"uv": [ 0.0, 0.0 ],
													"rotationOrigin": [ 0.0, 0.1, 0.01 ],
													"faces": {
														"north": { "texture": "#hide", "uv": [ 0.0, 0.0, 0.5, 0.5 ], "rotation": 180 },
														"south": { "texture": "#hide", "uv": [ 0.0, 1.0, 0.5, 1.5 ] }
													}
												}
											]
										}
									]
								}
							]
						}
					]
				},
				{
					"name": "rear",
					"from": [ 4.73, -0.5, 0.05 ],
					"to": [ 7.23, 2.8, 3.15 ],
					"unwrapMode": 7,
					"unwrapRotation": 1,
					"autoUnwrap": false,
					"uv": [ 0.5, 22.0 ],
					"rotationOrigin": [ 5.0, 1.9, 1.55 ],
					"rotationZ": -8.0,
					"faces": {
						"north": { "texture": "#hide", "uv": [ 6.5, 25.0, 9.5, 27.5 ], "rotation": 90 },
						"east": { "texture": "#hide", "uv": [ 3.5, 27.5, 6.5, 30.5 ] },
						"south": { "texture": "#hide", "uv": [ 0.5, 25.0, 3.5, 27.5 ], "rotation": 270 },
						"west": { "texture": "#hide", "uv": [ 11.5, 32.0, 14.5, 35.0 ], "rotation": 180 },
						"up": { "texture": "#hide", "uv": [ 3.5, 25.0, 6.5, 27.5 ], "rotation": 270 },
						"down": { "texture": "#hide", "uv": [ 9.5, 25.0, 12.5, 27.5 ], "rotation": 90 }
					},
					"children": [
						{
							"name": "L back Thigh",
							"from": [ 0.2, -0.7, 2.4 ],
							"to": [ 2.2, 2.5, 3.5 ],
							"unwrapMode": 3,
							"uv": [ 13.5, 15.5 ],
							"rotationOrigin": [ 1.3, 1.7, 2.9 ],
							"rotationX": 3.0,
							"rotationZ": -13.0,
							"faces": {
								"north": { "texture": "#hide", "uv": [ 17.5, 16.5, 19.5, 19.5 ] },
								"east": { "texture": "#hide", "uv": [ 16.5, 16.5, 17.5, 19.5 ] },
								"south": { "texture": "#hide", "uv": [ 14.5, 16.5, 16.5, 19.5 ] },
								"west": { "texture": "#hide", "uv": [ 13.5, 16.5, 14.5, 19.5 ] },
								"up": { "texture": "#hide", "uv": [ 14.5, 15.5, 16.5, 16.5 ], "windMode": [-1,-1,-1,-1], "windData": [0,0,1,1] },
								"down": { "texture": "#hide", "uv": [ 14.5, 19.5, 16.5, 20.5 ], "rotation": 180 }
							},
							"children": [
								{
									"name": "L back Upper Arm",
									"from": [ 0.2, -2.7, 0.2 ],
									"to": [ 1.2, 0.4, 0.9 ],
									"unwrapMode": 3,
									"uv": [ 14.5, 21.0 ],
									"rotationOrigin": [ 0.7, 0.3, 0.6 ],
									"rotationX": 1.0,
									"rotationZ": 72.0,
									"faces": {
										"north": { "texture": "#hide", "uv": [ 16.5, 21.5, 17.5, 24.5 ] },
										"east": { "texture": "#hide", "uv": [ 16.0, 21.5, 16.5, 24.5 ] },
										"south": { "texture": "#hide", "uv": [ 15.0, 21.5, 16.0, 24.5 ] },
										"west": { "texture": "#hide", "uv": [ 14.5, 21.5, 15.0, 24.5 ] },
										"up": { "texture": "#hide", "uv": [ 15.0, 21.0, 16.0, 21.5 ] },
										"down": { "texture": "#hide", "uv": [ 15.0, 24.5, 16.0, 25.0 ], "rotation": 180 }
									},
									"children": [
										{
											"name": "L back lower arm",
											"from": [ 0.2, -2.5, 0.05 ],
											"to": [ 0.8, 0.6, 0.55 ],
											"unwrapMode": 3,
											"uv": [ 14.5, 25.5 ],
											"rotationOrigin": [ 0.6, 0.5, 0.35 ],
											"rotationX": -4.0,
											"rotationZ": -62.0,
											"faces": {
												"north": { "texture": "#hide", "uv": [ 16.0, 26.0, 16.5, 29.0 ] },
												"east": { "texture": "#hide", "uv": [ 15.5, 26.0, 16.0, 29.0 ] },
												"south": { "texture": "#hide", "uv": [ 15.0, 26.0, 15.5, 29.0 ] },
												"west": { "texture": "#hide", "uv": [ 14.5, 26.0, 15.0, 29.0 ] },
												"up": { "texture": "#hide", "uv": [ 15.0, 25.5, 15.5, 26.0 ] },
												"down": { "texture": "#hide", "uv": [ 15.0, 29.0, 15.5, 29.5 ], "rotation": 180 }
											},
											"children": [
												{
													"name": "L back pastern",
													"from": [ 0.0, -0.6, 0.05 ],
													"to": [ 0.5, 0.8, 0.55 ],
													"unwrapMode": 3,
													"uv": [ 14.5, 30.0 ],
													"rotationOrigin": [ 0.4, 0.7, 0.3 ],
													"rotationX": -1.0,
													"faces": {
														"north": { "texture": "#hide", "uv": [ 16.0, 30.5, 16.5, 31.5 ] },
														"east": { "texture": "#hide", "uv": [ 15.5, 30.5, 16.0, 31.5 ] },
														"south": { "texture": "#hide", "uv": [ 15.0, 30.5, 15.5, 31.5 ] },
														"west": { "texture": "#hide", "uv": [ 14.5, 30.5, 15.0, 31.5 ] },
														"up": { "texture": "#hide", "uv": [ 15.0, 30.0, 15.5, 30.5 ] },
														"down": { "texture": "#hide", "uv": [ 15.0, 31.5, 15.5, 32.0 ], "rotation": 180 }
													},
													"children": [
														{
															"name": "L origin hind hoof",
															"from": [ 0.3, 0.4, 0.3 ],
															"to": [ 0.3, 0.4, 0.3 ],
															"uv": [ 0.0, 0.0 ],
															"rotationOrigin": [ 0.3, 0.4, 0.3 ],
															"rotationZ": -18.0,
															"faces": {
															},
															"children": [
																{
																	"name": "L hind hoof 1",
																	"from": [ -0.9, -0.2, -0.25 ],
																	"to": [ -0.2, 0.1, 0.15 ],
																	"unwrapMode": 4,
																	"uv": [ 25.0, 30.0 ],
																	"rotationOrigin": [ -0.1, 0.0, 0.2 ],
																	"rotationZ": 55.0,
																	"faces": {
																		"north": { "texture": "#hide", "uv": [ 25.0, 30.5, 25.5, 31.0 ] },
																		"east": { "texture": "#hide", "uv": [ 26.5, 30.5, 27.0, 31.0 ] },
																		"south": { "texture": "#hide", "uv": [ 26.0, 30.5, 26.5, 31.0 ] },
																		"west": { "texture": "#hide", "uv": [ 25.5, 30.5, 26.0, 31.0 ] },
																		"up": { "texture": "#hide", "uv": [ 25.5, 30.0, 26.0, 30.5 ], "rotation": 90 },
																		"down": { "texture": "#hide", "uv": [ 25.5, 31.0, 26.0, 31.5 ], "rotation": 90 }
																	},
																	"children": [
																		{
																			"name": "L hind hoof 2",
																			"from": [ 0.05, -0.3, 0.0 ],
																			"to": [ 0.75, 0.0, 0.4 ],
																			"unwrapMode": 4,
																			"uv": [ 26.0, 31.0 ],
																			"rotationOrigin": [ 0.6509, -0.1, 0.4 ],
																			"rotationZ": -28.0,
																			"faces": {
																				"north": { "texture": "#hide", "uv": [ 26.0, 31.5, 26.5, 32.0 ] },
																				"east": { "texture": "#hide", "uv": [ 27.5, 31.5, 28.0, 32.0 ] },
																				"south": { "texture": "#hide", "uv": [ 27.0, 31.5, 27.5, 32.0 ] },
																				"west": { "texture": "#hide", "uv": [ 26.5, 31.5, 27.0, 32.0 ] },
																				"up": { "texture": "#hide", "uv": [ 26.5, 31.0, 27.0, 31.5 ], "rotation": 90 },
																				"down": { "texture": "#hide", "uv": [ 26.5, 32.0, 27.0, 32.5 ], "rotation": 90 }
																			}
																		}
																	]
																}
															]
														}
													]
												}
											]
										}
									]
								}
							]
						},
						{
							"name": "tail",
							"from": [ 2.1, 1.9, 1.25 ],
							"to": [ 2.6, 3.0, 1.85 ],
							"unwrapMode": 3,
							"uv": [ 7.5, 28.5 ],
							"rotationOrigin": [ 2.4, 3.0, 1.55 ],
							"rotationZ": 28.0,
							"faces": {
								"north": { "texture": "#hide", "uv": [ 9.0, 29.0, 9.5, 30.0 ], "windMode": [-1,-1,-1,-1], "windData": [0,1,1,0] },
								"east": { "texture": "#hide", "uv": [ 8.5, 29.0, 9.0, 30.0 ], "windMode": [-1,-1,-1,-1], "windData": [0,1,1,0] },
								"south": { "texture": "#hide", "uv": [ 8.0, 29.0, 8.5, 30.0 ] },
								"west": { "texture": "#hide", "uv": [ 7.5, 29.0, 8.0, 30.0 ], "windMode": [-1,-1,-1,-1], "windData": [0,0,1,1] },
								"up": { "texture": "#hide", "uv": [ 8.0, 28.5, 8.5, 29.0 ], "windMode": [-1,-1,-1,-1], "windData": [1,1,1,1] },
								"down": { "texture": "#hide", "uv": [ 8.0, 30.0, 8.5, 30.5 ], "rotation": 180, "windMode": [-1,-1,-1,-1] }
							},
							"children": [
								{
									"name": "tail-end",
									"from": [ 0.0, -1.2, -0.05 ],
									"to": [ 0.6, 0.2, 0.65 ],
									"unwrapMode": 3,
									"uv": [ 10.5, 28.5 ],
									"rotationOrigin": [ 0.0, 0.2, 0.25 ],
									"rotationZ": -22.0,
									"faces": {
										"north": { "texture": "#hide", "uv": [ 12.0, 29.0, 12.5, 30.0 ] },
										"east": { "texture": "#hide", "uv": [ 11.5, 29.0, 12.0, 30.0 ] },
										"south": { "texture": "#hide", "uv": [ 11.0, 29.0, 11.5, 30.0 ] },
										"west": { "texture": "#hide", "uv": [ 10.5, 29.0, 11.0, 30.0 ] },
										"up": { "texture": "#hide", "uv": [ 11.0, 28.5, 11.5, 29.0 ], "windMode": [-1,-1,-1,-1], "windData": [1,1,1,1] },
										"down": { "texture": "#hide", "uv": [ 11.0, 30.0, 11.5, 30.5 ], "rotation": 180 }
									}
								}
							]
						},
						{
							"name": "R back Thigh",
							"from": [ 0.2, -0.7, -0.4 ],
							"to": [ 2.2, 2.5, 0.7 ],
							"unwrapMode": 1,
							"uv": [ 20.5, 15.5 ],
							"rotationOrigin": [ 1.3, 1.7, 0.1 ],
							"rotationX": -3.0,
							"rotationZ": -11.0,
							"faces": {
								"north": { "texture": "#hide", "uv": [ 21.5, 16.5, 23.5, 19.5 ] },
								"east": { "texture": "#hide", "uv": [ 20.5, 16.5, 21.5, 19.5 ] },
								"south": { "texture": "#hide", "uv": [ 24.5, 16.5, 26.5, 19.5 ] },
								"west": { "texture": "#hide", "uv": [ 23.5, 16.5, 24.5, 19.5 ] },
								"up": { "texture": "#hide", "uv": [ 21.5, 15.5, 23.5, 16.5 ], "rotation": 180 },
								"down": { "texture": "#hide", "uv": [ 21.5, 19.5, 23.5, 20.5 ] }
							},
							"children": [
								{
									"name": "R back Upper Arm",
									"from": [ 0.2, -2.7, 0.2 ],
									"to": [ 1.2, 0.4, 0.9 ],
									"unwrapMode": 1,
									"uv": [ 21.5, 21.0 ],
									"rotationOrigin": [ 0.7, 0.3, 0.6 ],
									"rotationX": -1.0,
									"rotationZ": 72.0,
									"faces": {
										"north": { "texture": "#hide", "uv": [ 22.0, 21.5, 23.0, 24.5 ] },
										"east": { "texture": "#hide", "uv": [ 21.5, 21.5, 22.0, 24.5 ] },
										"south": { "texture": "#hide", "uv": [ 23.5, 21.5, 24.5, 24.5 ] },
										"west": { "texture": "#hide", "uv": [ 23.0, 21.5, 23.5, 24.5 ] },
										"up": { "texture": "#hide", "uv": [ 22.0, 21.0, 23.0, 21.5 ], "rotation": 180 },
										"down": { "texture": "#hide", "uv": [ 22.0, 24.5, 23.0, 25.0 ] }
									},
									"children": [
										{
											"name": "R back lower arm",
											"from": [ 0.2, -2.5, 0.15 ],
											"to": [ 0.8, 0.6, 0.65 ],
											"unwrapMode": 1,
											"uv": [ 21.5, 25.5 ],
											"rotationOrigin": [ 0.6, 0.5, 0.4 ],
											"rotationX": 4.0,
											"rotationZ": -63.0,
											"faces": {
												"north": { "texture": "#hide", "uv": [ 22.0, 26.0, 22.5, 29.0 ] },
												"east": { "texture": "#hide", "uv": [ 21.5, 26.0, 22.0, 29.0 ] },
												"south": { "texture": "#hide", "uv": [ 23.0, 26.0, 23.5, 29.0 ] },
												"west": { "texture": "#hide", "uv": [ 22.5, 26.0, 23.0, 29.0 ] },
												"up": { "texture": "#hide", "uv": [ 22.0, 25.5, 22.5, 26.0 ], "rotation": 180 },
												"down": { "texture": "#hide", "uv": [ 22.0, 29.0, 22.5, 29.5 ] }
											},
											"children": [
												{
													"name": "R back pastern",
													"from": [ 0.0, -0.6, 0.05 ],
													"to": [ 0.5, 0.8, 0.55 ],
													"unwrapMode": 1,
													"uv": [ 21.5, 29.83 ],
													"rotationOrigin": [ 0.4, 0.7, 0.3 ],
													"rotationX": 1.0,
													"rotationZ": 1.0,
													"faces": {
														"north": { "texture": "#hide", "uv": [ 22.0, 30.5, 22.5, 31.5 ] },
														"east": { "texture": "#hide", "uv": [ 21.5, 30.5, 22.0, 31.5 ] },
														"south": { "texture": "#hide", "uv": [ 23.0, 30.5, 23.5, 31.5 ] },
														"west": { "texture": "#hide", "uv": [ 22.5, 30.5, 23.0, 31.5 ] },
														"up": { "texture": "#hide", "uv": [ 22.0, 30.0, 22.5, 30.5 ], "rotation": 180 },
														"down": { "texture": "#hide", "uv": [ 22.0, 31.5, 22.5, 32.0 ] }
													},
													"children": [
														{
															"name": "R origin hind hoof",
															"from": [ 0.3, 0.4, 0.3 ],
															"to": [ 0.3, 0.4, 0.3 ],
															"uv": [ 0.0, 0.0 ],
															"rotationOrigin": [ 0.3, 0.4, 0.3 ],
															"rotationZ": -23.0,
															"faces": {
															},
															"children": [
																{
																	"name": "R hind hoof 1",
																	"from": [ -0.9, -0.2, -0.25 ],
																	"to": [ -0.2, 0.1, 0.15 ],
																	"unwrapMode": 4,
																	"uv": [ 25.0, 33.5 ],
																	"rotationOrigin": [ -0.1, 0.0, 0.2 ],
																	"rotationZ": 55.0,
																	"faces": {
																		"north": { "texture": "#hide", "uv": [ 25.0, 34.0, 25.5, 34.5 ] },
																		"east": { "texture": "#hide", "uv": [ 26.5, 34.0, 27.0, 34.5 ] },
																		"south": { "texture": "#hide", "uv": [ 26.0, 34.0, 26.5, 34.5 ] },
																		"west": { "texture": "#hide", "uv": [ 25.5, 34.0, 26.0, 34.5 ] },
																		"up": { "texture": "#hide", "uv": [ 25.5, 33.5, 26.0, 34.0 ], "rotation": 90 },
																		"down": { "texture": "#hide", "uv": [ 25.5, 34.5, 26.0, 35.0 ], "rotation": 90 }
																	},
																	"children": [
																		{
																			"name": "R hind hoof 2",
																			"from": [ 0.05, -0.3, 0.0 ],
																			"to": [ 0.75, 0.0, 0.4 ],
																			"unwrapMode": 4,
																			"uv": [ 26.0, 34.5 ],
																			"rotationOrigin": [ 0.6509, -0.1, 0.4 ],
																			"rotationZ": -28.0,
																			"faces": {
																				"north": { "texture": "#hide", "uv": [ 26.0, 35.0, 26.5, 35.5 ] },
																				"east": { "texture": "#hide", "uv": [ 27.5, 35.0, 28.0, 35.5 ] },
																				"south": { "texture": "#hide", "uv": [ 27.0, 35.0, 27.5, 35.5 ] },
																				"west": { "texture": "#hide", "uv": [ 26.5, 35.0, 27.0, 35.5 ] },
																				"up": { "texture": "#hide", "uv": [ 26.5, 34.5, 27.0, 35.0 ], "rotation": 90 },
																				"down": { "texture": "#hide", "uv": [ 26.5, 35.5, 27.0, 36.0 ], "rotation": 90 }
																			}
																		}
																	]
																}
															]
														}
													]
												}
											]
										}
									]
								}
							]
						}
					]
				},
				{
					"name": "L front Thigh",
					"from": [ 0.4, -0.5, 2.7 ],
					"to": [ 2.2, 2.7, 3.6 ],
					"unwrapMode": 3,
					"uv": [ 19.0, 0.5 ],
					"rotationOrigin": [ 1.2, 1.1, 3.3 ],
					"rotationX": 3.0,
					"rotationZ": 20.0,
					"faces": {
						"north": { "texture": "#hide", "uv": [ 21.5, 1.0, 23.0, 4.0 ] },
						"east": { "texture": "#hide", "uv": [ 21.0, 1.0, 21.5, 4.0 ] },
						"south": { "texture": "#hide", "uv": [ 19.5, 1.0, 21.0, 4.0 ] },
						"west": { "texture": "#hide", "uv": [ 19.0, 1.0, 19.5, 4.0 ] },
						"up": { "texture": "#hide", "uv": [ 19.5, 0.5, 21.0, 1.0 ], "windMode": [-1,-1,-1,-1] },
						"down": { "texture": "#hide", "uv": [ 19.5, 4.0, 21.0, 4.5 ], "rotation": 180 }
					},
					"children": [
						{
							"name": "L front Upper Arm",
							"from": [ 0.3, -1.53, 0.1 ],
							"to": [ 1.1, 0.77, 0.7 ],
							"unwrapMode": 3,
							"uv": [ 19.5, 5.0 ],
							"rotationOrigin": [ 0.8, 0.3, 0.5 ],
							"rotationX": 1.0,
							"rotationZ": -27.0,
							"faces": {
								"north": { "texture": "#hide", "uv": [ 21.0, 5.5, 21.5, 7.5 ] },
								"east": { "texture": "#hide", "uv": [ 20.5, 5.5, 21.0, 7.5 ] },
								"south": { "texture": "#hide", "uv": [ 20.0, 5.5, 20.5, 7.5 ] },
								"west": { "texture": "#hide", "uv": [ 19.5, 5.5, 20.0, 7.5 ] },
								"up": { "texture": "#hide", "uv": [ 20.0, 5.0, 20.5, 5.5 ] },
								"down": { "texture": "#hide", "uv": [ 20.0, 7.5, 20.5, 8.0 ], "rotation": 180 }
							},
							"children": [
								{
									"name": "L front lower arm",
									"from": [ 0.1, -2.2, 0.05 ],
									"to": [ 0.6, 0.5, 0.55 ],
									"unwrapMode": 3,
									"uv": [ 19.5, 8.5 ],
									"rotationOrigin": [ 0.5, 0.3, 0.4 ],
									"rotationX": -3.0,
									"rotationZ": 10.0,
									"faces": {
										"north": { "texture": "#hide", "uv": [ 21.0, 9.0, 21.5, 11.5 ] },
										"east": { "texture": "#hide", "uv": [ 20.5, 9.0, 21.0, 11.5 ] },
										"south": { "texture": "#hide", "uv": [ 20.0, 9.0, 20.5, 11.5 ] },
										"west": { "texture": "#hide", "uv": [ 19.5, 9.0, 20.0, 11.5 ] },
										"up": { "texture": "#hide", "uv": [ 20.0, 8.5, 20.5, 9.0 ] },
										"down": { "texture": "#hide", "uv": [ 20.0, 11.5, 20.5, 12.0 ], "rotation": 180 }
									},
									"children": [
										{
											"name": "L front pastern",
											"from": [ 0.0, -0.9, 0.0 ],
											"to": [ 0.5, 0.5, 0.5 ],
											"unwrapMode": 3,
											"uv": [ 19.5, 12.5 ],
											"rotationOrigin": [ 0.0, 0.4, 0.3 ],
											"rotationX": -1.0,
											"rotationZ": -10.0,
											"faces": {
												"north": { "texture": "#hide", "uv": [ 21.0, 13.0, 21.5, 14.0 ] },
												"east": { "texture": "#hide", "uv": [ 20.5, 13.0, 21.0, 14.0 ] },
												"south": { "texture": "#hide", "uv": [ 20.0, 13.0, 20.5, 14.0 ] },
												"west": { "texture": "#hide", "uv": [ 19.5, 13.0, 20.0, 14.0 ] },
												"up": { "texture": "#hide", "uv": [ 20.0, 12.5, 20.5, 13.0 ] },
												"down": { "texture": "#hide", "uv": [ 20.0, 14.0, 20.5, 14.5 ], "rotation": 180 }
											},
											"children": [
												{
													"name": "L origin hoof",
													"from": [ 0.3, 0.4, 0.3 ],
													"to": [ 0.3, 0.4, 0.3 ],
													"uv": [ 0.0, 0.0 ],
													"rotationOrigin": [ 0.3, 0.4, 0.3 ],
													"rotationZ": -30.0,
													"faces": {
													},
													"children": [
														{
															"name": "L front hoof 1",
															"from": [ -0.9, -0.2, -0.25 ],
															"to": [ -0.2, 0.1, 0.05 ],
															"unwrapMode": 4,
															"uv": [ 25.0, 23.5 ],
															"rotationOrigin": [ -0.1, 0.0, 0.15 ],
															"rotationZ": 55.0,
															"faces": {
																"north": { "texture": "#hide", "uv": [ 25.0, 24.0, 25.5, 24.5 ] },
																"east": { "texture": "#hide", "uv": [ 26.5, 24.0, 27.0, 24.5 ] },
																"south": { "texture": "#hide", "uv": [ 26.0, 24.0, 26.5, 24.5 ] },
																"west": { "texture": "#hide", "uv": [ 25.5, 24.0, 26.0, 24.5 ] },
																"up": { "texture": "#hide", "uv": [ 25.5, 23.5, 26.0, 24.0 ], "rotation": 90 },
																"down": { "texture": "#hide", "uv": [ 25.5, 24.5, 26.0, 25.0 ], "rotation": 90 }
															},
															"children": [
																{
																	"name": "L front hoof 2",
																	"from": [ 0.05, -0.3, 0.0 ],
																	"to": [ 0.75, 0.0, 0.4 ],
																	"unwrapMode": 4,
																	"uv": [ 26.0, 24.5 ],
																	"rotationOrigin": [ 0.6509, -0.1, 0.4 ],
																	"rotationZ": -28.0,
																	"faces": {
																		"north": { "texture": "#hide", "uv": [ 26.0, 25.0, 26.5, 25.5 ] },
																		"east": { "texture": "#hide", "uv": [ 27.5, 25.0, 28.0, 25.5 ] },
																		"south": { "texture": "#hide", "uv": [ 27.0, 25.0, 27.5, 25.5 ] },
																		"west": { "texture": "#hide", "uv": [ 26.5, 25.0, 27.0, 25.5 ] },
																		"up": { "texture": "#hide", "uv": [ 26.5, 24.5, 27.0, 25.0 ], "rotation": 90 },
																		"down": { "texture": "#hide", "uv": [ 26.5, 25.5, 27.0, 26.0 ], "rotation": 90 }
																	}
																}
															]
														}
													]
												}
											]
										}
									]
								}
							]
						}
					]
				},
				{
					"name": "R front Thigh",
					"from": [ 0.4, -0.5, -0.3 ],
					"to": [ 2.2, 2.7, 0.6 ],
					"unwrapMode": 1,
					"uv": [ 23.5, 0.5 ],
					"rotationOrigin": [ 1.2, 1.1, 0.0 ],
					"rotationX": -3.0,
					"rotationZ": 15.0,
					"faces": {
						"north": { "texture": "#hide", "uv": [ 24.0, 1.0, 25.5, 4.0 ] },
						"east": { "texture": "#hide", "uv": [ 23.5, 1.0, 24.0, 4.0 ] },
						"south": { "texture": "#hide", "uv": [ 26.0, 1.0, 27.5, 4.0 ] },
						"west": { "texture": "#hide", "uv": [ 25.5, 1.0, 26.0, 4.0 ] },
						"up": { "texture": "#hide", "uv": [ 24.0, 0.5, 25.5, 1.0 ], "rotation": 180 },
						"down": { "texture": "#hide", "uv": [ 24.0, 4.0, 25.5, 4.5 ] }
					},
					"children": [
						{
							"name": "R front Upper Arm",
							"from": [ 0.3, -1.53, 0.1 ],
							"to": [ 1.1, 0.77, 0.7 ],
							"unwrapMode": 1,
							"uv": [ 24.0, 5.0 ],
							"rotationOrigin": [ 0.8, 0.3, 0.5 ],
							"rotationX": -1.0,
							"rotationZ": -29.0,
							"faces": {
								"north": { "texture": "#hide", "uv": [ 24.5, 5.5, 25.0, 7.5 ] },
								"east": { "texture": "#hide", "uv": [ 24.0, 5.5, 24.5, 7.5 ] },
								"south": { "texture": "#hide", "uv": [ 25.5, 5.5, 26.0, 7.5 ] },
								"west": { "texture": "#hide", "uv": [ 25.0, 5.5, 25.5, 7.5 ] },
								"up": { "texture": "#hide", "uv": [ 24.5, 5.0, 25.0, 5.5 ], "rotation": 180 },
								"down": { "texture": "#hide", "uv": [ 24.5, 7.5, 25.0, 8.0 ] }
							},
							"children": [
								{
									"name": "R front lower arm",
									"from": [ 0.1, -2.2, 0.05 ],
									"to": [ 0.6, 0.5, 0.55 ],
									"unwrapMode": 1,
									"uv": [ 24.0, 8.5 ],
									"rotationOrigin": [ 0.5, 0.3, 0.5 ],
									"rotationX": 3.0,
									"rotationZ": -4.0,
									"faces": {
										"north": { "texture": "#hide", "uv": [ 24.5, 9.0, 25.0, 11.5 ] },
										"east": { "texture": "#hide", "uv": [ 24.0, 9.0, 24.5, 11.5 ] },
										"south": { "texture": "#hide", "uv": [ 25.5, 9.0, 26.0, 11.5 ] },
										"west": { "texture": "#hide", "uv": [ 25.0, 9.0, 25.5, 11.5 ] },
										"up": { "texture": "#hide", "uv": [ 24.5, 8.5, 25.0, 9.0 ], "rotation": 180 },
										"down": { "texture": "#hide", "uv": [ 24.5, 11.5, 25.0, 12.0 ] }
									},
									"children": [
										{
											"name": "R front pastern",
											"from": [ 0.0, -0.9, 0.0 ],
											"to": [ 0.5, 0.5, 0.5 ],
											"unwrapMode": 1,
											"uv": [ 24.0, 12.5 ],
											"rotationOrigin": [ 0.0, 0.4, 0.3 ],
											"rotationX": 1.0,
											"rotationZ": -10.0,
											"faces": {
												"north": { "texture": "#hide", "uv": [ 24.5, 13.0, 25.0, 14.0 ] },
												"east": { "texture": "#hide", "uv": [ 24.0, 13.0, 24.5, 14.0 ] },
												"south": { "texture": "#hide", "uv": [ 25.5, 13.0, 26.0, 14.0 ] },
												"west": { "texture": "#hide", "uv": [ 25.0, 13.0, 25.5, 14.0 ] },
												"up": { "texture": "#hide", "uv": [ 24.5, 12.5, 25.0, 13.0 ], "rotation": 180 },
												"down": { "texture": "#hide", "uv": [ 24.5, 14.0, 25.0, 14.5 ] }
											},
											"children": [
												{
													"name": "R origin hoof",
													"from": [ 0.3, 0.4, 0.3 ],
													"to": [ 0.3, 0.4, 0.3 ],
													"uv": [ 0.0, 0.0 ],
													"rotationOrigin": [ 0.3, 0.4, 0.3 ],
													"rotationZ": -3.0,
													"faces": {
													},
													"children": [
														{
															"name": "R front hoof 1",
															"from": [ -0.9, -0.2, -0.25 ],
															"to": [ -0.2, 0.1, 0.15 ],
															"unwrapMode": 4,
															"uv": [ 25.0, 27.0 ],
															"rotationOrigin": [ -0.1, 0.0, 0.15 ],
															"rotationZ": 55.0,
															"faces": {
																"north": { "texture": "#hide", "uv": [ 25.0, 27.5, 25.5, 28.0 ] },
																"east": { "texture": "#hide", "uv": [ 26.5, 27.5, 27.0, 28.0 ] },
																"south": { "texture": "#hide", "uv": [ 26.0, 27.5, 26.5, 28.0 ] },
																"west": { "texture": "#hide", "uv": [ 25.5, 27.5, 26.0, 28.0 ] },
																"up": { "texture": "#hide", "uv": [ 25.5, 27.0, 26.0, 27.5 ], "rotation": 90 },
																"down": { "texture": "#hide", "uv": [ 25.5, 28.0, 26.0, 28.5 ], "rotation": 90 }
															},
															"children": [
																{
																	"name": "R front hoof 2",
																	"from": [ 0.05, -0.3, 0.0 ],
																	"to": [ 0.75, 0.0, 0.4 ],
																	"unwrapMode": 4,
																	"uv": [ 26.0, 28.0 ],
																	"rotationOrigin": [ 0.6509, -0.1, 0.4 ],
																	"rotationZ": -28.0,
																	"faces": {
																		"north": { "texture": "#hide", "uv": [ 26.0, 28.5, 26.5, 29.0 ] },
																		"east": { "texture": "#hide", "uv": [ 27.5, 28.5, 28.0, 29.0 ] },
																		"south": { "texture": "#hide", "uv": [ 27.0, 28.5, 27.5, 29.0 ] },
																		"west": { "texture": "#hide", "uv": [ 26.5, 28.5, 27.0, 29.0 ] },
																		"up": { "texture": "#hide", "uv": [ 26.5, 28.0, 27.0, 28.5 ], "rotation": 90 },
																		"down": { "texture": "#hide", "uv": [ 26.5, 29.0, 27.0, 29.5 ], "rotation": 90 }
																	}
																}
															]
														}
													]
												}
											]
										}
									]
								}
							]
						}
					]
				},
				{
					"name": "Cube2",
					"from": [ 2.5, 0.0, 0.1 ],
					"to": [ 5.5, 3.0, 3.1 ],
					"unwrapMode": 7,
					"unwrapRotation": 1,
					"autoUnwrap": false,
					"uv": [ 0.5, 18.0 ],
					"rotationOrigin": [ 2.5, 2.0, 0.1 ],
					"rotationZ": -7.0,
					"faces": {
						"north": { "texture": "#hide", "uv": [ 6.5, 21.0, 9.5, 24.0 ], "rotation": 90 },
						"east": { "texture": "#hide", "uv": [ 8.0, 32.0, 11.0, 35.0 ], "windMode": [-1,-1,-1,-1] },
						"south": { "texture": "#hide", "uv": [ 0.5, 21.0, 3.5, 24.0 ], "rotation": 270 },
						"west": { "texture": "#hide", "uv": [ 4.5, 32.0, 7.5, 35.0 ], "rotation": 180, "windMode": [-1,-1,-1,-1] },
						"up": { "texture": "#hide", "uv": [ 3.5, 21.0, 6.5, 24.0 ], "rotation": 270 },
						"down": { "texture": "#hide", "uv": [ 9.5, 21.0, 12.5, 24.0 ], "rotation": 90 }
					}
				}
			],
			"attachmentpoints": [
				{
					"code": "Center",
					"posX": "4.0","posY": "2.0","posZ": "3.0",
					"rotationX": "0.0","rotationY": "0.0","rotationZ": "0.0"
				}
			]
		}
	]}