{
	"code": "rotPile",
	"class": "BlockRotPile",
	"entityClass": "BlockEntityRotPile",
	"creativeinventory": { "general": [""], "decorative": [""] },
	"behaviors": [
		{ "name": "UnstableFalling" }
	],
	"blockmaterial": "Soil",
	"lightAbsorption": 0,
	"sidesolid": { "all": false },
	"sideopaque": { "all": false },
	"textures": {
		"rot": { "base": "gespiles:block/rot"}
	},
	"replaceable": 100,
	"resistance": 2,
	"collisionbox": { "x1": 0, "y1": 0, "x2": 1, "y2": 0, "z2": 1 },
	"selectionbox": { "x1": 0, "y1": 0, "x2": 1, "y2": 0, "z2": 1 },
	"drops": [],
	"materialDensity": 600
}