{
	"editor": {
		"collapsedPaths": ",Root/TankFloor,Root/TankWalls,Root/TankWalls/TankWindowWall",
		"allAngles": false,
		"entityTextureMode": false
	},
	"textureWidth": 16,
	"textureHeight": 16,
	"textureSizes": {
	},
	"textures": {
		"fill-redcurrant": "block/food/pie/fill-redcurrant"
	},
	"elements": [
		{
			"name": "WindowLiquid",
			"from": [ 4.0, -2.99, 12.999 ],
			"to": [ 12.0, 0.01, 13.999 ],
			"renderPass": 4,
			"rotationOrigin": [ 4.0, -2.99, 12.999 ],
			"faces": {
				"south": { "texture": "#fill-redcurrant", "uv": [ 4.0, 1.0, 12.0, 4.0 ], "windMode": [-1,-1,-1,-1] }
			}
		}
	]}