{
	"editor": {
		"collapsedPaths": ",Root/TankFloor,Root/TankWalls,Root/TankWalls/TankWindowWall",
		"allAngles": false,
		"entityTextureMode": false
	},
	"textureWidth": 16,
	"textureHeight": 16,
	"textureSizes": {
	},
	"textures": {
		"fill-redcurrant": "block/food/pie/fill-redcurrant"
	},
	"elements": [
		{
			"name": "Liquid",
			"from": [ 4.0, 0.01, 1.999 ],
			"to": [ 12.0, 1.01, 13.999 ],
			"renderPass": 4,
			"rotationOrigin": [ 4.0, 0.0, 2.0 ],
			"faces": {
				"up": { "texture": "#fill-redcurrant", "uv": [ 4.0, 2.0, 12.0, 14.0 ], "windMode": [-1,-1,-1,-1] }
			},
			"children": [
				{
					"name": "Liquid2",
					"from": [ 1.0, 0.0, -0.5 ],
					"to": [ 7.0, 1.0, 0.0 ],
					"renderPass": 4,
					"rotationOrigin": [ 1.0, -0.01, 0.0 ],
					"faces": {
						"up": { "texture": "#fill-redcurrant", "uv": [ 5.0, 1.5, 11.0, 2.0 ], "windMode": [-1,-1,-1,-1] }
					}
				},
				{
					"name": "Liquid3",
					"from": [ 2.0, 0.0, -1.0 ],
					"to": [ 6.0, 1.0, -0.5 ],
					"renderPass": 4,
					"rotationOrigin": [ 2.0, -0.01, 0.0 ],
					"faces": {
						"up": { "texture": "#fill-redcurrant", "uv": [ 6.0, 1.0, 10.0, 1.5 ], "windMode": [-1,-1,-1,-1] }
					}
				},
				{
					"name": "Liquid4",
					"from": [ -1.5, 0.0, 0.5 ],
					"to": [ 0.0, 1.0, 11.5 ],
					"renderPass": 4,
					"rotationOrigin": [ -2.0, -0.01, 1.0 ],
					"faces": {
						"up": { "texture": "#fill-redcurrant", "uv": [ 2.5, 2.5, 4.0, 13.5 ], "windMode": [-1,-1,-1,-1] }
					}
				},
				{
					"name": "Liquid5",
					"from": [ 8.0, 0.0, 0.5 ],
					"to": [ 9.5, 1.0, 11.5 ],
					"renderPass": 4,
					"rotationOrigin": [ 7.0, -0.01, 1.0 ],
					"faces": {
						"up": { "texture": "#fill-redcurrant", "uv": [ 12.0, 2.5, 13.5, 13.5 ], "windMode": [-1,-1,-1,-1] }
					}
				},
				{
					"name": "Liquid6",
					"from": [ -2.5, 0.0, 2.5 ],
					"to": [ -1.5, 1.0, 9.5 ],
					"renderPass": 4,
					"rotationOrigin": [ -3.0, -0.01, 3.0 ],
					"faces": {
						"up": { "texture": "#fill-redcurrant", "uv": [ 1.5, 4.5, 2.5, 11.5 ], "windMode": [-1,-1,-1,-1] }
					}
				},
				{
					"name": "Liquid7",
					"from": [ 9.5, 0.0, 2.5 ],
					"to": [ 10.5, 1.0, 9.5 ],
					"renderPass": 4,
					"rotationOrigin": [ 9.0, -0.01, 3.0 ],
					"faces": {
						"up": { "texture": "#fill-redcurrant", "uv": [ 13.5, 4.5, 14.5, 11.5 ], "windMode": [-1,-1,-1,-1] }
					}
				},
				{
					"name": "Liquid8",
					"from": [ -3.0, 0.0, 4.5 ],
					"to": [ -2.5, 1.0, 7.5 ],
					"renderPass": 4,
					"rotationOrigin": [ -3.0, -0.01, 5.0 ],
					"faces": {
						"up": { "texture": "#fill-redcurrant", "uv": [ 1.0, 6.5, 1.5, 9.5 ], "windMode": [-1,-1,-1,-1] }
					}
				},
				{
					"name": "Liquid9",
					"from": [ 10.5, 0.0, 4.5 ],
					"to": [ 11.0, 1.0, 7.5 ],
					"renderPass": 4,
					"rotationOrigin": [ 10.0, -0.01, 5.0 ],
					"faces": {
						"up": { "texture": "#fill-redcurrant", "uv": [ 14.5, 6.5, 15.0, 9.5 ], "windMode": [-1,-1,-1,-1] }
					}
				},
				{
					"name": "WindowLiquid",
					"from": [ 0.0, 0.0, 11.0 ],
					"to": [ 8.0, 1.0, 12.0 ],
					"renderPass": 4,
					"rotationOrigin": [ 0.0, 0.0, 11.0 ],
					"faces": {
						"south": { "texture": "#fill-redcurrant", "uv": [ 4.0, 0.0, 12.0, 1.0 ], "windMode": [-1,-1,-1,-1] }
					}
				}
			]
		}
	]}