{
	"editor": {
		"allAngles": false,
		"entityTextureMode": false
	},
	"textureWidth": 16,
	"textureHeight": 16,
	"textureSizes": {
	},
	"textures": {
	},
	"elements": [
		{
			"name": "sign",
			"from": [ 1.0, 15.0, 0.0 ],
			"to": [ 47.0, 47.0, 1.0 ],
			"rotationOrigin": [ 7.0, 14.0, 0.0 ],
			"faces": {
				"north": { "texture": "#sign", "uv": [ 0.0, 0.0, 16.0, 14.0 ], "autoUv": false },
				"east": { "texture": "#sign", "uv": [ 0.0, 0.0, 1.0, 32.0 ] },
				"south": { "texture": "#sign", "uv": [ 0.0, 0.0, 16.0, 14.0 ], "autoUv": false, "windMode": [-1,-1,-1,-1] },
				"west": { "texture": "#sign", "uv": [ 0.0, 0.0, 1.0, 32.0 ] },
				"up": { "texture": "#sign", "uv": [ 1.0, 8.0, 16.0, 9.0 ], "rotation": 180, "autoUv": false, "windMode": [-1,-1,-1,-1] },
				"down": { "texture": "#sign", "uv": [ 0.0, 0.0, 16.0, 1.0 ], "autoUv": false, "windMode": [-1,-1,-1,-1] }
			},
			"children": [
				{
					"name": "frame1",
					"from": [ -1.0, -15.0, 0.0 ],
					"to": [ 0.0, 32.0, 2.0 ],
					"rotationOrigin": [ -1.0, -15.0, 0.0 ],
					"faces": {
						"north": { "texture": "#frame", "uv": [ 0.0, 0.0, 1.0, 16.0 ], "autoUv": false },
						"east": { "texture": "#frame", "uv": [ 0.0, 0.0, 2.0, 16.0 ], "autoUv": false },
						"south": { "texture": "#frame", "uv": [ 0.0, 0.0, 1.0, 16.0 ], "autoUv": false },
						"west": { "texture": "#frame", "uv": [ 0.0, 0.0, 2.0, 16.0 ], "autoUv": false },
						"up": { "texture": "#frame", "uv": [ 0.0, 0.0, 1.0, 2.0 ] },
						"down": { "texture": "#frame", "uv": [ 0.0, 0.0, 1.0, 2.0 ] }
					}
				},
				{
					"name": "frame2",
					"from": [ 46.0, -15.0, 0.0 ],
					"to": [ 47.0, 32.0, 2.0 ],
					"rotationOrigin": [ 14.0, -15.0, 0.0 ],
					"faces": {
						"north": { "texture": "#frame", "uv": [ 0.0, 0.0, 1.0, 16.0 ], "autoUv": false },
						"east": { "texture": "#frame", "uv": [ 0.0, 0.0, 2.0, 16.0 ], "autoUv": false },
						"south": { "texture": "#frame", "uv": [ 0.0, 0.0, 1.0, 16.0 ], "autoUv": false },
						"west": { "texture": "#frame", "uv": [ 0.0, 0.0, 2.0, 16.0 ], "autoUv": false },
						"up": { "texture": "#frame", "uv": [ 0.0, 0.0, 1.0, 2.0 ] },
						"down": { "texture": "#frame", "uv": [ 0.0, 0.0, 1.0, 2.0 ] }
					}
				},
				{
					"name": "frame3",
					"from": [ 0.0, 32.0, 0.0 ],
					"to": [ 1.0, 78.0, 2.0 ],
					"rotationOrigin": [ 0.0, 32.0, 0.0 ],
					"rotationZ": -90.0,
					"faces": {
						"north": { "texture": "#frame", "uv": [ 0.0, 0.0, 1.0, 16.0 ], "autoUv": false },
						"east": { "texture": "#frame", "uv": [ 0.0, 0.0, 2.0, 16.0 ], "autoUv": false, "windMode": [-1,-1,-1,-1] },
						"south": { "texture": "#frame", "uv": [ 0.0, 0.0, 1.0, 16.0 ], "autoUv": false, "windMode": [-1,-1,-1,-1] },
						"west": { "texture": "#frame", "uv": [ 0.0, 0.0, 2.0, 16.0 ], "autoUv": false, "windMode": [-1,-1,-1,-1] },
						"up": { "texture": "#frame", "uv": [ 0.0, 0.0, 1.0, 2.0 ] },
						"down": { "texture": "#frame", "uv": [ 0.0, 0.0, 1.0, 2.0 ] }
					}
				},
				{
					"name": "frame4",
					"from": [ 0.0, 0.0, 0.0 ],
					"to": [ 1.0, 46.0, 2.0 ],
					"rotationOrigin": [ 0.0, 0.0, 0.0 ],
					"rotationZ": -90.0,
					"faces": {
						"north": { "texture": "#frame", "uv": [ 0.0, 0.0, 1.0, 16.0 ], "autoUv": false },
						"east": { "texture": "#frame", "uv": [ 0.0, 0.0, 2.0, 16.0 ], "autoUv": false, "windMode": [-1,-1,-1,-1] },
						"south": { "texture": "#frame", "uv": [ 0.0, 0.0, 1.0, 16.0 ], "autoUv": false, "windMode": [-1,-1,-1,-1] },
						"west": { "texture": "#frame", "uv": [ 0.0, 0.0, 2.0, 16.0 ], "autoUv": false, "windMode": [-1,-1,-1,-1] },
						"up": { "texture": "#frame", "uv": [ 0.0, 0.0, 1.0, 2.0 ] },
						"down": { "texture": "#frame", "uv": [ 0.0, 0.0, 1.0, 2.0 ] }
					}
				}
			]
		}
	]}