[
  {
    "op": "addmerge",
    "file": "rustboundmagic:itemtypes/wearable/armorarm.json",
    "path": "/behaviors",
    "value": [
      {
        "name": "EnchantmentBehavior",
        "properties": {
          "enchantable": true
        }
      }
    ],
    "side": "server"
  },
  {
    "op": "addmerge",
    "file": "rustboundmagic:itemtypes/wearable/armorbody.json",
    "path": "/behaviors",
    "value": [
      {
        "name": "EnchantmentBehavior",
        "properties": {
          "enchantable": true
        }
      }
    ],
    "side": "server"
  },
  {
    "op": "addmerge",
    "file": "rustboundmagic:itemtypes/wearable/armorhead.json",
    "path": "/behaviors",
    "value": [
      {
        "name": "EnchantmentBehavior",
        "properties": {
          "enchantable": true,
          "protection": 0
        }
      }
    ],
    "side": "server"
  },
  {
    "op": "addmerge",
    "file": "rustboundmagic:itemtypes/wearable/armorlegs.json",
    "path": "/behaviors",
    "value": [
      {
        "name": "EnchantmentBehavior",
        "properties": {
          "enchantable": true
        }
      }
    ],
    "side": "server"
  }
]