[
  {
    "ingredientPattern": "P_P,LMN",
    "width": 3,
    "height": 2,
    "ingredients": {
      "P": {
        "type": "item",
        "code": "primitivesurvival:cordage",
        "quantity": 2
      },
      "L": { "type": "block", "code": "wildcrafttree:log-*", "quantity": 1 },
      "M": { "type": "block", "code": "wildcrafttree:log-*", "quantity": 1 },
      "N": { "type": "block", "code": "wildcrafttree:log-*", "quantity": 1 }
    },
    "output": {
      "type": "block",
      "code": "primitivesurvival:raft-north",
      "quantity": 1
    }
  }
]
