﻿{
  "code": "firearm",
  "class": "Firearms:Muzzleloader",
  "variantgroups": [{"code": "type", "states": ["blunderbussdb"]}, {"code": "material", "states": ["steel"]}],
  "creativeinventory": {"general": ["*"],"extrafirearms":["*"]},
  "maxstacksize": 1,
  "durabilityByType": {"*-rusted": 10, "*": 600},
  "rackable": true,
  "tool": "bow",
  "behaviors": [
    {
      "name": "GroundStorable",
      "properties": {
        "layout": "WallHalves",
        "wallOffY": 2,
        "sprintKey": true,
        "selectionBox": {"x1": 0, "y1": 0, "z1": 0, "x2": 1, "y2": 0.1, "z2": 1},
        "collisionBox": {"x1": 0, "y1": 0, "z1": 0, "x2": 0, "y2": 0, "z2": 0}
      }
    },
    {"name": "CombatOverhaul:AnimatableAttachable", "properties": {"animated-shape": "extrafirearms:firearms/doublebarrelblunderbuss"}}
  ],
  "attributes": {
    "toolrackTransform": {"translation": {"x": 0.9, "y": 0.55, "z": 0.5}, "rotation": {"x": 0, "y": 95, "z": -90}, "origin": {"x": 0, "y": 0, "z": 0}, "scale": 1.34},
    "groundStorageTransform": {"translation": {"x": 0.5, "y": 0.37, "z": 0.78}, "rotation": {"x": 103, "y": 1, "z": -121}, "origin": {"x": 0, "y": 0, "z": 0}, "scale": 0.81},
    "inViceTransform": {"translation": {"x": -0.35, "y": -0.08, "z": 0.01}, "rotation": {"x": 0, "y": -90, "z": 0}, "origin": {"x": 0, "y": 0, "z": 0}},
    "inWallmountTransform": {
      "Translation": {"X": -0.2, "Y": 0.02, "Z": -0.04},
      "Rotation": {"X": 90, "Y": -86.3, "Z": 90},
      "Origin": {"X": 0, "Y": 0, "Z": 0},
      "Rotate": true,
      "ScaleXYZ": {"X": 0.81, "Y": 0.81, "Z": 0.81}
    },
    "inWeaponrackTransform": {
      "Translation": {"X": 0, "Y": -0.06, "Z": 0.09},
      "Rotation": {"X": 76, "Y": 0, "Z": 0},
      "Origin": {"X": 0, "Y": 0, "Z": 0},
      "Rotate": true,
      "ScaleXYZ": {"X": 0.81, "Y": 0.81, "Z": 0.81}
    },
    "inPistolstandTransform": {
      "Translation": {"X": -0.2, "Y": -0.07, "Z": 0.02},
      "Rotation": {"X": 90, "Y": -93, "Z": 109},
      "Origin": {"X": 0, "Y": 0, "Z": 0},
      "Rotate": true,
      "ScaleXYZ": {"X": 0.81, "Y": 0.81, "Z": 0.81}
    },
    "BulletDamageMultiplier": 2,
    "BulletDamageStrength": 5,
    "BulletTransform": {"translation": {"x": -2.2, "y": 0.2, "z": -2.2}, "rotation": {"x": 0, "y": 0, "z": 0}, "scale": 0.3},
    "FlaskTransform": {"Translation": {"X": 0, "Y": 0, "Z": 0}, "Rotation": {"X": 0, "Y": 0, "Z": 0}, "Origin": {"X": 0, "Y": 0, "Z": 0}, "Scale": 1},
    "WaddingTransform": {"Translation": {"x": 0, "y": 0, "z": 0}, "Rotation": {"x": 0, "y": 0, "z": 0}, "Origin": {"X": 0, "Y": 0, "Z": 0}, "scale": 1},
    "PrimingEquipmentTransform": {"Translation": {"X": 0, "Y": 0, "Z": 0}, "Rotation": {"X": 0, "Y": 0, "Z": 0}, "Origin": {"X": 0, "Y": 0, "Z": 0}, "Scale": 1},
    "ProficiencyStat": "firearmsProficiency",
    "IdleAnimation": "maltiezfirearms:firearms-shoulder",
    "ReadyAnimation": "maltiezfirearms:firearms-ready",
    "LoadAnimation": [ "extrafirearms:firearms-blunderbuss-flintlock-load-2", "extrafirearms:firearms-blunderbuss-flintlock-load-1" ],
    "PrimeAnimation": "extrafirearms:firearms-blunderbuss-flintlock-prime-temp",
    "AimAnimation": "maltiezfirearms:firearms-blunderbuss-flintlock-aim",
    "ShootAnimation": [ "extrafirearms:firearms-blunderbuss-flintlock-shoot-1", "extrafirearms:firearms-blunderbuss-flintlock-shoot-2" ],
    "LoadedAnimation": [ "extrafirearms:firearms-blunderbuss-flintlock-loaded" ],
    "PrimedAnimation": "extrafirearms:firearms-blunderbuss-flintlock-primed",
    "CockedAnimation": [ "maltiezfirearms:firearms-blunderbuss-flintlock-cocked" ],
    "LoadTpAnimation": "arquebus-load",
    "PrimeTpAnimation": "arquebus-prime",
    "AimTpAnimation": "arquebus-aim",
    "MagazineSize": 24,
    "BulletLoadedPerReload": 12,
    "BulletsFiredPerShot": 12,
    "WaddingUsedPerReload": 2,
    "LoadPowderConsumption": 9,
    "PrimePowderConsumption": 1,
    "PrimingRequirementWildcard": "",
    "PrimingRequirementMessage": "maltiezfirearms:requirement-missing-cocking-lever",
    "BulletWildcard": "*pellet-*",
    "Aiming": {
      "AimDifficulty": 1,
      "CursorType": "None",
      "AccuracyOvertimeSec": 0,
      "ZeroingAngle": 0,
      "AllowSprint": false,
      "MoveSpeedPenalty": 0.1,
      "AimDrift": 40,
      "AimTwitch": 0,
      "AnimationFollowX": 5.5,
      "AnimationFollowY": 5.5,
      "VerticalLimit": 0.25,
      "VerticalOffset": -0.05
    },
    "BulletVelocity": 8,
    "DispersionMOA": [120, 120],
    "Zeroing": 0.25,
    "CancelReloadOnInAir": true,
    "LoadSpeedPenalty": -2
  },
  "shape": {"base": "extrafirearms:firearms/doublebarrelblunderbuss"},
  "heldTpHitAnimation": "firearmsempty",
  "heldLeftTpIdleAnimation": "firearmsempty",
  "heldLeftReadyAnimation": "firearmsempty",
  "heldRightReadyAnimation": "firearmsempty",
  "heldOldTpIdleAnimation": "firearmsempty",
  "heldTpUseAnimation": "firearmsempty",
  "guiTransform": {
    "translation": {"x": 0, "y": 0, "z": 0},
    "rotation": {"x": -19, "y": 24, "z": -180},
    "origin": {"x": -0.48, "y": -0.4, "z": -1.4},
    "scaleXyz": {"x": -1.95, "y": 1.95, "z": 1.95}
  },
  "tpHandTransform": {"translation": {"x": 0, "y": 0, "z": 0}, "rotation": {"x": 0, "y": -90, "z": 0}, "origin": {"x": 0, "y": 0, "z": 0}, "scale": 0.8},
  "groundTransform": {"translation": {"x": 0, "y": 0.05, "z": 0}, "rotation": {"x": 0, "y": 0, "z": 90}, "origin": {"x": 0, "y": 0, "z": 0}, "scale": 4.8}
}