{
  "code": "firearm",
  "class": "Firearms:Muzzleloader",
  "creativeinventory": {"general": ["*"],"extrafirearms":["*"]},
  "variantgroups": [{"code": "type", "states": ["pistolextrawl"]}, {"code": "material", "states": ["iron"]}],
  "maxstacksize": 1,
  "storageFlags": 257,
  "durabilityByType": {"*": 800},
  "rackable": true,
  "tool": "bow",
  "behaviors": [
    {
      "name": "GroundStorable",
      "properties": {
        "layout": "Quadrants",
        "wallOffY": 1,
        "sprintKey": true,
        "selectionBox": {"x1": 0, "y1": 0, "z1": 0, "x2": 1, "y2": 0.1, "z2": 1},
        "collisionBox": {"x1": 0, "y1": 0, "z1": 0, "x2": 0, "y2": 0, "z2": 0}
      }
    },
    {"name": "CombatOverhaul:AnimatableAttachable", "properties": {"animated-shape": "maltiezfirearms:firearms/pistol"}}
  ],
  "attributes": {
    "toolrackTransform": {"translation": {"x": 1.05, "y": 0.55, "z": 0.5}, "rotation": {"x": -1, "y": 95, "z": -90}, "origin": {"x": 0, "y": 0, "z": 0}, "scale": 1.34},
    "groundStorageTransform": {"translation": {"x": 0.7, "y": 0.04, "z": 0.7}, "rotation": {"x": 0, "y": 57, "z": 90}, "origin": {"x": 0, "y": 0, "z": 0}, "scale": 0.8},
    "inPistolstandTransform": {"translation": {"x": -0.25, "y": -0.05, "z": 0}, "rotation": {"x": 90, "y": -96, "z": 103}, "origin": {"x": 0, "y": 0, "z": 0}, "scale": 0.81},
    "BulletDamageMultiplier": 1.5,
    "BulletDamageStrength": 4,
    "BulletTransform": {"translation": {"x": -2.2, "y": 0.2, "z": -2.2}, "rotation": {"x": 0, "y": 0, "z": 0}, "scale": 0.3},
    "FlaskTransform": {"Translation": {"X": 0, "Y": 0, "Z": 0}, "Rotation": {"X": 0, "Y": 0, "Z": 0}, "Origin": {"X": 0, "Y": 0, "Z": 0}, "Scale": 1},
    "WaddingTransform": {"Translation": {"x": 0, "y": 0, "z": 0}, "Rotation": {"x": 0, "y": 0, "z": 0}, "Origin": {"X": 0, "Y": 0, "Z": 0}, "scale": 1},
    "PrimingEquipmentTransform": {"Translation": {"X": 0, "Y": 0, "Z": 0}, "Rotation": {"X": 0, "Y": 0, "Z": 0}, "Origin": {"X": 0, "Y": 0, "Z": 0}, "Scale": 1},
    "ProficiencyStat": "firearmsProficiency",
    "IdleAnimation": "maltiezfirearms:firearms-pistol-idle",
    "ReadyAnimation": "maltiezfirearms:firearms-pistol-ready",
    "IdleAnimationOffhand": "maltiezfirearms:firearms-pistol-idle-offhand",
    "ReadyAnimationOffhand": "maltiezfirearms:firearms-pistol-ready-offhand",
    "LoadAnimation": ["maltiezfirearms:firearms-pistol-load"],
    "PrimeAnimation": "maltiezfirearms:firearms-pistol-prime",
    "AimAnimation": "maltiezfirearms:firearms-pistol-aim",
    "AimAnimationOffhand": "maltiezfirearms:firearms-pistol-aim-offhand",
    "ShootAnimation": ["maltiezfirearms:firearms-pistol-shoot"],
    "ShootAnimationOffhand": ["maltiezfirearms:firearms-pistol-shoot-offhand"],
    "LoadedAnimation": [ "maltiezfirearms:firearms-pistol-loaded" ],
    "PrimedAnimation": "maltiezfirearms:firearms-pistol-primed",
    "LoadTpAnimation": "",
    "PrimeTpAnimation": "",
    "AimTpAnimation": "",
    "MagazineSize": 1,
    "BulletLoadedPerReload": 1,
    "WaddingUsedPerReload": 1,
    "LoadPowderConsumption": 3,
    "PrimePowderConsumption": 1,
    "PrimingRequirementWildcard": "*cockinglever-*",
    "PrimingRequirementMessage": "maltiezfirearms:requirement-missing-cocking-lever",
    "BulletWildcard": "*bullet-*",
    "Aiming": {
      "AimDifficulty": 1,
      "CursorType": "None",
      "AccuracyOvertimeSec": 0,
      "AllowSprint": false,
      "MoveSpeedPenalty": 0.1,
      "AimDrift": 5,
      "AimTwitch": 2,
      "AnimationFollowX": 5.5,
      "AnimationFollowY": 5.5,
      "VerticalLimit": 0.25,
      "VerticalOffset": -0.05
    },
    "LoadSpeedPenalty": -0.3,
    "BulletVelocity": 4,
    "DispersionMOA": [90, 90],
    "Zeroing": -1.25,
    "CancelReloadOnInAir": true
  },
  "shape": {"base": "maltiezfirearms:firearms/pistol"},
  "texturesByType": {
    "*-tarnished": {
      "metal": {"base": "game:block/metal/tarnished/tinbronze"},
      "brass": {"base": "game:block/metal/tarnished/brass"},
      "wood": {"base": "game:block/wood/debarked/aged"}
    },
    "*": {"metal": {"base": "game:block/metal/plate/{material}"}}
  },
  "guiTransform": {
    "translation": {"x": 0, "y": 0, "z": 0},
    "rotation": {"x": -27, "y": 30, "z": -180},
    "origin": {"x": -0.38, "y": -0.34, "z": -0.9},
    "scaleXyz": {"x": -2.22, "y": 2.22, "z": 2.22}
  },
  "tpHandTransform": {"translation": {"x": 0, "y": 0, "z": 0}, "rotation": {"x": 0, "y": -90, "z": 0}, "origin": {"x": 0, "y": 0, "z": 0}, "scale": 0.8},
  "groundTransform": {"translation": {"x": 0, "y": 0.05, "z": 0}, "rotation": {"x": 0, "y": 0, "z": 90}, "origin": {"x": 0, "y": 0, "z": 0}, "scale": 4.8},
  "tpOffHandTransform": {"translation": {"x": -0.12, "y": -0.05, "z": 0}, "rotation": {"x": 90, "y": 0, "z": -90}, "origin": {"x": 0, "y": 0, "z": 0}, "scale": 0.8}
}