{
	"editor": {
		"allAngles": false,
		"entityTextureMode": false
	},
	"textureWidth": 32,
	"textureHeight": 32,
	"textureSizes": {
		"0": [32,32],
		"1": [32,32],
		"2": [32,32],
		"3": [32,32],
		"4": [32,32],
		"5": [32,32],
		"6": [32,32],
		"7": [32,32],
		"8": [32,32]
	},
	"textures": {
		"8": "C:/Games/Vintagestory/Mods/decorbazaar/assets/decor/textures/block/bazaar/fabric/toothbrush",
		"0": "block/clay/crock/flintporceilan",
		"1": "block/clay/vessel/sides/burned",
		"2": "block/clay/vessel/sides/seasalt",
		"6": "block/metal/ingot/brass",
		"7": "block/metal/ingot/stainlesssteel",
		"5": "block/wood/planks/acacia1",
		"3": "block/wood/planks/aged1",
		"4": "block/wood/planks/baldcypress1"
	},
	"elements": [
		{
			"name": "brush",
			"from": [ 0.0, 0.0, 0.0 ],
			"to": [ 0.0, 0.0, 0.0 ],
			"rotationOrigin": [ 3.5, 1.6719, 12.7656 ],
			"rotationY": 67.5,
			"faces": {
				"north": { "texture": "#", "uv": [ 0.0, 0.0, 0.0, 0.0 ] },
				"east": { "texture": "#", "uv": [ 0.0, 0.0, 0.0, 0.0 ] },
				"south": { "texture": "#", "uv": [ 0.0, 0.0, 0.0, 0.0 ] },
				"west": { "texture": "#", "uv": [ 0.0, 0.0, 0.0, 0.0 ] },
				"up": { "texture": "#", "uv": [ 0.0, 0.0, 0.0, 0.0 ] },
				"down": { "texture": "#", "uv": [ 0.0, 0.0, 0.0, 0.0 ] }
			},
			"children": [
				{
					"name": "cube8",
					"from": [ 1.0, 0.0, 10.0 ],
					"to": [ 6.0, 1.0, 15.0 ],
					"rotationOrigin": [ -1.0, 0.0, 16.0 ],
					"faces": {
						"north": { "texture": "#4", "uv": [ 0.0, 1.0, 20.0, 4.0 ], "autoUv": false },
						"east": { "texture": "#4", "uv": [ 0.0, 1.0, 20.0, 4.0 ], "autoUv": false },
						"south": { "texture": "#4", "uv": [ 0.0, 1.0, 20.0, 4.0 ], "autoUv": false },
						"west": { "texture": "#4", "uv": [ 0.0, 1.0, 20.0, 4.0 ], "autoUv": false },
						"up": { "texture": "#4", "uv": [ 1.0, 1.0, 16.0, 16.0 ], "autoUv": false },
						"down": { "texture": "#4", "uv": [ 1.0, 1.0, 16.0, 16.0 ], "autoUv": false }
					}
				},
				{
					"name": "cube9",
					"from": [ 1.0, 1.0, 14.5 ],
					"to": [ 1.3, 2.5, 14.8 ],
					"rotationOrigin": [ -1.0, 0.0, 16.0 ],
					"faces": {
						"north": { "texture": "#0", "uv": [ 0.0, 0.0, 2.3, 7.5 ], "autoUv": false },
						"east": { "texture": "#0", "uv": [ 0.0, 0.0, 2.3, 7.5 ], "autoUv": false },
						"south": { "texture": "#0", "uv": [ 0.0, 0.0, 2.3, 7.5 ], "autoUv": false },
						"west": { "texture": "#0", "uv": [ 0.0, 0.0, 2.3, 7.5 ], "autoUv": false },
						"up": { "texture": "#0", "uv": [ 0.0, 0.0, 2.3, 6.3 ], "autoUv": false },
						"down": { "texture": "#0", "uv": [ 0.0, 0.0, 2.3, 6.3 ], "autoUv": false }
					}
				},
				{
					"name": "cube10",
					"from": [ 1.0, 1.0, 13.5 ],
					"to": [ 1.3, 2.5, 13.8 ],
					"rotationOrigin": [ -1.0, 0.0, 16.0 ],
					"faces": {
						"north": { "texture": "#0", "uv": [ 0.0, 0.0, 2.3, 7.5 ], "autoUv": false },
						"east": { "texture": "#0", "uv": [ 0.0, 0.0, 2.3, 7.5 ], "autoUv": false },
						"south": { "texture": "#0", "uv": [ 0.0, 0.0, 2.3, 7.5 ], "autoUv": false },
						"west": { "texture": "#0", "uv": [ 0.0, 0.0, 2.3, 7.5 ], "autoUv": false },
						"up": { "texture": "#0", "uv": [ 0.0, 0.0, 2.3, 6.3 ], "autoUv": false },
						"down": { "texture": "#0", "uv": [ 0.0, 0.0, 2.3, 6.3 ], "autoUv": false }
					}
				},
				{
					"name": "cube11",
					"from": [ 1.0, 1.0, 12.5 ],
					"to": [ 1.3, 2.5, 12.8 ],
					"rotationOrigin": [ -1.0, 0.0, 16.0 ],
					"faces": {
						"north": { "texture": "#0", "uv": [ 0.0, 0.0, 2.3, 7.5 ], "autoUv": false },
						"east": { "texture": "#0", "uv": [ 0.0, 0.0, 2.3, 7.5 ], "autoUv": false },
						"south": { "texture": "#0", "uv": [ 0.0, 0.0, 2.3, 7.5 ], "autoUv": false },
						"west": { "texture": "#0", "uv": [ 0.0, 0.0, 2.3, 7.5 ], "autoUv": false },
						"up": { "texture": "#0", "uv": [ 0.0, 0.0, 2.3, 6.3 ], "autoUv": false },
						"down": { "texture": "#0", "uv": [ 0.0, 0.0, 2.3, 6.3 ], "autoUv": false }
					}
				},
				{
					"name": "cube12",
					"from": [ 1.0, 1.0, 11.5 ],
					"to": [ 1.3, 2.5, 11.8 ],
					"rotationOrigin": [ -1.0, 0.0, 16.0 ],
					"faces": {
						"north": { "texture": "#0", "uv": [ 0.0, 0.0, 2.3, 7.5 ], "autoUv": false },
						"east": { "texture": "#0", "uv": [ 0.0, 0.0, 2.3, 7.5 ], "autoUv": false },
						"south": { "texture": "#0", "uv": [ 0.0, 0.0, 2.3, 7.5 ], "autoUv": false },
						"west": { "texture": "#0", "uv": [ 0.0, 0.0, 2.3, 7.5 ], "autoUv": false },
						"up": { "texture": "#0", "uv": [ 0.0, 0.0, 2.3, 6.3 ], "autoUv": false },
						"down": { "texture": "#0", "uv": [ 0.0, 0.0, 2.3, 6.3 ], "autoUv": false }
					}
				},
				{
					"name": "cube13",
					"from": [ 1.0, 1.0, 10.5 ],
					"to": [ 1.3, 2.5, 10.8 ],
					"rotationOrigin": [ -1.0, 0.0, 16.0 ],
					"faces": {
						"north": { "texture": "#0", "uv": [ 0.0, 0.0, 2.3, 7.5 ], "autoUv": false },
						"east": { "texture": "#0", "uv": [ 0.0, 0.0, 2.3, 7.5 ], "autoUv": false },
						"south": { "texture": "#0", "uv": [ 0.0, 0.0, 2.3, 7.5 ], "autoUv": false },
						"west": { "texture": "#0", "uv": [ 0.0, 0.0, 2.3, 7.5 ], "autoUv": false },
						"up": { "texture": "#0", "uv": [ 0.0, 0.0, 2.3, 6.3 ], "autoUv": false },
						"down": { "texture": "#0", "uv": [ 0.0, 0.0, 2.3, 6.3 ], "autoUv": false }
					}
				},
				{
					"name": "cube14",
					"from": [ 1.7, 1.0, 10.5 ],
					"to": [ 2.0, 2.5, 10.8 ],
					"rotationOrigin": [ -1.0, 0.0, 16.0 ],
					"faces": {
						"north": { "texture": "#0", "uv": [ 0.0, 0.0, 2.3, 7.5 ], "autoUv": false },
						"east": { "texture": "#0", "uv": [ 0.0, 0.0, 2.3, 7.5 ], "autoUv": false },
						"south": { "texture": "#0", "uv": [ 0.0, 0.0, 2.3, 7.5 ], "autoUv": false },
						"west": { "texture": "#0", "uv": [ 0.0, 0.0, 2.3, 7.5 ], "autoUv": false },
						"up": { "texture": "#0", "uv": [ 0.0, 0.0, 2.3, 6.3 ], "autoUv": false },
						"down": { "texture": "#0", "uv": [ 0.0, 0.0, 2.3, 6.3 ], "autoUv": false }
					}
				},
				{
					"name": "cube15",
					"from": [ 2.7, 1.0, 10.5 ],
					"to": [ 3.0, 2.5, 10.8 ],
					"rotationOrigin": [ -1.0, 0.0, 16.0 ],
					"faces": {
						"north": { "texture": "#0", "uv": [ 0.0, 0.0, 2.3, 7.5 ], "autoUv": false },
						"east": { "texture": "#0", "uv": [ 0.0, 0.0, 2.3, 7.5 ], "autoUv": false },
						"south": { "texture": "#0", "uv": [ 0.0, 0.0, 2.3, 7.5 ], "autoUv": false },
						"west": { "texture": "#0", "uv": [ 0.0, 0.0, 2.3, 7.5 ], "autoUv": false },
						"up": { "texture": "#0", "uv": [ 0.0, 0.0, 2.3, 6.3 ], "autoUv": false },
						"down": { "texture": "#0", "uv": [ 0.0, 0.0, 2.3, 6.3 ], "autoUv": false }
					}
				},
				{
					"name": "cube16",
					"from": [ 4.0, 1.0, 10.5 ],
					"to": [ 4.3, 2.5, 10.8 ],
					"rotationOrigin": [ -1.0, 0.0, 16.0 ],
					"faces": {
						"north": { "texture": "#0", "uv": [ 0.0, 0.0, 2.3, 7.5 ], "autoUv": false },
						"east": { "texture": "#0", "uv": [ 0.0, 0.0, 2.3, 7.5 ], "autoUv": false },
						"south": { "texture": "#0", "uv": [ 0.0, 0.0, 2.3, 7.5 ], "autoUv": false },
						"west": { "texture": "#0", "uv": [ 0.0, 0.0, 2.3, 7.5 ], "autoUv": false },
						"up": { "texture": "#0", "uv": [ 0.0, 0.0, 2.3, 6.3 ], "autoUv": false },
						"down": { "texture": "#0", "uv": [ 0.0, 0.0, 2.3, 6.3 ], "autoUv": false }
					}
				},
				{
					"name": "cube17",
					"from": [ 5.0, 1.0, 10.5 ],
					"to": [ 5.3, 2.5, 10.8 ],
					"rotationOrigin": [ -1.0, 0.0, 16.0 ],
					"faces": {
						"north": { "texture": "#0", "uv": [ 0.0, 0.0, 2.3, 7.5 ], "autoUv": false },
						"east": { "texture": "#0", "uv": [ 0.0, 0.0, 2.3, 7.5 ], "autoUv": false },
						"south": { "texture": "#0", "uv": [ 0.0, 0.0, 2.3, 7.5 ], "autoUv": false },
						"west": { "texture": "#0", "uv": [ 0.0, 0.0, 2.3, 7.5 ], "autoUv": false },
						"up": { "texture": "#0", "uv": [ 0.0, 0.0, 2.3, 6.3 ], "autoUv": false },
						"down": { "texture": "#0", "uv": [ 0.0, 0.0, 2.3, 6.3 ], "autoUv": false }
					}
				},
				{
					"name": "cube18",
					"from": [ 5.7, 1.0, 10.5 ],
					"to": [ 6.0, 2.5, 10.8 ],
					"rotationOrigin": [ -1.0, 0.0, 16.0 ],
					"faces": {
						"north": { "texture": "#0", "uv": [ 0.0, 0.0, 2.3, 7.5 ], "autoUv": false },
						"east": { "texture": "#0", "uv": [ 0.0, 0.0, 2.3, 7.5 ], "autoUv": false },
						"south": { "texture": "#0", "uv": [ 0.0, 0.0, 2.3, 7.5 ], "autoUv": false },
						"west": { "texture": "#0", "uv": [ 0.0, 0.0, 2.3, 7.5 ], "autoUv": false },
						"up": { "texture": "#0", "uv": [ 0.0, 0.0, 2.3, 6.3 ], "autoUv": false },
						"down": { "texture": "#0", "uv": [ 0.0, 0.0, 2.3, 6.3 ], "autoUv": false }
					}
				},
				{
					"name": "cube19",
					"from": [ 2.7, 1.0, 11.5 ],
					"to": [ 3.0, 2.5, 11.8 ],
					"rotationOrigin": [ -1.0, 0.0, 16.0 ],
					"faces": {
						"north": { "texture": "#0", "uv": [ 0.0, 0.0, 2.3, 7.5 ], "autoUv": false },
						"east": { "texture": "#0", "uv": [ 0.0, 0.0, 2.3, 7.5 ], "autoUv": false },
						"south": { "texture": "#0", "uv": [ 0.0, 0.0, 2.3, 7.5 ], "autoUv": false },
						"west": { "texture": "#0", "uv": [ 0.0, 0.0, 2.3, 7.5 ], "autoUv": false },
						"up": { "texture": "#0", "uv": [ 0.0, 0.0, 2.3, 6.3 ], "autoUv": false },
						"down": { "texture": "#0", "uv": [ 0.0, 0.0, 2.3, 6.3 ], "autoUv": false }
					}
				},
				{
					"name": "cube20",
					"from": [ 2.7, 1.0, 12.5 ],
					"to": [ 3.0, 2.5, 12.8 ],
					"rotationOrigin": [ -1.0, 0.0, 16.0 ],
					"faces": {
						"north": { "texture": "#0", "uv": [ 0.0, 0.0, 2.3, 7.5 ], "autoUv": false },
						"east": { "texture": "#0", "uv": [ 0.0, 0.0, 2.3, 7.5 ], "autoUv": false },
						"south": { "texture": "#0", "uv": [ 0.0, 0.0, 2.3, 7.5 ], "autoUv": false },
						"west": { "texture": "#0", "uv": [ 0.0, 0.0, 2.3, 7.5 ], "autoUv": false },
						"up": { "texture": "#0", "uv": [ 0.0, 0.0, 2.3, 6.3 ], "autoUv": false },
						"down": { "texture": "#0", "uv": [ 0.0, 0.0, 2.3, 6.3 ], "autoUv": false }
					}
				},
				{
					"name": "cube21",
					"from": [ 2.7, 1.0, 13.5 ],
					"to": [ 3.0, 2.5, 13.8 ],
					"rotationOrigin": [ -1.0, 0.0, 16.0 ],
					"faces": {
						"north": { "texture": "#0", "uv": [ 0.0, 0.0, 2.3, 7.5 ], "autoUv": false },
						"east": { "texture": "#0", "uv": [ 0.0, 0.0, 2.3, 7.5 ], "autoUv": false },
						"south": { "texture": "#0", "uv": [ 0.0, 0.0, 2.3, 7.5 ], "autoUv": false },
						"west": { "texture": "#0", "uv": [ 0.0, 0.0, 2.3, 7.5 ], "autoUv": false },
						"up": { "texture": "#0", "uv": [ 0.0, 0.0, 2.3, 6.3 ], "autoUv": false },
						"down": { "texture": "#0", "uv": [ 0.0, 0.0, 2.3, 6.3 ], "autoUv": false }
					}
				},
				{
					"name": "cube22",
					"from": [ 2.7, 1.0, 14.5 ],
					"to": [ 3.0, 2.5, 14.8 ],
					"rotationOrigin": [ -1.0, 0.0, 16.0 ],
					"faces": {
						"north": { "texture": "#0", "uv": [ 0.0, 0.0, 2.3, 7.5 ], "autoUv": false },
						"east": { "texture": "#0", "uv": [ 0.0, 0.0, 2.3, 7.5 ], "autoUv": false },
						"south": { "texture": "#0", "uv": [ 0.0, 0.0, 2.3, 7.5 ], "autoUv": false },
						"west": { "texture": "#0", "uv": [ 0.0, 0.0, 2.3, 7.5 ], "autoUv": false },
						"up": { "texture": "#0", "uv": [ 0.0, 0.0, 2.3, 6.3 ], "autoUv": false },
						"down": { "texture": "#0", "uv": [ 0.0, 0.0, 2.3, 6.3 ], "autoUv": false }
					}
				},
				{
					"name": "cube23",
					"from": [ 1.7, 1.0, 11.5 ],
					"to": [ 2.0, 2.5, 11.8 ],
					"rotationOrigin": [ -1.0, 0.0, 16.0 ],
					"faces": {
						"north": { "texture": "#0", "uv": [ 0.0, 0.0, 2.3, 7.5 ], "autoUv": false },
						"east": { "texture": "#0", "uv": [ 0.0, 0.0, 2.3, 7.5 ], "autoUv": false },
						"south": { "texture": "#0", "uv": [ 0.0, 0.0, 2.3, 7.5 ], "autoUv": false },
						"west": { "texture": "#0", "uv": [ 0.0, 0.0, 2.3, 7.5 ], "autoUv": false },
						"up": { "texture": "#0", "uv": [ 0.0, 0.0, 2.3, 6.3 ], "autoUv": false },
						"down": { "texture": "#0", "uv": [ 0.0, 0.0, 2.3, 6.3 ], "autoUv": false }
					}
				},
				{
					"name": "cube24",
					"from": [ 1.7, 1.0, 12.5 ],
					"to": [ 2.0, 2.5, 12.8 ],
					"rotationOrigin": [ -1.0, 0.0, 16.0 ],
					"faces": {
						"north": { "texture": "#0", "uv": [ 0.0, 0.0, 2.3, 7.5 ], "autoUv": false },
						"east": { "texture": "#0", "uv": [ 0.0, 0.0, 2.3, 7.5 ], "autoUv": false },
						"south": { "texture": "#0", "uv": [ 0.0, 0.0, 2.3, 7.5 ], "autoUv": false },
						"west": { "texture": "#0", "uv": [ 0.0, 0.0, 2.3, 7.5 ], "autoUv": false },
						"up": { "texture": "#0", "uv": [ 0.0, 0.0, 2.3, 6.3 ], "autoUv": false },
						"down": { "texture": "#0", "uv": [ 0.0, 0.0, 2.3, 6.3 ], "autoUv": false }
					}
				},
				{
					"name": "cube25",
					"from": [ 1.7, 1.0, 13.5 ],
					"to": [ 2.0, 2.5, 13.8 ],
					"rotationOrigin": [ -1.0, 0.0, 16.0 ],
					"faces": {
						"north": { "texture": "#0", "uv": [ 0.0, 0.0, 2.3, 7.5 ], "autoUv": false },
						"east": { "texture": "#0", "uv": [ 0.0, 0.0, 2.3, 7.5 ], "autoUv": false },
						"south": { "texture": "#0", "uv": [ 0.0, 0.0, 2.3, 7.5 ], "autoUv": false },
						"west": { "texture": "#0", "uv": [ 0.0, 0.0, 2.3, 7.5 ], "autoUv": false },
						"up": { "texture": "#0", "uv": [ 0.0, 0.0, 2.3, 6.3 ], "autoUv": false },
						"down": { "texture": "#0", "uv": [ 0.0, 0.0, 2.3, 6.3 ], "autoUv": false }
					}
				},
				{
					"name": "cube26",
					"from": [ 1.7, 1.0, 14.5 ],
					"to": [ 2.0, 2.5, 14.8 ],
					"rotationOrigin": [ -1.0, 0.0, 16.0 ],
					"faces": {
						"north": { "texture": "#0", "uv": [ 0.0, 0.0, 2.3, 7.5 ], "autoUv": false },
						"east": { "texture": "#0", "uv": [ 0.0, 0.0, 2.3, 7.5 ], "autoUv": false },
						"south": { "texture": "#0", "uv": [ 0.0, 0.0, 2.3, 7.5 ], "autoUv": false },
						"west": { "texture": "#0", "uv": [ 0.0, 0.0, 2.3, 7.5 ], "autoUv": false },
						"up": { "texture": "#0", "uv": [ 0.0, 0.0, 2.3, 6.3 ], "autoUv": false },
						"down": { "texture": "#0", "uv": [ 0.0, 0.0, 2.3, 6.3 ], "autoUv": false }
					}
				},
				{
					"name": "cube27",
					"from": [ 4.0, 1.0, 11.5 ],
					"to": [ 4.3, 2.5, 11.8 ],
					"rotationOrigin": [ -1.0, 0.0, 16.0 ],
					"faces": {
						"north": { "texture": "#0", "uv": [ 0.0, 0.0, 2.3, 7.5 ], "autoUv": false },
						"east": { "texture": "#0", "uv": [ 0.0, 0.0, 2.3, 7.5 ], "autoUv": false },
						"south": { "texture": "#0", "uv": [ 0.0, 0.0, 2.3, 7.5 ], "autoUv": false },
						"west": { "texture": "#0", "uv": [ 0.0, 0.0, 2.3, 7.5 ], "autoUv": false },
						"up": { "texture": "#0", "uv": [ 0.0, 0.0, 2.3, 6.3 ], "autoUv": false },
						"down": { "texture": "#0", "uv": [ 0.0, 0.0, 2.3, 6.3 ], "autoUv": false }
					}
				},
				{
					"name": "cube28",
					"from": [ 4.0, 1.0, 12.5 ],
					"to": [ 4.3, 2.5, 12.8 ],
					"rotationOrigin": [ -1.0, 0.0, 16.0 ],
					"faces": {
						"north": { "texture": "#0", "uv": [ 0.0, 0.0, 2.3, 7.5 ], "autoUv": false },
						"east": { "texture": "#0", "uv": [ 0.0, 0.0, 2.3, 7.5 ], "autoUv": false },
						"south": { "texture": "#0", "uv": [ 0.0, 0.0, 2.3, 7.5 ], "autoUv": false },
						"west": { "texture": "#0", "uv": [ 0.0, 0.0, 2.3, 7.5 ], "autoUv": false },
						"up": { "texture": "#0", "uv": [ 0.0, 0.0, 2.3, 6.3 ], "autoUv": false },
						"down": { "texture": "#0", "uv": [ 0.0, 0.0, 2.3, 6.3 ], "autoUv": false }
					}
				},
				{
					"name": "cube29",
					"from": [ 4.0, 1.0, 13.5 ],
					"to": [ 4.3, 2.5, 13.8 ],
					"rotationOrigin": [ -1.0, 0.0, 16.0 ],
					"faces": {
						"north": { "texture": "#0", "uv": [ 0.0, 0.0, 2.3, 7.5 ], "autoUv": false },
						"east": { "texture": "#0", "uv": [ 0.0, 0.0, 2.3, 7.5 ], "autoUv": false },
						"south": { "texture": "#0", "uv": [ 0.0, 0.0, 2.3, 7.5 ], "autoUv": false },
						"west": { "texture": "#0", "uv": [ 0.0, 0.0, 2.3, 7.5 ], "autoUv": false },
						"up": { "texture": "#0", "uv": [ 0.0, 0.0, 2.3, 6.3 ], "autoUv": false },
						"down": { "texture": "#0", "uv": [ 0.0, 0.0, 2.3, 6.3 ], "autoUv": false }
					}
				},
				{
					"name": "cube30",
					"from": [ 4.0, 1.0, 14.5 ],
					"to": [ 4.3, 2.5, 14.8 ],
					"rotationOrigin": [ -1.0, 0.0, 16.0 ],
					"faces": {
						"north": { "texture": "#0", "uv": [ 0.0, 0.0, 2.3, 7.5 ], "autoUv": false },
						"east": { "texture": "#0", "uv": [ 0.0, 0.0, 2.3, 7.5 ], "autoUv": false },
						"south": { "texture": "#0", "uv": [ 0.0, 0.0, 2.3, 7.5 ], "autoUv": false },
						"west": { "texture": "#0", "uv": [ 0.0, 0.0, 2.3, 7.5 ], "autoUv": false },
						"up": { "texture": "#0", "uv": [ 0.0, 0.0, 2.3, 6.3 ], "autoUv": false },
						"down": { "texture": "#0", "uv": [ 0.0, 0.0, 2.3, 6.3 ], "autoUv": false }
					}
				},
				{
					"name": "cube31",
					"from": [ 5.0, 1.0, 11.5 ],
					"to": [ 5.3, 2.5, 11.8 ],
					"rotationOrigin": [ -1.0, 0.0, 16.0 ],
					"faces": {
						"north": { "texture": "#0", "uv": [ 0.0, 0.0, 2.3, 7.5 ], "autoUv": false },
						"east": { "texture": "#0", "uv": [ 0.0, 0.0, 2.3, 7.5 ], "autoUv": false },
						"south": { "texture": "#0", "uv": [ 0.0, 0.0, 2.3, 7.5 ], "autoUv": false },
						"west": { "texture": "#0", "uv": [ 0.0, 0.0, 2.3, 7.5 ], "autoUv": false },
						"up": { "texture": "#0", "uv": [ 0.0, 0.0, 2.3, 6.3 ], "autoUv": false },
						"down": { "texture": "#0", "uv": [ 0.0, 0.0, 2.3, 6.3 ], "autoUv": false }
					}
				},
				{
					"name": "cube32",
					"from": [ 5.0, 1.0, 12.5 ],
					"to": [ 5.3, 2.5, 12.8 ],
					"rotationOrigin": [ -1.0, 0.0, 16.0 ],
					"faces": {
						"north": { "texture": "#0", "uv": [ 0.0, 0.0, 2.3, 7.5 ], "autoUv": false },
						"east": { "texture": "#0", "uv": [ 0.0, 0.0, 2.3, 7.5 ], "autoUv": false },
						"south": { "texture": "#0", "uv": [ 0.0, 0.0, 2.3, 7.5 ], "autoUv": false },
						"west": { "texture": "#0", "uv": [ 0.0, 0.0, 2.3, 7.5 ], "autoUv": false },
						"up": { "texture": "#0", "uv": [ 0.0, 0.0, 2.3, 6.3 ], "autoUv": false },
						"down": { "texture": "#0", "uv": [ 0.0, 0.0, 2.3, 6.3 ], "autoUv": false }
					}
				},
				{
					"name": "cube33",
					"from": [ 5.0, 1.0, 13.5 ],
					"to": [ 5.3, 2.5, 13.8 ],
					"rotationOrigin": [ -1.0, 0.0, 16.0 ],
					"faces": {
						"north": { "texture": "#0", "uv": [ 0.0, 0.0, 2.3, 7.5 ], "autoUv": false },
						"east": { "texture": "#0", "uv": [ 0.0, 0.0, 2.3, 7.5 ], "autoUv": false },
						"south": { "texture": "#0", "uv": [ 0.0, 0.0, 2.3, 7.5 ], "autoUv": false },
						"west": { "texture": "#0", "uv": [ 0.0, 0.0, 2.3, 7.5 ], "autoUv": false },
						"up": { "texture": "#0", "uv": [ 0.0, 0.0, 2.3, 6.3 ], "autoUv": false },
						"down": { "texture": "#0", "uv": [ 0.0, 0.0, 2.3, 6.3 ], "autoUv": false }
					}
				},
				{
					"name": "cube34",
					"from": [ 5.0, 1.0, 14.5 ],
					"to": [ 5.3, 2.5, 14.8 ],
					"rotationOrigin": [ -1.0, 0.0, 16.0 ],
					"faces": {
						"north": { "texture": "#0", "uv": [ 0.0, 0.0, 2.3, 7.5 ], "autoUv": false },
						"east": { "texture": "#0", "uv": [ 0.0, 0.0, 2.3, 7.5 ], "autoUv": false },
						"south": { "texture": "#0", "uv": [ 0.0, 0.0, 2.3, 7.5 ], "autoUv": false },
						"west": { "texture": "#0", "uv": [ 0.0, 0.0, 2.3, 7.5 ], "autoUv": false },
						"up": { "texture": "#0", "uv": [ 0.0, 0.0, 2.3, 6.3 ], "autoUv": false },
						"down": { "texture": "#0", "uv": [ 0.0, 0.0, 2.3, 6.3 ], "autoUv": false }
					}
				},
				{
					"name": "cube35",
					"from": [ 5.7, 1.0, 11.5 ],
					"to": [ 6.0, 2.5, 11.8 ],
					"rotationOrigin": [ -1.0, 0.0, 16.0 ],
					"faces": {
						"north": { "texture": "#0", "uv": [ 0.0, 0.0, 2.3, 7.5 ], "autoUv": false },
						"east": { "texture": "#0", "uv": [ 0.0, 0.0, 2.3, 7.5 ], "autoUv": false },
						"south": { "texture": "#0", "uv": [ 0.0, 0.0, 2.3, 7.5 ], "autoUv": false },
						"west": { "texture": "#0", "uv": [ 0.0, 0.0, 2.3, 7.5 ], "autoUv": false },
						"up": { "texture": "#0", "uv": [ 0.0, 0.0, 2.3, 6.3 ], "autoUv": false },
						"down": { "texture": "#0", "uv": [ 0.0, 0.0, 2.3, 6.3 ], "autoUv": false }
					}
				},
				{
					"name": "cube36",
					"from": [ 5.7, 1.0, 12.5 ],
					"to": [ 6.0, 2.5, 12.8 ],
					"rotationOrigin": [ -1.0, 0.0, 16.0 ],
					"faces": {
						"north": { "texture": "#0", "uv": [ 0.0, 0.0, 2.3, 7.5 ], "autoUv": false },
						"east": { "texture": "#0", "uv": [ 0.0, 0.0, 2.3, 7.5 ], "autoUv": false },
						"south": { "texture": "#0", "uv": [ 0.0, 0.0, 2.3, 7.5 ], "autoUv": false },
						"west": { "texture": "#0", "uv": [ 0.0, 0.0, 2.3, 7.5 ], "autoUv": false },
						"up": { "texture": "#0", "uv": [ 0.0, 0.0, 2.3, 6.3 ], "autoUv": false },
						"down": { "texture": "#0", "uv": [ 0.0, 0.0, 2.3, 6.3 ], "autoUv": false }
					}
				},
				{
					"name": "cube37",
					"from": [ 5.7, 1.0, 13.5 ],
					"to": [ 6.0, 2.5, 13.8 ],
					"rotationOrigin": [ -1.0, 0.0, 16.0 ],
					"faces": {
						"north": { "texture": "#0", "uv": [ 0.0, 0.0, 2.3, 7.5 ], "autoUv": false },
						"east": { "texture": "#0", "uv": [ 0.0, 0.0, 2.3, 7.5 ], "autoUv": false },
						"south": { "texture": "#0", "uv": [ 0.0, 0.0, 2.3, 7.5 ], "autoUv": false },
						"west": { "texture": "#0", "uv": [ 0.0, 0.0, 2.3, 7.5 ], "autoUv": false },
						"up": { "texture": "#0", "uv": [ 0.0, 0.0, 2.3, 6.3 ], "autoUv": false },
						"down": { "texture": "#0", "uv": [ 0.0, 0.0, 2.3, 6.3 ], "autoUv": false }
					}
				},
				{
					"name": "cube38",
					"from": [ 5.7, 1.0, 14.5 ],
					"to": [ 6.0, 2.5, 14.8 ],
					"rotationOrigin": [ -1.0, 0.0, 16.0 ],
					"faces": {
						"north": { "texture": "#0", "uv": [ 0.0, 0.0, 2.3, 7.5 ], "autoUv": false },
						"east": { "texture": "#0", "uv": [ 0.0, 0.0, 2.3, 7.5 ], "autoUv": false },
						"south": { "texture": "#0", "uv": [ 0.0, 0.0, 2.3, 7.5 ], "autoUv": false },
						"west": { "texture": "#0", "uv": [ 0.0, 0.0, 2.3, 7.5 ], "autoUv": false },
						"up": { "texture": "#0", "uv": [ 0.0, 0.0, 2.3, 6.3 ], "autoUv": false },
						"down": { "texture": "#0", "uv": [ 0.0, 0.0, 2.3, 6.3 ], "autoUv": false }
					}
				},
				{
					"name": "cube7",
					"from": [ 3.0, 0.0, 15.0 ],
					"to": [ 4.0, 1.0, 18.0 ],
					"rotationOrigin": [ -1.0, 0.0, 16.0 ],
					"faces": {
						"north": { "texture": "#4", "uv": [ 7.0, 3.0, 11.0, 6.0 ], "autoUv": false },
						"east": { "texture": "#4", "uv": [ 1.0, 2.0, 13.0, 5.0 ], "autoUv": false },
						"south": { "texture": "#4", "uv": [ 7.0, 3.0, 10.0, 6.0 ], "autoUv": false },
						"west": { "texture": "#4", "uv": [ 1.0, 2.0, 15.0, 5.0 ], "autoUv": false },
						"up": { "texture": "#4", "uv": [ 1.0, 2.0, 4.0, 12.0 ], "autoUv": false },
						"down": { "texture": "#4", "uv": [ 1.0, 2.0, 4.0, 12.0 ], "autoUv": false }
					}
				}
			]
		},
		{
			"name": "bone",
			"from": [ 0.0, 0.0, 0.0 ],
			"to": [ 0.0, 0.0, 0.0 ],
			"rotationOrigin": [ 8.0, 0.0, 8.0 ],
			"faces": {
				"north": { "texture": "#", "uv": [ 0.0, 0.0, 0.0, 0.0 ] },
				"east": { "texture": "#", "uv": [ 0.0, 0.0, 0.0, 0.0 ] },
				"south": { "texture": "#", "uv": [ 0.0, 0.0, 0.0, 0.0 ] },
				"west": { "texture": "#", "uv": [ 0.0, 0.0, 0.0, 0.0 ] },
				"up": { "texture": "#", "uv": [ 0.0, 0.0, 0.0, 0.0 ] },
				"down": { "texture": "#", "uv": [ 0.0, 0.0, 0.0, 0.0 ] }
			},
			"children": [
				{
					"name": "cube51",
					"from": [ 10.0, 0.0, 2.0 ],
					"to": [ 11.0, 10.0, 3.0 ],
					"rotationOrigin": [ 12.0, 7.0, 2.5 ],
					"rotationZ": 22.5,
					"faces": {
						"north": { "texture": "#5", "uv": [ 0.0, 0.0, 3.0, 20.0 ], "autoUv": false },
						"east": { "texture": "#5", "uv": [ 0.0, 0.0, 3.0, 20.0 ], "autoUv": false },
						"south": { "texture": "#5", "uv": [ 0.0, 0.0, 3.0, 20.0 ], "autoUv": false },
						"west": { "texture": "#5", "uv": [ 0.0, 0.0, 3.0, 20.0 ], "autoUv": false },
						"up": { "texture": "#5", "uv": [ 0.0, 0.0, 3.0, 3.0 ], "autoUv": false },
						"down": { "texture": "#5", "uv": [ 0.0, 0.0, 3.0, 3.0 ], "autoUv": false }
					}
				},
				{
					"name": "cube52",
					"from": [ 11.0, 8.0, 2.0 ],
					"to": [ 12.0, 10.0, 3.0 ],
					"rotationOrigin": [ 12.0, 7.0, 2.5 ],
					"rotationZ": 22.5,
					"faces": {
						"north": { "texture": "#8", "uv": [ 1.0, 3.0, 4.0, 9.0 ], "autoUv": false },
						"east": { "texture": "#8", "uv": [ 7.0, 2.0, 10.0, 8.0 ], "autoUv": false },
						"south": { "texture": "#8", "uv": [ 1.0, 3.0, 4.0, 9.0 ], "autoUv": false },
						"west": { "texture": "#8", "uv": [ 1.0, 3.0, 4.0, 9.0 ], "autoUv": false },
						"up": { "texture": "#8", "uv": [ 0.0, 1.0, 3.0, 4.0 ], "autoUv": false },
						"down": { "texture": "#8", "uv": [ 0.0, 1.0, 3.0, 4.0 ], "autoUv": false }
					}
				},
				{
					"name": "cube53",
					"from": [ 10.5, 0.0, 3.0 ],
					"to": [ 11.5, 10.0, 4.0 ],
					"rotationOrigin": [ 12.5, 7.0, 3.5 ],
					"rotationX": -17.5,
					"rotationY": -90.0,
					"faces": {
						"north": { "texture": "#5", "uv": [ 0.0, 0.0, 3.0, 20.0 ], "autoUv": false },
						"east": { "texture": "#5", "uv": [ 0.0, 0.0, 3.0, 20.0 ], "autoUv": false },
						"south": { "texture": "#5", "uv": [ 0.0, 0.0, 3.0, 20.0 ], "autoUv": false },
						"west": { "texture": "#5", "uv": [ 0.0, 0.0, 3.0, 20.0 ], "autoUv": false },
						"up": { "texture": "#5", "uv": [ 0.0, 0.0, 3.0, 3.0 ], "autoUv": false },
						"down": { "texture": "#5", "uv": [ 0.0, 0.0, 3.0, 3.0 ], "autoUv": false }
					}
				},
				{
					"name": "cube54",
					"from": [ 11.5, 8.0, 3.0 ],
					"to": [ 12.5, 10.0, 4.0 ],
					"rotationOrigin": [ 12.5, 7.0, 3.5 ],
					"rotationX": -17.5,
					"rotationY": -90.0,
					"faces": {
						"north": { "texture": "#8", "uv": [ 0.0, 1.0, 3.0, 8.0 ], "autoUv": false },
						"east": { "texture": "#8", "uv": [ 7.0, 2.0, 10.0, 8.0 ], "autoUv": false },
						"south": { "texture": "#8", "uv": [ 0.0, 1.0, 3.0, 8.0 ], "autoUv": false },
						"west": { "texture": "#8", "uv": [ 0.0, 1.0, 3.0, 8.0 ], "autoUv": false },
						"up": { "texture": "#8", "uv": [ 0.0, 1.0, 3.0, 4.0 ], "autoUv": false },
						"down": { "texture": "#8", "uv": [ 0.0, 1.0, 3.0, 4.0 ], "autoUv": false }
					}
				}
			]
		},
		{
			"name": "octagon3",
			"from": [ 0.0, 0.0, 0.0 ],
			"to": [ 0.0, 0.0, 0.0 ],
			"rotationOrigin": [ 12.0, 3.0, 3.0 ],
			"faces": {
				"north": { "texture": "#", "uv": [ 0.0, 0.0, 0.0, 0.0 ] },
				"east": { "texture": "#", "uv": [ 0.0, 0.0, 0.0, 0.0 ] },
				"south": { "texture": "#", "uv": [ 0.0, 0.0, 0.0, 0.0 ] },
				"west": { "texture": "#", "uv": [ 0.0, 0.0, 0.0, 0.0 ] },
				"up": { "texture": "#", "uv": [ 0.0, 0.0, 0.0, 0.0 ] },
				"down": { "texture": "#", "uv": [ 0.0, 0.0, 0.0, 0.0 ] }
			},
			"children": [
				{
					"name": "octagon39",
					"from": [ 10.9645, 0.5, 0.5 ],
					"to": [ 13.0355, 5.5, 1.5 ],
					"rotationOrigin": [ 12.0, 3.0, 3.0 ],
					"rotationY": 45.0,
					"faces": {
						"north": { "texture": "#2", "uv": [ 0.0, 17.993, 6.0, 31.993 ], "autoUv": false },
						"east": { "texture": "#2", "uv": [ 0.0, 17.993, 6.0, 31.993 ], "autoUv": false },
						"south": { "texture": "#2", "uv": [ 0.0, 17.993, 6.0, 31.993 ], "autoUv": false },
						"west": { "texture": "#2", "uv": [ 0.0, 17.993, 6.0, 31.993 ], "autoUv": false },
						"up": { "texture": "#2", "uv": [ 0.0, 0.0, 6.0, 3.0 ], "autoUv": false },
						"down": { "texture": "#2", "uv": [ 0.0, 0.0, 6.0, 3.0 ], "autoUv": false }
					}
				},
				{
					"name": "octagon40",
					"from": [ 10.9645, 0.5, 0.5 ],
					"to": [ 13.0355, 5.501, 1.5 ],
					"rotationOrigin": [ 12.0, 3.0, 3.0 ],
					"faces": {
						"north": { "texture": "#2", "uv": [ 0.0, 17.993, 6.0, 31.993 ], "autoUv": false },
						"east": { "texture": "#2", "uv": [ 0.0, 17.993, 6.0, 31.993 ], "autoUv": false },
						"south": { "texture": "#2", "uv": [ 0.0, 17.993, 6.0, 31.993 ], "autoUv": false },
						"west": { "texture": "#2", "uv": [ 0.0, 17.993, 6.0, 31.993 ], "autoUv": false },
						"up": { "texture": "#2", "uv": [ 0.0, 0.0, 6.0, 3.0 ], "autoUv": false },
						"down": { "texture": "#2", "uv": [ 0.0, 0.0, 6.0, 3.0 ], "autoUv": false }
					}
				},
				{
					"name": "octagon41",
					"from": [ 10.9645, 0.5, 4.5 ],
					"to": [ 13.0355, 5.502, 5.5 ],
					"rotationOrigin": [ 12.0, 3.0, 3.0 ],
					"rotationY": 45.0,
					"faces": {
						"north": { "texture": "#2", "uv": [ 0.0, 17.993, 6.0, 31.993 ], "autoUv": false },
						"east": { "texture": "#2", "uv": [ 0.0, 17.993, 6.0, 31.993 ], "autoUv": false },
						"south": { "texture": "#2", "uv": [ 0.0, 17.993, 6.0, 31.993 ], "autoUv": false },
						"west": { "texture": "#2", "uv": [ 0.0, 17.993, 6.0, 31.993 ], "autoUv": false },
						"up": { "texture": "#2", "uv": [ 0.0, 0.0, 6.0, 3.0 ], "autoUv": false },
						"down": { "texture": "#2", "uv": [ 0.0, 0.0, 6.0, 3.0 ], "autoUv": false }
					}
				},
				{
					"name": "octagon42",
					"from": [ 10.9645, 0.5, 4.5 ],
					"to": [ 13.0355, 5.503, 5.5 ],
					"rotationOrigin": [ 12.0, 3.0, 3.0 ],
					"faces": {
						"north": { "texture": "#2", "uv": [ 0.0, 17.993, 6.0, 31.993 ], "autoUv": false },
						"east": { "texture": "#2", "uv": [ 0.0, 17.993, 6.0, 31.993 ], "autoUv": false },
						"south": { "texture": "#2", "uv": [ 0.0, 17.993, 6.0, 31.993 ], "autoUv": false },
						"west": { "texture": "#2", "uv": [ 0.0, 17.993, 6.0, 31.993 ], "autoUv": false },
						"up": { "texture": "#2", "uv": [ 0.0, 0.0, 6.0, 3.0 ], "autoUv": false },
						"down": { "texture": "#2", "uv": [ 0.0, 0.0, 6.0, 3.0 ], "autoUv": false }
					}
				},
				{
					"name": "octagon43",
					"from": [ 9.5, 0.5, 1.9645 ],
					"to": [ 10.5, 5.504, 4.0355 ],
					"rotationOrigin": [ 12.0, 3.0, 3.0 ],
					"rotationY": 45.0,
					"faces": {
						"north": { "texture": "#2", "uv": [ 0.0, 17.993, 6.0, 31.993 ], "autoUv": false },
						"east": { "texture": "#2", "uv": [ 0.0, 17.993, 6.0, 31.993 ], "autoUv": false },
						"south": { "texture": "#2", "uv": [ 0.0, 17.993, 6.0, 31.993 ], "autoUv": false },
						"west": { "texture": "#2", "uv": [ 0.0, 17.993, 6.0, 31.993 ], "autoUv": false },
						"up": { "texture": "#2", "uv": [ 0.0, 0.0, 6.0, 4.0711 ], "autoUv": false },
						"down": { "texture": "#2", "uv": [ 0.0, 0.0, 6.0, 4.0711 ], "autoUv": false }
					}
				},
				{
					"name": "octagon44",
					"from": [ 9.5, 0.5, 1.9645 ],
					"to": [ 10.5, 5.505, 4.0355 ],
					"rotationOrigin": [ 12.0, 3.0, 3.0 ],
					"faces": {
						"north": { "texture": "#2", "uv": [ 0.0, 17.993, 6.0, 31.993 ], "autoUv": false },
						"east": { "texture": "#2", "uv": [ 0.0, 17.993, 6.0, 31.993 ], "autoUv": false },
						"south": { "texture": "#2", "uv": [ 0.0, 17.993, 6.0, 31.993 ], "autoUv": false },
						"west": { "texture": "#2", "uv": [ 0.0, 17.993, 6.0, 31.993 ], "autoUv": false },
						"up": { "texture": "#2", "uv": [ 0.0, 0.0, 6.0, 4.0711 ], "autoUv": false },
						"down": { "texture": "#2", "uv": [ 0.0, 0.0, 6.0, 4.0711 ], "autoUv": false }
					}
				},
				{
					"name": "octagon45",
					"from": [ 13.5, 0.5, 1.9645 ],
					"to": [ 14.5, 5.506, 4.0355 ],
					"rotationOrigin": [ 12.0, 3.0, 3.0 ],
					"rotationY": 45.0,
					"faces": {
						"north": { "texture": "#2", "uv": [ 0.0, 17.993, 6.0, 31.993 ], "autoUv": false },
						"east": { "texture": "#2", "uv": [ 0.0, 17.993, 6.0, 31.993 ], "autoUv": false },
						"south": { "texture": "#2", "uv": [ 0.0, 17.993, 6.0, 31.993 ], "autoUv": false },
						"west": { "texture": "#2", "uv": [ 0.0, 17.993, 6.0, 31.993 ], "autoUv": false },
						"up": { "texture": "#2", "uv": [ 0.0, 0.0, 6.0, 4.0711 ], "autoUv": false },
						"down": { "texture": "#2", "uv": [ 0.0, 0.0, 6.0, 4.0711 ], "autoUv": false }
					}
				},
				{
					"name": "octagon46",
					"from": [ 13.5, 0.5, 1.9645 ],
					"to": [ 14.5, 5.507, 4.0355 ],
					"rotationOrigin": [ 12.0, 3.0, 3.0 ],
					"faces": {
						"north": { "texture": "#2", "uv": [ 0.0, 17.993, 6.0, 31.993 ], "autoUv": false },
						"east": { "texture": "#2", "uv": [ 0.0, 17.993, 6.0, 31.993 ], "autoUv": false },
						"south": { "texture": "#2", "uv": [ 0.0, 17.993, 6.0, 31.993 ], "autoUv": false },
						"west": { "texture": "#2", "uv": [ 0.0, 17.993, 6.0, 31.993 ], "autoUv": false },
						"up": { "texture": "#2", "uv": [ 0.0, 0.0, 6.0, 4.0711 ], "autoUv": false },
						"down": { "texture": "#2", "uv": [ 0.0, 0.0, 6.0, 4.0711 ], "autoUv": false }
					}
				}
			]
		},
		{
			"name": "octagon4",
			"from": [ 0.0, 0.0, 0.0 ],
			"to": [ 0.0, 0.0, 0.0 ],
			"rotationOrigin": [ 12.0, 1.0, 3.0 ],
			"faces": {
				"north": { "texture": "#", "uv": [ 0.0, 0.0, 0.0, 0.0 ] },
				"east": { "texture": "#", "uv": [ 0.0, 0.0, 0.0, 0.0 ] },
				"south": { "texture": "#", "uv": [ 0.0, 0.0, 0.0, 0.0 ] },
				"west": { "texture": "#", "uv": [ 0.0, 0.0, 0.0, 0.0 ] },
				"up": { "texture": "#", "uv": [ 0.0, 0.0, 0.0, 0.0 ] },
				"down": { "texture": "#", "uv": [ 0.0, 0.0, 0.0, 0.0 ] }
			},
			"children": [
				{
					"name": "octagon47",
					"from": [ 11.1716, 0.0, 1.0 ],
					"to": [ 12.8284, 0.5, 5.0 ],
					"rotationOrigin": [ 12.0, 1.0, 3.0 ],
					"rotationY": 45.0,
					"faces": {
						"north": { "texture": "#1", "uv": [ 0.0, 0.0, 3.0, 3.0 ], "autoUv": false },
						"east": { "texture": "#1", "uv": [ 0.0, 0.0, 3.0, 3.0 ], "autoUv": false },
						"south": { "texture": "#1", "uv": [ 0.0, 0.0, 3.0, 3.0 ], "autoUv": false },
						"west": { "texture": "#1", "uv": [ 0.0, 0.0, 3.0, 3.0 ], "autoUv": false },
						"up": { "texture": "#1", "uv": [ 0.0, 0.0, 5.0, 5.0 ], "autoUv": false },
						"down": { "texture": "#1", "uv": [ 0.0, 0.0, 5.0, 5.0 ], "autoUv": false }
					}
				},
				{
					"name": "octagon48",
					"from": [ 11.1716, 0.0, 1.0 ],
					"to": [ 12.8284, 0.5, 5.0 ],
					"rotationOrigin": [ 12.0, 1.0, 3.0 ],
					"faces": {
						"north": { "texture": "#1", "uv": [ 0.0, 0.0, 3.0, 3.0 ], "autoUv": false },
						"east": { "texture": "#1", "uv": [ 0.0, 0.0, 3.0, 3.0 ], "autoUv": false },
						"south": { "texture": "#1", "uv": [ 0.0, 0.0, 3.0, 3.0 ], "autoUv": false },
						"west": { "texture": "#1", "uv": [ 0.0, 0.0, 3.0, 3.0 ], "autoUv": false },
						"up": { "texture": "#1", "uv": [ 0.0, 0.0, 5.0, 5.0 ], "autoUv": false },
						"down": { "texture": "#1", "uv": [ 0.0, 0.0, 5.0, 5.0 ], "autoUv": false }
					}
				},
				{
					"name": "octagon49",
					"from": [ 10.0, 0.0, 2.1716 ],
					"to": [ 14.0, 0.5, 3.8284 ],
					"rotationOrigin": [ 12.0, 1.0, 3.0 ],
					"rotationY": 45.0,
					"faces": {
						"north": { "texture": "#1", "uv": [ 0.0, 0.0, 3.0, 3.0 ], "autoUv": false },
						"east": { "texture": "#1", "uv": [ 0.0, 0.0, 3.0, 3.0 ], "autoUv": false },
						"south": { "texture": "#1", "uv": [ 0.0, 0.0, 3.0, 3.0 ], "autoUv": false },
						"west": { "texture": "#1", "uv": [ 0.0, 0.0, 3.0, 3.0 ], "autoUv": false },
						"up": { "texture": "#1", "uv": [ 0.0, 0.0, 5.0, 5.0 ], "autoUv": false },
						"down": { "texture": "#1", "uv": [ 0.0, 0.0, 5.0, 5.0 ], "autoUv": false }
					}
				},
				{
					"name": "octagon50",
					"from": [ 10.0, 0.0, 2.1716 ],
					"to": [ 14.0, 0.5, 3.8284 ],
					"rotationOrigin": [ 12.0, 1.0, 3.0 ],
					"faces": {
						"north": { "texture": "#1", "uv": [ 0.0, 0.0, 3.0, 3.0 ], "autoUv": false },
						"east": { "texture": "#1", "uv": [ 0.0, 0.0, 3.0, 3.0 ], "autoUv": false },
						"south": { "texture": "#1", "uv": [ 0.0, 0.0, 3.0, 3.0 ], "autoUv": false },
						"west": { "texture": "#1", "uv": [ 0.0, 0.0, 3.0, 3.0 ], "autoUv": false },
						"up": { "texture": "#1", "uv": [ 0.0, 0.0, 5.0, 5.0 ], "autoUv": false },
						"down": { "texture": "#1", "uv": [ 0.0, 0.0, 5.0, 5.0 ], "autoUv": false }
					}
				}
			]
		},
		{
			"name": "cube0",
			"from": [ 1.0, 0.0, 2.0 ],
			"to": [ 9.0, 1.0, 8.0 ],
			"rotationOrigin": [ 5.0, 0.5, 5.0 ],
			"faces": {
				"north": { "texture": "#6", "uv": [ 0.0, 0.0, 19.0, 3.0 ], "autoUv": false },
				"east": { "texture": "#6", "uv": [ 0.0, 0.0, 14.0, 3.0 ], "autoUv": false },
				"south": { "texture": "#6", "uv": [ 0.0, 0.0, 19.0, 3.0 ], "autoUv": false },
				"west": { "texture": "#6", "uv": [ 0.0, 0.0, 14.0, 3.0 ], "autoUv": false },
				"up": { "texture": "#1", "uv": [ 0.0, 0.0, 17.0, 14.0 ], "autoUv": false },
				"down": { "texture": "#6", "uv": [ 0.0, 0.0, 8.0, 6.0 ], "autoUv": false }
			}
		},
		{
			"name": "cube1",
			"from": [ 1.5, 1.0, 7.5 ],
			"to": [ 8.5, 1.5, 8.0 ],
			"rotationOrigin": [ 8.0, 0.0, 8.0 ],
			"faces": {
				"north": { "texture": "#6", "uv": [ 0.0, 0.0, 18.0, 1.5 ], "autoUv": false },
				"east": { "texture": "#6", "uv": [ 0.0, 0.0, 0.5, 0.5 ], "autoUv": false },
				"south": { "texture": "#6", "uv": [ 0.0, 0.0, 18.0, 1.5 ], "autoUv": false },
				"west": { "texture": "#6", "uv": [ 0.0, 0.0, 0.5, 0.5 ], "autoUv": false },
				"up": { "texture": "#6", "uv": [ 0.0, 0.0, 18.0, 1.5 ], "autoUv": false },
				"down": { "texture": "#6", "uv": [ 0.0, 0.0, 7.0, 0.5 ], "autoUv": false }
			}
		},
		{
			"name": "cube2",
			"from": [ 8.5, 1.0, 2.0 ],
			"to": [ 9.0, 1.5, 8.0 ],
			"rotationOrigin": [ 8.0, 0.0, 8.0 ],
			"faces": {
				"north": { "texture": "#6", "uv": [ 16.0, 3.0, 17.5, 3.5 ], "autoUv": false },
				"east": { "texture": "#6", "uv": [ 0.0, 0.0, 26.0, 2.5 ], "autoUv": false },
				"south": { "texture": "#6", "uv": [ 16.0, 3.0, 17.5, 3.5 ], "autoUv": false },
				"west": { "texture": "#6", "uv": [ 0.0, 0.0, 26.0, 2.5 ], "autoUv": false },
				"up": { "texture": "#6", "uv": [ 0.0, 0.0, 2.5, 23.0 ], "autoUv": false },
				"down": { "texture": "#6", "uv": [ 0.0, 0.0, 0.5, 6.0 ], "autoUv": false }
			}
		},
		{
			"name": "cube3",
			"from": [ 1.5, 1.0, 2.0 ],
			"to": [ 8.5, 1.5, 2.5 ],
			"rotationOrigin": [ 8.0, 0.0, 8.0 ],
			"faces": {
				"north": { "texture": "#6", "uv": [ 0.0, 0.0, 18.0, 1.5 ], "autoUv": false },
				"east": { "texture": "#6", "uv": [ 0.0, 0.0, 0.5, 0.5 ], "autoUv": false },
				"south": { "texture": "#6", "uv": [ 0.0, 0.0, 18.0, 1.5 ], "autoUv": false },
				"west": { "texture": "#6", "uv": [ 0.0, 0.0, 0.5, 0.5 ], "autoUv": false },
				"up": { "texture": "#6", "uv": [ 0.0, 0.0, 18.0, 1.5 ], "autoUv": false },
				"down": { "texture": "#6", "uv": [ 0.0, 0.0, 7.0, 0.5 ], "autoUv": false }
			}
		},
		{
			"name": "cube4",
			"from": [ 1.0, 1.0, 2.0 ],
			"to": [ 1.5, 1.5, 8.0 ],
			"rotationOrigin": [ 8.0, 0.0, 8.0 ],
			"faces": {
				"north": { "texture": "#6", "uv": [ 16.0, 3.0, 17.5, 3.5 ], "autoUv": false },
				"east": { "texture": "#6", "uv": [ 0.0, 0.0, 26.0, 2.5 ], "autoUv": false },
				"south": { "texture": "#6", "uv": [ 16.0, 3.0, 17.5, 3.5 ], "autoUv": false },
				"west": { "texture": "#6", "uv": [ 0.0, 0.0, 26.0, 2.5 ], "autoUv": false },
				"up": { "texture": "#6", "uv": [ 0.0, 0.0, 2.5, 23.0 ], "autoUv": false },
				"down": { "texture": "#6", "uv": [ 0.0, 0.0, 0.5, 6.0 ], "autoUv": false }
			}
		},
		{
			"name": "cube5",
			"from": [ 2.0, 1.0, 3.0 ],
			"to": [ 8.0, 3.0, 7.0 ],
			"rotationOrigin": [ 8.0, 0.0, 8.0 ],
			"faces": {
				"north": { "texture": "#0", "uv": [ 1.0, 24.0, 17.0, 29.0 ], "autoUv": false },
				"east": { "texture": "#0", "uv": [ 1.0, 24.0, 15.0, 29.0 ], "autoUv": false },
				"south": { "texture": "#0", "uv": [ 1.0, 24.0, 17.0, 29.0 ], "autoUv": false },
				"west": { "texture": "#0", "uv": [ 1.0, 24.0, 15.0, 29.0 ], "autoUv": false },
				"up": { "texture": "#0", "uv": [ 16.0, 23.0, 30.0, 29.0 ], "autoUv": false },
				"down": { "texture": "#0", "uv": [ 16.0, 23.0, 30.0, 29.0 ], "autoUv": false }
			}
		},
		{
			"name": "cube6",
			"from": [ 3.0, 3.0, 4.0 ],
			"to": [ 7.0, 3.5, 6.0 ],
			"rotationOrigin": [ 8.0, 0.0, 8.0 ],
			"faces": {
				"north": { "texture": "#0", "uv": [ 0.0, 0.0, 4.0, 0.5 ], "autoUv": false },
				"east": { "texture": "#0", "uv": [ 0.0, 0.0, 2.0, 0.5 ], "autoUv": false },
				"south": { "texture": "#0", "uv": [ 0.0, 0.0, 4.0, 0.5 ], "autoUv": false },
				"west": { "texture": "#0", "uv": [ 0.0, 0.0, 2.0, 0.5 ], "autoUv": false },
				"up": { "texture": "#0", "uv": [ 23.0, 0.0, 31.0, 4.0 ], "autoUv": false },
				"down": { "texture": "#0", "uv": [ 0.0, 0.0, 4.0, 2.0 ], "autoUv": false }
			}
		},
		{
			"name": "cube55",
			"from": [ 11.0, 0.3, 7.0 ],
			"to": [ 16.0, 0.6, 8.0 ],
			"rotationOrigin": [ 13.5, 0.45, 8.5 ],
			"rotationY": 22.5,
			"faces": {
				"north": { "texture": "#7", "uv": [ 0.0, 0.0, 17.0, 1.3 ], "autoUv": false },
				"east": { "texture": "#7", "uv": [ 0.0, 0.0, 3.0, 1.3 ], "autoUv": false },
				"south": { "texture": "#7", "uv": [ 0.0, 0.0, 17.0, 1.3 ], "autoUv": false },
				"west": { "texture": "#7", "uv": [ 0.0, 0.0, 3.0, 1.3 ], "autoUv": false },
				"up": { "texture": "#7", "uv": [ 0.0, 0.0, 17.0, 3.0 ], "autoUv": false },
				"down": { "texture": "#7", "uv": [ 0.0, 0.0, 17.0, 3.0 ], "autoUv": false }
			}
		},
		{
			"name": "cube56",
			"from": [ 10.0, 0.0, 8.0 ],
			"to": [ 11.0, 1.0, 9.0 ],
			"rotationOrigin": [ 8.0, 0.0, 8.0 ],
			"faces": {
				"north": { "texture": "#1", "uv": [ 0.0, 0.0, 3.0, 3.0 ], "autoUv": false },
				"east": { "texture": "#1", "uv": [ 0.0, 0.0, 3.0, 3.0 ], "autoUv": false },
				"south": { "texture": "#1", "uv": [ 0.0, 0.0, 3.0, 3.0 ], "autoUv": false },
				"west": { "texture": "#1", "uv": [ 0.0, 0.0, 3.0, 3.0 ], "autoUv": false },
				"up": { "texture": "#1", "uv": [ 0.0, 0.0, 3.0, 3.0 ], "autoUv": false },
				"down": { "texture": "#1", "uv": [ 0.0, 0.0, 3.0, 3.0 ], "autoUv": false }
			}
		},
		{
			"name": "cube57",
			"from": [ 10.0, 0.0, 9.0 ],
			"to": [ 11.0, 1.0, 15.0 ],
			"rotationOrigin": [ 8.0, 0.0, 8.0 ],
			"faces": {
				"north": { "texture": "#3", "uv": [ 0.0, 1.0, 3.0, 4.0 ], "autoUv": false },
				"east": { "texture": "#3", "uv": [ 0.0, 0.0, 15.0, 3.0 ], "autoUv": false },
				"south": { "texture": "#3", "uv": [ 0.0, 1.0, 3.0, 4.0 ], "autoUv": false },
				"west": { "texture": "#3", "uv": [ 0.0, 0.0, 15.0, 3.0 ], "autoUv": false },
				"up": { "texture": "#3", "uv": [ 0.0, 0.0, 3.0, 20.0 ], "autoUv": false },
				"down": { "texture": "#3", "uv": [ 0.0, 0.0, 3.0, 20.0 ], "autoUv": false }
			}
		},
		{
			"name": "cube58",
			"from": [ 11.0, 0.0, 12.0 ],
			"to": [ 11.5, 1.0, 15.0 ],
			"rotationOrigin": [ 8.0, 0.0, 8.0 ],
			"faces": {
				"north": { "texture": "#5", "uv": [ 0.0, 0.0, 2.0, 4.0 ], "autoUv": false },
				"east": { "texture": "#5", "uv": [ 0.0, 1.0, 9.0, 4.0 ], "autoUv": false },
				"south": { "texture": "#5", "uv": [ 0.0, 0.0, 2.0, 4.0 ], "autoUv": false },
				"west": { "texture": "#5", "uv": [ 0.0, 1.0, 9.0, 4.0 ], "autoUv": false },
				"up": { "texture": "#5", "uv": [ 0.0, 0.0, 2.0, 9.0 ], "autoUv": false },
				"down": { "texture": "#5", "uv": [ 0.0, 0.0, 2.0, 9.0 ], "autoUv": false }
			}
		}
	]}