{
	"editor": {
		"allAngles": false,
		"entityTextureMode": false
	},
	"textureWidth": 32,
	"textureHeight": 32,
	"textureSizes": {
		"0": [32,32],
		"1": [32,32],
		"2": [32,32]
	},
	"textures": {
		"2": "game:block/cloth/basic/gray",
		"1": "game:block/cloth/basic/normal",
		"0": "game:block/metal/ingot/brass"
	},
	"elements": [
		{
			"name": "cube",
			"from": [ 1.0, 0.0, 6.0 ],
			"to": [ 5.0, 0.5, 10.0 ],
			"rotationOrigin": [ 8.0, 0.0, 8.0 ],
			"faces": {
				"north": { "texture": "#0", "uv": [ 0.0, 0.0, 4.0, 0.5 ], "autoUv": false },
				"east": { "texture": "#0", "uv": [ 0.0, 0.0, 4.0, 0.5 ], "autoUv": false },
				"south": { "texture": "#0", "uv": [ 0.0, 0.0, 4.0, 0.5 ], "autoUv": false },
				"west": { "texture": "#0", "uv": [ 0.0, 0.0, 4.0, 0.5 ], "autoUv": false },
				"up": { "texture": "#0", "uv": [ 0.0, 0.0, 8.0, 8.0 ], "autoUv": false },
				"down": { "texture": "#0", "uv": [ 0.0, 0.0, 8.0, 8.0 ], "autoUv": false }
			}
		},
		{
			"name": "cube",
			"from": [ 11.0, 0.0, 6.0 ],
			"to": [ 15.0, 0.5, 10.0 ],
			"rotationOrigin": [ 8.0, 0.0, 8.0 ],
			"faces": {
				"north": { "texture": "#0", "uv": [ 0.0, 0.0, 4.0, 0.5 ], "autoUv": false },
				"east": { "texture": "#0", "uv": [ 0.0, 0.0, 4.0, 0.5 ], "autoUv": false },
				"south": { "texture": "#0", "uv": [ 0.0, 0.0, 4.0, 0.5 ], "autoUv": false },
				"west": { "texture": "#0", "uv": [ 0.0, 0.0, 4.0, 0.5 ], "autoUv": false },
				"up": { "texture": "#0", "uv": [ 0.0, 0.0, 8.0, 8.0 ], "autoUv": false },
				"down": { "texture": "#0", "uv": [ 0.0, 0.0, 8.0, 8.0 ], "autoUv": false }
			}
		},
		{
			"name": "cube",
			"from": [ 2.5, 0.0, 7.5 ],
			"to": [ 3.5, 9.0, 8.5 ],
			"rotationOrigin": [ 8.0, 0.0, 8.0 ],
			"faces": {
				"north": { "texture": "#0", "uv": [ 0.0, 0.0, 2.0, 17.0 ], "autoUv": false },
				"east": { "texture": "#0", "uv": [ 0.0, 0.0, 2.0, 17.0 ], "autoUv": false },
				"south": { "texture": "#0", "uv": [ 0.0, 0.0, 2.0, 17.0 ], "autoUv": false },
				"west": { "texture": "#0", "uv": [ 0.0, 0.0, 2.0, 17.0 ], "autoUv": false },
				"up": { "texture": "#0", "uv": [ 0.0, 0.0, 1.0, 1.0 ], "autoUv": false },
				"down": { "texture": "#0", "uv": [ 0.0, 0.0, 1.0, 1.0 ], "autoUv": false }
			}
		},
		{
			"name": "cube",
			"from": [ 12.5, 0.0, 7.5 ],
			"to": [ 13.5, 9.0, 8.5 ],
			"rotationOrigin": [ 8.0, 0.0, 8.0 ],
			"faces": {
				"north": { "texture": "#0", "uv": [ 0.0, 0.0, 2.0, 17.0 ], "autoUv": false },
				"east": { "texture": "#0", "uv": [ 0.0, 0.0, 2.0, 17.0 ], "autoUv": false },
				"south": { "texture": "#0", "uv": [ 0.0, 0.0, 2.0, 17.0 ], "autoUv": false },
				"west": { "texture": "#0", "uv": [ 0.0, 0.0, 2.0, 17.0 ], "autoUv": false },
				"up": { "texture": "#0", "uv": [ 0.0, 0.0, 1.0, 1.0 ], "autoUv": false },
				"down": { "texture": "#0", "uv": [ 0.0, 0.0, 1.0, 1.0 ], "autoUv": false }
			}
		},
		{
			"name": "cube",
			"from": [ 12.5, 10.0, 7.5 ],
			"to": [ 13.5, 14.0, 8.5 ],
			"rotationOrigin": [ 8.0, 0.0, 8.0 ],
			"faces": {
				"north": { "texture": "#0", "uv": [ 0.0, 0.0, 2.0, 8.0 ], "autoUv": false },
				"east": { "texture": "#0", "uv": [ 0.0, 0.0, 2.0, 8.0 ], "autoUv": false },
				"south": { "texture": "#0", "uv": [ 0.0, 0.0, 2.0, 8.0 ], "autoUv": false },
				"west": { "texture": "#0", "uv": [ 0.0, 0.0, 2.0, 8.0 ], "autoUv": false },
				"up": { "texture": "#0", "uv": [ 0.0, 0.0, 1.0, 1.0 ], "autoUv": false },
				"down": { "texture": "#0", "uv": [ 0.0, 0.0, 1.0, 1.0 ], "autoUv": false }
			}
		},
		{
			"name": "cube",
			"from": [ 2.5, 10.0, 7.5 ],
			"to": [ 3.5, 14.0, 8.5 ],
			"rotationOrigin": [ 8.0, 0.0, 8.0 ],
			"faces": {
				"north": { "texture": "#0", "uv": [ 0.0, 0.0, 2.0, 8.0 ], "autoUv": false },
				"east": { "texture": "#0", "uv": [ 0.0, 0.0, 2.0, 8.0 ], "autoUv": false },
				"south": { "texture": "#0", "uv": [ 0.0, 0.0, 2.0, 8.0 ], "autoUv": false },
				"west": { "texture": "#0", "uv": [ 0.0, 0.0, 2.0, 8.0 ], "autoUv": false },
				"up": { "texture": "#0", "uv": [ 0.0, 0.0, 1.0, 1.0 ], "autoUv": false },
				"down": { "texture": "#0", "uv": [ 0.0, 0.0, 1.0, 1.0 ], "autoUv": false }
			}
		},
		{
			"name": "cube",
			"from": [ 1.5, 9.0, 7.5 ],
			"to": [ 14.5, 10.0, 8.5 ],
			"rotationOrigin": [ 8.0, 0.0, 8.0 ],
			"faces": {
				"north": { "texture": "#0", "uv": [ 0.0, 0.0, 25.0, 2.0 ], "autoUv": false },
				"east": { "texture": "#0", "uv": [ 0.0, 0.0, 2.0, 2.0 ], "autoUv": false },
				"south": { "texture": "#0", "uv": [ 0.0, 0.0, 25.0, 2.0 ], "autoUv": false },
				"west": { "texture": "#0", "uv": [ 0.0, 0.0, 2.0, 2.0 ], "autoUv": false },
				"up": { "texture": "#0", "uv": [ 0.0, 0.0, 25.0, 2.0 ], "autoUv": false },
				"down": { "texture": "#0", "uv": [ 0.0, 0.0, 25.0, 2.0 ], "autoUv": false }
			}
		},
		{
			"name": "cube",
			"from": [ 1.5, 14.0, 7.5 ],
			"to": [ 14.5, 15.0, 8.5 ],
			"rotationOrigin": [ 8.0, 0.0, 8.0 ],
			"faces": {
				"north": { "texture": "#0", "uv": [ 0.0, 0.0, 25.0, 2.0 ], "autoUv": false },
				"east": { "texture": "#0", "uv": [ 0.0, 0.0, 2.0, 2.0 ], "autoUv": false },
				"south": { "texture": "#0", "uv": [ 0.0, 0.0, 25.0, 2.0 ], "autoUv": false },
				"west": { "texture": "#0", "uv": [ 0.0, 0.0, 2.0, 2.0 ], "autoUv": false },
				"up": { "texture": "#0", "uv": [ 0.0, 0.0, 25.0, 2.0 ], "autoUv": false },
				"down": { "texture": "#0", "uv": [ 0.0, 0.0, 25.0, 2.0 ], "autoUv": false }
			}
		},
		{
			"name": "cube",
			"from": [ 4.0, 6.0, 8.5 ],
			"to": [ 8.0, 10.0, 9.5 ],
			"rotationOrigin": [ 8.0, 0.0, 8.0 ],
			"faces": {
				"north": { "texture": "#2", "uv": [ 0.0, 0.0, 10.0, 10.0 ], "autoUv": false },
				"east": { "texture": "#2", "uv": [ 0.0, 0.0, 2.0, 10.0 ], "autoUv": false },
				"south": { "texture": "#2", "uv": [ 0.0, 0.0, 10.0, 10.0 ], "autoUv": false },
				"west": { "texture": "#2", "uv": [ 0.0, 0.0, 2.0, 10.0 ], "autoUv": false },
				"up": { "texture": "#2", "uv": [ 0.0, 0.0, 10.0, 3.0 ], "autoUv": false },
				"down": { "texture": "#2", "uv": [ 0.0, 0.0, 10.0, 3.0 ], "autoUv": false }
			}
		},
		{
			"name": "cube",
			"from": [ 9.0, 11.0, 8.5 ],
			"to": [ 12.0, 15.0, 9.5 ],
			"rotationOrigin": [ 8.0, 0.0, 8.0 ],
			"faces": {
				"north": { "texture": "#1", "uv": [ 0.0, 0.0, 8.0, 10.0 ], "autoUv": false },
				"east": { "texture": "#1", "uv": [ 0.0, 0.0, 2.0, 10.0 ], "autoUv": false },
				"south": { "texture": "#1", "uv": [ 0.0, 0.0, 8.0, 10.0 ], "autoUv": false },
				"west": { "texture": "#1", "uv": [ 0.0, 0.0, 2.0, 10.0 ], "autoUv": false },
				"up": { "texture": "#1", "uv": [ 0.0, 0.0, 8.0, 3.0 ], "autoUv": false },
				"down": { "texture": "#1", "uv": [ 0.0, 0.0, 8.0, 3.0 ], "autoUv": false }
			}
		},
		{
			"name": "cube",
			"from": [ 9.0, 8.0, 6.5 ],
			"to": [ 12.0, 15.0, 7.5 ],
			"rotationOrigin": [ 8.0, 0.0, 8.0 ],
			"faces": {
				"north": { "texture": "#1", "uv": [ 0.0, 0.0, 10.0, 22.0 ], "autoUv": false },
				"east": { "texture": "#1", "uv": [ 0.0, 0.0, 3.0, 22.0 ], "autoUv": false },
				"south": { "texture": "#1", "uv": [ 0.0, 0.0, 10.0, 22.0 ], "autoUv": false },
				"west": { "texture": "#1", "uv": [ 0.0, 0.0, 3.0, 22.0 ], "autoUv": false },
				"up": { "texture": "#1", "uv": [ 0.0, 0.0, 10.0, 2.0 ], "autoUv": false },
				"down": { "texture": "#1", "uv": [ 0.0, 0.0, 10.0, 2.0 ], "autoUv": false }
			}
		},
		{
			"name": "cube",
			"from": [ 4.0, 10.0, 6.5 ],
			"to": [ 8.0, 11.0, 8.5 ],
			"rotationOrigin": [ 8.0, 0.0, 8.0 ],
			"faces": {
				"north": { "texture": "#2", "uv": [ 0.0, 0.0, 10.0, 3.0 ], "autoUv": false },
				"east": { "texture": "#2", "uv": [ 0.0, 0.0, 5.0, 3.0 ], "autoUv": false },
				"south": { "texture": "#2", "uv": [ 0.0, 0.0, 10.0, 3.0 ], "autoUv": false },
				"west": { "texture": "#2", "uv": [ 0.0, 0.0, 5.0, 3.0 ], "autoUv": false },
				"up": { "texture": "#2", "uv": [ 0.0, 0.0, 10.0, 5.0 ], "autoUv": false },
				"down": { "texture": "#2", "uv": [ 0.0, 0.0, 10.0, 5.0 ], "autoUv": false }
			}
		},
		{
			"name": "cube",
			"from": [ 9.0, 15.0, 6.5 ],
			"to": [ 12.0, 16.0, 8.5 ],
			"rotationOrigin": [ 8.0, 0.0, 8.0 ],
			"faces": {
				"north": { "texture": "#1", "uv": [ 0.0, 0.0, 8.0, 3.0 ], "autoUv": false },
				"east": { "texture": "#1", "uv": [ 0.0, 0.0, 5.0, 3.0 ], "autoUv": false },
				"south": { "texture": "#1", "uv": [ 0.0, 0.0, 8.0, 3.0 ], "autoUv": false },
				"west": { "texture": "#1", "uv": [ 0.0, 0.0, 5.0, 3.0 ], "autoUv": false },
				"up": { "texture": "#1", "uv": [ 0.0, 0.0, 8.0, 5.0 ], "autoUv": false },
				"down": { "texture": "#1", "uv": [ 0.0, 0.0, 8.0, 5.0 ], "autoUv": false }
			}
		},
		{
			"name": "cube",
			"from": [ 4.0, 4.0, 6.5 ],
			"to": [ 8.0, 10.0, 7.5 ],
			"rotationOrigin": [ 8.0, 0.0, 8.0 ],
			"faces": {
				"north": { "texture": "#2", "uv": [ 0.0, 0.0, 10.0, 13.0 ], "autoUv": false },
				"east": { "texture": "#2", "uv": [ 0.0, 0.0, 3.0, 13.0 ], "autoUv": false },
				"south": { "texture": "#2", "uv": [ 0.0, 0.0, 10.0, 13.0 ], "autoUv": false },
				"west": { "texture": "#2", "uv": [ 0.0, 0.0, 3.0, 13.0 ], "autoUv": false },
				"up": { "texture": "#2", "uv": [ 0.0, 0.0, 10.0, 2.0 ], "autoUv": false },
				"down": { "texture": "#2", "uv": [ 0.0, 0.0, 10.0, 2.0 ], "autoUv": false }
			}
		}
	]}