{
	"textures": {
		"cap": "game:block/plant/mushroom/bolete/cap",
		"stipe": "game:block/plant/mushroom/bolete/stipe",
		"pores": "game:block/plant/mushroom/bolete/pores"
	},
	"elements": [
		{
			"name": "origin",
			"from": [ 8.0, 0.0, 8.0 ], 
			"to": [ 8.0, 0.0, 8.0 ], 
			"rotationOrigin": [ 8.0, 0.0, 8.0 ],
			"faces": {
				"north": { "texture": "#null", "uv": [ 0.0, 0.0, 0.5, 0.5 ], "enabled": false },
				"east": { "texture": "#null", "uv": [ 0.0, 0.0, 0.5, 0.5 ] },
				"south": { "texture": "#null", "uv": [ 0.0, 0.0, 0.5, 0.5 ] },
				"west": { "texture": "#null", "uv": [ 0.0, 0.0, 0.5, 0.5 ] },
				"up": { "texture": "#null", "uv": [ 0.0, 0.0, 0.5, 0.5 ] },
				"down": { "texture": "#null", "uv": [ 0.0, 0.0, 0.5, 0.5 ] }
			},
			"children": [
				{
					"name": "single voxel11",
					"from": [ -1.0, 0.0, 3.0 ], 
					"to": [ 0.0, 0.5, 4.0 ], 
					"rotationOrigin": [ -0.5, 0.0, 3.5 ],
					"rotationY": 5.0,
					"faces": {
						"north": { "texture": "#cap", "uv": [ 3.0, 6.0, 4.0, 6.5 ] },
						"east": { "texture": "#cap", "uv": [ 4.0, 4.0, 5.0, 4.5 ] },
						"south": { "texture": "#cap", "uv": [ 3.0, 3.0, 4.0, 3.5 ] },
						"west": { "texture": "#cap", "uv": [ 4.0, 2.0, 5.0, 2.5 ] },
						"up": { "texture": "#cap", "uv": [ 5.0, 6.0, 6.0, 7.0 ] },
						"down": { "texture": "#pores", "uv": [ 0.0, 0.0, 1.0, 1.0 ] }
					}
				},
				{
					"name": "single voxel25",
					"from": [ -3.0, 0.0, 1.5 ], 
					"to": [ -2.0, 0.5, 2.5 ], 
					"rotationOrigin": [ -2.5, 0.0, 2.0 ],
					"rotationY": -45.0,
					"faces": {
						"north": { "texture": "#cap", "uv": [ 0.0, 0.0, 1.0, 0.5 ] },
						"east": { "texture": "#cap", "uv": [ 0.0, 0.0, 1.0, 0.5 ] },
						"south": { "texture": "#cap", "uv": [ 0.0, 0.0, 1.0, 0.5 ] },
						"west": { "texture": "#cap", "uv": [ 0.0, 0.0, 1.0, 0.5 ] },
						"up": { "texture": "#cap", "uv": [ 0.0, 0.0, 1.0, 1.0 ] },
						"down": { "texture": "#pores", "uv": [ 0.0, 0.0, 1.0, 1.0 ] }
					}
				},
				{
					"name": "tiny22",
					"from": [ 3.0, 0.0, -1.0 ], 
					"to": [ 4.0, 0.5, 0.0 ], 
					"rotationOrigin": [ 3.5, 0.0, -0.5 ],
					"rotationY": 20.0,
					"faces": {
						"north": { "texture": "#stipe", "uv": [ 7.0, 5.0, 8.0, 5.5 ] },
						"east": { "texture": "#stipe", "uv": [ 10.0, 5.0, 11.0, 5.5 ] },
						"south": { "texture": "#stipe", "uv": [ 9.0, 5.0, 10.0, 5.5 ] },
						"west": { "texture": "#stipe", "uv": [ 1.0, 4.0, 2.0, 4.5 ] },
						"up": { "texture": "#stipe", "uv": [ 4.0, 5.0, 5.0, 6.0 ], "enabled": false },
						"down": { "texture": "#stipe", "uv": [ 2.0, 14.0, 3.0, 15.0 ] }
					},
					"children": [
						{
							"name": "Cube26",
							"from": [ 0.0, 0.5, 0.0 ], 
							"to": [ 1.0, 1.0, 1.0 ], 
							"faces": {
								"north": { "texture": "#cap", "uv": [ 3.0, 12.0, 4.0, 12.5 ] },
								"east": { "texture": "#cap", "uv": [ 4.0, 13.0, 5.0, 13.5 ] },
								"south": { "texture": "#cap", "uv": [ 3.0, 11.0, 4.0, 11.5 ] },
								"west": { "texture": "#cap", "uv": [ 7.0, 11.0, 8.0, 11.5 ] },
								"up": { "texture": "#cap", "uv": [ 10.0, 1.0, 11.0, 2.0 ] },
								"down": { "texture": "#cap", "uv": [ 4.0, 7.0, 5.0, 8.0 ] }
							}
						}
					]
				},
				{
					"name": "tiny20",
					"from": [ -3.0, 0.0, -1.0 ], 
					"to": [ -2.0, 0.5, 0.0 ], 
					"rotationOrigin": [ -2.5, 0.0, -0.5 ],
					"rotationY": 10.0,
					"faces": {
						"north": { "texture": "#stipe", "uv": [ 3.0, 13.0, 4.0, 13.5 ] },
						"east": { "texture": "#stipe", "uv": [ 10.0, 5.0, 11.0, 5.5 ] },
						"south": { "texture": "#stipe", "uv": [ 5.0, 1.0, 6.0, 1.5 ] },
						"west": { "texture": "#stipe", "uv": [ 9.0, 9.0, 10.0, 9.5 ] },
						"up": { "texture": "#stipe", "uv": [ 4.0, 5.0, 5.0, 6.0 ], "enabled": false },
						"down": { "texture": "#stipe", "uv": [ 2.0, 14.0, 3.0, 15.0 ] }
					},
					"children": [
						{
							"name": "Cube21",
							"from": [ -0.2, 0.5, -0.2 ], 
							"to": [ 1.3, 1.5, 1.3 ], 
							"faces": {
								"north": { "texture": "#cap", "uv": [ 4.0, 10.0, 5.5, 11.0 ] },
								"east": { "texture": "#cap", "uv": [ 3.0, 9.0, 4.5, 10.0 ] },
								"south": { "texture": "#cap", "uv": [ 5.0, 9.0, 6.5, 10.0 ] },
								"west": { "texture": "#cap", "uv": [ 3.0, 12.0, 4.5, 13.0 ] },
								"up": { "texture": "#cap", "uv": [ 4.0, 2.0, 5.5, 3.5 ] },
								"down": { "texture": "#cap", "uv": [ 2.0, 11.0, 3.5, 12.5 ] }
							}
						}
					]
				},
				{
					"name": "tiny24",
					"from": [ 1.0, 0.0, -4.0 ], 
					"to": [ 2.5, 0.5, -2.5 ], 
					"rotationOrigin": [ 2.0, 0.0, -3.0 ],
					"rotationY": -6.0,
					"faces": {
						"north": { "texture": "#stipe", "uv": [ 3.0, 13.0, 4.5, 13.5 ] },
						"east": { "texture": "#stipe", "uv": [ 10.0, 5.0, 11.5, 5.5 ] },
						"south": { "texture": "#stipe", "uv": [ 5.0, 1.0, 6.5, 1.5 ] },
						"west": { "texture": "#stipe", "uv": [ 9.0, 9.0, 10.5, 9.5 ] },
						"up": { "texture": "#stipe", "uv": [ 4.0, 5.0, 5.5, 6.5 ], "enabled": false },
						"down": { "texture": "#stipe", "uv": [ 2.0, 14.0, 3.5, 15.5 ] }
					},
					"children": [
						{
							"name": "Cube25",
							"from": [ -0.2, 0.5, -0.2 ], 
							"to": [ 1.8, 2.0, 1.8 ], 
							"faces": {
								"north": { "texture": "#cap", "uv": [ 4.0, 10.0, 6.0, 11.5 ] },
								"east": { "texture": "#cap", "uv": [ 6.0, 2.0, 8.0, 3.5 ] },
								"south": { "texture": "#cap", "uv": [ 1.0, 9.0, 3.0, 10.5 ] },
								"west": { "texture": "#cap", "uv": [ 3.0, 10.0, 5.0, 11.5 ] },
								"up": { "texture": "#cap", "uv": [ 13.0, 12.0, 15.0, 14.0 ] },
								"down": { "texture": "#cap", "uv": [ 3.0, 10.0, 5.0, 12.0 ] }
							}
						}
					]
				},
				{
					"name": "medium",
					"from": [ -1.0, 0.0, 0.0 ], 
					"to": [ 1.0, 1.0, 2.0 ], 
					"rotationOrigin": [ 0.0, 0.0, 1.0 ],
					"rotationY": -20.0,
					"faces": {
						"north": { "texture": "#stipe", "uv": [ 14.0, 4.0, 16.0, 5.0 ] },
						"east": { "texture": "#stipe", "uv": [ 12.0, 4.0, 14.0, 5.0 ] },
						"south": { "texture": "#stipe", "uv": [ 0.0, 4.0, 2.0, 5.0 ] },
						"west": { "texture": "#stipe", "uv": [ 11.0, 4.0, 13.0, 5.0 ] },
						"up": { "texture": "#stipe", "uv": [ 4.0, 5.0, 6.0, 7.0 ], "enabled": false },
						"down": { "texture": "#stipe", "uv": [ 2.0, 14.0, 4.0, 16.0 ] }
					},
					"children": [
						{
							"name": "Cube2",
							"from": [ -0.5, 1.0, -0.5 ], 
							"to": [ 2.5, 3.0, 2.4 ], 
							"faces": {
								"north": { "texture": "#cap", "uv": [ 1.0, 12.0, 4.0, 14.0 ] },
								"east": { "texture": "#cap", "uv": [ 4.0, 11.0, 6.5, 13.0 ] },
								"south": { "texture": "#cap", "uv": [ 5.0, 8.0, 8.0, 10.0 ] },
								"west": { "texture": "#cap", "uv": [ 9.0, 6.0, 11.5, 8.0 ] },
								"up": { "texture": "#cap", "uv": [ 7.0, 3.0, 10.0, 5.5 ] },
								"down": { "texture": "#pores", "uv": [ 3.0, 6.0, 6.0, 8.5 ] }
							},
							"children": [
								{
									"name": "Cube3",
									"from": [ 0.5, 2.0, 0.5 ], 
									"to": [ 2.5, 2.5, 2.5 ], 
									"faces": {
										"north": { "texture": "#cap", "uv": [ 9.0, 10.0, 11.0, 10.5 ] },
										"east": { "texture": "#cap", "uv": [ 7.0, 7.0, 9.0, 7.5 ] },
										"south": { "texture": "#cap", "uv": [ 6.0, 5.0, 8.0, 5.5 ] },
										"west": { "texture": "#cap", "uv": [ 2.0, 2.0, 4.0, 2.5 ] },
										"up": { "texture": "#cap", "uv": [ 13.0, 2.0, 15.0, 4.0 ] },
										"down": { "texture": "#cap", "uv": [ 0.0, 0.0, 2.0, 2.0 ], "enabled": false }
									}
								}
							]
						}
					]
				}
			]
		},
		{
			"name": "origin13",
			"from": [ 24.0, 0.0, 8.0 ], 
			"to": [ 24.0, 0.0, 8.0 ], 
			"rotationOrigin": [ 24.0, 0.0, 8.0 ],
			"rotationY": -180.0,
			"faces": {
				"north": { "texture": "#null", "uv": [ 0.0, 0.0, 0.5, 0.5 ], "enabled": false },
				"east": { "texture": "#null", "uv": [ 0.0, 0.0, 0.5, 0.5 ] },
				"south": { "texture": "#null", "uv": [ 0.0, 0.0, 0.5, 0.5 ] },
				"west": { "texture": "#null", "uv": [ 0.0, 0.0, 0.5, 0.5 ] },
				"up": { "texture": "#null", "uv": [ 0.0, 0.0, 0.5, 0.5 ] },
				"down": { "texture": "#null", "uv": [ 0.0, 0.0, 0.5, 0.5 ] }
			},
			"children": [
				{
					"name": "single voxel14",
					"from": [ -1.0, 0.0, 3.0 ], 
					"to": [ 0.0, 0.5, 4.0 ], 
					"rotationOrigin": [ -0.5, 0.0, 3.5 ],
					"rotationY": 5.0,
					"faces": {
						"north": { "texture": "#cap", "uv": [ 3.0, 6.0, 4.0, 6.5 ] },
						"east": { "texture": "#cap", "uv": [ 4.0, 4.0, 5.0, 4.5 ] },
						"south": { "texture": "#cap", "uv": [ 3.0, 3.0, 4.0, 3.5 ] },
						"west": { "texture": "#cap", "uv": [ 4.0, 2.0, 5.0, 2.5 ] },
						"up": { "texture": "#cap", "uv": [ 5.0, 6.0, 6.0, 7.0 ] },
						"down": { "texture": "#pores", "uv": [ 0.0, 0.0, 1.0, 1.0 ] }
					}
				},
				{
					"name": "single voxel15",
					"from": [ -3.0, 0.0, 1.5 ], 
					"to": [ -2.0, 0.5, 2.5 ], 
					"rotationOrigin": [ -2.5, 0.0, 2.0 ],
					"rotationY": -45.0,
					"faces": {
						"north": { "texture": "#cap", "uv": [ 0.0, 0.0, 1.0, 0.5 ] },
						"east": { "texture": "#cap", "uv": [ 0.0, 0.0, 1.0, 0.5 ] },
						"south": { "texture": "#cap", "uv": [ 0.0, 0.0, 1.0, 0.5 ] },
						"west": { "texture": "#cap", "uv": [ 0.0, 0.0, 1.0, 0.5 ] },
						"up": { "texture": "#cap", "uv": [ 0.0, 0.0, 1.0, 1.0 ] },
						"down": { "texture": "#pores", "uv": [ 0.0, 0.0, 1.0, 1.0 ] }
					}
				},
				{
					"name": "tiny16",
					"from": [ 3.0, 0.0, -1.0 ], 
					"to": [ 4.0, 0.5, 0.0 ], 
					"rotationOrigin": [ 3.5, 0.0, -0.5 ],
					"rotationY": 20.0,
					"faces": {
						"north": { "texture": "#stipe", "uv": [ 7.0, 5.0, 8.0, 5.5 ] },
						"east": { "texture": "#stipe", "uv": [ 10.0, 5.0, 11.0, 5.5 ] },
						"south": { "texture": "#stipe", "uv": [ 9.0, 5.0, 10.0, 5.5 ] },
						"west": { "texture": "#stipe", "uv": [ 1.0, 4.0, 2.0, 4.5 ] },
						"up": { "texture": "#stipe", "uv": [ 4.0, 5.0, 5.0, 6.0 ], "enabled": false },
						"down": { "texture": "#stipe", "uv": [ 2.0, 14.0, 3.0, 15.0 ] }
					},
					"children": [
						{
							"name": "Cube17",
							"from": [ 0.0, 0.5, 0.0 ], 
							"to": [ 1.0, 1.0, 1.0 ], 
							"faces": {
								"north": { "texture": "#cap", "uv": [ 3.0, 12.0, 4.0, 12.5 ] },
								"east": { "texture": "#cap", "uv": [ 4.0, 13.0, 5.0, 13.5 ] },
								"south": { "texture": "#cap", "uv": [ 3.0, 11.0, 4.0, 11.5 ] },
								"west": { "texture": "#cap", "uv": [ 7.0, 11.0, 8.0, 11.5 ] },
								"up": { "texture": "#cap", "uv": [ 10.0, 1.0, 11.0, 2.0 ] },
								"down": { "texture": "#cap", "uv": [ 4.0, 7.0, 5.0, 8.0 ] }
							}
						}
					]
				},
				{
					"name": "tiny18",
					"from": [ -3.0, 0.0, -1.0 ], 
					"to": [ -2.0, 0.5, 0.0 ], 
					"rotationOrigin": [ -2.5, 0.0, -0.5 ],
					"rotationY": 10.0,
					"faces": {
						"north": { "texture": "#stipe", "uv": [ 3.0, 13.0, 4.0, 13.5 ] },
						"east": { "texture": "#stipe", "uv": [ 10.0, 5.0, 11.0, 5.5 ] },
						"south": { "texture": "#stipe", "uv": [ 5.0, 1.0, 6.0, 1.5 ] },
						"west": { "texture": "#stipe", "uv": [ 9.0, 9.0, 10.0, 9.5 ] },
						"up": { "texture": "#stipe", "uv": [ 4.0, 5.0, 5.0, 6.0 ], "enabled": false },
						"down": { "texture": "#stipe", "uv": [ 2.0, 14.0, 3.0, 15.0 ] }
					},
					"children": [
						{
							"name": "Cube19",
							"from": [ -0.2, 0.5, -0.2 ], 
							"to": [ 1.3, 1.5, 1.3 ], 
							"faces": {
								"north": { "texture": "#cap", "uv": [ 4.0, 10.0, 5.5, 11.0 ] },
								"east": { "texture": "#cap", "uv": [ 3.0, 9.0, 4.5, 10.0 ] },
								"south": { "texture": "#cap", "uv": [ 5.0, 9.0, 6.5, 10.0 ] },
								"west": { "texture": "#cap", "uv": [ 3.0, 12.0, 4.5, 13.0 ] },
								"up": { "texture": "#cap", "uv": [ 4.0, 2.0, 5.5, 3.5 ] },
								"down": { "texture": "#cap", "uv": [ 2.0, 11.0, 3.5, 12.5 ] }
							}
						}
					]
				},
				{
					"name": "tiny21",
					"from": [ 1.0, 0.0, -4.0 ], 
					"to": [ 2.5, 0.5, -2.5 ], 
					"rotationOrigin": [ 2.0, 0.0, -3.0 ],
					"rotationY": -6.0,
					"faces": {
						"north": { "texture": "#stipe", "uv": [ 3.0, 13.0, 4.5, 13.5 ] },
						"east": { "texture": "#stipe", "uv": [ 10.0, 5.0, 11.5, 5.5 ] },
						"south": { "texture": "#stipe", "uv": [ 5.0, 1.0, 6.5, 1.5 ] },
						"west": { "texture": "#stipe", "uv": [ 9.0, 9.0, 10.5, 9.5 ] },
						"up": { "texture": "#stipe", "uv": [ 4.0, 5.0, 5.5, 6.5 ], "enabled": false },
						"down": { "texture": "#stipe", "uv": [ 2.0, 14.0, 3.5, 15.5 ] }
					},
					"children": [
						{
							"name": "Cube22",
							"from": [ -0.2, 0.5, -0.2 ], 
							"to": [ 1.8, 2.0, 1.8 ], 
							"faces": {
								"north": { "texture": "#cap", "uv": [ 4.0, 10.0, 6.0, 11.5 ] },
								"east": { "texture": "#cap", "uv": [ 6.0, 2.0, 8.0, 3.5 ] },
								"south": { "texture": "#cap", "uv": [ 1.0, 9.0, 3.0, 10.5 ] },
								"west": { "texture": "#cap", "uv": [ 3.0, 10.0, 5.0, 11.5 ] },
								"up": { "texture": "#cap", "uv": [ 13.0, 12.0, 15.0, 14.0 ] },
								"down": { "texture": "#cap", "uv": [ 3.0, 10.0, 5.0, 12.0 ] }
							}
						}
					]
				},
				{
					"name": "medium22",
					"from": [ -1.0, 0.0, 0.0 ], 
					"to": [ 1.0, 1.0, 2.0 ], 
					"rotationOrigin": [ 0.0, 0.0, 1.0 ],
					"rotationY": -20.0,
					"faces": {
						"north": { "texture": "#stipe", "uv": [ 14.0, 4.0, 16.0, 5.0 ] },
						"east": { "texture": "#stipe", "uv": [ 12.0, 4.0, 14.0, 5.0 ] },
						"south": { "texture": "#stipe", "uv": [ 0.0, 4.0, 2.0, 5.0 ] },
						"west": { "texture": "#stipe", "uv": [ 11.0, 4.0, 13.0, 5.0 ] },
						"up": { "texture": "#stipe", "uv": [ 4.0, 5.0, 6.0, 7.0 ], "enabled": false },
						"down": { "texture": "#stipe", "uv": [ 2.0, 14.0, 4.0, 16.0 ] }
					},
					"children": [
						{
							"name": "Cube23",
							"from": [ -0.5, 1.0, -0.5 ], 
							"to": [ 2.5, 3.0, 2.4 ], 
							"faces": {
								"north": { "texture": "#cap", "uv": [ 1.0, 12.0, 4.0, 14.0 ] },
								"east": { "texture": "#cap", "uv": [ 4.0, 11.0, 6.5, 13.0 ] },
								"south": { "texture": "#cap", "uv": [ 5.0, 8.0, 8.0, 10.0 ] },
								"west": { "texture": "#cap", "uv": [ 9.0, 6.0, 11.5, 8.0 ] },
								"up": { "texture": "#cap", "uv": [ 7.0, 3.0, 10.0, 5.5 ] },
								"down": { "texture": "#pores", "uv": [ 3.0, 6.0, 6.0, 8.5 ] }
							},
							"children": [
								{
									"name": "Cube24",
									"from": [ 0.5, 2.0, 0.5 ], 
									"to": [ 2.5, 2.5, 2.5 ], 
									"faces": {
										"north": { "texture": "#cap", "uv": [ 9.0, 10.0, 11.0, 10.5 ] },
										"east": { "texture": "#cap", "uv": [ 7.0, 7.0, 9.0, 7.5 ] },
										"south": { "texture": "#cap", "uv": [ 6.0, 5.0, 8.0, 5.5 ] },
										"west": { "texture": "#cap", "uv": [ 2.0, 2.0, 4.0, 2.5 ] },
										"up": { "texture": "#cap", "uv": [ 13.0, 2.0, 15.0, 4.0 ] },
										"down": { "texture": "#cap", "uv": [ 0.0, 0.0, 2.0, 2.0 ], "enabled": false }
									}
								}
							]
						}
					]
				}
			]
		}
	]}