{
	"textures": {
		"cap": "game:block/plant/mushroom/bolete/cap",
		"stipe": "game:block/plant/mushroom/bolete/stipe",
		"pores": "game:block/plant/mushroom/bolete/pores"
	},
	"elements": [
		{
			"name": "origin",
			"from": [ 8.0, 0.0, 8.0 ], 
			"to": [ 8.0, 0.0, 8.0 ], 
			"rotationOrigin": [ 8.0, 0.0, 8.0 ],
			"faces": {
				"north": { "texture": "#null", "uv": [ 0.0, 0.0, 0.5, 0.5 ], "enabled": false },
				"east": { "texture": "#null", "uv": [ 0.0, 0.0, 0.5, 0.5 ] },
				"south": { "texture": "#null", "uv": [ 0.0, 0.0, 0.5, 0.5 ] },
				"west": { "texture": "#null", "uv": [ 0.0, 0.0, 0.5, 0.5 ] },
				"up": { "texture": "#null", "uv": [ 0.0, 0.0, 0.5, 0.5 ] },
				"down": { "texture": "#null", "uv": [ 0.0, 0.0, 0.5, 0.5 ] }
			},
			"children": [
				{
					"name": "single voxel25",
					"from": [ 2.1, 0.0, 3.6 ], 
					"to": [ 3.1, 0.5, 4.6 ], 
					"rotationOrigin": [ 2.6, 0.0, 4.1 ],
					"rotationY": 22.5,
					"faces": {
						"north": { "texture": "#cap", "uv": [ 0.0, 0.0, 1.0, 0.5 ] },
						"east": { "texture": "#cap", "uv": [ 0.0, 0.0, 1.0, 0.5 ] },
						"south": { "texture": "#cap", "uv": [ 0.0, 0.0, 1.0, 0.5 ] },
						"west": { "texture": "#cap", "uv": [ 0.0, 0.0, 1.0, 0.5 ] },
						"up": { "texture": "#cap", "uv": [ 0.0, 0.0, 1.0, 1.0 ] },
						"down": { "texture": "#pores", "uv": [ 0.0, 0.0, 1.0, 1.0 ] }
					}
				},
				{
					"name": "tiny22",
					"from": [ 1.8, 0.0, -3.2 ], 
					"to": [ 2.8, 0.5, -2.2 ], 
					"rotationOrigin": [ 2.3, 0.0, -2.7 ],
					"rotationY": -14.0,
					"faces": {
						"north": { "texture": "#stipe", "uv": [ 3.0, 13.0, 4.0, 13.5 ] },
						"east": { "texture": "#stipe", "uv": [ 10.0, 5.0, 11.0, 5.5 ] },
						"south": { "texture": "#stipe", "uv": [ 5.0, 1.0, 6.0, 1.5 ] },
						"west": { "texture": "#stipe", "uv": [ 9.0, 9.0, 10.0, 9.5 ] },
						"up": { "texture": "#stipe", "uv": [ 4.0, 5.0, 5.0, 6.0 ], "enabled": false },
						"down": { "texture": "#stipe", "uv": [ 2.0, 14.0, 3.0, 15.0 ] }
					},
					"children": [
						{
							"name": "Cube26",
							"from": [ -0.2, 0.5, -0.2 ], 
							"to": [ 1.3, 2.0, 1.3 ], 
							"faces": {
								"north": { "texture": "#cap", "uv": [ 3.0, 12.0, 4.5, 13.5 ] },
								"east": { "texture": "#cap", "uv": [ 4.0, 13.0, 5.5, 14.5 ] },
								"south": { "texture": "#cap", "uv": [ 3.0, 11.0, 4.5, 12.5 ] },
								"west": { "texture": "#cap", "uv": [ 7.0, 11.0, 8.5, 12.5 ] },
								"up": { "texture": "#cap", "uv": [ 9.0, 12.0, 10.5, 13.5 ] },
								"down": { "texture": "#cap", "uv": [ 5.0, 9.0, 6.5, 10.5 ] }
							}
						}
					]
				},
				{
					"name": "tiny20",
					"from": [ -3.5, 0.0, -2.6 ], 
					"to": [ -2.5, 0.5, -1.6 ], 
					"rotationOrigin": [ -3.0, 0.0, -2.1 ],
					"rotationY": 45.0,
					"faces": {
						"north": { "texture": "#stipe", "uv": [ 3.0, 13.0, 4.0, 13.5 ] },
						"east": { "texture": "#stipe", "uv": [ 10.0, 5.0, 11.0, 5.5 ] },
						"south": { "texture": "#stipe", "uv": [ 5.0, 1.0, 6.0, 1.5 ] },
						"west": { "texture": "#stipe", "uv": [ 9.0, 9.0, 10.0, 9.5 ] },
						"up": { "texture": "#stipe", "uv": [ 4.0, 5.0, 5.0, 6.0 ], "enabled": false },
						"down": { "texture": "#stipe", "uv": [ 2.0, 14.0, 3.0, 15.0 ] }
					},
					"children": [
						{
							"name": "Cube21",
							"from": [ -0.2, 0.5, -0.2 ], 
							"to": [ 1.3, 1.5, 1.3 ], 
							"faces": {
								"north": { "texture": "#cap", "uv": [ 4.0, 10.0, 5.5, 11.0 ] },
								"east": { "texture": "#cap", "uv": [ 3.0, 9.0, 4.5, 10.0 ] },
								"south": { "texture": "#cap", "uv": [ 5.0, 9.0, 6.5, 10.0 ] },
								"west": { "texture": "#cap", "uv": [ 3.0, 12.0, 4.5, 13.0 ] },
								"up": { "texture": "#cap", "uv": [ 13.0, 12.0, 14.5, 13.5 ] },
								"down": { "texture": "#cap", "uv": [ 2.0, 11.0, 3.5, 12.5 ] }
							}
						}
					]
				},
				{
					"name": "tiny24",
					"from": [ 2.7, 0.0, 2.0 ], 
					"to": [ 4.2, 0.5, 3.5 ], 
					"rotationOrigin": [ 3.7, 0.0, 3.0 ],
					"rotationY": -22.5,
					"faces": {
						"north": { "texture": "#stipe", "uv": [ 3.0, 13.0, 4.5, 13.5 ] },
						"east": { "texture": "#stipe", "uv": [ 10.0, 5.0, 11.5, 5.5 ] },
						"south": { "texture": "#stipe", "uv": [ 5.0, 1.0, 6.5, 1.5 ] },
						"west": { "texture": "#stipe", "uv": [ 9.0, 9.0, 10.5, 9.5 ] },
						"up": { "texture": "#stipe", "uv": [ 4.0, 5.0, 5.5, 6.5 ], "enabled": false },
						"down": { "texture": "#stipe", "uv": [ 2.0, 14.0, 3.5, 15.5 ] }
					},
					"children": [
						{
							"name": "Cube25",
							"from": [ -0.2, 0.5, -0.2 ], 
							"to": [ 1.8, 2.0, 1.8 ], 
							"faces": {
								"north": { "texture": "#cap", "uv": [ 4.0, 10.0, 6.0, 11.5 ] },
								"east": { "texture": "#cap", "uv": [ 3.0, 8.0, 5.0, 9.5 ] },
								"south": { "texture": "#cap", "uv": [ 1.0, 9.0, 3.0, 10.5 ] },
								"west": { "texture": "#cap", "uv": [ 3.0, 10.0, 5.0, 11.5 ] },
								"up": { "texture": "#cap", "uv": [ 4.0, 10.0, 6.0, 12.0 ] },
								"down": { "texture": "#cap", "uv": [ 3.0, 10.0, 5.0, 12.0 ] }
							}
						}
					]
				},
				{
					"name": "tiny21",
					"from": [ 0.9, 0.0, 0.6 ], 
					"to": [ 1.9, 0.5, 1.6 ], 
					"rotationOrigin": [ 1.4, 0.0, 1.1 ],
					"faces": {
						"north": { "texture": "#stipe", "uv": [ 3.0, 13.0, 4.0, 13.5 ] },
						"east": { "texture": "#stipe", "uv": [ 10.0, 5.0, 11.0, 5.5 ] },
						"south": { "texture": "#stipe", "uv": [ 5.0, 1.0, 6.0, 1.5 ] },
						"west": { "texture": "#stipe", "uv": [ 9.0, 9.0, 10.0, 9.5 ] },
						"up": { "texture": "#stipe", "uv": [ 4.0, 5.0, 5.0, 6.0 ], "enabled": false },
						"down": { "texture": "#stipe", "uv": [ 2.0, 14.0, 3.0, 15.0 ] }
					},
					"children": [
						{
							"name": "Cube22",
							"from": [ -0.2, 0.5, -0.2 ], 
							"to": [ 1.3, 1.0, 1.3 ], 
							"faces": {
								"north": { "texture": "#cap", "uv": [ 4.0, 10.0, 5.5, 10.5 ] },
								"east": { "texture": "#cap", "uv": [ 3.0, 8.0, 4.5, 8.5 ] },
								"south": { "texture": "#cap", "uv": [ 1.0, 9.0, 2.5, 9.5 ] },
								"west": { "texture": "#cap", "uv": [ 3.0, 10.0, 4.5, 10.5 ] },
								"up": { "texture": "#cap", "uv": [ 4.0, 10.0, 5.5, 11.5 ] },
								"down": { "texture": "#cap", "uv": [ 3.0, 10.0, 4.5, 11.5 ] }
							}
						}
					]
				},
				{
					"name": "large",
					"from": [ -1.0, 0.0, -2.4 ], 
					"to": [ 1.5, 4.0, 0.1 ], 
					"rotationOrigin": [ 0.0, 0.0, -1.4 ],
					"rotationY": 23.0,
					"faces": {
						"north": { "texture": "#stipe", "uv": [ 11.0, 1.0, 13.5, 5.0 ] },
						"east": { "texture": "#stipe", "uv": [ 9.0, 1.0, 11.5, 5.0 ] },
						"south": { "texture": "#stipe", "uv": [ 5.0, 1.0, 7.5, 5.0 ] },
						"west": { "texture": "#stipe", "uv": [ 7.0, 1.0, 9.5, 5.0 ] },
						"up": { "texture": "#stipe", "uv": [ 11.0, 0.0, 13.5, 2.5 ], "enabled": false },
						"down": { "texture": "#stipe", "uv": [ 10.0, 3.0, 12.5, 5.5 ] }
					},
					"children": [
						{
							"name": "Cube16",
							"from": [ -1.2, 4.0, -1.2 ], 
							"to": [ 3.8, 6.0, 3.8 ], 
							"faces": {
								"north": { "texture": "#cap", "uv": [ 6.0, 10.0, 11.0, 12.0 ] },
								"east": { "texture": "#cap", "uv": [ 9.0, 4.0, 14.0, 6.0 ] },
								"south": { "texture": "#cap", "uv": [ 11.0, 14.0, 16.0, 16.0 ] },
								"west": { "texture": "#cap", "uv": [ 8.0, 12.0, 13.0, 14.0 ] },
								"up": { "texture": "#cap", "uv": [ 4.0, 11.0, 9.0, 16.0 ] },
								"down": { "texture": "#pores", "uv": [ 2.0, 11.0, 7.0, 16.0 ] }
							},
							"children": [
								{
									"name": "Cube23",
									"from": [ 0.5, 2.0, 0.5 ], 
									"to": [ 4.5, 2.5, 4.5 ], 
									"rotationOrigin": [ -4.0, 0.0, -4.0 ],
									"faces": {
										"north": { "texture": "#cap", "uv": [ 7.0, 12.0, 11.0, 12.5 ] },
										"east": { "texture": "#cap", "uv": [ 10.0, 12.0, 14.0, 12.5 ] },
										"south": { "texture": "#cap", "uv": [ 4.0, 12.0, 8.0, 12.5 ] },
										"west": { "texture": "#cap", "uv": [ 7.0, 12.0, 11.0, 12.5 ] },
										"up": { "texture": "#cap", "uv": [ 11.5, 6.5, 15.5, 10.5 ] },
										"down": { "texture": "#cap", "uv": [ 7.0, 12.0, 11.0, 16.0 ], "enabled": false }
									},
									"children": [
										{
											"name": "Cube24",
											"from": [ 1.0, 0.5, 1.0 ], 
											"to": [ 3.0, 1.0, 3.0 ], 
											"rotationOrigin": [ 4.0, 0.0, 4.0 ],
											"faces": {
												"north": { "texture": "#cap", "uv": [ 11.0, 4.0, 13.0, 4.5 ] },
												"east": { "texture": "#cap", "uv": [ 3.0, 10.0, 5.0, 10.5 ] },
												"south": { "texture": "#cap", "uv": [ 12.0, 1.0, 14.0, 1.5 ] },
												"west": { "texture": "#cap", "uv": [ 1.0, 12.0, 3.0, 12.5 ] },
												"up": { "texture": "#cap", "uv": [ 2.0, 13.0, 4.0, 15.0 ] },
												"down": { "texture": "#cap", "uv": [ 0.0, 0.0, 2.0, 2.0 ], "enabled": false }
											}
										}
									]
								}
							]
						}
					]
				},
				{
					"name": "medium",
					"from": [ -3.2, 0.0, 0.3 ], 
					"to": [ -1.2, 1.0, 2.3 ], 
					"rotationOrigin": [ -2.2, 0.0, 1.3 ],
					"rotationY": -20.0,
					"faces": {
						"north": { "texture": "#stipe", "uv": [ 3.0, 13.0, 5.0, 14.0 ] },
						"east": { "texture": "#stipe", "uv": [ 9.0, 3.0, 11.0, 4.0 ] },
						"south": { "texture": "#stipe", "uv": [ 2.0, 2.0, 4.0, 3.0 ] },
						"west": { "texture": "#stipe", "uv": [ 9.0, 9.0, 11.0, 10.0 ] },
						"up": { "texture": "#stipe", "uv": [ 4.0, 5.0, 6.0, 7.0 ], "enabled": false },
						"down": { "texture": "#stipe", "uv": [ 2.0, 14.0, 4.0, 16.0 ] }
					},
					"children": [
						{
							"name": "Cube2",
							"from": [ -0.5, 1.0, -0.5 ], 
							"to": [ 2.5, 2.5, 2.5 ], 
							"faces": {
								"north": { "texture": "#cap", "uv": [ 8.0, 11.0, 11.0, 12.5 ] },
								"east": { "texture": "#cap", "uv": [ 3.0, 11.0, 6.0, 12.5 ] },
								"south": { "texture": "#cap", "uv": [ 12.0, 14.0, 15.0, 15.5 ] },
								"west": { "texture": "#cap", "uv": [ 8.0, 7.0, 11.0, 8.5 ] },
								"up": { "texture": "#cap", "uv": [ 10.0, 2.0, 13.0, 5.0 ] },
								"down": { "texture": "#pores", "uv": [ 3.0, 6.0, 6.0, 9.0 ] }
							},
							"children": [
								{
									"name": "Cube3",
									"from": [ 0.5, 1.5, 0.5 ], 
									"to": [ 2.5, 2.0, 2.5 ], 
									"faces": {
										"north": { "texture": "#cap", "uv": [ 0.0, 0.0, 2.0, 0.5 ] },
										"east": { "texture": "#cap", "uv": [ 0.0, 0.0, 2.0, 0.5 ] },
										"south": { "texture": "#cap", "uv": [ 0.0, 0.0, 2.0, 0.5 ] },
										"west": { "texture": "#cap", "uv": [ 0.0, 0.0, 2.0, 0.5 ] },
										"up": { "texture": "#cap", "uv": [ 0.0, 0.0, 2.0, 2.0 ] },
										"down": { "texture": "#cap", "uv": [ 0.0, 0.0, 2.0, 2.0 ], "enabled": false }
									}
								}
							]
						}
					]
				}
			]
		},
		{
			"name": "origin18",
			"from": [ 24.0, 0.0, 8.0 ], 
			"to": [ 24.0, 0.0, 8.0 ], 
			"rotationOrigin": [ 24.0, 0.0, 8.0 ],
			"rotationY": -180.0,
			"faces": {
				"north": { "texture": "#null", "uv": [ 0.0, 0.0, 0.5, 0.5 ], "enabled": false },
				"east": { "texture": "#null", "uv": [ 0.0, 0.0, 0.5, 0.5 ] },
				"south": { "texture": "#null", "uv": [ 0.0, 0.0, 0.5, 0.5 ] },
				"west": { "texture": "#null", "uv": [ 0.0, 0.0, 0.5, 0.5 ] },
				"up": { "texture": "#null", "uv": [ 0.0, 0.0, 0.5, 0.5 ] },
				"down": { "texture": "#null", "uv": [ 0.0, 0.0, 0.5, 0.5 ] }
			},
			"children": [
				{
					"name": "single voxel19",
					"from": [ 2.1, 0.0, 3.6 ], 
					"to": [ 3.1, 0.5, 4.6 ], 
					"rotationOrigin": [ 2.6, 0.0, 4.1 ],
					"rotationY": 22.5,
					"faces": {
						"north": { "texture": "#cap", "uv": [ 0.0, 0.0, 1.0, 0.5 ] },
						"east": { "texture": "#cap", "uv": [ 0.0, 0.0, 1.0, 0.5 ] },
						"south": { "texture": "#cap", "uv": [ 0.0, 0.0, 1.0, 0.5 ] },
						"west": { "texture": "#cap", "uv": [ 0.0, 0.0, 1.0, 0.5 ] },
						"up": { "texture": "#cap", "uv": [ 0.0, 0.0, 1.0, 1.0 ] },
						"down": { "texture": "#pores", "uv": [ 0.0, 0.0, 1.0, 1.0 ] }
					}
				},
				{
					"name": "tiny23",
					"from": [ 1.8, 0.0, -3.2 ], 
					"to": [ 2.8, 0.5, -2.2 ], 
					"rotationOrigin": [ 2.3, 0.0, -2.7 ],
					"rotationY": -14.0,
					"faces": {
						"north": { "texture": "#stipe", "uv": [ 3.0, 13.0, 4.0, 13.5 ] },
						"east": { "texture": "#stipe", "uv": [ 10.0, 5.0, 11.0, 5.5 ] },
						"south": { "texture": "#stipe", "uv": [ 5.0, 1.0, 6.0, 1.5 ] },
						"west": { "texture": "#stipe", "uv": [ 9.0, 9.0, 10.0, 9.5 ] },
						"up": { "texture": "#stipe", "uv": [ 4.0, 5.0, 5.0, 6.0 ], "enabled": false },
						"down": { "texture": "#stipe", "uv": [ 2.0, 14.0, 3.0, 15.0 ] }
					},
					"children": [
						{
							"name": "Cube27",
							"from": [ -0.2, 0.5, -0.2 ], 
							"to": [ 1.3, 2.0, 1.3 ], 
							"faces": {
								"north": { "texture": "#cap", "uv": [ 3.0, 12.0, 4.5, 13.5 ] },
								"east": { "texture": "#cap", "uv": [ 4.0, 13.0, 5.5, 14.5 ] },
								"south": { "texture": "#cap", "uv": [ 3.0, 11.0, 4.5, 12.5 ] },
								"west": { "texture": "#cap", "uv": [ 7.0, 11.0, 8.5, 12.5 ] },
								"up": { "texture": "#cap", "uv": [ 9.0, 12.0, 10.5, 13.5 ] },
								"down": { "texture": "#cap", "uv": [ 5.0, 9.0, 6.5, 10.5 ] }
							}
						}
					]
				},
				{
					"name": "tiny23",
					"from": [ -3.5, 0.0, -2.6 ], 
					"to": [ -2.5, 0.5, -1.6 ], 
					"rotationOrigin": [ -3.0, 0.0, -2.1 ],
					"rotationY": 45.0,
					"faces": {
						"north": { "texture": "#stipe", "uv": [ 3.0, 13.0, 4.0, 13.5 ] },
						"east": { "texture": "#stipe", "uv": [ 10.0, 5.0, 11.0, 5.5 ] },
						"south": { "texture": "#stipe", "uv": [ 5.0, 1.0, 6.0, 1.5 ] },
						"west": { "texture": "#stipe", "uv": [ 9.0, 9.0, 10.0, 9.5 ] },
						"up": { "texture": "#stipe", "uv": [ 4.0, 5.0, 5.0, 6.0 ], "enabled": false },
						"down": { "texture": "#stipe", "uv": [ 2.0, 14.0, 3.0, 15.0 ] }
					},
					"children": [
						{
							"name": "Cube27",
							"from": [ -0.2, 0.5, -0.2 ], 
							"to": [ 1.3, 1.5, 1.3 ], 
							"faces": {
								"north": { "texture": "#cap", "uv": [ 4.0, 10.0, 5.5, 11.0 ] },
								"east": { "texture": "#cap", "uv": [ 3.0, 9.0, 4.5, 10.0 ] },
								"south": { "texture": "#cap", "uv": [ 5.0, 9.0, 6.5, 10.0 ] },
								"west": { "texture": "#cap", "uv": [ 3.0, 12.0, 4.5, 13.0 ] },
								"up": { "texture": "#cap", "uv": [ 13.0, 12.0, 14.5, 13.5 ] },
								"down": { "texture": "#cap", "uv": [ 2.0, 11.0, 3.5, 12.5 ] }
							}
						}
					]
				},
				{
					"name": "tiny25",
					"from": [ 2.7, 0.0, 2.0 ], 
					"to": [ 4.2, 0.5, 3.5 ], 
					"rotationOrigin": [ 3.7, 0.0, 3.0 ],
					"rotationY": -22.5,
					"faces": {
						"north": { "texture": "#stipe", "uv": [ 3.0, 13.0, 4.5, 13.5 ] },
						"east": { "texture": "#stipe", "uv": [ 10.0, 5.0, 11.5, 5.5 ] },
						"south": { "texture": "#stipe", "uv": [ 5.0, 1.0, 6.5, 1.5 ] },
						"west": { "texture": "#stipe", "uv": [ 9.0, 9.0, 10.5, 9.5 ] },
						"up": { "texture": "#stipe", "uv": [ 4.0, 5.0, 5.5, 6.5 ], "enabled": false },
						"down": { "texture": "#stipe", "uv": [ 2.0, 14.0, 3.5, 15.5 ] }
					},
					"children": [
						{
							"name": "Cube27",
							"from": [ -0.2, 0.5, -0.2 ], 
							"to": [ 1.8, 2.0, 1.8 ], 
							"faces": {
								"north": { "texture": "#cap", "uv": [ 4.0, 10.0, 6.0, 11.5 ] },
								"east": { "texture": "#cap", "uv": [ 3.0, 8.0, 5.0, 9.5 ] },
								"south": { "texture": "#cap", "uv": [ 1.0, 9.0, 3.0, 10.5 ] },
								"west": { "texture": "#cap", "uv": [ 3.0, 10.0, 5.0, 11.5 ] },
								"up": { "texture": "#cap", "uv": [ 4.0, 10.0, 6.0, 12.0 ] },
								"down": { "texture": "#cap", "uv": [ 3.0, 10.0, 5.0, 12.0 ] }
							}
						}
					]
				},
				{
					"name": "tiny26",
					"from": [ 0.9, 0.0, 0.6 ], 
					"to": [ 1.9, 0.5, 1.6 ], 
					"rotationOrigin": [ 1.4, 0.0, 1.1 ],
					"faces": {
						"north": { "texture": "#stipe", "uv": [ 3.0, 13.0, 4.0, 13.5 ] },
						"east": { "texture": "#stipe", "uv": [ 10.0, 5.0, 11.0, 5.5 ] },
						"south": { "texture": "#stipe", "uv": [ 5.0, 1.0, 6.0, 1.5 ] },
						"west": { "texture": "#stipe", "uv": [ 9.0, 9.0, 10.0, 9.5 ] },
						"up": { "texture": "#stipe", "uv": [ 4.0, 5.0, 5.0, 6.0 ], "enabled": false },
						"down": { "texture": "#stipe", "uv": [ 2.0, 14.0, 3.0, 15.0 ] }
					},
					"children": [
						{
							"name": "Cube27",
							"from": [ -0.2, 0.5, -0.2 ], 
							"to": [ 1.3, 1.0, 1.3 ], 
							"faces": {
								"north": { "texture": "#cap", "uv": [ 4.0, 10.0, 5.5, 10.5 ] },
								"east": { "texture": "#cap", "uv": [ 3.0, 8.0, 4.5, 8.5 ] },
								"south": { "texture": "#cap", "uv": [ 1.0, 9.0, 2.5, 9.5 ] },
								"west": { "texture": "#cap", "uv": [ 3.0, 10.0, 4.5, 10.5 ] },
								"up": { "texture": "#cap", "uv": [ 4.0, 10.0, 5.5, 11.5 ] },
								"down": { "texture": "#cap", "uv": [ 3.0, 10.0, 4.5, 11.5 ] }
							}
						}
					]
				},
				{
					"name": "large28",
					"from": [ -1.0, 0.0, -2.4 ], 
					"to": [ 1.5, 4.0, 0.1 ], 
					"rotationOrigin": [ 0.0, 0.0, -1.4 ],
					"rotationY": 23.0,
					"faces": {
						"north": { "texture": "#stipe", "uv": [ 11.0, 1.0, 13.5, 5.0 ] },
						"east": { "texture": "#stipe", "uv": [ 9.0, 1.0, 11.5, 5.0 ] },
						"south": { "texture": "#stipe", "uv": [ 5.0, 1.0, 7.5, 5.0 ] },
						"west": { "texture": "#stipe", "uv": [ 7.0, 1.0, 9.5, 5.0 ] },
						"up": { "texture": "#stipe", "uv": [ 11.0, 0.0, 13.5, 2.5 ], "enabled": false },
						"down": { "texture": "#stipe", "uv": [ 10.0, 3.0, 12.5, 5.5 ] }
					},
					"children": [
						{
							"name": "Cube29",
							"from": [ -1.2, 4.0, -1.2 ], 
							"to": [ 3.8, 6.0, 3.8 ], 
							"faces": {
								"north": { "texture": "#cap", "uv": [ 6.0, 10.0, 11.0, 12.0 ] },
								"east": { "texture": "#cap", "uv": [ 9.0, 4.0, 14.0, 6.0 ] },
								"south": { "texture": "#cap", "uv": [ 11.0, 14.0, 16.0, 16.0 ] },
								"west": { "texture": "#cap", "uv": [ 8.0, 12.0, 13.0, 14.0 ] },
								"up": { "texture": "#cap", "uv": [ 4.0, 11.0, 9.0, 16.0 ] },
								"down": { "texture": "#pores", "uv": [ 2.0, 11.0, 7.0, 16.0 ] }
							},
							"children": [
								{
									"name": "Cube30",
									"from": [ 0.5, 2.0, 0.5 ], 
									"to": [ 4.5, 2.5, 4.5 ], 
									"rotationOrigin": [ -4.0, 0.0, -4.0 ],
									"faces": {
										"north": { "texture": "#cap", "uv": [ 7.0, 12.0, 11.0, 12.5 ] },
										"east": { "texture": "#cap", "uv": [ 10.0, 12.0, 14.0, 12.5 ] },
										"south": { "texture": "#cap", "uv": [ 4.0, 12.0, 8.0, 12.5 ] },
										"west": { "texture": "#cap", "uv": [ 7.0, 12.0, 11.0, 12.5 ] },
										"up": { "texture": "#cap", "uv": [ 11.5, 6.5, 15.5, 10.5 ] },
										"down": { "texture": "#cap", "uv": [ 7.0, 12.0, 11.0, 16.0 ], "enabled": false }
									},
									"children": [
										{
											"name": "Cube31",
											"from": [ 1.0, 0.5, 1.0 ], 
											"to": [ 3.0, 1.0, 3.0 ], 
											"rotationOrigin": [ 4.0, 0.0, 4.0 ],
											"faces": {
												"north": { "texture": "#cap", "uv": [ 11.0, 4.0, 13.0, 4.5 ] },
												"east": { "texture": "#cap", "uv": [ 3.0, 10.0, 5.0, 10.5 ] },
												"south": { "texture": "#cap", "uv": [ 12.0, 1.0, 14.0, 1.5 ] },
												"west": { "texture": "#cap", "uv": [ 1.0, 12.0, 3.0, 12.5 ] },
												"up": { "texture": "#cap", "uv": [ 2.0, 13.0, 4.0, 15.0 ] },
												"down": { "texture": "#cap", "uv": [ 0.0, 0.0, 2.0, 2.0 ], "enabled": false }
											}
										}
									]
								}
							]
						}
					]
				},
				{
					"name": "medium32",
					"from": [ -3.2, 0.0, 0.3 ], 
					"to": [ -1.2, 1.0, 2.3 ], 
					"rotationOrigin": [ -2.2, 0.0, 1.3 ],
					"rotationY": -20.0,
					"faces": {
						"north": { "texture": "#stipe", "uv": [ 3.0, 13.0, 5.0, 14.0 ] },
						"east": { "texture": "#stipe", "uv": [ 9.0, 3.0, 11.0, 4.0 ] },
						"south": { "texture": "#stipe", "uv": [ 2.0, 2.0, 4.0, 3.0 ] },
						"west": { "texture": "#stipe", "uv": [ 9.0, 9.0, 11.0, 10.0 ] },
						"up": { "texture": "#stipe", "uv": [ 4.0, 5.0, 6.0, 7.0 ], "enabled": false },
						"down": { "texture": "#stipe", "uv": [ 2.0, 14.0, 4.0, 16.0 ] }
					},
					"children": [
						{
							"name": "Cube33",
							"from": [ -0.5, 1.0, -0.5 ], 
							"to": [ 2.5, 2.5, 2.5 ], 
							"faces": {
								"north": { "texture": "#cap", "uv": [ 8.0, 11.0, 11.0, 12.5 ] },
								"east": { "texture": "#cap", "uv": [ 3.0, 11.0, 6.0, 12.5 ] },
								"south": { "texture": "#cap", "uv": [ 12.0, 14.0, 15.0, 15.5 ] },
								"west": { "texture": "#cap", "uv": [ 8.0, 7.0, 11.0, 8.5 ] },
								"up": { "texture": "#cap", "uv": [ 10.0, 2.0, 13.0, 5.0 ] },
								"down": { "texture": "#pores", "uv": [ 3.0, 6.0, 6.0, 9.0 ] }
							},
							"children": [
								{
									"name": "Cube34",
									"from": [ 0.5, 1.5, 0.5 ], 
									"to": [ 2.5, 2.0, 2.5 ], 
									"faces": {
										"north": { "texture": "#cap", "uv": [ 0.0, 0.0, 2.0, 0.5 ] },
										"east": { "texture": "#cap", "uv": [ 0.0, 0.0, 2.0, 0.5 ] },
										"south": { "texture": "#cap", "uv": [ 0.0, 0.0, 2.0, 0.5 ] },
										"west": { "texture": "#cap", "uv": [ 0.0, 0.0, 2.0, 0.5 ] },
										"up": { "texture": "#cap", "uv": [ 0.0, 0.0, 2.0, 2.0 ] },
										"down": { "texture": "#cap", "uv": [ 0.0, 0.0, 2.0, 2.0 ], "enabled": false }
									}
								}
							]
						}
					]
				}
			]
		}
	]}