[
  {
    "op": "replace",
    "path": "/attributes/distillationPropsbytype/*/ratio",
    "value": 0.34,
    "file": "game:itemtypes/liquid/cider.json",
    "side": "Server"
  },
  {
    "op": "replace",
    "path": "/attributes/distillationPropsbytype/ciderportion-amaranth/ratio",
    "value": 0.1,
    "file": "game:itemtypes/liquid/cider.json",
    "side": "Server"
  },
  {
    "op": "replace",
    "path": "/attributes/distillationPropsbytype/ciderportion-cassava/ratio",
    "value": 0.1,
    "file": "game:itemtypes/liquid/cider.json",
    "side": "Server"
  },
  {
    "op": "replace",
    "path": "/attributes/distillationPropsbytype/ciderportion-mead/ratio",
    "value": 0.1,
    "file": "game:itemtypes/liquid/cider.json",
    "side": "Server"
  },
  {
    "op": "replace",
    "path": "/attributes/distillationPropsbytype/ciderportion-rice/ratio",
    "value": 0.1,
    "file": "game:itemtypes/liquid/cider.json",
    "side": "Server"
  },
  {
    "op": "replace",
    "path": "/attributes/distillationPropsbytype/ciderportion-rye/ratio",
    "value": 0.1,
    "file": "game:itemtypes/liquid/cider.json",
    "side": "Server"
  },
  {
    "op": "replace",
    "path": "/attributes/distillationPropsbytype/ciderportion-spelt/ratio",
    "value": 0.1,
    "file": "game:itemtypes/liquid/cider.json",
    "side": "Server"
  }
]