{
	"editor": {
		"allAngles": true,
		"entityTextureMode": false
	},
	"textureWidth": 16,
	"textureHeight": 16,
	"textureSizes": {
	},
	"textures": {
		"club": "mycodiversity:block/plant/mushroom/club"
	},
	"elements": [
		{
			"name": "origin",
			"from": [ 8.0, 0.0, 8.0 ],
			"to": [ 8.0, 0.0, 8.0 ],
			"rotationOrigin": [ 8.0, 0.0, 8.0 ],
			"faces": {
				"north": { "texture": "#club", "uv": [ 0.0, 0.0, 0.5, 0.5 ] },
				"east": { "texture": "#club", "uv": [ 0.0, 0.0, 0.5, 0.5 ] },
				"south": { "texture": "#club", "uv": [ 0.0, 0.0, 0.5, 0.5 ] },
				"west": { "texture": "#club", "uv": [ 0.0, 0.0, 0.5, 0.5 ] },
				"up": { "texture": "#club", "uv": [ 0.0, 0.0, 0.5, 0.5 ] },
				"down": { "texture": "#club", "uv": [ 0.0, 0.0, 0.5, 0.5 ] }
			},
			"children": [
				{
					"name": "Cube4",
					"from": [ 3.0, 0.0, 1.0 ],
					"to": [ 3.3, 0.8, 1.3 ],
					"rotationOrigin": [ 3.0, 0.0, 1.0 ],
					"rotationY": -44.0,
					"rotationZ": -6.0,
					"faces": {
						"north": { "texture": "#club", "uv": [ 13.0, 13.5, 13.5, 14.0 ] },
						"east": { "texture": "#club", "uv": [ 14.0, 14.0, 14.5, 14.5 ] },
						"south": { "texture": "#club", "uv": [ 13.5, 14.0, 14.0, 14.5 ] },
						"west": { "texture": "#club", "uv": [ 14.5, 11.0, 15.0, 11.5 ] },
						"up": { "texture": "#club", "uv": [ 13.5, 11.0, 14.0, 11.5 ] },
						"down": { "texture": "#club", "uv": [ 12.5, 10.5, 13.0, 11.0 ] }
					},
					"children": [
						{
							"name": "Cube14",
							"from": [ 0.0, 0.7, 0.0 ],
							"to": [ 0.3, 1.9, 0.3 ],
							"rotationOrigin": [ 0.0, 0.7, 0.0 ],
							"rotationX": -6.0,
							"rotationZ": 6.0,
							"faces": {
								"north": { "texture": "#club", "uv": [ 14.5, 8.0, 15.0, 9.0 ] },
								"east": { "texture": "#club", "uv": [ 13.5, 8.0, 14.0, 9.0 ] },
								"south": { "texture": "#club", "uv": [ 14.0, 7.5, 14.5, 8.5 ] },
								"west": { "texture": "#club", "uv": [ 13.0, 8.5, 13.5, 9.5 ] },
								"up": { "texture": "#club", "uv": [ 13.0, 7.5, 13.5, 8.0 ] },
								"down": { "texture": "#club", "uv": [ 13.5, 9.5, 14.0, 10.0 ] }
							},
							"children": [
								{
									"name": "Cube15",
									"from": [ -0.1, 1.2, -0.05 ],
									"to": [ 0.4, 2.4, 0.35 ],
									"rotationOrigin": [ -0.1, 1.2, -0.1 ],
									"rotationX": 6.0,
									"rotationZ": -3.0,
									"faces": {
										"north": { "texture": "#club", "uv": [ 14.0, 1.5, 14.5, 2.5 ] },
										"east": { "texture": "#club", "uv": [ 13.5, 3.0, 14.0, 4.0 ] },
										"south": { "texture": "#club", "uv": [ 13.5, 2.5, 14.0, 3.5 ] },
										"west": { "texture": "#club", "uv": [ 14.0, 2.5, 14.5, 3.5 ] },
										"up": { "texture": "#club", "uv": [ 14.0, 2.0, 14.5, 2.5 ] },
										"down": { "texture": "#club", "uv": [ 15.0, 2.0, 15.5, 2.5 ] }
									},
									"children": [
										{
											"name": "Cube5",
											"from": [ 0.05, 1.2, 0.05 ],
											"to": [ 0.45, 1.3, 0.35 ],
											"rotationOrigin": [ 0.1, 1.2, 0.1 ],
											"faces": {
												"north": { "texture": "#club", "uv": [ 14.0, 3.0, 14.5, 3.5 ] },
												"east": { "texture": "#club", "uv": [ 13.0, 2.5, 13.5, 3.0 ] },
												"south": { "texture": "#club", "uv": [ 13.5, 1.5, 14.0, 2.0 ] },
												"west": { "texture": "#club", "uv": [ 13.0, 3.5, 13.5, 4.0 ] },
												"up": { "texture": "#club", "uv": [ 14.5, 3.0, 15.0, 3.5 ] },
												"down": { "texture": "#club", "uv": [ 13.0, 2.0, 13.5, 2.5 ] }
											}
										}
									]
								}
							]
						}
					]
				},
				{
					"name": "Cube16",
					"from": [ -2.5, 0.0, -1.0 ],
					"to": [ -2.2, 0.6, -0.7 ],
					"rotationOrigin": [ -2.5, 0.0, -1.0 ],
					"rotationX": 3.0,
					"rotationY": -64.0,
					"rotationZ": -6.0,
					"faces": {
						"north": { "texture": "#club", "uv": [ 13.5, 14.5, 14.0, 15.0 ] },
						"east": { "texture": "#club", "uv": [ 13.5, 14.0, 14.0, 14.5 ] },
						"south": { "texture": "#club", "uv": [ 13.5, 14.0, 14.0, 14.5 ] },
						"west": { "texture": "#club", "uv": [ 12.5, 12.5, 13.0, 13.0 ] },
						"up": { "texture": "#club", "uv": [ 12.5, 12.5, 13.0, 13.0 ] },
						"down": { "texture": "#club", "uv": [ 14.5, 12.5, 15.0, 13.0 ] }
					},
					"children": [
						{
							"name": "Cube17",
							"from": [ 0.0, 0.5, 0.0 ],
							"to": [ 0.3, 1.3, 0.3 ],
							"rotationOrigin": [ 0.0, 0.5, 0.0 ],
							"rotationX": -3.0,
							"rotationZ": 6.0,
							"faces": {
								"north": { "texture": "#club", "uv": [ 13.5, 8.0, 14.0, 8.5 ] },
								"east": { "texture": "#club", "uv": [ 13.5, 8.0, 14.0, 8.5 ] },
								"south": { "texture": "#club", "uv": [ 13.5, 8.5, 14.0, 9.0 ] },
								"west": { "texture": "#club", "uv": [ 13.0, 8.0, 13.5, 8.5 ] },
								"up": { "texture": "#club", "uv": [ 12.5, 8.0, 13.0, 8.5 ] },
								"down": { "texture": "#club", "uv": [ 14.5, 7.5, 15.0, 8.0 ] }
							},
							"children": [
								{
									"name": "Cube18",
									"from": [ -0.1, 0.8, -0.05 ],
									"to": [ 0.4, 1.9, 0.35 ],
									"rotationOrigin": [ -0.1, 0.8, -0.1 ],
									"rotationX": 3.0,
									"rotationZ": -6.0,
									"faces": {
										"north": { "texture": "#club", "uv": [ 14.0, 1.5, 14.5, 2.5 ] },
										"east": { "texture": "#club", "uv": [ 13.0, 1.5, 13.5, 2.5 ] },
										"south": { "texture": "#club", "uv": [ 14.0, 1.5, 14.5, 2.5 ] },
										"west": { "texture": "#club", "uv": [ 13.5, 1.0, 14.0, 2.0 ] },
										"up": { "texture": "#club", "uv": [ 13.5, 1.5, 14.0, 2.0 ] },
										"down": { "texture": "#club", "uv": [ 14.0, 2.0, 14.5, 2.5 ] }
									},
									"children": [
										{
											"name": "Cube19",
											"from": [ 0.02, 1.1, 0.1 ],
											"to": [ 0.42, 1.2, 0.3 ],
											"rotationOrigin": [ 0.1, 1.1, 0.2 ],
											"faces": {
												"north": { "texture": "#club", "uv": [ 13.0, 1.5, 13.5, 2.0 ] },
												"east": { "texture": "#club", "uv": [ 14.5, 1.0, 15.0, 1.5 ] },
												"south": { "texture": "#club", "uv": [ 15.0, 2.0, 15.5, 2.5 ] },
												"west": { "texture": "#club", "uv": [ 14.5, 1.5, 15.0, 2.0 ] },
												"up": { "texture": "#club", "uv": [ 14.0, 2.0, 14.5, 2.5 ] },
												"down": { "texture": "#club", "uv": [ 13.5, 1.5, 14.0, 2.0 ] }
											}
										}
									]
								}
							]
						}
					]
				},
				{
					"name": "Cube20",
					"from": [ 2.0, 0.0, 2.0 ],
					"to": [ 2.3, 0.4, 2.3 ],
					"rotationOrigin": [ 2.0, 0.0, 2.0 ],
					"rotationY": -17.0,
					"rotationZ": -6.0,
					"faces": {
						"north": { "texture": "#club", "uv": [ 14.0, 12.5, 14.5, 13.0 ] },
						"east": { "texture": "#club", "uv": [ 12.5, 12.0, 13.0, 12.5 ] },
						"south": { "texture": "#club", "uv": [ 13.5, 11.0, 14.0, 11.5 ] },
						"west": { "texture": "#club", "uv": [ 13.5, 10.5, 14.0, 11.0 ] },
						"up": { "texture": "#club", "uv": [ 12.5, 11.0, 13.0, 11.5 ] },
						"down": { "texture": "#club", "uv": [ 14.5, 12.0, 15.0, 12.5 ] }
					},
					"children": [
						{
							"name": "Cube21",
							"from": [ 0.0, 0.3, 0.0 ],
							"to": [ 0.3, 0.8, 0.3 ],
							"rotationOrigin": [ 0.0, 0.3, 0.0 ],
							"rotationX": 6.0,
							"rotationZ": 6.0,
							"faces": {
								"north": { "texture": "#club", "uv": [ 13.0, 12.0, 13.5, 12.5 ] },
								"east": { "texture": "#club", "uv": [ 14.0, 10.5, 14.5, 11.0 ] },
								"south": { "texture": "#club", "uv": [ 14.0, 10.5, 14.5, 11.0 ] },
								"west": { "texture": "#club", "uv": [ 13.5, 10.5, 14.0, 11.0 ] },
								"up": { "texture": "#club", "uv": [ 14.0, 10.0, 14.5, 10.5 ] },
								"down": { "texture": "#club", "uv": [ 14.0, 10.5, 14.5, 11.0 ] }
							},
							"children": [
								{
									"name": "Cube22",
									"from": [ -0.1, 0.4, -0.05 ],
									"to": [ 0.4, 1.1, 0.35 ],
									"rotationOrigin": [ -0.1, 0.4, 0.0 ],
									"rotationX": -8.0,
									"rotationZ": -6.0,
									"faces": {
										"north": { "texture": "#club", "uv": [ 14.0, 4.5, 14.5, 5.0 ] },
										"east": { "texture": "#club", "uv": [ 13.5, 3.5, 14.0, 4.0 ] },
										"south": { "texture": "#club", "uv": [ 13.5, 4.0, 14.0, 4.5 ] },
										"west": { "texture": "#club", "uv": [ 14.5, 4.0, 15.0, 4.5 ] },
										"up": { "texture": "#club", "uv": [ 13.5, 2.5, 14.0, 3.0 ] },
										"down": { "texture": "#club", "uv": [ 14.0, 3.0, 14.5, 3.5 ] }
									},
									"children": [
										{
											"name": "Cube23",
											"from": [ 0.05, 0.7, 0.05 ],
											"to": [ 0.4, 0.8, 0.35 ],
											"rotationOrigin": [ 0.2, 0.7, 0.1 ],
											"faces": {
												"north": { "texture": "#club", "uv": [ 14.0, 3.0, 14.5, 3.5 ] },
												"east": { "texture": "#club", "uv": [ 15.0, 3.5, 15.5, 4.0 ] },
												"south": { "texture": "#club", "uv": [ 14.0, 3.0, 14.5, 3.5 ] },
												"west": { "texture": "#club", "uv": [ 13.5, 2.5, 14.0, 3.0 ] },
												"up": { "texture": "#club", "uv": [ 13.5, 2.0, 14.0, 2.5 ] },
												"down": { "texture": "#club", "uv": [ 14.0, 2.0, 14.5, 2.5 ] }
											}
										}
									]
								}
							]
						}
					]
				},
				{
					"name": "Cube6",
					"from": [ 7.0, 0.0, 5.0 ],
					"to": [ 7.3, 0.8, 5.3 ],
					"rotationOrigin": [ 7.0, 0.0, 5.0 ],
					"rotationY": -114.0,
					"rotationZ": -6.0,
					"faces": {
						"north": { "texture": "#club", "uv": [ 13.0, 13.5, 13.5, 14.0 ] },
						"east": { "texture": "#club", "uv": [ 14.0, 14.0, 14.5, 14.5 ] },
						"south": { "texture": "#club", "uv": [ 13.5, 14.0, 14.0, 14.5 ] },
						"west": { "texture": "#club", "uv": [ 14.5, 11.0, 15.0, 11.5 ] },
						"up": { "texture": "#club", "uv": [ 13.5, 11.0, 14.0, 11.5 ] },
						"down": { "texture": "#club", "uv": [ 12.5, 10.5, 13.0, 11.0 ] }
					},
					"children": [
						{
							"name": "Cube24",
							"from": [ 0.0, 0.7, 0.0 ],
							"to": [ 0.3, 1.9, 0.3 ],
							"rotationOrigin": [ 0.0, 0.7, 0.0 ],
							"rotationX": -6.0,
							"rotationZ": 6.0,
							"faces": {
								"north": { "texture": "#club", "uv": [ 14.5, 8.0, 15.0, 9.0 ] },
								"east": { "texture": "#club", "uv": [ 13.5, 8.0, 14.0, 9.0 ] },
								"south": { "texture": "#club", "uv": [ 14.0, 7.5, 14.5, 8.5 ] },
								"west": { "texture": "#club", "uv": [ 13.0, 8.5, 13.5, 9.5 ] },
								"up": { "texture": "#club", "uv": [ 13.0, 7.5, 13.5, 8.0 ] },
								"down": { "texture": "#club", "uv": [ 13.5, 9.5, 14.0, 10.0 ] }
							},
							"children": [
								{
									"name": "Cube25",
									"from": [ -0.1, 1.2, -0.05 ],
									"to": [ 0.4, 2.4, 0.35 ],
									"rotationOrigin": [ -0.1, 1.2, -0.1 ],
									"rotationX": 6.0,
									"rotationZ": -3.0,
									"faces": {
										"north": { "texture": "#club", "uv": [ 14.0, 1.5, 14.5, 2.5 ] },
										"east": { "texture": "#club", "uv": [ 13.5, 3.0, 14.0, 4.0 ] },
										"south": { "texture": "#club", "uv": [ 13.5, 2.5, 14.0, 3.5 ] },
										"west": { "texture": "#club", "uv": [ 14.0, 2.5, 14.5, 3.5 ] },
										"up": { "texture": "#club", "uv": [ 14.0, 2.0, 14.5, 2.5 ] },
										"down": { "texture": "#club", "uv": [ 15.0, 2.0, 15.5, 2.5 ] }
									},
									"children": [
										{
											"name": "Cube7",
											"from": [ 0.05, 1.2, 0.05 ],
											"to": [ 0.45, 1.3, 0.35 ],
											"rotationOrigin": [ 0.1, 1.2, 0.1 ],
											"faces": {
												"north": { "texture": "#club", "uv": [ 14.0, 3.0, 14.5, 3.5 ] },
												"east": { "texture": "#club", "uv": [ 13.0, 2.5, 13.5, 3.0 ] },
												"south": { "texture": "#club", "uv": [ 13.5, 1.5, 14.0, 2.0 ] },
												"west": { "texture": "#club", "uv": [ 13.0, 3.5, 13.5, 4.0 ] },
												"up": { "texture": "#club", "uv": [ 14.5, 3.0, 15.0, 3.5 ] },
												"down": { "texture": "#club", "uv": [ 13.0, 2.0, 13.5, 2.5 ] }
											}
										}
									]
								}
							]
						}
					]
				},
				{
					"name": "Cube26",
					"from": [ -3.3, 0.0, -2.6 ],
					"to": [ -3.0, 0.6, -2.3 ],
					"rotationOrigin": [ -3.3, 0.0, -2.6 ],
					"rotationX": 3.0,
					"rotationY": -28.0,
					"rotationZ": -6.0,
					"faces": {
						"north": { "texture": "#club", "uv": [ 13.5, 14.5, 14.0, 15.0 ] },
						"east": { "texture": "#club", "uv": [ 13.5, 14.0, 14.0, 14.5 ] },
						"south": { "texture": "#club", "uv": [ 13.5, 14.0, 14.0, 14.5 ] },
						"west": { "texture": "#club", "uv": [ 12.5, 12.5, 13.0, 13.0 ] },
						"up": { "texture": "#club", "uv": [ 12.5, 12.5, 13.0, 13.0 ] },
						"down": { "texture": "#club", "uv": [ 14.5, 12.5, 15.0, 13.0 ] }
					},
					"children": [
						{
							"name": "Cube27",
							"from": [ 0.0, 0.5, 0.0 ],
							"to": [ 0.3, 1.3, 0.3 ],
							"rotationOrigin": [ 0.0, 0.5, 0.0 ],
							"rotationX": -3.0,
							"rotationZ": 6.0,
							"faces": {
								"north": { "texture": "#club", "uv": [ 13.5, 8.0, 14.0, 8.5 ] },
								"east": { "texture": "#club", "uv": [ 13.5, 8.0, 14.0, 8.5 ] },
								"south": { "texture": "#club", "uv": [ 13.5, 8.5, 14.0, 9.0 ] },
								"west": { "texture": "#club", "uv": [ 13.0, 8.0, 13.5, 8.5 ] },
								"up": { "texture": "#club", "uv": [ 12.5, 8.0, 13.0, 8.5 ] },
								"down": { "texture": "#club", "uv": [ 14.5, 7.5, 15.0, 8.0 ] }
							},
							"children": [
								{
									"name": "Cube28",
									"from": [ -0.1, 0.8, -0.05 ],
									"to": [ 0.4, 1.9, 0.35 ],
									"rotationOrigin": [ -0.1, 0.8, -0.1 ],
									"rotationX": 3.0,
									"rotationZ": -6.0,
									"faces": {
										"north": { "texture": "#club", "uv": [ 14.0, 1.5, 14.5, 2.5 ] },
										"east": { "texture": "#club", "uv": [ 13.0, 1.5, 13.5, 2.5 ] },
										"south": { "texture": "#club", "uv": [ 14.0, 1.5, 14.5, 2.5 ] },
										"west": { "texture": "#club", "uv": [ 13.5, 1.0, 14.0, 2.0 ] },
										"up": { "texture": "#club", "uv": [ 13.5, 1.5, 14.0, 2.0 ] },
										"down": { "texture": "#club", "uv": [ 14.0, 2.0, 14.5, 2.5 ] }
									},
									"children": [
										{
											"name": "Cube29",
											"from": [ 0.02, 1.1, 0.1 ],
											"to": [ 0.42, 1.2, 0.3 ],
											"rotationOrigin": [ 0.1, 1.1, 0.2 ],
											"faces": {
												"north": { "texture": "#club", "uv": [ 13.0, 1.5, 13.5, 2.0 ] },
												"east": { "texture": "#club", "uv": [ 14.5, 1.0, 15.0, 1.5 ] },
												"south": { "texture": "#club", "uv": [ 15.0, 2.0, 15.5, 2.5 ] },
												"west": { "texture": "#club", "uv": [ 14.5, 1.5, 15.0, 2.0 ] },
												"up": { "texture": "#club", "uv": [ 14.0, 2.0, 14.5, 2.5 ] },
												"down": { "texture": "#club", "uv": [ 13.5, 1.5, 14.0, 2.0 ] }
											}
										}
									]
								}
							]
						}
					]
				},
				{
					"name": "Cube30",
					"from": [ 6.0, 0.0, -2.0 ],
					"to": [ 6.3, 0.4, -1.7 ],
					"rotationOrigin": [ 6.0, 0.0, -2.0 ],
					"rotationY": 72.0,
					"rotationZ": -6.0,
					"faces": {
						"north": { "texture": "#club", "uv": [ 14.0, 12.5, 14.5, 13.0 ] },
						"east": { "texture": "#club", "uv": [ 12.5, 12.0, 13.0, 12.5 ] },
						"south": { "texture": "#club", "uv": [ 13.5, 11.0, 14.0, 11.5 ] },
						"west": { "texture": "#club", "uv": [ 13.5, 10.5, 14.0, 11.0 ] },
						"up": { "texture": "#club", "uv": [ 12.5, 11.0, 13.0, 11.5 ] },
						"down": { "texture": "#club", "uv": [ 14.5, 12.0, 15.0, 12.5 ] }
					},
					"children": [
						{
							"name": "Cube31",
							"from": [ 0.0, 0.3, 0.0 ],
							"to": [ 0.3, 0.8, 0.3 ],
							"rotationOrigin": [ 0.0, 0.3, 0.0 ],
							"rotationX": 6.0,
							"rotationZ": 6.0,
							"faces": {
								"north": { "texture": "#club", "uv": [ 13.0, 12.0, 13.5, 12.5 ] },
								"east": { "texture": "#club", "uv": [ 14.0, 10.5, 14.5, 11.0 ] },
								"south": { "texture": "#club", "uv": [ 14.0, 10.5, 14.5, 11.0 ] },
								"west": { "texture": "#club", "uv": [ 13.5, 10.5, 14.0, 11.0 ] },
								"up": { "texture": "#club", "uv": [ 14.0, 10.0, 14.5, 10.5 ] },
								"down": { "texture": "#club", "uv": [ 14.0, 10.5, 14.5, 11.0 ] }
							},
							"children": [
								{
									"name": "Cube32",
									"from": [ -0.1, 0.4, -0.05 ],
									"to": [ 0.4, 1.1, 0.35 ],
									"rotationOrigin": [ -0.1, 0.4, 0.0 ],
									"rotationX": -8.0,
									"rotationZ": -6.0,
									"faces": {
										"north": { "texture": "#club", "uv": [ 14.0, 4.5, 14.5, 5.0 ] },
										"east": { "texture": "#club", "uv": [ 13.5, 3.5, 14.0, 4.0 ] },
										"south": { "texture": "#club", "uv": [ 13.5, 4.0, 14.0, 4.5 ] },
										"west": { "texture": "#club", "uv": [ 14.5, 4.0, 15.0, 4.5 ] },
										"up": { "texture": "#club", "uv": [ 13.5, 2.5, 14.0, 3.0 ] },
										"down": { "texture": "#club", "uv": [ 14.0, 3.0, 14.5, 3.5 ] }
									},
									"children": [
										{
											"name": "Cube33",
											"from": [ 0.05, 0.7, 0.05 ],
											"to": [ 0.4, 0.8, 0.35 ],
											"rotationOrigin": [ 0.2, 0.7, 0.1 ],
											"faces": {
												"north": { "texture": "#club", "uv": [ 14.0, 3.0, 14.5, 3.5 ] },
												"east": { "texture": "#club", "uv": [ 15.0, 3.5, 15.5, 4.0 ] },
												"south": { "texture": "#club", "uv": [ 14.0, 3.0, 14.5, 3.5 ] },
												"west": { "texture": "#club", "uv": [ 13.5, 2.5, 14.0, 3.0 ] },
												"up": { "texture": "#club", "uv": [ 13.5, 2.0, 14.0, 2.5 ] },
												"down": { "texture": "#club", "uv": [ 14.0, 2.0, 14.5, 2.5 ] }
											}
										}
									]
								}
							]
						}
					]
				},
				{
					"name": "Cube34",
					"from": [ 6.0, 0.0, 5.0 ],
					"to": [ 6.3, 0.4, 5.3 ],
					"rotationOrigin": [ 6.0, 0.0, 5.0 ],
					"rotationY": -25.0,
					"rotationZ": -6.0,
					"faces": {
						"north": { "texture": "#club", "uv": [ 14.0, 12.5, 14.5, 13.0 ] },
						"east": { "texture": "#club", "uv": [ 12.5, 12.0, 13.0, 12.5 ] },
						"south": { "texture": "#club", "uv": [ 13.5, 11.0, 14.0, 11.5 ] },
						"west": { "texture": "#club", "uv": [ 13.5, 10.5, 14.0, 11.0 ] },
						"up": { "texture": "#club", "uv": [ 12.5, 11.0, 13.0, 11.5 ] },
						"down": { "texture": "#club", "uv": [ 14.5, 12.0, 15.0, 12.5 ] }
					},
					"children": [
						{
							"name": "Cube35",
							"from": [ 0.0, 0.3, 0.0 ],
							"to": [ 0.3, 0.8, 0.3 ],
							"rotationOrigin": [ 0.0, 0.3, 0.0 ],
							"rotationX": 6.0,
							"rotationZ": 6.0,
							"faces": {
								"north": { "texture": "#club", "uv": [ 13.0, 12.0, 13.5, 12.5 ] },
								"east": { "texture": "#club", "uv": [ 14.0, 10.5, 14.5, 11.0 ] },
								"south": { "texture": "#club", "uv": [ 14.0, 10.5, 14.5, 11.0 ] },
								"west": { "texture": "#club", "uv": [ 13.5, 10.5, 14.0, 11.0 ] },
								"up": { "texture": "#club", "uv": [ 14.0, 10.0, 14.5, 10.5 ] },
								"down": { "texture": "#club", "uv": [ 14.0, 10.5, 14.5, 11.0 ] }
							},
							"children": [
								{
									"name": "Cube36",
									"from": [ -0.1, 0.4, -0.05 ],
									"to": [ 0.4, 1.1, 0.35 ],
									"rotationOrigin": [ -0.1, 0.4, 0.0 ],
									"rotationX": -8.0,
									"rotationZ": -6.0,
									"faces": {
										"north": { "texture": "#club", "uv": [ 14.0, 4.5, 14.5, 5.0 ] },
										"east": { "texture": "#club", "uv": [ 13.5, 3.5, 14.0, 4.0 ] },
										"south": { "texture": "#club", "uv": [ 13.5, 4.0, 14.0, 4.5 ] },
										"west": { "texture": "#club", "uv": [ 14.5, 4.0, 15.0, 4.5 ] },
										"up": { "texture": "#club", "uv": [ 13.5, 2.5, 14.0, 3.0 ] },
										"down": { "texture": "#club", "uv": [ 14.0, 3.0, 14.5, 3.5 ] }
									},
									"children": [
										{
											"name": "Cube37",
											"from": [ 0.05, 0.7, 0.05 ],
											"to": [ 0.4, 0.8, 0.35 ],
											"rotationOrigin": [ 0.2, 0.7, 0.1 ],
											"faces": {
												"north": { "texture": "#club", "uv": [ 14.0, 3.0, 14.5, 3.5 ] },
												"east": { "texture": "#club", "uv": [ 15.0, 3.5, 15.5, 4.0 ] },
												"south": { "texture": "#club", "uv": [ 14.0, 3.0, 14.5, 3.5 ] },
												"west": { "texture": "#club", "uv": [ 13.5, 2.5, 14.0, 3.0 ] },
												"up": { "texture": "#club", "uv": [ 13.5, 2.0, 14.0, 2.5 ] },
												"down": { "texture": "#club", "uv": [ 14.0, 2.0, 14.5, 2.5 ] }
											}
										}
									]
								}
							]
						}
					]
				},
				{
					"name": "Cube38",
					"from": [ -7.5, 0.0, 4.0 ],
					"to": [ -7.2, 0.6, 4.3 ],
					"rotationOrigin": [ -7.5, 0.0, 4.0 ],
					"rotationX": 3.0,
					"rotationY": 47.0,
					"rotationZ": -6.0,
					"faces": {
						"north": { "texture": "#club", "uv": [ 13.5, 14.5, 14.0, 15.0 ] },
						"east": { "texture": "#club", "uv": [ 13.5, 14.0, 14.0, 14.5 ] },
						"south": { "texture": "#club", "uv": [ 13.5, 14.0, 14.0, 14.5 ] },
						"west": { "texture": "#club", "uv": [ 12.5, 12.5, 13.0, 13.0 ] },
						"up": { "texture": "#club", "uv": [ 12.5, 12.5, 13.0, 13.0 ] },
						"down": { "texture": "#club", "uv": [ 14.5, 12.5, 15.0, 13.0 ] }
					},
					"children": [
						{
							"name": "Cube39",
							"from": [ 0.0, 0.5, 0.0 ],
							"to": [ 0.3, 1.3, 0.3 ],
							"rotationOrigin": [ 0.0, 0.5, 0.0 ],
							"rotationX": -3.0,
							"rotationZ": 6.0,
							"faces": {
								"north": { "texture": "#club", "uv": [ 13.5, 8.0, 14.0, 8.5 ] },
								"east": { "texture": "#club", "uv": [ 13.5, 8.0, 14.0, 8.5 ] },
								"south": { "texture": "#club", "uv": [ 13.5, 8.5, 14.0, 9.0 ] },
								"west": { "texture": "#club", "uv": [ 13.0, 8.0, 13.5, 8.5 ] },
								"up": { "texture": "#club", "uv": [ 12.5, 8.0, 13.0, 8.5 ] },
								"down": { "texture": "#club", "uv": [ 14.5, 7.5, 15.0, 8.0 ] }
							},
							"children": [
								{
									"name": "Cube40",
									"from": [ -0.1, 0.8, -0.05 ],
									"to": [ 0.4, 1.9, 0.35 ],
									"rotationOrigin": [ -0.1, 0.8, -0.1 ],
									"rotationX": 3.0,
									"rotationZ": -6.0,
									"faces": {
										"north": { "texture": "#club", "uv": [ 14.0, 1.5, 14.5, 2.5 ] },
										"east": { "texture": "#club", "uv": [ 13.0, 1.5, 13.5, 2.5 ] },
										"south": { "texture": "#club", "uv": [ 14.0, 1.5, 14.5, 2.5 ] },
										"west": { "texture": "#club", "uv": [ 13.5, 1.0, 14.0, 2.0 ] },
										"up": { "texture": "#club", "uv": [ 13.5, 1.5, 14.0, 2.0 ] },
										"down": { "texture": "#club", "uv": [ 14.0, 2.0, 14.5, 2.5 ] }
									},
									"children": [
										{
											"name": "Cube41",
											"from": [ 0.02, 1.1, 0.1 ],
											"to": [ 0.42, 1.2, 0.3 ],
											"rotationOrigin": [ 0.1, 1.1, 0.2 ],
											"faces": {
												"north": { "texture": "#club", "uv": [ 13.0, 1.5, 13.5, 2.0 ] },
												"east": { "texture": "#club", "uv": [ 14.5, 1.0, 15.0, 1.5 ] },
												"south": { "texture": "#club", "uv": [ 15.0, 2.0, 15.5, 2.5 ] },
												"west": { "texture": "#club", "uv": [ 14.5, 1.5, 15.0, 2.0 ] },
												"up": { "texture": "#club", "uv": [ 14.0, 2.0, 14.5, 2.5 ] },
												"down": { "texture": "#club", "uv": [ 13.5, 1.5, 14.0, 2.0 ] }
											}
										}
									]
								}
							]
						}
					]
				},
				{
					"name": "Cube42",
					"from": [ -6.5, 0.0, 3.0 ],
					"to": [ -6.2, 0.6, 3.3 ],
					"rotationOrigin": [ -6.5, 0.0, 3.0 ],
					"rotationX": 3.0,
					"rotationY": -75.0,
					"rotationZ": -6.0,
					"faces": {
						"north": { "texture": "#club", "uv": [ 13.5, 14.5, 14.0, 15.0 ] },
						"east": { "texture": "#club", "uv": [ 13.5, 14.0, 14.0, 14.5 ] },
						"south": { "texture": "#club", "uv": [ 13.5, 14.0, 14.0, 14.5 ] },
						"west": { "texture": "#club", "uv": [ 12.5, 12.5, 13.0, 13.0 ] },
						"up": { "texture": "#club", "uv": [ 12.5, 12.5, 13.0, 13.0 ] },
						"down": { "texture": "#club", "uv": [ 14.5, 12.5, 15.0, 13.0 ] }
					},
					"children": [
						{
							"name": "Cube43",
							"from": [ 0.0, 0.5, 0.0 ],
							"to": [ 0.3, 1.3, 0.3 ],
							"rotationOrigin": [ 0.0, 0.5, 0.0 ],
							"rotationX": -3.0,
							"rotationZ": 6.0,
							"faces": {
								"north": { "texture": "#club", "uv": [ 13.5, 8.0, 14.0, 8.5 ] },
								"east": { "texture": "#club", "uv": [ 13.5, 8.0, 14.0, 8.5 ] },
								"south": { "texture": "#club", "uv": [ 13.5, 8.5, 14.0, 9.0 ] },
								"west": { "texture": "#club", "uv": [ 13.0, 8.0, 13.5, 8.5 ] },
								"up": { "texture": "#club", "uv": [ 12.5, 8.0, 13.0, 8.5 ] },
								"down": { "texture": "#club", "uv": [ 14.5, 7.5, 15.0, 8.0 ] }
							},
							"children": [
								{
									"name": "Cube44",
									"from": [ -0.1, 0.8, -0.05 ],
									"to": [ 0.4, 1.9, 0.35 ],
									"rotationOrigin": [ -0.1, 0.8, -0.1 ],
									"rotationX": 3.0,
									"rotationZ": -6.0,
									"faces": {
										"north": { "texture": "#club", "uv": [ 14.0, 1.5, 14.5, 2.5 ] },
										"east": { "texture": "#club", "uv": [ 13.0, 1.5, 13.5, 2.5 ] },
										"south": { "texture": "#club", "uv": [ 14.0, 1.5, 14.5, 2.5 ] },
										"west": { "texture": "#club", "uv": [ 13.5, 1.0, 14.0, 2.0 ] },
										"up": { "texture": "#club", "uv": [ 13.5, 1.5, 14.0, 2.0 ] },
										"down": { "texture": "#club", "uv": [ 14.0, 2.0, 14.5, 2.5 ] }
									},
									"children": [
										{
											"name": "Cube45",
											"from": [ 0.02, 1.1, 0.1 ],
											"to": [ 0.42, 1.2, 0.3 ],
											"rotationOrigin": [ 0.1, 1.1, 0.2 ],
											"faces": {
												"north": { "texture": "#club", "uv": [ 13.0, 1.5, 13.5, 2.0 ] },
												"east": { "texture": "#club", "uv": [ 14.5, 1.0, 15.0, 1.5 ] },
												"south": { "texture": "#club", "uv": [ 15.0, 2.0, 15.5, 2.5 ] },
												"west": { "texture": "#club", "uv": [ 14.5, 1.5, 15.0, 2.0 ] },
												"up": { "texture": "#club", "uv": [ 14.0, 2.0, 14.5, 2.5 ] },
												"down": { "texture": "#club", "uv": [ 13.5, 1.5, 14.0, 2.0 ] }
											}
										}
									]
								}
							]
						}
					]
				},
				{
					"name": "Cube46",
					"from": [ 0.0, 0.0, 7.0 ],
					"to": [ 0.3, 0.4, 7.3 ],
					"rotationOrigin": [ 0.0, 0.0, 7.0 ],
					"rotationY": 55.0,
					"rotationZ": -6.0,
					"faces": {
						"north": { "texture": "#club", "uv": [ 14.0, 12.5, 14.5, 13.0 ] },
						"east": { "texture": "#club", "uv": [ 12.5, 12.0, 13.0, 12.5 ] },
						"south": { "texture": "#club", "uv": [ 13.5, 11.0, 14.0, 11.5 ] },
						"west": { "texture": "#club", "uv": [ 13.5, 10.5, 14.0, 11.0 ] },
						"up": { "texture": "#club", "uv": [ 12.5, 11.0, 13.0, 11.5 ] },
						"down": { "texture": "#club", "uv": [ 14.5, 12.0, 15.0, 12.5 ] }
					},
					"children": [
						{
							"name": "Cube47",
							"from": [ 0.0, 0.3, 0.0 ],
							"to": [ 0.3, 0.8, 0.3 ],
							"rotationOrigin": [ 0.0, 0.3, 0.0 ],
							"rotationX": 6.0,
							"rotationZ": 6.0,
							"faces": {
								"north": { "texture": "#club", "uv": [ 13.0, 12.0, 13.5, 12.5 ] },
								"east": { "texture": "#club", "uv": [ 14.0, 10.5, 14.5, 11.0 ] },
								"south": { "texture": "#club", "uv": [ 14.0, 10.5, 14.5, 11.0 ] },
								"west": { "texture": "#club", "uv": [ 13.5, 10.5, 14.0, 11.0 ] },
								"up": { "texture": "#club", "uv": [ 14.0, 10.0, 14.5, 10.5 ] },
								"down": { "texture": "#club", "uv": [ 14.0, 10.5, 14.5, 11.0 ] }
							},
							"children": [
								{
									"name": "Cube48",
									"from": [ -0.1, 0.4, -0.05 ],
									"to": [ 0.4, 1.1, 0.35 ],
									"rotationOrigin": [ -0.1, 0.4, 0.0 ],
									"rotationX": -8.0,
									"rotationZ": -6.0,
									"faces": {
										"north": { "texture": "#club", "uv": [ 14.0, 4.5, 14.5, 5.0 ] },
										"east": { "texture": "#club", "uv": [ 13.5, 3.5, 14.0, 4.0 ] },
										"south": { "texture": "#club", "uv": [ 13.5, 4.0, 14.0, 4.5 ] },
										"west": { "texture": "#club", "uv": [ 14.5, 4.0, 15.0, 4.5 ] },
										"up": { "texture": "#club", "uv": [ 13.5, 2.5, 14.0, 3.0 ] },
										"down": { "texture": "#club", "uv": [ 14.0, 3.0, 14.5, 3.5 ] }
									},
									"children": [
										{
											"name": "Cube49",
											"from": [ 0.05, 0.7, 0.05 ],
											"to": [ 0.4, 0.8, 0.35 ],
											"rotationOrigin": [ 0.2, 0.7, 0.1 ],
											"faces": {
												"north": { "texture": "#club", "uv": [ 14.0, 3.0, 14.5, 3.5 ] },
												"east": { "texture": "#club", "uv": [ 15.0, 3.5, 15.5, 4.0 ] },
												"south": { "texture": "#club", "uv": [ 14.0, 3.0, 14.5, 3.5 ] },
												"west": { "texture": "#club", "uv": [ 13.5, 2.5, 14.0, 3.0 ] },
												"up": { "texture": "#club", "uv": [ 13.5, 2.0, 14.0, 2.5 ] },
												"down": { "texture": "#club", "uv": [ 14.0, 2.0, 14.5, 2.5 ] }
											}
										}
									]
								}
							]
						}
					]
				},
				{
					"name": "Cube50",
					"from": [ -4.0, 0.0, -2.0 ],
					"to": [ -3.7, 0.4, -1.7 ],
					"rotationOrigin": [ -4.0, 0.0, -2.0 ],
					"rotationY": 91.0,
					"rotationZ": -6.0,
					"faces": {
						"north": { "texture": "#club", "uv": [ 14.0, 12.5, 14.5, 13.0 ] },
						"east": { "texture": "#club", "uv": [ 12.5, 12.0, 13.0, 12.5 ] },
						"south": { "texture": "#club", "uv": [ 13.5, 11.0, 14.0, 11.5 ] },
						"west": { "texture": "#club", "uv": [ 13.5, 10.5, 14.0, 11.0 ] },
						"up": { "texture": "#club", "uv": [ 12.5, 11.0, 13.0, 11.5 ] },
						"down": { "texture": "#club", "uv": [ 14.5, 12.0, 15.0, 12.5 ] }
					},
					"children": [
						{
							"name": "Cube51",
							"from": [ 0.0, 0.3, 0.0 ],
							"to": [ 0.3, 0.8, 0.3 ],
							"rotationOrigin": [ 0.0, 0.3, 0.0 ],
							"rotationX": 6.0,
							"rotationZ": 6.0,
							"faces": {
								"north": { "texture": "#club", "uv": [ 13.0, 12.0, 13.5, 12.5 ] },
								"east": { "texture": "#club", "uv": [ 14.0, 10.5, 14.5, 11.0 ] },
								"south": { "texture": "#club", "uv": [ 14.0, 10.5, 14.5, 11.0 ] },
								"west": { "texture": "#club", "uv": [ 13.5, 10.5, 14.0, 11.0 ] },
								"up": { "texture": "#club", "uv": [ 14.0, 10.0, 14.5, 10.5 ] },
								"down": { "texture": "#club", "uv": [ 14.0, 10.5, 14.5, 11.0 ] }
							},
							"children": [
								{
									"name": "Cube52",
									"from": [ -0.1, 0.4, -0.05 ],
									"to": [ 0.4, 1.1, 0.35 ],
									"rotationOrigin": [ -0.1, 0.4, 0.0 ],
									"rotationX": -8.0,
									"rotationZ": -6.0,
									"faces": {
										"north": { "texture": "#club", "uv": [ 14.0, 4.5, 14.5, 5.0 ] },
										"east": { "texture": "#club", "uv": [ 13.5, 3.5, 14.0, 4.0 ] },
										"south": { "texture": "#club", "uv": [ 13.5, 4.0, 14.0, 4.5 ] },
										"west": { "texture": "#club", "uv": [ 14.5, 4.0, 15.0, 4.5 ] },
										"up": { "texture": "#club", "uv": [ 13.5, 2.5, 14.0, 3.0 ] },
										"down": { "texture": "#club", "uv": [ 14.0, 3.0, 14.5, 3.5 ] }
									},
									"children": [
										{
											"name": "Cube53",
											"from": [ 0.05, 0.7, 0.05 ],
											"to": [ 0.4, 0.8, 0.35 ],
											"rotationOrigin": [ 0.2, 0.7, 0.1 ],
											"faces": {
												"north": { "texture": "#club", "uv": [ 14.0, 3.0, 14.5, 3.5 ] },
												"east": { "texture": "#club", "uv": [ 15.0, 3.5, 15.5, 4.0 ] },
												"south": { "texture": "#club", "uv": [ 14.0, 3.0, 14.5, 3.5 ] },
												"west": { "texture": "#club", "uv": [ 13.5, 2.5, 14.0, 3.0 ] },
												"up": { "texture": "#club", "uv": [ 13.5, 2.0, 14.0, 2.5 ] },
												"down": { "texture": "#club", "uv": [ 14.0, 2.0, 14.5, 2.5 ] }
											}
										}
									]
								}
							]
						}
					]
				}
			]
		}
	]}