{
	"editor": {
		"allAngles": false,
		"entityTextureMode": false
	},
	"textureWidth": 16,
	"textureHeight": 16,
	"textureSizes": {
	},
	"textures": {
		"westernvarnishedconk": "mycodiversity:block/plant/mushroom/westernvarnishedconk/westernvarnishedconk"
	},
	"elements": [
		{
			"name": "origin",
			"from": [ 0.0, 0.0, 0.0 ],
			"to": [ 0.0, 0.0, 0.0 ],
			"rotationOrigin": [ 8.0, 8.0, 0.0 ],
			"faces": {
				"north": { "texture": "#westernvarnishedconk", "uv": [ 0.0, 0.0, 0.0, 0.0 ] },
				"east": { "texture": "#westernvarnishedconk", "uv": [ 0.0, 0.0, 0.0, 0.0 ] },
				"south": { "texture": "#westernvarnishedconk", "uv": [ 0.0, 0.0, 0.0, 0.0 ] },
				"west": { "texture": "#westernvarnishedconk", "uv": [ 0.0, 0.0, 0.0, 0.0 ] },
				"up": { "texture": "#westernvarnishedconk", "uv": [ 0.0, 0.0, 0.0, 0.0 ] },
				"down": { "texture": "#westernvarnishedconk", "uv": [ 0.0, 0.0, 0.0, 0.0 ] }
			},
			"children": [
				{
					"name": "sagemushroom1",
					"from": [ 2.0, 5.0, 16.0 ],
					"to": [ 6.0, 6.0, 19.0 ],
					"rotationOrigin": [ 4.0, 5.0, 16.0 ],
					"rotationY": 180.0,
					"rotationZ": 4.0,
					"faces": {
						"north": { "texture": "#westernvarnishedconk", "uv": [ 10.0, 9.5, 14.0, 10.5 ] },
						"east": { "texture": "#westernvarnishedconk", "uv": [ 5.0, 15.0, 8.0, 16.0 ] },
						"south": { "texture": "#westernvarnishedconk", "uv": [ 3.0, 15.0, 7.0, 16.0 ] },
						"west": { "texture": "#westernvarnishedconk", "uv": [ 3.5, 15.0, 6.5, 16.0 ] },
						"up": { "texture": "#westernvarnishedconk", "uv": [ 8.5, 0.0, 12.5, 3.0 ] },
						"down": { "texture": "#westernvarnishedconk", "uv": [ 10.0, 7.5, 14.0, 10.5 ] }
					},
					"children": [
						{
							"name": "tip1",
							"from": [ 0.5, 0.0, 3.0 ],
							"to": [ 3.5, 1.0, 3.5 ],
							"faces": {
								"east": { "texture": "#westernvarnishedconk", "uv": [ 4.5, 15.0, 5.0, 16.0 ] },
								"south": { "texture": "#westernvarnishedconk", "uv": [ 3.0, 15.0, 6.0, 16.0 ] },
								"west": { "texture": "#westernvarnishedconk", "uv": [ 3.0, 15.0, 3.5, 16.0 ] },
								"up": { "texture": "#westernvarnishedconk", "uv": [ 9.0, 3.0, 12.0, 3.5 ] },
								"down": { "texture": "#westernvarnishedconk", "uv": [ 11.0, 9.0, 14.0, 9.5 ] }
							}
						},
						{
							"name": "tip7",
							"from": [ -0.5, 0.0, 0.5 ],
							"to": [ 0.0, 1.0, 2.5 ],
							"faces": {
								"north": { "texture": "#westernvarnishedconk", "uv": [ 1.0, 15.0, 1.5, 16.0 ] },
								"south": { "texture": "#westernvarnishedconk", "uv": [ 7.0, 15.0, 7.5, 16.0 ] },
								"west": { "texture": "#westernvarnishedconk", "uv": [ 4.5, 15.0, 6.5, 16.0 ] },
								"up": { "texture": "#westernvarnishedconk", "uv": [ 8.0, 0.5, 8.5, 2.5 ] },
								"down": { "texture": "#westernvarnishedconk", "uv": [ 11.5, 9.5, 12.0, 11.5 ] }
							}
						},
						{
							"name": "tip8",
							"from": [ 4.0, 0.0, 0.5 ],
							"to": [ 4.5, 1.0, 2.5 ],
							"faces": {
								"north": { "texture": "#westernvarnishedconk", "uv": [ 3.0, 15.0, 3.5, 16.0 ] },
								"east": { "texture": "#westernvarnishedconk", "uv": [ 4.0, 15.0, 6.0, 16.0 ] },
								"south": { "texture": "#westernvarnishedconk", "uv": [ 9.5, 15.0, 10.0, 16.0 ] },
								"up": { "texture": "#westernvarnishedconk", "uv": [ 12.5, 0.5, 13.0, 2.5 ] },
								"down": { "texture": "#westernvarnishedconk", "uv": [ 11.5, 10.5, 12.0, 12.5 ] }
							}
						}
					]
				},
				{
					"name": "sagemushroom4",
					"from": [ 4.0, 2.0, 16.5 ],
					"to": [ 11.0, 3.0, 21.5 ],
					"rotationOrigin": [ 8.0, 0.0, 16.5 ],
					"rotationX": -4.0,
					"rotationY": 180.0,
					"faces": {
						"north": { "texture": "#westernvarnishedconk", "uv": [ 8.5, 10.5, 15.5, 11.5 ] },
						"east": { "texture": "#westernvarnishedconk", "uv": [ 1.5, 15.0, 6.5, 16.0 ] },
						"south": { "texture": "#westernvarnishedconk", "uv": [ 0.0, 15.0, 7.0, 16.0 ] },
						"west": { "texture": "#westernvarnishedconk", "uv": [ 2.5, 15.0, 7.5, 16.0 ] },
						"up": { "texture": "#westernvarnishedconk", "uv": [ 0.5, 0.0, 7.5, 5.0 ] },
						"down": { "texture": "#westernvarnishedconk", "uv": [ 8.0, 7.0, 15.0, 12.0 ] }
					},
					"children": [
						{
							"name": "tip5",
							"from": [ 1.0, 0.0, 5.0 ],
							"to": [ 6.0, 1.0, 6.0 ],
							"faces": {
								"east": { "texture": "#westernvarnishedconk", "uv": [ 4.5, 15.0, 5.5, 16.0 ] },
								"south": { "texture": "#westernvarnishedconk", "uv": [ 3.0, 15.0, 8.0, 16.0 ] },
								"west": { "texture": "#westernvarnishedconk", "uv": [ 2.5, 15.0, 3.5, 16.0 ] },
								"up": { "texture": "#westernvarnishedconk", "uv": [ 1.5, 5.0, 6.5, 6.0 ] },
								"down": { "texture": "#westernvarnishedconk", "uv": [ 9.0, 12.5, 14.0, 13.5 ] }
							}
						},
						{
							"name": "tip6",
							"from": [ -0.5, 0.0, 1.0 ],
							"to": [ 0.0, 1.0, 4.0 ],
							"faces": {
								"north": { "texture": "#westernvarnishedconk", "uv": [ 7.5, 15.0, 8.0, 16.0 ] },
								"south": { "texture": "#westernvarnishedconk", "uv": [ 12.0, 15.0, 12.5, 16.0 ] },
								"west": { "texture": "#westernvarnishedconk", "uv": [ 2.5, 15.0, 5.5, 16.0 ] },
								"up": { "texture": "#westernvarnishedconk", "uv": [ 0.0, 1.0, 0.5, 4.0 ] },
								"down": { "texture": "#westernvarnishedconk", "uv": [ 8.5, 8.0, 9.0, 11.0 ] }
							}
						},
						{
							"name": "tip9",
							"from": [ 7.0, 0.0, 0.5 ],
							"to": [ 7.5, 1.0, 3.5 ],
							"faces": {
								"north": { "texture": "#westernvarnishedconk", "uv": [ 10.5, 10.5, 11.0, 11.5 ] },
								"east": { "texture": "#westernvarnishedconk", "uv": [ 2.0, 15.0, 5.0, 16.0 ] },
								"south": { "texture": "#westernvarnishedconk", "uv": [ 3.5, 15.0, 4.0, 16.0 ] },
								"up": { "texture": "#westernvarnishedconk", "uv": [ 7.5, 0.5, 8.0, 3.5 ] },
								"down": { "texture": "#westernvarnishedconk", "uv": [ 9.0, 9.5, 9.5, 12.5 ] }
							}
						}
					]
				},
				{
					"name": "sagemushroom10",
					"from": [ 10.0, 3.5, 16.0 ],
					"to": [ 13.0, 4.5, 17.0 ],
					"rotationOrigin": [ 11.5, 4.0, 16.0 ],
					"rotationY": -180.0,
					"faces": {
						"north": { "texture": "#westernvarnishedconk", "uv": [ 10.5, 9.5, 13.5, 10.5 ] },
						"east": { "texture": "#westernvarnishedconk", "uv": [ 10.0, 15.0, 11.0, 16.0 ] },
						"south": { "texture": "#westernvarnishedconk", "uv": [ 11.0, 15.0, 14.0, 16.0 ] },
						"west": { "texture": "#westernvarnishedconk", "uv": [ 10.5, 15.0, 11.5, 16.0 ] },
						"up": { "texture": "#westernvarnishedconk", "uv": [ 2.0, 4.5, 5.0, 5.5 ] },
						"down": { "texture": "#westernvarnishedconk", "uv": [ 9.5, 7.5, 12.5, 8.5 ] }
					},
					"children": [
						{
							"name": "tip11",
							"from": [ 0.5, 0.0, 1.0 ],
							"to": [ 2.5, 1.0, 1.5 ],
							"faces": {
								"east": { "texture": "#westernvarnishedconk", "uv": [ 13.0, 15.0, 13.5, 16.0 ] },
								"south": { "texture": "#westernvarnishedconk", "uv": [ 11.0, 15.0, 13.0, 16.0 ] },
								"west": { "texture": "#westernvarnishedconk", "uv": [ 12.0, 15.0, 12.5, 16.0 ] },
								"up": { "texture": "#westernvarnishedconk", "uv": [ 11.0, 6.5, 13.0, 7.0 ] },
								"down": { "texture": "#westernvarnishedconk", "uv": [ 11.5, 10.0, 13.5, 10.5 ] }
							}
						}
					]
				},
				{
					"name": "sagemushroom12",
					"from": [ 7.0, 9.5, 16.0 ],
					"to": [ 11.0, 10.5, 18.0 ],
					"rotationOrigin": [ 8.5, 10.0, 16.0 ],
					"rotationY": -180.0,
					"rotationZ": -2.0,
					"faces": {
						"north": { "texture": "#westernvarnishedconk", "uv": [ 10.5, 9.5, 14.5, 10.5 ] },
						"east": { "texture": "#westernvarnishedconk", "uv": [ 5.0, 15.0, 7.0, 16.0 ] },
						"south": { "texture": "#westernvarnishedconk", "uv": [ 4.0, 14.5, 8.0, 15.5 ], "rotation": 180 },
						"west": { "texture": "#westernvarnishedconk", "uv": [ 10.5, 15.0, 12.5, 16.0 ] },
						"up": { "texture": "#westernvarnishedconk", "uv": [ 8.5, 1.0, 12.5, 3.0 ] },
						"down": { "texture": "#westernvarnishedconk", "uv": [ 10.0, 7.5, 14.0, 9.5 ] }
					},
					"children": [
						{
							"name": "tip13",
							"from": [ 0.5, 0.0, 2.0 ],
							"to": [ 3.5, 1.0, 2.5 ],
							"faces": {
								"east": { "texture": "#westernvarnishedconk", "uv": [ 0.0, 15.0, 0.5, 16.0 ] },
								"south": { "texture": "#westernvarnishedconk", "uv": [ 0.0, 15.0, 3.0, 16.0 ] },
								"west": { "texture": "#westernvarnishedconk", "uv": [ 0.0, 15.0, 0.5, 16.0 ] },
								"up": { "texture": "#westernvarnishedconk", "uv": [ 4.0, 5.5, 7.0, 6.0 ] },
								"down": { "texture": "#westernvarnishedconk", "uv": [ 10.5, 11.5, 13.5, 12.0 ] }
							}
						}
					]
				}
			]
		}
	]}