{
	"editor": {
		"allAngles": true,
		"entityTextureMode": false
	},
	"textureWidth": 16,
	"textureHeight": 16,
	"textureSizes": {
	},
	"textures": {
		"falseearthstar": "mycodiversity:block/plant/mushroom/falseearthstar/falseearthstar"
	},
	"elements": [
		{
			"name": "origin",
			"from": [ 8.0, 0.0, 8.0 ],
			"to": [ 8.0, 0.0, 8.0 ],
			"rotationOrigin": [ 8.0, 0.0, 8.0 ],
			"faces": {
				"north": { "texture": "#falseearthstar", "uv": [ 0.0, 0.0, 0.5, 0.5 ] },
				"east": { "texture": "#falseearthstar", "uv": [ 0.0, 0.0, 0.5, 0.5 ] },
				"south": { "texture": "#falseearthstar", "uv": [ 0.0, 0.0, 0.5, 0.5 ] },
				"west": { "texture": "#falseearthstar", "uv": [ 0.0, 0.0, 0.5, 0.5 ] },
				"up": { "texture": "#falseearthstar", "uv": [ 0.0, 0.0, 0.5, 0.5 ] },
				"down": { "texture": "#falseearthstar", "uv": [ 0.0, 0.0, 0.5, 0.5 ] }
			},
			"children": [
				{
					"name": "Cube14",
					"from": [ 1.1, 0.0, 0.0 ],
					"to": [ 2.6, 1.5, 1.5 ],
					"rotationOrigin": [ 1.1, 0.0, 0.0 ],
					"rotationX": 6.0,
					"rotationY": -155.0,
					"faces": {
						"north": { "texture": "#falseearthstar", "uv": [ 10.5, 1.0, 12.0, 2.5 ] },
						"east": { "texture": "#falseearthstar", "uv": [ 10.0, 2.5, 11.5, 4.0 ] },
						"south": { "texture": "#falseearthstar", "uv": [ 9.5, 1.5, 11.0, 3.0 ] },
						"west": { "texture": "#falseearthstar", "uv": [ 12.5, 1.5, 14.0, 3.0 ] },
						"up": { "texture": "#falseearthstar", "uv": [ 12.5, 10.0, 14.0, 11.5 ] },
						"down": { "texture": "#falseearthstar", "uv": [ 8.5, 5.0, 10.0, 6.5 ] }
					},
					"children": [
						{
							"name": "Cube15",
							"from": [ -1.2, 0.0, -0.7 ],
							"to": [ -0.2, 0.5, 1.3 ],
							"rotationOrigin": [ -1.2, 0.0, -0.7 ],
							"rotationX": 17.0,
							"rotationY": 42.0,
							"faces": {
								"north": { "texture": "#falseearthstar", "uv": [ 0.0, 0.0, 1.0, 0.5 ] },
								"east": { "texture": "#falseearthstar", "uv": [ 0.0, 0.0, 2.0, 0.5 ] },
								"south": { "texture": "#falseearthstar", "uv": [ 0.0, 0.0, 1.0, 0.5 ] },
								"west": { "texture": "#falseearthstar", "uv": [ 0.0, 0.0, 2.0, 0.5 ] },
								"up": { "texture": "#falseearthstar", "uv": [ 3.0, 6.0, 4.0, 8.0 ] },
								"down": { "texture": "#falseearthstar", "uv": [ 0.0, 0.0, 1.0, 2.0 ] }
							}
						},
						{
							"name": "Cube16",
							"from": [ 1.8, 0.3, -1.3 ],
							"to": [ 2.8, 0.8, 0.7 ],
							"rotationOrigin": [ 1.8, 0.3, -1.3 ],
							"rotationX": 17.0,
							"rotationY": -45.0,
							"faces": {
								"north": { "texture": "#falseearthstar", "uv": [ 0.0, 0.0, 1.0, 0.5 ] },
								"east": { "texture": "#falseearthstar", "uv": [ 0.0, 0.0, 2.0, 0.5 ] },
								"south": { "texture": "#falseearthstar", "uv": [ 0.0, 0.0, 1.0, 0.5 ] },
								"west": { "texture": "#falseearthstar", "uv": [ 0.0, 0.0, 2.0, 0.5 ] },
								"up": { "texture": "#falseearthstar", "uv": [ 5.0, 5.5, 6.0, 7.5 ] },
								"down": { "texture": "#falseearthstar", "uv": [ 0.0, 0.0, 1.0, 2.0 ] }
							}
						},
						{
							"name": "Cube17",
							"from": [ 0.3, 0.2, -1.8 ],
							"to": [ 1.3, 0.7, 0.2 ],
							"rotationOrigin": [ 0.3, 0.2, -1.8 ],
							"rotationX": 8.0,
							"faces": {
								"north": { "texture": "#falseearthstar", "uv": [ 0.0, 0.0, 1.0, 0.5 ] },
								"east": { "texture": "#falseearthstar", "uv": [ 0.0, 0.0, 2.0, 0.5 ] },
								"south": { "texture": "#falseearthstar", "uv": [ 0.0, 0.0, 1.0, 0.5 ] },
								"west": { "texture": "#falseearthstar", "uv": [ 0.0, 0.0, 2.0, 0.5 ] },
								"up": { "texture": "#falseearthstar", "uv": [ 3.5, 3.0, 4.5, 5.0 ] },
								"down": { "texture": "#falseearthstar", "uv": [ 0.0, 0.0, 1.0, 2.0 ] }
							}
						},
						{
							"name": "Cube18",
							"from": [ 0.6, 0.0, 1.3 ],
							"to": [ 1.6, 0.5, 3.3 ],
							"rotationOrigin": [ 0.6, 0.0, 1.3 ],
							"rotationY": 45.0,
							"faces": {
								"north": { "texture": "#falseearthstar", "uv": [ 0.0, 0.0, 1.0, 0.5 ] },
								"east": { "texture": "#falseearthstar", "uv": [ 0.0, 0.0, 2.0, 0.5 ] },
								"south": { "texture": "#falseearthstar", "uv": [ 0.0, 0.0, 1.0, 0.5 ] },
								"west": { "texture": "#falseearthstar", "uv": [ 0.0, 0.0, 2.0, 0.5 ] },
								"up": { "texture": "#falseearthstar", "uv": [ 5.5, 5.0, 6.5, 7.0 ] },
								"down": { "texture": "#falseearthstar", "uv": [ 0.0, 0.0, 1.0, 2.0 ] }
							}
						},
						{
							"name": "Cube19",
							"from": [ 0.4, 0.0, 1.0 ],
							"to": [ 1.4, 0.5, 3.0 ],
							"rotationOrigin": [ 0.4, 0.0, 1.0 ],
							"rotationX": -8.0,
							"faces": {
								"north": { "texture": "#falseearthstar", "uv": [ 0.0, 0.0, 1.0, 0.5 ] },
								"east": { "texture": "#falseearthstar", "uv": [ 0.0, 0.0, 2.0, 0.5 ] },
								"south": { "texture": "#falseearthstar", "uv": [ 0.0, 0.0, 1.0, 0.5 ] },
								"west": { "texture": "#falseearthstar", "uv": [ 0.0, 0.0, 2.0, 0.5 ] },
								"up": { "texture": "#falseearthstar", "uv": [ 0.0, 5.5, 1.0, 7.5 ] },
								"down": { "texture": "#falseearthstar", "uv": [ 0.0, 0.0, 1.0, 2.0 ] }
							}
						},
						{
							"name": "Cube20",
							"from": [ 0.1, 0.0, 0.8 ],
							"to": [ 1.1, 0.5, 2.8 ],
							"rotationOrigin": [ 0.1, 0.0, 0.8 ],
							"rotationX": -11.0,
							"rotationY": -45.0,
							"faces": {
								"north": { "texture": "#falseearthstar", "uv": [ 1.5, 4.0, 2.5, 4.5 ] },
								"east": { "texture": "#falseearthstar", "uv": [ 0.0, 0.0, 2.0, 0.5 ] },
								"south": { "texture": "#falseearthstar", "uv": [ 0.0, 0.0, 1.0, 0.5 ] },
								"west": { "texture": "#falseearthstar", "uv": [ 0.0, 0.0, 2.0, 0.5 ] },
								"up": { "texture": "#falseearthstar", "uv": [ 1.5, 5.5, 2.5, 7.5 ] },
								"down": { "texture": "#falseearthstar", "uv": [ 0.0, 0.0, 1.0, 2.0 ] }
							}
						},
						{
							"name": "Cube21",
							"from": [ 0.4998, 0.0, 0.3002 ],
							"to": [ 1.4998, 0.5, 2.3002 ],
							"rotationOrigin": [ 0.5, 0.0, 0.3 ],
							"rotationY": -89.98,
							"faces": {
								"north": { "texture": "#falseearthstar", "uv": [ 0.0, 0.0, 1.0, 0.5 ] },
								"east": { "texture": "#falseearthstar", "uv": [ 0.0, 0.0, 2.0, 0.5 ] },
								"south": { "texture": "#falseearthstar", "uv": [ 0.0, 0.0, 1.0, 0.5 ] },
								"west": { "texture": "#falseearthstar", "uv": [ 0.0, 0.0, 2.0, 0.5 ] },
								"up": { "texture": "#falseearthstar", "uv": [ 6.5, 5.0, 7.5, 7.0 ] },
								"down": { "texture": "#falseearthstar", "uv": [ 0.0, 0.0, 1.0, 2.0 ] }
							}
						},
						{
							"name": "Cube22",
							"from": [ 2.7, 0.0, 0.0 ],
							"to": [ 3.7, 0.5, 2.0 ],
							"rotationOrigin": [ 2.7, 0.0, 0.0 ],
							"rotationX": -28.0,
							"rotationY": -80.0,
							"rotationZ": -14.0,
							"faces": {
								"north": { "texture": "#falseearthstar", "uv": [ 0.0, 0.0, 1.0, 0.5 ] },
								"east": { "texture": "#falseearthstar", "uv": [ 0.0, 0.0, 2.0, 0.5 ] },
								"south": { "texture": "#falseearthstar", "uv": [ 0.0, 0.0, 1.0, 0.5 ] },
								"west": { "texture": "#falseearthstar", "uv": [ 0.0, 0.0, 2.0, 0.5 ] },
								"up": { "texture": "#falseearthstar", "uv": [ 2.5, 5.5, 3.5, 7.5 ] },
								"down": { "texture": "#falseearthstar", "uv": [ 0.0, 0.0, 1.0, 2.0 ] }
							}
						}
					]
				}
			]
		}
	]}