{
	"editor": {
		"collapsedPaths": "Root/Body/abdomen,Root/Body/abdomen/R back Thigh",
		"allAngles": true,
		"entityTextureMode": true
	},
	"textureWidth": 44,
	"textureHeight": 72,
	"textureSizes": {
		"skin": [44,72]
	},
	"textures": {
	},
	"elements": [
		{
			"name": "neck",
			"from": [ 12.9, 7.9, 6.6 ],
			"to": [ 16.9, 12.4, 9.6 ],
			"unwrapMode": 7,
			"unwrapRotation": 1,
			"uv": [ 2.5, 9.0 ],
			"rotationOrigin": [ 16.8, 11.2, 9.5 ],
			"faces": {
				"north": { "texture": "#skin", "uv": [ 10.0, 13.5, 14.5, 17.5 ], "rotation": 90 },
				"south": { "texture": "#skin", "uv": [ 2.5, 13.5, 7.0, 17.5 ], "rotation": 270 },
				"west": { "texture": "#skin", "uv": [ 7.0, 9.0, 10.0, 13.5 ], "rotation": 180 },
				"up": { "texture": "#skin", "uv": [ 7.0, 13.5, 10.0, 17.5 ], "rotation": 270 },
				"down": { "texture": "#skin", "uv": [ 14.5, 13.5, 17.5, 17.5 ], "rotation": 90 }
			},
			"children": [
				{
					"name": "neck2",
					"from": [ -2.7, 0.4, 0.25 ],
					"to": [ 1.3, 4.4, 2.75 ],
					"unwrapMode": 7,
					"unwrapRotation": 1,
					"uv": [ 3.0, 0.5 ],
					"rotationOrigin": [ 1.3, 3.8, 1.7 ],
					"faces": {
						"north": { "texture": "#skin", "uv": [ 9.5, 4.5, 13.5, 8.5 ], "rotation": 90 },
						"south": { "texture": "#skin", "uv": [ 3.0, 4.5, 7.0, 8.5 ], "rotation": 270 },
						"west": { "texture": "#skin", "uv": [ 7.0, 0.5, 9.5, 4.5 ], "rotation": 180 },
						"up": { "texture": "#skin", "uv": [ 7.0, 4.5, 9.5, 8.5 ], "rotation": 270 },
						"down": { "texture": "#skin", "uv": [ 13.5, 4.5, 16.0, 8.5 ], "rotation": 90 }
					},
					"children": [
						{
							"name": "head",
							"from": [ -2.8, 0.5, -0.5 ],
							"to": [ 0.9, 4.0, 3.0 ],
							"unwrapMode": 4,
							"uv": [ 27.5, 58.0 ],
							"rotationOrigin": [ 0.2, 3.4, 1.3 ],
							"rotationZ": 30.0,
							"faces": {
								"north": { "texture": "#skin", "uv": [ 27.5, 61.5, 31.0, 65.0 ] },
								"east": { "texture": "#skin", "uv": [ 38.0, 61.5, 41.5, 65.0 ] },
								"south": { "texture": "#skin", "uv": [ 34.5, 61.5, 38.0, 65.0 ] },
								"west": { "texture": "#skin", "uv": [ 31.0, 61.5, 34.5, 65.0 ] },
								"up": { "texture": "#skin", "uv": [ 31.0, 58.0, 34.5, 61.5 ], "rotation": 90 },
								"down": { "texture": "#skin", "uv": [ 31.0, 65.0, 34.5, 68.5 ], "rotation": 90 }
							},
							"children": [
								{
									"name": "mouth up",
									"from": [ -1.9, 1.2, 0.7 ],
									"to": [ 0.5, 2.9, 2.7 ],
									"unwrapMode": 5,
									"unwrapRotation": 1,
									"uv": [ 14.0, 29.0 ],
									"rotationOrigin": [ 0.2, 2.5, 1.6 ],
									"rotationZ": 10.0,
									"faces": {
										"north": { "texture": "#skin", "uv": [ 14.0, 29.0, 15.5, 31.0 ], "rotation": 270 },
										"south": { "texture": "#skin", "uv": [ 17.5, 29.0, 19.0, 31.0 ], "rotation": 90 },
										"west": { "texture": "#skin", "uv": [ 15.5, 31.0, 17.5, 32.5 ] },
										"up": { "texture": "#skin", "uv": [ 15.5, 29.0, 17.5, 31.0 ], "rotation": 90 },
										"down": { "texture": "#skin", "uv": [ 19.0, 29.0, 21.0, 31.0 ], "rotation": 270 }
									},
									"children": [
										{
											"name": "nose bridge",
											"from": [ 0.2, 1.0, 0.2 ],
											"to": [ 2.2, 2.0, 1.8 ],
											"unwrapMode": 5,
											"unwrapRotation": 1,
											"uv": [ 30.5, 54.5 ],
											"rotationOrigin": [ 2.2, 1.0, 0.7 ],
											"rotationZ": 7.0,
											"faces": {
												"north": { "texture": "#skin", "uv": [ 30.5, 54.5, 31.5, 56.5 ], "rotation": 270 },
												"south": { "texture": "#skin", "uv": [ 33.0, 54.5, 34.0, 56.5 ], "rotation": 90 },
												"up": { "texture": "#skin", "uv": [ 31.5, 54.5, 33.0, 56.5 ], "rotation": 90 }
											}
										},
										{
											"name": "nose",
											"from": [ -1.4, -0.1, -0.05 ],
											"to": [ 0.6, 1.9, 2.05 ],
											"unwrapMode": 4,
											"uv": [ 13.5, 22.0 ],
											"rotationOrigin": [ 0.6, -0.1, 0.8 ],
											"rotationZ": 15.0,
											"faces": {
												"north": { "texture": "#skin", "uv": [ 13.5, 24.0, 15.5, 26.0 ] },
												"east": { "texture": "#skin", "uv": [ 19.5, 24.0, 21.5, 26.0 ] },
												"south": { "texture": "#skin", "uv": [ 17.5, 24.0, 19.5, 26.0 ] },
												"west": { "texture": "#skin", "uv": [ 15.5, 24.0, 17.5, 26.0 ] },
												"up": { "texture": "#skin", "uv": [ 15.5, 22.0, 17.5, 24.0 ], "rotation": 90 },
												"down": { "texture": "#skin", "uv": [ 15.5, 26.0, 17.5, 28.0 ], "rotation": 90 }
											}
										}
									]
								},
								{
									"name": "R ear",
									"from": [ 2.9, 1.9, -2.6 ],
									"to": [ 3.4, 3.4, 0.4 ],
									"unwrapMode": 4,
									"unwrapRotation": 1,
									"uv": [ 18.0, 54.0 ],
									"rotationOrigin": [ 3.1, 2.6, 0.4 ],
									"rotationX": 45.0,
									"rotationY": -22.0,
									"rotationZ": 22.0,
									"faces": {
										"north": { "texture": "#skin", "uv": [ 18.5, 57.0, 20.0, 57.5 ], "rotation": 90, "windMode": [-1,-1,-1,-1], "windData": [1,1,1,1] },
										"east": { "texture": "#skin", "uv": [ 20.5, 54.0, 22.0, 57.0 ], "rotation": 270, "windMode": [-1,-1,-1,-1], "windData": [1,1,1,1] },
										"west": { "texture": "#skin", "uv": [ 18.5, 54.0, 20.0, 57.0 ], "rotation": 90 },
										"up": { "texture": "#skin", "uv": [ 18.0, 54.0, 18.5, 57.0 ], "rotation": 180 },
										"down": { "texture": "#skin", "uv": [ 20.0, 54.0, 20.5, 57.0 ], "rotation": 180 }
									}
								},
								{
									"name": "L ear",
									"from": [ 2.9, 1.9, 3.0 ],
									"to": [ 3.4, 3.4, 6.0 ],
									"unwrapMode": 4,
									"unwrapRotation": 1,
									"uv": [ 13.5, 54.0 ],
									"rotationOrigin": [ 3.1, 2.6, 3.0 ],
									"rotationX": -45.0,
									"rotationY": 22.0,
									"rotationZ": 22.0,
									"faces": {
										"east": { "texture": "#skin", "uv": [ 16.0, 54.5, 17.5, 57.5 ], "rotation": 270, "windMode": [-1,-1,-1,-1], "windData": [1,1,1,1] },
										"south": { "texture": "#skin", "uv": [ 14.0, 54.0, 15.5, 54.5 ], "rotation": 90, "windMode": [-1,-1,-1,-1], "windData": [1,1,1,1] },
										"west": { "texture": "#skin", "uv": [ 14.0, 54.5, 15.5, 57.5 ], "rotation": 90, "windMode": [-1,-1,-1,-1], "windData": [1,1,1,1] },
										"up": { "texture": "#skin", "uv": [ 13.5, 54.5, 14.0, 57.5 ], "rotation": 180, "windMode": [-1,-1,-1,-1], "windData": [1,1,1,1] },
										"down": { "texture": "#skin", "uv": [ 15.5, 54.5, 16.0, 57.5 ], "rotation": 180, "windMode": [-1,-1,-1,-1], "windData": [1,1,1,1] }
									}
								},
								{
									"name": "jaw",
									"from": [ -1.4, 0.4, 1.0 ],
									"to": [ 0.6, 1.4, 2.6 ],
									"unwrapMode": 5,
									"unwrapRotation": 1,
									"uv": [ 30.0, 50.5 ],
									"rotationOrigin": [ 0.5, 1.3, 1.7 ],
									"rotationZ": 2.0,
									"faces": {
										"north": { "texture": "#skin", "uv": [ 30.0, 50.5, 31.0, 52.5 ], "rotation": 270 },
										"south": { "texture": "#skin", "uv": [ 32.5, 50.5, 33.5, 52.5 ], "rotation": 90 },
										"west": { "texture": "#skin", "uv": [ 31.0, 52.5, 32.5, 53.5 ] },
										"up": { "texture": "#skin", "uv": [ 31.0, 50.5, 32.5, 52.5 ], "rotation": 90 },
										"down": { "texture": "#skin", "uv": [ 33.5, 50.5, 35.0, 52.5 ], "rotation": 270 }
									},
									"children": [
										{
											"name": "lower lip",
											"from": [ -1.5, -0.2, -0.05 ],
											"to": [ 0.0, 1.0, 1.65 ],
											"unwrapMode": 7,
											"unwrapRotation": 1,
											"uv": [ 30.0, 47.0 ],
											"rotationOrigin": [ 0.0, 1.0, 0.8 ],
											"rotationZ": 15.0,
											"faces": {
												"north": { "texture": "#skin", "uv": [ 32.5, 48.0, 33.5, 49.5 ], "rotation": 90 },
												"south": { "texture": "#skin", "uv": [ 30.0, 48.0, 31.0, 49.5 ], "rotation": 270 },
												"west": { "texture": "#skin", "uv": [ 31.0, 47.0, 32.5, 48.0 ], "rotation": 180 },
												"up": { "texture": "#skin", "uv": [ 31.0, 48.0, 32.5, 49.5 ], "rotation": 270 },
												"down": { "texture": "#skin", "uv": [ 33.5, 48.0, 35.0, 49.5 ], "rotation": 90 }
											}
										}
									]
								},
								{
									"name": "Eyes",
									"from": [ 0.2, 2.2, -0.01 ],
									"to": [ 0.8, 2.4, 3.51 ],
									"unwrapMode": 5,
									"uv": [ 4.0, 29.0 ],
									"rotationOrigin": [ 0.2, 2.2, 0.0 ],
									"faces": {
										"north": { "texture": "#skin", "uv": [ 4.0, 29.0, 4.5, 29.5 ], "rotation": 180 },
										"south": { "texture": "#skin", "uv": [ 4.0, 33.0, 4.5, 33.5 ] }
									},
									"children": [
										{
											"name": "EyeL",
											"from": [ 0.0, 0.2, 2.0 ],
											"to": [ 0.6, 0.6, 3.52 ],
											"unwrapMode": 5,
											"uv": [ 4.0, 29.0 ],
											"rotationOrigin": [ 0.0, 0.2, 2.01 ],
											"faces": {
												"north": { "texture": "#skin", "uv": [ 4.0, 29.0, 4.5, 29.5 ], "rotation": 180 },
												"south": { "texture": "#skin", "uv": [ 4.0, 31.0, 4.5, 31.5 ] }
											}
										},
										{
											"name": "EyeR",
											"from": [ 0.0, 0.2, 0.0 ],
											"to": [ 0.6, 0.6, 1.52 ],
											"unwrapMode": 5,
											"uv": [ 4.0, 29.0 ],
											"rotationOrigin": [ 0.0, 0.2, 0.01 ],
											"faces": {
												"north": { "texture": "#skin", "uv": [ 4.0, 29.0, 4.5, 29.5 ], "rotation": 180 },
												"south": { "texture": "#skin", "uv": [ 4.0, 31.0, 4.5, 31.5 ] }
											}
										}
									]
								}
							]
						}
					]
				}
			]
		}
	]}