{
	"editor": {
		"allAngles": true,
		"entityTextureMode": false
	},
	"textureWidth": 16,
	"textureHeight": 16,
	"textureSizes": {
	},
	"textures": {
		"candycap": "mycodiversity:block/plant/mushroom/candycap/candycap"
	},
	"elements": [
		{
			"name": "origin",
			"from": [ 8.0, 0.0, 8.0 ],
			"to": [ 8.0, 0.0, 8.0 ],
			"rotationOrigin": [ 8.0, 0.0, 8.0 ],
			"faces": {
			},
			"children": [
				{
					"name": "stem1",
					"from": [ 3.5, -0.5, -0.5 ],
					"to": [ 4.5, 1.5, 0.5 ],
					"rotationOrigin": [ 4.0, -0.5, 0.0 ],
					"rotationX": -6.0,
					"rotationZ": -25.0,
					"faces": {
						"north": { "texture": "#candycap", "uv": [ 1.0, 10.0, 2.0, 12.0 ] },
						"east": { "texture": "#candycap", "uv": [ 1.5, 11.0, 2.5, 13.0 ] },
						"south": { "texture": "#candycap", "uv": [ 1.0, 11.0, 2.0, 13.0 ] },
						"west": { "texture": "#candycap", "uv": [ 1.0, 11.0, 2.0, 13.0 ] },
						"down": { "texture": "#candycap", "uv": [ 0.5, 14.5, 1.5, 15.5 ] }
					},
					"children": [
						{
							"name": "Cap1",
							"from": [ -1.3, 3.0, -1.0 ],
							"to": [ 1.7, 4.0, 2.0 ],
							"rotationOrigin": [ 0.2, 3.0, 0.5 ],
							"rotationY": 14.0,
							"faces": {
								"north": { "texture": "#candycap", "uv": [ 5.5, 5.5, 8.5, 6.5 ] },
								"east": { "texture": "#candycap", "uv": [ 5.5, 5.5, 8.5, 6.5 ] },
								"south": { "texture": "#candycap", "uv": [ 4.5, 5.0, 7.5, 6.0 ] },
								"west": { "texture": "#candycap", "uv": [ 6.5, 5.5, 9.5, 6.5 ] },
								"up": { "texture": "#candycap", "uv": [ 5.5, 1.0, 8.5, 4.0 ] },
								"down": { "texture": "#candycap", "uv": [ 8.5, 9.0, 11.5, 12.0 ] }
							}
						},
						{
							"name": "gillsE",
							"from": [ 0.9, 1.6, 0.0 ],
							"to": [ 2.5, 2.3, 1.0 ],
							"rotationOrigin": [ 0.6, 1.6, 0.5 ],
							"rotationZ": 55.0,
							"faces": {
								"north": { "texture": "#candycap", "uv": [ 9.0, 13.0, 10.5, 13.5 ] },
								"south": { "texture": "#candycap", "uv": [ 9.0, 10.5, 10.5, 11.0 ] },
								"down": { "texture": "#candycap", "uv": [ 10.5, 9.5, 12.0, 10.5 ] }
							}
						},
						{
							"name": "gillsW",
							"from": [ -2.0, 1.6, 0.0 ],
							"to": [ 0.0, 2.6, 1.0 ],
							"rotationOrigin": [ 0.0, 1.6, 0.5 ],
							"rotationZ": -45.0,
							"faces": {
								"north": { "texture": "#candycap", "uv": [ 11.5, 12.5, 13.5, 13.5 ] },
								"south": { "texture": "#candycap", "uv": [ 10.5, 10.5, 12.5, 11.5 ] },
								"down": { "texture": "#candycap", "uv": [ 12.0, 12.5, 14.0, 13.5 ] }
							}
						},
						{
							"name": "gillsS",
							"from": [ -0.1, 1.6, 0.6 ],
							"to": [ 0.9, 2.1, 2.6 ],
							"rotationOrigin": [ 0.4, 1.6, 0.6 ],
							"rotationX": -45.0,
							"faces": {
								"east": { "texture": "#candycap", "uv": [ 12.0, 10.0, 14.0, 10.5 ] },
								"west": { "texture": "#candycap", "uv": [ 11.5, 11.5, 13.5, 12.0 ] },
								"down": { "texture": "#candycap", "uv": [ 11.0, 10.5, 12.0, 12.5 ] }
							}
						},
						{
							"name": "gillsN",
							"from": [ -0.2, 1.6, -1.6 ],
							"to": [ 0.8, 2.1, 0.4 ],
							"rotationOrigin": [ 0.3, 1.6, 0.4 ],
							"rotationX": 45.0,
							"faces": {
								"east": { "texture": "#candycap", "uv": [ 11.0, 12.0, 13.0, 12.5 ] },
								"west": { "texture": "#candycap", "uv": [ 12.0, 11.0, 14.0, 11.5 ] },
								"down": { "texture": "#candycap", "uv": [ 11.0, 10.0, 12.0, 12.0 ] }
							}
						},
						{
							"name": "ring1",
							"from": [ -0.1, 1.8, -0.1 ],
							"to": [ 1.1, 3.3, 1.1 ],
							"rotationOrigin": [ 0.5, 1.8, 0.5 ],
							"rotationZ": 19.0,
							"faces": {
								"north": { "texture": "#candycap", "uv": [ 0.5, 7.5, 1.5, 9.0 ] },
								"east": { "texture": "#candycap", "uv": [ 1.0, 8.0, 2.0, 9.5 ] },
								"south": { "texture": "#candycap", "uv": [ 1.5, 7.0, 2.5, 8.5 ] },
								"west": { "texture": "#candycap", "uv": [ 0.5, 5.0, 1.5, 6.5 ] },
								"down": { "texture": "#candycap", "uv": [ 0.0, 0.0, 1.0, 1.0 ] }
							}
						}
					]
				},
				{
					"name": "stem9",
					"from": [ -3.5, -0.3, 1.5 ],
					"to": [ -2.1, 1.2, 2.9 ],
					"rotationOrigin": [ -3.0, -0.3, 2.0 ],
					"rotationX": 14.0,
					"rotationY": -127.0,
					"rotationZ": 14.0,
					"faces": {
						"north": { "texture": "#candycap", "uv": [ 1.0, 10.0, 2.0, 11.5 ] },
						"east": { "texture": "#candycap", "uv": [ 1.5, 11.0, 2.5, 12.5 ] },
						"south": { "texture": "#candycap", "uv": [ 1.0, 11.0, 2.0, 12.5 ] },
						"west": { "texture": "#candycap", "uv": [ 1.0, 11.0, 2.0, 12.5 ] },
						"down": { "texture": "#candycap", "uv": [ 0.5, 14.5, 1.5, 15.5 ] }
					},
					"children": [
						{
							"name": "Cap10",
							"from": [ -2.0, 3.0, -2.0 ],
							"to": [ 3.0, 4.1, 3.0 ],
							"rotationOrigin": [ 0.5, 3.0, 0.5 ],
							"rotationY": -78.0,
							"faces": {
								"north": { "texture": "#candycap", "uv": [ 5.5, 5.5, 10.5, 6.5 ] },
								"east": { "texture": "#candycap", "uv": [ 5.5, 5.5, 10.5, 6.5 ] },
								"south": { "texture": "#candycap", "uv": [ 4.5, 5.0, 9.5, 6.0 ] },
								"west": { "texture": "#candycap", "uv": [ 6.5, 5.5, 11.5, 6.5 ] },
								"up": { "texture": "#candycap", "uv": [ 9.5, 1.0, 14.5, 6.0 ] },
								"down": { "texture": "#candycap", "uv": [ 8.5, 9.0, 13.5, 14.0 ] }
							}
						},
						{
							"name": "gillsE11",
							"from": [ 1.6, 1.6, 0.0 ],
							"to": [ 3.6, 3.1, 1.5 ],
							"rotationOrigin": [ 1.6, 1.6, 0.5 ],
							"rotationZ": 45.0,
							"faces": {
								"north": { "texture": "#candycap", "uv": [ 9.0, 13.0, 11.0, 14.5 ] },
								"south": { "texture": "#candycap", "uv": [ 9.0, 10.5, 11.0, 12.0 ] },
								"down": { "texture": "#candycap", "uv": [ 10.5, 9.5, 12.5, 11.0 ] }
							}
						},
						{
							"name": "gillsW12",
							"from": [ -2.2, 1.6, 0.0 ],
							"to": [ -0.2, 3.1, 1.5 ],
							"rotationOrigin": [ -0.2, 1.6, 0.5 ],
							"rotationZ": -45.0,
							"faces": {
								"north": { "texture": "#candycap", "uv": [ 11.5, 12.5, 13.5, 14.0 ] },
								"south": { "texture": "#candycap", "uv": [ 10.5, 10.5, 12.5, 12.0 ] },
								"down": { "texture": "#candycap", "uv": [ 12.0, 12.5, 14.0, 14.0 ] }
							}
						},
						{
							"name": "gillsS13",
							"from": [ 0.0, 1.6, 1.6 ],
							"to": [ 1.5, 3.1, 3.6 ],
							"rotationOrigin": [ 0.5, 1.6, 1.6 ],
							"rotationX": -45.0,
							"faces": {
								"east": { "texture": "#candycap", "uv": [ 12.0, 10.0, 14.0, 11.5 ] },
								"west": { "texture": "#candycap", "uv": [ 11.5, 11.5, 13.5, 13.0 ] },
								"down": { "texture": "#candycap", "uv": [ 11.0, 10.5, 12.5, 12.5 ] }
							}
						},
						{
							"name": "gillsN14",
							"from": [ 0.0, 1.6, -2.2 ],
							"to": [ 1.5, 3.1, -0.2 ],
							"rotationOrigin": [ 0.5, 1.6, -0.2 ],
							"rotationX": 45.0,
							"faces": {
								"east": { "texture": "#candycap", "uv": [ 11.0, 12.0, 13.0, 13.5 ] },
								"west": { "texture": "#candycap", "uv": [ 12.0, 11.0, 14.0, 12.5 ] },
								"down": { "texture": "#candycap", "uv": [ 11.0, 10.0, 12.5, 12.0 ] }
							}
						},
						{
							"name": "ring15",
							"from": [ -0.3, 1.5, -0.3 ],
							"to": [ 1.7, 3.0, 1.7 ],
							"rotationOrigin": [ 0.5, 1.5, 0.5 ],
							"faces": {
								"north": { "texture": "#candycap", "uv": [ 0.5, 7.5, 2.5, 9.0 ] },
								"east": { "texture": "#candycap", "uv": [ 1.0, 8.0, 3.0, 9.5 ] },
								"south": { "texture": "#candycap", "uv": [ 1.5, 7.0, 3.5, 8.5 ] },
								"west": { "texture": "#candycap", "uv": [ 0.5, 5.0, 2.5, 6.5 ] },
								"down": { "texture": "#candycap", "uv": [ 0.0, 0.0, 2.0, 2.0 ] }
							}
						}
					]
				},
				{
					"name": "stem16",
					"from": [ 3.3, -0.2, 2.8 ],
					"to": [ 4.3, 2.3, 3.8 ],
					"rotationOrigin": [ 3.8, -0.2, 3.3 ],
					"rotationX": 7.0,
					"rotationY": -83.0,
					"faces": {
						"north": { "texture": "#candycap", "uv": [ 1.0, 10.0, 2.0, 12.5 ] },
						"east": { "texture": "#candycap", "uv": [ 1.5, 11.0, 2.5, 13.5 ] },
						"south": { "texture": "#candycap", "uv": [ 1.0, 11.0, 2.0, 13.5 ] },
						"west": { "texture": "#candycap", "uv": [ 1.0, 11.0, 2.0, 13.5 ] },
						"down": { "texture": "#candycap", "uv": [ 0.5, 14.5, 1.5, 15.5 ] }
					},
					"children": [
						{
							"name": "Cap17",
							"from": [ -1.5, 3.8, -1.5 ],
							"to": [ 2.5, 4.8, 2.5 ],
							"rotationOrigin": [ 0.5, 3.8, 0.5 ],
							"rotationX": 9.0,
							"rotationY": 11.0,
							"faces": {
								"north": { "texture": "#candycap", "uv": [ 5.5, 5.5, 9.5, 6.5 ] },
								"east": { "texture": "#candycap", "uv": [ 5.5, 5.5, 9.5, 6.5 ] },
								"south": { "texture": "#candycap", "uv": [ 4.5, 5.0, 8.5, 6.0 ] },
								"west": { "texture": "#candycap", "uv": [ 6.5, 5.5, 10.5, 6.5 ] },
								"up": { "texture": "#candycap", "uv": [ 10.0, 1.0, 14.0, 5.0 ] },
								"down": { "texture": "#candycap", "uv": [ 8.5, 9.0, 12.5, 13.0 ] }
							}
						},
						{
							"name": "gillsE18",
							"from": [ 0.6, 2.6, 0.0 ],
							"to": [ 2.6, 3.1, 1.0 ],
							"rotationOrigin": [ 0.6, 2.6, 0.5 ],
							"rotationZ": 45.0,
							"faces": {
								"north": { "texture": "#candycap", "uv": [ 9.0, 13.0, 11.0, 13.5 ] },
								"south": { "texture": "#candycap", "uv": [ 9.0, 10.5, 11.0, 11.0 ] },
								"down": { "texture": "#candycap", "uv": [ 10.5, 9.5, 12.5, 10.5 ] }
							}
						},
						{
							"name": "gillsW19",
							"from": [ -1.6, 2.6, 0.0 ],
							"to": [ 0.4, 3.1, 1.0 ],
							"rotationOrigin": [ 0.4, 2.6, 0.5 ],
							"rotationZ": -45.0,
							"faces": {
								"north": { "texture": "#candycap", "uv": [ 11.5, 12.5, 13.5, 13.0 ] },
								"south": { "texture": "#candycap", "uv": [ 10.5, 10.5, 12.5, 11.0 ] },
								"down": { "texture": "#candycap", "uv": [ 12.0, 12.5, 14.0, 13.5 ] }
							}
						},
						{
							"name": "gillsS20",
							"from": [ 0.0, 2.6, 0.6 ],
							"to": [ 1.0, 3.1, 2.6 ],
							"rotationOrigin": [ 0.5, 2.6, 0.6 ],
							"rotationX": -45.0,
							"faces": {
								"east": { "texture": "#candycap", "uv": [ 12.0, 10.0, 14.0, 10.5 ] },
								"west": { "texture": "#candycap", "uv": [ 11.5, 11.5, 13.5, 12.0 ] },
								"down": { "texture": "#candycap", "uv": [ 11.0, 10.5, 12.0, 12.5 ] }
							}
						},
						{
							"name": "gillsN21",
							"from": [ 0.0, 2.6, -1.6 ],
							"to": [ 1.0, 3.1, 0.4 ],
							"rotationOrigin": [ 0.5, 2.6, 0.4 ],
							"rotationX": 45.0,
							"faces": {
								"east": { "texture": "#candycap", "uv": [ 11.0, 12.0, 13.0, 12.5 ] },
								"west": { "texture": "#candycap", "uv": [ 12.0, 11.0, 14.0, 11.5 ] },
								"down": { "texture": "#candycap", "uv": [ 11.0, 10.0, 12.0, 12.0 ] }
							}
						},
						{
							"name": "ring22",
							"from": [ -0.1, 1.5, -0.1 ],
							"to": [ 1.1, 4.0, 1.1 ],
							"rotationOrigin": [ 0.5, 1.5, 0.5 ],
							"faces": {
								"north": { "texture": "#candycap", "uv": [ 0.5, 7.5, 1.5, 10.0 ] },
								"east": { "texture": "#candycap", "uv": [ 1.0, 8.0, 2.0, 10.5 ] },
								"south": { "texture": "#candycap", "uv": [ 1.5, 7.0, 2.5, 9.5 ] },
								"west": { "texture": "#candycap", "uv": [ 0.5, 5.0, 1.5, 7.5 ] },
								"down": { "texture": "#candycap", "uv": [ 0.0, 0.0, 1.0, 1.0 ] }
							}
						}
					]
				},
				{
					"name": "stem23",
					"from": [ -6.5, -0.2, -1.5 ],
					"to": [ -5.9, 1.3, -0.9 ],
					"rotationOrigin": [ -6.0, -0.2, -1.0 ],
					"rotationX": 7.0,
					"rotationZ": 9.0,
					"faces": {
						"north": { "texture": "#candycap", "uv": [ 1.0, 10.0, 1.5, 11.5 ] },
						"east": { "texture": "#candycap", "uv": [ 1.5, 11.0, 2.0, 12.5 ] },
						"south": { "texture": "#candycap", "uv": [ 1.0, 11.0, 1.5, 12.5 ] },
						"west": { "texture": "#candycap", "uv": [ 1.0, 11.0, 1.5, 12.5 ] },
						"down": { "texture": "#candycap", "uv": [ 0.5, 14.5, 1.0, 15.0 ] }
					},
					"children": [
						{
							"name": "Cap24",
							"from": [ -0.7, 2.6, -0.5 ],
							"to": [ 1.3, 3.2, 1.5 ],
							"rotationOrigin": [ 0.3, 2.6, 0.5 ],
							"rotationX": -6.0,
							"rotationY": 6.0,
							"rotationZ": -8.0,
							"faces": {
								"north": { "texture": "#candycap", "uv": [ 5.5, 5.5, 7.5, 6.0 ] },
								"east": { "texture": "#candycap", "uv": [ 5.5, 5.5, 7.5, 6.0 ] },
								"south": { "texture": "#candycap", "uv": [ 4.5, 5.0, 6.5, 5.5 ] },
								"west": { "texture": "#candycap", "uv": [ 6.5, 5.5, 8.5, 6.0 ] },
								"up": { "texture": "#candycap", "uv": [ 3.5, 4.0, 5.5, 6.0 ] },
								"down": { "texture": "#candycap", "uv": [ 8.5, 9.0, 10.5, 11.0 ] }
							}
						},
						{
							"name": "ring29",
							"from": [ -0.2, 1.3, -0.2 ],
							"to": [ 0.8, 2.8, 0.8 ],
							"rotationOrigin": [ 0.3, 1.3, 0.3 ],
							"rotationX": 6.0,
							"faces": {
								"north": { "texture": "#candycap", "uv": [ 0.5, 7.5, 1.5, 9.0 ] },
								"east": { "texture": "#candycap", "uv": [ 1.0, 8.0, 2.0, 9.5 ] },
								"south": { "texture": "#candycap", "uv": [ 1.5, 7.0, 2.5, 8.5 ] },
								"west": { "texture": "#candycap", "uv": [ 0.5, 5.0, 1.5, 6.5 ] },
								"down": { "texture": "#candycap", "uv": [ 0.0, 0.0, 1.0, 1.0 ] }
							}
						}
					]
				},
				{
					"name": "stem26",
					"from": [ 0.5, -0.2, 5.5 ],
					"to": [ 1.1, 0.8, 6.1 ],
					"rotationOrigin": [ 1.0, -0.2, 6.0 ],
					"rotationX": 10.0,
					"faces": {
						"north": { "texture": "#candycap", "uv": [ 1.0, 10.0, 1.5, 11.0 ] },
						"east": { "texture": "#candycap", "uv": [ 1.5, 11.0, 2.0, 12.0 ] },
						"south": { "texture": "#candycap", "uv": [ 1.0, 11.0, 1.5, 12.0 ] },
						"west": { "texture": "#candycap", "uv": [ 1.0, 11.0, 1.5, 12.0 ] },
						"down": { "texture": "#candycap", "uv": [ 0.5, 14.5, 1.0, 15.0 ] }
					},
					"children": [
						{
							"name": "Cap27",
							"from": [ -0.7, 1.5, -0.7 ],
							"to": [ 1.3, 2.1, 1.3 ],
							"rotationOrigin": [ 0.3, 1.5, 0.2 ],
							"rotationX": -6.0,
							"rotationY": 6.0,
							"rotationZ": 14.0,
							"faces": {
								"north": { "texture": "#candycap", "uv": [ 5.5, 5.5, 7.5, 6.0 ] },
								"east": { "texture": "#candycap", "uv": [ 5.5, 5.5, 7.5, 6.0 ] },
								"south": { "texture": "#candycap", "uv": [ 4.5, 5.0, 6.5, 5.5 ] },
								"west": { "texture": "#candycap", "uv": [ 6.5, 5.5, 8.5, 6.0 ] },
								"up": { "texture": "#candycap", "uv": [ 8.5, 3.0, 10.5, 5.0 ] },
								"down": { "texture": "#candycap", "uv": [ 8.5, 9.0, 10.5, 11.0 ] }
							}
						},
						{
							"name": "ring28",
							"from": [ -0.2, 0.9, -0.2 ],
							"to": [ 0.8, 1.9, 0.8 ],
							"rotationOrigin": [ 0.3, 0.9, 0.3 ],
							"rotationX": -3.0,
							"rotationY": 19.0,
							"faces": {
								"north": { "texture": "#candycap", "uv": [ 0.5, 7.5, 1.5, 8.5 ] },
								"east": { "texture": "#candycap", "uv": [ 1.0, 8.0, 2.0, 9.0 ] },
								"south": { "texture": "#candycap", "uv": [ 1.5, 7.0, 2.5, 8.0 ] },
								"west": { "texture": "#candycap", "uv": [ 0.5, 5.0, 1.5, 6.0 ] },
								"down": { "texture": "#candycap", "uv": [ 0.0, 0.0, 1.0, 1.0 ] }
							}
						}
					]
				},
				{
					"name": "stem29",
					"from": [ -1.5, -0.4, -3.5 ],
					"to": [ -0.7, 1.1, -2.7 ],
					"rotationOrigin": [ -1.0, -0.4, -3.0 ],
					"rotationX": -22.0,
					"rotationZ": 9.0,
					"faces": {
						"north": { "texture": "#candycap", "uv": [ 1.0, 10.0, 1.5, 11.5 ] },
						"east": { "texture": "#candycap", "uv": [ 1.5, 11.0, 2.0, 12.5 ] },
						"south": { "texture": "#candycap", "uv": [ 1.0, 11.0, 1.5, 12.5 ] },
						"west": { "texture": "#candycap", "uv": [ 1.0, 11.0, 1.5, 12.5 ] },
						"down": { "texture": "#candycap", "uv": [ 0.5, 14.5, 1.0, 15.0 ] }
					},
					"children": [
						{
							"name": "Cap30",
							"from": [ -0.4, 2.3, -0.9 ],
							"to": [ 2.1, 2.9, 1.6 ],
							"rotationOrigin": [ 0.7, 2.3, 0.4 ],
							"rotationX": 8.0,
							"rotationY": 14.0,
							"rotationZ": -8.0,
							"faces": {
								"north": { "texture": "#candycap", "uv": [ 5.5, 5.5, 8.0, 6.0 ] },
								"east": { "texture": "#candycap", "uv": [ 5.5, 5.5, 8.0, 6.0 ] },
								"south": { "texture": "#candycap", "uv": [ 4.5, 5.0, 7.0, 5.5 ] },
								"west": { "texture": "#candycap", "uv": [ 6.5, 5.5, 9.0, 6.0 ] },
								"up": { "texture": "#candycap", "uv": [ 4.5, 2.0, 7.0, 4.5 ] },
								"down": { "texture": "#candycap", "uv": [ 8.5, 9.0, 11.0, 11.5 ] }
							}
						},
						{
							"name": "ring31",
							"from": [ -0.3, 1.1, -0.3 ],
							"to": [ 1.1, 2.6, 1.1 ],
							"rotationOrigin": [ 0.4, 1.1, 0.4 ],
							"rotationX": 6.0,
							"rotationZ": -14.0,
							"faces": {
								"north": { "texture": "#candycap", "uv": [ 0.5, 7.5, 1.5, 9.0 ] },
								"east": { "texture": "#candycap", "uv": [ 1.0, 8.0, 2.0, 9.5 ] },
								"south": { "texture": "#candycap", "uv": [ 1.5, 7.0, 2.5, 8.5 ] },
								"west": { "texture": "#candycap", "uv": [ 0.5, 5.0, 1.5, 6.5 ] },
								"down": { "texture": "#candycap", "uv": [ 0.0, 0.0, 1.0, 1.0 ] }
							}
						}
					]
				},
				{
					"name": "voxel1",
					"from": [ 0.2, 0.0, -1.5 ],
					"to": [ 1.2, 0.5, -0.5 ],
					"rotationOrigin": [ 0.7, 0.0, -1.0 ],
					"rotationY": -36.0,
					"faces": {
						"north": { "texture": "#candycap", "uv": [ 0.0, 0.0, 1.0, 0.5 ] },
						"east": { "texture": "#candycap", "uv": [ 0.0, 0.0, 1.0, 0.5 ] },
						"south": { "texture": "#candycap", "uv": [ 0.0, 0.0, 1.0, 0.5 ] },
						"west": { "texture": "#candycap", "uv": [ 0.0, 0.0, 1.0, 0.5 ] },
						"up": { "texture": "#candycap", "uv": [ 0.0, 0.0, 1.0, 1.0 ] },
						"down": { "texture": "#candycap", "uv": [ 0.0, 0.0, 1.0, 1.0 ] }
					}
				},
				{
					"name": "voxel33",
					"from": [ -6.8, 0.0, 6.5 ],
					"to": [ -5.8, 0.5, 7.5 ],
					"rotationOrigin": [ -6.3, 0.0, 7.0 ],
					"rotationY": 14.0,
					"faces": {
						"north": { "texture": "#candycap", "uv": [ 0.0, 0.0, 1.0, 0.5 ] },
						"east": { "texture": "#candycap", "uv": [ 0.0, 0.0, 1.0, 0.5 ] },
						"south": { "texture": "#candycap", "uv": [ 0.0, 0.0, 1.0, 0.5 ] },
						"west": { "texture": "#candycap", "uv": [ 0.0, 0.0, 1.0, 0.5 ] },
						"up": { "texture": "#candycap", "uv": [ 0.0, 0.0, 1.0, 1.0 ] },
						"down": { "texture": "#candycap", "uv": [ 0.0, 0.0, 1.0, 1.0 ] }
					}
				},
				{
					"name": "voxel34",
					"from": [ -5.8, 0.0, -4.5 ],
					"to": [ -4.8, 0.5, -3.5 ],
					"rotationOrigin": [ -5.3, 0.0, -4.0 ],
					"rotationY": -17.0,
					"faces": {
						"north": { "texture": "#candycap", "uv": [ 0.0, 0.0, 1.0, 0.5 ] },
						"east": { "texture": "#candycap", "uv": [ 0.0, 0.0, 1.0, 0.5 ] },
						"south": { "texture": "#candycap", "uv": [ 0.0, 0.0, 1.0, 0.5 ] },
						"west": { "texture": "#candycap", "uv": [ 0.0, 0.0, 1.0, 0.5 ] },
						"up": { "texture": "#candycap", "uv": [ 0.0, 0.0, 1.0, 1.0 ] },
						"down": { "texture": "#candycap", "uv": [ 0.0, 0.0, 1.0, 1.0 ] }
					}
				},
				{
					"name": "voxel35",
					"from": [ 3.2, 0.0, -5.5 ],
					"to": [ 4.2, 0.5, -4.5 ],
					"rotationOrigin": [ 3.7, 0.0, -5.0 ],
					"rotationY": -8.0,
					"faces": {
						"north": { "texture": "#candycap", "uv": [ 0.0, 0.0, 1.0, 0.5 ] },
						"east": { "texture": "#candycap", "uv": [ 0.0, 0.0, 1.0, 0.5 ] },
						"south": { "texture": "#candycap", "uv": [ 0.0, 0.0, 1.0, 0.5 ] },
						"west": { "texture": "#candycap", "uv": [ 0.0, 0.0, 1.0, 0.5 ] },
						"up": { "texture": "#candycap", "uv": [ 0.0, 0.0, 1.0, 1.0 ] },
						"down": { "texture": "#candycap", "uv": [ 0.0, 0.0, 1.0, 1.0 ] }
					}
				}
			]
		}
	]}