{
	"editor": {
		"collapsedPaths": "Root/Band_second,Root/Musket/Band_first,Root/Band_first,Root/Carbine/Band_third,Root/Stock,Root/Carbine/Flask_origin,Root/Flintlock,Root/Barrel,Root/Musket/Patch,Root/Band_third,Root/Carbine/Flintlock,Root/Musket/Band_second,Root/Musket/Trigger_assembly,Root/Musket/origin/segment main18,Root/Musket/Ramrod_origin,Root/Musket/Flask_origin/Flask_origin_inner/Flask/Bottom_plate/Wooden_body_1/Wooden_body_2/Wooden_body_3/Wooden_body_4/Wooden_body_5/Wooden_body_6/Top_plate/Tube/Plug,Root/Musket/Flintlock,Root/Firelance/origin/barrel,Root/Musket/Flask_origin,Root/origin,Root/Musket/origin/handle,Root/origin/segment main18,Root/Musket/Stock,Root/Firelance/origin/spearhead,Root/Musket/Ramrod,Root/Carbine/Band_first,Root/Firelance/Flask_origin,Root/Musket/Flintlock/Frizzen,Root/Musket/Band_third,Root/Carbine/Ramrod_origin,Root/Trigger_assembly,Root/Carbine/Patch,Root/Ramrod,Root/Carbine/Band_second,Root/Musket/origin/spearhead,Root/Carbine/Trigger_assembly,Root/Musket/Barrel",
		"allAngles": false,
		"entityTextureMode": false
	},
	"textureWidth": 16,
	"textureHeight": 16,
	"textureSizes": {
	},
	"textures": {
		"material": "game:block/metal/ingot/copper",
		"lead": "game:block/metal/plate/lead",
		"steel": "game:block/metal/plate/steel",
		"handle": "game:item/tool/material/handle",
		"string": "game:item/tool/material/string"
	},
	"elements": [
		{
			"name": "Firelance",
			"from": [ 0.0, 0.0, 0.0 ],
			"to": [ 0.0, 0.0, 0.0 ],
			"rotationOrigin": [ 0.0, 0.0, 80.0 ],
			"faces": {
				"north": { "texture": "#steel", "uv": [ 0.0, 0.0, 0.5, 0.5 ] },
				"east": { "texture": "#steel", "uv": [ 0.0, 0.0, 0.5, 0.5 ] },
				"south": { "texture": "#steel", "uv": [ 0.0, 0.0, 0.5, 0.5 ] },
				"west": { "texture": "#steel", "uv": [ 0.0, 0.0, 0.5, 0.5 ] },
				"up": { "texture": "#steel", "uv": [ 0.0, 0.0, 0.5, 0.5 ] },
				"down": { "texture": "#steel", "uv": [ 0.0, 0.0, 0.5, 0.5 ] }
			},
			"children": [
				{
					"name": "Bullet",
					"from": [ 0.0, 2.0, -25.0 ],
					"to": [ 0.0, 2.0, -25.0 ],
					"rotationOrigin": [ 0.0, 2.0, -25.0 ],
					"faces": {
						"north": { "texture": "#lead", "uv": [ 0.0, 0.0, 0.5, 0.5 ] },
						"east": { "texture": "#lead", "uv": [ 0.0, 0.0, 0.5, 0.5 ] },
						"south": { "texture": "#lead", "uv": [ 0.0, 0.0, 0.5, 0.5 ] },
						"west": { "texture": "#lead", "uv": [ 0.0, 0.0, 0.5, 0.5 ] },
						"up": { "texture": "#lead", "uv": [ 0.0, 0.0, 0.5, 0.5 ] },
						"down": { "texture": "#lead", "uv": [ 0.0, 0.0, 0.5, 0.5 ] }
					},
					"children": [
						{
							"name": "Cube2",
							"from": [ 0.0, 0.0, 0.0 ],
							"to": [ 1.0, 1.0, 1.0 ],
							"faces": {
								"north": { "texture": "#material", "uv": [ 0.0, 0.0, 1.0, 1.0 ] },
								"east": { "texture": "#material", "uv": [ 0.0, 0.0, 1.0, 1.0 ] },
								"south": { "texture": "#material", "uv": [ 0.0, 0.0, 1.0, 1.0 ] },
								"west": { "texture": "#material", "uv": [ 0.0, 0.0, 1.0, 1.0 ] },
								"up": { "texture": "#material", "uv": [ 0.0, 0.0, 1.0, 1.0 ] },
								"down": { "texture": "#material", "uv": [ 0.0, 0.0, 1.0, 1.0 ] }
							}
						}
					],
					"attachmentpoints": [
						{
							"code": "bullet",
							"posX": "0.25","posY": "0.25","posZ": "0.25",
							"rotationX": "0.0","rotationY": "0.0","rotationZ": "0.0"
						}
					]
				},
				{
					"name": "origin",
					"from": [ -16.0, 0.0, -7.0 ],
					"to": [ -16.0, 0.0, -7.0 ],
					"rotationOrigin": [ -16.0, -1.0, -23.0 ],
					"rotationY": 89.9802,
					"faces": {
						"north": { "texture": "#string", "uv": [ 0.0, 0.0, 0.5, 0.5 ] },
						"east": { "texture": "#string", "uv": [ 0.0, 0.0, 0.5, 0.5 ] },
						"south": { "texture": "#string", "uv": [ 0.0, 0.0, 0.5, 0.5 ] },
						"west": { "texture": "#string", "uv": [ 0.0, 0.0, 0.5, 0.5 ] },
						"up": { "texture": "#string", "uv": [ 0.0, 0.0, 0.5, 0.5 ] },
						"down": { "texture": "#string", "uv": [ 0.0, 0.0, 0.5, 0.5 ] }
					},
					"children": [
						{
							"name": "handle",
							"from": [ -8.0, -0.5, -0.5 ],
							"to": [ 8.0, 1.0, 1.0 ],
							"faces": {
								"north": { "texture": "#handle", "uv": [ 0.0, 5.5, 16.0, 7.0 ] },
								"east": { "texture": "#handle", "uv": [ 7.0, 0.5, 8.5, 2.0 ] },
								"south": { "texture": "#handle", "uv": [ 0.0, 10.5, 16.0, 12.0 ] },
								"west": { "texture": "#handle", "uv": [ 14.0, 10.0, 15.5, 11.5 ] },
								"up": { "texture": "#handle", "uv": [ 0.0, 4.5, 16.0, 6.0 ] },
								"down": { "texture": "#handle", "uv": [ 0.0, 5.0, 16.0, 6.5 ] }
							},
							"children": [
								{
									"name": "Cube24",
									"from": [ 16.0, 0.0, 0.0 ],
									"to": [ 18.0, 1.0, 1.5 ],
									"rotationOrigin": [ 16.0, 0.0, 0.0 ],
									"faces": {
										"north": { "texture": "#handle", "uv": [ 11.0, 8.0, 13.0, 9.0 ] },
										"east": { "texture": "#handle", "uv": [ 3.0, 4.0, 4.5, 5.0 ] },
										"south": { "texture": "#handle", "uv": [ 1.0, 8.0, 3.0, 9.0 ] },
										"west": { "texture": "#handle", "uv": [ 0.0, 0.0, 1.5, 1.0 ] },
										"up": { "texture": "#handle", "uv": [ 0.0, 7.5, 2.0, 9.0 ] },
										"down": { "texture": "#handle", "uv": [ 0.0, 0.0, 2.0, 1.5 ] }
									}
								}
							]
						},
						{
							"name": "string 2",
							"from": [ -15.5, -0.7, -1.5 ],
							"to": [ -15.0, 1.3, 1.5 ],
							"rotationOrigin": [ -15.5, -0.7, 0.0 ],
							"rotationY": -52.0,
							"faces": {
								"north": { "texture": "#string", "uv": [ 1.0, 0.0, 3.0, 0.5 ], "rotation": 90 },
								"east": { "texture": "#string", "uv": [ 0.0, 0.0, 3.0, 2.0 ] },
								"south": { "texture": "#string", "uv": [ 0.0, 0.0, 0.5, 2.0 ] },
								"west": { "texture": "#string", "uv": [ 0.0, 0.0, 3.0, 2.0 ] },
								"up": { "texture": "#string", "uv": [ 3.5, 0.0, 6.5, 0.5 ], "rotation": 90 },
								"down": { "texture": "#string", "uv": [ 0.0, 0.0, 0.5, 3.0 ] }
							}
						},
						{
							"name": "handle 2",
							"from": [ -24.0, -0.5, -0.5 ],
							"to": [ -8.0, 1.0, 1.0 ],
							"rotationOrigin": [ -25.5, -8.0, 0.0 ],
							"faces": {
								"north": { "texture": "#handle", "uv": [ 0.0, 5.5, 16.0, 7.0 ] },
								"east": { "texture": "#handle", "uv": [ 0.5, 0.5, 2.0, 2.0 ] },
								"south": { "texture": "#handle", "uv": [ 0.0, 10.5, 16.0, 12.0 ] },
								"west": { "texture": "#handle", "uv": [ 14.0, 10.0, 15.5, 11.5 ] },
								"up": { "texture": "#handle", "uv": [ 0.0, 4.5, 16.0, 6.0 ] },
								"down": { "texture": "#handle", "uv": [ 0.0, 5.0, 16.0, 6.5 ] }
							}
						},
						{
							"name": "string 26",
							"from": [ -14.7, -0.8, -0.7 ],
							"to": [ -14.2, 1.2, 1.3 ],
							"rotationOrigin": [ -14.7, -0.8, 0.8 ],
							"rotationY": 6.0,
							"rotationZ": 2.0,
							"faces": {
								"north": { "texture": "#string", "uv": [ 7.5, 1.0, 9.5, 1.5 ], "rotation": 90 },
								"east": { "texture": "#string", "uv": [ 0.0, 2.0, 2.0, 4.0 ] },
								"south": { "texture": "#string", "uv": [ 6.0, 3.5, 8.0, 4.0 ], "rotation": 90 },
								"west": { "texture": "#string", "uv": [ 3.0, 2.5, 5.0, 4.5 ] },
								"up": { "texture": "#string", "uv": [ 6.5, 1.0, 8.5, 1.5 ], "rotation": 90 },
								"down": { "texture": "#string", "uv": [ 7.0, 2.0, 9.0, 2.5 ], "rotation": 90 }
							}
						},
						{
							"name": "string 27",
							"from": [ -15.1, -0.8, -0.8 ],
							"to": [ -14.6, 1.2, 1.2 ],
							"rotationOrigin": [ -15.1, -0.8, 0.7 ],
							"rotationX": 1.0,
							"rotationZ": 19.0,
							"faces": {
								"north": { "texture": "#string", "uv": [ 1.0, 0.5, 3.0, 1.0 ], "rotation": 90 },
								"east": { "texture": "#string", "uv": [ 0.0, 2.0, 2.0, 4.0 ] },
								"south": { "texture": "#string", "uv": [ 0.0, 2.5, 2.0, 3.0 ], "rotation": 90 },
								"west": { "texture": "#string", "uv": [ 2.0, 2.5, 4.0, 4.5 ] },
								"up": { "texture": "#string", "uv": [ 4.5, 0.0, 6.5, 0.5 ], "rotation": 90 },
								"down": { "texture": "#string", "uv": [ 2.5, 2.0, 4.5, 2.5 ], "rotation": 90 }
							}
						},
						{
							"name": "string 28",
							"from": [ -11.0, -0.8, -0.7 ],
							"to": [ -10.5, 1.2, 1.3 ],
							"rotationOrigin": [ -11.0, -0.8, 0.8 ],
							"rotationY": -17.0,
							"faces": {
								"north": { "texture": "#string", "uv": [ 8.5, 0.5, 10.5, 1.0 ], "rotation": 90 },
								"east": { "texture": "#string", "uv": [ 0.0, 0.0, 2.0, 2.0 ] },
								"south": { "texture": "#string", "uv": [ 1.0, 0.5, 3.0, 1.0 ], "rotation": 90 },
								"west": { "texture": "#string", "uv": [ 2.0, 2.5, 4.0, 4.5 ] },
								"up": { "texture": "#string", "uv": [ 0.0, 0.0, 0.5, 2.0 ] },
								"down": { "texture": "#string", "uv": [ 0.0, 0.0, 0.5, 2.0 ] }
							}
						},
						{
							"name": "string 29",
							"from": [ -10.5, -0.9, -0.9 ],
							"to": [ -10.0, 1.1, 1.6 ],
							"rotationOrigin": [ -10.5, -0.9, 0.6 ],
							"rotationY": 42.0,
							"rotationZ": -1.0,
							"faces": {
								"north": { "texture": "#string", "uv": [ 9.5, 0.0, 11.5, 0.5 ], "rotation": 90 },
								"east": { "texture": "#string", "uv": [ 2.0, 2.0, 4.5, 4.0 ] },
								"south": { "texture": "#string", "uv": [ 5.5, 2.0, 7.5, 2.5 ], "rotation": 90 },
								"west": { "texture": "#string", "uv": [ 1.0, 1.5, 3.5, 3.5 ] },
								"up": { "texture": "#string", "uv": [ 1.0, 0.0, 3.5, 0.5 ], "rotation": 90 },
								"down": { "texture": "#string", "uv": [ 7.5, 1.0, 10.0, 1.5 ], "rotation": 90 }
							}
						},
						{
							"name": "handle 24",
							"from": [ -31.0, -0.5, -0.5 ],
							"to": [ -24.0, 1.0, 1.0 ],
							"rotationOrigin": [ -31.5, 0.0, 0.0 ],
							"faces": {
								"north": { "texture": "#handle", "uv": [ 0.0, 5.5, 7.0, 7.0 ] },
								"east": { "texture": "#handle", "uv": [ 0.5, 0.5, 2.0, 2.0 ] },
								"south": { "texture": "#handle", "uv": [ 0.0, 10.5, 7.0, 12.0 ] },
								"west": { "texture": "#handle", "uv": [ 14.0, 10.0, 15.5, 11.5 ] },
								"up": { "texture": "#handle", "uv": [ 0.0, 4.5, 7.0, 6.0 ] },
								"down": { "texture": "#handle", "uv": [ 0.0, 5.0, 7.0, 6.5 ] }
							}
						},
						{
							"name": "barrel",
							"from": [ -10.0, 1.0, -1.0 ],
							"to": [ 2.0, 4.0, 2.0 ],
							"rotationOrigin": [ -2.0, 1.5, -0.5 ],
							"faces": {
								"north": { "texture": "#handle", "uv": [ 0.0, 5.5, 12.0, 8.5 ] },
								"east": { "texture": "#handle", "uv": [ 7.0, 0.5, 10.0, 3.5 ] },
								"south": { "texture": "#handle", "uv": [ 0.0, 10.5, 12.0, 13.5 ] },
								"west": { "texture": "#handle", "uv": [ 6.5, 1.0, 9.5, 4.0 ] },
								"up": { "texture": "#handle", "uv": [ 0.0, 4.5, 12.0, 7.5 ] },
								"down": { "texture": "#handle", "uv": [ 0.0, 5.0, 12.0, 8.0 ] }
							},
							"children": [
								{
									"name": "string 30",
									"from": [ 0.5, -0.1, -0.2 ],
									"to": [ 1.0, 3.2, 3.1 ],
									"rotationOrigin": [ 0.5, -0.1, 1.3 ],
									"rotationY": 8.0,
									"rotationZ": 8.0,
									"faces": {
										"north": { "texture": "#string", "uv": [ 9.5, 0.0, 12.5, 0.5 ], "rotation": 90 },
										"east": { "texture": "#string", "uv": [ 2.0, 2.0, 5.0, 5.0 ] },
										"south": { "texture": "#string", "uv": [ 5.5, 2.0, 8.5, 2.5 ], "rotation": 90 },
										"west": { "texture": "#string", "uv": [ 1.0, 1.5, 4.0, 4.5 ] },
										"up": { "texture": "#string", "uv": [ 1.0, 0.0, 4.0, 0.5 ], "rotation": 90 },
										"down": { "texture": "#string", "uv": [ 7.5, 1.0, 10.5, 1.5 ], "rotation": 90 }
									}
								},
								{
									"name": "string 31",
									"from": [ 1.5, -0.1, -0.2 ],
									"to": [ 2.0, 3.2, 3.1 ],
									"rotationOrigin": [ 1.5, -0.1, 1.3 ],
									"rotationY": -14.0,
									"rotationZ": -3.0,
									"faces": {
										"north": { "texture": "#string", "uv": [ 9.5, 0.0, 12.5, 0.5 ], "rotation": 90 },
										"east": { "texture": "#string", "uv": [ 2.0, 2.0, 5.0, 5.0 ] },
										"south": { "texture": "#string", "uv": [ 5.5, 2.0, 8.5, 2.5 ], "rotation": 90 },
										"west": { "texture": "#string", "uv": [ 1.0, 1.5, 4.0, 4.5 ] },
										"up": { "texture": "#string", "uv": [ 1.0, 0.0, 4.0, 0.5 ], "rotation": 90 },
										"down": { "texture": "#string", "uv": [ 7.5, 1.0, 10.5, 1.5 ], "rotation": 90 }
									}
								},
								{
									"name": "string 32",
									"from": [ 2.5, -0.1, -0.1 ],
									"to": [ 3.0, 3.2, 3.2 ],
									"rotationOrigin": [ 2.5, -0.1, 1.4 ],
									"rotationY": 15.0,
									"rotationZ": 6.0,
									"faces": {
										"north": { "texture": "#string", "uv": [ 9.5, 0.0, 12.5, 0.5 ], "rotation": 90 },
										"east": { "texture": "#string", "uv": [ 2.0, 2.0, 5.0, 5.0 ] },
										"south": { "texture": "#string", "uv": [ 5.5, 2.0, 8.5, 2.5 ], "rotation": 90 },
										"west": { "texture": "#string", "uv": [ 1.0, 1.5, 4.0, 4.5 ] },
										"up": { "texture": "#string", "uv": [ 1.0, 0.0, 4.0, 0.5 ], "rotation": 90 },
										"down": { "texture": "#string", "uv": [ 7.5, 1.0, 10.5, 1.5 ], "rotation": 90 }
									}
								},
								{
									"name": "string 33",
									"from": [ 3.5, -0.1, -0.2 ],
									"to": [ 4.0, 3.2, 3.1 ],
									"rotationOrigin": [ 3.5, -0.1, 1.3 ],
									"rotationY": -11.0,
									"rotationZ": -2.0,
									"faces": {
										"north": { "texture": "#string", "uv": [ 9.5, 0.0, 12.5, 0.5 ], "rotation": 90 },
										"east": { "texture": "#string", "uv": [ 2.0, 2.0, 5.0, 5.0 ] },
										"south": { "texture": "#string", "uv": [ 5.5, 2.0, 8.5, 2.5 ], "rotation": 90 },
										"west": { "texture": "#string", "uv": [ 1.0, 1.5, 4.0, 4.5 ] },
										"up": { "texture": "#string", "uv": [ 1.0, 0.0, 4.0, 0.5 ], "rotation": 90 },
										"down": { "texture": "#string", "uv": [ 7.5, 1.0, 10.5, 1.5 ], "rotation": 90 }
									}
								},
								{
									"name": "string 34",
									"from": [ 4.5, -0.1, -0.2 ],
									"to": [ 5.0, 3.2, 3.1 ],
									"rotationOrigin": [ 4.5, -0.1, 1.3 ],
									"rotationY": 4.0,
									"rotationZ": 4.0,
									"faces": {
										"north": { "texture": "#string", "uv": [ 9.5, 0.0, 12.5, 0.5 ], "rotation": 90 },
										"east": { "texture": "#string", "uv": [ 2.0, 2.0, 5.0, 5.0 ] },
										"south": { "texture": "#string", "uv": [ 5.5, 2.0, 8.5, 2.5 ], "rotation": 90 },
										"west": { "texture": "#string", "uv": [ 1.0, 1.5, 4.0, 4.5 ] },
										"up": { "texture": "#string", "uv": [ 1.0, 0.0, 4.0, 0.5 ], "rotation": 90 },
										"down": { "texture": "#string", "uv": [ 7.5, 1.0, 10.5, 1.5 ], "rotation": 90 }
									}
								},
								{
									"name": "string 35",
									"from": [ 5.5, -0.1, -0.2 ],
									"to": [ 6.0, 3.2, 3.1 ],
									"rotationOrigin": [ 5.5, -0.1, 1.3 ],
									"rotationY": -13.0,
									"rotationZ": -3.0,
									"faces": {
										"north": { "texture": "#string", "uv": [ 9.5, 0.0, 12.5, 0.5 ], "rotation": 90 },
										"east": { "texture": "#string", "uv": [ 2.0, 2.0, 5.0, 5.0 ] },
										"south": { "texture": "#string", "uv": [ 5.5, 2.0, 8.5, 2.5 ], "rotation": 90 },
										"west": { "texture": "#string", "uv": [ 1.0, 1.5, 4.0, 4.5 ] },
										"up": { "texture": "#string", "uv": [ 1.0, 0.0, 4.0, 0.5 ], "rotation": 90 },
										"down": { "texture": "#string", "uv": [ 7.5, 1.0, 10.5, 1.5 ], "rotation": 90 }
									}
								},
								{
									"name": "string 36",
									"from": [ 6.5, -0.1, -0.2 ],
									"to": [ 7.0, 3.2, 3.1 ],
									"rotationOrigin": [ 6.5, -0.1, 1.3 ],
									"rotationY": 4.0,
									"rotationZ": 2.0,
									"faces": {
										"north": { "texture": "#string", "uv": [ 9.5, 0.0, 12.5, 0.5 ], "rotation": 90 },
										"east": { "texture": "#string", "uv": [ 2.0, 2.0, 5.0, 5.0 ] },
										"south": { "texture": "#string", "uv": [ 5.5, 2.0, 8.5, 2.5 ], "rotation": 90 },
										"west": { "texture": "#string", "uv": [ 1.0, 1.5, 4.0, 4.5 ] },
										"up": { "texture": "#string", "uv": [ 1.0, 0.0, 4.0, 0.5 ], "rotation": 90 },
										"down": { "texture": "#string", "uv": [ 7.5, 1.0, 10.5, 1.5 ], "rotation": 90 }
									}
								},
								{
									"name": "string 37",
									"from": [ 7.5, -0.1, -0.2 ],
									"to": [ 8.0, 3.2, 3.1 ],
									"rotationOrigin": [ 7.5, -0.1, 1.3 ],
									"rotationY": -13.0,
									"rotationZ": -4.0,
									"faces": {
										"north": { "texture": "#string", "uv": [ 9.5, 0.0, 12.5, 0.5 ], "rotation": 90 },
										"east": { "texture": "#string", "uv": [ 2.0, 2.0, 5.0, 5.0 ] },
										"south": { "texture": "#string", "uv": [ 5.5, 2.0, 8.5, 2.5 ], "rotation": 90 },
										"west": { "texture": "#string", "uv": [ 1.0, 1.5, 4.0, 4.5 ] },
										"up": { "texture": "#string", "uv": [ 1.0, 0.0, 4.0, 0.5 ], "rotation": 90 },
										"down": { "texture": "#string", "uv": [ 7.5, 1.0, 10.5, 1.5 ], "rotation": 90 }
									}
								},
								{
									"name": "string 38",
									"from": [ 8.5, -0.1, -0.2 ],
									"to": [ 9.0, 3.2, 3.1 ],
									"rotationOrigin": [ 8.5, -0.1, 1.3 ],
									"rotationY": 9.0,
									"rotationZ": 2.0,
									"faces": {
										"north": { "texture": "#string", "uv": [ 9.5, 0.0, 12.5, 0.5 ], "rotation": 90 },
										"east": { "texture": "#string", "uv": [ 2.0, 2.0, 5.0, 5.0 ] },
										"south": { "texture": "#string", "uv": [ 5.5, 2.0, 8.5, 2.5 ], "rotation": 90 },
										"west": { "texture": "#string", "uv": [ 1.0, 1.5, 4.0, 4.5 ] },
										"up": { "texture": "#string", "uv": [ 1.0, 0.0, 4.0, 0.5 ], "rotation": 90 },
										"down": { "texture": "#string", "uv": [ 7.5, 1.0, 10.5, 1.5 ], "rotation": 90 }
									}
								},
								{
									"name": "string 39",
									"from": [ 9.5, -0.1, -0.2 ],
									"to": [ 10.0, 3.2, 3.1 ],
									"rotationOrigin": [ 9.5, -0.1, 1.3 ],
									"rotationY": -9.0,
									"rotationZ": -6.0,
									"faces": {
										"north": { "texture": "#string", "uv": [ 9.5, 0.0, 12.5, 0.5 ], "rotation": 90 },
										"east": { "texture": "#string", "uv": [ 2.0, 2.0, 5.0, 5.0 ] },
										"south": { "texture": "#string", "uv": [ 5.5, 2.0, 8.5, 2.5 ], "rotation": 90 },
										"west": { "texture": "#string", "uv": [ 1.0, 1.5, 4.0, 4.5 ] },
										"up": { "texture": "#string", "uv": [ 1.0, 0.0, 4.0, 0.5 ], "rotation": 90 },
										"down": { "texture": "#string", "uv": [ 7.5, 1.0, 10.5, 1.5 ], "rotation": 90 }
									}
								},
								{
									"name": "string 40",
									"from": [ 10.5, -0.1, -0.2 ],
									"to": [ 11.0, 3.2, 3.1 ],
									"rotationOrigin": [ 10.5, -0.1, 1.3 ],
									"rotationY": 8.0,
									"rotationZ": 3.0,
									"faces": {
										"north": { "texture": "#string", "uv": [ 9.5, 0.0, 12.5, 0.5 ], "rotation": 90 },
										"east": { "texture": "#string", "uv": [ 2.0, 2.0, 5.0, 5.0 ] },
										"south": { "texture": "#string", "uv": [ 5.5, 2.0, 8.5, 2.5 ], "rotation": 90 },
										"west": { "texture": "#string", "uv": [ 1.0, 1.5, 4.0, 4.5 ] },
										"up": { "texture": "#string", "uv": [ 1.0, 0.0, 4.0, 0.5 ], "rotation": 90 },
										"down": { "texture": "#string", "uv": [ 7.5, 1.0, 10.5, 1.5 ], "rotation": 90 }
									}
								},
								{
									"name": "string 41",
									"from": [ 10.6, -1.6, 0.3 ],
									"to": [ 11.1, 0.6, 2.1 ],
									"rotationOrigin": [ 10.6, -1.6, 1.8 ],
									"rotationZ": -1.0,
									"faces": {
										"north": { "texture": "#string", "uv": [ 9.5, 0.0, 11.5, 0.5 ], "rotation": 90 },
										"east": { "texture": "#string", "uv": [ 2.0, 2.0, 3.5, 4.0 ] },
										"south": { "texture": "#string", "uv": [ 5.5, 2.0, 7.5, 2.5 ], "rotation": 90 },
										"west": { "texture": "#string", "uv": [ 1.0, 1.5, 2.5, 3.5 ] },
										"up": { "texture": "#string", "uv": [ 1.0, 0.0, 2.5, 0.5 ], "rotation": 90 },
										"down": { "texture": "#string", "uv": [ 7.5, 1.0, 9.0, 1.5 ], "rotation": 90 }
									}
								},
								{
									"name": "string 42",
									"from": [ 0.9, -1.6, 0.3 ],
									"to": [ 1.4, 0.6, 2.1 ],
									"rotationOrigin": [ 0.9, -1.6, 1.8 ],
									"rotationZ": -1.0,
									"faces": {
										"north": { "texture": "#string", "uv": [ 9.5, 0.0, 11.5, 0.5 ], "rotation": 90 },
										"east": { "texture": "#string", "uv": [ 2.0, 2.0, 3.5, 4.0 ] },
										"south": { "texture": "#string", "uv": [ 5.5, 2.0, 7.5, 2.5 ], "rotation": 90 },
										"west": { "texture": "#string", "uv": [ 1.0, 1.5, 2.5, 3.5 ] },
										"up": { "texture": "#string", "uv": [ 1.0, 0.0, 2.5, 0.5 ], "rotation": 90 },
										"down": { "texture": "#string", "uv": [ 7.5, 1.0, 9.0, 1.5 ], "rotation": 90 }
									}
								},
								{
									"name": "string 43",
									"from": [ 4.6, -1.6, 0.3 ],
									"to": [ 5.1, 0.6, 2.1 ],
									"rotationOrigin": [ 4.6, -1.6, 1.8 ],
									"rotationZ": -1.0,
									"faces": {
										"north": { "texture": "#string", "uv": [ 9.5, 0.0, 11.5, 0.5 ], "rotation": 90 },
										"east": { "texture": "#string", "uv": [ 2.0, 2.0, 3.5, 4.0 ] },
										"south": { "texture": "#string", "uv": [ 5.5, 2.0, 7.5, 2.5 ], "rotation": 90 },
										"west": { "texture": "#string", "uv": [ 1.0, 1.5, 2.5, 3.5 ] },
										"up": { "texture": "#string", "uv": [ 1.0, 0.0, 2.5, 0.5 ], "rotation": 90 },
										"down": { "texture": "#string", "uv": [ 7.5, 1.0, 9.0, 1.5 ], "rotation": 90 }
									}
								},
								{
									"name": "string 44",
									"from": [ 6.9, -1.6, 0.3 ],
									"to": [ 7.4, 0.6, 2.1 ],
									"rotationOrigin": [ 6.9, -1.6, 1.8 ],
									"rotationZ": -1.0,
									"faces": {
										"north": { "texture": "#string", "uv": [ 9.5, 0.0, 11.5, 0.5 ], "rotation": 90 },
										"east": { "texture": "#string", "uv": [ 2.0, 2.0, 3.5, 4.0 ] },
										"south": { "texture": "#string", "uv": [ 5.5, 2.0, 7.5, 2.5 ], "rotation": 90 },
										"west": { "texture": "#string", "uv": [ 1.0, 1.5, 2.5, 3.5 ] },
										"up": { "texture": "#string", "uv": [ 1.0, 0.0, 2.5, 0.5 ], "rotation": 90 },
										"down": { "texture": "#string", "uv": [ 7.5, 1.0, 9.0, 1.5 ], "rotation": 90 }
									}
								},
								{
									"name": "Face2",
									"from": [ 10.1, 0.8, 1.2 ],
									"to": [ 11.6, 2.3, 2.2 ],
									"rotationOrigin": [ 11.1, 0.8, 1.2 ],
									"rotationY": 90.0,
									"faces": {
										"south": { "texture": "#lead", "uv": [ 0.0, 0.0, 1.5, 1.5 ] }
									}
								},
								{
									"name": "Face3",
									"from": [ 2.8, 2.2, 1.2 ],
									"to": [ 3.3, 2.7, 2.2 ],
									"rotationOrigin": [ 3.8, 2.2, 1.2 ],
									"rotationX": -90.0,
									"faces": {
										"south": { "texture": "#lead", "uv": [ 0.0, 0.0, 0.5, 0.5 ] }
									}
								}
							]
						}
					]
				}
			],
			"attachmentpoints": [
				{
					"code": "bayonet",
					"posX": "0.0","posY": "0.8","posZ": "-33.2",
					"rotationX": "0.0","rotationY": "0.0","rotationZ": "0.0"
				}
			]
		}
	],
	"animations": [
		{
			"name": "load",
			"code": "load",
			"quantityframes": 30,
			"onActivityStopped": "Rewind",
			"onAnimationEnd": "Repeat",
			"keyframes": [
				{
					"frame": 0,
					"elements": {
						"Bullet": { "offsetX": 0.0, "offsetY": -2.0, "offsetZ": 0.0 }
					}
				}
			]
		}
	]
}