{
	"editor": {
		"collapsedPaths": "",
		"allAngles": false,
		"entityTextureMode": false
	},
	"textureWidth": 16,
	"textureHeight": 16,
	"textureSizes": {},
	"textures": {
		"surface": "game:block/wood/shelf/surface"
	},
	"elements": [
		{
			"name": "originBeltHooks",
			"from": [ 0.0, 0.0, 0.0 ],
			"to": [ 0.0, 0.0, 0.0 ],
			"faces": {
			},
			"children": [
				{
					"name": "BackPlank",
					"from": [ 1.0, 1.0, 0.0 ],
					"to": [ 15.0, 15.0, 1.0 ],
					"rotationOrigin": [ 1.0, 1.0, 0.0 ],
					"faces": {
						"north": { "texture": "#surface", "uv": [ 1.0, 3.0, 15.0, 16.0 ], "autoUv": false },
						"east": { "texture": "#surface", "uv": [ 0.0, 3.0, 1.0, 16.0 ], "autoUv": false },
						"south": { "texture": "#surface", "uv": [ 1.0, 3.0, 15.0, 16.0 ], "autoUv": false },
						"west": { "texture": "#surface", "uv": [ 15.0, 3.0, 16.0, 16.0 ], "autoUv": false },
						"up": { "texture": "#surface", "uv": [ 1.0, 15.0, 15.0, 16.0 ] },
						"down": { "texture": "#surface", "uv": [ 1.0, 15.0, 15.0, 16.0 ] }
					}
				},
				{
					"name": "Hook1",
					"from": [ 4.0, 5.0, 1.0 ],
					"to": [ 4.5, 5.5, 6.0 ],
					"rotationOrigin": [ 4.0, 5.0, 1.0 ],
					"faces": {
						"east": { "texture": "#surface", "uv": [ 6.5, 15.5, 11.5, 16.0 ] },
						"south": { "texture": "#surface", "uv": [ 8.0, 3.0, 8.5, 3.5 ] },
						"west": { "texture": "#surface", "uv": [ 5.5, 3.0, 10.5, 3.5 ] },
						"up": { "texture": "#surface", "uv": [ 15.5, 6.5, 16.0, 11.5 ] },
						"down": { "texture": "#surface", "uv": [ 0.0, 5.5, 0.5, 10.5 ] }
					},
					"children": [
						{
							"name": "Hook2",
							"from": [ 7.5, 0.0, 0.0 ],
							"to": [ 8.0, 0.5, 5.0 ],
							"rotationOrigin": [ 7.5, 0.0, 0.0 ],
							"faces": {
								"east": { "texture": "#surface", "uv": [ 0.0, 3.0, 5.0, 3.5 ] },
								"south": { "texture": "#surface", "uv": [ 0.0, 9.5, 0.5, 10.0 ] },
								"west": { "texture": "#surface", "uv": [ 1.0, 3.0, 6.0, 3.5 ] },
								"up": { "texture": "#surface", "uv": [ 15.5, 4.0, 16.0, 9.0 ] },
								"down": { "texture": "#surface", "uv": [ 0.0, 8.0, 0.5, 13.0 ] }
							}
						},
						{
							"name": "Hook3",
							"from": [ 7.5, 8.0, 0.0 ],
							"to": [ 8.0, 8.5, 5.0 ],
							"rotationOrigin": [ 7.5, 8.0, 0.0 ],
							"faces": {
								"east": { "texture": "#surface", "uv": [ 8.5, 3.0, 13.5, 3.5 ] },
								"south": { "texture": "#surface", "uv": [ 0.0, 7.0, 0.5, 7.5 ] },
								"west": { "texture": "#surface", "uv": [ 6.0, 15.5, 11.0, 16.0 ] },
								"up": { "texture": "#surface", "uv": [ 0.0, 10.5, 0.5, 15.5 ] },
								"down": { "texture": "#surface", "uv": [ 15.5, 7.5, 16.0, 12.5 ] }
							}
						},
						{
							"name": "Hook4",
							"from": [ 0.0, 8.0, 0.0 ],
							"to": [ 0.5, 8.5, 5.0 ],
							"rotationOrigin": [ 0.0, 8.0, 0.0 ],
							"faces": {
								"east": { "texture": "#surface", "uv": [ 6.5, 15.5, 11.5, 16.0 ] },
								"south": { "texture": "#surface", "uv": [ 13.5, 3.0, 14.0, 3.5 ] },
								"west": { "texture": "#surface", "uv": [ 7.0, 3.0, 12.0, 3.5 ] },
								"up": { "texture": "#surface", "uv": [ 0.0, 5.0, 0.5, 10.0 ] },
								"down": { "texture": "#surface", "uv": [ 15.5, 10.5, 16.0, 15.5 ] }
							}
						}
					]
				},
				{
					"name": "HookBase1",
					"from": [ 3.5, 4.5, 1.0 ],
					"to": [ 5.0, 6.0, 2.0 ],
					"rotationOrigin": [ 3.5, 4.5, 1.0 ],
					"faces": {
						"east": { "texture": "#surface", "uv": [ 0.0, 9.0, 1.0, 10.5 ] },
						"south": { "texture": "#surface", "uv": [ 10.0, 0.0, 11.5, 1.5 ] },
						"west": { "texture": "#surface", "uv": [ 15.0, 9.0, 16.0, 10.5 ] },
						"up": { "texture": "#surface", "uv": [ 7.5, 15.0, 9.0, 16.0 ] },
						"down": { "texture": "#surface", "uv": [ 11.5, 15.0, 13.0, 16.0 ] }
					},
					"children": [
						{
							"name": "HookBase2",
							"from": [ 7.5, 0.0, 0.0 ],
							"to": [ 9.0, 1.5, 1.0 ],
							"rotationOrigin": [ 7.5, 0.0, 0.0 ],
							"faces": {
								"east": { "texture": "#surface", "uv": [ 0.0, 9.0, 1.0, 10.5 ] },
								"south": { "texture": "#surface", "uv": [ 10.0, 0.0, 11.5, 1.5 ] },
								"west": { "texture": "#surface", "uv": [ 15.0, 9.0, 16.0, 10.5 ] },
								"up": { "texture": "#surface", "uv": [ 7.5, 15.0, 9.0, 16.0 ] },
								"down": { "texture": "#surface", "uv": [ 11.5, 15.0, 13.0, 16.0 ] }
							}
						},
						{
							"name": "HookBase3",
							"from": [ 7.5, 8.0, 0.0 ],
							"to": [ 9.0, 9.5, 1.0 ],
							"rotationOrigin": [ 7.5, 8.0, 0.0 ],
							"faces": {
								"east": { "texture": "#surface", "uv": [ 0.0, 9.0, 1.0, 10.5 ] },
								"south": { "texture": "#surface", "uv": [ 10.0, 0.0, 11.5, 1.5 ] },
								"west": { "texture": "#surface", "uv": [ 15.0, 9.0, 16.0, 10.5 ] },
								"up": { "texture": "#surface", "uv": [ 7.5, 15.0, 9.0, 16.0 ] },
								"down": { "texture": "#surface", "uv": [ 11.5, 15.0, 13.0, 16.0 ] }
							}
						},
						{
							"name": "HookBase4",
							"from": [ 0.0, 8.0, 0.0 ],
							"to": [ 1.5, 9.5, 1.0 ],
							"rotationOrigin": [ 0.0, 8.0, 0.0 ],
							"faces": {
								"east": { "texture": "#surface", "uv": [ 0.0, 9.0, 1.0, 10.5 ] },
								"south": { "texture": "#surface", "uv": [ 10.0, 0.0, 11.5, 1.5 ] },
								"west": { "texture": "#surface", "uv": [ 15.0, 9.0, 16.0, 10.5 ] },
								"up": { "texture": "#surface", "uv": [ 7.5, 15.0, 9.0, 16.0 ] },
								"down": { "texture": "#surface", "uv": [ 11.5, 15.0, 13.0, 16.0 ] }
							}
						}
					]
				}
			]
		}
	]}