[
	{
		ingredientPattern: "F_S,B_C,K_S",
	   	ingredients: {
	   	"B": { type: "block", code: "game:bowl-fired*", quantity: 1 },
	   	"C": { type: "item", code: "game:candle", quantity: 1 },
	   	"K": { type: "item", code: "game:book-*", quantity: 1 },
	   	"S": { type: "item", code: "game:stick", quantity: 1 },
	   	"F": { type: "block", code: "game:flower-horsetail-free", quantity: 1 },
	   	},
	   	width: 3,
	   	height: 3,
	   	output: { type: "block", code: "decor:witchyitems-1-north" }
	}
]
