{
	"code": "acanthisittidae",
	"class": "EntityAgent",
	"canClimb": true,
	"canClimbAnywhereByType": {"*-baby-*":false,"*":true},
	"climbTouchDistance": 0.05,
	"rotateModelOnClimb": true,
	"fallDamageMultiplierByType": { "*" :0.0},
	"variantgroups": [
		{ "code": "age", "states": ["adult", "baby"] },
		{ "code": "gender", "states": ["male", "female"] },
		{ "code": "type", "states": ["acanthisittachloris","dendroscansordecurvirostris","pachyplichasjagmi","pachyplichasyaldwyni","traversialyalli","xenicusgilviventris","xenicuslongipes" ] }
	],
	"hitBoxSizeByType": {
		"*-adult-*": { "x": 0.1,"y": 0.1},
		"*-baby-*": { "x": 0.1,"y": 0.1}
	},
	"deadhitBoxSizeByType": {
		"*-adult-*": { "x": 0.1,"y": 0.1},
		"*-baby-*": { "x": 0.1,"y": 0.1}
	},
	"eyeHeightByType": {
		"*-adult-*": 0.1,
		"*-baby-*": 0.1
	},
	"weightByType": {
		"*-adult-*-acanthisittachloris": 0.07,
		"*-adult-*-dendroscansordecurvirostris": 0.3,
		"*-adult-*-pachyplichasjagmi": 0.5,
		"*-adult-*-pachyplichasyaldwyni": 0.5,
		"*-adult-*-traversialyalli": 0.2,
		"*-adult-*-xenicusgilviventris": 0.2,
		"*-adult-*-xenicuslongipes": 0.16,
		"*-baby-*": 0.01
	},	
	"knockbackResistanceByType": {
		"*-adult-*": 0.01,
		"*-baby-*": 0.01
	},	
	"drops": [],
	"attributes": {
		"killedByInfoText": "deadcreature-killed",
		"basketCatchable": true,
		"trapChanceByType": { "*-baby-*": 0.95, "*": 0.5 },
		"trapDestroyChanceByType": { "*-baby-*": 0.0, "*": 0.01 },
		"creatureDiet": {
			"foodTags": ["insect"]
		},
		"handbook": {
			"groupcode": "creaturegroup-acanthisittidae"
		}
	},
	"client": {
		"renderer": "Shape",
		"shapeByType": {
			"*-adult-*-dendroscansordecurvirostris": { "base": "entity/land/acanthisittidae/dendroscansordecurvirostris-adult" },
			"*-adult-*": { "base": "entity/land/acanthisittidae/acanthisittachloris-adult" },
			"*-baby-*": { "base": "entity/land/acanthisittidae/acanthisittachloris-baby" }
		},
		"textureByType": {
			"*-adult-*": { "base": "entity/acanthisittidae/{type}-{gender}" },  
			"*": { "base": "entity/acanthisittidae/acanthisittachloris-baby" }   
		},
		"sizeByType": {
			"*-adult-*-acanthisittachloris": 0.14,
			"*-adult-*-dendroscansordecurvirostris": 0.16,
			"*-adult-*-pachyplichasjagmi": 0.16,
			"*-adult-*-pachyplichasyaldwyni": 0.16,
			"*-adult-*-traversialyalli": 0.14,
			"*-adult-*-xenicusgilviventris": 0.14,
			"*-adult-*-xenicuslongipes": 0.14,
			"*-baby-*": 0.1
		},
		"behaviors": [
			{ "code": "repulseagents", "enabledByType": { "*-adult-*": true, "*": false } },
			{ "code": "controlledphysics","stepHeightByType": {"*-adult-*": 2.1251,"*-baby-*": 1.1251 } },
			{ "code": "interpolateposition" },
			{ "code": "floatupwhenstuck", "onlyWhenDead": true },
			{ "code": "harvestable","quantitySlots": 8 },
			{ "code": "multiply", "enabledByType": { "*-adult-female-*": true, "*": false } },
			{ "code": "despawn", "minPlayerDistance": 16, "belowLightLevel": 8, "minSeconds": 300 }
		],
		"animations": [
			{
				"code": "attack",
				"animation": "Attack",
				"animationSpeed": 2.2,
				"weight": 10,
				"blendMode": "AddAverage"
			},
			{
				"code": "call",
				"animation": "Call",
				"easeInSpeed": 2,
				"easeOutSpeed": 4,
				"weight": 5,
				"blendMode": "AddAverage"
			},
			{
				"code": "threat",
				"animation": "Threat",
				"easeInSpeed": 2,
				"easeOutSpeed": 4,
				"weight": 10,
				"blendMode": "AddAverage"
			},
			{
				"code": "hurt",
				"animation": "Hurt",
				"animationSpeed": 2.2,
				"weight": 10,
				"blendMode": "AddAverage"
			},
			{
				"code": "die",
				"animation": "Die",
				"easeInSpeed": 3,
				"animationSpeedByType": {
					"*-adult": 0.8,
					"*-baby": 1.0
				},
				"weight": 10,
				"blendMode": "Average",
				"triggeredBy": { "onControls": [ "dead" ] }
			},
			{
				"code": "idle",
				"animation": "Idle",
				"blendMode": "AddAverage",
				"easeOutSpeed": 4,
				"triggeredBy": { "defaultAnim": true }
			},
			{
				"code": "sleep",
				"animation": "Sleep",
				"easeInSpeed": 2,
				"easeOutSpeed": 4,
				"blendMode": "Average"
			},
			{
				"code": "sit",
				"animation": "Sit",
				"easeInSpeed": 1,
				"easeOutSpeed": 1,
				"blendMode": "Average"
			},
			{
				"code": "eat",
				"animation": "Eat",
				"easeInSpeed": 2,
				"easeOutSpeed": 4,
				"blendMode": "AddAverage"
			},
			{
				"code": "swim",
				"animation": "Swim",
				"supressDefaultAnimation": true,
				"blendMode": "Average"
			},
			{
				"code": "walk",
				"animation": "Walk",
				"supressDefaultAnimation": true,
				"blendMode": "Average"
			},
			{
				"code": "fly",
				"animation": "Fly",
				"supressDefaultAnimation": true,
				"blendMode": "Average"
			},
			{
				"code": "run",
				"animation": "Run",
				"supressDefaultAnimation": true,
				"blendMode": "Average"
			}
		]
	},
	"server": {
		"attributes": {
			"pathfinder": {
				"minTurnAnglePerSec": 90,
				"maxTurnAnglePerSec": 360
			}
		},
		"behaviors": [
			{ "code": "repulseagents" },
      { "code": "controlledphysics","stepHeightByType": {"*-adult-*": 2.1251,"*-baby-*": 1.1251 }},
			{"code": "despawn","minPlayerDistance": 8,"belowLightLevel": 8,"minSeconds": 300},
			{"code": "health",
				"currenthealthByType": {
				"*-adult-*": 2,
					"*-baby-*": 1
				},
				"maxhealthByType": {
				"*-adult-*": 2,
					"*-baby-*": 1
				}
			},
			{
				"code": "deaddecay",
				"hoursToDecay": 96
			},
			{
				"code": "floatupwhenstuck",
				"onlyWhenDead": true
			},
			{
				"code": "harvestable","quantitySlots": 8,
				"drops": [
					{
						"type": "item",
						"code": "dinornithidae:pelt-{gender}-{type}",
						"quantityByType": {
							"*-adult-*": {"avg": 1.0,"var": 0.0},
							"*": {"avg": 0.0,"var": 0.0}
						}
					},
					{
						"type": "item",
						"code": "game:feather",
						"quantityByType": {
							"*-adult-*": {"avg": 3.0,"var": 1.0},
							"*": {"avg": 0.0,"var": 0.0}
						}
					}
				]
			},
			{ "code": "breathe" },			
			{
				"code": "multiply",
				"enabledByType": {
					"*-adult-female-*": true,
					"*": false
				},
				"spawnEntityCodesByType": {
				"*-adult-female-*": [ { "code":"dinornithidae:acanthisittidae-nest-{type}-incubating"} ]
				},
				"requiresNearbyEntityCodeByType": {"*-adult-female-*": "dinornithidae:acanthisittidae-adult-male-{type}"},
				"requiresNearbyEntityRange": 10,
				"spawnQuantityMinByType": {"*": 1},
				"spawnQuantityMaxByType": {"*": 1},
				"eatAnyway": true,
				"pregnancyDaysByType": {"*":9},
				"multiplyCooldownDaysMin": 73,
				"multiplyCooldownDaysMax": 81,
				"portionsEatenForMultiplyByType": {"*":1}
			}, 
			{ 
				"code": "grow", 
				"enabledByType": {
					"*-baby-*": true,
					"*-adult-*": false
				},
				"hoursToGrowByType": {"*": 120},
				"adultEntityCodesByType": {
					"*-baby-male-*": ["dinornithidae:acanthisittidae-adult-male-{type}"],
					"*-baby-female-*": ["dinornithidae:acanthisittidae-adult-female-{type}"]
				}
			},
			{
				"code": "emotionstates",
				"states": [
					{"code": "fleeondamage","whenHealthRelBelow": 0.5,"duration": 60,"chanceByType": {"*-adult-*": 1.0,"*": 1.0},"slot": 2,"priority": 5,"accumType": "max"},
					{"code": "fleeondamage","duration": 40,"chanceByType": {"*-adult-*": 0.95,"*": 1.0},"slot": 2,"priority": 1,"accumType": "max"},
					{"code": "alarmherdondamage","chance": 1,"slot": 1,"priority": 1,"accumType": "max"},
					{"code": "aggressiveondamage","duration": 30,"chanceByType": {"*-baby-*": 0.0,"*-adult-*": 0.1},"slot": 2,"priority": 2,"accumType": "noaccum"},
					{"code": "saturated","duration": 1440,"chance": 1,"slot": 0,"priority": 1,"accumType": "sum"}
				]
			},
			{
				"code": "taskai",
				"aiCreatureType": "LandCreature",
				"aitasks": [
					{
						"code": "meleeattack",
						"animation": "Attack",
						"enabledByType": {
							"*-baby-*": false,
							"*": true
						},
						"entityCodes": [ "player" ],
						"priority": 3,
						"damageByType": {
							"acanthisittidae-adult-*": 0.1,
							"*-baby-*": 0.1
						},
						"damageTier": 1,
						"damageType": "SlashingAttack",
						"slot": 1,
						"mincooldown": 1500,
						"maxcooldown": 2500,
						"attackDurationMs": 1250,
						"damagePlayerAtMs": 500,
						"animationSpeed": 1.5,
						"soundByType": {
							"*-adult-*": "creature/acanthisittidae/{type}-call"
						},
						"whenInEmotionState": "aggressiveondamage"
					},
					{
						"code": "fleeentity",
						"animationByType": {"*-acanthisittachloris": "Fly","*-xenicusgilviventris": "Fly","*": "Run"},
						"enabledByType": {
							"*-baby-*": false,
							"*": true
						},
						"entityCodesByType": {
							"*": [ "player","bear-*", "fox-*","hyena-male", "hyena-female", "wolf-male", "wolf-female", "caninae-*","dasyuridae-*","felinae-*","hyaenidae-*","machairodontinae-*", "pantherinae-*","thylacoleonidae-*","ursidae-*","viverridae-*"]},
						"priority": 1.51,
						"movespeedByType": {
							"acanthisittidae-adult-*-acanthisittachloris": 0.05,
							"acanthisittidae-adult-*-xenicusgilviventris": 0.05,
							"acanthisittidae-adult-*": 0.012
						},
						"seekingRange": 5,
						"soundByType": {
							"*-adult-*": "creature/acanthisittidae/{type}-call"
						},
						"animationSpeedByType": {
							"*-adult-*": 2.0
						}
					},
					{
						"code": "fleeentity",
						"animationByType": {"*-acanthisittachloris": "Fly","*-xenicusgilviventris": "Fly","*": "Run"},
						"enabledByType": {"*-baby-*": false,"*": true},
						"entityCodesByType": {
							"*": [ "acanthisittidae-{age}-{gender}-{type}"]},
						"priority": 1.5,
						"movespeedByType": {
							"acanthisittidae-adult-*-acanthisittachloris": 0.05,
							"acanthisittidae-adult-*-xenicusgilviventris": 0.05,
							"acanthisittidae-adult-*": 0.012
						},
						"seekingRange": 75,
						"soundByType": {"*-adult-*": "creature/acanthisittidae/{type}-call"},
						"animationSpeedByType": {"*-adult-*": 2.0}
					},
					{
						"code": "fleeentity",
						"animationByType": {
							"*-acanthisittachloris": "Fly",
							"*-xenicusgilviventris": "Fly",
							"*": "Run"
						},
						"enabledByType": {
							"*-baby-*": false,
							"*": true
						},
						"entityCodesByType": {
							"*": [ "player","bear-*", "fox-*","hyena-male", "hyena-female", "wolf-male", "wolf-female", "caninae-*","dasyuridae-*","felinae-*","hyaenidae-*","machairodontinae-*", "pantherinae-*","thylacoleonidae-*","ursidae-*","viverridae-*"]},
						"priority": 1.52,
						"movespeedByType": {
							"acanthisittidae-adult-*-acanthisittachloris": 0.05,
							"acanthisittidae-adult-*-xenicusgilviventris": 0.05,
							"acanthisittidae-adult-*": 0.012
						},
						"seekingRange": 25,
						"soundByType": {
							"*-adult-*": "creature/acanthisittidae/{type}-call"
						},
						"animationSpeedByType": {
							"*-adult-*": 2.0
						},
						"whenInEmotionState": "fleeondamage"
					},
					{
						"code": "seekentity",
						"animation": "Run",
						"enabledByType": {
							"*-baby-*": false,
							"*": true
						},
						"entityCodes": [ "player" ],
						"priority": 1.6,
						"mincooldown": 600,
						"maxcooldown": 650,
						"movespeedByType": {
							"acanthisittidae-adult-*": 0.012
						},
						"seekingRange": 20,
						"animationSpeed": 2,
						"whenInEmotionState": "aggressiveondamage"
					},
					{
						"code": "getoutofwater",
						"animation": "Swim",
						"enabledByType": {
							"*-baby-*": false,
							"*": true
						},
						"priority": 1.4,
						"movespeedByType": {
							"*": 0.01
						},
						"animationSpeed": 1
					},
					{
						"code": "idle",
						"animation": "Idle",
						"priority": 0.9,
						"minduration": 1600,
						"maxduration": 4500,
						"mincooldown": 6000,
						"maxcooldown": 120000,
						"priorityForCancel": 1.28,
						"whenNotInEmotionState": "aggressiveondamage|fleeondamage",
						"stopOnNearbyEntityCodes": [ "player", "bear-*", "hyena-male", "hyena-female", "wolf-male", "wolf-female", "caninae-*","dasyuridae-*","felinae-*","hyaenidae-*","machairodontinae-*", "pantherinae-*","thylacoleonidae-*","ursidae-*" ],
						"stopRange": 10,
						"stopOnHurt": true,
						"soundByType": {
							"*-adult-*": "creature/acanthisittidae/idle*",
							"*-baby-*": "creature/acanthisittidae/baby"
						}
					},
					{
						"code": "idle",
						"animation": "Sleep",
						"priority": 1.38,
						"minduration": 200000,
						"maxduration": 800000,
						"mincooldown": 10000,
						"maxcooldown": 30000,
						"priorityForCancel": 1.38,
						"whenNotInEmotionState": "aggressiveondamage|fleeondamage",
						"duringDayTimeFramesByType": {"*-traversialyalli":[{"fromHour": 9,"toHour": 17}],"*":[{"fromHour": 20,"toHour": 24},{"fromHour": 0,"toHour": 4}]},
						"stopOnNearbyEntityCodes": [ "player", "bear-*", "hyena-male", "hyena-female", "wolf-male", "wolf-female", "caninae-*","dasyuridae-*","felinae-*","hyaenidae-*","machairodontinae-*", "pantherinae-*","thylacoleonidae-*","ursidae-*"  ],
						"stopRange": 2,
						"stopOnHurt": true
					},
					{
						"code": "idle",
						"animation": "Sit",
						"priority": 0.9,
						"minduration": 6000,
						"maxduration": 45000,
						"mincooldown": 6000,
						"maxcooldown": 120000,
						"priorityForCancel": 1.28,
						"whenNotInEmotionState": "aggressiveondamage|fleeondamage",
						"stopOnNearbyEntityCodes": [ "bear-*", "hyena-male", "hyena-female", "wolf-male", "wolf-female", "caninae-*","dasyuridae-*","felinae-*","hyaenidae-*","machairodontinae-*", "pantherinae-*","thylacoleonidae-*","ursidae-*"  ],
						"stopRange": 10,
						"stopOnHurt": true
					},
					{
						"code": "idle",
						"animation": "Call",
						"priority": 1.2,
						"priorityForCancel": 1.35,
						"stopOnNearbyEntityCodes": [ "bear-*", "hyena-male", "hyena-female", "wolf-male", "wolf-female", "caninae-*","dasyuridae-*","felinae-*","hyaenidae-*","machairodontinae-*", "pantherinae-*","thylacoleonidae-*","ursidae-*"  ],
						"stopRange": 10,
						"minduration": 4667,
						"maxduration": 4667,
						"mincooldown": 8000,
						"maxcooldown": 16000,
						"animationSpeed": 1.0,
						"whenNotInEmotionState": "aggressiveondamage|fleeondamage",
						"soundByType": {
							"*-adult-*": "creature/acanthisittidae/{type}-call",
							"*-baby-*": "creature/acanthisittidae/baby"
						},
						"soundRangeByType": {
							"*-adult-*": 24
						}
					},
					{
						"code": "idle",
						"animation": "Eat",
						"enabledByType": {
							"*-baby-*": false,
							"*": true
						},
						"priority": 1.2,
						"priorityForCancel": 1.35,
						"stopOnNearbyEntityCodes": [  "bear-*", "hyena-male", "hyena-female", "wolf-male", "wolf-female", "caninae-*","dasyuridae-*","felinae-*","hyaenidae-*","machairodontinae-*", "pantherinae-*","thylacoleonidae-*","ursidae-*" ],
						"stopRange": 10,
						"minduration": 2667,
						"maxduration": 2667,
						"mincooldown": 6000,
						"maxcooldown": 20000,
						"whenNotInEmotionState": "aggressiveondamage|fleeondamage",
						"chance": 0.1,
						"animationSpeed": 1
					},
					{
						"code": "idle",
						"animation": "Threat",
						"enabledByType": {
							"*-baby-*": false,
							"*": true
						},
						"priority": 1.2,
						"priorityForCancel": 1.35,
						"stopOnNearbyEntityCodes": [  "bear-*", "hyena-male", "hyena-female", "wolf-male", "wolf-female", "caninae-*","dasyuridae-*","felinae-*","hyaenidae-*","machairodontinae-*", "pantherinae-*","thylacoleonidae-*","ursidae-*"  ],
						"stopRange": 10,
						"chance": 0.1,
						"minduration": 2667,
						"maxduration": 2667,
						"mincooldown": 6000,
						"maxcooldown": 20000,
						"whenNotInEmotionState": "aggressiveondamage|fleeondamage",
						"animationSpeed": 0.33
					},
					{
						"code": "wander",
						"animation": "Walk",
						"enabledByType": {
							"*-baby-*": false,
							"*": true
						},
						"priority": 1.0,
						"priorityForCancel": 1.25,
						"stopOnNearbyEntityCodes": [ "bear-*", "hyena-male", "hyena-female", "wolf-male", "wolf-female", "caninae-*","dasyuridae-*","felinae-*","hyaenidae-*","machairodontinae-*", "pantherinae-*","thylacoleonidae-*","ursidae-*"  ],
						"stopRange": 10,
						"minduration": 2000,
						"maxduration": 4000,
						"whenNotInEmotionState": "aggressiveondamage|fleeondamage",
						"movespeedByType": {
							"acanthisittidae-adult-*": 0.003
						},
						"animationSpeedByType": {
							"acanthisittidae-adult-*": 3,
							"*-baby-*": 1.0
						},
						"preferredLightLevel": 18
					},
					{
						"code": "wander",
						"animation": "Run",
						"enabledByType": {
							"*-baby-*": false,
							"*": true
						},
						"priority": 1.0,
						"priorityForCancel": 1.25,
						"stopOnNearbyEntityCodes": [ "bear-*", "hyena-male", "hyena-female", "wolf-male", "wolf-female", "caninae-*","dasyuridae-*","felinae-*","hyaenidae-*","machairodontinae-*", "pantherinae-*","thylacoleonidae-*","ursidae-*"  ],
						"stopRange": 10,
						"minduration": 1000,
						"maxduration": 6000,
						"whenNotInEmotionState": "aggressiveondamage|fleeondamage",
						"movespeedByType": {
							"acanthisittidae-adult-*": 0.01,
							"*": 0.006
						},
						"animationSpeedByType": {
							"acanthisittidae-adult-*": 2.5,
							"*-baby-*": 1.5
						},
						"preferredLightLevel": 18
					},
					{
						"code": "seekfoodandeat",
						"animation": "Walk",
						"eatAnimation": "Eat",
						"enabledByType": {
							"*-baby-*": false,
							"*": true
						},
						"movespeedByType": {
							"acanthisittidae-adult-*": 0.0015,
							"*-baby": 0.003
						},
						"priority": 1.25,
						"eatSoundByType": {
							"*": "game:creature/animal-eat-small"
						},
						"eatTime": 1.5,
						"eatLooseItems": true,
						"whenNotInEmotionState": "aggressiveondamage|fleeondamage",
						"animationSpeedByType": {
							"acanthisittidae-adult-*-dendroscansordecurvirostris": 1.1,
							"*-baby": 1.5
						},
						"mincooldownHours": 1,
						"maxcooldownHours": 4
					},
					{
						"code": "lookaround",
						"animation": "Threat",
						"enabledByType": {
							"*-baby-*": false,
							"*": true
						},
						"priority": 0.5,
						"whenNotInEmotionState": "aggressiveondamage|fleeondamage",
						"animationSpeed": 0.33
					}
				]
			},
			{
				"code": "pettable",
				"minGeneration": 1
			},
			{"code": "ropetieable","minGeneration": 2}
		],
		"spawnconditions": {
			"worldgen": {
			"tryOnlySurface": true,	
			"groupSizeByType": {
					"*-adult-*-dendroscansordecurvirostris": { "dist": "invexp", "avg": 1.0, "var": 0.0 },
					"*-adult-*": { "dist": "invexp", "avg": 1.5, "var": 0.0 }
			},
			"insideBlockCodes":["game:air", "game:gravel-*","game:leaves-*", "game:sand-*", "game:snow-*","game:soil-*","game:tallgrass-*"],
			"companionsByType": {
				"*":["dinornithidae:acanthisittidae-adult-female-{type}","dinornithidae:acanthisittidae-adult-male-{type}"]}
		},
			"runtime": {
				"group": "neutral",
				"maxQuantityByGroup": { "code": "acanthisittidae-*", "maxQuantity": 40 },
				"tryOnlySurface": true,
				"chanceByType": {
					"acanthisittidae-adult-female-acanthisittachloris": 0.005, "acanthisittidae-adult-male-acanthisittachloris": 0.005,
					"acanthisittidae-adult-female-dendroscansordecurvirostris": 0.005, "acanthisittidae-adult-male-dendroscansordecurvirostris": 0.005,
					"acanthisittidae-adult-female-pachyplichasjagmi": 0.005, "acanthisittidae-adult-male-pachyplichasjagmi": 0.005,
					"acanthisittidae-adult-female-pachyplichasyaldwyni": 0.005, "acanthisittidae-adult-male-pachyplichasyaldwyni": 0.005,
					"acanthisittidae-adult-female-traversialyalli": 0.005, "acanthisittidae-adult-male-traversialyalli": 0.005,
					"acanthisittidae-adult-female-xenicusgilviventris": 0.005, "acanthisittidae-adult-male-xenicusgilviventris": 0.005,
					"acanthisittidae-adult-female-xenicuslongipes": 0.005, "acanthisittidae-adult-male-xenicuslongipes": 0.005,
					"*": 0.0
				},
				"mindistancetoplayer": 50,
				"maxLightLevel": 7,
				"lightLevelType": "onlyBlockLight",	
				"spawnCapPlayerScaling": 0.0,	
				"groupSizeByType": {
					"*-adult-*-dendroscansordecurvirostris": { "dist": "invexp", "avg": 1.0, "var": 0.0 },
					"*-adult-*": { "dist": "invexp", "avg": 1.5, "var": 0.0 }
				},
				"insideBlockCodes": [ "game:air", "game:soil-*","game:gravel-*", "game:tallgrass-*", "game:snowlayer-1", "game:sand-*"],
				"companionsByType": {
				"*":["dinornithidae:acanthisittidae-adult-female-{type}","dinornithidae:acanthisittidae-adult-male-{type}"]}
			}
		},
		"spawnconditionsByType": {
			"acanthisittidae-adult-*-acanthisittachloris": {
				"climate": {
					"minTemp": 2,
					"maxTemp": 14,
					"minRain": 0.5,
					"maxRain": 1.0,
					"minForest": 0.4,
					"maxForest": 0.75,
					"minY": 1.05,
					"maxY": 1.5					
				},
				"worldgen": {
					"triesPerChunk": { "avg": 0.005, "var": 0}
				}
			},
			"acanthisittidae-adult-*-dendroscansordecurvirostris": {
				"climate": {
					"minTemp": 6,
					"maxTemp": 14,
					"minRain": 0.5,
					"maxRain": 1.0,
					"minForest": 0.75,
					"maxForest": 1.0,
					"minY": 1.0,
					"maxY": 1.5					
				},
				"worldgen": {
					"triesPerChunk": { "avg": 0.005, "var": 0}
				}
			},
			"acanthisittidae-adult-*-pachyplichasjagmi": {
				"climate": {
					"minTemp": 6,
					"maxTemp": 16,
					"minRain": 0.35,
					"maxRain": 1.0,
					"minY": 1.05,
					"maxY": 1.6				
				},
				"worldgen": {
					"triesPerChunk": { "avg": 0.005, "var": 0}
				}
			},
			"acanthisittidae-adult-*-pachyplichasyaldwyni": {
				"climate": {
					"minTemp": 2,
					"maxTemp": 12,
					"minRain": 0.5,
					"maxRain": 1.0,
					"minY": 1.05,
					"maxY": 1.6					
				},
				"worldgen": {
					"triesPerChunk": { "avg": 0.005, "var": 0}
				}
			},
			"acanthisittidae-adult-*-traversialyalli": {
				"climate": {
					"minTemp": 2,
					"maxTemp": 14,
					"minRain": 0.5,
					"maxRain": 1.0,
					"minForest": 0.5,
					"maxForest": 1.0,
					"minY": 1.05,
					"maxY": 1.5					
				},
				"worldgen": {
					"triesPerChunk": { "avg": 0.005, "var": 0}
				}
			},
			"acanthisittidae-adult-*-xenicusgilviventris": {
				"climate": {
					"minTemp": 2,
					"maxTemp": 12,
					"minRain": 0.5,
					"maxRain": 1.0,
					"minForest": 0.0,
					"maxForest": 0.5,
					"minY": 1.3,
					"maxY": 1.65					
				},
				"worldgen": {
					"triesPerChunk": { "avg": 0.005, "var": 0}
				}
			},
			"acanthisittidae-adult-*-xenicuslongipes": {
				"climate": {
					"minTemp": 2,
					"maxTemp": 14,
					"minRain": 0.25,
					"maxRain": 1.0,
					"minShrub": 0.25,
					"minY": 1.05,
					"maxY": 1.5					
				},
				"worldgen": {
					"triesPerChunk": { "avg": 0.005, "var": 0}
				}
			}
		}
	},
	"soundsByType": {
		"acanthisittidae-adult-*":{
			"hurt": "creature/acanthisittidae/acanthisittachloris-call",
			"death": "creature/acanthisittidae/acanthisittachloris-call",
			"idle": "creature/acanthisittidae/{type}-call"
		},
		"*-baby-*":{
			"hurt": "creature/acanthisittidae/baby",
			"death": "creature/acanthisittidae/baby",
			"idle": "creature/acanthisittidae/baby"
		}
	},
	"idleSoundRangeByType": {
		"acanthisittidae-adult-*": 24,
		"*-baby-*":5
	},
	"idleSoundChanceByType": {
		"acanthisittidae-adult-*": 0.15,
		"*-baby-*":0.2
	}
}