{
	"code": "anatidae",
	"class": "EntityAgent",
	"fallDamageMultiplierByType": { "*-baby-*" :0.0,"*-adult-*" :0.0},
	"variantgroups": [
		{ "code": "age", "states": ["adult", "baby"] },
		{ "code": "gender", "states": ["male", "female"] },
		{ "code": "type", "states": ["anasaucklandica", "anaschlorotis", "anasnesiotis", "chenonettafinschi", "cnemiorniscalcitrans", "cnemiornisgracilis" ] }
	],
	"hitBoxSizeByType": {
		"*-adult-*-anasaucklandica": { "x": 0.4,"y": 0.4},
		"*-adult-*-anaschlorotis": { "x": 0.4,"y": 0.4},
		"*-adult-*-anasnesiotis": { "x": 0.4,"y": 0.4},
		"*-adult-*-chenonettafinschi": { "x": 0.5,"y": 0.5},
		"*-adult-*-cnemiorniscalcitrans": { "x": 0.75,"y": 1.0},
		"*-adult-*-cnemiornisgracilis": { "x": 0.75,"y": 1.0},
		"*-baby-*": { "x": 0.2,"y": 0.2}
	},
	"deadhitBoxSizeByType": {
		"*-adult-*-anasaucklandica": { "x": 0.4,"y": 0.4},
		"*-adult-*-anaschlorotis": { "x": 0.4,"y": 0.4},
		"*-adult-*-anasnesiotis": { "x": 0.4,"y": 0.4},
		"*-adult-*-chenonettafinschi": { "x": 0.5,"y": 0.3},
		"*-adult-*-cnemiorniscalcitrans": { "x": 0.75,"y": 0.5},
		"*-adult-*-cnemiornisgracilis": { "x": 0.75,"y": 0.5},
		"*-baby-*": { "x": 0.2,"y": 0.2}
	},
	"eyeHeightByType": {
		"*-adult-*-anasaucklandica": 0.4,
		"*-adult-*-anaschlorotis": 0.4,
		"*-adult-*-anasnesiotis": 0.4,
		"*-adult-*-chenonettafinschi": 0.5,
		"*-adult-*-cnemiorniscalcitrans": 1.0,
		"*-adult-*-cnemiornisgracilis": 1.0,
		"*-baby-*": 0.2
	},
	"weightByType": {
		"*-adult-*-anasaucklandica": 0.5,
		"*-adult-*-anaschlorotis": 0.7,
		"*-adult-*-anasnesiotis": 0.6,
		"*-adult-*-chenonettafinschi": 2,
		"*-adult-*-cnemiorniscalcitrans":18,
		"*-adult-*-cnemiornisgracilis": 15,
		"*-baby-*": 0.2
	},	
	"knockbackResistanceByType": {
		"*-adult-*-cnemiorniscalcitrans": 0.4,
		"*-adult-*-cnemiornisgracilis": 0.4,
		"*-adult-*": 0.2,
		"*-baby-*": 0.1
	},	
	"drops": [],
	"attributes": {
		"killedByInfoText": "deadcreature-killed",
		"basketCatchable": true,
		"trapChanceByType": { "*-baby-*": 0.75, "*": 0.5 },
		"trapDestroyChanceByType": { "*-baby-*": 0.1, "*": 0.25 },
		"creatureDiet": {
			"foodCategoriesByType": {"*-chenonettafinschi":["Fruit","Vegetable"],"*-cnemiorniscalcitrans":["Vegetable"],"*-cnemiornisgracilis":["Vegetable"]},
			"foodTagsByType": {"*-anasaucklandica":["insect"],"*-anaschlorotis":["insect"],"*-anasnesiotis":["insect"],"*-chenonettafinschi":["fish","insect"],"*-cnemiorniscalcitrans":["grass","nibblecrops"],"*-cnemiornisgracilis":["grass","nibblecrops"]}
		},
		"handbook": {
			"groupcode": "creaturegroup-anatidae"
		}
	},
	"client": {
		"renderer": "Shape",
		"shapeByType": {
			"*-adult-*-anasaucklandica": { "base": "entity/land/anatidae/anaschlorotis-adult" },
			"*-baby-*-anasaucklandica": { "base": "entity/land/anatidae/anaschlorotis-baby" },
			"*-adult-*-anaschlorotis": { "base": "entity/land/anatidae/anaschlorotis-adult" },
			"*-baby-*-anaschlorotis": { "base": "entity/land/anatidae/anaschlorotis-baby" },
			"*-adult-*-anasnesiotis": { "base": "entity/land/anatidae/anaschlorotis-adult" },
			"*-baby-*-anasnesiotis": { "base": "entity/land/anatidae/anaschlorotis-baby" },
			"*-adult-*-chenonettafinschi": { "base": "entity/land/anatidae/chenonettafinschi-adult" },
			"*-baby-*-chenonettafinschi": { "base": "entity/land/anatidae/chenonettafinschi-baby" },
			"*-adult-*-cnemiorniscalcitrans": { "base": "entity/land/anatidae/cnemiorniscalcitrans-adult" },
			"*-baby-*-cnemiorniscalcitrans": { "base": "entity/land/anatidae/cnemiorniscalcitrans-baby" },
			"*-adult-*-cnemiornisgracilis": { "base": "entity/land/anatidae/cnemiorniscalcitrans-adult" },
			"*-baby-*-cnemiornisgracilis": { "base": "entity/land/anatidae/cnemiorniscalcitrans-baby" }
		},
		"textureByType": {
			"*-adult-female-chenonettafinschi": { "base": "entity/anatidae/chenonettafinschi-female" },
			"*-adult-male-chenonettafinschi": { "base": "entity/anatidae/chenonettafinschi-male" },
			"*-baby-*-anaschlorotis": { "base": "entity/anatidae/anasaucklandica-baby" },  
			"*-baby-*-anasnesiotis": { "base": "entity/anatidae/anasaucklandica-baby" },  
			"*-baby-*-cnemiornisgracilis": { "base": "entity/anatidae/cnemiorniscalcitrans-baby" },  
			"*": { "base": "entity/anatidae/{type}-{age}" }   
		},
		"sizeByType": {
			"*-adult-*-anasaucklandica": 0.35,
			"*-baby-*-anasaucklandica": 0.2,
			"*-adult-*-anaschlorotis": 0.4,
			"*-baby-*-anaschlorotis": 0.2,
			"*-adult-*-anasnesiotis": 0.35,
			"*-baby-*-anasnesiotis": 0.2,
			"*-adult-*-chenonettafinschi": 0.66,
			"*-baby-*-chenonettafinschi": 0.33,
			"*-adult-male-cnemiorniscalcitrans": 1.0,
			"*-adult-female-cnemiorniscalcitrans": 0.95,
			"*-baby-*-cnemiorniscalcitrans": 0.5,
			"*-adult-male-cnemiornisgracilis": 0.97,
			"*-adult-female-cnemiornisgracilis": 0.92,
			"*-baby-*-cnemiornisgracilis": 0.5
		},
		"behaviors": [
			{ "code": "repulseagents" },
			{ "code": "controlledphysics","stepHeightByType": {"*-adult-*": 1.1251,"*-baby-*": 1.1251 } },
			{ "code": "interpolateposition" },
			{ "code": "floatupwhenstuck", "onlyWhenDead": true },
			{ "code": "harvestable","quantitySlots": 8 },
			{ "code": "multiply", "enabledByType": { "*-adult-female-*": true, "*": false } },
			{ "code": "despawn", "minPlayerDistance": 16, "belowLightLevel": 8, "minSeconds": 300 }
		],
		"animations": [
			{
				"code": "attack",
				"animation": "Attack",
				"animationSpeed": 2.2,
				"weight": 10,
				"blendMode": "AddAverage"
			},
			{
				"code": "charge",
				"animation": "Charge",
				"animationSpeed": 2.2,
				"weight": 10,
				"blendMode": "Average"
			},
			{
				"code": "call",
				"animation": "Call",
				"weight": 5,
				"blendMode": "AddAverage"
			},
			{
				"code": "threat",
				"animation": "Threat",
				"easeInSpeed": 2,
				"easeOutSpeed": 2,
				"weight": 10,
				"blendMode": "AddAverage"
			},
			{
				"code": "hurt",
				"animation": "Hurt",
				"animationSpeed": 2.2,
				"weight": 10,
				"blendMode": "AddAverage"
			},
			{
				"code": "die",
				"animation": "Die",
				"easeInSpeed": 10,
				"animationSpeedByType": {
					"*-adult": 0.8,
					"*-baby": 1.0
				},
				"weight": 10,
				"blendMode": "Average",
				"triggeredBy": { "onControls": [ "dead" ] }
			},
			{
				"code": "idle",
				"animation": "Idle",
				"blendMode": "AddAverage",
				"easeOutSpeed": 4,
				"triggeredBy": { "defaultAnim": true }
			},
			{
				"code": "sleep",
				"animation": "Sleep",
				"easeInSpeed": 2,
				"easeOutSpeed": 4,
				"blendMode": "Average"
			},
			{
				"code": "sit",
				"animation": "Sit",
				"easeInSpeed": 1,
				"easeOutSpeed": 2,
				"blendMode": "Average"
			},
			{
				"code": "eat",
				"animation": "Eat",
				"easeInSpeed": 2,
				"easeOutSpeed": 2,
				"blendMode": "AddAverage"
			},
			{
				"code": "scratch",
				"animation": "Scratch",
				"easeInSpeed": 2,
				"easeOutSpeed": 2,
				"weight": 5,
				"blendMode": "AddAverage"
			},
			{
				"code": "swim",
				"animation": "Swim",
				"supressDefaultAnimation": true,
				"blendMode": "Average"
			},
			{
				"code": "walk",
				"animation": "Walk",
				"supressDefaultAnimation": true,
				"weight": 10,
				"blendMode": "Average"
			},
			{
				"code": "highwalk",
				"animation": "Highwalk",
				"supressDefaultAnimation": true,
				"weight": 10,
				"blendMode": "Average"
			},
			{
				"code": "run",
				"animation": "Run",
				"supressDefaultAnimation": true,
				"weight": 10,
				"blendMode": "Average"
			}
		]
	},
	"server": {
		"attributes": {
			"pathfinder": {
				"minTurnAnglePerSec": 90,
				"maxTurnAnglePerSec": 360
			}
		},
		"behaviors": [
			{ "code": "repulseagents" },
      { "code": "controlledphysics","stepHeightByType": {"*-adult-*": 1.1251,"*-baby-*": 1.1251 }},
			{"code": "despawn","minPlayerDistance": 8,"belowLightLevel": 8,"minSeconds": 300},
			{"code": "health",
				"currenthealthByType": {
				"anatidae-adult-*-chenonettafinschi": 3,
				"anatidae-adult-*-cnemiorniscalcitrans": 6,
				"anatidae-adult-*-cnemiornisgracilis": 6,
				"anatidae-adult-*": 2,
					"*-baby-*": 3
				},
				"maxhealthByType": {
				"anatidae-adult-*-chenonettafinschi": 3,
				"anatidae-adult-*-cnemiorniscalcitrans": 6,
				"anatidae-adult-*-cnemiornisgracilis": 6,
				"anatidae-adult-*": 2,
					"*-baby-*": 3
				}
			},
			{
				"code": "deaddecay",
				"hoursToDecay": 96,
				"decayedBlockByType": {
					"*-adult-*-cnemiorniscalcitrans": "carcass-small",
					"*-adult-*-cnemiornisgracilis": "carcass-small",
					"*": "carcass-tiny"
				}
			},
			{
				"code": "floatupwhenstuck",
				"onlyWhenDead": true
			},
			{
				"code": "harvestable","quantitySlots": 8,
				"drops": [
					{
						"type": "item",
						"code": "game:poultry-raw",
						"quantityByType": {
							"anatidae-adult-*-cnemiorniscalcitrans": {"avg": 3.5,"var": 0.5},
							"anatidae-adult-*-cnemiornisgracilis": {"avg": 3.5,"var": 0.5},
							"anatidae-adult-*": {"avg": 0.5,"var": 0.5},
							"*": {"avg": 0.0,"var": 0.0}
						}
					},
					{
						"type": "item",
						"code": "dinornithidae:pelt-{gender}-{type}",
						"quantityByType": {
							"*-adult-*": {"avg": 1.0,"var": 0.0},
							"*": {"avg": 0.0,"var": 0.0}
						}
					},
					{
						"type": "item",
						"code": "game:feather",
						"quantityByType": {
							"anatidae-adult-*-cnemiorniscalcitrans": {"avg": 15,"var": 7},
							"anatidae-adult-*-cnemiornisgracilis": {"avg": 15,"var": 7},
							"*-baby-": {"avg": 1.0,"var": 1.0},
							"*": {"avg": 5.0,"var": 4.0}
						}
					}
				]
			},		
			{
				"code": "multiply",
				"enabledByType": {
					"*-adult-female-*": true,
					"*": false
				},
				"spawnEntityCodesByType": {
				"*-adult-female-*": [ { "code":"dinornithidae:anatidae-nest-incubating-{type}"} ]
				},
				"requiresNearbyEntityCodeByType": {"*-adult-female-*": "dinornithidae:anatidae-adult-male-{type}"},
				"requiresNearbyEntityRange": 10,
				"spawnQuantityMinByType": {"*": 1},
				"spawnQuantityMaxByType": {"*": 1},
				"eatAnyway": true,
				"pregnancyDaysByType": {"*":9},
				"multiplyCooldownDaysMin": 73,
				"multiplyCooldownDaysMax": 81,
				"portionsEatenForMultiplyByType": {"*-cnemiorniscalcitrans":5,"*-cnemiornisgracilis": 5,"*": 2}
			}, 
			{ 
				"code": "grow", 
				"enabledByType": {
					"*-baby-*": true,
					"*-adult-*": false
				},
				"hoursToGrowByType": {"*-cnemiorniscalcitrans": 525,"*-cnemiornisgracilis": 525,"*": 87},
				"adultEntityCodesByType": {
					"*-baby-male-*": ["dinornithidae:anatidae-adult-male-{type}"],
					"*-baby-female-*": ["dinornithidae:anatidae-adult-female-{type}"]
				}
			},
			{
				"code": "emotionstates",
				"states": [
					{"code": "fleeondamage","whenHealthRelBelow": 0.5,"duration": 60,"chanceByType": {"*-adult-*": 1.0,"*": 1.0},"slot": 2,"priority": 5,"accumType": "max"},
					{"code": "fleeondamage","duration": 40,"chanceByType": {"*-adult-*": 0.75,"*": 1.0},"slot": 2,"priority": 1,"accumType": "max"},
					{"code": "alarmherdondamage","chance": 1,"slot": 1,"priority": 1,"accumType": "max"},
					{"code": "aggressiveondamage","duration": 10,"chanceByType": {"*-baby-*": 0.0,"*-cnemiorniscalcitrans": 0.05,"*-cnemiornisgracilis": 0.05,"*": 0.0},"slot": 2,"priority": 2,"accumType": "noaccum"},
					{"code": "saturated","duration": 1200,"chance": 1,"slot": 0,"priority": 1,"accumType": "sum"},
					{ "code": "aggressivearoundentities", "duration": 5, "chanceByType": {"*-baby-*": 0.0,"*-cnemiorniscalcitrans": 1.0,"*-cnemiornisgracilis": 1.0,"*": 0.0}, "slot": 2, "priority": 1, "entityCodes": ["dinornithidae:anatidae-baby-female-{type}","dinornithidae:anatidae-baby-male-{type}","dinornithidae:anatidae-egg-{type}-raw","dinornithidae:anatidae-nest-incubating-{type}"], "maxGeneration": 2 }
				]
			},
			{
				"code": "taskai",
				"aiCreatureType": "LandCreature",
				"aitasks": [
					{
						"code": "meleeattack",
						"animation": "Attack",
						"enabledByType": {
							"*-baby-*": false,
							"*": true
						},
						"entityCodes": [ "player","bear-*", "fox-*", "hyena-male", "hyena-female", "wolf-male", "wolf-female", "caninae-*","dasyuridae-*","felinae-*","hyaenidae-*","machairodontinae-*", "pantherinae-*","thylacoleonidae-*","ursidae-*","viverridae-*" ],
						"priority": 3,
						"damageByType": {
							"anatidae-adult-*-anasaucklandica": 1,
							"anatidae-adult-*-anaschlorotis": 1,
							"anatidae-adult-*-anasnesiotis": 1,
							"anatidae-adult-*-chenonettafinschi": 1,
							"anatidae-adult-*-cnemiorniscalcitrans": 4,
							"anatidae-adult-*-cnemiornisgracilis": 4,
							"*-baby-*": 0.1
						},
						"damageTierByType": {"*":1},
						"damageType": "SlashingAttack",
						"slot": 1,
						"mincooldown": 1500,
						"maxcooldown": 2500,
						"attackDurationMs": 1250,
						"damagePlayerAtMs": 500,
						"animationSpeed": 1.5,
						"soundByType": {
							"*-adult-*-anasaucklandica": "creature/anatidae/teal-idle*",
							"*-adult-*-anaschlorotis": "creature/anatidae/teal-idle*",
							"*-adult-*-anasnesiotis": "creature/anatidae/teal-idle*",
							"*-adult-*-chenonettafinschi": "creature/anatidae/duck-call*",
							"*-adult-*-cnemiorniscalcitrans": "creature/anatidae/goose-call*",
							"*-adult-*-cnemiornisgracilis": "creature/anatidae/goose-call*"
						},
						"whenInEmotionState": "aggressiveondamage|aggressivearoundentities"
					},
					{
						"code": "fleeentity",
						"animation": "Run",
						"entityCodesByType": {
							"@.*-(anasaucklandica|anaschlorotis|anasnesiotis|chenonettafinschi|cnemiorniscalcitrans|cnemiornisgracilis)": [  "player","bear-*", "fox-*", "hyena-male", "hyena-female", "wolf-male", "wolf-female", "caninae-canina-adult-*","caninae-cerdocyonina-adult-*","caninae-vulpini-adult-*","caninae-urocyonini-adult-*","dasyuridae-adult-*","felinae-adult-*","hyaenidae-adult-*","machairodontinae-adult-*", "pantherinae-panthera-adult-*","thylacoleonidae-*","ursidae-adult-*","viverridae-*"]
							},
						"priority": 1.51,
						"movespeedByType": {
							"anatidae-adult-*": 0.03,
							"anatidae-baby-*": 0.015
						},
						"seekingRange": 40,
						"animationSpeedByType": {
							"*-adult-*-anasaucklandica": 5.7,
							"*-adult-*-anaschlorotis": 5,
							"*-adult-*-anasnesiotis": 5.7,
							"*-adult-*-chenonettafinschi": 3.0,
							"*-adult-female-cnemiorniscalcitrans": 2.1,
							"*-adult-male-cnemiorniscalcitrans": 2.0,
							"*-adult-female-cnemiornisgracilis": 2.16,
							"*-adult-male-cnemiornisgracilis": 2.06,
							"*-baby-*-anasaucklandica": 5,
							"*-baby-*-anaschlorotis": 5,
							"*-baby-*-anasnesiotis": 5,
							"*-baby-*-chenonettafinschi": 3.0,
							"*-baby-*-cnemiorniscalcitrans": 2.0,
							"*-baby-*-cnemiornisgracilis": 2.0
						},
						"whenInEmotionState": "fleeondamage",
						"soundByType": {
							"*-adult-*-anasaucklandica": "creature/anatidae/teal-idle*",
							"*-adult-*-anaschlorotis": "creature/anatidae/teal-idle*",
							"*-adult-*-anasnesiotis": "creature/anatidae/teal-idle*",
							"*-adult-*-chenonettafinschi": "creature/anatidae/duck-call*",
							"*-adult-*-cnemiorniscalcitrans": "creature/anatidae/goose-call*",
							"*-adult-*-cnemiornisgracilis": "creature/anatidae/goose-call*",
							"*-baby-*": "game:creature/chicken/chick*"
						}
					},
					{
						"code": "fleeentity",
						"animation": "Run",
						"entityCodesByType": {
							"@.*-(anasaucklandica|anaschlorotis|anasnesiotis|chenonettafinschi)": [  "player","bear-*", "fox-*", "hyena-male", "hyena-female", "wolf-male", "wolf-female", "caninae-canina-adult-*","caninae-cerdocyonina-adult-*","caninae-vulpini-adult-*","caninae-urocyonini-adult-*","dasyuridae-adult-*","felinae-adult-*","hyaenidae-adult-*","machairodontinae-adult-*", "pantherinae-panthera-adult-*","thylacoleonidae-*","ursidae-adult-*","viverridae-*"],
							"@.*-(cnemiorniscalcitrans|cnemiornisgracilis)": [  "bear-*", "fox-*", "hyena-male", "hyena-female", "wolf-male", "wolf-female", "caninae-canina-adult-*","caninae-cerdocyonina-adult-*","caninae-vulpini-adult-*","caninae-urocyonini-adult-*","dasyuridae-adult-*","felinae-adult-*","hyaenidae-adult-*","machairodontinae-adult-*", "pantherinae-panthera-adult-*","thylacoleonidae-*","ursidae-adult-*","viverridae-*"]
						},
						"priority": 1.51,
						"movespeedByType": {
							"anatidae-adult-*": 0.03,
							"anatidae-baby-*": 0.015
						},
						"seekingRange": 24,
						"animationSpeedByType": {
							"*-adult-*-anasaucklandica": 5.7,
							"*-adult-*-anaschlorotis": 5,
							"*-adult-*-anasnesiotis": 5.7,
							"*-adult-*-chenonettafinschi": 3.0,
							"*-adult-female-cnemiorniscalcitrans": 2.1,
							"*-adult-male-cnemiorniscalcitrans": 2.0,
							"*-adult-female-cnemiornisgracilis": 2.16,
							"*-adult-male-cnemiornisgracilis": 2.06,
							"*-baby-*-anasaucklandica": 5,
							"*-baby-*-anaschlorotis": 5,
							"*-baby-*-anasnesiotis": 5,
							"*-baby-*-chenonettafinschi": 3.0,
							"*-baby-*-cnemiorniscalcitrans": 2.0,
							"*-baby-*-cnemiornisgracilis": 2.0
						},
						"soundByType": {
							"*-baby-*": "game:creature/chicken/chick*"
						}
					},
					{
						"code": "seekentity",
						"animation": "Charge",
						"enabledByType": {
							"*-baby-*": false,
							"*": true
						},
						"entityCodesByType": {
							"@.*-(cnemiorniscalcitrans|cnemiornisgracilis)": [  "player","bear-*", "fox-*", "hyena-male", "hyena-female", "wolf-male", "wolf-female", "caninae-canina-adult-*","caninae-cerdocyonina-adult-*","caninae-vulpini-adult-*","caninae-urocyonini-adult-*","dasyuridae-adult-*","felinae-adult-*","hyaenidae-adult-*","machairodontinae-adult-*", "pantherinae-panthera-adult-*","thylacoleonidae-*","ursidae-adult-*","viverridae-*"]},
						"priority": 1.6,
						"mincooldown": 600,
						"maxcooldown": 650,
						"movespeedByType": {
							"anatidae-adult-*": 0.03,
							"anatidae-baby-*": 0.015
						},
						"animationSpeedByType": {
							"*-adult-*-anasaucklandica": 5.7,
							"*-adult-*-anaschlorotis": 5,
							"*-adult-*-anasnesiotis": 5.7,
							"*-adult-*-chenonettafinschi": 3.0,
							"*-adult-female-cnemiorniscalcitrans": 2.1,
							"*-adult-male-cnemiorniscalcitrans": 2.0,
							"*-adult-female-cnemiornisgracilis": 2.16,
							"*-adult-male-cnemiornisgracilis": 2.06,
						},
						"seekingRange": 20,
						"soundByType": {
							"*-adult-*-cnemiorniscalcitrans": "creature/anatidae/goose-call*",
							"*-adult-*-cnemiornisgracilis": "creature/anatidae/goose-call*"
						},
						"whenInEmotionState": "aggressiveondamage|aggressivearoundentities"
					},
					{
						"code": "stayclosetoentity",
						"animationByType": {
							"*-adult-*": "Walk",
							"*": "Run"
						},
						"priority": 1.4,
						"entityCodeByType": {
							"*-adult-female-*": "anatidae-nest-{type}-incubating",
							"*-adult-male-*": "anatidae-adult-female-{type}",
							"*-baby-*": "anatidae-adult-female-{type}"
						},
						"movespeedByType": {
							"anatidae-adult-*": 0.003,
							"*": 0.015
						},
						"animationSpeedByType": {
							"*-adult-*-anasaucklandica": 2.85,
							"*-adult-*-anaschlorotis": 2.5,
							"*-adult-*-anasnesiotis": 2.85,
							"*-adult-*-chenonettafinschi": 1.5,
							"*-adult-female-cnemiorniscalcitrans": 1.05,
							"*-adult-male-cnemiorniscalcitrans": 1.0,
							"*-adult-female-cnemiornisgracilis": 1.08,
							"*-adult-male-cnemiornisgracilis": 1.03,
							"*-baby-*-anasaucklandica": 5,
							"*-baby-*-anaschlorotis": 5,
							"*-baby-*-anasnesiotis": 5,
							"*-baby-*-chenonettafinschi": 3.0,
							"*-baby-*-cnemiorniscalcitrans": 2.0,
							"*-baby-*-cnemiornisgracilis": 2.0
						},
						"maxDistance": 1.5,
						"searchRange": 25
					},
					{
						"code": "getoutofwater",
						"animation": "Swim",
						"priority": 1.4,
						"movespeedByType": {
							"anatidae-adult-*": 0.03,
							"*": 0.03
						},
						"animationSpeedByType": {
							"*-adult-*-anasaucklandica": 2.85,
							"*-adult-*-anaschlorotis": 2.5,
							"*-adult-*-anasnesiotis": 2.85,
							"*-adult-*-chenonettafinschi": 1.5,
							"*-adult-female-cnemiorniscalcitrans": 1.05,
							"*-adult-male-cnemiorniscalcitrans": 1.0,
							"*-adult-female-cnemiornisgracilis": 1.08,
							"*-adult-male-cnemiornisgracilis": 1.03,
							"*-baby-*-anasaucklandica": 5,
							"*-baby-*-anaschlorotis": 5,
							"*-baby-*-anasnesiotis": 5,
							"*-baby-*-chenonettafinschi": 3.0,
							"*-baby-*-cnemiorniscalcitrans": 2.0,
							"*-baby-*-cnemiornisgracilis": 2.0
						}
					},
					{
						"code": "idle",
						"animation": "Idle",
						"priority": 0.9,
						"minduration": 1600,
						"maxduration": 4500,
						"mincooldown": 6000,
						"maxcooldown": 120000,
						"priorityForCancel": 1.28,
						"whenNotInEmotionState": "aggressiveondamage|fleeondamage",
						"stopOnNearbyEntityCodes": [ "player", "bear-*", "fox-*", "hyena-male", "hyena-female", "wolf-male", "wolf-female", "caninae-*","felinae-*","hyaenidae-*","machairodontinae-*", "pantherinae-*","thylacoleonidae-*","ursidae-*" ],
						"stopRange": 10,
						"stopOnHurt": true,
						"soundByType": {
							"*-baby-*": "game:creature/chicken/chick*",
							"*-adult-*-anasaucklandica": "creature/anatidae/teal-idle*",
							"*-adult-*-anaschlorotis": "creature/anatidae/teal-idle*",
							"*-adult-*-anasnesiotis": "creature/anatidae/teal-idle*",
							"*-adult-*-chenonettafinschi": "creature/anatidae/duck-idle*",
							"*-adult-*-cnemiorniscalcitrans": "creature/anatidae/goose-call*",
							"*-adult-*-cnemiornisgracilis": "creature/anatidae/goose-call*"
						}
					},
					{
						"code": "idle",
						"animation": "Sleep",
						"priority": 1.38,
						"minduration": 200000,
						"maxduration": 800000,
						"mincooldown": 10000,
						"maxcooldown": 30000,
						"priorityForCancel": 1.38,
						"whenNotInEmotionState": "aggressiveondamage|fleeondamage",
						"duringDayTimeFramesByType": {
							"*-anasaucklandica":[{"fromHour": 9,"toHour": 17}],
							"*-anaschlorotis":[{"fromHour": 9,"toHour": 17}],
							"*-anasnesiotis":[{"fromHour": 9,"toHour": 17}],
							"*":[{"fromHour": 20,"toHour": 24},{"fromHour": 0,"toHour": 4}]},
						"stopOnNearbyEntityCodes": [ "player", "bear-*","fox-*", "hyena-male", "hyena-female", "wolf-male", "wolf-female", "caninae-*","felinae-*","hyaenidae-*","machairodontinae-*", "pantherinae-*","thylacoleonidae-*","ursidae-*"  ],
						"stopRange": 8,
						"stopOnHurt": true
					},
					{
						"code": "idle",
						"animation": "Sit",
						"priority": 0.9,
						"minduration": 15000,
						"maxduration": 45000,
						"mincooldown": 6000,
						"maxcooldown": 120000,
						"priorityForCancel": 1.28,
						"whenNotInEmotionState": "aggressiveondamage|fleeondamage",
						"stopOnNearbyEntityCodes": [ "player", "bear-*","fox-*", "hyena-male", "hyena-female", "wolf-male", "wolf-female", "caninae-*","felinae-*","hyaenidae-*","machairodontinae-*", "pantherinae-*","thylacoleonidae-*","ursidae-*"  ],
						"stopRange": 10,
						"stopOnHurt": true
					},
					{
						"code": "idle",
						"animation": "Call",
						"priority": 1.0,
						"priorityForCancel": 1.35,
						"whenNotInEmotionState": "aggressiveondamage|fleeondamage",
						"stopOnNearbyEntityCodes": [ "player", "bear-*","fox-*", "hyena-male", "hyena-female", "wolf-male", "wolf-female", "caninae-*","felinae-*","hyaenidae-*","machairodontinae-*", "pantherinae-*","thylacoleonidae-*","ursidae-*"  ],
						"stopRange": 10,
						"minduration": 2000,
						"maxduration": 2000,
						"chance": 0.2,
						"mincooldown": 8000,
						"maxcooldown": 50000,
						"animationSpeed": 0.5,
						"soundByType": {
							"*-baby-*": "game:creature/chicken/chick*",
							"*-adult-*-anasaucklandica": "creature/anatidae/teal-idle*",
							"*-adult-*-anaschlorotis": "creature/anatidae/teal-idle*",
							"*-adult-*-anasnesiotis": "creature/anatidae/teal-idle*",
							"*-adult-*-chenonettafinschi": "creature/anatidae/duck-call*",
							"*-adult-*-cnemiorniscalcitrans": "creature/anatidae/goose-call*",
							"*-adult-*-cnemiornisgracilis": "creature/anatidae/goose-call*"
						},
						"soundRangeByType": {
						"*-adult-*-cnemiorniscalcitrans":48,
						"*-adult-*-cnemiornisgracilis":48,
						"*-adult-*-chenonettafinschi":20,
						"*-adult-*":10,
						"*-baby-*":10
						}
					},
					{
						"code": "idle",
						"animation": "Scratch",
						"priority": 1.0,
						"priorityForCancel": 1.35,
						"whenNotInEmotionState": "aggressiveondamage|fleeondamage",
						"stopOnNearbyEntityCodes": [  "player", "bear-*","fox-*", "hyena-male", "hyena-female", "wolf-male", "wolf-female", "caninae-*","felinae-*","hyaenidae-*","machairodontinae-*", "pantherinae-*","thylacoleonidae-*","ursidae-*"  ],
						"stopRange": 10,
						"minduration": 4000,
						"maxduration": 4000,
						"mincooldown": 8000,
						"maxcooldown": 50000,
						"chance": 0.1,
						"animationSpeed": 1.0
					},
					{
						"code": "idle",
						"animation": "Eat",
						"priority": 1.2,
						"priorityForCancel": 1.35,
						"whenNotInEmotionState": "aggressiveondamage|fleeondamage",
						"stopOnNearbyEntityCodes": [  "player", "bear-*","fox-*", "hyena-male", "hyena-female", "wolf-male", "wolf-female", "caninae-*","felinae-*","hyaenidae-*","machairodontinae-*", "pantherinae-*","thylacoleonidae-*","ursidae-*" ],
						"stopRange": 10,
						"minduration": 2000,
						"maxduration": 2000,
						"mincooldown": 6000,
						"maxcooldown": 20000,
						"chance": 0.1,
						"animationSpeed": 0.5
					},
					{
						"code": "idle",
						"animation": "Threat",
						"priority": 1.2,
						"priorityForCancel": 1.35,
						"whenNotInEmotionState": "aggressiveondamage|fleeondamage",
						"stopOnNearbyEntityCodes": [  "player", "bear-*","fox-*", "hyena-male", "hyena-female", "wolf-male", "wolf-female", "caninae-*","felinae-*","hyaenidae-*","machairodontinae-*", "pantherinae-*","thylacoleonidae-*","ursidae-*"  ],
						"stopRange": 10,
						"chance": 0.1,
						"minduration": 4000,
						"maxduration": 4000,
						"mincooldown": 6000,
						"maxcooldown": 20000,
						"animationSpeed": 0.25
					},
					{
						"code": "wander",
						"animation": "Walk",
						"priority": 1.0,
						"priorityForCancel": 1.35,
						"whenNotInEmotionState": "aggressiveondamage|fleeondamage",
						"stopOnNearbyEntityCodes": [ "player", "bear-*","fox-*", "hyena-male", "hyena-female", "wolf-male", "wolf-female", "caninae-*","felinae-*","hyaenidae-*","machairodontinae-*", "pantherinae-*","thylacoleonidae-*","ursidae-*"  ],
						"stopRange": 10,
						"chance": 0.5,
						"movespeedByType": {
							"anatidae-adult-*": 0.003,
							"anatidae-baby-*": 0.003
						},
						"animationSpeedByType": {
							"*-adult-*-anasaucklandica": 2.85,
							"*-adult-*-anaschlorotis": 2.5,
							"*-adult-*-anasnesiotis": 2.85,
							"*-adult-*-chenonettafinschi": 1.5,
							"*-adult-female-cnemiorniscalcitrans": 1.05,
							"*-adult-male-cnemiorniscalcitrans": 1.0,
							"*-adult-female-cnemiornisgracilis": 1.08,
							"*-adult-male-cnemiornisgracilis": 1.03,
							"*-baby-*-anasaucklandica": 5,
							"*-baby-*-anaschlorotis": 5,
							"*-baby-*-anasnesiotis": 5,
							"*-baby-*-chenonettafinschi": 3.0,
							"*-baby-*-cnemiorniscalcitrans": 2.0,
							"*-baby-*-cnemiornisgracilis": 2.0
						},
						"preferredLightLevel": 12
					},
					{
						"code": "wander",
						"animation": "Highwalk",
						"priority": 1.0,
						"priorityForCancel": 1.35,
						"whenNotInEmotionState": "aggressiveondamage|fleeondamage",
						"stopOnNearbyEntityCodes": [  "player", "bear-*","fox-*", "hyena-male", "hyena-female", "wolf-male", "wolf-female", "caninae-*","felinae-*","hyaenidae-*","machairodontinae-*", "pantherinae-*","thylacoleonidae-*","ursidae-*" ],
						"stopRange": 10,
						"chance": 0.25,
						"movespeedByType": {
							"anatidae-adult-*": 0.003,
							"anatidae-baby-*": 0.003
						},
						"animationSpeedByType": {
							"*-adult-*-anasaucklandica": 2.85,
							"*-adult-*-anaschlorotis": 2.5,
							"*-adult-*-anasnesiotis": 2.85,
							"*-adult-*-chenonettafinschi": 1.5,
							"*-adult-female-cnemiorniscalcitrans": 1.05,
							"*-adult-male-cnemiorniscalcitrans": 1.0,
							"*-adult-female-cnemiornisgracilis": 1.08,
							"*-adult-male-cnemiornisgracilis": 1.03,
							"*-baby-*-anasaucklandica": 5,
							"*-baby-*-anaschlorotis": 5,
							"*-baby-*-anasnesiotis": 5,
							"*-baby-*-chenonettafinschi": 3.0,
							"*-baby-*-cnemiorniscalcitrans": 2.0,
							"*-baby-*-cnemiornisgracilis": 2.0
						},
						"preferredLightLevel": 12
					},
					{
						"code": "seekfoodandeat",
						"animation": "Walk",
						"eatAnimation": "Eat",
						"priority": 1.25,
						"whenNotInEmotionState": "aggressiveondamage|fleeondamage",
						"eatSoundByType": {
							"*": "game:creature/animal-eat-small"
						},
						"eatTime": 1.5,
						"eatLooseItems": true,
						"movespeedByType": {
							"anatidae-adult-*": 0.003,
							"anatidae-baby-*": 0.003
						},
						"animationSpeedByType": {
							"*-adult-*-anasaucklandica": 2.85,
							"*-adult-*-anaschlorotis": 2.5,
							"*-adult-*-anasnesiotis": 2.85,
							"*-adult-*-chenonettafinschi": 1.5,
							"*-adult-female-cnemiorniscalcitrans": 1.05,
							"*-adult-male-cnemiorniscalcitrans": 1.0,
							"*-adult-female-cnemiornisgracilis": 1.08,
							"*-adult-male-cnemiornisgracilis": 1.03,
							"*-baby-*-anasaucklandica": 5,
							"*-baby-*-anaschlorotis": 5,
							"*-baby-*-anasnesiotis": 5,
							"*-baby-*-chenonettafinschi": 3.0,
							"*-baby-*-cnemiorniscalcitrans": 2.0,
							"*-baby-*-cnemiornisgracilis": 2.0
						},
						"mincooldownHours": 1,
						"maxcooldownHours": 4
					},
					{
						"code": "lookaround",
						"whenNotInEmotionState": "aggressiveondamage|fleeondamage",
						"priority": 0.5
					}
				]
			},
			{
				"code": "pettable",
				"minGeneration": 1
			},
			{"code": "ropetieable","minGeneration": 2}
		],
		"spawnconditions": {
			"worldgen": {
			"tryOnlySurface": true,	
			"groupSizeByType": {
					"*-adult-*-anasaucklandica": { "dist": "invexp", "avg": 1.5, "var": 0.5 },
					"*-adult-*-anaschlorotis": { "dist": "invexp", "avg": 4.5, "var": 1.5 },
					"*-adult-*-anasnesiotis": { "dist": "invexp", "avg": 4.5, "var": 1.5 },
					"*-adult-*-chenonettafinschi": { "dist": "invexp", "avg": 23, "var": 17 },
					"*-adult-male-cnemiorniscalcitrans": { "dist": "invexp", "avg": 1.5, "var": 0.5 },"*-adult-female-cnemiorniscalcitrans": { "dist": "invexp", "avg": 23, "var": 17 },
					"*-adult-male-cnemiornisgracilis": { "dist": "invexp", "avg": 1.5, "var": 0.5 },"*-adult-female-cnemiornisgracilis": { "dist": "invexp", "avg": 23, "var": 17 }
			},
			"insideBlockCodes":["game:air", "game:gravel-*","game:leaves-*", "game:sand-*", "game:snow-*","game:soil-*","game:tallgrass-*"],
			"companionsByType": {
				"*":["dinornithidae:anatidae-adult-female-{type}","dinornithidae:anatidae-adult-male-{type}"]}
		},
			"runtime": {
				"group": "neutral",
				"maxQuantityByGroup": { "code": "anatidae-*", "maxQuantity": 4 },
				"tryOnlySurface": true,
				"chanceByType": {
					"anatidae-adult-female-anasaucklandica": 0.00001, "anatidae-adult-male-anasaucklandica": 0.00001,
					"anatidae-adult-female-anaschlorotis": 0.00001, "anatidae-adult-male-anaschlorotis": 0.00001,
					"anatidae-adult-female-anasnesiotis": 0.00001, "anatidae-adult-male-anasnesiotis": 0.00001,
					"anatidae-adult-female-chenonettafinschi": 0.00001, "anatidae-adult-male-chenonettafinschi": 0.00001,
					"anatidae-adult-female-cnemiorniscalcitrans": 0.00001, "anatidae-adult-male-cnemiorniscalcitrans": 0.00001,
					"anatidae-adult-female-cnemiornisgracilis": 0.00001, "anatidae-adult-male-cnemiornisgracilis": 0.00001,
					"*": 0.0
				},
				"mindistancetoplayer": 50,
				"maxLightLevel": 7,
				"lightLevelType": "onlyBlockLight",	
				"spawnCapPlayerScaling": 0.0,	
				"groupSizeByType": {
					"*-adult-*-anasaucklandica": { "dist": "invexp", "avg": 1.5, "var": 0.5 },
					"*-adult-*-anaschlorotis": { "dist": "invexp", "avg": 4.5, "var": 1.5 },
					"*-adult-*-anasnesiotis": { "dist": "invexp", "avg": 4.5, "var": 1.5 },
					"*-adult-*-chenonettafinschi": { "dist": "invexp", "avg": 23, "var": 17 },
					"*-adult-male-cnemiorniscalcitrans": { "dist": "invexp", "avg": 1.5, "var": 0.5 },"*-adult-female-cnemiorniscalcitrans": { "dist": "invexp", "avg": 23, "var": 17 },
					"*-adult-male-cnemiornisgracilis": { "dist": "invexp", "avg": 1.5, "var": 0.5 },"*-adult-female-cnemiornisgracilis": { "dist": "invexp", "avg": 23, "var": 17 }
				},
				"insideBlockCodes": [ "game:air", "game:soil-*","game:gravel-*", "game:tallgrass-*", "game:snowlayer-1", "game:sand-*"],
				"companionsByType": {
				"*":["dinornithidae:anatidae-adult-female-{type}","dinornithidae:anatidae-adult-male-{type}"]}
			}
		},
		"spawnconditionsByType": {
			"anatidae-adult-*-anasaucklandica": {
				"climate": {
					"minTemp": 1,
					"maxTemp": 8,
					"minRain": 0.3,
					"maxRain": 0.75,
					"minForestOrShrubs": 0.0,
					"maxForest": 0.4,
					"maxShrubs": 1.0,
					"minY": 1.0,
					"maxY": 1.2					
				},
				"worldgen": {
					"triesPerChunk": { "avg": 0.001, "var": 0}
				}
			},
			"anatidae-adult-*-anaschlorotis": {
				"climate": {
					"minTemp": 2,
					"maxTemp": 14,
					"minRain": 0.5,
					"maxRain": 1.0,
					"minForestOrShrubs": 0.0,
					"maxForest": 0.4,
					"maxShrubs": 1.0,
					"minY": 1.0,
					"maxY": 1.2					
				},
				"worldgen": {
					"triesPerChunk": { "avg": 0.001, "var": 0}
				}
			},
			"anatidae-adult-*-anasnesiotis": {
				"climate": {
					"minTemp": 4,
					"maxTemp": 8,
					"minRain": 0.65,
					"maxRain": 0.73,
					"minForestOrShrubs": 0.0,
					"maxForest": 0.4,
					"maxShrubs": 1.0,
					"minY": 1.0,
					"maxY": 1.2					
				},
				"worldgen": {
					"triesPerChunk": { "avg": 0.001, "var": 0}
				}
			},
			"anatidae-adult-*-chenonettafinschi": {
				"climate": {
					"minTemp": 2,
					"maxTemp": 14,
					"minRain": 0.35,
					"maxRain": 1.0,
					"minForestOrShrubs": 0.0,
					"maxForest": 1.0,
					"maxShrubs": 1.0,
					"minY": 1.0,
					"maxY": 1.5					
				},
				"worldgen": {
					"triesPerChunk": { "avg": 0.001, "var": 0}
				}
			},
			"anatidae-adult-*-cnemiorniscalcitrans": {
				"climate": {
					"minTemp": 6,
					"maxTemp": 12,
					"minRain": 0.35,
					"maxRain": 1.0,
					"minForestOrShrubs": 0.0,
					"maxForest": 4.0,
					"maxShrubs": 1.0,
					"minY": 1.0,
					"maxY": 1.5					
				},
				"worldgen": {
					"triesPerChunk": { "avg": 0.001, "var": 0}
				}
			},
			"anatidae-adult-*-cnemiornisgracilis": {
				"climate": {
					"minTemp": 10,
					"maxTemp": 126,
					"minRain": 0.5,
					"maxRain": 1.0,
					"minForestOrShrubs": 0.0,
					"maxForest": 4.0,
					"maxShrubs": 1.0,
					"minY": 1.0,
					"maxY": 1.5					
				},
				"worldgen": {
					"triesPerChunk": { "avg": 0.001, "var": 0}
				}
			}
		}
	},
	"soundsByType": {
		"anatidae-adult-*-chenonettafinschi":{
			"hurt": "creature/anatidae/duck-call*",
			"death": "creature/anatidae/duck-call*",
			"idle": "creature/anatidae/duck-idle*"
		},
		"anatidae-adult-*-cnemiorniscalcitrans":{
			"hurt": "creature/anatidae/goose-call3",
			"death": "creature/anatidae/goose-call3",
			"idle": "creature/anatidae/goose-call*"
		},
		"anatidae-adult-*-cnemiornisgracilis":{
			"hurt": "creature/anatidae/goose-call3",
			"death": "creature/anatidae/goose-call3",
			"idle": "creature/anatidae/goose-call*"
		},
		"anatidae-adult-*":{
			"hurt": "creature/anatidae/teal-idle*",
			"death": "creature/anatidae/teal-idle*",
			"idle": "creature/anatidae/teal-idle*"
		},
		"*-baby-*":{
			"hurt": "game:creature/chicken/chick*",
			"death": "game:creature/chicken/chick*",
			"idle": "game:creature/chicken/chick*"
		}
	},
	"idleSoundRangeByType": {
		"*-adult-*-cnemiorniscalcitrans":48,
		"*-adult-*-cnemiornisgracilis":48,
		"*-adult-*-chenonettafinschi":20,
		"*-adult-*":10,
		"*-baby-*":10
	},
	"idleSoundChanceByType": {
		"*-adult-*": 0.75,
		"*-baby-*":1
	},
}