{
	"code": "emeidae",
	"class": "EntityAgent",
	"fallDamageMultiplierByType": { "*-baby-*" :0.1,"*-adult-male-*" :0.25,"*" :0.5},
	"variantgroups": [
		{ "code": "age", "states": ["adult", "baby"] },
		{ "code": "gender", "states": ["male", "female"] },
		{ "code": "type", "states": ["anomalopteryxdidiformis", "emeuscrassus","euryapteryxcurtus","pachyornisaustralis","pachyorniselephantopus","pachyornisgeranoides" ] }
	],
	"hitBoxSizeByType": {
		"*-adult-female-*": { "x": 1.0,"y": 1.25},
		"*-adult-male-*": { "x": 1.0,"y": 1.1},
		"*-baby-*": { "x": 0.4,"y": 0.5}
	},
	"deadhitBoxSizeByType": {
		"*-adult-female-*": { "x": 1.0,"y": 0.75},
		"*-adult-male-*": { "x": 1.0,"y": 0.5},
		"*-baby-*": { "x": 0.4,"y": 0.25}
	},
	"eyeHeightByType": {
		"*-adult-female-*": 1.2,
		"*-adult-male-*": 0.8,
		"*-baby-*": 0.4
	},
	"weightByType": {
		"*-adult-female-anomalopteryxdidiformis": 35,
		"*-adult-male-anomalopteryxdidiformis": 25,
		"*-baby-*-anomalopteryxdidiformis": 3,
		"*-adult-female-emeuscrassus": 60,
		"*-adult-male-emeuscrassus": 40,
		"*-baby-*-emeuscrassus": 5,
		"*-adult-female-euryapteryxcurtus": 110,
		"*-adult-male-euryapteryxcurtus": 55,
		"*-baby-*-euryapteryxcurtus": 5,
		"*-adult-female-pachyornisaustralis": 90,
		"*-adult-male-pachyornisaustralis": 60,
		"*-baby-*-pachyornisaustralis": 5,
		"*-adult-female-pachyorniselephantopus": 163,
		"*-adult-male-pachyorniselephantopus": 80,
		"*-baby-*-pachyorniselephantopus": 10,
		"*-adult-female-pachyornisgeranoides": 36,
		"*-adult-male-pachyornisgeranoides": 18,
		"*-baby-*-pachyornisgeranoides": 2
	},	
	"knockbackResistanceByType": {
		"*-adult-male-*": 0.5,
		"*-adult-female-*": 1.0,
		"*-baby-*": 0.1
	},	
	"drops": [],
	"attributes": {
		"killedByInfoText": "deadcreature-killed",
		"basketCatchable": true,
		"trapChanceByType": { "*-baby-*": 0.5, "*": 0.0 },
		"trapDestroyChanceByType": { "*-baby-*": 0.15, "*": 0.5 },
		"creatureDiet": {
			"foodCategories": [ "Grain", "Vegetable"],
			"foodTags": ["grass", "nibbleCrop"]
		},
		"handbook": {
			"groupcode": "creaturegroup-emeidae"
		}
	},
	"client": {
		"renderer": "Shape",
		"shapeByType": {
			"*-adult-*": { "base": "entity/land/emeidae/{type}-adult" },
			"*-baby-*": { "base": "entity/land/emeidae/anomalopteryxdidiformis-baby" }
		},
		"textureByType": {
			"*-baby-*": { "base": "entity/emeidae/anomalopteryxdidiformis-baby" },   
			"*": { "base": "entity/emeidae/{type}-{age}" }   
		},
		"sizeByType": {
			"*-adult-female-anomalopteryxdidiformis": 0.85,
			"*-adult-male-anomalopteryxdidiformis": 0.575,
			"*-baby-*-anomalopteryxdidiformis": 0.2,
			"*-adult-female-emeuscrassus": 1.0,
			"*-adult-male-emeuscrassus": 0.67,
			"*-baby-*-emeuscrassus": 0.25,
			"*-adult-female-euryapteryxcurtus": 1.0,
			"*-adult-male-euryapteryxcurtus": 0.67,
			"*-baby-*-euryapteryxcurtus": 0.25,
			"*-adult-female-pachyornisaustralis": 1.05,
			"*-adult-male-pachyornisaustralis": 0.7,
			"*-baby-*-pachyornisaustralis": 0.25,
			"*-adult-female-pachyorniselephantopus": 1.05,
			"*-adult-male-pachyorniselephantopus": 0.67,
			"*-baby-*-pachyorniselephantopus": 0.3,
			"*-adult-female-pachyornisgeranoides": 0.85,
			"*-adult-male-pachyornisgeranoides": 0.575,
			"*-baby-*-pachyornisgeranoides": 0.15
		},
		"behaviors": [
			{ "code": "repulseagents" },
			{ "code": "controlledphysics","stepHeightByType": {"*-adult-*": 2.1251,"*-baby-*": 1.1251 } },
			{ "code": "interpolateposition" },
			{ "code": "floatupwhenstuck", "onlyWhenDead": true },
			{ "code": "harvestable","quantitySlots": 8 },
			{ "code": "multiply", "enabledByType": { "*-adult-female-*": true, "*": false } },
			{ "code": "despawn", "minPlayerDistance": 16, "belowLightLevel": 8, "minSeconds": 300 }
		],
		"animations": [
			{
				"code": "attack",
				"animation": "Attack",
				"animationSpeed": 2.2,
				"weight": 10,
				"blendMode": "AddAverage"
			},
			{
				"code": "charge",
				"animation": "Charge",
				"animationSpeed": 2.2,
				"weight": 10,
				"blendMode": "Average"
			},
			{
				"code": "call",
				"animation": "Call",
				"weight": 5,
				"blendMode": "AddAverage"
			},
			{
				"code": "threat",
				"animation": "Threat",
				"easeInSpeed": 2,
				"easeOutSpeed": 2,
				"weight": 10,
				"blendMode": "AddAverage"
			},
			{
				"code": "hurt",
				"animation": "Hurt",
				"animationSpeed": 2.2,
				"weight": 10,
				"blendMode": "AddAverage"
			},
			{
				"code": "die",
				"animation": "Die",
				"easeInSpeed": 3,
				"animationSpeedByType": {
					"*-adult": 0.8,
					"*-baby": 1.0
				},
				"weight": 10,
				"blendMode": "Average",
				"triggeredBy": { "onControls": [ "dead" ] }
			},
			{
				"code": "idle",
				"animation": "Idle",
				"blendMode": "AddAverage",
				"easeOutSpeed": 4,
				"triggeredBy": { "defaultAnim": true }
			},
			{
				"code": "sleep",
				"animation": "Sleep",
				"easeInSpeed": 2,
				"easeOutSpeed": 4,
				"blendMode": "Average"
			},
			{
				"code": "sit",
				"animation": "Sit",
				"easeInSpeed": 1,
				"easeOutSpeed": 2,
				"blendMode": "Average"
			},
			{
				"code": "eat",
				"animation": "Eat",
				"easeInSpeed": 2,
				"easeOutSpeed": 2,
				"blendMode": "AddAverage"
			},
			{
				"code": "scratch",
				"animation": "Scratch",
				"easeInSpeed": 2,
				"easeOutSpeed": 2,
				"weight": 5,
				"blendMode": "AddAverage"
			},
			{
				"code": "swim",
				"animation": "Swim",
				"supressDefaultAnimation": true,
				"blendMode": "Average"
			},
			{
				"code": "walk",
				"animation": "Walk",
				"supressDefaultAnimation": true,
				"weight": 10,
				"blendMode": "Average"
			},
			{
				"code": "highwalk",
				"animation": "Highwalk",
				"supressDefaultAnimation": true,
				"weight": 10,
				"blendMode": "Average"
			},
			{
				"code": "run",
				"animation": "Run",
				"supressDefaultAnimation": true,
				"weight": 10,
				"blendMode": "Average"
			}
		]
	},
	"server": {
		"attributes": {
			"pathfinder": {
				"minTurnAnglePerSec": 90,
				"maxTurnAnglePerSec": 180
			}
		},
		"behaviors": [
			{ "code": "repulseagents" },
      { "code": "controlledphysics","stepHeightByType": {"*-adult-*": 2.1251,"*-baby-*": 1.1251 }},
			{"code": "despawn","minPlayerDistance": 8,"belowLightLevel": 8,"minSeconds": 300},
			{"code": "health",
				"currenthealthByType": {
				"emeidae-adult-female-anomalopteryxdidiformis": 9,
				"emeidae-adult-male-anomalopteryxdidiformis": 7,
				"emeidae-adult-female-emeuscrassus": 13,
				"emeidae-adult-male-emeuscrassus": 10,
				"emeidae-adult-female-euryapteryxcurtus": 16,
				"emeidae-adult-male-euryapteryxcurtus": 13,
				"emeidae-adult-female-pachyornisaustralis": 15,
				"emeidae-adult-male-pachyornisaustralis": 13,
				"emeidae-adult-female-pachyorniselephantopus": 18,
				"emeidae-adult-male-pachyorniselephantopus": 15,
					"*-baby-*-pachyorniselephantopus": 4,
				"emeidae-adult-female-pachyornisgeranoides": 10,
				"emeidae-adult-male-pachyornisgeranoides": 6,
					"*-baby-*": 3
				},
				"maxhealthByType": {
				"emeidae-adult-female-anomalopteryxdidiformis": 9,
				"emeidae-adult-male-anomalopteryxdidiformis": 7,
				"emeidae-adult-female-emeuscrassus": 13,
				"emeidae-adult-male-emeuscrassus": 10,
				"emeidae-adult-female-euryapteryxcurtus": 16,
				"emeidae-adult-male-euryapteryxcurtus": 13,
				"emeidae-adult-female-pachyornisaustralis": 15,
				"emeidae-adult-male-pachyornisaustralis": 13,
				"emeidae-adult-female-pachyorniselephantopus": 18,
				"emeidae-adult-male-pachyorniselephantopus": 15,
					"*-baby-*-pachyorniselephantopus": 4,
				"emeidae-adult-female-pachyornisgeranoides": 10,
				"emeidae-adult-male-pachyornisgeranoides": 6,
					"*-baby-*": 3
				}
			},
			{
				"code": "deaddecay",
				"hoursToDecay": 96,
				"decayedBlockByType": {
					"emeidae-adult-*": "carcass-medium",
					"*-baby-*": "carcass-small"
				}
			},
			{
				"code": "floatupwhenstuck",
				"onlyWhenDead": true
			},
			{
				"code": "harvestable","quantitySlots": 8,
				"drops": [
					{
						"type": "item",
						"code": "game:redmeat-raw",
						"quantityByType": {
							"emeidae-adult-female-anomalopteryxdidiformis": {"avg": 2.5,"var": 0.5},
							"emeidae-adult-male-anomalopteryxdidiformis": {"avg": 1.5,"var": 0.5},
							"emeidae-adult-female-emeuscrassus": {"avg": 8,"var": 1.0},
							"emeidae-adult-male-emeuscrassus": {"avg": 5,"var": 1},
							"emeidae-adult-female-euryapteryxcurtus": {"avg": 14,"var": 1.0},
							"emeidae-adult-male-euryapteryxcurtus": {"avg": 6.5,"var": 0.5},
							"emeidae-adult-female-pachyornisaustralis": {"avg": 13,"var": 1.0},
							"emeidae-adult-male-pachyornisaustralis": {"avg": 8,"var": 1},
							"emeidae-adult-female-pachyorniselephantopus": {"avg": 16,"var": 1.0},
							"emeidae-adult-male-pachyorniselephantopus": {"avg": 11,"var": 1},
							"emeidae-adult-female-pachyornisgeranoides": {"avg": 5,"var": 1.0},
							"emeidae-adult-male-pachyornisgeranoides": {"avg": 2.5,"var": 0.5},
							"*": {"avg": 0.5,"var": 0.5}
						}
					},
					{
						"type": "item",
						"code": "game:poultry-raw",
						"quantityByType": {
							"emeidae-adult-female-anomalopteryxdidiformis": {"avg": 2.5,"var": 0.5},
							"emeidae-adult-male-anomalopteryxdidiformis": {"avg": 1.5,"var": 0.5},
							"emeidae-adult-female-emeuscrassus": {"avg": 8,"var": 1.0},
							"emeidae-adult-male-emeuscrassus": {"avg": 5,"var": 1},
							"emeidae-adult-female-euryapteryxcurtus": {"avg": 14,"var": 1.0},
							"emeidae-adult-male-euryapteryxcurtus": {"avg": 6.5,"var": 0.5},
							"emeidae-adult-female-pachyornisaustralis": {"avg": 13,"var": 1.0},
							"emeidae-adult-male-pachyornisaustralis": {"avg": 8,"var": 1},
							"emeidae-adult-female-pachyorniselephantopus": {"avg": 16,"var": 1.0},
							"emeidae-adult-male-pachyorniselephantopus": {"avg": 11,"var": 1},
							"emeidae-adult-female-pachyornisgeranoides": {"avg": 5,"var": 1.0},
							"emeidae-adult-male-pachyornisgeranoides": {"avg": 2.5,"var": 0.5},
							"*": {"avg": 0.5,"var": 0.5}
						}
					},
					{
						"type": "item",
						"code": "dinornithidae:pelt-{gender}-{type}",
						"quantityByType": {
							"*-adult-*": {"avg": 1.0,"var": 0.0},
							"*": {"avg": 0.0,"var": 0.0}
						}
					},
					{
						"type": "item",
						"code": "game:feather",
						"quantityByType": {
							"*-baby-": {"avg": 4.0,"var": 1.0},
							"*": {"avg": 15.0,"var": 7.0}
						}
					},
					{
						"type": "item",
						"code": "game:fat",
						"quantityByType": {
							"emeidae-adult-female-pachyorniselephantopus": {"avg": 3.3,"var": 0.3},
							"emeidae-adult-female-*": {"avg": 1.3,"var": 0.3},
							"emeidae-adult-male-*": {"avg": 1.0,"var": 0.3},
							"*": {"avg": 0,"var": 0}
						}
					}
				]
			},
			{ "code": "breathe" },			
			{
				"code": "multiply",
				"enabledByType": {
					"*-adult-female-*": true,
					"*": false
				},
				"spawnEntityCodesByType": {
				"*-adult-female-*": [ { "code":"dinornithidae:emeidae-nest-incubating-{type}"} ]
				},
				"requiresNearbyEntityCodeByType": {"*-adult-female-*": "dinornithidae:emeidae-adult-male-{type}"},
				"requiresNearbyEntityRange": 10,
				"spawnQuantityMinByType": {"*": 1},
				"spawnQuantityMaxByType": {"*": 1},
				"eatAnyway": true,
				"pregnancyDaysByType": {"*":18},
				"multiplyCooldownDaysMin": 73,
				"multiplyCooldownDaysMax": 81,
				"portionsEatenForMultiplyByType": {"*-anomalopteryxdidiformis":6,"*-emeuscrassus": 8,"*-euryapteryxcurtus": 11,"*-pachyornisaustralis": 10,"*-pachyorniselephantopus": 14,"*-pachyornisgeranoides": 7}
			}, 
			{ 
				"code": "grow", 
				"enabledByType": {
					"*-baby-*": true,
					"*-adult-*": false
				},
				"hoursToGrowByType": {"*-male-*": 525,"*-female-*": 876},
				"adultEntityCodesByType": {
					"*-baby-male-*": ["dinornithidae:emeidae-adult-male-{type}"],
					"*-baby-female-*": ["dinornithidae:emeidae-adult-female-{type}"]
				}
			},
			{
				"code": "emotionstates",
				"states": [
					{"code": "fleeondamage","whenHealthRelBelow": 0.5,"duration": 60,"chanceByType": {"*-adult-*": 1.0,"*": 1.0},"slot": 2,"priority": 5,"accumType": "max"},
					{"code": "fleeondamage","duration": 40,"chanceByType": {"*-adult-*": 0.75,"*": 1.0},"slot": 2,"priority": 1,"accumType": "max"},
					{"code": "alarmherdondamage","chance": 1,"slot": 1,"priority": 1,"accumType": "max"},
					{"code": "aggressiveondamage","duration": 30,"chanceByType": {"*-baby-*": 0.0,"*-adult-*": 0.85},"slot": 2,"priority": 2,"accumType": "noaccum"},
					{"code": "saturated","duration": 1200,"chance": 1,"slot": 0,"priority": 1,"accumType": "sum"}
				]
			},
			{
				"code": "taskai",
				"aiCreatureType": "LandCreature",
				"aitasks": [
					{
						"code": "meleeattack",
						"animation": "Attack",
						"enabledByType": {
							"*-baby-*": false,
							"*": true
						},
						"entityCodes": [ "player","bear-*", "fox-male", "fox-female",  "hyena-male", "hyena-female", "wolf-male", "wolf-female", "caninae-*","dasyuridae-*","felinae-*","hyaenidae-*","machairodontinae-*", "pantherinae-*","thylacoleonidae-*","ursidae-*","viverridae-*" ],
						"priority": 3,
						"damageByType": {
							"emeidae-adult-*-anomalopteryxdidiformis": 5,
							"emeidae-adult-female-emeuscrassus": 6,
							"emeidae-adult-male-emeuscrassus": 5,
							"emeidae-adult-female-euryapteryxcurtus": 8,
							"emeidae-adult-male-euryapteryxcurtus": 6,
							"emeidae-adult-female-pachyornisaustralis": 7,
							"emeidae-adult-male-pachyornisaustralis": 6,
							"emeidae-adult-female-pachyorniselephantopus": 9,
							"emeidae-adult-male-pachyorniselephantopus": 7,
							"emeidae-adult-female-pachyornisgeranoides": 5,
							"emeidae-adult-male-pachyornisgeranoides": 4,
							"*-baby-*": 0.1
						},
						"damageTierByType": {"@.*-adult-female-(euryapteryxcurtus|pachyornisaustralis|pachyorniselephantopus)":2,"*-male-pachyorniselephantopus":2,"*":1},
						"damageType": "SlashingAttack",
						"slot": 1,
						"mincooldown": 1500,
						"maxcooldown": 2500,
						"attackDurationMs": 1250,
						"damagePlayerAtMs": 500,
						"animationSpeed": 1.5,
						"soundByType": {
							"*-adult-*": "creature/dinornithidae/hiss",
							"*-baby-*": "game:creature/chicken/chick*"
						},
						"whenInEmotionState": "aggressiveondamage|aggressivearoundentities"
					},
					{
						"code": "fleeentity",
						"animation": "Run",
						"entityCodesByType": {
							"*": [  "player","bear-*", "hyena-male", "hyena-female", "wolf-male", "wolf-female", "caninae-canina-adult*","dasyuridae-adult-*","felinae-adult-*","hyaenidae-adult-*","machairodontinae-adult-*", "pantherinae-panthera-adult-*","thylacoleonidae-*","ursidae-adult-*","viverridae-*"]},
						"priority": 1.51,
						"movespeedByType": {
							"emeidae-adult-*-anomalopteryxdidiformis": 0.024,
							"emeidae-baby-*-anomalopteryxdidiformis": 0.015,
							"emeidae-adult-*-pachyorniselephantopus": 0.036,
							"emeidae-baby-*-pachyorniselephantopus": 0.026,
							"emeidae-adult-*-pachyornisgeranoides": 0.024,
							"emeidae-baby-*-pachyornisgeranoides": 0.015,
							"emeidae-adult-*": 0.03,
							"emeidae-baby-*": 0.0225
						},
						"seekingRange": 40,
						"animationSpeedByType": {
							"*-adult-female-*": 1.8,
							"*-adult-male-*": 2.4,
							"*-baby-*": 7.2
						},
						"whenInEmotionState": "fleeondamage",
						"soundByType": {
							"*-baby-*": "game:creature/chicken/chick*"
						}
					},
					{
						"code": "fleeentity",
						"animation": "Run",
						"entityCodesByType": {
							"*": [  "bear-*", "hyena-male", "hyena-female", "wolf-male", "wolf-female", "caninae-canina-adult*","dasyuridae-adult-*","elephantidae-*","felinae-adult-*","hyaenidae-adult-*","machairodontinae-adult-*", "pantherinae-panthera-adult-*","thylacoleonidae-*","ursidae-adult-*","viverridae-*"]},
						"priority": 1.51,
						"movespeedByType": {
							"emeidae-adult-*-anomalopteryxdidiformis": 0.024,
							"emeidae-baby-*-anomalopteryxdidiformis": 0.015,
							"emeidae-adult-*-pachyorniselephantopus": 0.036,
							"emeidae-baby-*-pachyorniselephantopus": 0.026,
							"emeidae-adult-*-pachyornisgeranoides": 0.024,
							"emeidae-baby-*-pachyornisgeranoides": 0.015,
							"emeidae-adult-*": 0.03,
							"emeidae-baby-*": 0.0225
						},
						"seekingRange": 24,
						"animationSpeedByType": {
							"*-adult-female-*": 0.9,
							"*-adult-male-*": 1.2,
							"*-baby-*": 3.6
						},
						"soundByType": {
							"*-baby-*": "game:creature/chicken/chick*"
						}
					},
					{
						"code": "seekentity",
						"animation": "Charge",
						"enabledByType": {
							"*-baby-*": false,
							"*": true
						},
						"entityCodes": [ "player", "hyena-male", "hyena-female", "wolf-male", "wolf-female", "caninae-*","dasyuridae-*","felinae-*","hyaenidae-*","machairodontinae-*", "pantherinae-*","thylacoleonidae-*","ursidae-*","viverridae-*" ],
						"priority": 1.6,
						"mincooldown": 600,
						"maxcooldown": 650,
						"movespeedByType": {
							"emeidae-adult-*-anomalopteryxdidiformis": 0.024,
							"emeidae-baby-*-anomalopteryxdidiformis": 0.015,
							"emeidae-adult-*-pachyorniselephantopus": 0.036,
							"emeidae-baby-*-pachyorniselephantopus": 0.026,
							"emeidae-adult-*-pachyornisgeranoides": 0.024,
							"emeidae-baby-*-pachyornisgeranoides": 0.015,
							"emeidae-adult-*": 0.03,
							"emeidae-baby-*": 0.0225
						},
						"animationSpeedByType": {
							"emeidae-adult-female-anomalopteryxdidiformis": 0.9,
							"emeidae-adult-female-emeuscrassus": 0.9,
							"*": 1.2
						},
						"seekingRange": 20,
						"soundByType": {
							"*-adult-*": "creature/emeidae/hurt",
							"*-baby-*": "game:creature/chicken/chick*"
						},
						"whenInEmotionState": "aggressiveondamage|aggressivearoundentities"
					},
					{
						"code": "stayclosetoentity",
						"animationByType": {
							"*-adult-*": "Walk",
							"*": "Run"
						},
						"priority": 1.4,
						"entityCodeByType": {
							"*-adult-female-*": "emeidae-adult-male-{type}",
							"*-adult-male-*": "emeidae-nest-{type}-incubating",
							"*-baby-*": "emeidae-adult-male-{type}"
						},
						"movespeedByType": {
							"emeidae-adult-*-anomalopteryxdidiformis": 0.0032,
							"emeidae-baby-*-anomalopteryxdidiformis": 0.017,
							"emeidae-adult-*-pachyorniselephantopus": 0.004,
							"emeidae-baby-*-pachyorniselephantopus": 0.025,
							"emeidae-adult-*-pachyornisgeranoides": 0.0032,
							"emeidae-baby-*-pachyornisgeranoides": 0.017,
							"emeidae-adult-*": 0.00375,
							"emeidae-baby-*": 0.021
						},
						"animationSpeedByType": {
							"emeidae-adult-female-*": 0.75,
							"*-baby-*": 3.6
						},
						"maxDistance": 3,
						"searchRange": 25
					},
					{
						"code": "getoutofwater",
						"animation": "Swim",
						"priority": 1.4,
						"movespeedByType": {
							"emeidae-adult-*-anomalopteryxdidiformis": 0.0032,
							"emeidae-baby-*-anomalopteryxdidiformis": 0.0017,
							"emeidae-adult-*-pachyorniselephantopus": 0.004,
							"emeidae-baby-*-pachyorniselephantopus": 0.0025,
							"emeidae-adult-*-pachyornisgeranoides": 0.0032,
							"emeidae-baby-*-pachyornisgeranoides": 0.0017,
							"emeidae-adult-*": 0.00375,
							"emeidae-baby-*": 0.021
						},
						"animationSpeedByType": {
							"emeidae-adult-female-anomalopteryxdidiformis": 0.75,
							"emeidae-adult-female-emeuscrassus": 1.0,
							"*-baby-*": 1.5
						}
					},
					{
						"code": "idle",
						"animation": "Idle",
						"priority": 0.9,
						"minduration": 1600,
						"maxduration": 4500,
						"mincooldown": 6000,
						"maxcooldown": 120000,
						"priorityForCancel": 1.28,
						"whenNotInEmotionState": "aggressiveondamage|fleeondamage",
						"stopOnNearbyEntityCodes": [ "player", "bear-*", "hyena-male", "hyena-female", "wolf-male", "wolf-female", "caninae-*","felinae-*","hyaenidae-*","machairodontinae-*", "pantherinae-*","thylacoleonidae-*","ursidae-*" ],
						"stopRange": 10,
						"stopOnHurt": true,
						"soundByType": {
							"*-baby-*": "game:creature/chicken/chick*"
						}
					},
					{
						"code": "idle",
						"animation": "Sleep",
						"priority": 1.38,
						"minduration": 200000,
						"maxduration": 800000,
						"mincooldown": 10000,
						"maxcooldown": 30000,
						"priorityForCancel": 1.38,
						"whenNotInEmotionState": "aggressiveondamage|fleeondamage",
						"duringDayTimeFrames": [
							{"fromHour": 0,"toHour": 6},{"fromHour": 20,"toHour": 24}
						],
						"stopOnNearbyEntityCodes": [ "player", "bear-*", "hyena-male", "hyena-female", "wolf-male", "wolf-female", "caninae-*","felinae-*","hyaenidae-*","machairodontinae-*", "pantherinae-*","thylacoleonidae-*","ursidae-*"  ],
						"stopRange": 8,
						"stopOnHurt": true
					},
					{
						"code": "idle",
						"animation": "Sit",
						"priority": 0.9,
						"minduration": 15000,
						"maxduration": 45000,
						"mincooldown": 6000,
						"maxcooldown": 120000,
						"priorityForCancel": 1.28,
						"whenNotInEmotionState": "aggressiveondamage|fleeondamage",
						"stopOnNearbyEntityCodes": [ "player", "bear-*", "hyena-male", "hyena-female", "wolf-male", "wolf-female", "caninae-*","felinae-*","hyaenidae-*","machairodontinae-*", "pantherinae-*","thylacoleonidae-*","ursidae-*"  ],
						"stopRange": 10,
						"stopOnHurt": true
					},
					{
						"code": "idle",
						"animation": "Call",
						"priority": 1.0,
						"priorityForCancel": 1.35,
						"whenNotInEmotionState": "aggressiveondamage|fleeondamage",
						"stopOnNearbyEntityCodes": [ "player", "bear-*", "hyena-male", "hyena-female", "wolf-male", "wolf-female", "caninae-*","felinae-*","hyaenidae-*","machairodontinae-*", "pantherinae-*","thylacoleonidae-*","ursidae-*"  ],
						"stopRange": 10,
						"minduration": 2000,
						"maxduration": 2000,
						"chance": 0.2,
						"mincooldown": 8000,
						"maxcooldown": 50000,
						"animationSpeed": 0.5,
						"soundByType": {
							"*-baby-*": "game:creature/chicken/chick*",
							"*-anomalopteryxdidiformis": "creature/emeidae/bushcall*",
							"*-emeuscrassus": "creature/emeidae/easterncall*",
							"*-euryapteryxcurtus": "creature/emeidae/coastalcall*",
							"*-pachyornisaustralis": "creature/emeidae/crestedcall*",
							"*-pachyorniselephantopus": "creature/emeidae/heavyfootedcall*",
							"*-pachyornisgeranoides": "creature/emeidae/mantellcall*"
						},
						"soundRangeByType": {
							"*-adult-*": 80,
							"*": 30
						}
					},
					{
						"code": "idle",
						"animation": "Scratch",
						"priority": 1.0,
						"priorityForCancel": 1.35,
						"whenNotInEmotionState": "aggressiveondamage|fleeondamage",
						"stopOnNearbyEntityCodes": [  "player", "bear-*", "hyena-male", "hyena-female", "wolf-male", "wolf-female", "caninae-*","felinae-*","hyaenidae-*","machairodontinae-*", "pantherinae-*","thylacoleonidae-*","ursidae-*"  ],
						"stopRange": 10,
						"minduration": 4000,
						"maxduration": 4000,
						"mincooldown": 8000,
						"maxcooldown": 50000,
						"chance": 0.1,
						"animationSpeed": 1.0
					},
					{
						"code": "idle",
						"animation": "Eat",
						"priority": 1.2,
						"priorityForCancel": 1.35,
						"whenNotInEmotionState": "aggressiveondamage|fleeondamage",
						"stopOnNearbyEntityCodes": [  "player", "bear-*", "hyena-male", "hyena-female", "wolf-male", "wolf-female", "caninae-*","felinae-*","hyaenidae-*","machairodontinae-*", "pantherinae-*","thylacoleonidae-*","ursidae-*" ],
						"stopRange": 10,
						"minduration": 2000,
						"maxduration": 2000,
						"mincooldown": 6000,
						"maxcooldown": 20000,
						"chance": 0.1,
						"animationSpeed": 0.5
					},
					{
						"code": "idle",
						"animation": "Threat",
						"priority": 1.2,
						"priorityForCancel": 1.35,
						"whenNotInEmotionState": "aggressiveondamage|fleeondamage",
						"stopOnNearbyEntityCodes": [  "player", "bear-*", "hyena-male", "hyena-female", "wolf-male", "wolf-female", "caninae-*","felinae-*","hyaenidae-*","machairodontinae-*", "pantherinae-*","thylacoleonidae-*","ursidae-*"  ],
						"stopRange": 10,
						"chance": 0.1,
						"minduration": 4000,
						"maxduration": 4000,
						"mincooldown": 6000,
						"maxcooldown": 20000,
						"animationSpeed": 0.25
					},
					{
						"code": "wander",
						"animation": "Walk",
						"priority": 1.0,
						"priorityForCancel": 1.35,
						"whenNotInEmotionState": "aggressiveondamage|fleeondamage",
						"stopOnNearbyEntityCodes": [ "player", "bear-*", "hyena-male", "hyena-female", "wolf-male", "wolf-female", "caninae-*","felinae-*","hyaenidae-*","machairodontinae-*", "pantherinae-*","thylacoleonidae-*","ursidae-*"  ],
						"stopRange": 10,
						"chance": 0.5,
						"movespeedByType": {
							"*-adult-*-anomalopteryxdidiformis": 0.0032,
							"*-baby-*-anomalopteryxdidiformis": 0.0012,
							"*-adult-*-pachyorniselephantopus": 0.004,
							"*-baby-*-pachyorniselephantopus": 0.0022,
							"*-adult-*-pachyornisgeranoides": 0.0032,
							"*-baby-*-pachyornisgeranoides": 0.0012,
							"*-adult-*": 0.00375,
							"*-baby-*": 0.00185
						},
						"animationSpeedByType": {
							"emeidae-adult-female-*": 0.75,
							"*-baby-*": 1.5
						},
						"preferredLightLevel": 12
					},
					{
						"code": "wander",
						"animation": "Highwalk",
						"priority": 1.0,
						"priorityForCancel": 1.35,
						"whenNotInEmotionState": "aggressiveondamage|fleeondamage",
						"stopOnNearbyEntityCodes": [  "player", "bear-*", "hyena-male", "hyena-female", "wolf-male", "wolf-female", "caninae-*","felinae-*","hyaenidae-*","machairodontinae-*", "pantherinae-*","thylacoleonidae-*","ursidae-*" ],
						"stopRange": 10,
						"chance": 0.25,
						"movespeedByType": {
							"*-adult-*-anomalopteryxdidiformis": 0.0032,
							"*-baby-*-anomalopteryxdidiformis": 0.0012,
							"*-adult-*-pachyorniselephantopus": 0.004,
							"*-baby-*-pachyorniselephantopus": 0.0022,
							"*-adult-*-pachyornisgeranoides": 0.0032,
							"*-baby-*-pachyornisgeranoides": 0.0012,
							"*-adult-*": 0.00375,
							"*-baby-*": 0.00185
						},
						"animationSpeedByType": {
							"emeidae-adult-female-*": 0.75,
							"*-baby-*": 1.5
						},
						"preferredLightLevel": 12
					},
					{
						"code": "seekfoodandeat",
						"animation": "Walk",
						"eatAnimation": "Eat",
						"movespeedByType": {
							"*-adult-*-anomalopteryxdidiformis": 0.0032,
							"*-baby-*-anomalopteryxdidiformis": 0.0012,
							"*-adult-*-pachyorniselephantopus": 0.004,
							"*-baby-*-pachyorniselephantopus": 0.0022,
							"*-adult-*-pachyornisgeranoides": 0.0032,
							"*-baby-*-pachyornisgeranoides": 0.0012,
							"*-adult-*": 0.00375,
							"*-baby-*": 0.00185
						},
						"priority": 1.25,
						"whenNotInEmotionState": "aggressiveondamage|fleeondamage",
						"eatSoundByType": {
							"*": "game:creature/animal-eat-small"
						},
						"eatTime": 1.5,
						"eatLooseItems": true,
						"animationSpeedByType": {
							"emeidae-adult-female-*": 0.75,
							"*-baby-*": 1.5
						},
						"mincooldownHours": 1,
						"maxcooldownHours": 4
					},
					{
						"code": "lookaround",
						"whenNotInEmotionState": "aggressiveondamage|fleeondamage",
						"priority": 0.5
					}
				]
			},
			{"code": "ropetieable","minGeneration": 2},
			{
				"code": "pettable",
				"minGeneration": 1
			}
		],
		"spawnconditions": {
			"worldgen": {
			"tryOnlySurface": true,	
			"groupSizeByType": {
					"*-adult-*": { "dist": "invexp", "avg": 1.5, "var": 0.5 }
			},
			"insideBlockCodes":["game:air", "game:gravel-*","game:leaves-*", "game:sand-*", "game:snow-*","game:soil-*","game:tallgrass-*"],
			"companionsByType": {
				"*":["dinornithidae:emeidae-adult-female-{type}","dinornithidae:emeidae-adult-male-{type}"]}
		},
			"runtime": {
				"group": "neutral",
				"maxQuantityByGroup": { "code": "emeidae-*", "maxQuantity": 1 },
				"tryOnlySurface": true,
				"chanceByType": {
					"emeidae-adult-female-anomalopteryxdidiformis": 0.0001, "emeidae-adult-male-anomalopteryxdidiformis": 0.0001,
					"emeidae-adult-female-emeuscrassus": 0.0001, "emeidae-adult-male-emeuscrassus": 0.0001,
					"emeidae-adult-female-euryapteryxcurtus": 0.0001, "emeidae-adult-male-euryapteryxcurtus": 0.0001,
					"emeidae-adult-female-pachyornisaustralis": 0.0001, "emeidae-adult-male-pachyornisaustralis": 0.0001,
					"emeidae-adult-female-pachyorniselephantopus": 0.0001, "emeidae-adult-male-pachyorniselephantopus": 0.0001,
					"emeidae-adult-female-pachyornisgeranoides": 0.0001, "emeidae-adult-male-pachyornisgeranoides": 0.0001,
					"*": 0.0
				},
				"mindistancetoplayer": 50,
				"maxLightLevel": 7,
				"lightLevelType": "onlyBlockLight",	
				"spawnCapPlayerScaling": 0.0,	
				"groupSizeByType": {
					"*-adult-*": { "dist": "invexp", "avg": 1.5, "var": 0.5 }
				},
				"insideBlockCodes": [ "game:air", "game:soil-*","game:gravel-*", "game:tallgrass-*", "game:snowlayer-1", "game:sand-*"],
				"companionsByType": {
				"*":["dinornithidae:emeidae-adult-female-{type}","dinornithidae:emeidae-adult-male-{type}"]}
			}
		},
		"spawnconditionsByType": {
			"emeidae-adult-*-anomalopteryxdidiformis": {
				"climate": {
					"minTemp": 8,
					"maxTemp": 14,
					"minRain": 0.5,
					"maxRain": 1.0,
					"minForestOrShrubs": 0.25,
					"maxForest": 0.8,
					"maxShrubs": 1.0,
					"minY": 1.0,
					"maxY": 1.5					
				},
				"worldgen": {
					"triesPerChunk": { "avg": 0.001, "var": 0}
				}
			},
			"emeidae-adult-*-emeuscrassus": {
				"climate": {
					"minTemp": 4,
					"maxTemp": 10,
					"minRain": 0.35,
					"maxRain": 1.0,
					"minForestOrShrubs": 0.0,
					"maxForest": 0.0,
					"maxShrubs": 1.0,
					"minY": 1.0,
					"maxY": 1.2					
				},
				"worldgen": {
					"triesPerChunk": { "avg": 0.001, "var": 0}
				}
			},
			"emeidae-adult-*-euryapteryxcurtus": {
				"climate": {
					"minTemp": 6,
					"maxTemp": 18,
					"minRain": 0.25,
					"maxRain": 0.8,
					"minForestOrShrubs": 0.25,
					"maxForest": 0.8,
					"maxShrubs": 1.0,
					"minY": 1.0,
					"maxY": 1.2					
				},
				"worldgen": {
					"triesPerChunk": { "avg": 0.001, "var": 0}
				}
			},
			"emeidae-adult-*-pachyornisaustralis": {
				"climate": {
					"minTemp": 2,
					"maxTemp": 12,
					"minRain": 0.6,
					"maxRain": 1.0,
					"minForestOrShrubs": 0.25,
					"maxForest": 1.0,
					"maxShrubs": 1.0,
					"minY": 1.2,
					"maxY": 1.5					
				},
				"worldgen": {
					"triesPerChunk": { "avg": 0.001, "var": 0}
				}
			},
			"emeidae-adult-*-pachyorniselephantopus": {
				"climate": {
					"minTemp": 6,
					"maxTemp": 14,
					"minRain": 0.25,
					"maxRain": 0.6,
					"minForestOrShrubs": 0.25,
					"maxForest": 0.75,
					"maxShrubs": 1.0,
					"minY": 1.0,
					"maxY": 1.2					
				},
				"worldgen": {
					"triesPerChunk": { "avg": 0.001, "var": 0}
				}
			},
			"emeidae-adult-*-pachyornisgeranoides": {
				"climate": {
					"minTemp": 8,
					"maxTemp": 18,
					"minRain": 0.5,
					"maxRain": 1.0,
					"minForestOrShrubs": 0.25,
					"maxForest": 0.75,
					"maxShrubs": 1.0,
					"minY": 1.0,
					"maxY": 1.3				
				},
				"worldgen": {
					"triesPerChunk": { "avg": 0.001, "var": 0}
				}
			}
		}
	},
	"soundsByType": {
		"emeidae-adult-*-anomalopteryxdidiformis":{
			"hurt": "creature/emeidae/hurt",
			"death": "creature/emeidae/die",
			"idle": "creature/emeidae/bushcall*"
		},
		"emeidae-adult-*-emeuscrassus":{
			"hurt": "creature/emeidae/hurt",
			"death": "creature/emeidae/die",
			"idle": "creature/emeidae/easterncall*"
		},
		"emeidae-adult-*-euryapteryxcurtus":{
			"hurt": "creature/emeidae/hurt",
			"death": "creature/emeidae/die",
			"idle": "creature/emeidae/coastalcall*"
		},
		"emeidae-adult-*-pachyornisaustralis":{
			"hurt": "creature/emeidae/hurt",
			"death": "creature/emeidae/die",
			"idle": "creature/emeidae/crestedcall*"
		},
		"emeidae-adult-*-pachyorniselephantopus":{
			"hurt": "creature/emeidae/hurt",
			"death": "creature/emeidae/die",
			"idle": "creature/emeidae/heavyfootedcall*"
		},
		"emeidae-adult-*-pachyornisgeranoides":{
			"hurt": "creature/emeidae/hurt",
			"death": "creature/emeidae/die",
			"idle": "creature/emeidae/mantellcall*"
		},
		"*-baby-*":{
			"hurt": "game:creature/chicken/chick*",
			"death": "game:creature/chicken/chick*",
			"idle": "game:creature/chicken/chick*"
		}
	},
	"idleSoundRangeByType": {
		"*-adult-*":80,
		"*-baby-*":14
	},
	"idleSoundChanceByType": {
		"*-adult-*": 0.05,
		"*-baby-*":1
	},
}