[
      {
      "file": "monoceros:entities/monoceros.json",
      "op": "addmerge",
      "path": "/attributesByType",
      "side": "Server",
      "value": {
        "*-indicus": {
          "biorealm": [
              "central palearctic"
          ]
        },
        "*-caledonius": {
          "biorealm": [
              "atlantic palearctic"
          ]
        }
      },
      "dependsOn": [
        {
          "modid": "biomes"
        }
      ]
    },

  {
      "file": "monoceros:entities/monoceros-indicus-male.json",
      "op": "addmerge",
      "path": "/attributes",
      "side": "Server",
      "value": {
          "biorealm": [
              "atlantic palearctic",
              "central palearctic",
              "eastern palearctic"
          ]
      },
      "dependsOn": [
        {
          "modid": "biomes"
        }
      ]
    },
    {
      "file": "monoceros:entities/monoceros-indicus-female.json",
      "op": "addmerge",
      "path": "/attributes",
      "side": "Server",
      "value": {
          "biorealm": [
            "atlantic palearctic",
            "central palearctic",
            "eastern palearctic"
          ]
      },
      "dependsOn": [
        {
          "modid": "biomes"
        }
      ]
    },
    {
      "file": "monoceros:entities/monoceros-indicus-baby.json",
      "op": "addmerge",
      "path": "/attributes",
      "side": "Server",
      "value": {
          "biorealm": [
              "atlantic palearctic",
              "central palearctic",
              "eastern palearctic"
          ]
      },
      "dependsOn": [
        {
          "modid": "biomes"
        }
      ]
    }
]
  