[
    {
    "op": "remove",
    "path": "/attributes/attachableToEntity/attachedShapeBySlotCodeByType/*/*",
    "file": "game:itemtypes/wearable/hooved.json",
    "side": "Server"
    },
    {
    "file": "game:itemtypes/wearable/hooved.json",
    "op": "addmerge",
    "path": "/attributes/attachableToEntity/attachedShapeBySlotCodeByType/*/*-indicus",
        "side": "Server",
    "value": {
      "base": "monoceros:item/wearable/{type}-indicus"
    }
  },
  {
    "file": "game:itemtypes/wearable/hooved.json",
    "op": "addmerge",
    "path": "/attributes/attachableToEntity/attachedShapeBySlotCodeByType/*/*-caledonius",
        "side": "Server",
    "value": {
      "base": "monoceros:item/wearable/{type}-caledonius"
    }
  },
  {
    "op": "addmerge",
    "path": "/attributes/attachableToEntity/attachedShapeBySlotCodeByType/*/*",
    "value": {
      "base": "game:item/wearable/hooved/{type}-elk"
    },
    "file": "game:itemtypes/wearable/hooved.json",
    "side": "Server"
  },
    {
    "op": "remove",
    "path": "/attributes/attachableToEntity/attachedShapeBySlotCodeByType/*-forlorn/*",
    "file": "game:itemtypes/wearable/blanket.json",
    "side": "Server"
  },
  {
    "op": "remove",
    "path": "/attributes/attachableToEntity/attachedShapeBySlotCodeByType/*/*",
    "file": "game:itemtypes/wearable/blanket.json",
    "side": "Server"
  },
  {
    "op": "addmerge",
    "path": "/attributes/attachableToEntity/attachedShapeBySlotCodeByType/*/*-caledonius",
    "value": {
      "base": "monoceros:item/wearable/blanket1-caledonius"
    },
    "file": "game:itemtypes/wearable/blanket.json",
    "side": "Server"
  },
  {
    "op": "addmerge",
    "path": "/attributes/attachableToEntity/attachedShapeBySlotCodeByType/*-forlorn/*-caledonius",
    "value": {
      "base": "monoceros:item/wearable/blanket2-caledonius"
    },
    "file": "game:itemtypes/wearable/blanket.json",
    "side": "Server"
  },
  {
    "op": "addmerge",
    "path": "/attributes/attachableToEntity/attachedShapeBySlotCodeByType/*/*-indicus",
    "value": {
      "base": "monoceros:item/wearable/blanket1-indicus"
    },
    "file": "game:itemtypes/wearable/blanket.json",
    "side": "Server"
  },
  {
    "op": "addmerge",
    "path": "/attributes/attachableToEntity/attachedShapeBySlotCodeByType/*-forlorn/*-indicus",
    "value": {
      "base": "monoceros:item/wearable/blanket2-indicus"
    },
    "file": "game:itemtypes/wearable/blanket.json",
    "side": "Server"
  },
  {
    "op": "addmerge",
    "path": "/attributes/attachableToEntity/attachedShapeBySlotCodeByType/*/*",
    "value": {
      "base": "item/wearable/hooved/blanket1-elk"
    },
    "file": "game:itemtypes/wearable/blanket.json",
    "side": "Server"
  },
  {
    "op": "addmerge",
    "path": "/attributes/attachableToEntity/attachedShapeBySlotCodeByType/*-forlorn/*",
    "value": {
      "base": "item/wearable/hooved/blanket2-elk"
    },
    "file": "game:itemtypes/wearable/blanket.json",
    "side": "Server"
  }
]