{
    "ingredientPattern": "TB",
    "ingredients": {
        "T": {
            "type": "item",
            "code": "metalpots:metalpottop-*",
            "name": "metal"
        },
        "B": {
            "type": "item",
            "code": "metalpots:metalpotbottom-*",
            "name": "metal"
        }
    },
    "width": 1,
    "height": 2,
    "shapeless": true,
    "output": {
        "type": "block",
        "code": "metalpots:metalpot-{metal}-empty",
        "quantity": 1
    }
}