[
  {
    "side": "Server",
    "dependsOn": [{ "modid": "combatoverhaul" }],
    "file": "pantherinae:entities/land/pantherinae-neofelis-adult",
    "op": "add",
    "path": "/client/behaviors/-",
    "value": {
      "code": "CombatOverhaul:EntityColliders",
      "elementsByType": {
        "*": {
          "Torso": ["Body", "Abdomen", "Hip", "Right Shoulder", "Left Shoulder"],
          "Head": ["Head", "Nose bridge", "Right jaw", "Left jaw"],
          "Arm": ["Left Upper Arm", "Left Lower Arm", "Left Hand", "Right Upper Arm", "Right Lower Arm", "Right Hand"],
          "Leg": ["Left Upper Leg", "Left Lower Leg", "Left Foot", "Right Upper Leg", "Right Lower Leg", "Right Foot"],
          "Critical": ["Neck", "Neck Upper"],
          "Resistant": []
        }
      }
    }
  },
  {
    "side": "Server",
    "dependsOn": [{ "modid": "combatoverhaul" }],
    "file": "pantherinae:entities/land/pantherinae-neofelis-adult",
    "op": "add",
    "path": "/server/behaviors/-",
    "value": {
      "code": "CombatOverhaul:EntityColliders",
      "elementsByType": {
        "*": {
          "Torso": ["Body", "Abdomen", "Hip", "Right Shoulder", "Left Shoulder"],
          "Head": ["Head", "Nose bridge", "Right jaw", "Left jaw"],
          "Arm": ["Left Upper Arm", "Left Lower Arm", "Left Hand", "Right Upper Arm", "Right Lower Arm", "Right Hand"],
          "Leg": ["Left Upper Leg", "Left Lower Leg", "Left Foot", "Right Upper Leg", "Right Lower Leg", "Right Foot"],
          "Critical": ["Neck", "Neck Upper"],
          "Resistant": []
        }
      }
    }
  },
  {
    "side": "Server",
    "dependsOn": [{ "modid": "combatoverhaul" }],
    "file": "pantherinae:entities/land/pantherinae-neofelis-adult",
    "op": "add",
    "path": "/server/behaviors/-",
    "value": {
      "code": "CombatOverhaul:EntityDamageModel",
      "damageModel": {
        "TorsoDamageMultiplier": 1,
        "LimbsDamageMultiplier": 0.75,
        "HeadDamageMultiplier": 1.5,
        "CriticalDamageMultiplier": 2,
        "DefaultResists": {"BluntAttack": 0, "SlashingAttack": 0, "PiercingAttack": 0}
      }
    }
  },
  {
    "side": "Server",
    "dependsOn": [{ "modid": "combatoverhaul" }],
    "file": "pantherinae:entities/land/pantherinae-neofelis-adult",
    "op": "add",
    "path": "/client/behaviors/-",
    "value": {
      "code": "CombatOverhaul:EntityDamageModel",
      "damageModel": {
        "TorsoDamageMultiplier": 1,
        "LimbsDamageMultiplier": 0.75,
        "HeadDamageMultiplier": 1.5,
        "CriticalDamageMultiplier": 2,
        "DefaultResists": {"BluntAttack": 0, "SlashingAttack": 0, "PiercingAttack": 0}
      }
    }
  },
  {"side": "Server", "dependsOn": [{ "modid": "combatoverhaul" }], "file": "pantherinae:entities/land/pantherinae-neofelis-adult", "op": "replace", "path": "/server/behaviors/10/aitasks/0/damageType", "value": "SlashingAttack"},
  {"side": "Server", "dependsOn": [{ "modid": "combatoverhaul" }], "file": "pantherinae:entities/land/pantherinae-neofelis-adult", "op": "replace", "path": "/server/behaviors/10/aitasks/0/damageTierByType", "value": {"*": 1}},
  {"side": "Server", "dependsOn": [{ "modid": "combatoverhaul" }], "file": "pantherinae:entities/land/pantherinae-neofelis-adult", "op": "replace", "path": "/server/behaviors/10/aitasks/1/damageType", "value": "SlashingAttack"},
  {"side": "Server", "dependsOn": [{ "modid": "combatoverhaul" }], "file": "pantherinae:entities/land/pantherinae-neofelis-adult", "op": "replace", "path": "/server/behaviors/10/aitasks/1/damageTierByType", "value": {"*": 1}}
]