﻿{
    "ingredientPattern": "TC,S_",
    "requiresTrait": "cutthroat",
    "ingredients": {
        "T": {
            "type": "item",
            "code": "knifehead-dao"
        },
        "S": {
            "type": "item",
            "code": "game:stick"
        },
        "C": {
            "type": "item",
            "code": "game:charcoal"
        }
    },
    "width": 2,
    "height": 2,
    "output": {
        "type": "item",
        "code": "knife-gaolbird",
        "quantity": 1
    }
}