{
    "ingredientPattern": "DBM,BFB,MBD",
    "ingredients": {
        "F": {
            "type": "item",
            "code": "game:fat"
        },
        "M": {
            "type": "item",
            "code": "game:*-cooked",
            "allowedVariants": [ "redmeat" ]
        },
        "B": {
            "type": "item",
            "code": "game:fruit-*"
        },
        "D": {
            "type": "item",
            "code": "game:fruit-*",
            "quantity": 2
        }
    },
    "width": 3,
    "height": 3,
    "output": {
        "type": "item",
        "code": "vanillaplusclasses:pemmican-basic",
        "quantity": 1
    }
}