{
	"ingredientPattern": "PRP,PLP,PBP",
	"requiresTrait": "frugal",
	"ingredients": {
		"P": {
			"type": "item",
			"code": "game:plank-*",
			"quantity": 2
		},
		"R": {
			"type": "item",
			"code": "game:rope",
			"quantity": 2
		},
		"L": {
			"type": "item",
			"code": "game:powder-iron-oxide",
			"quantity": 12
		},
		"B": {
			"type": "item",
			"code": "game:blastingpowder",
			"quantity": 24
		}
	},
	"name": "powderkeg",
	"width": 3,
	"height": 3,
	"shapeless": false,
	"output": {
		"type": "block",
		"code": "vanillaplusclasses:bomb-powderkeg",
		"quantity": 1
	}
}