[
  {
    "ingredientPattern": "B_,TS,B_",
    "ingredients": {
      "B": { "type": "item", "code": "game:plank-*", "quantity": 2, "name": "wood" },
      "T": { "type": "item", "code": "game:saw-*", "isTool": true, "toolDurabilityCost": 2 },
      "S": { "type": "item", "code": "game:stick", "quantity": 4 }
    },
    "width": 2, "height": 3, "recipeGroup": 1,
    "output": {
      "type": "block",
      "code": "hatrack-normal-east",
      "attributes": {
        "PSAttributes": {
          "wood": "{wood}"
        }
      }
    }
  }
]
