[
  {
    "ingredientPattern": "PSP,GNG,PPP",
    "ingredients": {
      "P": { "type": "item", "code": "game:plank-*", "quantity": 3, "name": "wood" },
      "S": { "type": "item", "code": "game:stick", "quantity": 8 },
      "N": { "type": "item", "code": "game:metalnailsandstrips-*" },
      "G": { "type": "block", "code": "game:glass-*" }
    },
    "width": 3, "height": 3, "recipeGroup": 1,
    "output": {
      "type": "block",
      "code": "wardrobe-normal-east",
      "attributes": {
        "PSAttributes": {
          "wood": "{wood}"
        }
      }
    }
  },
  {
    "ingredientPattern": "PSP,XTX,PPP",
    "ingredients": {
      "S": { "type": "item", "code": "game:stick", "quantity": 8 },
      "X": { "type": "item", "code": "game:stick", "quantity": 5 },
      "P": { "type": "item", "code": "game:plank-*", "quantity": 3, "name": "wood" },
      "T": { "type": "item", "code": "game:saw-*", "isTool": true, "toolDurabilityCost": 2 }
    },
    "width": 3, "height": 3, "recipeGroup": 1,
    "output": {
      "type": "block",
      "code": "wardrobe-wooden-east",
      "attributes": {
        "PSAttributes": {
          "wood": "{wood}"
        }
      }
    }
  }
]
