[
	{
		"ingredientPattern": "BG_,PPP",
	   	"ingredients": {
	   	"B": { "allowedVariants": [
				"bismuth",
				"bismuthbronze",
				"blackbronze",
				"brass",
				"copper",
				"gold",
				"iron",
				"meteoriciron",
				"nickel",
				"silver",
				"steel",
				"tin",
				"tinbronze"
			],
		"type": "item", "name": "metal", "code": "game:ingot-*", "quantity": 1 },
	   	"G": { "type": "Block", "code": "game:glass-plain", "quantity": 1 },
	   	"P": { "type": "item", "name": "wood", "code": "game:plank-kapok", "quantity": 2 },
	},
	   	"width": 3,
	   	"height": 2,
	   	"output": { "type": "block", "code": "decor:doublewoodsink-kapok-{metal}-north", "quantity": 1 }
	}
]