{"GameVersion":"1.20.3","SizeX":3,"SizeY":1,"SizeZ":3,"BlockCodes":{"6179":"game:rock-granite","3920":"game:crackedrock-granite","8606":"game:clutter"},"ItemCodes":{},"Indices":[0,1024,2048,1,1025,2049,2,1026,2050],"BlockIds":[6179,6179,6179,3920,8606,6179,6179,3920,6179],"DecorIndices":[],"DecorIds":[],"BlockEntities":{"1025":"!<d@[F*LgF#64c-E,TfC!rr<$!<d@[F*^C,#64o6@VfsmCI<#NAHu^]F`__:EWlSfH#R='CggjbATBA2B4YU.\":&scFCB9&=9&=$!!EUFATMNNDJ*csgCMCj\":&scFCB9&=o\\O&!!rsADes6$@ru9m!!E[MAT2'lE`7'gFCbFP!!!-,De<U&ATV#S!!!!%#B+3dF(KGrz\":&jWAohO*=o\\O&!!!"},"Entities":[],"ReplaceMode":2,"EntranceRotation":-1,"OriginalPos":{"X":516183,"Z":513095,"InternalY":3}}