[
	{
		"ingredientPattern": "_N_,LPL,S_H",
		"ingredients": {
			"S": { "type": "item", "code": "game:knife-*", "isTool": true  },
			"H": { "type": "item", "code": "game:hammer-*", "isTool": true  },
			"P": { "type": "item", "code": "game:plank-*"},
			"L": { "type": "item", "code": "game:leather-*"},
			"N": { "type": "item", "code": "game:metalnailsandstrips-*", "quantity":4}
		},
		"name": "unicornsaddle",
		"width": 3,
		"height": 3,
		"output": { "type": "item", "code": "monoceros:unicornwearable-middleback-saddle1", "quantity": 1 }
	},
	{
		"ingredientPattern": "KB_,RPR",
		"ingredients": {
			"K": { "type": "item", "code": "game:knife-*", "isTool": true  },
			"B": { "type": "item", "code": "game:hoovedwearables-blanket-*"},
			"R": { "type": "item", "code": "game:rope", "quantity": 2},
			"P":{ "type": "item", "code": "game:hide-pelt-small","quantity": 4}
		},
		"name": "unicornsaddle",
		"width": 3,
		"height": 2,
		"output": { "type": "item", "code": "monoceros:unicornwearable-middleback-saddlepelt", "quantity": 1 }
	},
	{
		"ingredientPattern": "KB_,RPR",
		"ingredients": {
			"K": { "type": "item", "code": "game:knife-*", "isTool": true  },
			"B": { "type": "item", "code": "game:hoovedwearables-blanket-*"},
			"R": { "type": "item", "code": "game:rope", "quantity": 2},
			"P":{ "type": "item", "code": "game:hide-pelt-medium","quantity": 3}
		},
		"name": "unicornsaddle",
		"width": 3,
		"height": 2,
		"output": { "type": "item", "code": "monoceros:unicornwearable-middleback-saddlepelt", "quantity": 1 }
	},
	{
		"ingredientPattern": "KB_,RPR",
		"ingredients": {
			"K": { "type": "item", "code": "game:knife-*", "isTool": true  },
			"B": { "type": "item", "code": "game:hoovedwearables-blanket-*"},
			"R": { "type": "item", "code": "game:rope", "quantity": 2},
			"P":{ "type": "item", "code": "game:hide-pelt-large","quantity": 2}
		},
		"name": "unicornsaddle",
		"width": 3,
		"height": 2,
		"output": { "type": "item", "code": "monoceros:unicornwearable-middleback-saddlepelt", "quantity": 1 }
	},
	{
		"ingredientPattern": "KB_,RPR",
		"ingredients": {
			"K": { "type": "item", "code": "game:knife-*", "isTool": true  },
			"B": { "type": "item", "code": "game:hoovedwearables-blanket-*"},
			"R": { "type": "item", "code": "game:rope", "quantity": 2},
			"P":{ "type": "item", "code": "game:hide-pelt-huge","quantity": 1}
		},
		"name": "unicornsaddle",
		"width": 3,
		"height": 2,
		"output": { "type": "item", "code": "monoceros:unicornwearable-middleback-saddlepelt", "quantity": 1 }
	},
	{
		"ingredientPattern": "_N_,SLH",
		"ingredients": {
			"S": { "type": "item", "code": "game:knife-*", "isTool": true  },
			"H": { "type": "item", "code": "game:hammer-*", "isTool": true  },
			"L": { "type": "item", "code": "game:leather-*"},
			"N": { "type": "item", "code": "game:metalnailsandstrips-*","quantity":2}
		},
		"name": "unicornbridle",
		"width": 3,
		"height": 2,
		"output": { "type": "item", "code": "monoceros:unicornwearable-head-bridle1", "quantity": 1 }
	},
	{
		"ingredientPattern": "_L_,SNH",
		"ingredients": {
			"S": { "type": "item", "code": "game:knife-*", "isTool": true  },
			"H": { "type": "item", "code": "game:hammer-*", "isTool": true  },
			"L": { "type": "item", "code": "game:leather-*"},
			"N": { "type": "item", "code": "game:metalnailsandstrips-*", "quantity":2}
		},
		"name": "unicornbridle",
		"width": 3,
		"height": 2,
		"output": { "type": "item", "code": "monoceros:unicornwearable-head-bridle2", "quantity": 1 }
	},
	{
		"ingredientPattern": "_R_,RRR",
		"ingredients": {
			"R": { "type": "item", "code": "game:rope"}
		},
		"name": "unicornbridle",
		"width": 3,
		"height": 2,
		"output": { "type": "item", "code": "monoceros:unicornwearable-head-bridlerope", "quantity": 1 }
	}
]
