{
	"textures": {
		"small": "game:block/plant/barrelcactus/small",
		"tiny": "game:block/plant/barrelcactus/tiny",
		"medium": "game:block/plant/barrelcactus/medium"
	},
	"elements": [
		{
			"name": "origin",
			"from": [ 8.0, 0.0, 8.0 ], 
			"to": [ 8.0, 0.0, 8.0 ], 
			"rotationOrigin": [ 8.0, 0.0, 8.0 ],
			"faces": {
				"north": { "texture": "#null", "uv": [ 0.0, 0.0, 0.5, 0.5 ], "enabled": false },
				"east": { "texture": "#null", "uv": [ 0.0, 0.0, 0.5, 0.5 ] },
				"south": { "texture": "#null", "uv": [ 0.0, 0.0, 0.5, 0.5 ] },
				"west": { "texture": "#null", "uv": [ 0.0, 0.0, 0.5, 0.5 ] },
				"up": { "texture": "#null", "uv": [ 0.0, 0.0, 0.5, 0.5 ] },
				"down": { "texture": "#null", "uv": [ 0.0, 0.0, 0.5, 0.5 ] }
			},
			"children": [
				{
					"name": "tiny42",
					"from": [ 2.1, 0.0, 2.0 ], 
					"to": [ 4.1, 2.0, 4.0 ], 
					"rotationOrigin": [ 3.1, 0.0, 3.0 ],
					"rotationY": -14.0,
					"faces": {
						"north": { "texture": "#small", "uv": [ 4.5, 2.5, 6.5, 4.5 ] },
						"east": { "texture": "#small", "uv": [ 0.0, 3.0, 2.0, 5.0 ] },
						"south": { "texture": "#small", "uv": [ 2.5, 4.5, 4.5, 6.5 ] },
						"west": { "texture": "#small", "uv": [ 3.5, 3.0, 5.5, 5.0 ] },
						"up": { "texture": "#small", "uv": [ 1.5, 12.5, 3.5, 14.5 ] },
						"down": { "texture": "#small", "uv": [ 5.0, 13.0, 7.0, 15.0 ] }
					},
					"children": [
						{
							"name": "spike 43",
							"from": [ 1.0, 0.0, -1.0 ], 
							"to": [ 1.0, 4.0, 3.0 ], 
							"shade": false,
							"renderPass": 2,
							"rotationOrigin": [ 1.0, 0.0, 1.0 ],
							"faces": {
								"north": { "texture": "#tiny", "uv": [ 0.0, 0.0, 0.5, 4.0 ], "enabled": false },
								"east": { "texture": "#tiny", "uv": [ 12.0, 12.0, 16.0, 16.0 ] },
								"south": { "texture": "#tiny", "uv": [ 0.0, 0.0, 0.5, 4.0 ], "enabled": false },
								"west": { "texture": "#tiny", "uv": [ 0.0, 0.0, 4.0, 4.0 ], "enabled": false },
								"up": { "texture": "#tiny", "uv": [ 0.0, 0.0, 0.5, 4.0 ], "enabled": false },
								"down": { "texture": "#tiny", "uv": [ 0.0, 0.0, 0.5, 4.0 ], "enabled": false }
							}
						},
						{
							"name": "spike 44",
							"from": [ 1.0, 0.0, -1.0 ], 
							"to": [ 1.0, 4.0, 3.0 ], 
							"shade": false,
							"renderPass": 2,
							"rotationOrigin": [ 1.0, 0.0, 1.0 ],
							"rotationY": 90.0,
							"faces": {
								"north": { "texture": "#tiny", "uv": [ 0.0, 0.0, 0.5, 4.0 ], "enabled": false },
								"east": { "texture": "#tiny", "uv": [ 12.0, 12.0, 16.0, 16.0 ] },
								"south": { "texture": "#tiny", "uv": [ 0.0, 0.0, 0.5, 4.0 ], "enabled": false },
								"west": { "texture": "#tiny", "uv": [ 0.0, 0.0, 4.0, 4.0 ], "enabled": false },
								"up": { "texture": "#tiny", "uv": [ 0.0, 0.0, 0.5, 4.0 ], "enabled": false },
								"down": { "texture": "#tiny", "uv": [ 0.0, 0.0, 0.5, 4.0 ], "enabled": false }
							}
						},
						{
							"name": "spike 45",
							"from": [ 1.0, 0.0, -1.0 ], 
							"to": [ 1.0, 4.0, 3.0 ], 
							"shade": false,
							"renderPass": 2,
							"rotationOrigin": [ 1.0, 0.0, 1.0 ],
							"rotationY": 135.0,
							"faces": {
								"north": { "texture": "#tiny", "uv": [ 0.0, 0.0, 0.5, 4.0 ], "enabled": false },
								"east": { "texture": "#tiny", "uv": [ 12.0, 12.0, 16.0, 16.0 ] },
								"south": { "texture": "#tiny", "uv": [ 0.0, 0.0, 0.5, 4.0 ], "enabled": false },
								"west": { "texture": "#tiny", "uv": [ 0.0, 0.0, 4.0, 4.0 ], "enabled": false },
								"up": { "texture": "#tiny", "uv": [ 0.0, 0.0, 0.5, 4.0 ], "enabled": false },
								"down": { "texture": "#tiny", "uv": [ 0.0, 0.0, 0.5, 4.0 ], "enabled": false }
							}
						},
						{
							"name": "spike 46",
							"from": [ 1.0, 0.0, -1.0 ], 
							"to": [ 1.0, 4.0, 3.0 ], 
							"shade": false,
							"renderPass": 2,
							"rotationOrigin": [ 1.0, 0.0, 1.0 ],
							"rotationY": 45.0,
							"faces": {
								"north": { "texture": "#tiny", "uv": [ 0.0, 0.0, 0.5, 4.0 ], "enabled": false },
								"east": { "texture": "#tiny", "uv": [ 12.0, 12.0, 16.0, 16.0 ] },
								"south": { "texture": "#tiny", "uv": [ 0.0, 0.0, 0.5, 4.0 ], "enabled": false },
								"west": { "texture": "#tiny", "uv": [ 0.0, 0.0, 4.0, 4.0 ], "enabled": false },
								"up": { "texture": "#tiny", "uv": [ 0.0, 0.0, 0.5, 4.0 ], "enabled": false },
								"down": { "texture": "#tiny", "uv": [ 0.0, 0.0, 0.5, 4.0 ], "enabled": false }
							}
						}
					]
				},
				{
					"name": "tiny",
					"from": [ -3.5, 0.0, -4.5 ], 
					"to": [ -1.5, 2.0, -2.5 ], 
					"rotationOrigin": [ -2.5, 0.0, -3.5 ],
					"rotationY": -28.0,
					"faces": {
						"north": { "texture": "#small", "uv": [ 4.5, 2.5, 6.5, 4.5 ] },
						"east": { "texture": "#small", "uv": [ 0.0, 3.0, 2.0, 5.0 ] },
						"south": { "texture": "#small", "uv": [ 2.5, 4.5, 4.5, 6.5 ] },
						"west": { "texture": "#small", "uv": [ 3.5, 3.0, 5.5, 5.0 ] },
						"up": { "texture": "#small", "uv": [ 1.5, 12.5, 3.5, 14.5 ] },
						"down": { "texture": "#small", "uv": [ 5.0, 13.0, 7.0, 15.0 ] }
					},
					"children": [
						{
							"name": "spike 1",
							"from": [ 1.0, 0.0, -1.0 ], 
							"to": [ 1.0, 4.0, 3.0 ], 
							"shade": false,
							"renderPass": 2,
							"rotationOrigin": [ 1.0, 0.0, 1.0 ],
							"faces": {
								"north": { "texture": "#tiny", "uv": [ 0.0, 0.0, 0.5, 4.0 ], "enabled": false },
								"east": { "texture": "#tiny", "uv": [ 12.0, 12.0, 16.0, 16.0 ] },
								"south": { "texture": "#tiny", "uv": [ 0.0, 0.0, 0.5, 4.0 ], "enabled": false },
								"west": { "texture": "#tiny", "uv": [ 0.0, 0.0, 4.0, 4.0 ], "enabled": false },
								"up": { "texture": "#tiny", "uv": [ 0.0, 0.0, 0.5, 4.0 ], "enabled": false },
								"down": { "texture": "#tiny", "uv": [ 0.0, 0.0, 0.5, 4.0 ], "enabled": false }
							}
						},
						{
							"name": "spike 2",
							"from": [ 1.0, 0.0, -1.0 ], 
							"to": [ 1.0, 4.0, 3.0 ], 
							"shade": false,
							"renderPass": 2,
							"rotationOrigin": [ 1.0, 0.0, 1.0 ],
							"rotationY": 90.0,
							"faces": {
								"north": { "texture": "#tiny", "uv": [ 0.0, 0.0, 0.5, 4.0 ], "enabled": false },
								"east": { "texture": "#tiny", "uv": [ 12.0, 12.0, 16.0, 16.0 ] },
								"south": { "texture": "#tiny", "uv": [ 0.0, 0.0, 0.5, 4.0 ], "enabled": false },
								"west": { "texture": "#tiny", "uv": [ 0.0, 0.0, 4.0, 4.0 ], "enabled": false },
								"up": { "texture": "#tiny", "uv": [ 0.0, 0.0, 0.5, 4.0 ], "enabled": false },
								"down": { "texture": "#tiny", "uv": [ 0.0, 0.0, 0.5, 4.0 ], "enabled": false }
							}
						},
						{
							"name": "spike 3",
							"from": [ 1.0, 0.0, -1.0 ], 
							"to": [ 1.0, 4.0, 3.0 ], 
							"shade": false,
							"renderPass": 2,
							"rotationOrigin": [ 1.0, 0.0, 1.0 ],
							"rotationY": 135.0,
							"faces": {
								"north": { "texture": "#tiny", "uv": [ 0.0, 0.0, 0.5, 4.0 ], "enabled": false },
								"east": { "texture": "#tiny", "uv": [ 12.0, 12.0, 16.0, 16.0 ] },
								"south": { "texture": "#tiny", "uv": [ 0.0, 0.0, 0.5, 4.0 ], "enabled": false },
								"west": { "texture": "#tiny", "uv": [ 0.0, 0.0, 4.0, 4.0 ], "enabled": false },
								"up": { "texture": "#tiny", "uv": [ 0.0, 0.0, 0.5, 4.0 ], "enabled": false },
								"down": { "texture": "#tiny", "uv": [ 0.0, 0.0, 0.5, 4.0 ], "enabled": false }
							}
						},
						{
							"name": "spike 4",
							"from": [ 1.0, 0.0, -1.0 ], 
							"to": [ 1.0, 4.0, 3.0 ], 
							"shade": false,
							"renderPass": 2,
							"rotationOrigin": [ 1.0, 0.0, 1.0 ],
							"rotationY": 45.0,
							"faces": {
								"north": { "texture": "#tiny", "uv": [ 0.0, 0.0, 0.5, 4.0 ], "enabled": false },
								"east": { "texture": "#tiny", "uv": [ 12.0, 12.0, 16.0, 16.0 ] },
								"south": { "texture": "#tiny", "uv": [ 0.0, 0.0, 0.5, 4.0 ], "enabled": false },
								"west": { "texture": "#tiny", "uv": [ 0.0, 0.0, 4.0, 4.0 ], "enabled": false },
								"up": { "texture": "#tiny", "uv": [ 0.0, 0.0, 0.5, 4.0 ], "enabled": false },
								"down": { "texture": "#tiny", "uv": [ 0.0, 0.0, 0.5, 4.0 ], "enabled": false }
							}
						}
					]
				},
				{
					"name": "small",
					"from": [ -4.2, 0.0, 1.0 ], 
					"to": [ -1.2, 3.0, 4.0 ], 
					"rotationOrigin": [ -2.7, 0.0, 2.5 ],
					"rotationY": -15.0,
					"faces": {
						"north": { "texture": "#small", "uv": [ 4.5, 1.5, 7.5, 4.5 ] },
						"east": { "texture": "#small", "uv": [ 0.5, 1.0, 3.5, 4.0 ] },
						"south": { "texture": "#small", "uv": [ 2.5, 1.5, 5.5, 4.5 ] },
						"west": { "texture": "#small", "uv": [ 3.5, 1.5, 6.5, 4.5 ] },
						"up": { "texture": "#small", "uv": [ 1.0, 12.0, 4.0, 15.0 ] },
						"down": { "texture": "#small", "uv": [ 5.0, 13.0, 8.0, 16.0 ] }
					},
					"children": [
						{
							"name": "N",
							"from": [ 0.5, 0.5, -0.5 ], 
							"to": [ 2.5, 2.5, 0.0 ], 
							"rotationOrigin": [ 0.5, 0.5, -0.5 ],
							"faces": {
								"north": { "texture": "#small", "uv": [ 4.0, 2.5, 6.0, 4.5 ] },
								"east": { "texture": "#small", "uv": [ 0.0, 0.0, 0.5, 2.0 ] },
								"south": { "texture": "#small", "uv": [ 0.0, 0.0, 2.0, 2.0 ], "enabled": false },
								"west": { "texture": "#small", "uv": [ 0.0, 0.0, 0.5, 2.0 ] },
								"up": { "texture": "#small", "uv": [ 3.5, 2.0, 5.5, 2.5 ] },
								"down": { "texture": "#small", "uv": [ 2.0, 7.0, 4.0, 7.5 ] }
							}
						},
						{
							"name": "S",
							"from": [ 0.5, 0.5, 3.0 ], 
							"to": [ 2.5, 2.5, 3.5 ], 
							"rotationOrigin": [ 0.5, 0.5, 3.0 ],
							"faces": {
								"north": { "texture": "#small", "uv": [ 0.0, 0.0, 2.0, 2.0 ], "enabled": false },
								"east": { "texture": "#small", "uv": [ 0.0, 0.0, 0.5, 2.0 ] },
								"south": { "texture": "#small", "uv": [ 5.0, 2.5, 7.0, 4.5 ] },
								"west": { "texture": "#small", "uv": [ 3.0, 2.0, 3.5, 4.0 ] },
								"up": { "texture": "#small", "uv": [ 2.0, 2.0, 4.0, 2.5 ] },
								"down": { "texture": "#small", "uv": [ 4.5, 5.5, 6.5, 6.0 ] }
							}
						},
						{
							"name": "W",
							"from": [ -0.5, 0.5, 0.5 ], 
							"to": [ 0.0, 2.5, 2.5 ], 
							"rotationOrigin": [ -0.5, 0.5, 0.5 ],
							"faces": {
								"north": { "texture": "#small", "uv": [ 1.0, 1.5, 1.5, 3.5 ] },
								"east": { "texture": "#small", "uv": [ 3.5, 3.5, 5.5, 5.5 ], "enabled": false },
								"south": { "texture": "#small", "uv": [ 0.0, 0.0, 0.5, 2.0 ] },
								"west": { "texture": "#small", "uv": [ 3.0, 3.0, 5.0, 5.0 ] },
								"up": { "texture": "#small", "uv": [ 3.0, 2.0, 5.0, 2.5 ], "rotation": 90 },
								"down": { "texture": "#small", "uv": [ 2.0, 4.5, 4.0, 5.0 ], "rotation": 90 }
							}
						},
						{
							"name": "E",
							"from": [ 3.0, 0.5, 0.5 ], 
							"to": [ 3.5, 2.5, 2.5 ], 
							"rotationOrigin": [ 3.0, 0.5, 0.5 ],
							"faces": {
								"north": { "texture": "#small", "uv": [ 2.0, 2.0, 2.5, 4.0 ] },
								"east": { "texture": "#small", "uv": [ 1.0, 2.0, 3.0, 4.0 ] },
								"south": { "texture": "#small", "uv": [ 4.0, 1.5, 4.5, 3.5 ] },
								"west": { "texture": "#small", "uv": [ 0.0, 0.0, 2.0, 2.0 ], "enabled": false },
								"up": { "texture": "#small", "uv": [ 1.5, 1.5, 3.5, 2.0 ], "rotation": 90 },
								"down": { "texture": "#small", "uv": [ 2.5, 5.0, 4.5, 5.5 ], "rotation": 90 }
							}
						},
						{
							"name": "spike 1",
							"from": [ 1.5, -0.5, -1.5 ], 
							"to": [ 1.5, 3.5, 4.5 ], 
							"shade": false,
							"renderPass": 2,
							"rotationOrigin": [ 1.5, -0.5, 1.5 ],
							"faces": {
								"north": { "texture": "#small", "uv": [ 0.0, 0.0, 0.5, 4.0 ], "enabled": false },
								"east": { "texture": "#small", "uv": [ 10.0, 11.0, 16.0, 15.0 ] },
								"south": { "texture": "#small", "uv": [ 0.0, 0.0, 0.5, 4.0 ], "enabled": false },
								"west": { "texture": "#small", "uv": [ 0.0, 0.0, 6.0, 4.0 ], "enabled": false },
								"up": { "texture": "#small", "uv": [ 0.0, 0.0, 0.5, 6.0 ], "enabled": false },
								"down": { "texture": "#small", "uv": [ 0.0, 0.0, 0.5, 6.0 ], "enabled": false }
							}
						},
						{
							"name": "spike 2",
							"from": [ 1.5, -0.5, -1.5 ], 
							"to": [ 1.5, 3.5, 4.5 ], 
							"shade": false,
							"renderPass": 2,
							"rotationOrigin": [ 1.5, -0.5, 1.5 ],
							"rotationY": 90.0,
							"faces": {
								"north": { "texture": "#small", "uv": [ 0.0, 0.0, 0.5, 4.0 ], "enabled": false },
								"east": { "texture": "#small", "uv": [ 10.0, 11.0, 16.0, 15.0 ] },
								"south": { "texture": "#small", "uv": [ 0.0, 0.0, 0.5, 4.0 ], "enabled": false },
								"west": { "texture": "#small", "uv": [ 0.0, 0.0, 6.0, 4.0 ], "enabled": false },
								"up": { "texture": "#small", "uv": [ 0.0, 0.0, 0.5, 6.0 ], "enabled": false },
								"down": { "texture": "#small", "uv": [ 0.0, 0.0, 0.5, 6.0 ], "enabled": false }
							}
						},
						{
							"name": "spike 3",
							"from": [ 1.5, -0.5, -1.5 ], 
							"to": [ 1.5, 3.5, 4.5 ], 
							"shade": false,
							"renderPass": 2,
							"rotationOrigin": [ 1.5, -0.5, 1.5 ],
							"rotationY": 135.0,
							"faces": {
								"north": { "texture": "#small", "uv": [ 0.0, 0.0, 0.5, 4.0 ], "enabled": false },
								"east": { "texture": "#small", "uv": [ 10.0, 11.0, 16.0, 15.0 ] },
								"south": { "texture": "#small", "uv": [ 0.0, 0.0, 0.5, 4.0 ], "enabled": false },
								"west": { "texture": "#small", "uv": [ 0.0, 0.0, 6.0, 4.0 ], "enabled": false },
								"up": { "texture": "#small", "uv": [ 0.0, 0.0, 0.5, 6.0 ], "enabled": false },
								"down": { "texture": "#small", "uv": [ 0.0, 0.0, 0.5, 6.0 ], "enabled": false }
							}
						},
						{
							"name": "spike 4",
							"from": [ 1.5, -0.5, -1.5 ], 
							"to": [ 1.5, 3.5, 4.5 ], 
							"shade": false,
							"renderPass": 2,
							"rotationOrigin": [ 1.5, -0.5, 1.5 ],
							"rotationY": 45.0,
							"faces": {
								"north": { "texture": "#small", "uv": [ 0.0, 0.0, 0.5, 4.0 ], "enabled": false },
								"east": { "texture": "#small", "uv": [ 10.0, 11.0, 16.0, 15.0 ] },
								"south": { "texture": "#small", "uv": [ 0.0, 0.0, 0.5, 4.0 ], "enabled": false },
								"west": { "texture": "#small", "uv": [ 0.0, 0.0, 6.0, 4.0 ], "enabled": false },
								"up": { "texture": "#small", "uv": [ 0.0, 0.0, 0.5, 6.0 ], "enabled": false },
								"down": { "texture": "#small", "uv": [ 0.0, 0.0, 0.5, 6.0 ], "enabled": false }
							}
						}
					]
				},
				{
					"name": "medium",
					"from": [ -0.5, 0.0, -2.5 ], 
					"to": [ 2.5, 4.0, 0.5 ], 
					"rotationOrigin": [ 1.0, 0.0, -1.0 ],
					"rotationY": 22.0,
					"faces": {
						"north": { "texture": "#medium", "uv": [ 4.5, 1.5, 7.5, 5.5 ] },
						"east": { "texture": "#medium", "uv": [ 0.5, 1.0, 3.5, 5.0 ] },
						"south": { "texture": "#medium", "uv": [ 2.5, 1.5, 5.5, 5.5 ] },
						"west": { "texture": "#medium", "uv": [ 3.5, 1.5, 6.5, 5.5 ] },
						"up": { "texture": "#medium", "uv": [ 1.0, 12.0, 4.0, 15.0 ] },
						"down": { "texture": "#medium", "uv": [ 5.0, 13.0, 8.0, 16.0 ] }
					},
					"children": [
						{
							"name": "N",
							"from": [ 0.5, 0.5, -0.5 ], 
							"to": [ 2.5, 3.5, 0.0 ], 
							"rotationOrigin": [ 0.5, 0.5, -0.5 ],
							"faces": {
								"north": { "texture": "#medium", "uv": [ 4.0, 2.5, 6.0, 5.5 ] },
								"east": { "texture": "#medium", "uv": [ 0.0, 0.0, 0.5, 3.0 ] },
								"south": { "texture": "#medium", "uv": [ 0.0, 0.0, 2.0, 3.0 ], "enabled": false },
								"west": { "texture": "#medium", "uv": [ 0.0, 0.0, 0.5, 3.0 ] },
								"up": { "texture": "#medium", "uv": [ 3.5, 2.0, 5.5, 2.5 ] },
								"down": { "texture": "#medium", "uv": [ 2.0, 7.0, 4.0, 7.5 ] }
							}
						},
						{
							"name": "S",
							"from": [ 0.5, 0.5, 3.0 ], 
							"to": [ 2.5, 3.5, 3.5 ], 
							"rotationOrigin": [ 0.5, 0.5, 3.0 ],
							"faces": {
								"north": { "texture": "#medium", "uv": [ 0.0, 0.0, 2.0, 3.0 ], "enabled": false },
								"east": { "texture": "#medium", "uv": [ 0.0, 0.0, 0.5, 3.0 ] },
								"south": { "texture": "#medium", "uv": [ 5.0, 2.5, 7.0, 5.5 ] },
								"west": { "texture": "#medium", "uv": [ 3.0, 2.0, 3.5, 5.0 ] },
								"up": { "texture": "#medium", "uv": [ 2.0, 2.0, 4.0, 2.5 ] },
								"down": { "texture": "#medium", "uv": [ 4.5, 5.5, 6.5, 6.0 ] }
							}
						},
						{
							"name": "W",
							"from": [ -0.5, 0.5, 0.5 ], 
							"to": [ 0.0, 3.5, 2.5 ], 
							"rotationOrigin": [ -0.5, 0.5, 0.5 ],
							"faces": {
								"north": { "texture": "#medium", "uv": [ 1.0, 1.5, 1.5, 4.5 ] },
								"east": { "texture": "#medium", "uv": [ 3.5, 3.5, 5.5, 6.5 ], "enabled": false },
								"south": { "texture": "#medium", "uv": [ 0.0, 0.0, 0.5, 3.0 ] },
								"west": { "texture": "#medium", "uv": [ 3.0, 3.0, 5.0, 6.0 ] },
								"up": { "texture": "#medium", "uv": [ 3.0, 2.0, 5.0, 2.5 ], "rotation": 90 },
								"down": { "texture": "#medium", "uv": [ 2.0, 4.5, 4.0, 5.0 ], "rotation": 90 }
							}
						},
						{
							"name": "E",
							"from": [ 3.0, 0.5, 0.5 ], 
							"to": [ 3.5, 3.5, 2.5 ], 
							"rotationOrigin": [ 3.0, 0.5, 0.5 ],
							"faces": {
								"north": { "texture": "#medium", "uv": [ 2.0, 2.0, 2.5, 5.0 ] },
								"east": { "texture": "#medium", "uv": [ 1.0, 2.0, 3.0, 5.0 ] },
								"south": { "texture": "#medium", "uv": [ 4.0, 1.5, 4.5, 4.5 ] },
								"west": { "texture": "#medium", "uv": [ 0.0, 0.0, 2.0, 3.0 ], "enabled": false },
								"up": { "texture": "#medium", "uv": [ 1.5, 1.5, 3.5, 2.0 ], "rotation": 90 },
								"down": { "texture": "#medium", "uv": [ 2.5, 5.0, 4.5, 5.5 ], "rotation": 90 }
							}
						},
						{
							"name": "spike 1",
							"from": [ 1.5, 0.0, -1.5 ], 
							"to": [ 1.5, 5.0, 4.5 ], 
							"shade": false,
							"renderPass": 2,
							"rotationOrigin": [ 1.5, 0.0, 1.5 ],
							"faces": {
								"north": { "texture": "#medium", "uv": [ 0.0, 0.0, 0.5, 5.0 ], "enabled": false },
								"east": { "texture": "#medium", "uv": [ 10.0, 11.0, 16.0, 16.0 ] },
								"south": { "texture": "#medium", "uv": [ 0.0, 0.0, 0.5, 5.0 ], "enabled": false },
								"west": { "texture": "#medium", "uv": [ 0.0, 0.0, 6.0, 5.0 ], "enabled": false },
								"up": { "texture": "#medium", "uv": [ 0.0, 0.0, 0.5, 6.0 ], "enabled": false },
								"down": { "texture": "#medium", "uv": [ 0.0, 0.0, 0.5, 6.0 ], "enabled": false }
							}
						},
						{
							"name": "spike 2",
							"from": [ 1.5, 0.0, -1.5 ], 
							"to": [ 1.5, 5.0, 4.5 ], 
							"shade": false,
							"renderPass": 2,
							"rotationOrigin": [ 1.5, 0.0, 1.5 ],
							"rotationY": 90.0,
							"faces": {
								"north": { "texture": "#medium", "uv": [ 0.0, 0.0, 0.5, 5.0 ], "enabled": false },
								"east": { "texture": "#medium", "uv": [ 10.0, 11.0, 16.0, 16.0 ] },
								"south": { "texture": "#medium", "uv": [ 0.0, 0.0, 0.5, 5.0 ], "enabled": false },
								"west": { "texture": "#medium", "uv": [ 0.0, 0.0, 6.0, 5.0 ], "enabled": false },
								"up": { "texture": "#medium", "uv": [ 0.0, 0.0, 0.5, 6.0 ], "enabled": false },
								"down": { "texture": "#medium", "uv": [ 0.0, 0.0, 0.5, 6.0 ], "enabled": false }
							}
						},
						{
							"name": "spike 3",
							"from": [ 1.5, 0.0, -1.5 ], 
							"to": [ 1.5, 5.0, 4.5 ], 
							"shade": false,
							"renderPass": 2,
							"rotationOrigin": [ 1.5, 0.0, 1.5 ],
							"rotationY": 135.0,
							"faces": {
								"north": { "texture": "#medium", "uv": [ 0.0, 0.0, 0.5, 5.0 ], "enabled": false },
								"east": { "texture": "#medium", "uv": [ 10.0, 11.0, 16.0, 16.0 ] },
								"south": { "texture": "#medium", "uv": [ 0.0, 0.0, 0.5, 5.0 ], "enabled": false },
								"west": { "texture": "#medium", "uv": [ 0.0, 0.0, 6.0, 5.0 ], "enabled": false },
								"up": { "texture": "#medium", "uv": [ 0.0, 0.0, 0.5, 6.0 ], "enabled": false },
								"down": { "texture": "#medium", "uv": [ 0.0, 0.0, 0.5, 6.0 ], "enabled": false }
							}
						},
						{
							"name": "spike 4",
							"from": [ 1.5, 0.0, -1.5 ], 
							"to": [ 1.5, 5.0, 4.5 ], 
							"shade": false,
							"renderPass": 2,
							"rotationOrigin": [ 1.5, 0.0, 1.5 ],
							"rotationY": 45.0,
							"faces": {
								"north": { "texture": "#medium", "uv": [ 0.0, 0.0, 0.5, 5.0 ], "enabled": false },
								"east": { "texture": "#medium", "uv": [ 10.0, 11.0, 16.0, 16.0 ] },
								"south": { "texture": "#medium", "uv": [ 0.0, 0.0, 0.5, 5.0 ], "enabled": false },
								"west": { "texture": "#medium", "uv": [ 0.0, 0.0, 6.0, 5.0 ], "enabled": false },
								"up": { "texture": "#medium", "uv": [ 0.0, 0.0, 0.5, 6.0 ], "enabled": false },
								"down": { "texture": "#medium", "uv": [ 0.0, 0.0, 0.5, 6.0 ], "enabled": false }
							}
						}
					]
				}
			]
		},
		{
			"name": "origin30",
			"from": [ 24.0, 0.0, 8.0 ], 
			"to": [ 24.0, 0.0, 8.0 ], 
			"rotationOrigin": [ 24.0, 0.0, 8.0 ],
			"rotationY": -180.0,
			"faces": {
				"north": { "texture": "#null", "uv": [ 0.0, 0.0, 0.5, 0.5 ], "enabled": false },
				"east": { "texture": "#null", "uv": [ 0.0, 0.0, 0.5, 0.5 ] },
				"south": { "texture": "#null", "uv": [ 0.0, 0.0, 0.5, 0.5 ] },
				"west": { "texture": "#null", "uv": [ 0.0, 0.0, 0.5, 0.5 ] },
				"up": { "texture": "#null", "uv": [ 0.0, 0.0, 0.5, 0.5 ] },
				"down": { "texture": "#null", "uv": [ 0.0, 0.0, 0.5, 0.5 ] }
			},
			"children": [
				{
					"name": "tiny31",
					"from": [ 2.1, 0.0, 2.0 ], 
					"to": [ 4.1, 2.0, 4.0 ], 
					"rotationOrigin": [ 3.1, 0.0, 3.0 ],
					"rotationY": -14.0,
					"faces": {
						"north": { "texture": "#small", "uv": [ 4.5, 2.5, 6.5, 4.5 ] },
						"east": { "texture": "#small", "uv": [ 0.0, 3.0, 2.0, 5.0 ] },
						"south": { "texture": "#small", "uv": [ 2.5, 4.5, 4.5, 6.5 ] },
						"west": { "texture": "#small", "uv": [ 3.5, 3.0, 5.5, 5.0 ] },
						"up": { "texture": "#small", "uv": [ 1.5, 12.5, 3.5, 14.5 ] },
						"down": { "texture": "#small", "uv": [ 5.0, 13.0, 7.0, 15.0 ] }
					},
					"children": [
						{
							"name": "spike 32",
							"from": [ 1.0, 0.0, -1.0 ], 
							"to": [ 1.0, 4.0, 3.0 ], 
							"shade": false,
							"renderPass": 2,
							"rotationOrigin": [ 1.0, 0.0, 1.0 ],
							"faces": {
								"north": { "texture": "#tiny", "uv": [ 0.0, 0.0, 0.5, 4.0 ], "enabled": false },
								"east": { "texture": "#tiny", "uv": [ 12.0, 12.0, 16.0, 16.0 ] },
								"south": { "texture": "#tiny", "uv": [ 0.0, 0.0, 0.5, 4.0 ], "enabled": false },
								"west": { "texture": "#tiny", "uv": [ 0.0, 0.0, 4.0, 4.0 ], "enabled": false },
								"up": { "texture": "#tiny", "uv": [ 0.0, 0.0, 0.5, 4.0 ], "enabled": false },
								"down": { "texture": "#tiny", "uv": [ 0.0, 0.0, 0.5, 4.0 ], "enabled": false }
							}
						},
						{
							"name": "spike 33",
							"from": [ 1.0, 0.0, -1.0 ], 
							"to": [ 1.0, 4.0, 3.0 ], 
							"shade": false,
							"renderPass": 2,
							"rotationOrigin": [ 1.0, 0.0, 1.0 ],
							"rotationY": 90.0,
							"faces": {
								"north": { "texture": "#tiny", "uv": [ 0.0, 0.0, 0.5, 4.0 ], "enabled": false },
								"east": { "texture": "#tiny", "uv": [ 12.0, 12.0, 16.0, 16.0 ] },
								"south": { "texture": "#tiny", "uv": [ 0.0, 0.0, 0.5, 4.0 ], "enabled": false },
								"west": { "texture": "#tiny", "uv": [ 0.0, 0.0, 4.0, 4.0 ], "enabled": false },
								"up": { "texture": "#tiny", "uv": [ 0.0, 0.0, 0.5, 4.0 ], "enabled": false },
								"down": { "texture": "#tiny", "uv": [ 0.0, 0.0, 0.5, 4.0 ], "enabled": false }
							}
						},
						{
							"name": "spike 34",
							"from": [ 1.0, 0.0, -1.0 ], 
							"to": [ 1.0, 4.0, 3.0 ], 
							"shade": false,
							"renderPass": 2,
							"rotationOrigin": [ 1.0, 0.0, 1.0 ],
							"rotationY": 135.0,
							"faces": {
								"north": { "texture": "#tiny", "uv": [ 0.0, 0.0, 0.5, 4.0 ], "enabled": false },
								"east": { "texture": "#tiny", "uv": [ 12.0, 12.0, 16.0, 16.0 ] },
								"south": { "texture": "#tiny", "uv": [ 0.0, 0.0, 0.5, 4.0 ], "enabled": false },
								"west": { "texture": "#tiny", "uv": [ 0.0, 0.0, 4.0, 4.0 ], "enabled": false },
								"up": { "texture": "#tiny", "uv": [ 0.0, 0.0, 0.5, 4.0 ], "enabled": false },
								"down": { "texture": "#tiny", "uv": [ 0.0, 0.0, 0.5, 4.0 ], "enabled": false }
							}
						},
						{
							"name": "spike 35",
							"from": [ 1.0, 0.0, -1.0 ], 
							"to": [ 1.0, 4.0, 3.0 ], 
							"shade": false,
							"renderPass": 2,
							"rotationOrigin": [ 1.0, 0.0, 1.0 ],
							"rotationY": 45.0,
							"faces": {
								"north": { "texture": "#tiny", "uv": [ 0.0, 0.0, 0.5, 4.0 ], "enabled": false },
								"east": { "texture": "#tiny", "uv": [ 12.0, 12.0, 16.0, 16.0 ] },
								"south": { "texture": "#tiny", "uv": [ 0.0, 0.0, 0.5, 4.0 ], "enabled": false },
								"west": { "texture": "#tiny", "uv": [ 0.0, 0.0, 4.0, 4.0 ], "enabled": false },
								"up": { "texture": "#tiny", "uv": [ 0.0, 0.0, 0.5, 4.0 ], "enabled": false },
								"down": { "texture": "#tiny", "uv": [ 0.0, 0.0, 0.5, 4.0 ], "enabled": false }
							}
						}
					]
				},
				{
					"name": "tiny36",
					"from": [ -3.5, 0.0, -4.5 ], 
					"to": [ -1.5, 2.0, -2.5 ], 
					"rotationOrigin": [ -2.5, 0.0, -3.5 ],
					"rotationY": -28.0,
					"faces": {
						"north": { "texture": "#small", "uv": [ 4.5, 2.5, 6.5, 4.5 ] },
						"east": { "texture": "#small", "uv": [ 0.0, 3.0, 2.0, 5.0 ] },
						"south": { "texture": "#small", "uv": [ 2.5, 4.5, 4.5, 6.5 ] },
						"west": { "texture": "#small", "uv": [ 3.5, 3.0, 5.5, 5.0 ] },
						"up": { "texture": "#small", "uv": [ 1.5, 12.5, 3.5, 14.5 ] },
						"down": { "texture": "#small", "uv": [ 5.0, 13.0, 7.0, 15.0 ] }
					},
					"children": [
						{
							"name": "spike 37",
							"from": [ 1.0, 0.0, -1.0 ], 
							"to": [ 1.0, 4.0, 3.0 ], 
							"shade": false,
							"renderPass": 2,
							"rotationOrigin": [ 1.0, 0.0, 1.0 ],
							"faces": {
								"north": { "texture": "#tiny", "uv": [ 0.0, 0.0, 0.5, 4.0 ], "enabled": false },
								"east": { "texture": "#tiny", "uv": [ 12.0, 12.0, 16.0, 16.0 ] },
								"south": { "texture": "#tiny", "uv": [ 0.0, 0.0, 0.5, 4.0 ], "enabled": false },
								"west": { "texture": "#tiny", "uv": [ 0.0, 0.0, 4.0, 4.0 ], "enabled": false },
								"up": { "texture": "#tiny", "uv": [ 0.0, 0.0, 0.5, 4.0 ], "enabled": false },
								"down": { "texture": "#tiny", "uv": [ 0.0, 0.0, 0.5, 4.0 ], "enabled": false }
							}
						},
						{
							"name": "spike 38",
							"from": [ 1.0, 0.0, -1.0 ], 
							"to": [ 1.0, 4.0, 3.0 ], 
							"shade": false,
							"renderPass": 2,
							"rotationOrigin": [ 1.0, 0.0, 1.0 ],
							"rotationY": 90.0,
							"faces": {
								"north": { "texture": "#tiny", "uv": [ 0.0, 0.0, 0.5, 4.0 ], "enabled": false },
								"east": { "texture": "#tiny", "uv": [ 12.0, 12.0, 16.0, 16.0 ] },
								"south": { "texture": "#tiny", "uv": [ 0.0, 0.0, 0.5, 4.0 ], "enabled": false },
								"west": { "texture": "#tiny", "uv": [ 0.0, 0.0, 4.0, 4.0 ], "enabled": false },
								"up": { "texture": "#tiny", "uv": [ 0.0, 0.0, 0.5, 4.0 ], "enabled": false },
								"down": { "texture": "#tiny", "uv": [ 0.0, 0.0, 0.5, 4.0 ], "enabled": false }
							}
						},
						{
							"name": "spike 39",
							"from": [ 1.0, 0.0, -1.0 ], 
							"to": [ 1.0, 4.0, 3.0 ], 
							"shade": false,
							"renderPass": 2,
							"rotationOrigin": [ 1.0, 0.0, 1.0 ],
							"rotationY": 135.0,
							"faces": {
								"north": { "texture": "#tiny", "uv": [ 0.0, 0.0, 0.5, 4.0 ], "enabled": false },
								"east": { "texture": "#tiny", "uv": [ 12.0, 12.0, 16.0, 16.0 ] },
								"south": { "texture": "#tiny", "uv": [ 0.0, 0.0, 0.5, 4.0 ], "enabled": false },
								"west": { "texture": "#tiny", "uv": [ 0.0, 0.0, 4.0, 4.0 ], "enabled": false },
								"up": { "texture": "#tiny", "uv": [ 0.0, 0.0, 0.5, 4.0 ], "enabled": false },
								"down": { "texture": "#tiny", "uv": [ 0.0, 0.0, 0.5, 4.0 ], "enabled": false }
							}
						},
						{
							"name": "spike 40",
							"from": [ 1.0, 0.0, -1.0 ], 
							"to": [ 1.0, 4.0, 3.0 ], 
							"shade": false,
							"renderPass": 2,
							"rotationOrigin": [ 1.0, 0.0, 1.0 ],
							"rotationY": 45.0,
							"faces": {
								"north": { "texture": "#tiny", "uv": [ 0.0, 0.0, 0.5, 4.0 ], "enabled": false },
								"east": { "texture": "#tiny", "uv": [ 12.0, 12.0, 16.0, 16.0 ] },
								"south": { "texture": "#tiny", "uv": [ 0.0, 0.0, 0.5, 4.0 ], "enabled": false },
								"west": { "texture": "#tiny", "uv": [ 0.0, 0.0, 4.0, 4.0 ], "enabled": false },
								"up": { "texture": "#tiny", "uv": [ 0.0, 0.0, 0.5, 4.0 ], "enabled": false },
								"down": { "texture": "#tiny", "uv": [ 0.0, 0.0, 0.5, 4.0 ], "enabled": false }
							}
						}
					]
				},
				{
					"name": "small41",
					"from": [ -4.2, 0.0, 1.0 ], 
					"to": [ -1.2, 3.0, 4.0 ], 
					"rotationOrigin": [ -2.7, 0.0, 2.5 ],
					"rotationY": -15.0,
					"faces": {
						"north": { "texture": "#small", "uv": [ 4.5, 1.5, 7.5, 4.5 ] },
						"east": { "texture": "#small", "uv": [ 0.5, 1.0, 3.5, 4.0 ] },
						"south": { "texture": "#small", "uv": [ 2.5, 1.5, 5.5, 4.5 ] },
						"west": { "texture": "#small", "uv": [ 3.5, 1.5, 6.5, 4.5 ] },
						"up": { "texture": "#small", "uv": [ 1.0, 12.0, 4.0, 15.0 ] },
						"down": { "texture": "#small", "uv": [ 5.0, 13.0, 8.0, 16.0 ] }
					},
					"children": [
						{
							"name": "N42",
							"from": [ 0.5, 0.5, -0.5 ], 
							"to": [ 2.5, 2.5, 0.0 ], 
							"rotationOrigin": [ 0.5, 0.5, -0.5 ],
							"faces": {
								"north": { "texture": "#small", "uv": [ 4.0, 2.5, 6.0, 4.5 ] },
								"east": { "texture": "#small", "uv": [ 0.0, 0.0, 0.5, 2.0 ] },
								"south": { "texture": "#small", "uv": [ 0.0, 0.0, 2.0, 2.0 ], "enabled": false },
								"west": { "texture": "#small", "uv": [ 0.0, 0.0, 0.5, 2.0 ] },
								"up": { "texture": "#small", "uv": [ 3.5, 2.0, 5.5, 2.5 ] },
								"down": { "texture": "#small", "uv": [ 2.0, 7.0, 4.0, 7.5 ] }
							}
						},
						{
							"name": "S43",
							"from": [ 0.5, 0.5, 3.0 ], 
							"to": [ 2.5, 2.5, 3.5 ], 
							"rotationOrigin": [ 0.5, 0.5, 3.0 ],
							"faces": {
								"north": { "texture": "#small", "uv": [ 0.0, 0.0, 2.0, 2.0 ], "enabled": false },
								"east": { "texture": "#small", "uv": [ 0.0, 0.0, 0.5, 2.0 ] },
								"south": { "texture": "#small", "uv": [ 5.0, 2.5, 7.0, 4.5 ] },
								"west": { "texture": "#small", "uv": [ 3.0, 2.0, 3.5, 4.0 ] },
								"up": { "texture": "#small", "uv": [ 2.0, 2.0, 4.0, 2.5 ] },
								"down": { "texture": "#small", "uv": [ 4.5, 5.5, 6.5, 6.0 ] }
							}
						},
						{
							"name": "W44",
							"from": [ -0.5, 0.5, 0.5 ], 
							"to": [ 0.0, 2.5, 2.5 ], 
							"rotationOrigin": [ -0.5, 0.5, 0.5 ],
							"faces": {
								"north": { "texture": "#small", "uv": [ 1.0, 1.5, 1.5, 3.5 ] },
								"east": { "texture": "#small", "uv": [ 3.5, 3.5, 5.5, 5.5 ], "enabled": false },
								"south": { "texture": "#small", "uv": [ 0.0, 0.0, 0.5, 2.0 ] },
								"west": { "texture": "#small", "uv": [ 3.0, 3.0, 5.0, 5.0 ] },
								"up": { "texture": "#small", "uv": [ 3.0, 2.0, 5.0, 2.5 ], "rotation": 90 },
								"down": { "texture": "#small", "uv": [ 2.0, 4.5, 4.0, 5.0 ], "rotation": 90 }
							}
						},
						{
							"name": "E45",
							"from": [ 3.0, 0.5, 0.5 ], 
							"to": [ 3.5, 2.5, 2.5 ], 
							"rotationOrigin": [ 3.0, 0.5, 0.5 ],
							"faces": {
								"north": { "texture": "#small", "uv": [ 2.0, 2.0, 2.5, 4.0 ] },
								"east": { "texture": "#small", "uv": [ 1.0, 2.0, 3.0, 4.0 ] },
								"south": { "texture": "#small", "uv": [ 4.0, 1.5, 4.5, 3.5 ] },
								"west": { "texture": "#small", "uv": [ 0.0, 0.0, 2.0, 2.0 ], "enabled": false },
								"up": { "texture": "#small", "uv": [ 1.5, 1.5, 3.5, 2.0 ], "rotation": 90 },
								"down": { "texture": "#small", "uv": [ 2.5, 5.0, 4.5, 5.5 ], "rotation": 90 }
							}
						},
						{
							"name": "spike 47",
							"from": [ 1.5, -0.5, -1.5 ], 
							"to": [ 1.5, 3.5, 4.5 ], 
							"shade": false,
							"renderPass": 2,
							"rotationOrigin": [ 1.5, -0.5, 1.5 ],
							"faces": {
								"north": { "texture": "#small", "uv": [ 0.0, 0.0, 0.5, 4.0 ], "enabled": false },
								"east": { "texture": "#small", "uv": [ 10.0, 11.0, 16.0, 15.0 ] },
								"south": { "texture": "#small", "uv": [ 0.0, 0.0, 0.5, 4.0 ], "enabled": false },
								"west": { "texture": "#small", "uv": [ 0.0, 0.0, 6.0, 4.0 ], "enabled": false },
								"up": { "texture": "#small", "uv": [ 0.0, 0.0, 0.5, 6.0 ], "enabled": false },
								"down": { "texture": "#small", "uv": [ 0.0, 0.0, 0.5, 6.0 ], "enabled": false }
							}
						},
						{
							"name": "spike 47",
							"from": [ 1.5, -0.5, -1.5 ], 
							"to": [ 1.5, 3.5, 4.5 ], 
							"shade": false,
							"renderPass": 2,
							"rotationOrigin": [ 1.5, -0.5, 1.5 ],
							"rotationY": 90.0,
							"faces": {
								"north": { "texture": "#small", "uv": [ 0.0, 0.0, 0.5, 4.0 ], "enabled": false },
								"east": { "texture": "#small", "uv": [ 10.0, 11.0, 16.0, 15.0 ] },
								"south": { "texture": "#small", "uv": [ 0.0, 0.0, 0.5, 4.0 ], "enabled": false },
								"west": { "texture": "#small", "uv": [ 0.0, 0.0, 6.0, 4.0 ], "enabled": false },
								"up": { "texture": "#small", "uv": [ 0.0, 0.0, 0.5, 6.0 ], "enabled": false },
								"down": { "texture": "#small", "uv": [ 0.0, 0.0, 0.5, 6.0 ], "enabled": false }
							}
						},
						{
							"name": "spike 48",
							"from": [ 1.5, -0.5, -1.5 ], 
							"to": [ 1.5, 3.5, 4.5 ], 
							"shade": false,
							"renderPass": 2,
							"rotationOrigin": [ 1.5, -0.5, 1.5 ],
							"rotationY": 135.0,
							"faces": {
								"north": { "texture": "#small", "uv": [ 0.0, 0.0, 0.5, 4.0 ], "enabled": false },
								"east": { "texture": "#small", "uv": [ 10.0, 11.0, 16.0, 15.0 ] },
								"south": { "texture": "#small", "uv": [ 0.0, 0.0, 0.5, 4.0 ], "enabled": false },
								"west": { "texture": "#small", "uv": [ 0.0, 0.0, 6.0, 4.0 ], "enabled": false },
								"up": { "texture": "#small", "uv": [ 0.0, 0.0, 0.5, 6.0 ], "enabled": false },
								"down": { "texture": "#small", "uv": [ 0.0, 0.0, 0.5, 6.0 ], "enabled": false }
							}
						},
						{
							"name": "spike 49",
							"from": [ 1.5, -0.5, -1.5 ], 
							"to": [ 1.5, 3.5, 4.5 ], 
							"shade": false,
							"renderPass": 2,
							"rotationOrigin": [ 1.5, -0.5, 1.5 ],
							"rotationY": 45.0,
							"faces": {
								"north": { "texture": "#small", "uv": [ 0.0, 0.0, 0.5, 4.0 ], "enabled": false },
								"east": { "texture": "#small", "uv": [ 10.0, 11.0, 16.0, 15.0 ] },
								"south": { "texture": "#small", "uv": [ 0.0, 0.0, 0.5, 4.0 ], "enabled": false },
								"west": { "texture": "#small", "uv": [ 0.0, 0.0, 6.0, 4.0 ], "enabled": false },
								"up": { "texture": "#small", "uv": [ 0.0, 0.0, 0.5, 6.0 ], "enabled": false },
								"down": { "texture": "#small", "uv": [ 0.0, 0.0, 0.5, 6.0 ], "enabled": false }
							}
						}
					]
				},
				{
					"name": "medium50",
					"from": [ -0.5, 0.0, -2.5 ], 
					"to": [ 2.5, 4.0, 0.5 ], 
					"rotationOrigin": [ 1.0, 0.0, -1.0 ],
					"rotationY": 22.0,
					"faces": {
						"north": { "texture": "#medium", "uv": [ 4.5, 1.5, 7.5, 5.5 ] },
						"east": { "texture": "#medium", "uv": [ 0.5, 1.0, 3.5, 5.0 ] },
						"south": { "texture": "#medium", "uv": [ 2.5, 1.5, 5.5, 5.5 ] },
						"west": { "texture": "#medium", "uv": [ 3.5, 1.5, 6.5, 5.5 ] },
						"up": { "texture": "#medium", "uv": [ 1.0, 12.0, 4.0, 15.0 ] },
						"down": { "texture": "#medium", "uv": [ 5.0, 13.0, 8.0, 16.0 ] }
					},
					"children": [
						{
							"name": "N51",
							"from": [ 0.5, 0.5, -0.5 ], 
							"to": [ 2.5, 3.5, 0.0 ], 
							"rotationOrigin": [ 0.5, 0.5, -0.5 ],
							"faces": {
								"north": { "texture": "#medium", "uv": [ 4.0, 2.5, 6.0, 5.5 ] },
								"east": { "texture": "#medium", "uv": [ 0.0, 0.0, 0.5, 3.0 ] },
								"south": { "texture": "#medium", "uv": [ 0.0, 0.0, 2.0, 3.0 ], "enabled": false },
								"west": { "texture": "#medium", "uv": [ 0.0, 0.0, 0.5, 3.0 ] },
								"up": { "texture": "#medium", "uv": [ 3.5, 2.0, 5.5, 2.5 ] },
								"down": { "texture": "#medium", "uv": [ 2.0, 7.0, 4.0, 7.5 ] }
							}
						},
						{
							"name": "S52",
							"from": [ 0.5, 0.5, 3.0 ], 
							"to": [ 2.5, 3.5, 3.5 ], 
							"rotationOrigin": [ 0.5, 0.5, 3.0 ],
							"faces": {
								"north": { "texture": "#medium", "uv": [ 0.0, 0.0, 2.0, 3.0 ], "enabled": false },
								"east": { "texture": "#medium", "uv": [ 0.0, 0.0, 0.5, 3.0 ] },
								"south": { "texture": "#medium", "uv": [ 5.0, 2.5, 7.0, 5.5 ] },
								"west": { "texture": "#medium", "uv": [ 3.0, 2.0, 3.5, 5.0 ] },
								"up": { "texture": "#medium", "uv": [ 2.0, 2.0, 4.0, 2.5 ] },
								"down": { "texture": "#medium", "uv": [ 4.5, 5.5, 6.5, 6.0 ] }
							}
						},
						{
							"name": "W53",
							"from": [ -0.5, 0.5, 0.5 ], 
							"to": [ 0.0, 3.5, 2.5 ], 
							"rotationOrigin": [ -0.5, 0.5, 0.5 ],
							"faces": {
								"north": { "texture": "#medium", "uv": [ 1.0, 1.5, 1.5, 4.5 ] },
								"east": { "texture": "#medium", "uv": [ 3.5, 3.5, 5.5, 6.5 ], "enabled": false },
								"south": { "texture": "#medium", "uv": [ 0.0, 0.0, 0.5, 3.0 ] },
								"west": { "texture": "#medium", "uv": [ 3.0, 3.0, 5.0, 6.0 ] },
								"up": { "texture": "#medium", "uv": [ 3.0, 2.0, 5.0, 2.5 ], "rotation": 90 },
								"down": { "texture": "#medium", "uv": [ 2.0, 4.5, 4.0, 5.0 ], "rotation": 90 }
							}
						},
						{
							"name": "E54",
							"from": [ 3.0, 0.5, 0.5 ], 
							"to": [ 3.5, 3.5, 2.5 ], 
							"rotationOrigin": [ 3.0, 0.5, 0.5 ],
							"faces": {
								"north": { "texture": "#medium", "uv": [ 2.0, 2.0, 2.5, 5.0 ] },
								"east": { "texture": "#medium", "uv": [ 1.0, 2.0, 3.0, 5.0 ] },
								"south": { "texture": "#medium", "uv": [ 4.0, 1.5, 4.5, 4.5 ] },
								"west": { "texture": "#medium", "uv": [ 0.0, 0.0, 2.0, 3.0 ], "enabled": false },
								"up": { "texture": "#medium", "uv": [ 1.5, 1.5, 3.5, 2.0 ], "rotation": 90 },
								"down": { "texture": "#medium", "uv": [ 2.5, 5.0, 4.5, 5.5 ], "rotation": 90 }
							}
						},
						{
							"name": "spike 55",
							"from": [ 1.5, 0.0, -1.5 ], 
							"to": [ 1.5, 5.0, 4.5 ], 
							"shade": false,
							"renderPass": 2,
							"rotationOrigin": [ 1.5, 0.0, 1.5 ],
							"faces": {
								"north": { "texture": "#medium", "uv": [ 0.0, 0.0, 0.5, 5.0 ], "enabled": false },
								"east": { "texture": "#medium", "uv": [ 10.0, 11.0, 16.0, 16.0 ] },
								"south": { "texture": "#medium", "uv": [ 0.0, 0.0, 0.5, 5.0 ], "enabled": false },
								"west": { "texture": "#medium", "uv": [ 0.0, 0.0, 6.0, 5.0 ], "enabled": false },
								"up": { "texture": "#medium", "uv": [ 0.0, 0.0, 0.5, 6.0 ], "enabled": false },
								"down": { "texture": "#medium", "uv": [ 0.0, 0.0, 0.5, 6.0 ], "enabled": false }
							}
						},
						{
							"name": "spike 56",
							"from": [ 1.5, 0.0, -1.5 ], 
							"to": [ 1.5, 5.0, 4.5 ], 
							"shade": false,
							"renderPass": 2,
							"rotationOrigin": [ 1.5, 0.0, 1.5 ],
							"rotationY": 90.0,
							"faces": {
								"north": { "texture": "#medium", "uv": [ 0.0, 0.0, 0.5, 5.0 ], "enabled": false },
								"east": { "texture": "#medium", "uv": [ 10.0, 11.0, 16.0, 16.0 ] },
								"south": { "texture": "#medium", "uv": [ 0.0, 0.0, 0.5, 5.0 ], "enabled": false },
								"west": { "texture": "#medium", "uv": [ 0.0, 0.0, 6.0, 5.0 ], "enabled": false },
								"up": { "texture": "#medium", "uv": [ 0.0, 0.0, 0.5, 6.0 ], "enabled": false },
								"down": { "texture": "#medium", "uv": [ 0.0, 0.0, 0.5, 6.0 ], "enabled": false }
							}
						},
						{
							"name": "spike 57",
							"from": [ 1.5, 0.0, -1.5 ], 
							"to": [ 1.5, 5.0, 4.5 ], 
							"shade": false,
							"renderPass": 2,
							"rotationOrigin": [ 1.5, 0.0, 1.5 ],
							"rotationY": 135.0,
							"faces": {
								"north": { "texture": "#medium", "uv": [ 0.0, 0.0, 0.5, 5.0 ], "enabled": false },
								"east": { "texture": "#medium", "uv": [ 10.0, 11.0, 16.0, 16.0 ] },
								"south": { "texture": "#medium", "uv": [ 0.0, 0.0, 0.5, 5.0 ], "enabled": false },
								"west": { "texture": "#medium", "uv": [ 0.0, 0.0, 6.0, 5.0 ], "enabled": false },
								"up": { "texture": "#medium", "uv": [ 0.0, 0.0, 0.5, 6.0 ], "enabled": false },
								"down": { "texture": "#medium", "uv": [ 0.0, 0.0, 0.5, 6.0 ], "enabled": false }
							}
						},
						{
							"name": "spike 58",
							"from": [ 1.5, 0.0, -1.5 ], 
							"to": [ 1.5, 5.0, 4.5 ], 
							"shade": false,
							"renderPass": 2,
							"rotationOrigin": [ 1.5, 0.0, 1.5 ],
							"rotationY": 45.0,
							"faces": {
								"north": { "texture": "#medium", "uv": [ 0.0, 0.0, 0.5, 5.0 ], "enabled": false },
								"east": { "texture": "#medium", "uv": [ 10.0, 11.0, 16.0, 16.0 ] },
								"south": { "texture": "#medium", "uv": [ 0.0, 0.0, 0.5, 5.0 ], "enabled": false },
								"west": { "texture": "#medium", "uv": [ 0.0, 0.0, 6.0, 5.0 ], "enabled": false },
								"up": { "texture": "#medium", "uv": [ 0.0, 0.0, 0.5, 6.0 ], "enabled": false },
								"down": { "texture": "#medium", "uv": [ 0.0, 0.0, 0.5, 6.0 ], "enabled": false }
							}
						}
					]
				}
			]
		}
	]}