{
	"textures": {
		"small": "game:block/plant/barrelcactus/small",
		"large": "game:block/plant/barrelcactus/large",
		"tiny": "game:block/plant/barrelcactus/tiny",
		"large-flowering": "game:block/plant/barrelcactus/large-flowering",
		"medium": "game:block/plant/barrelcactus/medium",
		"medium-flowering": "game:block/plant/barrelcactus/medium-flowering"
	},
	"elements": [
		{
			"name": "origin",
			"from": [ 8.0, 0.0, 8.0 ], 
			"to": [ 8.0, 0.0, 8.0 ], 
			"rotationOrigin": [ 8.0, 0.0, 8.0 ],
			"faces": {
				"north": { "texture": "#null", "uv": [ 0.0, 0.0, 0.5, 0.5 ], "enabled": false },
				"east": { "texture": "#null", "uv": [ 0.0, 0.0, 0.5, 0.5 ] },
				"south": { "texture": "#null", "uv": [ 0.0, 0.0, 0.5, 0.5 ] },
				"west": { "texture": "#null", "uv": [ 0.0, 0.0, 0.5, 0.5 ] },
				"up": { "texture": "#null", "uv": [ 0.0, 0.0, 0.5, 0.5 ] },
				"down": { "texture": "#null", "uv": [ 0.0, 0.0, 0.5, 0.5 ] }
			},
			"children": [
				{
					"name": "tiny51",
					"from": [ -4.8, 0.0, -1.7 ], 
					"to": [ -2.8, 2.0, 0.3 ], 
					"rotationOrigin": [ -3.3, 0.0, -0.2 ],
					"rotationY": -4.0,
					"faces": {
						"north": { "texture": "#small", "uv": [ 4.5, 2.5, 6.5, 4.5 ] },
						"east": { "texture": "#small", "uv": [ 0.0, 3.0, 2.0, 5.0 ] },
						"south": { "texture": "#small", "uv": [ 2.5, 4.5, 4.5, 6.5 ] },
						"west": { "texture": "#small", "uv": [ 3.5, 3.0, 5.5, 5.0 ] },
						"up": { "texture": "#small", "uv": [ 1.5, 12.5, 3.5, 14.5 ] },
						"down": { "texture": "#small", "uv": [ 5.0, 13.0, 7.0, 15.0 ] }
					},
					"children": [
						{
							"name": "spike 52",
							"from": [ 1.0, 0.0, -1.0 ], 
							"to": [ 1.0, 4.0, 3.0 ], 
							"shade": false,
							"renderPass": 2,
							"rotationOrigin": [ 1.0, 0.0, 1.0 ],
							"faces": {
								"north": { "texture": "#tiny", "uv": [ 0.0, 0.0, 0.5, 4.0 ], "enabled": false },
								"east": { "texture": "#tiny", "uv": [ 12.0, 12.0, 16.0, 16.0 ] },
								"south": { "texture": "#tiny", "uv": [ 0.0, 0.0, 0.5, 4.0 ], "enabled": false },
								"west": { "texture": "#tiny", "uv": [ 0.0, 0.0, 4.0, 4.0 ], "enabled": false },
								"up": { "texture": "#tiny", "uv": [ 0.0, 0.0, 0.5, 4.0 ], "enabled": false },
								"down": { "texture": "#tiny", "uv": [ 0.0, 0.0, 0.5, 4.0 ], "enabled": false }
							}
						},
						{
							"name": "spike 53",
							"from": [ 1.0, 0.0, -1.0 ], 
							"to": [ 1.0, 4.0, 3.0 ], 
							"shade": false,
							"renderPass": 2,
							"rotationOrigin": [ 1.0, 0.0, 1.0 ],
							"rotationY": 90.0,
							"faces": {
								"north": { "texture": "#tiny", "uv": [ 0.0, 0.0, 0.5, 4.0 ], "enabled": false },
								"east": { "texture": "#tiny", "uv": [ 12.0, 12.0, 16.0, 16.0 ] },
								"south": { "texture": "#tiny", "uv": [ 0.0, 0.0, 0.5, 4.0 ], "enabled": false },
								"west": { "texture": "#tiny", "uv": [ 0.0, 0.0, 4.0, 4.0 ], "enabled": false },
								"up": { "texture": "#tiny", "uv": [ 0.0, 0.0, 0.5, 4.0 ], "enabled": false },
								"down": { "texture": "#tiny", "uv": [ 0.0, 0.0, 0.5, 4.0 ], "enabled": false }
							}
						},
						{
							"name": "spike 54",
							"from": [ 1.0, 0.0, -1.0 ], 
							"to": [ 1.0, 4.0, 3.0 ], 
							"shade": false,
							"renderPass": 2,
							"rotationOrigin": [ 1.0, 0.0, 1.0 ],
							"rotationY": 135.0,
							"faces": {
								"north": { "texture": "#tiny", "uv": [ 0.0, 0.0, 0.5, 4.0 ], "enabled": false },
								"east": { "texture": "#tiny", "uv": [ 12.0, 12.0, 16.0, 16.0 ] },
								"south": { "texture": "#tiny", "uv": [ 0.0, 0.0, 0.5, 4.0 ], "enabled": false },
								"west": { "texture": "#tiny", "uv": [ 0.0, 0.0, 4.0, 4.0 ], "enabled": false },
								"up": { "texture": "#tiny", "uv": [ 0.0, 0.0, 0.5, 4.0 ], "enabled": false },
								"down": { "texture": "#tiny", "uv": [ 0.0, 0.0, 0.5, 4.0 ], "enabled": false }
							}
						},
						{
							"name": "spike 55",
							"from": [ 1.0, 0.0, -1.0 ], 
							"to": [ 1.0, 4.0, 3.0 ], 
							"shade": false,
							"renderPass": 2,
							"rotationOrigin": [ 1.0, 0.0, 1.0 ],
							"rotationY": 45.0,
							"faces": {
								"north": { "texture": "#tiny", "uv": [ 0.0, 0.0, 0.5, 4.0 ], "enabled": false },
								"east": { "texture": "#tiny", "uv": [ 12.0, 12.0, 16.0, 16.0 ] },
								"south": { "texture": "#tiny", "uv": [ 0.0, 0.0, 0.5, 4.0 ], "enabled": false },
								"west": { "texture": "#tiny", "uv": [ 0.0, 0.0, 4.0, 4.0 ], "enabled": false },
								"up": { "texture": "#tiny", "uv": [ 0.0, 0.0, 0.5, 4.0 ], "enabled": false },
								"down": { "texture": "#tiny", "uv": [ 0.0, 0.0, 0.5, 4.0 ], "enabled": false }
							}
						}
					]
				},
				{
					"name": "tiny46",
					"from": [ 2.7, 0.0, 2.0 ], 
					"to": [ 4.7, 2.0, 4.0 ], 
					"rotationOrigin": [ 4.2, 0.0, 3.5 ],
					"rotationY": 30.0,
					"faces": {
						"north": { "texture": "#small", "uv": [ 4.5, 2.5, 6.5, 4.5 ] },
						"east": { "texture": "#small", "uv": [ 0.0, 3.0, 2.0, 5.0 ] },
						"south": { "texture": "#small", "uv": [ 2.5, 4.5, 4.5, 6.5 ] },
						"west": { "texture": "#small", "uv": [ 3.5, 3.0, 5.5, 5.0 ] },
						"up": { "texture": "#small", "uv": [ 1.5, 12.5, 3.5, 14.5 ] },
						"down": { "texture": "#small", "uv": [ 5.0, 13.0, 7.0, 15.0 ] }
					},
					"children": [
						{
							"name": "spike 47",
							"from": [ 1.0, 0.0, -1.0 ], 
							"to": [ 1.0, 4.0, 3.0 ], 
							"shade": false,
							"renderPass": 2,
							"rotationOrigin": [ 1.0, 0.0, 1.0 ],
							"faces": {
								"north": { "texture": "#tiny", "uv": [ 0.0, 0.0, 0.5, 4.0 ], "enabled": false },
								"east": { "texture": "#tiny", "uv": [ 12.0, 12.0, 16.0, 16.0 ] },
								"south": { "texture": "#tiny", "uv": [ 0.0, 0.0, 0.5, 4.0 ], "enabled": false },
								"west": { "texture": "#tiny", "uv": [ 0.0, 0.0, 4.0, 4.0 ], "enabled": false },
								"up": { "texture": "#tiny", "uv": [ 0.0, 0.0, 0.5, 4.0 ], "enabled": false },
								"down": { "texture": "#tiny", "uv": [ 0.0, 0.0, 0.5, 4.0 ], "enabled": false }
							}
						},
						{
							"name": "spike 48",
							"from": [ 1.0, 0.0, -1.0 ], 
							"to": [ 1.0, 4.0, 3.0 ], 
							"shade": false,
							"renderPass": 2,
							"rotationOrigin": [ 1.0, 0.0, 1.0 ],
							"rotationY": 90.0,
							"faces": {
								"north": { "texture": "#tiny", "uv": [ 0.0, 0.0, 0.5, 4.0 ], "enabled": false },
								"east": { "texture": "#tiny", "uv": [ 12.0, 12.0, 16.0, 16.0 ] },
								"south": { "texture": "#tiny", "uv": [ 0.0, 0.0, 0.5, 4.0 ], "enabled": false },
								"west": { "texture": "#tiny", "uv": [ 0.0, 0.0, 4.0, 4.0 ], "enabled": false },
								"up": { "texture": "#tiny", "uv": [ 0.0, 0.0, 0.5, 4.0 ], "enabled": false },
								"down": { "texture": "#tiny", "uv": [ 0.0, 0.0, 0.5, 4.0 ], "enabled": false }
							}
						},
						{
							"name": "spike 49",
							"from": [ 1.0, 0.0, -1.0 ], 
							"to": [ 1.0, 4.0, 3.0 ], 
							"shade": false,
							"renderPass": 2,
							"rotationOrigin": [ 1.0, 0.0, 1.0 ],
							"rotationY": 135.0,
							"faces": {
								"north": { "texture": "#tiny", "uv": [ 0.0, 0.0, 0.5, 4.0 ], "enabled": false },
								"east": { "texture": "#tiny", "uv": [ 12.0, 12.0, 16.0, 16.0 ] },
								"south": { "texture": "#tiny", "uv": [ 0.0, 0.0, 0.5, 4.0 ], "enabled": false },
								"west": { "texture": "#tiny", "uv": [ 0.0, 0.0, 4.0, 4.0 ], "enabled": false },
								"up": { "texture": "#tiny", "uv": [ 0.0, 0.0, 0.5, 4.0 ], "enabled": false },
								"down": { "texture": "#tiny", "uv": [ 0.0, 0.0, 0.5, 4.0 ], "enabled": false }
							}
						},
						{
							"name": "spike 50",
							"from": [ 1.0, 0.0, -1.0 ], 
							"to": [ 1.0, 4.0, 3.0 ], 
							"shade": false,
							"renderPass": 2,
							"rotationOrigin": [ 1.0, 0.0, 1.0 ],
							"rotationY": 45.0,
							"faces": {
								"north": { "texture": "#tiny", "uv": [ 0.0, 0.0, 0.5, 4.0 ], "enabled": false },
								"east": { "texture": "#tiny", "uv": [ 12.0, 12.0, 16.0, 16.0 ] },
								"south": { "texture": "#tiny", "uv": [ 0.0, 0.0, 0.5, 4.0 ], "enabled": false },
								"west": { "texture": "#tiny", "uv": [ 0.0, 0.0, 4.0, 4.0 ], "enabled": false },
								"up": { "texture": "#tiny", "uv": [ 0.0, 0.0, 0.5, 4.0 ], "enabled": false },
								"down": { "texture": "#tiny", "uv": [ 0.0, 0.0, 0.5, 4.0 ], "enabled": false }
							}
						}
					]
				},
				{
					"name": "medium flowering",
					"from": [ -4.2, 0.0, 0.8 ], 
					"to": [ -1.2, 4.0, 3.8 ], 
					"rotationOrigin": [ -2.7, 0.0, 2.3 ],
					"rotationY": -39.0,
					"faces": {
						"north": { "texture": "#medium", "uv": [ 4.5, 1.5, 7.5, 5.5 ] },
						"east": { "texture": "#medium", "uv": [ 0.5, 1.0, 3.5, 5.0 ] },
						"south": { "texture": "#medium", "uv": [ 2.5, 1.5, 5.5, 5.5 ] },
						"west": { "texture": "#medium", "uv": [ 3.5, 1.5, 6.5, 5.5 ] },
						"up": { "texture": "#medium-flowering", "uv": [ 1.0, 12.0, 4.0, 15.0 ] },
						"down": { "texture": "#medium", "uv": [ 5.0, 13.0, 8.0, 16.0 ] }
					},
					"children": [
						{
							"name": "N",
							"from": [ 0.5, 0.5, -0.5 ], 
							"to": [ 2.5, 3.5, 0.0 ], 
							"rotationOrigin": [ 0.5, 0.5, -0.5 ],
							"faces": {
								"north": { "texture": "#medium", "uv": [ 4.0, 2.5, 6.0, 5.5 ] },
								"east": { "texture": "#medium", "uv": [ 0.0, 0.0, 0.5, 3.0 ] },
								"south": { "texture": "#medium", "uv": [ 0.0, 0.0, 2.0, 3.0 ], "enabled": false },
								"west": { "texture": "#medium", "uv": [ 0.0, 0.0, 0.5, 3.0 ] },
								"up": { "texture": "#medium", "uv": [ 3.5, 2.0, 5.5, 2.5 ] },
								"down": { "texture": "#medium", "uv": [ 2.0, 7.0, 4.0, 7.5 ] }
							}
						},
						{
							"name": "S",
							"from": [ 0.5, 0.5, 3.0 ], 
							"to": [ 2.5, 3.5, 3.5 ], 
							"rotationOrigin": [ 0.5, 0.5, 3.0 ],
							"faces": {
								"north": { "texture": "#medium", "uv": [ 0.0, 0.0, 2.0, 3.0 ], "enabled": false },
								"east": { "texture": "#medium", "uv": [ 0.0, 0.0, 0.5, 3.0 ] },
								"south": { "texture": "#medium", "uv": [ 5.0, 2.5, 7.0, 5.5 ] },
								"west": { "texture": "#medium", "uv": [ 3.0, 2.0, 3.5, 5.0 ] },
								"up": { "texture": "#medium", "uv": [ 2.0, 2.0, 4.0, 2.5 ] },
								"down": { "texture": "#medium", "uv": [ 4.5, 5.5, 6.5, 6.0 ] }
							}
						},
						{
							"name": "W",
							"from": [ -0.5, 0.5, 0.5 ], 
							"to": [ 0.0, 3.5, 2.5 ], 
							"rotationOrigin": [ -0.5, 0.5, 0.5 ],
							"faces": {
								"north": { "texture": "#medium", "uv": [ 1.0, 1.5, 1.5, 4.5 ] },
								"east": { "texture": "#medium", "uv": [ 3.5, 3.5, 5.5, 6.5 ], "enabled": false },
								"south": { "texture": "#medium", "uv": [ 0.0, 0.0, 0.5, 3.0 ] },
								"west": { "texture": "#medium", "uv": [ 3.0, 3.0, 5.0, 6.0 ] },
								"up": { "texture": "#medium", "uv": [ 3.0, 2.0, 5.0, 2.5 ], "rotation": 90 },
								"down": { "texture": "#medium", "uv": [ 2.0, 4.5, 4.0, 5.0 ], "rotation": 90 }
							}
						},
						{
							"name": "E",
							"from": [ 3.0, 0.5, 0.5 ], 
							"to": [ 3.5, 3.5, 2.5 ], 
							"rotationOrigin": [ 3.0, 0.5, 0.5 ],
							"faces": {
								"north": { "texture": "#medium", "uv": [ 2.0, 2.0, 2.5, 5.0 ] },
								"east": { "texture": "#medium", "uv": [ 1.0, 2.0, 3.0, 5.0 ] },
								"south": { "texture": "#medium", "uv": [ 4.0, 1.5, 4.5, 4.5 ] },
								"west": { "texture": "#medium", "uv": [ 0.0, 0.0, 2.0, 3.0 ], "enabled": false },
								"up": { "texture": "#medium", "uv": [ 1.5, 1.5, 3.5, 2.0 ], "rotation": 90 },
								"down": { "texture": "#medium", "uv": [ 2.5, 5.0, 4.5, 5.5 ], "rotation": 90 }
							}
						},
						{
							"name": "spike 1",
							"from": [ 1.5, 0.0, -1.5 ], 
							"to": [ 1.5, 5.0, 4.5 ], 
							"shade": false,
							"renderPass": 2,
							"rotationOrigin": [ 1.5, 0.0, 1.5 ],
							"faces": {
								"north": { "texture": "#medium-flowering", "uv": [ 0.0, 0.0, 0.5, 5.0 ], "enabled": false },
								"east": { "texture": "#medium-flowering", "uv": [ 10.0, 11.0, 16.0, 16.0 ] },
								"south": { "texture": "#medium-flowering", "uv": [ 0.0, 0.0, 0.5, 5.0 ], "enabled": false },
								"west": { "texture": "#medium-flowering", "uv": [ 0.0, 0.0, 6.0, 5.0 ], "enabled": false },
								"up": { "texture": "#medium-flowering", "uv": [ 0.0, 0.0, 0.5, 6.0 ], "enabled": false },
								"down": { "texture": "#medium-flowering", "uv": [ 0.0, 0.0, 0.5, 6.0 ], "enabled": false }
							}
						},
						{
							"name": "spike 2",
							"from": [ 1.5, 0.0, -1.5 ], 
							"to": [ 1.5, 5.0, 4.5 ], 
							"shade": false,
							"renderPass": 2,
							"rotationOrigin": [ 1.5, 0.0, 1.5 ],
							"rotationY": 90.0,
							"faces": {
								"north": { "texture": "#medium-flowering", "uv": [ 0.0, 0.0, 0.5, 5.0 ], "enabled": false },
								"east": { "texture": "#medium-flowering", "uv": [ 10.0, 11.0, 16.0, 16.0 ] },
								"south": { "texture": "#medium-flowering", "uv": [ 0.0, 0.0, 0.5, 5.0 ], "enabled": false },
								"west": { "texture": "#medium-flowering", "uv": [ 0.0, 0.0, 6.0, 5.0 ], "enabled": false },
								"up": { "texture": "#medium-flowering", "uv": [ 0.0, 0.0, 0.5, 6.0 ], "enabled": false },
								"down": { "texture": "#medium-flowering", "uv": [ 0.0, 0.0, 0.5, 6.0 ], "enabled": false }
							}
						},
						{
							"name": "spike 3",
							"from": [ 1.5, 0.0, -1.5 ], 
							"to": [ 1.5, 5.0, 4.5 ], 
							"shade": false,
							"renderPass": 2,
							"rotationOrigin": [ 1.5, 0.0, 1.5 ],
							"rotationY": 135.0,
							"faces": {
								"north": { "texture": "#medium-flowering", "uv": [ 0.0, 0.0, 0.5, 5.0 ], "enabled": false },
								"east": { "texture": "#medium-flowering", "uv": [ 10.0, 11.0, 16.0, 16.0 ] },
								"south": { "texture": "#medium-flowering", "uv": [ 0.0, 0.0, 0.5, 5.0 ], "enabled": false },
								"west": { "texture": "#medium-flowering", "uv": [ 0.0, 0.0, 6.0, 5.0 ], "enabled": false },
								"up": { "texture": "#medium-flowering", "uv": [ 0.0, 0.0, 0.5, 6.0 ], "enabled": false },
								"down": { "texture": "#medium-flowering", "uv": [ 0.0, 0.0, 0.5, 6.0 ], "enabled": false }
							}
						},
						{
							"name": "spike 4",
							"from": [ 1.5, 0.0, -1.5 ], 
							"to": [ 1.5, 5.0, 4.5 ], 
							"shade": false,
							"renderPass": 2,
							"rotationOrigin": [ 1.5, 0.0, 1.5 ],
							"rotationY": 45.0,
							"faces": {
								"north": { "texture": "#medium-flowering", "uv": [ 0.0, 0.0, 0.5, 5.0 ], "enabled": false },
								"east": { "texture": "#medium-flowering", "uv": [ 10.0, 11.0, 16.0, 16.0 ] },
								"south": { "texture": "#medium-flowering", "uv": [ 0.0, 0.0, 0.5, 5.0 ], "enabled": false },
								"west": { "texture": "#medium-flowering", "uv": [ 0.0, 0.0, 6.0, 5.0 ], "enabled": false },
								"up": { "texture": "#medium-flowering", "uv": [ 0.0, 0.0, 0.5, 6.0 ], "enabled": false },
								"down": { "texture": "#medium-flowering", "uv": [ 0.0, 0.0, 0.5, 6.0 ], "enabled": false }
							}
						},
						{
							"name": "petal N",
							"from": [ 0.5, 3.5, 1.5 ], 
							"to": [ 2.5, 5.0, 1.5 ], 
							"shade": false,
							"rotationOrigin": [ 1.5, 3.5, 1.5 ],
							"rotationX": 25.0,
							"faces": {
								"north": { "texture": "#large", "uv": [ 0.0, 0.0, 2.0, 1.5 ], "enabled": false },
								"east": { "texture": "#large", "uv": [ 0.0, 0.0, 0.5, 1.5 ], "enabled": false },
								"south": { "texture": "#medium-flowering", "uv": [ 14.0, 0.0, 16.0, 1.5 ] },
								"west": { "texture": "#large", "uv": [ 0.0, 0.0, 0.5, 1.5 ], "enabled": false },
								"up": { "texture": "#large", "uv": [ 0.0, 0.0, 2.0, 0.5 ], "enabled": false },
								"down": { "texture": "#large", "uv": [ 0.0, 0.0, 2.0, 0.5 ], "enabled": false }
							}
						},
						{
							"name": "petal S",
							"from": [ 0.5, 3.5, 1.5 ], 
							"to": [ 2.5, 5.0, 1.5 ], 
							"shade": false,
							"rotationOrigin": [ 1.5, 3.5, 1.5 ],
							"rotationX": -25.0,
							"faces": {
								"north": { "texture": "#medium-flowering", "uv": [ 0.0, 0.0, 2.0, 1.5 ], "enabled": false },
								"east": { "texture": "#medium-flowering", "uv": [ 0.0, 0.0, 0.5, 1.5 ], "enabled": false },
								"south": { "texture": "#medium-flowering", "uv": [ 14.0, 0.0, 16.0, 1.5 ] },
								"west": { "texture": "#medium-flowering", "uv": [ 0.0, 0.0, 0.5, 1.5 ], "enabled": false },
								"up": { "texture": "#medium-flowering", "uv": [ 0.0, 0.0, 2.0, 0.5 ], "enabled": false },
								"down": { "texture": "#medium-flowering", "uv": [ 0.0, 0.0, 2.0, 0.5 ], "enabled": false }
							}
						},
						{
							"name": "petal W",
							"from": [ 1.5, 3.5, 0.5 ], 
							"to": [ 1.5, 5.0, 2.5 ], 
							"shade": false,
							"rotationOrigin": [ 1.5, 3.5, 1.5 ],
							"rotationZ": 25.0,
							"faces": {
								"north": { "texture": "#medium-flowering", "uv": [ 0.0, 0.0, 0.5, 1.5 ], "enabled": false },
								"east": { "texture": "#medium-flowering", "uv": [ 14.0, 0.0, 16.0, 1.5 ] },
								"south": { "texture": "#medium-flowering", "uv": [ 14.0, 0.5, 14.5, 2.0 ], "enabled": false },
								"west": { "texture": "#medium-flowering", "uv": [ 0.0, 0.0, 2.0, 1.5 ], "enabled": false },
								"up": { "texture": "#medium-flowering", "uv": [ 0.0, 0.0, 0.5, 2.0 ], "enabled": false },
								"down": { "texture": "#medium-flowering", "uv": [ 0.0, 0.0, 0.5, 2.0 ], "enabled": false }
							}
						},
						{
							"name": "petal E",
							"from": [ 1.5, 3.5, 0.5 ], 
							"to": [ 1.5, 5.0, 2.5 ], 
							"shade": false,
							"rotationOrigin": [ 1.5, 3.5, 1.5 ],
							"rotationZ": -25.0,
							"faces": {
								"north": { "texture": "#medium-flowering", "uv": [ 0.0, 0.0, 0.5, 1.5 ], "enabled": false },
								"east": { "texture": "#medium-flowering", "uv": [ 14.0, 0.0, 16.0, 1.5 ] },
								"south": { "texture": "#medium-flowering", "uv": [ 14.0, 0.5, 14.5, 2.0 ], "enabled": false },
								"west": { "texture": "#medium-flowering", "uv": [ 0.0, 0.0, 2.0, 1.5 ], "enabled": false },
								"up": { "texture": "#medium-flowering", "uv": [ 0.0, 0.0, 0.5, 2.0 ], "enabled": false },
								"down": { "texture": "#medium-flowering", "uv": [ 0.0, 0.0, 0.5, 2.0 ], "enabled": false }
							}
						}
					]
				},
				{
					"name": "tiny19",
					"from": [ 2.9, 0.0, -5.2 ], 
					"to": [ 4.9, 2.0, -3.2 ], 
					"rotationOrigin": [ 4.4, 0.0, -3.7 ],
					"rotationY": 30.0,
					"faces": {
						"north": { "texture": "#small", "uv": [ 4.5, 2.5, 6.5, 4.5 ] },
						"east": { "texture": "#small", "uv": [ 0.0, 3.0, 2.0, 5.0 ] },
						"south": { "texture": "#small", "uv": [ 2.5, 4.5, 4.5, 6.5 ] },
						"west": { "texture": "#small", "uv": [ 3.5, 3.0, 5.5, 5.0 ] },
						"up": { "texture": "#small", "uv": [ 1.5, 12.5, 3.5, 14.5 ] },
						"down": { "texture": "#small", "uv": [ 5.0, 13.0, 7.0, 15.0 ] }
					},
					"children": [
						{
							"name": "spike 20",
							"from": [ 1.0, 0.0, -1.0 ], 
							"to": [ 1.0, 4.0, 3.0 ], 
							"shade": false,
							"renderPass": 2,
							"rotationOrigin": [ 1.0, 0.0, 1.0 ],
							"faces": {
								"north": { "texture": "#tiny", "uv": [ 0.0, 0.0, 0.5, 4.0 ], "enabled": false },
								"east": { "texture": "#tiny", "uv": [ 12.0, 12.0, 16.0, 16.0 ] },
								"south": { "texture": "#tiny", "uv": [ 0.0, 0.0, 0.5, 4.0 ], "enabled": false },
								"west": { "texture": "#tiny", "uv": [ 0.0, 0.0, 4.0, 4.0 ], "enabled": false },
								"up": { "texture": "#tiny", "uv": [ 0.0, 0.0, 0.5, 4.0 ], "enabled": false },
								"down": { "texture": "#tiny", "uv": [ 0.0, 0.0, 0.5, 4.0 ], "enabled": false }
							}
						},
						{
							"name": "spike 21",
							"from": [ 1.0, 0.0, -1.0 ], 
							"to": [ 1.0, 4.0, 3.0 ], 
							"shade": false,
							"renderPass": 2,
							"rotationOrigin": [ 1.0, 0.0, 1.0 ],
							"rotationY": 90.0,
							"faces": {
								"north": { "texture": "#tiny", "uv": [ 0.0, 0.0, 0.5, 4.0 ], "enabled": false },
								"east": { "texture": "#tiny", "uv": [ 12.0, 12.0, 16.0, 16.0 ] },
								"south": { "texture": "#tiny", "uv": [ 0.0, 0.0, 0.5, 4.0 ], "enabled": false },
								"west": { "texture": "#tiny", "uv": [ 0.0, 0.0, 4.0, 4.0 ], "enabled": false },
								"up": { "texture": "#tiny", "uv": [ 0.0, 0.0, 0.5, 4.0 ], "enabled": false },
								"down": { "texture": "#tiny", "uv": [ 0.0, 0.0, 0.5, 4.0 ], "enabled": false }
							}
						},
						{
							"name": "spike 22",
							"from": [ 1.0, 0.0, -1.0 ], 
							"to": [ 1.0, 4.0, 3.0 ], 
							"shade": false,
							"renderPass": 2,
							"rotationOrigin": [ 1.0, 0.0, 1.0 ],
							"rotationY": 135.0,
							"faces": {
								"north": { "texture": "#tiny", "uv": [ 0.0, 0.0, 0.5, 4.0 ], "enabled": false },
								"east": { "texture": "#tiny", "uv": [ 12.0, 12.0, 16.0, 16.0 ] },
								"south": { "texture": "#tiny", "uv": [ 0.0, 0.0, 0.5, 4.0 ], "enabled": false },
								"west": { "texture": "#tiny", "uv": [ 0.0, 0.0, 4.0, 4.0 ], "enabled": false },
								"up": { "texture": "#tiny", "uv": [ 0.0, 0.0, 0.5, 4.0 ], "enabled": false },
								"down": { "texture": "#tiny", "uv": [ 0.0, 0.0, 0.5, 4.0 ], "enabled": false }
							}
						},
						{
							"name": "spike 23",
							"from": [ 1.0, 0.0, -1.0 ], 
							"to": [ 1.0, 4.0, 3.0 ], 
							"shade": false,
							"renderPass": 2,
							"rotationOrigin": [ 1.0, 0.0, 1.0 ],
							"rotationY": 45.0,
							"faces": {
								"north": { "texture": "#tiny", "uv": [ 0.0, 0.0, 0.5, 4.0 ], "enabled": false },
								"east": { "texture": "#tiny", "uv": [ 12.0, 12.0, 16.0, 16.0 ] },
								"south": { "texture": "#tiny", "uv": [ 0.0, 0.0, 0.5, 4.0 ], "enabled": false },
								"west": { "texture": "#tiny", "uv": [ 0.0, 0.0, 4.0, 4.0 ], "enabled": false },
								"up": { "texture": "#tiny", "uv": [ 0.0, 0.0, 0.5, 4.0 ], "enabled": false },
								"down": { "texture": "#tiny", "uv": [ 0.0, 0.0, 0.5, 4.0 ], "enabled": false }
							}
						}
					]
				},
				{
					"name": "tiny",
					"from": [ -2.7, 0.0, -4.7 ], 
					"to": [ -0.7, 2.0, -2.7 ], 
					"rotationOrigin": [ -1.2, 0.0, -3.2 ],
					"rotationY": -15.0,
					"faces": {
						"north": { "texture": "#small", "uv": [ 4.5, 2.5, 6.5, 4.5 ] },
						"east": { "texture": "#small", "uv": [ 0.0, 3.0, 2.0, 5.0 ] },
						"south": { "texture": "#small", "uv": [ 2.5, 4.5, 4.5, 6.5 ] },
						"west": { "texture": "#small", "uv": [ 3.5, 3.0, 5.5, 5.0 ] },
						"up": { "texture": "#small", "uv": [ 1.5, 12.5, 3.5, 14.5 ] },
						"down": { "texture": "#small", "uv": [ 5.0, 13.0, 7.0, 15.0 ] }
					},
					"children": [
						{
							"name": "spike 1",
							"from": [ 1.0, 0.0, -1.0 ], 
							"to": [ 1.0, 4.0, 3.0 ], 
							"shade": false,
							"renderPass": 2,
							"rotationOrigin": [ 1.0, 0.0, 1.0 ],
							"faces": {
								"north": { "texture": "#tiny", "uv": [ 0.0, 0.0, 0.5, 4.0 ], "enabled": false },
								"east": { "texture": "#tiny", "uv": [ 12.0, 12.0, 16.0, 16.0 ] },
								"south": { "texture": "#tiny", "uv": [ 0.0, 0.0, 0.5, 4.0 ], "enabled": false },
								"west": { "texture": "#tiny", "uv": [ 0.0, 0.0, 4.0, 4.0 ], "enabled": false },
								"up": { "texture": "#tiny", "uv": [ 0.0, 0.0, 0.5, 4.0 ], "enabled": false },
								"down": { "texture": "#tiny", "uv": [ 0.0, 0.0, 0.5, 4.0 ], "enabled": false }
							}
						},
						{
							"name": "spike 2",
							"from": [ 1.0, 0.0, -1.0 ], 
							"to": [ 1.0, 4.0, 3.0 ], 
							"shade": false,
							"renderPass": 2,
							"rotationOrigin": [ 1.0, 0.0, 1.0 ],
							"rotationY": 90.0,
							"faces": {
								"north": { "texture": "#tiny", "uv": [ 0.0, 0.0, 0.5, 4.0 ], "enabled": false },
								"east": { "texture": "#tiny", "uv": [ 12.0, 12.0, 16.0, 16.0 ] },
								"south": { "texture": "#tiny", "uv": [ 0.0, 0.0, 0.5, 4.0 ], "enabled": false },
								"west": { "texture": "#tiny", "uv": [ 0.0, 0.0, 4.0, 4.0 ], "enabled": false },
								"up": { "texture": "#tiny", "uv": [ 0.0, 0.0, 0.5, 4.0 ], "enabled": false },
								"down": { "texture": "#tiny", "uv": [ 0.0, 0.0, 0.5, 4.0 ], "enabled": false }
							}
						},
						{
							"name": "spike 3",
							"from": [ 1.0, 0.0, -1.0 ], 
							"to": [ 1.0, 4.0, 3.0 ], 
							"shade": false,
							"renderPass": 2,
							"rotationOrigin": [ 1.0, 0.0, 1.0 ],
							"rotationY": 135.0,
							"faces": {
								"north": { "texture": "#tiny", "uv": [ 0.0, 0.0, 0.5, 4.0 ], "enabled": false },
								"east": { "texture": "#tiny", "uv": [ 12.0, 12.0, 16.0, 16.0 ] },
								"south": { "texture": "#tiny", "uv": [ 0.0, 0.0, 0.5, 4.0 ], "enabled": false },
								"west": { "texture": "#tiny", "uv": [ 0.0, 0.0, 4.0, 4.0 ], "enabled": false },
								"up": { "texture": "#tiny", "uv": [ 0.0, 0.0, 0.5, 4.0 ], "enabled": false },
								"down": { "texture": "#tiny", "uv": [ 0.0, 0.0, 0.5, 4.0 ], "enabled": false }
							}
						},
						{
							"name": "spike 4",
							"from": [ 1.0, 0.0, -1.0 ], 
							"to": [ 1.0, 4.0, 3.0 ], 
							"shade": false,
							"renderPass": 2,
							"rotationOrigin": [ 1.0, 0.0, 1.0 ],
							"rotationY": 45.0,
							"faces": {
								"north": { "texture": "#tiny", "uv": [ 0.0, 0.0, 0.5, 4.0 ], "enabled": false },
								"east": { "texture": "#tiny", "uv": [ 12.0, 12.0, 16.0, 16.0 ] },
								"south": { "texture": "#tiny", "uv": [ 0.0, 0.0, 0.5, 4.0 ], "enabled": false },
								"west": { "texture": "#tiny", "uv": [ 0.0, 0.0, 4.0, 4.0 ], "enabled": false },
								"up": { "texture": "#tiny", "uv": [ 0.0, 0.0, 0.5, 4.0 ], "enabled": false },
								"down": { "texture": "#tiny", "uv": [ 0.0, 0.0, 0.5, 4.0 ], "enabled": false }
							}
						}
					]
				},
				{
					"name": "large flowering",
					"from": [ -0.7, 0.0, -3.3 ], 
					"to": [ 4.3, 6.0, 1.7 ], 
					"rotationOrigin": [ 1.8, 0.0, -0.8 ],
					"rotationY": -25.0,
					"faces": {
						"north": { "texture": "#large-flowering", "uv": [ 2.0, 1.0, 7.0, 7.0 ] },
						"east": { "texture": "#large-flowering", "uv": [ 2.0, 1.0, 7.0, 7.0 ] },
						"south": { "texture": "#large-flowering", "uv": [ 2.0, 1.0, 7.0, 7.0 ] },
						"west": { "texture": "#large-flowering", "uv": [ 2.0, 1.0, 7.0, 7.0 ] },
						"up": { "texture": "#large-flowering", "uv": [ 0.5, 10.5, 5.5, 15.5 ] },
						"down": { "texture": "#large-flowering", "uv": [ 9.5, 10.5, 14.5, 15.5 ] }
					},
					"children": [
						{
							"name": "E",
							"from": [ 5.0, 0.5, 0.5 ], 
							"to": [ 5.5, 5.5, 4.5 ], 
							"rotationOrigin": [ 5.0, 0.5, 2.5 ],
							"faces": {
								"north": { "texture": "#large", "uv": [ 5.0, 2.0, 5.5, 7.0 ] },
								"east": { "texture": "#large", "uv": [ 2.5, 2.0, 6.5, 7.0 ] },
								"south": { "texture": "#large", "uv": [ 1.0, 2.0, 1.5, 7.0 ] },
								"west": { "texture": "#large", "uv": [ 3.0, 2.0, 7.0, 7.0 ], "enabled": false },
								"up": { "texture": "#large", "uv": [ 3.0, 2.0, 7.0, 2.5 ], "rotation": 90 },
								"down": { "texture": "#large", "uv": [ 2.0, 6.0, 6.0, 6.5 ], "rotation": 90 }
							}
						},
						{
							"name": "spikes 1",
							"from": [ 2.5, 0.0, -1.5 ], 
							"to": [ 2.5, 7.0, 6.5 ], 
							"shade": false,
							"renderPass": 2,
							"rotationOrigin": [ 4.75, 0.0, 2.25 ],
							"faces": {
								"north": { "texture": "#large-flowering", "uv": [ 0.0, 0.0, 0.5, 7.0 ], "enabled": false },
								"east": { "texture": "#large-flowering", "uv": [ 0.0, 0.0, 8.0, 7.0 ], "enabled": false },
								"south": { "texture": "#large-flowering", "uv": [ 0.0, 0.0, 0.5, 7.0 ], "enabled": false },
								"west": { "texture": "#large-flowering", "uv": [ 8.0, 7.0, 16.0, 14.0 ] },
								"up": { "texture": "#large-flowering", "uv": [ 0.0, 0.0, 0.5, 8.0 ], "enabled": false },
								"down": { "texture": "#large-flowering", "uv": [ 0.0, 0.0, 0.5, 8.0 ], "enabled": false }
							}
						},
						{
							"name": "spikes 2",
							"from": [ 2.2, 0.0, -1.3 ], 
							"to": [ 2.2, 7.0, 6.7 ], 
							"shade": false,
							"renderPass": 2,
							"rotationOrigin": [ 2.25, 0.0, 2.45 ],
							"rotationY": 90.0,
							"faces": {
								"north": { "texture": "#large-flowering", "uv": [ 0.0, 0.0, 0.5, 7.0 ], "enabled": false },
								"east": { "texture": "#large-flowering", "uv": [ 0.0, 0.0, 8.0, 7.0 ], "enabled": false },
								"south": { "texture": "#large-flowering", "uv": [ 0.0, 0.0, 0.5, 7.0 ], "enabled": false },
								"west": { "texture": "#large-flowering", "uv": [ 8.0, 7.0, 16.0, 14.0 ] },
								"up": { "texture": "#large-flowering", "uv": [ 0.0, 0.0, 0.5, 8.0 ], "enabled": false },
								"down": { "texture": "#large-flowering", "uv": [ 0.0, 0.0, 0.5, 8.0 ], "enabled": false }
							}
						},
						{
							"name": "spikes 3",
							"from": [ 2.3, 0.0, -1.4 ], 
							"to": [ 2.3, 7.0, 6.6 ], 
							"shade": false,
							"renderPass": 2,
							"rotationOrigin": [ 2.35, 0.0, 2.35 ],
							"rotationY": 45.0,
							"faces": {
								"north": { "texture": "#large-flowering", "uv": [ 0.0, 0.0, 0.5, 7.0 ], "enabled": false },
								"east": { "texture": "#large-flowering", "uv": [ 0.0, 0.0, 8.0, 7.0 ], "enabled": false },
								"south": { "texture": "#large-flowering", "uv": [ 0.0, 0.0, 0.5, 7.0 ], "enabled": false },
								"west": { "texture": "#large-flowering", "uv": [ 8.0, 7.0, 16.0, 14.0 ] },
								"up": { "texture": "#large-flowering", "uv": [ 0.0, 0.0, 0.5, 8.0 ], "enabled": false },
								"down": { "texture": "#large-flowering", "uv": [ 0.0, 0.0, 0.5, 8.0 ], "enabled": false }
							}
						},
						{
							"name": "spikes 4",
							"from": [ 2.6, 0.0, -1.3 ], 
							"to": [ 2.6, 7.0, 6.7 ], 
							"shade": false,
							"renderPass": 2,
							"rotationOrigin": [ 2.7, 0.0, 2.5 ],
							"rotationY": -45.0,
							"faces": {
								"north": { "texture": "#large-flowering", "uv": [ 0.0, 0.0, 0.5, 7.0 ], "enabled": false },
								"east": { "texture": "#large-flowering", "uv": [ 0.0, 0.0, 8.0, 7.0 ], "enabled": false },
								"south": { "texture": "#large-flowering", "uv": [ 0.0, 0.0, 0.5, 7.0 ], "enabled": false },
								"west": { "texture": "#large-flowering", "uv": [ 8.0, 7.0, 16.0, 14.0 ] },
								"up": { "texture": "#large-flowering", "uv": [ 0.0, 0.0, 0.5, 8.0 ], "enabled": false },
								"down": { "texture": "#large-flowering", "uv": [ 0.0, 0.0, 0.5, 8.0 ], "enabled": false }
							}
						},
						{
							"name": "W",
							"from": [ -0.5, 0.5, 0.5 ], 
							"to": [ 0.0, 5.5, 4.5 ], 
							"rotationOrigin": [ -0.5, 0.5, 2.5 ],
							"faces": {
								"north": { "texture": "#large", "uv": [ 2.5, 2.5, 3.0, 7.5 ] },
								"east": { "texture": "#large", "uv": [ 2.5, 2.0, 6.5, 7.0 ], "enabled": false },
								"south": { "texture": "#large", "uv": [ 1.0, 2.0, 1.5, 7.0 ] },
								"west": { "texture": "#large", "uv": [ 3.0, 2.0, 7.0, 7.0 ] },
								"up": { "texture": "#large", "uv": [ 3.0, 2.0, 7.0, 2.5 ], "rotation": 90 },
								"down": { "texture": "#large", "uv": [ 2.0, 5.5, 6.0, 6.0 ], "rotation": 90 }
							}
						},
						{
							"name": "N",
							"from": [ 0.5, 0.5, -0.5 ], 
							"to": [ 4.5, 5.5, 0.0 ], 
							"rotationOrigin": [ 2.5, 0.5, 0.0 ],
							"faces": {
								"north": { "texture": "#large", "uv": [ 2.5, 2.5, 6.5, 7.5 ] },
								"east": { "texture": "#large", "uv": [ 2.5, 2.0, 3.0, 7.0 ] },
								"south": { "texture": "#large", "uv": [ 1.0, 2.0, 5.0, 7.0 ], "enabled": false },
								"west": { "texture": "#large", "uv": [ 3.0, 2.0, 3.5, 7.0 ] },
								"up": { "texture": "#large", "uv": [ 3.0, 2.0, 7.0, 2.5 ] },
								"down": { "texture": "#large", "uv": [ 1.5, 5.0, 5.5, 5.5 ] }
							}
						},
						{
							"name": "S",
							"from": [ 0.5, 0.5, 5.0 ], 
							"to": [ 4.5, 5.5, 5.5 ], 
							"rotationOrigin": [ 2.5, 0.5, 5.5 ],
							"faces": {
								"north": { "texture": "#large", "uv": [ 2.5, 2.5, 6.5, 7.5 ], "enabled": false },
								"east": { "texture": "#large", "uv": [ 2.5, 2.0, 3.0, 7.0 ] },
								"south": { "texture": "#large", "uv": [ 1.0, 2.0, 5.0, 7.0 ] },
								"west": { "texture": "#large", "uv": [ 3.0, 2.0, 3.5, 7.0 ] },
								"up": { "texture": "#large", "uv": [ 3.0, 2.0, 7.0, 2.5 ] },
								"down": { "texture": "#large", "uv": [ 2.5, 6.5, 6.5, 7.0 ] }
							}
						},
						{
							"name": "petal N",
							"from": [ 1.5, 6.0, 2.0 ], 
							"to": [ 3.5, 7.5, 2.0 ], 
							"shade": false,
							"rotationOrigin": [ 2.5, 6.0, 2.0 ],
							"rotationX": -25.0,
							"faces": {
								"north": { "texture": "#large", "uv": [ 0.0, 0.0, 2.0, 1.5 ], "enabled": false },
								"east": { "texture": "#large", "uv": [ 0.0, 0.0, 0.5, 1.5 ], "enabled": false },
								"south": { "texture": "#large-flowering", "uv": [ 14.0, 0.0, 16.0, 1.5 ] },
								"west": { "texture": "#large", "uv": [ 0.0, 0.0, 0.5, 1.5 ], "enabled": false },
								"up": { "texture": "#large", "uv": [ 0.0, 0.0, 2.0, 0.5 ], "enabled": false },
								"down": { "texture": "#large", "uv": [ 0.0, 0.0, 2.0, 0.5 ], "enabled": false }
							}
						},
						{
							"name": "petal S",
							"from": [ 1.5, 6.0, 3.0 ], 
							"to": [ 3.5, 7.5, 3.0 ], 
							"shade": false,
							"rotationOrigin": [ 2.5, 6.0, 3.0 ],
							"rotationX": 25.0,
							"faces": {
								"north": { "texture": "#large-flowering", "uv": [ 0.0, 0.0, 2.0, 1.5 ], "enabled": false },
								"east": { "texture": "#large-flowering", "uv": [ 0.0, 0.0, 0.5, 1.5 ], "enabled": false },
								"south": { "texture": "#large-flowering", "uv": [ 14.0, 0.0, 16.0, 1.5 ] },
								"west": { "texture": "#large-flowering", "uv": [ 0.0, 0.0, 0.5, 1.5 ], "enabled": false },
								"up": { "texture": "#large-flowering", "uv": [ 0.0, 0.0, 2.0, 0.5 ], "enabled": false },
								"down": { "texture": "#large-flowering", "uv": [ 0.0, 0.0, 2.0, 0.5 ], "enabled": false }
							}
						},
						{
							"name": "petal W",
							"from": [ 2.0, 6.0, 1.5 ], 
							"to": [ 2.0, 7.5, 3.5 ], 
							"shade": false,
							"rotationOrigin": [ 2.0, 6.0, 2.5 ],
							"rotationZ": 25.0,
							"faces": {
								"north": { "texture": "#large-flowering", "uv": [ 0.0, 0.0, 0.5, 1.5 ], "enabled": false },
								"east": { "texture": "#large-flowering", "uv": [ 14.0, 0.0, 16.0, 1.5 ] },
								"south": { "texture": "#large-flowering", "uv": [ 14.0, 0.5, 14.5, 2.0 ], "enabled": false },
								"west": { "texture": "#large-flowering", "uv": [ 0.0, 0.0, 2.0, 1.5 ], "enabled": false },
								"up": { "texture": "#large-flowering", "uv": [ 0.0, 0.0, 0.5, 2.0 ], "enabled": false },
								"down": { "texture": "#large-flowering", "uv": [ 0.0, 0.0, 0.5, 2.0 ], "enabled": false }
							}
						},
						{
							"name": "petal E",
							"from": [ 3.0, 6.0, 1.5 ], 
							"to": [ 3.0, 7.5, 3.5 ], 
							"shade": false,
							"rotationOrigin": [ 3.0, 6.0, 2.5 ],
							"rotationZ": -25.0,
							"faces": {
								"north": { "texture": "#large-flowering", "uv": [ 0.0, 0.0, 0.5, 1.5 ], "enabled": false },
								"east": { "texture": "#large-flowering", "uv": [ 14.0, 0.0, 16.0, 1.5 ] },
								"south": { "texture": "#large-flowering", "uv": [ 14.0, 0.5, 14.5, 2.0 ], "enabled": false },
								"west": { "texture": "#large-flowering", "uv": [ 0.0, 0.0, 2.0, 1.5 ], "enabled": false },
								"up": { "texture": "#large-flowering", "uv": [ 0.0, 0.0, 0.5, 2.0 ], "enabled": false },
								"down": { "texture": "#large-flowering", "uv": [ 0.0, 0.0, 0.5, 2.0 ], "enabled": false }
							}
						}
					]
				}
			]
		},
		{
			"name": "origin48",
			"from": [ 24.0, 0.0, 8.0 ], 
			"to": [ 24.0, 0.0, 8.0 ], 
			"rotationOrigin": [ 24.0, 0.0, 8.0 ],
			"rotationY": -180.0,
			"faces": {
				"north": { "texture": "#null", "uv": [ 0.0, 0.0, 0.5, 0.5 ], "enabled": false },
				"east": { "texture": "#null", "uv": [ 0.0, 0.0, 0.5, 0.5 ] },
				"south": { "texture": "#null", "uv": [ 0.0, 0.0, 0.5, 0.5 ] },
				"west": { "texture": "#null", "uv": [ 0.0, 0.0, 0.5, 0.5 ] },
				"up": { "texture": "#null", "uv": [ 0.0, 0.0, 0.5, 0.5 ] },
				"down": { "texture": "#null", "uv": [ 0.0, 0.0, 0.5, 0.5 ] }
			},
			"children": [
				{
					"name": "tiny49",
					"from": [ -4.8, 0.0, -1.7 ], 
					"to": [ -2.8, 2.0, 0.3 ], 
					"rotationOrigin": [ -3.3, 0.0, -0.2 ],
					"rotationY": -4.0,
					"faces": {
						"north": { "texture": "#small", "uv": [ 4.5, 2.5, 6.5, 4.5 ] },
						"east": { "texture": "#small", "uv": [ 0.0, 3.0, 2.0, 5.0 ] },
						"south": { "texture": "#small", "uv": [ 2.5, 4.5, 4.5, 6.5 ] },
						"west": { "texture": "#small", "uv": [ 3.5, 3.0, 5.5, 5.0 ] },
						"up": { "texture": "#small", "uv": [ 1.5, 12.5, 3.5, 14.5 ] },
						"down": { "texture": "#small", "uv": [ 5.0, 13.0, 7.0, 15.0 ] }
					},
					"children": [
						{
							"name": "spike 51",
							"from": [ 1.0, 0.0, -1.0 ], 
							"to": [ 1.0, 4.0, 3.0 ], 
							"shade": false,
							"renderPass": 2,
							"rotationOrigin": [ 1.0, 0.0, 1.0 ],
							"faces": {
								"north": { "texture": "#tiny", "uv": [ 0.0, 0.0, 0.5, 4.0 ], "enabled": false },
								"east": { "texture": "#tiny", "uv": [ 12.0, 12.0, 16.0, 16.0 ] },
								"south": { "texture": "#tiny", "uv": [ 0.0, 0.0, 0.5, 4.0 ], "enabled": false },
								"west": { "texture": "#tiny", "uv": [ 0.0, 0.0, 4.0, 4.0 ], "enabled": false },
								"up": { "texture": "#tiny", "uv": [ 0.0, 0.0, 0.5, 4.0 ], "enabled": false },
								"down": { "texture": "#tiny", "uv": [ 0.0, 0.0, 0.5, 4.0 ], "enabled": false }
							}
						},
						{
							"name": "spike 51",
							"from": [ 1.0, 0.0, -1.0 ], 
							"to": [ 1.0, 4.0, 3.0 ], 
							"shade": false,
							"renderPass": 2,
							"rotationOrigin": [ 1.0, 0.0, 1.0 ],
							"rotationY": 90.0,
							"faces": {
								"north": { "texture": "#tiny", "uv": [ 0.0, 0.0, 0.5, 4.0 ], "enabled": false },
								"east": { "texture": "#tiny", "uv": [ 12.0, 12.0, 16.0, 16.0 ] },
								"south": { "texture": "#tiny", "uv": [ 0.0, 0.0, 0.5, 4.0 ], "enabled": false },
								"west": { "texture": "#tiny", "uv": [ 0.0, 0.0, 4.0, 4.0 ], "enabled": false },
								"up": { "texture": "#tiny", "uv": [ 0.0, 0.0, 0.5, 4.0 ], "enabled": false },
								"down": { "texture": "#tiny", "uv": [ 0.0, 0.0, 0.5, 4.0 ], "enabled": false }
							}
						},
						{
							"name": "spike 56",
							"from": [ 1.0, 0.0, -1.0 ], 
							"to": [ 1.0, 4.0, 3.0 ], 
							"shade": false,
							"renderPass": 2,
							"rotationOrigin": [ 1.0, 0.0, 1.0 ],
							"rotationY": 135.0,
							"faces": {
								"north": { "texture": "#tiny", "uv": [ 0.0, 0.0, 0.5, 4.0 ], "enabled": false },
								"east": { "texture": "#tiny", "uv": [ 12.0, 12.0, 16.0, 16.0 ] },
								"south": { "texture": "#tiny", "uv": [ 0.0, 0.0, 0.5, 4.0 ], "enabled": false },
								"west": { "texture": "#tiny", "uv": [ 0.0, 0.0, 4.0, 4.0 ], "enabled": false },
								"up": { "texture": "#tiny", "uv": [ 0.0, 0.0, 0.5, 4.0 ], "enabled": false },
								"down": { "texture": "#tiny", "uv": [ 0.0, 0.0, 0.5, 4.0 ], "enabled": false }
							}
						},
						{
							"name": "spike 56",
							"from": [ 1.0, 0.0, -1.0 ], 
							"to": [ 1.0, 4.0, 3.0 ], 
							"shade": false,
							"renderPass": 2,
							"rotationOrigin": [ 1.0, 0.0, 1.0 ],
							"rotationY": 45.0,
							"faces": {
								"north": { "texture": "#tiny", "uv": [ 0.0, 0.0, 0.5, 4.0 ], "enabled": false },
								"east": { "texture": "#tiny", "uv": [ 12.0, 12.0, 16.0, 16.0 ] },
								"south": { "texture": "#tiny", "uv": [ 0.0, 0.0, 0.5, 4.0 ], "enabled": false },
								"west": { "texture": "#tiny", "uv": [ 0.0, 0.0, 4.0, 4.0 ], "enabled": false },
								"up": { "texture": "#tiny", "uv": [ 0.0, 0.0, 0.5, 4.0 ], "enabled": false },
								"down": { "texture": "#tiny", "uv": [ 0.0, 0.0, 0.5, 4.0 ], "enabled": false }
							}
						}
					]
				},
				{
					"name": "tiny54",
					"from": [ 2.7, 0.0, 2.0 ], 
					"to": [ 4.7, 2.0, 4.0 ], 
					"rotationOrigin": [ 4.2, 0.0, 3.5 ],
					"rotationY": 30.0,
					"faces": {
						"north": { "texture": "#small", "uv": [ 4.5, 2.5, 6.5, 4.5 ] },
						"east": { "texture": "#small", "uv": [ 0.0, 3.0, 2.0, 5.0 ] },
						"south": { "texture": "#small", "uv": [ 2.5, 4.5, 4.5, 6.5 ] },
						"west": { "texture": "#small", "uv": [ 3.5, 3.0, 5.5, 5.0 ] },
						"up": { "texture": "#small", "uv": [ 1.5, 12.5, 3.5, 14.5 ] },
						"down": { "texture": "#small", "uv": [ 5.0, 13.0, 7.0, 15.0 ] }
					},
					"children": [
						{
							"name": "spike 56",
							"from": [ 1.0, 0.0, -1.0 ], 
							"to": [ 1.0, 4.0, 3.0 ], 
							"shade": false,
							"renderPass": 2,
							"rotationOrigin": [ 1.0, 0.0, 1.0 ],
							"faces": {
								"north": { "texture": "#tiny", "uv": [ 0.0, 0.0, 0.5, 4.0 ], "enabled": false },
								"east": { "texture": "#tiny", "uv": [ 12.0, 12.0, 16.0, 16.0 ] },
								"south": { "texture": "#tiny", "uv": [ 0.0, 0.0, 0.5, 4.0 ], "enabled": false },
								"west": { "texture": "#tiny", "uv": [ 0.0, 0.0, 4.0, 4.0 ], "enabled": false },
								"up": { "texture": "#tiny", "uv": [ 0.0, 0.0, 0.5, 4.0 ], "enabled": false },
								"down": { "texture": "#tiny", "uv": [ 0.0, 0.0, 0.5, 4.0 ], "enabled": false }
							}
						},
						{
							"name": "spike 56",
							"from": [ 1.0, 0.0, -1.0 ], 
							"to": [ 1.0, 4.0, 3.0 ], 
							"shade": false,
							"renderPass": 2,
							"rotationOrigin": [ 1.0, 0.0, 1.0 ],
							"rotationY": 90.0,
							"faces": {
								"north": { "texture": "#tiny", "uv": [ 0.0, 0.0, 0.5, 4.0 ], "enabled": false },
								"east": { "texture": "#tiny", "uv": [ 12.0, 12.0, 16.0, 16.0 ] },
								"south": { "texture": "#tiny", "uv": [ 0.0, 0.0, 0.5, 4.0 ], "enabled": false },
								"west": { "texture": "#tiny", "uv": [ 0.0, 0.0, 4.0, 4.0 ], "enabled": false },
								"up": { "texture": "#tiny", "uv": [ 0.0, 0.0, 0.5, 4.0 ], "enabled": false },
								"down": { "texture": "#tiny", "uv": [ 0.0, 0.0, 0.5, 4.0 ], "enabled": false }
							}
						},
						{
							"name": "spike 57",
							"from": [ 1.0, 0.0, -1.0 ], 
							"to": [ 1.0, 4.0, 3.0 ], 
							"shade": false,
							"renderPass": 2,
							"rotationOrigin": [ 1.0, 0.0, 1.0 ],
							"rotationY": 135.0,
							"faces": {
								"north": { "texture": "#tiny", "uv": [ 0.0, 0.0, 0.5, 4.0 ], "enabled": false },
								"east": { "texture": "#tiny", "uv": [ 12.0, 12.0, 16.0, 16.0 ] },
								"south": { "texture": "#tiny", "uv": [ 0.0, 0.0, 0.5, 4.0 ], "enabled": false },
								"west": { "texture": "#tiny", "uv": [ 0.0, 0.0, 4.0, 4.0 ], "enabled": false },
								"up": { "texture": "#tiny", "uv": [ 0.0, 0.0, 0.5, 4.0 ], "enabled": false },
								"down": { "texture": "#tiny", "uv": [ 0.0, 0.0, 0.5, 4.0 ], "enabled": false }
							}
						},
						{
							"name": "spike 58",
							"from": [ 1.0, 0.0, -1.0 ], 
							"to": [ 1.0, 4.0, 3.0 ], 
							"shade": false,
							"renderPass": 2,
							"rotationOrigin": [ 1.0, 0.0, 1.0 ],
							"rotationY": 45.0,
							"faces": {
								"north": { "texture": "#tiny", "uv": [ 0.0, 0.0, 0.5, 4.0 ], "enabled": false },
								"east": { "texture": "#tiny", "uv": [ 12.0, 12.0, 16.0, 16.0 ] },
								"south": { "texture": "#tiny", "uv": [ 0.0, 0.0, 0.5, 4.0 ], "enabled": false },
								"west": { "texture": "#tiny", "uv": [ 0.0, 0.0, 4.0, 4.0 ], "enabled": false },
								"up": { "texture": "#tiny", "uv": [ 0.0, 0.0, 0.5, 4.0 ], "enabled": false },
								"down": { "texture": "#tiny", "uv": [ 0.0, 0.0, 0.5, 4.0 ], "enabled": false }
							}
						}
					]
				},
				{
					"name": "medium flowering59",
					"from": [ -4.2, 0.0, 0.8 ], 
					"to": [ -1.2, 4.0, 3.8 ], 
					"rotationOrigin": [ -2.7, 0.0, 2.3 ],
					"rotationY": -39.0,
					"faces": {
						"north": { "texture": "#medium", "uv": [ 4.5, 1.5, 7.5, 5.5 ] },
						"east": { "texture": "#medium", "uv": [ 0.5, 1.0, 3.5, 5.0 ] },
						"south": { "texture": "#medium", "uv": [ 2.5, 1.5, 5.5, 5.5 ] },
						"west": { "texture": "#medium", "uv": [ 3.5, 1.5, 6.5, 5.5 ] },
						"up": { "texture": "#medium-flowering", "uv": [ 1.0, 12.0, 4.0, 15.0 ] },
						"down": { "texture": "#medium", "uv": [ 5.0, 13.0, 8.0, 16.0 ] }
					},
					"children": [
						{
							"name": "N60",
							"from": [ 0.5, 0.5, -0.5 ], 
							"to": [ 2.5, 3.5, 0.0 ], 
							"rotationOrigin": [ 0.5, 0.5, -0.5 ],
							"faces": {
								"north": { "texture": "#medium", "uv": [ 4.0, 2.5, 6.0, 5.5 ] },
								"east": { "texture": "#medium", "uv": [ 0.0, 0.0, 0.5, 3.0 ] },
								"south": { "texture": "#medium", "uv": [ 0.0, 0.0, 2.0, 3.0 ], "enabled": false },
								"west": { "texture": "#medium", "uv": [ 0.0, 0.0, 0.5, 3.0 ] },
								"up": { "texture": "#medium", "uv": [ 3.5, 2.0, 5.5, 2.5 ] },
								"down": { "texture": "#medium", "uv": [ 2.0, 7.0, 4.0, 7.5 ] }
							}
						},
						{
							"name": "S61",
							"from": [ 0.5, 0.5, 3.0 ], 
							"to": [ 2.5, 3.5, 3.5 ], 
							"rotationOrigin": [ 0.5, 0.5, 3.0 ],
							"faces": {
								"north": { "texture": "#medium", "uv": [ 0.0, 0.0, 2.0, 3.0 ], "enabled": false },
								"east": { "texture": "#medium", "uv": [ 0.0, 0.0, 0.5, 3.0 ] },
								"south": { "texture": "#medium", "uv": [ 5.0, 2.5, 7.0, 5.5 ] },
								"west": { "texture": "#medium", "uv": [ 3.0, 2.0, 3.5, 5.0 ] },
								"up": { "texture": "#medium", "uv": [ 2.0, 2.0, 4.0, 2.5 ] },
								"down": { "texture": "#medium", "uv": [ 4.5, 5.5, 6.5, 6.0 ] }
							}
						},
						{
							"name": "W62",
							"from": [ -0.5, 0.5, 0.5 ], 
							"to": [ 0.0, 3.5, 2.5 ], 
							"rotationOrigin": [ -0.5, 0.5, 0.5 ],
							"faces": {
								"north": { "texture": "#medium", "uv": [ 1.0, 1.5, 1.5, 4.5 ] },
								"east": { "texture": "#medium", "uv": [ 3.5, 3.5, 5.5, 6.5 ], "enabled": false },
								"south": { "texture": "#medium", "uv": [ 0.0, 0.0, 0.5, 3.0 ] },
								"west": { "texture": "#medium", "uv": [ 3.0, 3.0, 5.0, 6.0 ] },
								"up": { "texture": "#medium", "uv": [ 3.0, 2.0, 5.0, 2.5 ], "rotation": 90 },
								"down": { "texture": "#medium", "uv": [ 2.0, 4.5, 4.0, 5.0 ], "rotation": 90 }
							}
						},
						{
							"name": "E63",
							"from": [ 3.0, 0.5, 0.5 ], 
							"to": [ 3.5, 3.5, 2.5 ], 
							"rotationOrigin": [ 3.0, 0.5, 0.5 ],
							"faces": {
								"north": { "texture": "#medium", "uv": [ 2.0, 2.0, 2.5, 5.0 ] },
								"east": { "texture": "#medium", "uv": [ 1.0, 2.0, 3.0, 5.0 ] },
								"south": { "texture": "#medium", "uv": [ 4.0, 1.5, 4.5, 4.5 ] },
								"west": { "texture": "#medium", "uv": [ 0.0, 0.0, 2.0, 3.0 ], "enabled": false },
								"up": { "texture": "#medium", "uv": [ 1.5, 1.5, 3.5, 2.0 ], "rotation": 90 },
								"down": { "texture": "#medium", "uv": [ 2.5, 5.0, 4.5, 5.5 ], "rotation": 90 }
							}
						},
						{
							"name": "spike 64",
							"from": [ 1.5, 0.0, -1.5 ], 
							"to": [ 1.5, 5.0, 4.5 ], 
							"shade": false,
							"renderPass": 2,
							"rotationOrigin": [ 1.5, 0.0, 1.5 ],
							"faces": {
								"north": { "texture": "#medium-flowering", "uv": [ 0.0, 0.0, 0.5, 5.0 ], "enabled": false },
								"east": { "texture": "#medium-flowering", "uv": [ 10.0, 11.0, 16.0, 16.0 ] },
								"south": { "texture": "#medium-flowering", "uv": [ 0.0, 0.0, 0.5, 5.0 ], "enabled": false },
								"west": { "texture": "#medium-flowering", "uv": [ 0.0, 0.0, 6.0, 5.0 ], "enabled": false },
								"up": { "texture": "#medium-flowering", "uv": [ 0.0, 0.0, 0.5, 6.0 ], "enabled": false },
								"down": { "texture": "#medium-flowering", "uv": [ 0.0, 0.0, 0.5, 6.0 ], "enabled": false }
							}
						},
						{
							"name": "spike 65",
							"from": [ 1.5, 0.0, -1.5 ], 
							"to": [ 1.5, 5.0, 4.5 ], 
							"shade": false,
							"renderPass": 2,
							"rotationOrigin": [ 1.5, 0.0, 1.5 ],
							"rotationY": 90.0,
							"faces": {
								"north": { "texture": "#medium-flowering", "uv": [ 0.0, 0.0, 0.5, 5.0 ], "enabled": false },
								"east": { "texture": "#medium-flowering", "uv": [ 10.0, 11.0, 16.0, 16.0 ] },
								"south": { "texture": "#medium-flowering", "uv": [ 0.0, 0.0, 0.5, 5.0 ], "enabled": false },
								"west": { "texture": "#medium-flowering", "uv": [ 0.0, 0.0, 6.0, 5.0 ], "enabled": false },
								"up": { "texture": "#medium-flowering", "uv": [ 0.0, 0.0, 0.5, 6.0 ], "enabled": false },
								"down": { "texture": "#medium-flowering", "uv": [ 0.0, 0.0, 0.5, 6.0 ], "enabled": false }
							}
						},
						{
							"name": "spike 66",
							"from": [ 1.5, 0.0, -1.5 ], 
							"to": [ 1.5, 5.0, 4.5 ], 
							"shade": false,
							"renderPass": 2,
							"rotationOrigin": [ 1.5, 0.0, 1.5 ],
							"rotationY": 135.0,
							"faces": {
								"north": { "texture": "#medium-flowering", "uv": [ 0.0, 0.0, 0.5, 5.0 ], "enabled": false },
								"east": { "texture": "#medium-flowering", "uv": [ 10.0, 11.0, 16.0, 16.0 ] },
								"south": { "texture": "#medium-flowering", "uv": [ 0.0, 0.0, 0.5, 5.0 ], "enabled": false },
								"west": { "texture": "#medium-flowering", "uv": [ 0.0, 0.0, 6.0, 5.0 ], "enabled": false },
								"up": { "texture": "#medium-flowering", "uv": [ 0.0, 0.0, 0.5, 6.0 ], "enabled": false },
								"down": { "texture": "#medium-flowering", "uv": [ 0.0, 0.0, 0.5, 6.0 ], "enabled": false }
							}
						},
						{
							"name": "spike 67",
							"from": [ 1.5, 0.0, -1.5 ], 
							"to": [ 1.5, 5.0, 4.5 ], 
							"shade": false,
							"renderPass": 2,
							"rotationOrigin": [ 1.5, 0.0, 1.5 ],
							"rotationY": 45.0,
							"faces": {
								"north": { "texture": "#medium-flowering", "uv": [ 0.0, 0.0, 0.5, 5.0 ], "enabled": false },
								"east": { "texture": "#medium-flowering", "uv": [ 10.0, 11.0, 16.0, 16.0 ] },
								"south": { "texture": "#medium-flowering", "uv": [ 0.0, 0.0, 0.5, 5.0 ], "enabled": false },
								"west": { "texture": "#medium-flowering", "uv": [ 0.0, 0.0, 6.0, 5.0 ], "enabled": false },
								"up": { "texture": "#medium-flowering", "uv": [ 0.0, 0.0, 0.5, 6.0 ], "enabled": false },
								"down": { "texture": "#medium-flowering", "uv": [ 0.0, 0.0, 0.5, 6.0 ], "enabled": false }
							}
						},
						{
							"name": "petal N68",
							"from": [ 0.5, 3.5, 1.5 ], 
							"to": [ 2.5, 5.0, 1.5 ], 
							"shade": false,
							"rotationOrigin": [ 1.5, 3.5, 1.5 ],
							"rotationX": 25.0,
							"faces": {
								"north": { "texture": "#large", "uv": [ 0.0, 0.0, 2.0, 1.5 ], "enabled": false },
								"east": { "texture": "#large", "uv": [ 0.0, 0.0, 0.5, 1.5 ], "enabled": false },
								"south": { "texture": "#medium-flowering", "uv": [ 14.0, 0.0, 16.0, 1.5 ] },
								"west": { "texture": "#large", "uv": [ 0.0, 0.0, 0.5, 1.5 ], "enabled": false },
								"up": { "texture": "#large", "uv": [ 0.0, 0.0, 2.0, 0.5 ], "enabled": false },
								"down": { "texture": "#large", "uv": [ 0.0, 0.0, 2.0, 0.5 ], "enabled": false }
							}
						},
						{
							"name": "petal S69",
							"from": [ 0.5, 3.5, 1.5 ], 
							"to": [ 2.5, 5.0, 1.5 ], 
							"shade": false,
							"rotationOrigin": [ 1.5, 3.5, 1.5 ],
							"rotationX": -25.0,
							"faces": {
								"north": { "texture": "#medium-flowering", "uv": [ 0.0, 0.0, 2.0, 1.5 ], "enabled": false },
								"east": { "texture": "#medium-flowering", "uv": [ 0.0, 0.0, 0.5, 1.5 ], "enabled": false },
								"south": { "texture": "#medium-flowering", "uv": [ 14.0, 0.0, 16.0, 1.5 ] },
								"west": { "texture": "#medium-flowering", "uv": [ 0.0, 0.0, 0.5, 1.5 ], "enabled": false },
								"up": { "texture": "#medium-flowering", "uv": [ 0.0, 0.0, 2.0, 0.5 ], "enabled": false },
								"down": { "texture": "#medium-flowering", "uv": [ 0.0, 0.0, 2.0, 0.5 ], "enabled": false }
							}
						},
						{
							"name": "petal W70",
							"from": [ 1.5, 3.5, 0.5 ], 
							"to": [ 1.5, 5.0, 2.5 ], 
							"shade": false,
							"rotationOrigin": [ 1.5, 3.5, 1.5 ],
							"rotationZ": 25.0,
							"faces": {
								"north": { "texture": "#medium-flowering", "uv": [ 0.0, 0.0, 0.5, 1.5 ], "enabled": false },
								"east": { "texture": "#medium-flowering", "uv": [ 14.0, 0.0, 16.0, 1.5 ] },
								"south": { "texture": "#medium-flowering", "uv": [ 14.0, 0.5, 14.5, 2.0 ], "enabled": false },
								"west": { "texture": "#medium-flowering", "uv": [ 0.0, 0.0, 2.0, 1.5 ], "enabled": false },
								"up": { "texture": "#medium-flowering", "uv": [ 0.0, 0.0, 0.5, 2.0 ], "enabled": false },
								"down": { "texture": "#medium-flowering", "uv": [ 0.0, 0.0, 0.5, 2.0 ], "enabled": false }
							}
						},
						{
							"name": "petal E71",
							"from": [ 1.5, 3.5, 0.5 ], 
							"to": [ 1.5, 5.0, 2.5 ], 
							"shade": false,
							"rotationOrigin": [ 1.5, 3.5, 1.5 ],
							"rotationZ": -25.0,
							"faces": {
								"north": { "texture": "#medium-flowering", "uv": [ 0.0, 0.0, 0.5, 1.5 ], "enabled": false },
								"east": { "texture": "#medium-flowering", "uv": [ 14.0, 0.0, 16.0, 1.5 ] },
								"south": { "texture": "#medium-flowering", "uv": [ 14.0, 0.5, 14.5, 2.0 ], "enabled": false },
								"west": { "texture": "#medium-flowering", "uv": [ 0.0, 0.0, 2.0, 1.5 ], "enabled": false },
								"up": { "texture": "#medium-flowering", "uv": [ 0.0, 0.0, 0.5, 2.0 ], "enabled": false },
								"down": { "texture": "#medium-flowering", "uv": [ 0.0, 0.0, 0.5, 2.0 ], "enabled": false }
							}
						}
					]
				},
				{
					"name": "tiny72",
					"from": [ 2.9, 0.0, -5.2 ], 
					"to": [ 4.9, 2.0, -3.2 ], 
					"rotationOrigin": [ 4.4, 0.0, -3.7 ],
					"rotationY": 30.0,
					"faces": {
						"north": { "texture": "#small", "uv": [ 4.5, 2.5, 6.5, 4.5 ] },
						"east": { "texture": "#small", "uv": [ 0.0, 3.0, 2.0, 5.0 ] },
						"south": { "texture": "#small", "uv": [ 2.5, 4.5, 4.5, 6.5 ] },
						"west": { "texture": "#small", "uv": [ 3.5, 3.0, 5.5, 5.0 ] },
						"up": { "texture": "#small", "uv": [ 1.5, 12.5, 3.5, 14.5 ] },
						"down": { "texture": "#small", "uv": [ 5.0, 13.0, 7.0, 15.0 ] }
					},
					"children": [
						{
							"name": "spike 73",
							"from": [ 1.0, 0.0, -1.0 ], 
							"to": [ 1.0, 4.0, 3.0 ], 
							"shade": false,
							"renderPass": 2,
							"rotationOrigin": [ 1.0, 0.0, 1.0 ],
							"faces": {
								"north": { "texture": "#tiny", "uv": [ 0.0, 0.0, 0.5, 4.0 ], "enabled": false },
								"east": { "texture": "#tiny", "uv": [ 12.0, 12.0, 16.0, 16.0 ] },
								"south": { "texture": "#tiny", "uv": [ 0.0, 0.0, 0.5, 4.0 ], "enabled": false },
								"west": { "texture": "#tiny", "uv": [ 0.0, 0.0, 4.0, 4.0 ], "enabled": false },
								"up": { "texture": "#tiny", "uv": [ 0.0, 0.0, 0.5, 4.0 ], "enabled": false },
								"down": { "texture": "#tiny", "uv": [ 0.0, 0.0, 0.5, 4.0 ], "enabled": false }
							}
						},
						{
							"name": "spike 74",
							"from": [ 1.0, 0.0, -1.0 ], 
							"to": [ 1.0, 4.0, 3.0 ], 
							"shade": false,
							"renderPass": 2,
							"rotationOrigin": [ 1.0, 0.0, 1.0 ],
							"rotationY": 90.0,
							"faces": {
								"north": { "texture": "#tiny", "uv": [ 0.0, 0.0, 0.5, 4.0 ], "enabled": false },
								"east": { "texture": "#tiny", "uv": [ 12.0, 12.0, 16.0, 16.0 ] },
								"south": { "texture": "#tiny", "uv": [ 0.0, 0.0, 0.5, 4.0 ], "enabled": false },
								"west": { "texture": "#tiny", "uv": [ 0.0, 0.0, 4.0, 4.0 ], "enabled": false },
								"up": { "texture": "#tiny", "uv": [ 0.0, 0.0, 0.5, 4.0 ], "enabled": false },
								"down": { "texture": "#tiny", "uv": [ 0.0, 0.0, 0.5, 4.0 ], "enabled": false }
							}
						},
						{
							"name": "spike 75",
							"from": [ 1.0, 0.0, -1.0 ], 
							"to": [ 1.0, 4.0, 3.0 ], 
							"shade": false,
							"renderPass": 2,
							"rotationOrigin": [ 1.0, 0.0, 1.0 ],
							"rotationY": 135.0,
							"faces": {
								"north": { "texture": "#tiny", "uv": [ 0.0, 0.0, 0.5, 4.0 ], "enabled": false },
								"east": { "texture": "#tiny", "uv": [ 12.0, 12.0, 16.0, 16.0 ] },
								"south": { "texture": "#tiny", "uv": [ 0.0, 0.0, 0.5, 4.0 ], "enabled": false },
								"west": { "texture": "#tiny", "uv": [ 0.0, 0.0, 4.0, 4.0 ], "enabled": false },
								"up": { "texture": "#tiny", "uv": [ 0.0, 0.0, 0.5, 4.0 ], "enabled": false },
								"down": { "texture": "#tiny", "uv": [ 0.0, 0.0, 0.5, 4.0 ], "enabled": false }
							}
						},
						{
							"name": "spike 76",
							"from": [ 1.0, 0.0, -1.0 ], 
							"to": [ 1.0, 4.0, 3.0 ], 
							"shade": false,
							"renderPass": 2,
							"rotationOrigin": [ 1.0, 0.0, 1.0 ],
							"rotationY": 45.0,
							"faces": {
								"north": { "texture": "#tiny", "uv": [ 0.0, 0.0, 0.5, 4.0 ], "enabled": false },
								"east": { "texture": "#tiny", "uv": [ 12.0, 12.0, 16.0, 16.0 ] },
								"south": { "texture": "#tiny", "uv": [ 0.0, 0.0, 0.5, 4.0 ], "enabled": false },
								"west": { "texture": "#tiny", "uv": [ 0.0, 0.0, 4.0, 4.0 ], "enabled": false },
								"up": { "texture": "#tiny", "uv": [ 0.0, 0.0, 0.5, 4.0 ], "enabled": false },
								"down": { "texture": "#tiny", "uv": [ 0.0, 0.0, 0.5, 4.0 ], "enabled": false }
							}
						}
					]
				},
				{
					"name": "tiny77",
					"from": [ -2.7, 0.0, -4.7 ], 
					"to": [ -0.7, 2.0, -2.7 ], 
					"rotationOrigin": [ -1.2, 0.0, -3.2 ],
					"rotationY": -15.0,
					"faces": {
						"north": { "texture": "#small", "uv": [ 4.5, 2.5, 6.5, 4.5 ] },
						"east": { "texture": "#small", "uv": [ 0.0, 3.0, 2.0, 5.0 ] },
						"south": { "texture": "#small", "uv": [ 2.5, 4.5, 4.5, 6.5 ] },
						"west": { "texture": "#small", "uv": [ 3.5, 3.0, 5.5, 5.0 ] },
						"up": { "texture": "#small", "uv": [ 1.5, 12.5, 3.5, 14.5 ] },
						"down": { "texture": "#small", "uv": [ 5.0, 13.0, 7.0, 15.0 ] }
					},
					"children": [
						{
							"name": "spike 78",
							"from": [ 1.0, 0.0, -1.0 ], 
							"to": [ 1.0, 4.0, 3.0 ], 
							"shade": false,
							"renderPass": 2,
							"rotationOrigin": [ 1.0, 0.0, 1.0 ],
							"faces": {
								"north": { "texture": "#tiny", "uv": [ 0.0, 0.0, 0.5, 4.0 ], "enabled": false },
								"east": { "texture": "#tiny", "uv": [ 12.0, 12.0, 16.0, 16.0 ] },
								"south": { "texture": "#tiny", "uv": [ 0.0, 0.0, 0.5, 4.0 ], "enabled": false },
								"west": { "texture": "#tiny", "uv": [ 0.0, 0.0, 4.0, 4.0 ], "enabled": false },
								"up": { "texture": "#tiny", "uv": [ 0.0, 0.0, 0.5, 4.0 ], "enabled": false },
								"down": { "texture": "#tiny", "uv": [ 0.0, 0.0, 0.5, 4.0 ], "enabled": false }
							}
						},
						{
							"name": "spike 79",
							"from": [ 1.0, 0.0, -1.0 ], 
							"to": [ 1.0, 4.0, 3.0 ], 
							"shade": false,
							"renderPass": 2,
							"rotationOrigin": [ 1.0, 0.0, 1.0 ],
							"rotationY": 90.0,
							"faces": {
								"north": { "texture": "#tiny", "uv": [ 0.0, 0.0, 0.5, 4.0 ], "enabled": false },
								"east": { "texture": "#tiny", "uv": [ 12.0, 12.0, 16.0, 16.0 ] },
								"south": { "texture": "#tiny", "uv": [ 0.0, 0.0, 0.5, 4.0 ], "enabled": false },
								"west": { "texture": "#tiny", "uv": [ 0.0, 0.0, 4.0, 4.0 ], "enabled": false },
								"up": { "texture": "#tiny", "uv": [ 0.0, 0.0, 0.5, 4.0 ], "enabled": false },
								"down": { "texture": "#tiny", "uv": [ 0.0, 0.0, 0.5, 4.0 ], "enabled": false }
							}
						},
						{
							"name": "spike 80",
							"from": [ 1.0, 0.0, -1.0 ], 
							"to": [ 1.0, 4.0, 3.0 ], 
							"shade": false,
							"renderPass": 2,
							"rotationOrigin": [ 1.0, 0.0, 1.0 ],
							"rotationY": 135.0,
							"faces": {
								"north": { "texture": "#tiny", "uv": [ 0.0, 0.0, 0.5, 4.0 ], "enabled": false },
								"east": { "texture": "#tiny", "uv": [ 12.0, 12.0, 16.0, 16.0 ] },
								"south": { "texture": "#tiny", "uv": [ 0.0, 0.0, 0.5, 4.0 ], "enabled": false },
								"west": { "texture": "#tiny", "uv": [ 0.0, 0.0, 4.0, 4.0 ], "enabled": false },
								"up": { "texture": "#tiny", "uv": [ 0.0, 0.0, 0.5, 4.0 ], "enabled": false },
								"down": { "texture": "#tiny", "uv": [ 0.0, 0.0, 0.5, 4.0 ], "enabled": false }
							}
						},
						{
							"name": "spike 81",
							"from": [ 1.0, 0.0, -1.0 ], 
							"to": [ 1.0, 4.0, 3.0 ], 
							"shade": false,
							"renderPass": 2,
							"rotationOrigin": [ 1.0, 0.0, 1.0 ],
							"rotationY": 45.0,
							"faces": {
								"north": { "texture": "#tiny", "uv": [ 0.0, 0.0, 0.5, 4.0 ], "enabled": false },
								"east": { "texture": "#tiny", "uv": [ 12.0, 12.0, 16.0, 16.0 ] },
								"south": { "texture": "#tiny", "uv": [ 0.0, 0.0, 0.5, 4.0 ], "enabled": false },
								"west": { "texture": "#tiny", "uv": [ 0.0, 0.0, 4.0, 4.0 ], "enabled": false },
								"up": { "texture": "#tiny", "uv": [ 0.0, 0.0, 0.5, 4.0 ], "enabled": false },
								"down": { "texture": "#tiny", "uv": [ 0.0, 0.0, 0.5, 4.0 ], "enabled": false }
							}
						}
					]
				},
				{
					"name": "large flowering82",
					"from": [ -0.7, 0.0, -3.3 ], 
					"to": [ 4.3, 6.0, 1.7 ], 
					"rotationOrigin": [ 1.8, 0.0, -0.8 ],
					"rotationY": -25.0,
					"faces": {
						"north": { "texture": "#large-flowering", "uv": [ 2.0, 1.0, 7.0, 7.0 ] },
						"east": { "texture": "#large-flowering", "uv": [ 2.0, 1.0, 7.0, 7.0 ] },
						"south": { "texture": "#large-flowering", "uv": [ 2.0, 1.0, 7.0, 7.0 ] },
						"west": { "texture": "#large-flowering", "uv": [ 2.0, 1.0, 7.0, 7.0 ] },
						"up": { "texture": "#large-flowering", "uv": [ 0.5, 10.5, 5.5, 15.5 ] },
						"down": { "texture": "#large-flowering", "uv": [ 9.5, 10.5, 14.5, 15.5 ] }
					},
					"children": [
						{
							"name": "E83",
							"from": [ 5.0, 0.5, 0.5 ], 
							"to": [ 5.5, 5.5, 4.5 ], 
							"rotationOrigin": [ 5.0, 0.5, 2.5 ],
							"faces": {
								"north": { "texture": "#large", "uv": [ 5.0, 2.0, 5.5, 7.0 ] },
								"east": { "texture": "#large", "uv": [ 2.5, 2.0, 6.5, 7.0 ] },
								"south": { "texture": "#large", "uv": [ 1.0, 2.0, 1.5, 7.0 ] },
								"west": { "texture": "#large", "uv": [ 3.0, 2.0, 7.0, 7.0 ], "enabled": false },
								"up": { "texture": "#large", "uv": [ 3.0, 2.0, 7.0, 2.5 ], "rotation": 90 },
								"down": { "texture": "#large", "uv": [ 2.0, 6.0, 6.0, 6.5 ], "rotation": 90 }
							}
						},
						{
							"name": "spikes 84",
							"from": [ 2.5, 0.0, -1.5 ], 
							"to": [ 2.5, 7.0, 6.5 ], 
							"shade": false,
							"renderPass": 2,
							"rotationOrigin": [ 4.75, 0.0, 2.25 ],
							"faces": {
								"north": { "texture": "#large-flowering", "uv": [ 0.0, 0.0, 0.5, 7.0 ], "enabled": false },
								"east": { "texture": "#large-flowering", "uv": [ 0.0, 0.0, 8.0, 7.0 ], "enabled": false },
								"south": { "texture": "#large-flowering", "uv": [ 0.0, 0.0, 0.5, 7.0 ], "enabled": false },
								"west": { "texture": "#large-flowering", "uv": [ 8.0, 7.0, 16.0, 14.0 ] },
								"up": { "texture": "#large-flowering", "uv": [ 0.0, 0.0, 0.5, 8.0 ], "enabled": false },
								"down": { "texture": "#large-flowering", "uv": [ 0.0, 0.0, 0.5, 8.0 ], "enabled": false }
							}
						},
						{
							"name": "spikes 85",
							"from": [ 2.2, 0.0, -1.3 ], 
							"to": [ 2.2, 7.0, 6.7 ], 
							"shade": false,
							"renderPass": 2,
							"rotationOrigin": [ 2.25, 0.0, 2.45 ],
							"rotationY": 90.0,
							"faces": {
								"north": { "texture": "#large-flowering", "uv": [ 0.0, 0.0, 0.5, 7.0 ], "enabled": false },
								"east": { "texture": "#large-flowering", "uv": [ 0.0, 0.0, 8.0, 7.0 ], "enabled": false },
								"south": { "texture": "#large-flowering", "uv": [ 0.0, 0.0, 0.5, 7.0 ], "enabled": false },
								"west": { "texture": "#large-flowering", "uv": [ 8.0, 7.0, 16.0, 14.0 ] },
								"up": { "texture": "#large-flowering", "uv": [ 0.0, 0.0, 0.5, 8.0 ], "enabled": false },
								"down": { "texture": "#large-flowering", "uv": [ 0.0, 0.0, 0.5, 8.0 ], "enabled": false }
							}
						},
						{
							"name": "spikes 86",
							"from": [ 2.3, 0.0, -1.4 ], 
							"to": [ 2.3, 7.0, 6.6 ], 
							"shade": false,
							"renderPass": 2,
							"rotationOrigin": [ 2.35, 0.0, 2.35 ],
							"rotationY": 45.0,
							"faces": {
								"north": { "texture": "#large-flowering", "uv": [ 0.0, 0.0, 0.5, 7.0 ], "enabled": false },
								"east": { "texture": "#large-flowering", "uv": [ 0.0, 0.0, 8.0, 7.0 ], "enabled": false },
								"south": { "texture": "#large-flowering", "uv": [ 0.0, 0.0, 0.5, 7.0 ], "enabled": false },
								"west": { "texture": "#large-flowering", "uv": [ 8.0, 7.0, 16.0, 14.0 ] },
								"up": { "texture": "#large-flowering", "uv": [ 0.0, 0.0, 0.5, 8.0 ], "enabled": false },
								"down": { "texture": "#large-flowering", "uv": [ 0.0, 0.0, 0.5, 8.0 ], "enabled": false }
							}
						},
						{
							"name": "spikes 87",
							"from": [ 2.6, 0.0, -1.3 ], 
							"to": [ 2.6, 7.0, 6.7 ], 
							"shade": false,
							"renderPass": 2,
							"rotationOrigin": [ 2.7, 0.0, 2.5 ],
							"rotationY": -45.0,
							"faces": {
								"north": { "texture": "#large-flowering", "uv": [ 0.0, 0.0, 0.5, 7.0 ], "enabled": false },
								"east": { "texture": "#large-flowering", "uv": [ 0.0, 0.0, 8.0, 7.0 ], "enabled": false },
								"south": { "texture": "#large-flowering", "uv": [ 0.0, 0.0, 0.5, 7.0 ], "enabled": false },
								"west": { "texture": "#large-flowering", "uv": [ 8.0, 7.0, 16.0, 14.0 ] },
								"up": { "texture": "#large-flowering", "uv": [ 0.0, 0.0, 0.5, 8.0 ], "enabled": false },
								"down": { "texture": "#large-flowering", "uv": [ 0.0, 0.0, 0.5, 8.0 ], "enabled": false }
							}
						},
						{
							"name": "W88",
							"from": [ -0.5, 0.5, 0.5 ], 
							"to": [ 0.0, 5.5, 4.5 ], 
							"rotationOrigin": [ -0.5, 0.5, 2.5 ],
							"faces": {
								"north": { "texture": "#large", "uv": [ 2.5, 2.5, 3.0, 7.5 ] },
								"east": { "texture": "#large", "uv": [ 2.5, 2.0, 6.5, 7.0 ], "enabled": false },
								"south": { "texture": "#large", "uv": [ 1.0, 2.0, 1.5, 7.0 ] },
								"west": { "texture": "#large", "uv": [ 3.0, 2.0, 7.0, 7.0 ] },
								"up": { "texture": "#large", "uv": [ 3.0, 2.0, 7.0, 2.5 ], "rotation": 90 },
								"down": { "texture": "#large", "uv": [ 2.0, 5.5, 6.0, 6.0 ], "rotation": 90 }
							}
						},
						{
							"name": "N89",
							"from": [ 0.5, 0.5, -0.5 ], 
							"to": [ 4.5, 5.5, 0.0 ], 
							"rotationOrigin": [ 2.5, 0.5, 0.0 ],
							"faces": {
								"north": { "texture": "#large", "uv": [ 2.5, 2.5, 6.5, 7.5 ] },
								"east": { "texture": "#large", "uv": [ 2.5, 2.0, 3.0, 7.0 ] },
								"south": { "texture": "#large", "uv": [ 1.0, 2.0, 5.0, 7.0 ], "enabled": false },
								"west": { "texture": "#large", "uv": [ 3.0, 2.0, 3.5, 7.0 ] },
								"up": { "texture": "#large", "uv": [ 3.0, 2.0, 7.0, 2.5 ] },
								"down": { "texture": "#large", "uv": [ 1.5, 5.0, 5.5, 5.5 ] }
							}
						},
						{
							"name": "S90",
							"from": [ 0.5, 0.5, 5.0 ], 
							"to": [ 4.5, 5.5, 5.5 ], 
							"rotationOrigin": [ 2.5, 0.5, 5.5 ],
							"faces": {
								"north": { "texture": "#large", "uv": [ 2.5, 2.5, 6.5, 7.5 ], "enabled": false },
								"east": { "texture": "#large", "uv": [ 2.5, 2.0, 3.0, 7.0 ] },
								"south": { "texture": "#large", "uv": [ 1.0, 2.0, 5.0, 7.0 ] },
								"west": { "texture": "#large", "uv": [ 3.0, 2.0, 3.5, 7.0 ] },
								"up": { "texture": "#large", "uv": [ 3.0, 2.0, 7.0, 2.5 ] },
								"down": { "texture": "#large", "uv": [ 2.5, 6.5, 6.5, 7.0 ] }
							}
						},
						{
							"name": "petal N91",
							"from": [ 1.5, 6.0, 2.0 ], 
							"to": [ 3.5, 7.5, 2.0 ], 
							"shade": false,
							"rotationOrigin": [ 2.5, 6.0, 2.0 ],
							"rotationX": -25.0,
							"faces": {
								"north": { "texture": "#large", "uv": [ 0.0, 0.0, 2.0, 1.5 ], "enabled": false },
								"east": { "texture": "#large", "uv": [ 0.0, 0.0, 0.5, 1.5 ], "enabled": false },
								"south": { "texture": "#large-flowering", "uv": [ 14.0, 0.0, 16.0, 1.5 ] },
								"west": { "texture": "#large", "uv": [ 0.0, 0.0, 0.5, 1.5 ], "enabled": false },
								"up": { "texture": "#large", "uv": [ 0.0, 0.0, 2.0, 0.5 ], "enabled": false },
								"down": { "texture": "#large", "uv": [ 0.0, 0.0, 2.0, 0.5 ], "enabled": false }
							}
						},
						{
							"name": "petal S92",
							"from": [ 1.5, 6.0, 3.0 ], 
							"to": [ 3.5, 7.5, 3.0 ], 
							"shade": false,
							"rotationOrigin": [ 2.5, 6.0, 3.0 ],
							"rotationX": 25.0,
							"faces": {
								"north": { "texture": "#large-flowering", "uv": [ 0.0, 0.0, 2.0, 1.5 ], "enabled": false },
								"east": { "texture": "#large-flowering", "uv": [ 0.0, 0.0, 0.5, 1.5 ], "enabled": false },
								"south": { "texture": "#large-flowering", "uv": [ 14.0, 0.0, 16.0, 1.5 ] },
								"west": { "texture": "#large-flowering", "uv": [ 0.0, 0.0, 0.5, 1.5 ], "enabled": false },
								"up": { "texture": "#large-flowering", "uv": [ 0.0, 0.0, 2.0, 0.5 ], "enabled": false },
								"down": { "texture": "#large-flowering", "uv": [ 0.0, 0.0, 2.0, 0.5 ], "enabled": false }
							}
						},
						{
							"name": "petal W93",
							"from": [ 2.0, 6.0, 1.5 ], 
							"to": [ 2.0, 7.5, 3.5 ], 
							"shade": false,
							"rotationOrigin": [ 2.0, 6.0, 2.5 ],
							"rotationZ": 25.0,
							"faces": {
								"north": { "texture": "#large-flowering", "uv": [ 0.0, 0.0, 0.5, 1.5 ], "enabled": false },
								"east": { "texture": "#large-flowering", "uv": [ 14.0, 0.0, 16.0, 1.5 ] },
								"south": { "texture": "#large-flowering", "uv": [ 14.0, 0.5, 14.5, 2.0 ], "enabled": false },
								"west": { "texture": "#large-flowering", "uv": [ 0.0, 0.0, 2.0, 1.5 ], "enabled": false },
								"up": { "texture": "#large-flowering", "uv": [ 0.0, 0.0, 0.5, 2.0 ], "enabled": false },
								"down": { "texture": "#large-flowering", "uv": [ 0.0, 0.0, 0.5, 2.0 ], "enabled": false }
							}
						},
						{
							"name": "petal E94",
							"from": [ 3.0, 6.0, 1.5 ], 
							"to": [ 3.0, 7.5, 3.5 ], 
							"shade": false,
							"rotationOrigin": [ 3.0, 6.0, 2.5 ],
							"rotationZ": -25.0,
							"faces": {
								"north": { "texture": "#large-flowering", "uv": [ 0.0, 0.0, 0.5, 1.5 ], "enabled": false },
								"east": { "texture": "#large-flowering", "uv": [ 14.0, 0.0, 16.0, 1.5 ] },
								"south": { "texture": "#large-flowering", "uv": [ 14.0, 0.5, 14.5, 2.0 ], "enabled": false },
								"west": { "texture": "#large-flowering", "uv": [ 0.0, 0.0, 2.0, 1.5 ], "enabled": false },
								"up": { "texture": "#large-flowering", "uv": [ 0.0, 0.0, 0.5, 2.0 ], "enabled": false },
								"down": { "texture": "#large-flowering", "uv": [ 0.0, 0.0, 0.5, 2.0 ], "enabled": false }
							}
						}
					]
				}
			]
		}
	]}