{
	"editor": {
		"allAngles": false,
		"entityTextureMode": false
	},
	"textureWidth": 16,
	"textureHeight": 16,
	"textureSizes": {
	},
	"textures": {
	},
	"elements": [
		{
			"name": "origin",
			"from": [ 8.0, 5.0, 8.0 ],
			"to": [ 8.0, 5.0, 8.0 ],
			"rotationOrigin": [ 8.0, 5.0, 8.0 ],
			"rotationY": 90.0,
			"faces": {
				"north": { "texture": "#null", "uv": [ 0.0, 0.0, 0.5, 0.5 ] },
				"east": { "texture": "#null", "uv": [ 0.0, 0.0, 0.5, 0.5 ] },
				"south": { "texture": "#null", "uv": [ 0.0, 0.0, 0.5, 0.5 ] },
				"west": { "texture": "#null", "uv": [ 0.0, 0.0, 0.5, 0.5 ] },
				"up": { "texture": "#null", "uv": [ 0.0, 0.0, 0.5, 0.5 ] },
				"down": { "texture": "#null", "uv": [ 0.0, 0.0, 0.5, 0.5 ] }
			},
			"children": [
				{
					"name": "handleB",
					"from": [ 1.0, 0.3, 0.3 ],
					"to": [ 2.0, 1.3, 7.3 ],
					"rotationOrigin": [ 1.0, 0.3, 0.3 ],
					"rotationY": 10.0,
					"faces": {
						"north": { "texture": "#metal", "uv": [ 0.0, 0.0, 1.0, 1.0 ] },
						"east": { "texture": "#metal", "uv": [ 0.0, 0.0, 7.0, 1.0 ] },
						"south": { "texture": "#metal", "uv": [ 0.0, 0.0, 1.0, 1.0 ] },
						"west": { "texture": "#metal", "uv": [ 0.0, 0.0, 7.0, 1.0 ] },
						"up": { "texture": "#metal", "uv": [ 0.0, 0.0, 1.0, 7.0 ] },
						"down": { "texture": "#metal", "uv": [ 0.0, 0.0, 1.0, 7.0 ] }
					},
					"children": [
						{
							"name": "bfore",
							"from": [ 0.0, 0.0, 0.1 ],
							"to": [ 5.0, 1.0, 1.1 ],
							"rotationOrigin": [ 0.0, 0.0, 0.1 ],
							"rotationY": 95.0,
							"faces": {
								"north": { "texture": "#metal", "uv": [ 0.0, 0.0, 5.0, 1.0 ] },
								"east": { "texture": "#metal", "uv": [ 0.0, 0.0, 1.0, 1.0 ] },
								"south": { "texture": "#metal", "uv": [ 0.0, 0.0, 5.0, 1.0 ] },
								"west": { "texture": "#metal", "uv": [ 0.0, 0.0, 1.0, 1.0 ] },
								"up": { "texture": "#metal", "uv": [ 0.0, 0.0, 5.0, 1.0 ] },
								"down": { "texture": "#metal", "uv": [ 0.0, 0.0, 5.0, 1.0 ] }
							},
							"children": [
								{
									"name": "grabberupperB",
									"from": [ 5.0, 0.0, 0.5 ],
									"to": [ 7.0, 1.0, 1.1 ],
									"rotationOrigin": [ 5.0, 0.0, 0.5 ],
									"rotationY": -67.5,
									"faces": {
										"north": { "texture": "#metal", "uv": [ 0.0, 0.0, 2.0, 1.0 ] },
										"east": { "texture": "#metal", "uv": [ 0.0, 0.0, 0.5, 1.0 ] },
										"south": { "texture": "#metal", "uv": [ 0.0, 0.0, 2.0, 1.0 ] },
										"west": { "texture": "#metal", "uv": [ 0.0, 0.0, 0.5, 1.0 ] },
										"up": { "texture": "#metal", "uv": [ 0.0, 0.0, 2.0, 0.5 ] },
										"down": { "texture": "#metal", "uv": [ 0.0, 0.0, 2.0, 0.5 ] }
									},
									"children": [
										{
											"name": "grabberlowerB",
											"from": [ 1.4, 0.0, 0.0 ],
											"to": [ 2.8, 1.0, 0.6 ],
											"rotationOrigin": [ 1.4, 0.0, 0.0 ],
											"rotationY": 90.0,
											"faces": {
												"north": { "texture": "#metal", "uv": [ 0.0, 0.0, 1.0, 1.0 ] },
												"east": { "texture": "#metal", "uv": [ 0.0, 0.0, 0.5, 1.0 ] },
												"south": { "texture": "#metal", "uv": [ 0.0, 0.0, 1.0, 1.0 ] },
												"west": { "texture": "#metal", "uv": [ 0.0, 0.0, 0.5, 1.0 ] },
												"up": { "texture": "#metal", "uv": [ 0.0, 0.0, 1.0, 0.5 ] },
												"down": { "texture": "#metal", "uv": [ 0.0, 0.0, 1.0, 0.5 ] }
											}
										}
									]
								}
							]
						}
					]
				}
			]
		}
	]}