{
	"code": "monoceros-indicus-male",
	"class": "EntityAgent",
	"hitboxSize": { "x": 2.0, "y": 1.5 },
	"deadHitboxSize": { "x": 2.0, "y": 1.5 },
	"eyeHeight": 1.5,
	"attributes": {
		"basketCatchable": true,
		"trapChance": 0.0,
		"trapDestroyChance": 1.0,
		"creatureDiet": {
			"foodCategories": ["Fruit","Grain","Vegetable"],
			"foodTags": ["fruitmash","grass","nibblecrop","sweetBerryBush"]
		},
		"handbook": {
			"groupcode": "creaturegroup-monoceros"
		}
	},
	"drops": [],
	"client": {
		"renderer": "Shape",
		"shape": { "base": "entity/land/indicus-old/adult-male" },
		"texture": { "base": "entity/indicus-old/indicus-male"},
		"behaviors": [
			{ "code": "repulseagents" },
			{ "code": "controlledphysics", "stepHeight": 1.1251 },
			{ "code": "floatupwhenstuck", "onlyWhenDead": true },
			{ "code": "interpolateposition" },
			{ "code": "harvestable" },
			{ "code": "despawn", "minPlayerDistance": 8, "belowLightLevel": 8, "minSeconds": 300 },
			{ "code": "ropetieable", "minGeneration": 2 }
		],
		"animations": [
			{
				"code": "hurt",
				"animation": "Hurt",
				"animationSpeed": 1,
				"weight": 10,
				"blendMode": "AddAverage"
			},
			{
				"code": "die",
				"animation": "die",
				"animationSpeed": 2,
				"weight": 10,
				"blendMode": "Average",
				"triggeredBy": { "onControls": ["dead"] }
			},
			{
				"code": "idle",
				"animation": "idle",
				"blendMode": "AddAverage",
				"easeOutSpeed": 4,
				"triggeredBy": { "defaultAnim": true }
			},
			{
				"code": "sleep",
				"animation": "sleep",
				"easeInSpeed": 4,
				"easeOutSpeed": 4,
				"blendMode": "Average"
			},
			{
				"code": "sit",
				"animation": "sit",
				"easeInSpeed": 4,
				"easeOutSpeed": 4,
				"blendMode": "Average"
			}
		]
	},
	"server": {
		"behaviors": [
			{ "code": "repulseagents" },
			{ "code": "controlledphysics", "stepHeight": 1.1251 },
			{ "code": "despawn", "minPlayerDistance": 8, "belowLightLevel": 8, "minSeconds": 300 },
			{
				"code": "health",
				"currentHealth": 44,
				"maxhealth": 44
			},
			{ "code": "deaddecay", "hoursToDecay": 96, "decayedBlock": "game:carcass-medium" },
			{ "code": "floatupwhenstuck", "onlyWhenDead": true },
			{
				"code": "harvestable",
				"drops": [
					{
						"type": "item",
						"code": "game:redmeat-raw",
						"quantity": { "avg": 12, "var": 1.5 }
					},
					{
						"type": "item",
						"code": "game:hide-raw-medium",
						"quantity": { "avg": 1.5, "var": 0 }
					},
					{
						"type": "item",
						"code": "game:fat",
						"quantity": { "avg": 3, "var": 0 }
					}
				]
			},
			{ "code": "breathe" },
			{
				"code": "emotionstates",
				"states": [
					{ "code": "fleeondamage", "duration": 60, "chance": 0.8, "slot": 0, "priority": 5, "accumType": "max", "whenHealthRelBelow": 0.4 },
					{ "code": "aggressiveondamage", "duration": 20, "chance": 0.9, "slot": 0, "priority": 2, "accumType": "noaccum" },
					{ "code": "fleeondamage", "duration": 10, "chance": 1, "slot": 0, "priority": 1, "accumType": "max" },
					{ "code": "alarmherdondamage", "chance": 1, "slot": 1, "priority": 1, "accumType": "max" },
					{ "code": "aggressivearoundentities", "duration": 60, "chance": 1, "slot": 2, "priority": 1, "entityCodes": ["monoceros-indicus-baby"], "maxGeneration": 2 }
				]
			},
			{
				"code": "taskai",
				"aiCreatureType": "LandCreature",
				"aitasks": [
					{
						"code": "meleeattack",
						"entityCodes": ["player","bear-*","wolf-*"],
						"priority": 2,
						"damage": 15,
						"damageTier": 2,
						"damageType": "SlashingAttack",
						"slot": 1,
						"mincooldown": 1500, 
						"maxcooldown": 1500, 
						"attackDurationMs": 800,
						"damagePlayerAtMs": 500,
						"animation": "Attack",
						"animationSpeed": 1,
						"whenInEmotionState": "aggressiveondamage|aggressivearoundentities"
					},
					{
						"code": "seekentity",
						"entityCodes": ["player"],
						"priority": 1.5,
						"mincooldown": 1000,
						"maxcooldown": 1500,
						"seekingRange": 20,
						"movespeed": 0.037,
						"animation": "Charge",
						"animationSpeed": 1,
						"whenInEmotionState": "aggressiveondamage|aggressivearoundentities"
					},
					{
						"code": "fleeentity",
						"whenInEmotionState": "fleeondamage",
						"entityCodes": ["player", "bear-*"],
						"priority": 1.8,
						"movespeed": 0.05,
						"seekingRange": 12,
						"animation": "Gallop",
						"animationSpeed": 2
					},
					{
						"code": "getoutofwater",
						"priority": 1.4,
						"movespeed": 0.015,
						"animation": "Swim",
						"animationSpeed": 1
					},
					{
						"code": "idle",
						"priority": 1.35,
						"minduration": 200000,
						"maxduration": 800000,
						"mincooldown": 10000,
						"maxcooldown": 30000,
						"priorityForCancel": 1.35,
						"animation": "Sleep",
						"whenNotInEmotionState": "aggressiveondamage",
						"duringDayTimeFrames": [{"fromHour": 22,"toHour": 24},{"fromHour": 0,"toHour": 5}],
						"stopOnNearbyEntityCodes": ["player"],
						"stopRange": 6,
						"stopOnHurt": true
					},
					{
						"code": "seekfoodandeat",
						"movespeed": 0.010,
						"priority": 1.3,
						"animationSpeed": 1.2,
						"animation": "Walk",
						"eatAnimation": "Eat",
						"eatSound": "game:creature/animal-eat2",
						"eatTime": 1.5,
						"mincooldownHours": 1,
						"maxcooldownHours": 4
					},
					{
						"code": "idle",
						"priority": 1.2,
						"priorityForCancel": 1.35,
						"minduration": 3200,
						"maxduration": 3200,
						"mincooldown": 6000,
						"maxcooldown": 20000,
						"animation": "Eat",
						"animationSpeed": 1,
						"whenNotInEmotionState": "aggressiveondamage"
					},
					{
						"code": "wander",
						"priority": 1.0,
						"movespeed": 0.010,
						"animationSpeed": 1.2,
						"animation": "Walk",
						"preferredLightLevel": 20,
						"priorityForCancel": 1.35
					},
					{
						"code": "idle",
						"priority": 0.9,
						"minduration": 5000,
						"maxduration": 30000,
						"mincooldown": 2000,
						"maxcooldown": 120000,
						"priorityForCancel": 1.28,
						"animation": "Sit",
						"whenNotInEmotionState": "aggressiveondamage",
						"stopOnNearbyEntityCodes": ["player"],
						"stopRange": 5
					}
				]
			},
			{ "code": "ropetieable", "minGeneration": 2 },
			{ "code": "pettable", "minGeneration": 1 }
		]
	}
}
