{
	"code": "monoceros",
	"class": "EntityAgent",
	"fallDamageMultiplierByType": { "*-baby-*" :0.5,"*-indicus" :1},
	"variantgroups": [
		{"code": "age","states": [ "adult","baby"]},
		{"code": "gender","states": [ "female","male"]},
		{"code": "type","states": [ "indicus", "caledonius"]}
	],
	"hitBoxSizeByType": {
		"*-adult-*-indicus": { "x": 1.0, "y": 1.5,"z": 3.0 },"*-baby-*-indicus": { "x": 0.75, "y": 0.8 },
		"*-adult-*-caledonius": { "x": 1.0, "y": 1.5,"z": 3.0 },"*-baby-*-caledonius": { "x": 0.75, "y": 0.8 }
	},
	"deadhitBoxSizeByType": {
		"*-adult-*-indicus": { "x": 2.0, "y": 1.5 },"*-baby-*-indicus": { "x": 0.99, "y": 0.8 },
		"*-adult-*-caledonius": { "x": 2.0, "y": 1.5 },"*-baby-*-caledonius": { "x": 0.99, "y": 0.8 }
	},
	"eyeHeightByType": {
		"*-adult-*-indicus": 1.5,"*-baby-*-indicus": 0.7,
		"*-adult-*-caledonius": 1.7,"*-baby-*-caledonius": 0.7
	},
	"attributes": {
		"tamedByType": {"*": false },
		"killedByInfoText": "deadcreature-killed",
		"basketCatchable": true,
		"trapChanceByType": {"*": 0.0 },
		"trapDestroyChanceByType": { "*-baby-*": 0.85, "*": 0.99 },
		"minGenerationToAllowHealing": 0,
		"creatureDiet": {
			"foodCategories": ["Fruit","Grain","Vegetable"],
			"foodTags": ["fruitmash","grass","nibblecrop","sweetBerryBush"]
		},
		"handbook": {
			"groupcode": "creaturegroup-monoceros-{type}"
		}
	},
	"behaviorConfigs": {
		"controlledphysics": { 
			"stepHeight": 3.1251,
			"stepUpSpeed": 0.1
		},
		"floatupwhenstuck": { "onlyWhenDead": true },
		"rideableaccessories": {
			"wearableSlots": [
				{ "code": "head-{type}", "forCategoryCodes": ["unicornbridle"], "attachmentPointCode": "HeadAP","stepParentTo": { "": { "elementName": "Head" } } }, 
				{ "code": "middleback-{type}", "forCategoryCodes": ["unicornsaddle"], "attachmentPointCode": "MidAP","stepParentTo": { "": { "elementName": "MidStorage" } } },
				{ "code": "middlebackunder-{type}", "forCategoryCodes": ["blanket"], "attachmentPointCode": "MidUnderAP", "stepParentTo": { "": { "elementName": "MidUnderStorage" } } },
				{ "code": "lowerbackside-{type}", "forCategoryCodes": ["sidebags"], "attachmentPointCode": "RearSideAP", "stepParentTo": { "": { "elementName": "RearSideStorage" } } },
				{ "code": "neck-{type}", "forCategoryCodes": ["lantern"], "attachmentPointCode": "NeckAP", "stepParentTo": { "": { "elementName": "NeckStorage" } } },
				{"code": "face-{type}", "forCategoryCodes": ["face"], "attachmentPointCode": "FaceAP", "stepParentTo": { "": { "elementName": "FaceStorage" } } },
				{ "code": "middlebackunder-{type}", "forCategoryCodes": ["blanket"], "attachmentPointCode": "MidUnderAP", "stepParentTo": { "": { "elementName": "MidUnderStorage" } } },
				{ "code": "lowerbackside-{type}", "forCategoryCodes": ["sidebags"], "attachmentPointCode": "RearSideAP", "stepParentTo": { "": { "elementName": "RearSideStorage" } } },
				{ "code": "neck-{type}", "forCategoryCodes": ["lantern"], "attachmentPointCode": "NeckAP", "stepParentTo": { "": { "elementName": "NeckStorage" } } },
				{"code": "face-{type}", "forCategoryCodes": ["face"], "attachmentPointCode": "FaceAP", "stepParentTo": { "": { "elementName": "FaceStorage" } } }
			]},
			"selectionboxes": {
				"selectionBoxes": ["HeadAP","MidAP","MidUnderAP","RearSideAP","NeckAP","FaceAP"]
			},
			"rideable": {
				"interactMountAnySeat": true,
				"seats": [
					{ "apName": "Rider", "selectionBox": "MidAP", "bodyYawLimit": 0.2, "controllable": true,
						"mountOffsetByType": { "*-female-indicus": {"x":0,"y":-0.5,"z":0},"*-male-indicus": {"x":0,"y":-0.5,"z":0},
						"*": {"x":0,"y":-0.5,"z":0} } }
				],
		"controls": {
				"idle": {
					"weight": 1,
					"riderAnim": {
						"animation": "rideelk-idle",
						"animationSpeed": 1,
						"weight": 1,
						"withFpVariant": true,
						"blendMode": "Average", 
						"elementWeight": {
							"LowerTorso": 80,
							"UpperTorso": 80,
							"UpperFootR": 80,
							"UpperFootL": 80,
							"LowerFootR": 80,
							"LowerFootL": 80
						},
						"elementBlendMode": {
							"LowerTorso": "Average",
							"UpperTorso": "Average",
							"UpperFootR": "Average",
							"UpperFootL": "Average",
							"LowerFootR": "Average",
							"LowerFootL": "Average"
						}
					}
				},
				"swim": {
					"animation": "Swim",
					"animationSpeed": 1,
					"movespeed": 0.02,
					"weight": 10,
					"blendMode": "Average",
					"riderAnim": {
						"animation": "rideelk-walk",
						"animationSpeed": 1,
						"weight": 1,	
						"withFpVariant": true,
						"blendMode": "Average", 
						"elementWeight": {
							"LowerTorso": 80,
							"UpperTorso": 80,
							"UpperFootR": 80,
							"UpperFootL": 80,
							"LowerFootR": 80,
							"LowerFootL": 80
						},
						"elementBlendMode": {
							"LowerTorso": "Average",
							"UpperTorso": "Average",
							"UpperFootR": "Average",
							"UpperFootL": "Average",
							"LowerFootR": "Average",
							"LowerFootL": "Average"
						}
					}
				},
				"walk": {
					"animation": "Trot",
					"weight": 10,
						"movespeedByType": {
							"*-indicus": 0.0285,
							"*-caledonius": 0.0325
						},
						"animationSpeedByType": {
							"*-indicus": 2.3,
							"*-caledonius": 2.5,
							"*": 2.5
						},
					"blendMode": "Average",
					"riderAnim": {
						"animation": "rideelk-walk",
						"animationSpeed": 1,
						"weight": 1,	
						"withFpVariant": true,
						"blendMode": "Average", 
						"elementWeight": {
							"LowerTorso": 80,
							"UpperTorso": 80,
							"UpperFootR": 80,
							"UpperFootL": 80,
							"LowerFootR": 80,
							"LowerFootL": 80
						},
						"elementBlendMode": {
							"LowerTorso": "Average",
							"UpperTorso": "Average",
							"UpperFootR": "Average",
							"UpperFootL": "Average",
							"LowerFootR": "Average",
							"LowerFootL": "Average"
						}
					}
				},
				"walkback": {
					"animation": "walkback",
					"weight": 10,
						"movespeedByType": {
							"*-indicus": 0.017,
							"*-caledonius": 0.017
						},
						"animationSpeedByType": {
							"*-indicus": 1.2,
							"*-caledonius": 1.2,
							"*": 1.2
						},
					"easeInSpeed": 1,
					"easeOutSpeed": 3,
					"blendMode": "Average",
					"riderAnim": {
						"animation": "rideelk-walk",
						"animationSpeed": 1,
						"weight": 1,
						"withFpVariant": true,
						"blendMode": "Average", 
						"elementWeight": {
							"LowerTorso": 80,
							"UpperTorso": 80,
							"UpperFootR": 80,
							"UpperFootL": 80,
							"LowerFootR": 80,
							"LowerFootL": 80
						},
						"elementBlendMode": {
							"LowerTorso": "Average",
							"UpperTorso": "Average",
							"UpperFootR": "Average",
							"UpperFootL": "Average",
							"LowerFootR": "Average",
							"LowerFootL": "Average"
						}
					}
				},
				"sprint": {
					"animation": "Gallop",
					"easeOutSpeed": 4,
					"weight": 10,
						"movespeedByType": {
							"*-indicus": 0.12,
							"*-caledonius": 0.15
						},
						"animationSpeedByType": {
							"*-indicus": 3,
							"*-caledonius": 3.1,
							"*": 3
						},
					"blendMode": "Average",
					"riderAnim": {
						"animation": "rideelk-run",
						"animationSpeed": 2,
						"weight": 1,
						"withFpVariant": true,
						"blendMode": "Average", 
						"elementWeight": {
							"LowerTorso": 80,
							"UpperTorso": 80,
							"UpperFootR": 80,
							"UpperFootL": 80,
							"LowerFootR": 80,
							"LowerFootL": 80
						},
						"elementBlendMode": {
							"LowerTorso": "Average",
							"UpperTorso": "Average",
							"UpperFootR": "Average",
							"UpperFootL": "Average",
							"LowerFootR": "Average",
							"LowerFootL": "Average"
						}
					}
				},
					"jump": {
					"animation": "Jump",
				    "weight": 100,
					"blendMode": "Average",
					"animationSpeed": 1.4,
					"easeOutSpeed": 40,
					"easeInSpeed": 40,
					"movespeedByType": {
							"*-indicus": 0.12,
							"*-caledonius": 0.15
					},
					"riderAnim": {
						"animation": "rideelk-jump",
						"animationSpeed": 1,
						"weight": 10,
						"withFpVariant": true,
						"blendMode": "Average", 
						"elementWeight": {
							"LowerTorso": 160,
							"UpperTorso": 160,
							"UpperFootR": 160,
							"UpperFootL": 160,
							"LowerFootR": 160,
							"LowerFootL": 160
						},
						"elementBlendMode": {
							"LowerTorso": "Average",
							"UpperTorso": "Average",
							"UpperFootR": "Average",
							"UpperFootL": "Average",
							"LowerFootR": "Average",
							"LowerFootL": "Average"
						}
					}
				}
			}
		},
		"health": {
			"currenthealthByType": {
					"*-adult-female-indicus": 32,"*-adult-male-indicus": 34,"*-baby-*-indicus": 15, "*-adult-*-caledonius": 42,"*-baby-*-caledonius": 15
			},
			"maxhealthByType": {
					"*-adult-female-indicus": 32,"*-adult-male-indicus": 34,"*-baby-*-indicus": 15, "*-adult-*-caledonius": 42,"*-baby-*-caledonius": 15
			}
		},
		"ownable": {
			"groupCode": "mountableanimal"
		},
	"drops": []
	},
	"client": {
		"renderer": "Shape",
		"shapeByType": {
			"*-adult-male-indicus": {"base": "entity/land/indicus/adult-male"},
			"*-adult-female-indicus": {"base": "entity/land/indicus/adult-female"},
			"*-baby-*-indicus": {"base": "entity/land/indicus/baby"},
			"*-adult-*-caledonius": {"base": "entity/land/caledonius/adult"},
			"*-baby-*-caledonius": {"base": "entity/land/caledonius/baby"}
		},
		"textureByType": {
			"*-adult-male-indicus": {"base": "entity/indicus/indicus-male", "alternates": [{"base": "entity/indicus/variant3m"}, {"base": "entity/indicus/variant4m"}, {"base": "entity/indicus/variant1m"}, {"base": "entity/indicus/variant2m"}]},
			"*-adult-female-indicus": {"base": "entity/indicus/indicus-female", "alternates": [{"base": "entity/indicus/variant3f"}, {"base": "entity/indicus/variant4f"}, {"base": "entity/indicus/variant1f"}, {"base": "entity/indicus/variant2f"}]},
			"*-baby-*-indicus": {"base": "entity/indicus/indicus-baby"},
			"*-adult-*-caledonius": {"base": "entity/caledonius/caledonius","alternates": [{"base": "entity/caledonius/variant1"},{"base": "entity/caledonius/variant2"},{"base": "entity/caledonius/variant3"},{"base": "entity/caledonius/variant4"}]},
			"*-baby-*-caledonius": {"base": "entity/caledonius/caledonius-baby","alternates": [{"base": "entity/caledonius/caledonius-baby-variant1"},{"base": "entity/caledonius/caledonius-baby-variant2"},{"base": "entity/caledonius/caledonius-baby-variant3"}]}
		},
		"sizeByType": {
			"*-adult-female-indicus": 1,"*-adult-male-indicus": 1.05,"*-baby-*-indicus": 1,
			"*-adult-female-caledonius": 1,"*-adult-male-caledonius": 1.05,"*-baby-*-caledonius": 1
		},
		"behaviors": [
			{"code": "repulseagents" },
			{"code": "controlledphysics","stepHeight": 3.1251},
			{"code": "floatupwhenstuck","onlyWhenDead": true},
			{"code": "interpolateposition" },
			{ "code": "health" },
			{"code": "harvestable","quantitySlots": 8},
			{ "code": "multiply", "enabledByType": { "*-adult-female-*": true, "*": false } },
			{ "code": "milkable", "enabledByType": { "*-adult-female-*": true, "*": false } },
			{"code": "despawn","minPlayerDistance": 8,"belowLightLevel": 5,"minSeconds": 300},
			{ "code": "ownable", "enabledByType": { "*-baby-*": false,"*": true}, "minGeneration": 2},
			{ "code": "rideableaccessories", "enabledByType": { "*-baby-*": false,"*-adult-*": true, "*": false }, "minGeneration": 0},
			{ "code": "rideable", "enabledByType": { "*-baby-*": false,"*-adult-*": true, "*": false}, "minGeneration": 0},
			{ "code": "selectionboxes", "enabledByType": { "*-baby-*": false,"*-adult-*": true, "*": false}, "minGeneration": 0},
			{"code": "ropetieable", "minGeneration": 0}
		],
		"animations": [
			{"code": "attack","animation": "Attack","animationSpeed": 1.2,"weight": 10,"blendMode": "AddAverage"},
			{"code": "charge","animation": "Charge","easeInSpeed": 10,"easeOutSpeed": 2,"animationSpeed": 1,"weight": 10,"blendMode": "Average"},
			{"code": "die","animation": "Die","animationSpeed": 0.75,"weight": 10,"blendMode": "Average","triggeredBy": { "onControls": [ "dead" ] }},
			{"code": "eat","animation": "Eat","easeOutSpeed": 10,"blendMode": "Average"},
			{"code": "hurt","animation": "Hurt","animationSpeed": 1,"weight": 10,"blendMode": "AddAverage"},
			{"code": "idle","animation": "Idle","animationSpeed": 1,"blendMode": "AddAverage","easeOutSpeed": 4,"triggeredBy": { "defaultAnim": true }},
			{"code": "sit","animation": "Sit","easeInSpeed": 4,"easeOutSpeed": 4,"blendMode": "Average"},
			{"code": "sleep","animation": "Sleep","easeInSpeed": 4,"easeOutSpeed": 4,"weight": 5,"blendMode": "Average"},
			{"code": "swim","animation": "Swim","easeInSpeed": 4,"easeOutSpeed": 4,"supressDefaultAnimation": true,"blendMode": "Average"},
			{"code": "walk","animation": "Walk","easeInSpeed": 4,"easeOutSpeed": 4,"supressDefaultAnimation": true,"blendMode": "Average"},
			{"code": "trot","animation": "Trot","easeInSpeed": 4,"easeOutSpeed": 4,"supressDefaultAnimation": true,"blendMode": "Average"},
			{"code": "gallop","animation": "Gallop","easeInSpeed": 4,"easeOutSpeed": 4,"supressDefaultAnimation": true,"blendMode": "Average"},
			{ "code": "jump", "animation": "Jump", "animationSpeed": 1.4, "weight": 100, "blendMode": "AddAverage", "easeOutSpeed": 40 },
			{ "code": "idle-turn-left", "animation": "turn-left", "easeInSpeed": 3, "easeOutSpeed": 10, "weight": 0.01, "blendMode": "Average", "elementWeight": { "Head Origin": 80,"Chest": 80,"Neck1": 80}, "elementBlendMode": { "Head Origin": "AddAverage","Chest": "AddAverage","Neck1": "AddAverage"}},
			{ "code": "idle-turn-right", "animation": "turn-right", "easeInSpeed": 3, "easeOutSpeed": 10, "weight": 0.01, "blendMode": "Average", "elementWeight": { "Head Origin": 80,"Chest": 80,"Neck1": 80}, "elementBlendMode": { "Head Origin": "AddAverage","Chest": "AddAverage","Neck1": "AddAverage"}},
			{ "code": "turn-left", "animation": "turn-left", "easeInSpeed": 3, "easeOutSpeed": 10, "weight": 0.01, "blendMode": "Average", "elementWeight": { "Head Origin": 80,"Chest": 80,"Neck1": 80}, "elementBlendMode": { "Head Origin": "AddAverage","Chest": "AddAverage","Neck1": "AddAverage"}},
			{ "code": "turn-right", "animation": "turn-right", "easeInSpeed": 3, "easeOutSpeed": 10, "weight": 0.01, "blendMode": "Average", "elementWeight": { "Head Origin": 80,"Chest": 80,"Neck1": 80}, "elementBlendMode": { "Head Origin": "AddAverage","Chest": "AddAverage","Neck1": "AddAverage"}},
			{"code": "dead","animation": "dead","weight": 10,"blendMode": "Average"}
		]
	},
	"server": {
		"attributes": {
			"pathfinder": {
                "minTurnAnglePerSec": 350,
                "maxTurnAnglePerSec": 650
            }
		},
		"behaviors": [
			{ "code": "ownable", "enabledByType": { "*-baby-*": false,"*": true}},
			{ "code": "repulseagents" },
			{"code": "controlledphysics","stepHeight": 3.1251},
			{"code": "despawn","minPlayerDistance": 8,"belowLightLevel": 5,"minSeconds": 300},
			{"code": "health",
				"maxhealthByType": {
					"*-adult-female-indicus": 42,"*-adult-male-indicus": 44,"*-baby-*-indicus": 15,
					"*-adult-*-caledonius": 52,"*-baby-*-caledonius": 18
				}
			},
			{"code": "deaddecay",
				"hoursToDecay": 96,
				"decayedBlockByType": {
				"*-adult-*": "carcass-large",
				"*-baby-*": "carcass-medium"
				}
			},
			{"code": "floatupwhenstuck","onlyWhenDead": true},
			{"code": "harvestable","quantitySlots": 8,
				"drops": [
					{
						"type": "item",
						"code": "game:redmeat-raw",
						"quantityByType": {
							"*-adult-female-indicus": {"avg": 12,"var": 1.5},"*-adult-male-indicus": {"avg": 15,"var": 1.5},"*-baby-*-indicus": {"avg": 6,"var": 1.5},
							"*-adult-*-caledonius": {"avg": 20,"var": 1.5},"*-baby-*-caledonius": {"avg": 6,"var": 1.5}
							
						}
					},
					{
						"type": "item",
						"code": "game:fat",
						"quantityByType": {
							"*-adult-female-indicus": {"avg": 2,"var": 1},"*-adult-male-indicus": {"avg": 3,"var": 1},"*-baby-*-indicus": {"avg": 1,"var": 0.5},
							"*-adult-*-caledonius": {"avg": 3,"var": 1},"*-baby-*-caledonius": {"avg": 1,"var": 0.5}
						}
					},
					{
						"type": "item",
						"code": "game:hide-raw-large",
						"quantityByType": {
							"*-adult-*": {"avg": 1.0,"var": 0.0},
							"*": {"avg": 0.0,"var": 0.0}
						}
					},
					{
						"type": "item",
						"code": "game:hide-raw-medium",
						"quantityByType": {
							"*-baby-*": {"avg": 1.0,"var": 0.0},
							"*": {"avg": 0.0,"var": 0.0}
						}
					}
				]
			},
			{"code": "breathe" },
			{"code": "multiply",
				"enabledByType": {
					"*-adult-female-*": true,
					"*": false
				},
				"spawnEntityCodesByType": {
				"*-adult-female-*": [ { "code":"monoceros:monoceros-baby-female-{type}"}, {"code": "monoceros:monoceros-baby-male-{type}"} ]},
				"requiresNearbyEntityCodeByType": {
					"*-adult-female-*": "monoceros:monoceros-adult-male-{type}"},
				"requiresNearbyEntityRange": 10,
				"spawnQuantityMin": 1,
				"spawnQuantityMaxByType": {"*": 2},
				"pregnancyDaysByType": {
					"*-indicus": 32,
					"*-caledonius": 42
				},
				"multiplyCooldownDaysMinByType": {"*": 6},
				"multiplyCooldownDaysMaxByType": {"*": 11},
				"portionsEatenForMultiplyByType": {
					"*-indicus": 10,
					"*-caledonius": 12
				}
			},
			{ "code": "milkable", "enabledByType": { "*-adult-female-*": true, "*": false } },
			{"code": "grow",
					"enabledByType": {
					"*-baby-*": true,
					"*": false
				},
				"hoursToGrowByType": {"*": 168},
				"adultEntityCodesByType": {
					"*-baby-male-*": ["monoceros:monoceros-adult-male-{type}"],
					"*-baby-female-*": ["monoceros:monoceros-adult-female-{type}"]
				}
			},
			{"code": "emotionstates",
				"states": [
					{"code": "fleeondamage","duration": 60,
						"chanceByType": {
							"*-adult-*": 0.5,
							"*-baby-*": 1
						},
						"slot": 2,"priority": 4,"accumType": "max","whenHealthRelBelow": 0.2},
					{"code": "aggressiveondamage","duration": 60,
						"chanceByType": {
							"*-adult-*": 1,
							"*-baby-*": 0.0
						},
						"slot": 2,"priority": 3,"accumType": "noaccum"},
					{"code": "fleeondamage","duration": 60,"slot": 2,"chanceByType": {"*-adult-*": 0.5,"*-baby-*": 1},"priority": 1,"accumType": "max","whenHealthRelBelow": 0.35},
					{"code": "fleeondamage","duration": 30,"slot": 2,"chanceByType": {"*-adult-*": 0.0,"*-baby-*": 1},"priority": 0.5,"accumType": "max","whenHealthRelBelow": 0.7},
					{"code": "alarmherdondamage","chance": 1,"slot": 1,"priority": 1.5,"accumType": "max"},
					{"code": "saturated","duration": 1200,"chance": 1,"slot": 0,"priority": 1,"accumType": "sum"},
					{ "code": "aggressivearoundentities", "duration": 60, "chanceByType": {"*-baby-*": 0.0,"*-adult-*": 1.0}, "slot": 2, "priority": 5, "entityCodes": ["monoceros:monoceros-baby-male-{type}","monoceros:monoceros-baby-female-{type}"], "maxGeneration": 2 }
				]
			},
			{
				"code": "taskai",
				"aiCreatureType": "LandCreature",
				"aitasks": [
					{
                        "code": "cometoowner",
                        "priority": 4,
                        "animation": "trot",
                        "animationSpeed": 1.35,
                        "movespeed": 0.019,
                        "teleportMaxRange": 1000,
                        "teleportAfterRange": 200,
                        "teleportToRange": 20
                    },
					{
						"code": "meleeattack",
						"animation": "Attack",
						"enabledByType": {
							"*-adult-*": true,
							"*": false},
						"entityCodesByType": {
							"*-adult-*": ["player","bear-*","bell-*","bowtorn-*","drifter-*","hyena-*","locust-*","moose-*","shiver-*","wolf-*", "caninae-canina-adult-*","felinae-adult-*","machairodontinae-adult-*", "pantherinae-neofelis-adult-*", "pantherinae-panthera-adult-*","thylacoleonidae-adult-*"  ]},
						"priority": 3,
						"slot": 1,
						"damageByType": {
							"*-adult-female-indicus":10,"*-adult-male-indicus":15,
							"*-adult-*-caledonius":20
						},
						"knockbackStrengthByType": {"*":2},
						"damageTierByType": {"*":3},
						"mincooldown": 500,
						"maxcooldown": 1000,
						"attackDurationMs": 500,
						"damagePlayerAtMs": 250,
						"animationSpeed": 1,
						"whenInEmotionState": "aggressiveondamage|aggressivearoundentities"
					},
										{
						"code": "meleeattack",
						"animation": "Attack",
						"enabledByType": {
							"*-adult-*-caledonius": true,
							"*": false},
						"entityCodesByType": {
							"*-adult-*-caledonius": ["bell-*","bowtorn-*","drifter-*","shiver-*"]},
						"priority": 3,
						"slot": 1,
						"damageByType": {
							"*-adult-*-caledonius":20
						},
						"knockbackStrengthByType": {"*":2},
						"damageTierByType": {"*":3},
						"mincooldown": 500,
						"maxcooldown": 1000,
						"attackDurationMs": 500,
						"damagePlayerAtMs": 250,
						"animationSpeed": 1,
						"whenNotInEmotionState": "fleeondamage"
					},
					{
						"code": "seekentity",
						"enabledByType": {
							"*-adult-*": true,
							"*": false},
						"entityCodesByType": {
							"*-adult-*": ["player","bear-*","bell-*","bowtorn-*","drifter-*","hyena-*","locust-*","moose-*","shiver-*","wolf-*", "caninae-canina-adult-*","felinae-adult-*","machairodontinae-adult-*", "pantherinae-neofelis-adult-*", "pantherinae-panthera-adult-*","thylacoleonidae-adult-*"  ]},
						"priority": 2.5,
						"mincooldown": 1000,
						"maxcooldown": 1500,
						"seekingRange": 10,
						"movespeed": 0.037,
						"animation": "Charge",
						"animationSpeed": 1,
						"sound": "game:creature/hooved/generic/sniff*",
						"whenInEmotionState": "aggressiveondamage|aggressivearoundentities"
					},
										{
						"code": "seekentity",
						"enabledByType": {
							"*-adult-*-caledonius": true,
							"*": false},
						"entityCodesByType": {
							"*-adult-*-caledonius": ["bell-*","bowtorn-*","drifter-*","shiver-*"]},
						"priority": 2.5,
						"mincooldown": 1000,
						"maxcooldown": 1500,
						"seekingRange": 20,
						"movespeed": 0.037,
						"animation": "Charge",
						"animationSpeed": 1,
						"sound": "game:creature/hooved/generic/sniff*",
						"whenNotInEmotionState": "fleeondamage"
					},
					{
						"code": "fleeentity",
						"enabledByType": {
							"*": false,
							"*-baby-*": true},
						"whenInEmotionState": "fleeondamage",
						"entityCodes": ["bear-*","bell-*","bowtorn-*","drifter-*","hyena-*","locust-*","moose-*","shiver-*","wolf-*", "caninae-canina-adult-*","felinae-adult-*","machairodontinae-adult-*", "pantherinae-neofelis-adult-*", "pantherinae-panthera-adult-*","thylacoleonidae-adult-*"],
						"priority": 1.8,
						"movespeed": 0.05,
						"seekingRange": 12,
						"animation": "Gallop",
						"animationSpeed": 2
					},
					{
						"code": "getoutofwater",
						"animation": "Swim",
						"priority": 1.4,
						"movespeedByType": {
							"*-adult-*-indicus": 0.015,"*-baby-*-indicus": 0.010,
							"*-adult-*-caledonius": 0.015,"*-baby-*-caledonius": 0.010
						},
						"animationSpeed": 1.0
					},
					{
						"code": "stayclosetoentity",
						"animation": "Trot",
						"enabledByType": {
							"*-adult-male-*": false,
							"*": true
						},
						"priority": 1.81,
						"entityCodeByType": {
							"*-baby-*": "monoceros-adult-female-{type}"},
						"movespeedByType": {
							"*-adult-*-indicus": 0.0285,"*-baby-*-indicus": 0.015,
							"*-adult-*-caledonius": 0.0285,"*-baby-*-caledonius": 0.015
						},
						"animationSpeedByType": {
							"*-baby-*": 2.4,
							"*": 2.2
						},
						"maxDistanceByType": {"*-baby-*": 6},
						"searchRange": 45
					},
					{
						"code": "idle",
						"animation": "Sit",
						"priority": 1.2,
						"minduration": 20000,
						"maxduration": 240000,
						"mincooldown": 6000,
						"maxcooldown": 12000,
						"priorityForCancel": 1.28,
						"chanceByType": {"*-adult-*":0.02,"*":0.2},
						"stopOnNearbyEntityCodes": [ "player", "bear-*","hyena-male", "hyena-female","wolf-male", "wolf-female"  ],
						"stopRange": 20,
						"stopOnHurt": true,
						"whenNotInEmotionState": "aggressiveondamage|aggressivearoundentities|fleeondamage"
					},
					{
						"code": "idle",
						"animation": "Idle",
						"priority": 1.2,
						"minduration": 2000,
						"maxduration": 24000,
						"mincooldown": 6000,
						"maxcooldown": 12000,
						"priorityForCancel": 1.28,
						"stopOnNearbyEntityCodes": [ "player", "bear-*","hyena-male", "hyena-female","wolf-male", "wolf-female"  ],
						"stopRange": 20,
						"stopOnHurt": true,
						"whenNotInEmotionState": "aggressiveondamage|aggressivearoundentities|fleeondamage"
					},
										{
						"code": "idle",
						"animation": "Sit",
						"priority": 1.6,
						"minduration": 20000,
						"maxduration": 80000,
						"mincooldown": 20000,
						"maxcooldown": 40000,
						"whenNotInEmotionState": "aggressiveondamage|aggressivearoundentities|fleeondamage",
						"duringDayTimeFramesByType": {
							"*":[{"fromHour": 20,"toHour": 22},{"fromHour": 5,"toHour": 6}]},
						"stopOnNearbyEntityCodes": [ "player" ],
						"stopRange": 1,
						"stopOnHurt": true
					},
					{
						"code": "idle",
						"animation": "Sleep",
						"priority": 1.6,
						"minduration": 20000,
						"maxduration": 80000,
						"mincooldown": 20000,
						"maxcooldown": 40000,
						"whenNotInEmotionState": "aggressiveondamage|aggressivearoundentities|fleeondamage",
						"duringDayTimeFramesByType": {
							"*":[{"fromHour": 22,"toHour": 24},{"fromHour": 0,"toHour": 5}]},
						"stopOnNearbyEntityCodes": [ "player" ],
						"stopRange": 1,
						"stopOnHurt": true
					},
					{
						"code": "seekfoodandeat",
						"animation": "Walk",
						"eatAnimation": "Eat",
						"movespeedByType": {
							"*-adult-*-indicus": 0.010,"*-baby-*-indicus": 0.010,
							"*-adult-*-caledonius": 0.010,"*-baby-*-caledonius": 0.010
						},
						"animationSpeedByType": {
							"*-baby-*": 1.2,
							"*": 1.2
						},
						"priority": 1.34,
						"eatSoundByType": {
							"*":"game:creature/animal-eat*"},
						"eatTime": 1.5,
						"eatLooseItems": true,
						"mincooldownHours": 1,
						"maxcooldownHours": 4,
						"whenNotInEmotionState": "aggressiveondamage|aggressivearoundentities|fleeondamage"
					},
					{
						"code": "idle",
						"animation": "Eat",
						"priority": 1.2,
						"priorityForCancel": 1.35,
						"minduration": 3000,
						"maxduration": 24000,
						"mincooldown": 9000,
						"maxcooldown": 20000,
						"animationSpeed": 1,
						"soundByType": {"*":"game:creature/animal-eat*"},
						"whenNotInEmotionState": "aggressiveondamage|aggressivearoundentities|fleeondamage"
					},
					{
						"code": "wander",
						"animation": "Walk",
						"priority": 1.0,
						"priorityForCancel": 1.35,
						"wanderChanceByType": {"*-adult-*":0.1,"*":0.5},
						"movespeedByType": {
							"*-adult-*-indicus": 0.010,"*-baby-*-indicus": 0.010,
							"*-adult-*-caledonius": 0.010,"*-baby-*-caledonius": 0.010

						},
						"animationSpeedByType": {
							"*-baby-*": 1.2,
							"*": 1.2
						},
						"wanderRangeMaxByType": {"*-adult-male-*":50,"*adult-female-*":50,"*-baby-*":20},
						"whenNotInEmotionState": "aggressiveondamage|aggressivearoundentities|fleeondamage"
					}
				]
			},
            { "code": "pettable", "minGeneration": 1},
            { "code": "selectionboxes", "minGeneration": 2 },
			{ "code": "rideableaccessories", "minGeneration": 2 },
			{ "code": "rideable", "minGeneration": 2 },
            { "code": "ropetieable", "minGeneration": 2 }
		],
		"spawnconditions": {
			"worldgen": {
				"TriesPerChunk": { "avg": 0.0001, "var": 0 },
				"tryOnlySurface": true,
				"groupSizeByType": {
					"*-adult-male-indicus":{"dist": "uniform","avg": 3, "var": 1 },
					"*-adult-female-caledonius":{"dist": "uniform","avg": 1.5, "var": 0.5 },
					"*-adult-male-caledonius":{"dist": "uniform","avg": 1, "var": 0 }
				},
				"insideBlockCodes": [ "game:air", "game:gravel-*",  "game:sand-*","game:snowlayer-1","game:soil-*","game:tallgrass-*" ],
				"minTemp": -5,
				"maxTemp": 25,
				"minRain": 0.3,
				"maxRain": 0.9,
				"minForestOrShrubs": 0.25,
				"maxForest": 0.75,
				"maxShrubs": 0.75,
				"companionsByType":{
					"*-adult-male-indicus":  ["monoceros:monoceros-adult-female-indicus", "monoceros:monoceros-adult-female-indicus", "monoceros:monoceros-baby-female-indicus", "monoceros:monoceros-baby-male-indicus"],
					"*-adult-female-caledonius": ["monoceros:monoceros-baby-female-caledonius", "monoceros:monoceros-baby-male-caledonius"]
				}
			},
			"runtime": {
				"group": "neutral",
				"tryOnlySurface": true,
				"chanceByType": {
				"*-adult-male-indicus": 0.000003,
				"*-adult-*-caledonius": 0.000001,
				"*": 0.0
				},
				"maxQuantity": 3,
				"maxLightLevel": 7,
				"lightLevelType": "onlyBlockLight",
				"groupSizeByType": {
					"*-adult-male-indicus":{"dist": "uniform","avg": 3, "var": 1 },
					"*-adult-*-caledonius":{"dist": "uniform","avg": 1.5, "var": 0.5 },
					"*-adult-male-caledonius":{"dist": "uniform","avg": 1, "var": 0 }
				},
				"insideBlockCodes": [ "game:air", "game:gravel-*",  "game:sand-*","game:snowlayer-1","game:soil-*","game:tallgrass-*" ],
				"minTemp": -5,
				"maxTemp": 25,
				"minRain": 0.3,
				"maxRain": 0.9,
				"minForestOrShrubs": 0.25,
				"maxForest": 0.75,
				"maxShrubs": 0.75,
				"companionsByType":{
					"*-adult-male-indicus":  ["monoceros:monoceros-adult-female-indicus", "monoceros:monoceros-adult-female-indicus", "monoceros:monoceros-baby-female-indicus", "monoceros:monoceros-baby-male-indicus"],
					"*-adult-female-caledonius": ["monoceros:monoceros-baby-female-caledonius", "monoceros:monoceros-baby-male-caledonius"]
				}
			}
		}
	}
}
