{
	"editor": {
		"allAngles": true,
		"entityTextureMode": true
	},
	"textureWidth": 32,
	"textureHeight": 24,
	"textureSizes": {
		"bottom": [16,16],
		"skin": [32,24]
	},
	"textures": {
	},
	"elements": [
		{
			"name": "Rotation Point",
			"from": [ 0.0, 0.0, 0.0 ], 
			"to": [ 0.0, 0.0, 0.0 ], 
			"uv": [ 0.0, 0.0 ],
			"faces": {
				"north": { "texture": "#null", "uv": [ 0.0, 0.5, 0.5, 1.0 ], "enabled": false },
				"east": { "texture": "#null", "uv": [ 0.5, 0.5, 1.0, 1.0 ], "enabled": false },
				"south": { "texture": "#null", "uv": [ 1.0, 0.5, 1.5, 1.0 ], "enabled": false },
				"west": { "texture": "#null", "uv": [ 1.5, 0.5, 2.0, 1.0 ], "enabled": false },
				"up": { "texture": "#null", "uv": [ 0.0, 0.0, 0.5, 0.5 ], "enabled": false },
				"down": { "texture": "#null", "uv": [ 0.5, 0.0, 1.0, 0.5 ], "enabled": false }
			},
			"children": [
				{
					"name": "Base",
					"from": [ 0.0, 0.0, 7.98 ], 
					"to": [ 0.0, 0.0, 7.98 ], 
					"uv": [ 0.0, 0.0 ],
					"rotationOrigin": [ 0.0, 0.0, 7.98 ],
					"faces": {
						"north": { "texture": "#null", "uv": [ 0.0, 0.5, 0.5, 1.0 ], "enabled": false },
						"east": { "texture": "#null", "uv": [ 0.5, 0.5, 1.0, 1.0 ], "enabled": false },
						"south": { "texture": "#null", "uv": [ 1.0, 0.5, 1.5, 1.0 ], "enabled": false },
						"west": { "texture": "#null", "uv": [ 1.5, 0.5, 2.0, 1.0 ], "enabled": false },
						"up": { "texture": "#null", "uv": [ 0.0, 0.0, 0.5, 0.5 ], "enabled": false },
						"down": { "texture": "#null", "uv": [ 0.5, 0.0, 1.0, 0.5 ], "enabled": false }
					},
					"children": [
						{
							"name": "PeltBody",
							"from": [ 3.44, 0.0, -0.946 ], 
							"to": [ 6.88, 0.3612, 0.946 ], 
							"unwrapMode": 5,
							"autoUnwrap": false,
							"uv": [ 0.0, 9.0 ],
							"rotationOrigin": [ 3.44, 0.0, -0.946 ],
							"faces": {
								"north": { "texture": "#skin", "uv": [ 8.0, 2.0, 12.0, 2.5 ], "rotation": 180, "windMode": [-1,-1,-1,-1] },
								"east": { "texture": "#skin", "uv": [ 5.5, 0.0, 6.0, 2.0 ], "rotation": 90, "windMode": [-1,-1,-1,-1] },
								"south": { "texture": "#skin", "uv": [ 2.0, 2.0, 6.0, 2.5 ], "windMode": [-1,-1,-1,-1] },
								"west": { "texture": "#skin", "uv": [ 2.0, 0.0, 2.5, 2.0 ], "rotation": 270, "windMode": [-1,-1,-1,-1] },
								"up": { "texture": "#skin", "uv": [ 2.0, 0.0, 6.0, 2.0 ], "windMode": [-1,-1,-1,-1] },
								"down": { "texture": "#bottom", "uv": [ 5.0, 8.5, 9.0, 10.5 ], "windMode": [-1,-1,-1,-1] }
							},
							"children": [
								{
									"name": "LBody",
									"from": [ 0.0, 0.0086, 1.634 ], 
									"to": [ 3.44, 0.3526, 3.784 ], 
									"unwrapMode": 5,
									"autoUnwrap": false,
									"uv": [ 0.0, 2.5 ],
									"rotationOrigin": [ 0.0, -0.0086, 1.634 ],
									"rotationY": -3.0,
									"faces": {
										"north": { "texture": "#null", "uv": [ 0.5, 2.5, 4.5, 3.0 ], "rotation": 180, "enabled": false },
										"east": { "texture": "#skin", "uv": [ 5.5, 2.5, 6.0, 5.0 ], "rotation": 90 },
										"south": { "texture": "#skin", "uv": [ 2.0, 5.0, 6.0, 5.5 ], "windMode": [-1,-1,-1,-1] },
										"west": { "texture": "#skin", "uv": [ 2.0, 2.5, 2.5, 5.0 ], "rotation": 270, "windMode": [-1,-1,-1,-1] },
										"up": { "texture": "#skin", "uv": [ 2.0, 2.5, 6.0, 5.0 ], "windMode": [-1,-1,-1,-1] },
										"down": { "texture": "#bottom", "uv": [ 4.5, 2.0, 8.5, 4.5 ] }
									},
									"children": [
										{
											"name": "LArm",
											"from": [ 0.0, 0.0086, 1.29 ], 
											"to": [ 0.86, 0.3354, 3.44 ], 
											"unwrapMode": 5,
											"autoUnwrap": false,
											"uv": [ 6.5, 18.0 ],
											"rotationOrigin": [ 0.0, 0.0086, 1.29 ],
											"rotationY": -30.0,
											"faces": {
												"north": { "texture": "#null", "uv": [ 7.0, 18.0, 8.0, 18.5 ], "rotation": 180, "enabled": false },
												"east": { "texture": "#skin", "uv": [ 19.0, 11.0, 19.5, 13.5 ], "rotation": 90 },
												"south": { "texture": "#skin", "uv": [ 18.5, 13.5, 19.5, 14.0 ], "windMode": [-1,-1,-1,-1] },
												"west": { "texture": "#skin", "uv": [ 18.5, 11.0, 19.0, 13.5 ], "rotation": 270, "windMode": [-1,-1,-1,-1] },
												"up": { "texture": "#skin", "uv": [ 18.5, 11.0, 19.5, 13.5 ], "windMode": [-1,-1,-1,-1] },
												"down": { "texture": "#bottom", "uv": [ 8.5, 11.0, 9.5, 13.5 ], "windMode": [-1,-1,-1,-1] }
											},
											"children": [
												{
													"name": "LArmLower",
													"from": [ 0.86, 0.0086, 0.0 ], 
													"to": [ 1.72, 0.3182, 2.15 ], 
													"unwrapMode": 5,
													"autoUnwrap": false,
													"uv": [ 8.0, 18.0 ],
													"rotationOrigin": [ 1.72, 0.0086, 0.0 ],
													"rotationY": -10.0,
													"faces": {
														"north": { "texture": "#null", "uv": [ 8.0, 18.0, 9.0, 18.5 ], "rotation": 180, "enabled": false },
														"east": { "texture": "#skin", "uv": [ 19.0, 11.0, 19.5, 13.5 ], "rotation": 90 },
														"south": { "texture": "#skin", "uv": [ 18.5, 13.5, 19.5, 14.0 ], "windMode": [-1,-1,-1,-1] },
														"west": { "texture": "#null", "uv": [ 8.0, 18.0, 8.5, 20.5 ], "rotation": 270, "enabled": false, "windMode": [-1,-1,-1,-1] },
														"up": { "texture": "#skin", "uv": [ 18.5, 11.0, 19.5, 13.5 ], "windMode": [-1,-1,-1,-1] },
														"down": { "texture": "#bottom", "uv": [ 9.5, 12.0, 10.5, 14.5 ], "windMode": [-1,-1,-1,-1] }
													}
												}
											]
										}
									]
								},
								{
									"name": "RBody",
									"from": [ 0.0, -0.3526, 0.258 ], 
									"to": [ 3.44, -0.0086, 2.408 ], 
									"unwrapMode": 6,
									"autoUnwrap": false,
									"uv": [ 0.0, 9.0 ],
									"rotationOrigin": [ 0.0, 0.0, 0.258 ],
									"rotationX": 180.0,
									"rotationY": -3.0,
									"faces": {
										"north": { "texture": "#null", "uv": [ 0.5, 9.0, 4.5, 9.5 ], "enabled": false },
										"east": { "texture": "#skin", "uv": [ 8.0, 2.5, 8.5, 5.0 ], "rotation": 90 },
										"south": { "texture": "#skin", "uv": [ 8.0, 5.0, 12.0, 5.5 ], "rotation": 180, "windMode": [-1,-1,-1,-1] },
										"west": { "texture": "#skin", "uv": [ 11.5, 2.5, 12.0, 5.0 ], "rotation": 270, "windMode": [-1,-1,-1,-1] },
										"up": { "texture": "#bottom", "uv": [ 7.0, 6.0, 11.0, 8.5 ], "windMode": [-1,-1,-1,-1] },
										"down": { "texture": "#skin", "uv": [ 8.0, 2.5, 12.0, 5.0 ], "windMode": [-1,-1,-1,-1] }
									},
									"children": [
										{
											"name": "RArm",
											"from": [ 0.0, 0.0086, 1.29 ], 
											"to": [ 0.86, 0.3354, 3.44 ], 
											"unwrapMode": 6,
											"autoUnwrap": false,
											"uv": [ 4.0, 6.5 ],
											"rotationOrigin": [ 0.0, 0.3354, 1.29 ],
											"rotationY": -30.0,
											"faces": {
												"north": { "texture": "#null", "uv": [ 4.5, 6.5, 5.5, 7.0 ], "enabled": false },
												"east": { "texture": "#skin", "uv": [ 28.0, 13.0, 28.5, 15.5 ], "rotation": 90 },
												"south": { "texture": "#skin", "uv": [ 27.5, 15.5, 28.5, 16.0 ], "rotation": 180, "windMode": [-1,-1,-1,-1] },
												"west": { "texture": "#skin", "uv": [ 27.5, 13.0, 28.0, 15.5 ], "rotation": 270, "windMode": [-1,-1,-1,-1] },
												"up": { "texture": "#bottom", "uv": [ 6.0, 5.5, 7.0, 8.0 ], "windMode": [-1,-1,-1,-1] },
												"down": { "texture": "#skin", "uv": [ 27.5, 13.0, 28.5, 15.5 ], "windMode": [-1,-1,-1,-1] }
											},
											"children": [
												{
													"name": "RArmLower",
													"from": [ 0.86, 0.0086, 0.0 ], 
													"to": [ 1.72, 0.3182, 2.15 ], 
													"unwrapMode": 5,
													"autoUnwrap": false,
													"uv": [ 4.5, 6.5 ],
													"rotationOrigin": [ 1.72, 0.3182, 0.0 ],
													"rotationY": -10.0,
													"faces": {
														"north": { "texture": "#null", "uv": [ 4.5, 6.5, 5.5, 7.0 ], "rotation": 180, "enabled": false },
														"east": { "texture": "#skin", "uv": [ 28.0, 13.0, 28.5, 15.5 ], "rotation": 90, "windMode": [-1,-1,-1,-1] },
														"south": { "texture": "#skin", "uv": [ 27.5, 15.5, 28.5, 16.0 ], "windMode": [-1,-1,-1,-1] },
														"west": { "texture": "#null", "uv": [ 4.5, 6.5, 5.0, 9.0 ], "rotation": 270, "enabled": false },
														"up": { "texture": "#bottom", "uv": [ 4.5, 6.5, 5.5, 9.0 ], "windMode": [-1,-1,-1,-1] },
														"down": { "texture": "#skin", "uv": [ 27.5, 13.0, 28.5, 15.5 ], "windMode": [-1,-1,-1,-1] }
													}
												}
											]
										}
									]
								},
								{
									"name": "PeltAbdomen",
									"from": [ 3.4314, 0.0086, -0.129 ], 
									"to": [ 6.8714, 0.3526, 2.021 ], 
									"unwrapMode": 5,
									"autoUnwrap": false,
									"uv": [ 0.0, 0.0 ],
									"rotationOrigin": [ 3.44, 0.0086, -0.129 ],
									"faces": {
										"north": { "texture": "#skin", "uv": [ 18.5, 2.5, 22.5, 3.0 ], "rotation": 180 },
										"east": { "texture": "#skin", "uv": [ 15.5, 0.0, 16.0, 2.5 ], "rotation": 90, "windMode": [-1,-1,-1,-1] },
										"south": { "texture": "#skin", "uv": [ 12.0, 0.0, 16.0, 0.5 ], "windMode": [-1,-1,-1,-1] },
										"west": { "texture": "#null", "uv": [ 0.0, 0.5, 0.5, 3.0 ], "rotation": 270, "enabled": false, "windMode": [-1,-1,-1,-1] },
										"up": { "texture": "#skin", "uv": [ 12.0, 0.0, 16.0, 2.5 ], "windMode": [-1,-1,-1,-1] },
										"down": { "texture": "#bottom", "uv": [ 3.0, 2.5, 7.0, 5.0 ] }
									},
									"children": [
										{
											"name": "LAbdomen",
											"from": [ 0.0, 0.0086, 1.72 ], 
											"to": [ 3.44, 0.3354, 4.042 ], 
											"unwrapMode": 5,
											"autoUnwrap": false,
											"uv": [ 0.0, 10.5 ],
											"rotationOrigin": [ 0.0, 0.0086, 1.72 ],
											"rotationY": -3.0,
											"faces": {
												"north": { "texture": "#null", "uv": [ 0.5, 10.5, 4.5, 11.0 ], "rotation": 180, "enabled": false },
												"east": { "texture": "#skin", "uv": [ 15.5, 3.0, 16.0, 5.5 ], "rotation": 90 },
												"south": { "texture": "#skin", "uv": [ 12.0, 5.0, 16.0, 5.5 ], "windMode": [-1,-1,-1,-1] },
												"west": { "texture": "#skin", "uv": [ 12.0, 3.0, 12.5, 5.5 ], "rotation": 270, "windMode": [-1,-1,-1,-1] },
												"up": { "texture": "#skin", "uv": [ 12.0, 2.5, 16.0, 5.0 ], "windMode": [-1,-1,-1,-1] },
												"down": { "texture": "#bottom", "uv": [ 6.0, 8.0, 10.0, 10.5 ], "windMode": [-1,-1,-1,-1] }
											},
											"children": [
												{
													"name": "LLeg",
													"from": [ 1.72, 0.0086, 2.322 ], 
													"to": [ 2.838, 0.3182, 4.902 ], 
													"unwrapMode": 5,
													"autoUnwrap": false,
													"uv": [ 10.0, 4.5 ],
													"rotationOrigin": [ 1.72, 0.0086, 2.322 ],
													"rotationY": 72.0,
													"faces": {
														"north": { "texture": "#null", "uv": [ 10.5, 4.5, 11.5, 5.0 ], "rotation": 180, "enabled": false },
														"east": { "texture": "#skin", "uv": [ 5.5, 13.5, 6.0, 16.5 ], "rotation": 90 },
														"south": { "texture": "#skin", "uv": [ 4.5, 16.5, 5.5, 17.0 ], "windMode": [-1,-1,-1,-1] },
														"west": { "texture": "#skin", "uv": [ 4.0, 13.5, 4.5, 16.5 ], "rotation": 270, "windMode": [-1,-1,-1,-1] },
														"up": { "texture": "#skin", "uv": [ 4.5, 13.5, 5.5, 16.5 ], "windMode": [-1,-1,-1,-1] },
														"down": { "texture": "#bottom", "uv": [ 13.0, 4.5, 14.0, 7.5 ], "windMode": [-1,-1,-1,-1] }
													},
													"children": [
														{
															"name": "LLegEnd",
															"from": [ 0.086, -0.0086, 2.15 ], 
															"to": [ 1.118, 0.3182, 4.73 ], 
															"unwrapMode": 5,
															"autoUnwrap": false,
															"uv": [ 4.5, 7.5 ],
															"rotationOrigin": [ 0.946, -0.0086, 2.15 ],
															"rotationY": -14.0,
															"faces": {
																"north": { "texture": "#skin", "uv": [ 0.5, 13.0, 1.5, 13.5 ], "rotation": 180 },
																"east": { "texture": "#skin", "uv": [ 1.5, 13.5, 2.0, 16.5 ], "rotation": 90, "windMode": [-1,-1,-1,-1] },
																"south": { "texture": "#skin", "uv": [ 0.5, 16.5, 1.5, 17.0 ], "windMode": [-1,-1,-1,-1] },
																"west": { "texture": "#skin", "uv": [ 0.0, 13.5, 0.5, 16.5 ], "rotation": 270, "windMode": [-1,-1,-1,-1] },
																"up": { "texture": "#skin", "uv": [ 0.5, 13.5, 1.5, 16.5 ], "windMode": [-1,-1,-1,-1] },
																"down": { "texture": "#bottom", "uv": [ 6.5, 8.0, 7.5, 11.0 ], "windMode": [-1,-1,-1,-1] }
															}
														}
													]
												},
												{
													"name": "LLegLower",
													"from": [ 2.15, 0.0172, -0.43 ], 
													"to": [ 3.44, 0.3096, 2.15 ], 
													"unwrapMode": 5,
													"autoUnwrap": false,
													"uv": [ 0.5, 6.0 ],
													"rotationOrigin": [ 3.44, 0.0172, -0.43 ],
													"rotationY": 16.0,
													"faces": {
														"north": { "texture": "#null", "uv": [ 0.5, 6.0, 2.0, 6.5 ], "rotation": 180, "enabled": false },
														"east": { "texture": "#skin", "uv": [ 7.0, 13.5, 7.5, 16.5 ], "rotation": 90 },
														"south": { "texture": "#null", "uv": [ 0.5, 9.0, 2.0, 9.5 ], "enabled": false },
														"west": { "texture": "#null", "uv": [ 0.5, 6.0, 1.0, 9.0 ], "rotation": 270, "enabled": false },
														"up": { "texture": "#skin", "uv": [ 6.0, 13.5, 7.5, 16.5 ], "windMode": [-1,-1,-1,-1] },
														"down": { "texture": "#bottom", "uv": [ 2.5, 6.0, 4.0, 9.0 ], "windMode": [-1,-1,-1,-1] }
													}
												}
											]
										},
										{
											"name": "RAbdomen",
											"from": [ 0.0, -0.3182, 0.43 ], 
											"to": [ 3.44, 0.0086, 2.752 ], 
											"unwrapMode": 5,
											"autoUnwrap": false,
											"uv": [ -0.5, 4.5 ],
											"rotationOrigin": [ 0.0, 0.0086, 0.43 ],
											"rotationX": 180.0,
											"rotationY": -3.0,
											"faces": {
												"north": { "texture": "#null", "uv": [ 0.0, 4.5, 4.0, 5.0 ], "rotation": 180, "enabled": false },
												"east": { "texture": "#skin", "uv": [ 18.5, 3.0, 19.0, 5.5 ], "rotation": 90 },
												"south": { "texture": "#skin", "uv": [ 18.5, 5.0, 22.5, 5.5 ], "windMode": [-1,-1,-1,-1] },
												"west": { "texture": "#skin", "uv": [ 22.0, 3.0, 22.5, 5.5 ], "rotation": 270, "windMode": [-1,-1,-1,-1] },
												"up": { "texture": "#bottom", "uv": [ 0.0, 5.0, 4.0, 7.5 ], "windMode": [-1,-1,-1,-1] },
												"down": { "texture": "#skin", "uv": [ 18.5, 3.0, 22.5, 5.5 ], "windMode": [-1,-1,-1,-1] }
											},
											"children": [
												{
													"name": "RLeg",
													"from": [ 1.72, 0.0086, 2.322 ], 
													"to": [ 2.838, 0.3182, 4.902 ], 
													"unwrapMode": 5,
													"autoUnwrap": false,
													"uv": [ 1.0, 5.5 ],
													"rotationOrigin": [ 1.72, 0.3182, 2.322 ],
													"rotationY": 72.0,
													"faces": {
														"north": { "texture": "#null", "uv": [ 1.5, 5.5, 2.5, 6.0 ], "rotation": 180, "enabled": false },
														"east": { "texture": "#skin", "uv": [ 17.5, 14.0, 18.0, 17.0 ], "rotation": 90 },
														"south": { "texture": "#skin", "uv": [ 16.5, 17.0, 17.5, 17.5 ], "windMode": [-1,-1,-1,-1] },
														"west": { "texture": "#skin", "uv": [ 16.0, 14.0, 16.5, 17.0 ], "rotation": 270, "windMode": [-1,-1,-1,-1] },
														"up": { "texture": "#bottom", "uv": [ 1.5, 5.5, 2.5, 8.5 ], "windMode": [-1,-1,-1,-1] },
														"down": { "texture": "#skin", "uv": [ 16.5, 14.0, 17.5, 17.0 ], "windMode": [-1,-1,-1,-1] }
													},
													"children": [
														{
															"name": "RLegEnd",
															"from": [ 0.0, -0.0086, 2.15 ], 
															"to": [ 1.032, 0.3182, 4.73 ], 
															"unwrapMode": 5,
															"autoUnwrap": false,
															"uv": [ 0.0, 9.0 ],
															"rotationOrigin": [ 0.86, 0.3268, 2.15 ],
															"rotationY": -14.0,
															"faces": {
																"north": { "texture": "#skin", "uv": [ 11.5, 13.5, 12.5, 14.0 ], "rotation": 180 },
																"east": { "texture": "#skin", "uv": [ 12.5, 14.0, 13.0, 17.0 ], "rotation": 90, "windMode": [-1,-1,-1,-1] },
																"south": { "texture": "#skin", "uv": [ 11.5, 17.0, 12.5, 17.5 ], "windMode": [-1,-1,-1,-1] },
																"west": { "texture": "#skin", "uv": [ 11.0, 14.0, 11.5, 17.0 ], "rotation": 270, "windMode": [-1,-1,-1,-1] },
																"up": { "texture": "#bottom", "uv": [ 0.5, 9.5, 1.5, 12.5 ], "windMode": [-1,-1,-1,-1] },
																"down": { "texture": "#skin", "uv": [ 11.5, 14.0, 12.5, 17.0 ], "windMode": [-1,-1,-1,-1] }
															}
														}
													]
												},
												{
													"name": "RLegLower",
													"from": [ 2.15, 0.0172, -0.43 ], 
													"to": [ 3.44, 0.3096, 2.15 ], 
													"unwrapMode": 5,
													"autoUnwrap": false,
													"uv": [ 12.0, 4.0 ],
													"rotationOrigin": [ 3.44, 0.3096, -0.43 ],
													"rotationY": 16.0,
													"faces": {
														"north": { "texture": "#null", "uv": [ 12.0, 4.0, 13.5, 4.5 ], "rotation": 180, "enabled": false },
														"east": { "texture": "#skin", "uv": [ 19.0, 14.0, 19.5, 17.0 ], "rotation": 90, "windMode": [-1,-1,-1,-1] },
														"south": { "texture": "#null", "uv": [ 12.0, 7.0, 13.5, 7.5 ], "enabled": false },
														"west": { "texture": "#null", "uv": [ 12.0, 4.0, 12.5, 7.0 ], "rotation": 270, "enabled": false },
														"up": { "texture": "#bottom", "uv": [ 12.0, 4.0, 13.5, 7.0 ], "windMode": [-1,-1,-1,-1] },
														"down": { "texture": "#skin", "uv": [ 18.0, 14.0, 19.5, 17.0 ], "windMode": [-1,-1,-1,-1] }
													}
												}
											]
										},
										{
											"name": "PeltTail",
											"from": [ 3.44, 0.0086, 0.645 ], 
											"to": [ 5.59, 0.4386, 1.505 ], 
											"autoUnwrap": false,
											"uv": [ 4.0, 4.0 ],
											"rotationOrigin": [ 3.44, 0.0086, 0.645 ],
											"faces": {
												"north": { "texture": "#skin", "uv": [ 29.0, 3.0, 31.5, 3.5 ] },
												"east": { "texture": "#skin", "uv": [ 28.0, 3.0, 29.0, 3.5 ], "windMode": [-1,-1,-1,-1] },
												"south": { "texture": "#skin", "uv": [ 25.5, 3.0, 28.0, 3.5 ], "windMode": [-1,-1,-1,-1] },
												"west": { "texture": "#skin", "uv": [ 24.5, 3.0, 25.5, 3.5 ], "windMode": [-1,-1,-1,-1] },
												"up": { "texture": "#skin", "uv": [ 25.5, 2.0, 28.0, 3.0 ], "windMode": [-1,-1,-1,-1] },
												"down": { "texture": "#skin", "uv": [ 25.5, 4.0, 28.0, 5.0 ], "windMode": [-1,-1,-1,-1] }
											},
											"children": [
												{
													"name": "PeltTailMid",
													"from": [ 1.892, -0.0086, -0.43 ], 
													"to": [ 4.472, 0.6708, 1.29 ], 
													"autoUnwrap": false,
													"uv": [ 29.0, 10.5 ],
													"rotationOrigin": [ 1.892, -0.0086, -0.43 ],
													"faces": {
														"north": { "texture": "#skin", "uv": [ 27.5, 6.0, 30.5, 6.5 ] },
														"east": { "texture": "#skin", "uv": [ 25.5, 6.0, 27.5, 6.5 ], "windMode": [-1,-1,-1,-1] },
														"south": { "texture": "#skin", "uv": [ 22.5, 6.0, 25.5, 6.5 ], "windMode": [-1,-1,-1,-1] },
														"west": { "texture": "#skin", "uv": [ 20.5, 6.0, 22.5, 6.5 ], "windMode": [-1,-1,-1,-1] },
														"up": { "texture": "#skin", "uv": [ 22.5, 4.0, 25.5, 6.0 ], "windMode": [-1,-1,-1,-1] },
														"down": { "texture": "#skin", "uv": [ 22.5, 8.0, 25.5, 10.0 ], "windMode": [-1,-1,-1,-1] }
													},
													"children": [
														{
															"name": "PeltTailEnd",
															"from": [ 2.322, 0.0, 0.129 ], 
															"to": [ 5.332, 0.516, 1.591 ], 
															"autoUnwrap": false,
															"uv": [ 4.5, 4.5 ],
															"rotationOrigin": [ 2.322, 0.0, 0.129 ],
															"faces": {
																"north": { "texture": "#skin", "uv": [ 28.5, 11.5, 32.0, 12.0 ] },
																"east": { "texture": "#skin", "uv": [ 27.0, 11.5, 28.5, 12.0 ], "windMode": [-1,-1,-1,-1] },
																"south": { "texture": "#skin", "uv": [ 23.5, 11.5, 27.0, 12.0 ], "windMode": [-1,-1,-1,-1] },
																"west": { "texture": "#skin", "uv": [ 22.0, 11.5, 23.5, 12.0 ], "windMode": [-1,-1,-1,-1] },
																"up": { "texture": "#skin", "uv": [ 23.5, 10.0, 27.0, 11.5 ], "windMode": [-1,-1,-1,-1] },
																"down": { "texture": "#skin", "uv": [ 23.5, 13.0, 27.0, 14.5 ], "rotation": 180, "windMode": [-1,-1,-1,-1] }
															}
														}
													]
												}
											]
										}
									]
								},
								{
									"name": "Neck",
									"from": [ -1.29, 0.0, 0.086 ], 
									"to": [ 0.0, 0.3784, 1.806 ], 
									"autoUnwrap": false,
									"uv": [ 3.0, 2.0 ],
									"rotationOrigin": [ 0.086, 0.0, 0.086 ],
									"faces": {
										"north": { "texture": "#skin", "uv": [ 12.0, 8.5, 13.5, 9.0 ] },
										"east": { "texture": "#skin", "uv": [ 6.0, 4.0, 8.0, 4.5 ], "enabled": false, "windMode": [-1,-1,-1,-1] },
										"south": { "texture": "#skin", "uv": [ 10.5, 8.5, 12.0, 9.0 ], "windMode": [-1,-1,-1,-1] },
										"west": { "texture": "#skin", "uv": [ 8.5, 8.5, 10.5, 9.0 ], "windMode": [-1,-1,-1,-1] },
										"up": { "texture": "#skin", "uv": [ 10.5, 6.5, 12.0, 8.5 ], "windMode": [-1,-1,-1,-1] },
										"down": { "texture": "#bottom", "uv": [ 6.0, 2.0, 7.5, 4.0 ] }
									},
									"children": [
										{
											"name": "RNeck",
											"from": [ 0.0, -0.3096, -0.86 ], 
											"to": [ 2.58, 0.0172, 0.43 ], 
											"unwrapMode": 6,
											"autoUnwrap": false,
											"uv": [ 8.0, 11.0 ],
											"rotationOrigin": [ 2.58, 0.0172, 0.86 ],
											"rotationX": -180.0,
											"rotationY": 75.0,
											"faces": {
												"north": { "texture": "#skin", "uv": [ 12.0, 8.5, 12.5, 11.5 ], "rotation": 90 },
												"east": { "texture": "#null", "uv": [ 8.0, 11.5, 8.5, 13.0 ], "rotation": 90, "enabled": false, "windMode": [-1,-1,-1,-1] },
												"south": { "texture": "#skin", "uv": [ 12.0, 9.0, 15.0, 9.5 ], "rotation": 180, "windMode": [-1,-1,-1,-1] },
												"west": { "texture": "#skin", "uv": [ 12.0, 11.0, 13.5, 11.5 ], "rotation": 180, "windMode": [-1,-1,-1,-1] },
												"up": { "texture": "#bottom", "uv": [ 11.5, 11.5, 14.5, 13.0 ], "windMode": [-1,-1,-1,-1] },
												"down": { "texture": "#skin", "uv": [ 12.0, 8.5, 13.5, 11.5 ], "rotation": 270, "windMode": [-1,-1,-1,-1] }
											}
										},
										{
											"name": "LNeck",
											"from": [ 0.0, 0.0172, -0.86 ], 
											"to": [ 2.58, 0.344, 0.43 ], 
											"unwrapMode": 5,
											"autoUnwrap": false,
											"uv": [ 6.0, 10.5 ],
											"rotationOrigin": [ 2.58, 0.0172, 0.86 ],
											"rotationY": 75.0,
											"faces": {
												"north": { "texture": "#skin", "uv": [ 11.5, 8.5, 12.0, 11.5 ], "rotation": 90 },
												"east": { "texture": "#null", "uv": [ 9.5, 11.0, 10.0, 12.5 ], "rotation": 90, "enabled": false, "windMode": [-1,-1,-1,-1] },
												"south": { "texture": "#skin", "uv": [ 9.0, 11.5, 12.0, 12.0 ], "windMode": [-1,-1,-1,-1] },
												"west": { "texture": "#skin", "uv": [ 10.5, 11.0, 12.0, 11.5 ], "rotation": 180, "windMode": [-1,-1,-1,-1] },
												"up": { "texture": "#skin", "uv": [ 10.5, 8.5, 12.0, 11.5 ], "rotation": 90, "windMode": [-1,-1,-1,-1] },
												"down": { "texture": "#bottom", "uv": [ 9.5, 11.0, 12.5, 12.5 ], "windMode": [-1,-1,-1,-1] }
											}
										},
										{
											"name": "Head",
											"from": [ -0.688, 0.0, -0.215 ], 
											"to": [ 0.602, 0.387, 1.935 ], 
											"autoUnwrap": false,
											"uv": [ 4.5, 3.5 ],
											"rotationOrigin": [ 0.602, 0.0, -0.215 ],
											"faces": {
												"north": { "texture": "#skin", "uv": [ 1.0, 10.5, 1.5, 12.0 ], "rotation": 270 },
												"east": { "texture": "#skin", "uv": [ 1.5, 10.0, 4.0, 10.5 ], "windMode": [-1,-1,-1,-1] },
												"south": { "texture": "#skin", "uv": [ 4.0, 10.5, 4.5, 12.0 ], "rotation": 90, "windMode": [-1,-1,-1,-1] },
												"west": { "texture": "#skin", "uv": [ 1.5, 12.0, 4.0, 12.5 ], "windMode": [-1,-1,-1,-1] },
												"up": { "texture": "#skin", "uv": [ 1.5, 10.5, 4.0, 12.0 ], "rotation": 90, "windMode": [-1,-1,-1,-1] },
												"down": { "texture": "#bottom", "uv": [ 7.5, 3.5, 9.0, 6.0 ] }
											},
											"children": [
												{
													"name": "Snout",
													"from": [ -1.032, 0.0, 0.817 ], 
													"to": [ 0.258, 0.344, 1.333 ], 
													"autoUnwrap": false,
													"uv": [ 1.5, 2.0 ],
													"rotationOrigin": [ 0.258, 0.0, 0.817 ],
													"faces": {
														"north": { "texture": "#skin", "uv": [ 6.0, 0.0, 6.5, 1.5 ], "rotation": 270 },
														"east": { "texture": "#skin", "uv": [ 3.0, 2.5, 3.5, 3.0 ], "enabled": false, "windMode": [-1,-1,-1,-1] },
														"south": { "texture": "#skin", "uv": [ 7.0, 0.0, 7.5, 1.5 ], "rotation": 90, "windMode": [-1,-1,-1,-1] },
														"west": { "texture": "#skin", "uv": [ 6.5, 1.5, 7.0, 2.0 ], "windMode": [-1,-1,-1,-1] },
														"up": { "texture": "#skin", "uv": [ 6.5, 0.0, 7.0, 1.5 ], "rotation": 90, "windMode": [-1,-1,-1,-1] },
														"down": { "texture": "#bottom", "uv": [ 3.0, 2.0, 4.5, 2.5 ] }
													},
													"children": [
														{
															"name": "Nose",
															"from": [ -0.0086, 0.129, 0.129 ], 
															"to": [ 0.3354, 0.387, 0.387 ], 
															"unwrapMode": 3,
															"uv": [ 10.0, 0.0 ],
															"rotationOrigin": [ 0.0, 0.129, 0.129 ],
															"faces": {
																"north": { "texture": "#skin", "uv": [ 11.5, 0.5, 12.0, 1.0 ] },
																"east": { "texture": "#skin", "uv": [ 11.0, 0.5, 11.5, 1.0 ], "windMode": [-1,-1,-1,-1] },
																"south": { "texture": "#skin", "uv": [ 10.5, 0.5, 11.0, 1.0 ], "windMode": [-1,-1,-1,-1] },
																"west": { "texture": "#skin", "uv": [ 10.0, 0.5, 10.5, 1.0 ], "windMode": [-1,-1,-1,-1] },
																"up": { "texture": "#skin", "uv": [ 10.5, 0.0, 11.0, 0.5 ], "windMode": [-1,-1,-1,-1] },
																"down": { "texture": "#skin", "uv": [ 10.5, 1.0, 11.0, 1.5 ], "rotation": 180, "windMode": [-1,-1,-1,-1] }
															}
														}
													]
												}
											]
										}
									]
								}
							]
						}
					]
				}
			]
		}
	]}