{
    "code": "bathroomdecor1",
    "creativeinventory": { "general": ["*-north"], "decorative": ["*-north"], "decorbazaar": ["*-north"] },
    "behaviors": [{ "name": "HorizontalOrientable" }],
    "variantgroups": [{ "code": "side", "loadFromProperties": "abstract/horizontalorientation" }],
    "shape": {
        "base": "block/bathroomdecor/bathroomdecor1",
        "rotateYByType": {
            "*-north": 0,
            "*-east": 270,
            "*-south": 180,
            "*-west": 90
        }
    },
    "blockmaterial": "stone",
  "lightAbsorption": 0,
    "sidesolid": {
        "all": "false"
    },
    "sideopaque": {
        "all": "false"
    },
    "drawtype": "json",
	"textures": {
		"8": { "base": "block/bazaar/fabric/toothbrush" },
		"0": { "base": "game:block/clay/crock/flintporceilan" },
		"1": { "base": "game:block/clay/vessel/sides/burned" },
		"2": { "base": "game:block/clay/vessel/sides/seasalt" },
		"6": { "base": "game:block/metal/ingot/brass" },
		"7": { "base": "game:block/metal/ingot/stainlesssteel" },
		"5": { "base": "game:block/wood/planks/acacia1" },
		"3": { "base": "game:block/wood/planks/aged1" },
		"4": { "base": "game:block/wood/planks/baldcypress1" }
	},
    "resistance": 3.5,
    "collisionBox": { x1: 0, y1: 0, z1: 0, x2: 1, y2: 0.0625, z2: 1 },
    "selectionBox": { x1: 0, y1: 0, z1: 0, x2: 1, y2: 0.0625, z2: 1 },
    "sounds": {
        "place": "game:block/planks",
        "walk": "game:walk/stone"
    }
}