[
  {
    "name": "enchantment-durable",
    "processingHours": 1,
    "ingredients": {
      "armor": {
        "type": "item",
        "code": "spearexpantion:armor-*-*-*",
        "quantity": 1
      },
      "bartka": {
        "type": "item",
        "code": "spearexpantion:bartka-*",
        "quantity": 1
      },
      "blade": {
        "type": "item",
        "code": "game:blade-temporalit",
        "quantity": 1
      },
      "claymore": {
        "type": "item",
        "code": "spearexpantion:claymore-*",
        "quantity": 1
      },
      "expandedbow": {
        "type": "item",
        "code": "spearexpantion:expandedbow-*",
        "quantity": 1
      },
      "halberd": {
        "type": "item",
        "code": "spearexpantion:halberd-*",
        "quantity": 1
      },
      "hornybows": {
        "type": "item",
        "code": "spearexpantion:hornybows-*-*",
        "quantity": 1
      },
      "ironspear": {
        "type": "item",
        "code": "spearexpantion:ironspear-*",
        "quantity": 1
      },
      "khopesh": {
        "type": "item",
        "code": "spearexpantion:khopesh-*",
        "quantity": 1
      },
      "mace": {
        "type": "item",
        "code": "spearexpantion:mace-*-*",
        "quantity": 1
      },
      "odachi": {
        "type": "item",
        "code": "spearexpantion:odachi-*",
        "quantity": 1
      },
      "pike": {
        "type": "item",
        "code": "spearexpantion:pike-*",
        "quantity": 1
      },
      "pitchfork": {
        "type": "item",
        "code": "spearexpantion:pitchfork-*",
        "quantity": 1
      },
      "scythespear": {
        "type": "item",
        "code": "spearexpantion:scythespear-*",
        "quantity": 1
      },
      "seax": {
        "type": "item",
        "code": "spearexpantion:seax-*",
        "quantity": 1
      },
      "tvision": {
        "type": "item",
        "code": "game:temporalitvisiondevice-*",
        "quantity": 1
      }
    },
    "enchantments": {
      "durable": 5
    }
  }
]