[
  {
    "name": "enchantment-protection",
    "processingHours": 1,
    "ingredients": {
      "armor": {
        "type": "item",
        "code": "spearexpantion:armor-*-*-*",
        "quantity": 1
      },
      "tvision": {
        "type": "item",
        "code": "game:temporalitvisiondevice-*",
        "quantity": 1
      }
    },
    "enchantments": {
      "protection": 5
    }
  },
  {
    "name": "enchantment-resistelectricity",
    "processingHours": 1,
    "ingredients": {
      "armor": {
        "type": "item",
        "code": "spearexpantion:armor-*-*-*",
        "quantity": 1
      },
      "tvision": {
        "type": "item",
        "code": "game:temporalitvisiondevice-*",
        "quantity": 1
      }
    },
    "enchantments": {
      "resistelectricity": 5
    }
  },
  {
    "name": "enchantment-resistfire",
    "processingHours": 1,
    "ingredients": {
      "armor": {
        "type": "item",
        "code": "spearexpantion:armor-*-*-*",
        "quantity": 1
      },
      "tvision": {
        "type": "item",
        "code": "game:temporalitvisiondevice-*",
        "quantity": 1
      }
    },
    "enchantments": {
      "resistfire": 5
    }
  },
  {
    "name": "enchantment-resistfrost",
    "processingHours": 1,
    "ingredients": {
      "armor": {
        "type": "item",
        "code": "spearexpantion:armor-*-*-*",
        "quantity": 1
      },
      "tvision": {
        "type": "item",
        "code": "game:temporalitvisiondevice-*",
        "quantity": 1
      }
    },
    "enchantments": {
      "resistfrost": 5
    }
  },
  {
    "name": "enchantment-resistheal",
    "processingHours": 1,
    "ingredients": {
      "armor": {
        "type": "item",
        "code": "spearexpantion:armor-*-*-*",
        "quantity": 1
      },
      "tvision": {
        "type": "item",
        "code": "game:temporalitvisiondevice-*",
        "quantity": 1
      }
    },
    "enchantments": {
      "resistheal": 5
    }
  },
  {
    "name": "enchantment-resistinjury",
    "processingHours": 1,
    "ingredients": {
      "armor": {
        "type": "item",
        "code": "spearexpantion:armor-*-*-*",
        "quantity": 1
      },
      "tvision": {
        "type": "item",
        "code": "game:temporalitvisiondevice-*",
        "quantity": 1
      }
    },
    "enchantments": {
      "resistinjury": 5
    }
  },
  {
    "name": "enchantment-resistpoison",
    "processingHours": 1,
    "ingredients": {
      "armor": {
        "type": "item",
        "code": "spearexpantion:armor-*-*-*",
        "quantity": 1
      },
      "tvision": {
        "type": "item",
        "code": "game:temporalitvisiondevice-*",
        "quantity": 1
      }
    },
    "enchantments": {
      "resistpoison": 5
    }
  }
]