{
	"editor": {
		"allAngles": false,
		"entityTextureMode": false
	},
	"textureWidth": 16,
	"textureHeight": 16,
	"textureSizes": {
	},
	"textures": {
		"metal": "game:block/metal/ingot/iron"
	},
	"elements": [
		{
			"name": "Lid",
			"from": [ 3.5, 0.0, 3.5 ],
			"to": [ 12.5, 0.5, 12.5 ],
			"rotationOrigin": [ 3.5, 0.0, 3.5 ],
			"faces": {
				"north": { "texture": "#metal", "uv": [ 0.0, 0.0, 9.0, 0.5 ] },
				"east": { "texture": "#metal", "uv": [ 0.0, 0.0, 9.0, 0.5 ] },
				"south": { "texture": "#metal", "uv": [ 0.0, 0.0, 9.0, 0.5 ] },
				"west": { "texture": "#metal", "uv": [ 0.0, 0.0, 9.0, 0.5 ] },
				"up": { "texture": "#metal", "uv": [ 0.0, 0.0, 9.0, 9.0 ] },
				"down": { "texture": "#metal", "uv": [ 0.0, 0.0, 9.0, 9.0 ] }
			},
			"children": [
				{
					"name": "Lid Handle",
					"from": [ 3.5, 0.5, 3.5 ],
					"to": [ 5.5, 1.0, 5.5 ],
					"rotationOrigin": [ 3.5, 0.5, 3.5 ],
					"faces": {
						"north": { "texture": "#metal", "uv": [ 0.0, 0.0, 2.0, 0.5 ] },
						"east": { "texture": "#metal", "uv": [ 0.0, 0.0, 2.0, 0.5 ] },
						"south": { "texture": "#metal", "uv": [ 0.0, 0.0, 2.0, 0.5 ] },
						"west": { "texture": "#metal", "uv": [ 0.0, 0.0, 2.0, 0.5 ] },
						"up": { "texture": "#metal", "uv": [ 0.0, 0.0, 2.0, 2.0 ] },
						"down": { "texture": "#metal", "uv": [ 0.0, 0.0, 2.0, 2.0 ] }
					}
				}
			]
		}
	]}