{
	"editor": {
		"allAngles": false,
		"entityTextureMode": false
	},
	"textureWidth": 16,
	"textureHeight": 16,
	"textureSizes": {
	},
	"textures": {
	},
	"elements": [
		{
			"name": "Floor",
			"from": [ 4.0, 0.0, 4.0 ],
			"to": [ 12.0, 1.0, 12.0 ],
			"rotationOrigin": [ 4.0, 0.0, 4.0 ],
			"faces": {
				"north": { "texture": "#metal", "uv": [ 0.0, 0.0, 8.0, 1.0 ] },
				"east": { "texture": "#metal", "uv": [ 0.0, 0.0, 8.0, 1.0 ] },
				"south": { "texture": "#metal", "uv": [ 0.0, 0.0, 8.0, 1.0 ] },
				"west": { "texture": "#metal", "uv": [ 0.0, 0.0, 8.0, 1.0 ] },
				"up": { "texture": "#metal", "uv": [ 0.0, 0.0, 8.0, 8.0 ] },
				"down": { "texture": "#metal", "uv": [ 0.0, 0.0, 8.0, 8.0 ] }
			},
			"children": [
				{
					"name": "W",
					"from": [ -1.0, 0.0, 0.0 ],
					"to": [ 0.0, 9.0, 8.0 ],
					"rotationOrigin": [ -1.0, 0.0, 0.0 ],
					"faces": {
						"north": { "texture": "#metal", "uv": [ 0.0, 0.0, 1.0, 9.0 ] },
						"east": { "texture": "#metal", "uv": [ 0.0, 0.0, 8.0, 9.0 ] },
						"south": { "texture": "#metal", "uv": [ 0.0, 0.0, 1.0, 9.0 ] },
						"west": { "texture": "#metal", "uv": [ 0.0, 0.0, 8.0, 9.0 ] },
						"up": { "texture": "#metal", "uv": [ 0.0, 0.0, 1.0, 8.0 ] },
						"down": { "texture": "#metal", "uv": [ 0.0, 0.0, 1.0, 8.0 ] }
					}
				},
				{
					"name": "E",
					"from": [ 8.0, 0.0, 0.0 ],
					"to": [ 9.0, 9.0, 8.0 ],
					"rotationOrigin": [ 8.0, 0.0, 0.0 ],
					"faces": {
						"north": { "texture": "#metal", "uv": [ 0.0, 0.0, 1.0, 9.0 ] },
						"east": { "texture": "#metal", "uv": [ 0.0, 0.0, 8.0, 9.0 ] },
						"south": { "texture": "#metal", "uv": [ 0.0, 0.0, 1.0, 9.0 ] },
						"west": { "texture": "#metal", "uv": [ 0.0, 0.0, 8.0, 9.0 ] },
						"up": { "texture": "#metal", "uv": [ 0.0, 0.0, 1.0, 8.0 ] },
						"down": { "texture": "#metal", "uv": [ 0.0, 0.0, 1.0, 8.0 ] }
					}
				},
				{
					"name": "N",
					"from": [ -1.0, 0.0, -1.0 ],
					"to": [ 9.0, 9.0, 0.0 ],
					"rotationOrigin": [ -1.0, 0.0, -1.0 ],
					"faces": {
						"north": { "texture": "#metal", "uv": [ 0.0, 0.0, 10.0, 9.0 ] },
						"east": { "texture": "#metal", "uv": [ 0.0, 0.0, 1.0, 9.0 ] },
						"south": { "texture": "#metal", "uv": [ 0.0, 0.0, 10.0, 9.0 ] },
						"west": { "texture": "#metal", "uv": [ 0.0, 0.0, 1.0, 9.0 ] },
						"up": { "texture": "#metal", "uv": [ 0.0, 0.0, 10.0, 1.0 ] },
						"down": { "texture": "#metal", "uv": [ 0.0, 0.0, 10.0, 1.0 ] }
					}
				},
				{
					"name": "S",
					"from": [ -1.0, 0.0, 8.0 ],
					"to": [ 9.0, 9.0, 9.0 ],
					"rotationOrigin": [ -1.0, 0.0, 8.0 ],
					"faces": {
						"north": { "texture": "#metal", "uv": [ 0.0, 0.0, 10.0, 9.0 ] },
						"east": { "texture": "#metal", "uv": [ 0.0, 0.0, 1.0, 9.0 ] },
						"south": { "texture": "#metal", "uv": [ 0.0, 0.0, 10.0, 9.0 ] },
						"west": { "texture": "#metal", "uv": [ 0.0, 0.0, 1.0, 9.0 ] },
						"up": { "texture": "#metal", "uv": [ 0.0, 0.0, 10.0, 1.0 ] },
						"down": { "texture": "#metal", "uv": [ 0.0, 0.0, 10.0, 1.0 ] }
					}
				},
				{
					"name": "E Handle",
					"from": [ 9.0, 7.0, 7.0 ],
					"to": [ 11.0, 8.0, 8.0 ],
					"rotationOrigin": [ 9.0, 7.0, 7.0 ],
					"faces": {
						"north": { "texture": "#metal", "uv": [ 0.0, 0.0, 2.0, 1.0 ] },
						"east": { "texture": "#metal", "uv": [ 0.0, 0.0, 1.0, 1.0 ] },
						"south": { "texture": "#metal", "uv": [ 0.0, 0.0, 2.0, 1.0 ] },
						"west": { "texture": "#metal", "uv": [ 0.0, 0.0, 1.0, 1.0 ] },
						"up": { "texture": "#metal", "uv": [ 0.0, 0.0, 2.0, 1.0 ] },
						"down": { "texture": "#metal", "uv": [ 0.0, 0.0, 2.0, 1.0 ] }
					},
					"children": [
						{
							"name": "Cube8",
							"from": [ 0.0, 0.0, -7.0 ],
							"to": [ 2.0, 1.0, -6.0 ],
							"rotationOrigin": [ 0.0, 0.0, -7.0 ],
							"faces": {
								"north": { "texture": "#metal", "uv": [ 0.0, 0.0, 2.0, 1.0 ] },
								"east": { "texture": "#metal", "uv": [ 0.0, 0.0, 1.0, 1.0 ] },
								"south": { "texture": "#metal", "uv": [ 0.0, 0.0, 2.0, 1.0 ] },
								"west": { "texture": "#metal", "uv": [ 0.0, 0.0, 1.0, 1.0 ] },
								"up": { "texture": "#metal", "uv": [ 0.0, 0.0, 2.0, 1.0 ] },
								"down": { "texture": "#metal", "uv": [ 0.0, 0.0, 2.0, 1.0 ] }
							}
						},
						{
							"name": "Cube9",
							"from": [ 1.0, 0.0, -6.0 ],
							"to": [ 2.0, 1.0, 0.0 ],
							"rotationOrigin": [ 1.0, 0.0, -6.0 ],
							"faces": {
								"north": { "texture": "#metal", "uv": [ 0.0, 0.0, 1.0, 1.0 ] },
								"east": { "texture": "#metal", "uv": [ 0.0, 0.0, 6.0, 1.0 ] },
								"south": { "texture": "#metal", "uv": [ 0.0, 0.0, 1.0, 1.0 ] },
								"west": { "texture": "#metal", "uv": [ 0.0, 0.0, 6.0, 1.0 ] },
								"up": { "texture": "#metal", "uv": [ 0.0, 0.0, 1.0, 6.0 ] },
								"down": { "texture": "#metal", "uv": [ 0.0, 0.0, 1.0, 6.0 ] }
							}
						}
					]
				},
				{
					"name": "W Handle",
					"from": [ -3.0, 7.0, 7.0 ],
					"to": [ -1.0, 8.0, 8.0 ],
					"rotationOrigin": [ -3.0, 7.0, 7.0 ],
					"faces": {
						"north": { "texture": "#metal", "uv": [ 0.0, 0.0, 2.0, 1.0 ] },
						"east": { "texture": "#metal", "uv": [ 0.0, 0.0, 1.0, 1.0 ] },
						"south": { "texture": "#metal", "uv": [ 0.0, 0.0, 2.0, 1.0 ] },
						"west": { "texture": "#metal", "uv": [ 0.0, 0.0, 1.0, 1.0 ] },
						"up": { "texture": "#metal", "uv": [ 0.0, 0.0, 2.0, 1.0 ] },
						"down": { "texture": "#metal", "uv": [ 0.0, 0.0, 2.0, 1.0 ] }
					},
					"children": [
						{
							"name": "Cube10",
							"from": [ 0.0, 0.0, -6.0 ],
							"to": [ 1.0, 1.0, 0.0 ],
							"rotationOrigin": [ 0.0, 0.0, -6.0 ],
							"faces": {
								"north": { "texture": "#metal", "uv": [ 0.0, 0.0, 1.0, 1.0 ] },
								"east": { "texture": "#metal", "uv": [ 0.0, 0.0, 6.0, 1.0 ] },
								"south": { "texture": "#metal", "uv": [ 0.0, 0.0, 1.0, 1.0 ] },
								"west": { "texture": "#metal", "uv": [ 0.0, 0.0, 6.0, 1.0 ] },
								"up": { "texture": "#metal", "uv": [ 0.0, 0.0, 1.0, 6.0 ] },
								"down": { "texture": "#metal", "uv": [ 0.0, 0.0, 1.0, 6.0 ] }
							}
						},
						{
							"name": "Cube12",
							"from": [ 0.0, 0.0, -7.0 ],
							"to": [ 2.0, 1.0, -6.0 ],
							"rotationOrigin": [ 0.0, 0.0, -7.0 ],
							"faces": {
								"north": { "texture": "#metal", "uv": [ 0.0, 0.0, 2.0, 1.0 ] },
								"east": { "texture": "#metal", "uv": [ 0.0, 0.0, 1.0, 1.0 ] },
								"south": { "texture": "#metal", "uv": [ 0.0, 0.0, 2.0, 1.0 ] },
								"west": { "texture": "#metal", "uv": [ 0.0, 0.0, 1.0, 1.0 ] },
								"up": { "texture": "#metal", "uv": [ 0.0, 0.0, 2.0, 1.0 ] },
								"down": { "texture": "#metal", "uv": [ 0.0, 0.0, 2.0, 1.0 ] }
							}
						}
					]
				}
			]
		}
	]}