[
  {
    "file": "pantherinae:entities/land/pantherinae-neofelis-carcass.json",
    "op": "add",
    "path": "/attributesByType",
    "side": "Server",
    "value": {
      "*": {
        "biorealm": [
          "eastern palearctic",
          "pacific palearctic"
        ]
      }
    },
    "dependsOn": [
      {
        "modid": "biomes"
      }
    ]
  },
  {
    "file": "pantherinae:entities/land/pantherinae-panthera-carcass.json",
    "op": "add",
    "path": "/attributesByType",
    "side": "Server",
    "value": {
      "*": {
        "biorealm": [
          "atlantic afrotropic",
          "atlantic palearctic",
          "central palearctic",
          "eastern afrotropic",
          "eastern palearctic",
          "pacific palearctic",
          "pacific nearctic",
          "atlantic nearctic",
          "pacific neotropic",
          "atlantic neotropic"
        ]
      }
    },
    "dependsOn": [
      {
        "modid": "biomes"
      }
    ]
  },
  {
    "file": "pantherinae:entities/land/pantherinae-neofelis-baby.json",
    "op": "add",
    "path": "/attributesByType",
    "side": "Server",
    "value": {
      "*-diardi-normal": {
        "biorealm": [
          "pacific palearctic"
        ]
      },
      "*-nebulosa-normal": {
        "biorealm": [
          "eastern palearctic",
          "pacific palearctic"
        ]
      }
    },
    "dependsOn": [
      {
        "modid": "biomes"
      }
    ]
  },
  {
    "file": "pantherinae:entities/land/pantherinae-neofelis-adult.json",
    "op": "add",
    "path": "/attributesByType",
    "side": "Server",
    "value": {
      "*-diardi-normal": {
        "biorealm": [
          "pacific palearctic"
        ]
      },
      "*-nebulosa-normal": {
        "biorealm": [
          "eastern palearctic",
          "pacific palearctic"
        ]
      }
    },
    "dependsOn": [
      {
        "modid": "biomes"
      }
    ]
  },
  {
    "file": "pantherinae:entities/land/pantherinae-panthera-baby.json",
    "op": "add",
    "path": "/attributesByType",
    "side": "Server",
    "value": {
      "*-atrox-normal": {
        "biorealm": [
          "atlantic nearctic",
          "pacific nearctic"
        ]
      },
      "*-leo-normal": {
        "biorealm": [
          "atlantic afrotropic",
          "atlantic palearctic",
          "central palearctic",
          "eastern afrotropic"
        ]
      },
      "*-onca-normal": {
        "biorealm": [
          "pacific nearctic",
          "atlantic nearctic",
          "pacific neotropic",
          "atlantic neotropic"
        ]
      },
      "*-pardus-normal": {
        "biorealm": [
          "atlantic afrotropic",
          "atlantic palearctic",
          "central palearctic",
          "eastern afrotropic",
          "eastern palearctic",
          "pacific palearctic"
        ]
      },
      "*-spelaea-normal": {
        "biorealm": [
          "atlantic palearctic",
          "central palearctic",
          "eastern palearctic",
          "pacific nearctic"
        ]
      },
      "*-tigris-normal": {
        "biorealm": [
          "central palearctic",
          "eastern palearctic",
          "pacific palearctic"
        ]
      },
      "*-uncia-normal": {
        "biorealm": [
          "central palearctic",
          "eastern palearctic"
        ]
      }
    },
    "dependsOn": [
      {
        "modid": "biomes"
      }
    ]
  },
  {
    "file": "pantherinae:entities/land/pantherinae-panthera-adult.json",
    "op": "add",
    "path": "/attributesByType",
    "side": "Server",
    "value": {
      "*-atrox-normal": {
        "biorealm": [
          "atlantic nearctic",
          "pacific nearctic"
        ]
      },
      "*-leo-normal": {
        "biorealm": [
          "atlantic afrotropic",
          "atlantic palearctic",
          "central palearctic",
          "eastern afrotropic"
        ]
      },
      "*-onca-normal": {
        "biorealm": [
          "pacific nearctic",
          "atlantic nearctic",
          "pacific neotropic",
          "atlantic neotropic"
        ]
      },
      "*-pardus-normal": {
        "biorealm": [
          "atlantic afrotropic",
          "atlantic palearctic",
          "central palearctic",
          "eastern afrotropic",
          "eastern palearctic",
          "pacific palearctic"
        ]
      },
      "*-spelaea-normal": {
        "biorealm": [
          "atlantic palearctic",
          "central palearctic",
          "eastern palearctic",
          "pacific nearctic"
        ]
      },
      "*-tigris-normal": {
        "biorealm": [
          "central palearctic",
          "eastern palearctic",
          "pacific palearctic"
        ]
      },
      "*-uncia-normal": {
        "biorealm": [
          "central palearctic",
          "eastern palearctic"
        ]
      }
    },
    "dependsOn": [
      {
        "modid": "biomes"
      }
    ]
  }
]