{
	"editor": {
		"backDropShape": "/home/tiger/.var/app/at.vintagestory.VintageStory/config/VintagestoryData/Mods/LoP-Ceratops/assets/ceratopsidae/shapes/entity/land/ceratopsidae/adult",
		"collapsedPaths": "Root/Leather square center,Root/Center/Strap Main2/Main strap top R2,Root/Main Saddle bottom,Root/Mainstrap  bulge  L,Root/Leather square center2,Root,Root/Strap Main/Main strap top L,Root/Strap Main/Main strap top R,Root/Strap Main2,Root/Strap Main2/Main strap top L2,Root/Strap Main,Root/Leather square center/Leather square center L,Root/Center/Bar,Root/Center/Cube2,Root/Ring L,Root/Center/Strap Main2/Main strap top L2,Root/Ring R,Root/Main strap bottom L2,Root/Main strap top R,Root/Leather square center/Leather square center L9,Root/Main strap bottom L,Root/Main strap top L,Root/Leather square center2/Leather square center L3,Root/Center/Strap Main/Main strap top L4,Root/Center/Cube12,Root/Center/Cube18,Root/Main Saddle bottom/Saddle Back In",
		"allAngles": true,
		"entityTextureMode": false
	},
	"textureWidth": 16,
	"textureHeight": 16,
	"textureSizes": {
	},
	"textures": {
	},
	"elements": [
		{
			"name": "Center",
			"stepParentName": "Head",
			"from": [ 31.6, -48.4, 0.0 ],
			"to": [ 31.6, -48.4, 0.0 ],
			"rotationOrigin": [ 22.0, 3.6, 6.4 ],
			"faces": {
				"north": { "texture": "#plain", "uv": [ 0.0, 0.0, 0.5, 0.5 ], "autoUv": false },
				"east": { "texture": "#plain", "uv": [ 0.0, 0.0, 0.5, 0.5 ], "autoUv": false },
				"south": { "texture": "#plain", "uv": [ 0.0, 0.0, 0.5, 0.5 ], "autoUv": false },
				"west": { "texture": "#plain", "uv": [ 0.0, 0.0, 0.5, 0.5 ], "autoUv": false },
				"up": { "texture": "#plain", "uv": [ 0.0, 0.0, 0.5, 0.5 ], "autoUv": false },
				"down": { "texture": "#plain", "uv": [ 0.0, 0.0, 0.5, 0.5 ], "autoUv": false }
			},
			"children": [
				{
					"name": "Strap Main",
					"from": [ -38.6, 58.6, 4.2 ],
					"to": [ -38.6, 58.6, 4.2 ],
					"rotationOrigin": [ -34.9, 53.4, 7.4 ],
					"faces": {
						"north": { "texture": "#plain", "uv": [ 0.0, 0.0, 0.5, 0.5 ], "autoUv": false },
						"east": { "texture": "#plain", "uv": [ 0.0, 0.0, 0.5, 0.5 ], "autoUv": false },
						"south": { "texture": "#plain", "uv": [ 0.0, 0.0, 0.5, 0.5 ], "autoUv": false },
						"west": { "texture": "#plain", "uv": [ 0.0, 0.0, 0.5, 0.5 ], "autoUv": false },
						"up": { "texture": "#plain", "uv": [ 0.0, 0.0, 0.5, 0.5 ], "autoUv": false },
						"down": { "texture": "#plain", "uv": [ 0.0, 0.0, 0.5, 0.5 ], "autoUv": false }
					},
					"children": [
						{
							"name": "Main strap top L",
							"from": [ 2.6, -4.2, 9.4 ],
							"to": [ 4.7, -3.2, 9.9 ],
							"rotationOrigin": [ 2.6, -4.2, 9.4 ],
							"rotationX": 3.0,
							"faces": {
								"north": { "texture": "#plain", "uv": [ 0.0, 0.0, 4.0, 2.0 ], "autoUv": false },
								"east": { "texture": "#plain", "uv": [ 0.0, 0.0, 1.0, 2.0 ], "autoUv": false },
								"south": { "texture": "#plain", "uv": [ 0.0, 0.0, 4.0, 2.0 ], "autoUv": false },
								"west": { "texture": "#plain", "uv": [ 0.0, 0.0, 1.0, 2.0 ], "autoUv": false },
								"up": { "texture": "#plain", "uv": [ 0.0, 0.0, 4.0, 1.0 ], "autoUv": false },
								"down": { "texture": "#plain", "uv": [ 0.0, 0.0, 4.0, 1.0 ], "autoUv": false }
							},
							"children": [
								{
									"name": "Strap bulge L",
									"from": [ 0.0, -0.2, -0.3 ],
									"to": [ 2.1, 0.6, 0.7 ],
									"rotationOrigin": [ 0.0, -0.2, -0.3 ],
									"faces": {
										"north": { "texture": "#plain", "uv": [ 0.0, 0.0, 4.0, 1.5 ], "autoUv": false },
										"east": { "texture": "#plain", "uv": [ 0.0, 0.0, 2.0, 1.5 ], "autoUv": false },
										"south": { "texture": "#plain", "uv": [ 0.0, 0.0, 4.0, 1.5 ], "autoUv": false },
										"west": { "texture": "#plain", "uv": [ 0.0, 0.0, 2.0, 1.5 ], "autoUv": false },
										"up": { "texture": "#plain", "uv": [ 0.0, 0.0, 4.0, 2.0 ], "autoUv": false },
										"down": { "texture": "#plain", "uv": [ 0.0, 0.0, 4.0, 2.0 ], "autoUv": false }
									}
								},
								{
									"name": "Ring L",
									"from": [ -0.3, 0.0, 0.0 ],
									"to": [ 2.3, 0.5, 0.5 ],
									"rotationOrigin": [ -0.3, 0.0, 0.3 ],
									"faces": {
										"north": { "texture": "#steel", "uv": [ 0.0, 0.0, 5.0, 1.0 ], "autoUv": false },
										"east": { "texture": "#steel", "uv": [ 0.0, 0.0, 1.0, 1.0 ], "autoUv": false },
										"south": { "texture": "#steel", "uv": [ 6.0, 7.5, 11.0, 8.5 ], "autoUv": false },
										"west": { "texture": "#steel", "uv": [ 0.0, 0.0, 1.0, 1.0 ], "autoUv": false },
										"up": { "texture": "#steel", "uv": [ 0.0, 0.0, 5.0, 1.0 ], "autoUv": false },
										"down": { "texture": "#steel", "uv": [ 0.0, 0.0, 5.0, 1.0 ], "autoUv": false }
									},
									"children": [
										{
											"name": "Ring L1",
											"from": [ 2.6, -2.1, 0.0 ],
											"to": [ 3.1, 0.0, 0.5 ],
											"rotationOrigin": [ 2.6, -2.1, 0.3 ],
											"faces": {
												"north": { "texture": "#steel", "uv": [ 0.0, 0.0, 1.0, 4.0 ], "autoUv": false },
												"east": { "texture": "#steel", "uv": [ 0.0, 0.0, 1.0, 4.0 ], "autoUv": false },
												"south": { "texture": "#steel", "uv": [ 0.0, 0.0, 1.0, 4.0 ], "autoUv": false },
												"west": { "texture": "#steel", "uv": [ 0.0, 0.0, 1.0, 4.0 ], "autoUv": false },
												"up": { "texture": "#steel", "uv": [ 0.0, 0.0, 1.0, 1.0 ], "autoUv": false },
												"down": { "texture": "#steel", "uv": [ 0.0, 0.0, 1.0, 1.0 ], "autoUv": false }
											}
										},
										{
											"name": "Ring L2",
											"from": [ -0.5, -2.1, 0.0 ],
											"to": [ 0.0, 0.0, 0.5 ],
											"rotationOrigin": [ -0.5, -2.1, 0.3 ],
											"faces": {
												"north": { "texture": "#steel", "uv": [ 0.0, 0.0, 1.0, 4.0 ], "autoUv": false },
												"east": { "texture": "#steel", "uv": [ 0.0, 0.0, 1.0, 4.0 ], "autoUv": false },
												"south": { "texture": "#steel", "uv": [ 0.0, 0.0, 1.0, 4.0 ], "autoUv": false },
												"west": { "texture": "#steel", "uv": [ 0.0, 0.0, 1.0, 4.0 ], "autoUv": false },
												"up": { "texture": "#steel", "uv": [ 0.0, 0.0, 1.0, 1.0 ], "autoUv": false },
												"down": { "texture": "#steel", "uv": [ 0.0, 0.0, 1.0, 1.0 ], "autoUv": false }
											}
										},
										{
											"name": "Ring L3",
											"from": [ 0.0, -2.6, 0.0 ],
											"to": [ 2.6, -2.1, 0.5 ],
											"rotationOrigin": [ 0.0, -2.6, 0.3 ],
											"faces": {
												"north": { "texture": "#steel", "uv": [ 0.0, 0.0, 5.0, 1.0 ], "autoUv": false },
												"east": { "texture": "#steel", "uv": [ 0.0, 0.0, 1.0, 1.0 ], "autoUv": false },
												"south": { "texture": "#steel", "uv": [ 5.5, 7.0, 10.5, 8.0 ], "autoUv": false },
												"west": { "texture": "#steel", "uv": [ 0.0, 0.0, 1.0, 1.0 ], "autoUv": false },
												"up": { "texture": "#steel", "uv": [ 5.5, 7.5, 10.5, 8.5 ], "autoUv": false },
												"down": { "texture": "#steel", "uv": [ 0.0, 0.0, 5.0, 1.0 ], "autoUv": false }
											}
										}
									]
								},
								{
									"name": "Main strap bottom L",
									"from": [ 0.0, -10.5, -2.7 ],
									"to": [ 2.1, -1.7, -2.2 ],
									"rotationOrigin": [ 0.0, -10.5, -2.7 ],
									"rotationX": 19.0,
									"faces": {
										"north": { "texture": "#plain", "uv": [ 0.0, 0.0, 4.0, 17.0 ], "autoUv": false },
										"east": { "texture": "#plain", "uv": [ 0.0, 0.0, 1.0, 16.0 ], "autoUv": false },
										"south": { "texture": "#plain", "uv": [ 0.0, 0.0, 16.0, 4.0 ], "rotation": 90, "autoUv": false },
										"west": { "texture": "#plain", "uv": [ 0.0, 0.0, 1.0, 16.0 ], "autoUv": false },
										"up": { "texture": "#plain", "uv": [ 0.0, 0.0, 4.0, 1.0 ], "autoUv": false },
										"down": { "texture": "#plain", "uv": [ 0.0, 0.0, 4.0, 1.0 ], "autoUv": false }
									},
									"children": [
										{
											"name": "Mainstrap  bulge  L",
											"from": [ 0.0, 8.2, -0.3 ],
											"to": [ 2.1, 9.0, 0.7 ],
											"rotationOrigin": [ 0.0, 8.2, -0.3 ],
											"faces": {
												"north": { "texture": "#plain", "uv": [ 0.0, 0.0, 4.0, 1.5 ], "autoUv": false },
												"east": { "texture": "#plain", "uv": [ 0.0, 0.0, 2.0, 1.5 ], "autoUv": false },
												"south": { "texture": "#plain", "uv": [ 0.0, 0.0, 4.0, 1.5 ], "autoUv": false },
												"west": { "texture": "#plain", "uv": [ 0.0, 0.0, 2.0, 1.5 ], "autoUv": false },
												"up": { "texture": "#plain", "uv": [ 0.0, 0.0, 4.0, 2.0 ], "autoUv": false },
												"down": { "texture": "#plain", "uv": [ 0.0, 0.0, 4.0, 2.0 ], "autoUv": false }
											}
										},
										{
											"name": "Mainstrap  bulge  L1",
											"from": [ 0.0, -2.8, -0.1 ],
											"to": [ 2.1, 0.0, 0.4 ],
											"rotationOrigin": [ 0.0, -0.2, 0.5 ],
											"rotationX": 8.0,
											"faces": {
												"north": { "texture": "#plain", "uv": [ 0.0, 0.0, 4.0, 5.0 ], "autoUv": false },
												"east": { "texture": "#plain", "uv": [ 0.0, 0.0, 1.0, 5.0 ], "autoUv": false },
												"south": { "texture": "#plain", "uv": [ 0.0, 0.0, 5.0, 4.0 ], "rotation": 90, "autoUv": false },
												"west": { "texture": "#plain", "uv": [ 0.0, 0.0, 1.0, 5.0 ], "autoUv": false },
												"up": { "texture": "#plain", "uv": [ 0.0, 0.0, 4.0, 1.0 ], "autoUv": false },
												"down": { "texture": "#plain", "uv": [ 0.0, 0.0, 4.0, 1.0 ], "autoUv": false }
											}
										}
									]
								}
							]
						},
						{
							"name": "Main strap top L2",
							"from": [ 2.6, -4.2, 9.4 ],
							"to": [ 4.7, 0.2, 9.9 ],
							"rotationOrigin": [ 2.6, -4.2, 9.4 ],
							"rotationX": -8.0,
							"faces": {
								"north": { "texture": "#plain", "uv": [ 0.0, 0.0, 4.0, 2.0 ], "autoUv": false },
								"east": { "texture": "#plain", "uv": [ 0.0, 0.0, 1.0, 2.0 ], "autoUv": false },
								"south": { "texture": "#plain", "uv": [ 0.0, 0.0, 4.0, 2.0 ], "autoUv": false },
								"west": { "texture": "#plain", "uv": [ 0.0, 0.0, 1.0, 2.0 ], "autoUv": false },
								"up": { "texture": "#plain", "uv": [ 0.0, 0.0, 4.0, 1.0 ], "autoUv": false },
								"down": { "texture": "#plain", "uv": [ 0.0, 0.0, 4.0, 1.0 ], "autoUv": false }
							},
							"children": [
								{
									"name": "Main strap top L3",
									"from": [ 0.0, 3.4, 0.0 ],
									"to": [ 2.1, 11.4, 0.5 ],
									"rotationOrigin": [ 0.0, 3.4, 0.5 ],
									"rotationX": -3.0,
									"faces": {
										"north": { "texture": "#plain", "uv": [ 0.0, 0.0, 4.0, 2.0 ], "autoUv": false },
										"east": { "texture": "#plain", "uv": [ 0.0, 0.0, 1.0, 2.0 ], "autoUv": false },
										"south": { "texture": "#plain", "uv": [ 0.0, 0.0, 4.0, 2.0 ], "autoUv": false },
										"west": { "texture": "#plain", "uv": [ 0.0, 0.0, 1.0, 2.0 ], "autoUv": false },
										"up": { "texture": "#plain", "uv": [ 0.0, 0.0, 4.0, 1.0 ], "autoUv": false },
										"down": { "texture": "#plain", "uv": [ 0.0, 0.0, 4.0, 1.0 ], "autoUv": false }
									}
								}
							]
						},
						{
							"name": "Main strap top L6",
							"from": [ 4.7, -4.2, -4.2 ],
							"to": [ 6.8, -0.8, -3.7 ],
							"rotationOrigin": [ 4.7, -4.2, -4.2 ],
							"rotationX": 8.0,
							"rotationY": 180.0,
							"faces": {
								"north": { "texture": "#plain", "uv": [ 0.0, 0.0, 4.0, 2.0 ], "autoUv": false },
								"east": { "texture": "#plain", "uv": [ 0.0, 0.0, 1.0, 2.0 ], "autoUv": false },
								"south": { "texture": "#plain", "uv": [ 0.0, 0.0, 4.0, 2.0 ], "autoUv": false },
								"west": { "texture": "#plain", "uv": [ 0.0, 0.0, 1.0, 2.0 ], "autoUv": false },
								"up": { "texture": "#plain", "uv": [ 0.0, 0.0, 4.0, 1.0 ], "autoUv": false },
								"down": { "texture": "#plain", "uv": [ 0.0, 0.0, 4.0, 1.0 ], "autoUv": false }
							},
							"children": [
								{
									"name": "Main strap top L7",
									"from": [ 0.0, 3.4, 0.0 ],
									"to": [ 2.1, 11.4, 0.5 ],
									"rotationOrigin": [ 0.0, 3.4, 0.5 ],
									"rotationX": -3.0,
									"faces": {
										"north": { "texture": "#plain", "uv": [ 0.0, 0.0, 4.0, 2.0 ], "autoUv": false },
										"east": { "texture": "#plain", "uv": [ 0.0, 0.0, 1.0, 2.0 ], "autoUv": false },
										"south": { "texture": "#plain", "uv": [ 0.0, 0.0, 4.0, 2.0 ], "autoUv": false },
										"west": { "texture": "#plain", "uv": [ 0.0, 0.0, 1.0, 2.0 ], "autoUv": false },
										"up": { "texture": "#plain", "uv": [ 0.0, 0.0, 4.0, 1.0 ], "autoUv": false },
										"down": { "texture": "#plain", "uv": [ 0.0, 0.0, 4.0, 1.0 ], "autoUv": false }
									}
								}
							]
						},
						{
							"name": "Main strap top L9",
							"from": [ 4.7, -4.2, -4.2 ],
							"to": [ 6.8, -3.2, -3.7 ],
							"rotationOrigin": [ 4.7, -4.2, -4.2 ],
							"rotationX": -3.0,
							"rotationY": 180.0,
							"faces": {
								"north": { "texture": "#plain", "uv": [ 0.0, 0.0, 4.0, 2.0 ], "autoUv": false },
								"east": { "texture": "#plain", "uv": [ 0.0, 0.0, 1.0, 2.0 ], "autoUv": false },
								"south": { "texture": "#plain", "uv": [ 0.0, 0.0, 4.0, 2.0 ], "autoUv": false },
								"west": { "texture": "#plain", "uv": [ 0.0, 0.0, 1.0, 2.0 ], "autoUv": false },
								"up": { "texture": "#plain", "uv": [ 0.0, 0.0, 4.0, 1.0 ], "autoUv": false },
								"down": { "texture": "#plain", "uv": [ 0.0, 0.0, 4.0, 1.0 ], "autoUv": false }
							},
							"children": [
								{
									"name": "Strap bulge L2",
									"from": [ 0.0, -0.2, -0.3 ],
									"to": [ 2.1, 0.6, 0.7 ],
									"rotationOrigin": [ 0.0, -0.2, -0.3 ],
									"faces": {
										"north": { "texture": "#plain", "uv": [ 0.0, 0.0, 4.0, 1.5 ], "autoUv": false },
										"east": { "texture": "#plain", "uv": [ 0.0, 0.0, 2.0, 1.5 ], "autoUv": false },
										"south": { "texture": "#plain", "uv": [ 0.0, 0.0, 4.0, 1.5 ], "autoUv": false },
										"west": { "texture": "#plain", "uv": [ 0.0, 0.0, 2.0, 1.5 ], "autoUv": false },
										"up": { "texture": "#plain", "uv": [ 0.0, 0.0, 4.0, 2.0 ], "autoUv": false },
										"down": { "texture": "#plain", "uv": [ 0.0, 0.0, 4.0, 2.0 ], "autoUv": false }
									}
								},
								{
									"name": "Ring L4",
									"from": [ -0.3, 0.0, 0.0 ],
									"to": [ 2.3, 0.5, 0.5 ],
									"rotationOrigin": [ -0.3, 0.0, 0.3 ],
									"faces": {
										"north": { "texture": "#steel", "uv": [ 0.0, 0.0, 5.0, 1.0 ], "autoUv": false },
										"east": { "texture": "#steel", "uv": [ 0.0, 0.0, 1.0, 1.0 ], "autoUv": false },
										"south": { "texture": "#steel", "uv": [ 6.0, 7.5, 11.0, 8.5 ], "autoUv": false },
										"west": { "texture": "#steel", "uv": [ 0.0, 0.0, 1.0, 1.0 ], "autoUv": false },
										"up": { "texture": "#steel", "uv": [ 0.0, 0.0, 5.0, 1.0 ], "autoUv": false },
										"down": { "texture": "#steel", "uv": [ 0.0, 0.0, 5.0, 1.0 ], "autoUv": false }
									},
									"children": [
										{
											"name": "Ring L5",
											"from": [ 2.6, -2.1, 0.0 ],
											"to": [ 3.1, 0.0, 0.5 ],
											"rotationOrigin": [ 2.6, -2.1, 0.3 ],
											"faces": {
												"north": { "texture": "#steel", "uv": [ 0.0, 0.0, 1.0, 4.0 ], "autoUv": false },
												"east": { "texture": "#steel", "uv": [ 0.0, 0.0, 1.0, 4.0 ], "autoUv": false },
												"south": { "texture": "#steel", "uv": [ 0.0, 0.0, 1.0, 4.0 ], "autoUv": false },
												"west": { "texture": "#steel", "uv": [ 0.0, 0.0, 1.0, 4.0 ], "autoUv": false },
												"up": { "texture": "#steel", "uv": [ 0.0, 0.0, 1.0, 1.0 ], "autoUv": false },
												"down": { "texture": "#steel", "uv": [ 0.0, 0.0, 1.0, 1.0 ], "autoUv": false }
											}
										},
										{
											"name": "Ring L6",
											"from": [ -0.5, -2.1, 0.0 ],
											"to": [ 0.0, 0.0, 0.5 ],
											"rotationOrigin": [ -0.5, -2.1, 0.3 ],
											"faces": {
												"north": { "texture": "#steel", "uv": [ 0.0, 0.0, 1.0, 4.0 ], "autoUv": false },
												"east": { "texture": "#steel", "uv": [ 0.0, 0.0, 1.0, 4.0 ], "autoUv": false },
												"south": { "texture": "#steel", "uv": [ 0.0, 0.0, 1.0, 4.0 ], "autoUv": false },
												"west": { "texture": "#steel", "uv": [ 0.0, 0.0, 1.0, 4.0 ], "autoUv": false },
												"up": { "texture": "#steel", "uv": [ 0.0, 0.0, 1.0, 1.0 ], "autoUv": false },
												"down": { "texture": "#steel", "uv": [ 0.0, 0.0, 1.0, 1.0 ], "autoUv": false }
											}
										},
										{
											"name": "Ring L7",
											"from": [ 0.0, -2.6, 0.0 ],
											"to": [ 2.6, -2.1, 0.5 ],
											"rotationOrigin": [ 0.0, -2.6, 0.3 ],
											"faces": {
												"north": { "texture": "#steel", "uv": [ 0.0, 0.0, 5.0, 1.0 ], "autoUv": false },
												"east": { "texture": "#steel", "uv": [ 0.0, 0.0, 1.0, 1.0 ], "autoUv": false },
												"south": { "texture": "#steel", "uv": [ 5.5, 7.0, 10.5, 8.0 ], "autoUv": false },
												"west": { "texture": "#steel", "uv": [ 0.0, 0.0, 1.0, 1.0 ], "autoUv": false },
												"up": { "texture": "#steel", "uv": [ 5.5, 7.5, 10.5, 8.5 ], "autoUv": false },
												"down": { "texture": "#steel", "uv": [ 0.0, 0.0, 5.0, 1.0 ], "autoUv": false }
											}
										}
									]
								},
								{
									"name": "Main strap bottom L2",
									"from": [ 0.0, -10.4, -2.8 ],
									"to": [ 2.1, -1.6, -2.3 ],
									"rotationOrigin": [ 0.0, -10.4, -2.8 ],
									"rotationX": 19.0,
									"faces": {
										"north": { "texture": "#plain", "uv": [ 0.0, 0.0, 4.0, 16.0 ], "autoUv": false },
										"east": { "texture": "#plain", "uv": [ 0.0, 0.0, 1.0, 16.0 ], "autoUv": false },
										"south": { "texture": "#plain", "uv": [ 0.0, 0.0, 16.0, 4.0 ], "rotation": 90, "autoUv": false },
										"west": { "texture": "#plain", "uv": [ 0.0, 0.0, 1.0, 16.0 ], "autoUv": false },
										"up": { "texture": "#plain", "uv": [ 0.0, 0.0, 4.0, 1.0 ], "autoUv": false },
										"down": { "texture": "#plain", "uv": [ 0.0, 0.0, 4.0, 1.0 ], "autoUv": false }
									},
									"children": [
										{
											"name": "Mainstrap  bulge  L2",
											"from": [ 0.0, 8.2, -0.3 ],
											"to": [ 2.1, 9.0, 0.7 ],
											"rotationOrigin": [ 0.0, 8.2, -0.3 ],
											"faces": {
												"north": { "texture": "#plain", "uv": [ 0.0, 0.0, 4.0, 1.5 ], "autoUv": false },
												"east": { "texture": "#plain", "uv": [ 0.0, 0.0, 2.0, 1.5 ], "autoUv": false },
												"south": { "texture": "#plain", "uv": [ 0.0, 0.0, 4.0, 1.5 ], "autoUv": false },
												"west": { "texture": "#plain", "uv": [ 0.0, 0.0, 2.0, 1.5 ], "autoUv": false },
												"up": { "texture": "#plain", "uv": [ 0.0, 0.0, 4.0, 2.0 ], "autoUv": false },
												"down": { "texture": "#plain", "uv": [ 0.0, 0.0, 4.0, 2.0 ], "autoUv": false }
											}
										},
										{
											"name": "Mainstrap  bulge  L3",
											"from": [ 0.0, -2.8, 0.0 ],
											"to": [ 2.1, 0.5, 0.5 ],
											"rotationOrigin": [ 0.0, -0.2, 0.6 ],
											"rotationX": -6.0,
											"faces": {
												"north": { "texture": "#plain", "uv": [ 0.0, 0.0, 4.0, 5.0 ], "autoUv": false },
												"east": { "texture": "#plain", "uv": [ 0.0, 0.0, 1.0, 5.0 ], "autoUv": false },
												"south": { "texture": "#plain", "uv": [ 0.0, 0.0, 5.0, 4.0 ], "rotation": 90, "autoUv": false },
												"west": { "texture": "#plain", "uv": [ 0.0, 0.0, 1.0, 5.0 ], "autoUv": false },
												"up": { "texture": "#plain", "uv": [ 0.0, 0.0, 4.0, 1.0 ], "autoUv": false },
												"down": { "texture": "#plain", "uv": [ 0.0, 0.0, 4.0, 1.0 ], "autoUv": false }
											}
										}
									]
								}
							]
						}
					]
				},
				{
					"name": "Main strap top L8",
					"from": [ -33.9, 65.3, 11.3 ],
					"to": [ -31.8, 65.8, 21.9 ],
					"rotationOrigin": [ -33.9, 65.4, 11.7 ],
					"rotationX": -180.0,
					"rotationZ": 180.0,
					"faces": {
						"north": { "texture": "#plain", "uv": [ 0.0, 0.0, 16.0, 2.0 ], "autoUv": false },
						"east": { "texture": "#plain", "uv": [ 0.0, 0.0, 1.0, 2.0 ], "autoUv": false },
						"south": { "texture": "#plain", "uv": [ 0.0, 0.0, 16.0, 2.0 ], "autoUv": false },
						"west": { "texture": "#plain", "uv": [ 0.0, 0.0, 1.0, 2.0 ], "autoUv": false },
						"up": { "texture": "#plain", "uv": [ 0.0, 0.0, 16.0, 1.0 ], "autoUv": false },
						"down": { "texture": "#plain", "uv": [ 0.0, 0.0, 16.0, 1.0 ], "autoUv": false }
					}
				},
				{
					"name": "Main strap top L5",
					"from": [ -36.0, 41.4, 3.7 ],
					"to": [ -33.9, 41.9, 9.4 ],
					"rotationOrigin": [ -36.0, 42.4, 4.2 ],
					"faces": {
						"north": { "texture": "#plain", "uv": [ 0.0, 0.0, 16.0, 2.0 ], "autoUv": false },
						"east": { "texture": "#plain", "uv": [ 0.0, 0.0, 1.0, 2.0 ], "autoUv": false },
						"south": { "texture": "#plain", "uv": [ 0.0, 0.0, 16.0, 2.0 ], "autoUv": false },
						"west": { "texture": "#plain", "uv": [ 0.0, 0.0, 1.0, 2.0 ], "autoUv": false },
						"up": { "texture": "#plain", "uv": [ 0.0, 0.0, 16.0, 1.0 ], "autoUv": false },
						"down": { "texture": "#plain", "uv": [ 0.0, 0.0, 16.0, 1.0 ], "autoUv": false }
					}
				},
				{
					"name": "Bar",
					"from": [ -42.4, 47.2, -0.4 ],
					"to": [ -41.2, 48.4, 14.0 ],
					"rotationOrigin": [ -2.4, 9.6, -0.4 ],
					"faces": {
						"north": { "texture": "#steel", "uv": [ 0.0, 0.0, 1.5, 1.5 ], "autoUv": false },
						"east": { "texture": "#steel", "uv": [ 0.0, 0.0, 16.0, 1.5 ], "autoUv": false },
						"south": { "texture": "#steel", "uv": [ 0.0, 0.0, 1.5, 1.5 ], "autoUv": false },
						"west": { "texture": "#steel", "uv": [ 0.0, 0.0, 16.0, 1.5 ], "autoUv": false },
						"up": { "texture": "#steel", "uv": [ 0.0, 0.0, 1.5, 16.0 ], "autoUv": false },
						"down": { "texture": "#steel", "uv": [ 0.0, 0.0, 1.5, 16.0 ], "autoUv": false }
					},
					"children": [
						{
							"name": "Cube3",
							"from": [ -0.5, -0.6, 0.2 ],
							"to": [ 1.9, 1.8, 1.0 ],
							"rotationOrigin": [ -0.5, -0.6, 0.2 ],
							"faces": {
								"north": { "texture": "#brass", "uv": [ 0.0, 0.0, 3.0, 3.0 ], "autoUv": false },
								"east": { "texture": "#brass", "uv": [ 0.0, 0.0, 1.0, 3.0 ], "autoUv": false },
								"south": { "texture": "#brass", "uv": [ 0.0, 0.0, 3.0, 3.0 ], "autoUv": false },
								"west": { "texture": "#brass", "uv": [ 0.0, 0.0, 1.0, 3.0 ], "autoUv": false },
								"up": { "texture": "#brass", "uv": [ 0.0, 0.0, 3.0, 1.0 ], "autoUv": false },
								"down": { "texture": "#brass", "uv": [ 0.0, 0.0, 3.0, 1.0 ], "autoUv": false }
							}
						},
						{
							"name": "Cube4",
							"from": [ -0.5, -0.6, 13.4 ],
							"to": [ 1.9, 1.8, 14.2 ],
							"rotationOrigin": [ -0.9, -1.8, 13.4 ],
							"faces": {
								"north": { "texture": "#brass", "uv": [ 0.0, 0.0, 3.0, 3.0 ], "autoUv": false },
								"east": { "texture": "#brass", "uv": [ 0.0, 0.0, 1.0, 3.0 ], "autoUv": false },
								"south": { "texture": "#brass", "uv": [ 0.0, 0.0, 3.0, 3.0 ], "autoUv": false },
								"west": { "texture": "#brass", "uv": [ 0.0, 0.0, 1.0, 3.0 ], "autoUv": false },
								"up": { "texture": "#brass", "uv": [ 0.0, 0.0, 3.0, 1.0 ], "autoUv": false },
								"down": { "texture": "#brass", "uv": [ 0.0, 0.0, 3.0, 1.0 ], "autoUv": false }
							}
						}
					]
				},
				{
					"name": "Cube5",
					"from": [ -42.0, 47.6, 11.6 ],
					"to": [ -32.8, 48.8, 12.8 ],
					"rotationOrigin": [ -42.0, 47.6, 11.6 ],
					"rotationY": -39.0,
					"rotationZ": -44.0,
					"faces": {
						"north": { "texture": "#plain", "uv": [ 0.0, 0.0, 10.5, 1.5 ], "autoUv": false },
						"east": { "texture": "#plain", "uv": [ 0.0, 0.0, 1.5, 1.5 ], "autoUv": false },
						"south": { "texture": "#plain", "uv": [ 0.0, 0.0, 10.5, 1.5 ], "autoUv": false },
						"west": { "texture": "#plain", "uv": [ 0.0, 0.0, 1.5, 1.5 ], "autoUv": false },
						"up": { "texture": "#plain", "uv": [ 0.0, 0.0, 10.5, 1.5 ], "autoUv": false },
						"down": { "texture": "#plain", "uv": [ 0.0, 0.0, 10.5, 1.5 ], "autoUv": false }
					},
					"children": [
						{
							"name": "Cube6",
							"from": [ 9.1, -0.1, 0.3 ],
							"to": [ 40.8, 1.1, 1.5 ],
							"rotationOrigin": [ 9.1, -0.1, 0.3 ],
							"rotationX": -25.0,
							"rotationY": 5.1,
							"rotationZ": 80.0,
							"faces": {
								"north": { "texture": "#plain", "uv": [ 0.0, 0.0, 16.0, 1.5 ], "autoUv": false },
								"east": { "texture": "#plain", "uv": [ 0.0, 0.0, 1.5, 1.5 ], "autoUv": false },
								"south": { "texture": "#plain", "uv": [ 0.0, 0.0, 16.0, 1.5 ], "autoUv": false },
								"west": { "texture": "#plain", "uv": [ 0.0, 0.0, 1.5, 1.5 ], "autoUv": false },
								"up": { "texture": "#plain", "uv": [ 0.0, 0.0, 16.0, 1.5 ], "autoUv": false },
								"down": { "texture": "#plain", "uv": [ 0.0, 0.0, 16.0, 1.5 ], "autoUv": false }
							}
						}
					]
				},
				{
					"name": "Cube9",
					"from": [ -42.0, 47.6, 1.2 ],
					"to": [ -32.8, 48.8, 2.4 ],
					"rotationOrigin": [ -42.0, 47.6, 2.3 ],
					"rotationY": 39.0,
					"rotationZ": -44.0,
					"faces": {
						"north": { "texture": "#plain", "uv": [ 0.0, 0.0, 11.5, 1.5 ], "autoUv": false },
						"east": { "texture": "#plain", "uv": [ 0.0, 0.0, 1.5, 1.5 ], "autoUv": false },
						"south": { "texture": "#plain", "uv": [ 0.0, 0.0, 11.5, 1.5 ], "autoUv": false },
						"west": { "texture": "#plain", "uv": [ 0.0, 0.0, 1.5, 1.5 ], "autoUv": false },
						"up": { "texture": "#plain", "uv": [ 0.0, 0.0, 11.5, 1.5 ], "autoUv": false },
						"down": { "texture": "#plain", "uv": [ 0.0, 0.0, 11.5, 1.5 ], "autoUv": false }
					},
					"children": [
						{
							"name": "Cube10",
							"from": [ 9.1, -0.1, -0.3 ],
							"to": [ 40.6, 1.1, 0.9 ],
							"rotationOrigin": [ 9.1, -0.1, 0.9 ],
							"rotationX": 25.0,
							"rotationY": -5.1,
							"rotationZ": 80.0,
							"faces": {
								"north": { "texture": "#plain", "uv": [ 0.0, 0.0, 16.0, 1.5 ], "autoUv": false },
								"east": { "texture": "#plain", "uv": [ 0.0, 0.0, 1.5, 1.5 ], "autoUv": false },
								"south": { "texture": "#plain", "uv": [ 0.0, 0.0, 16.0, 1.5 ], "autoUv": false },
								"west": { "texture": "#plain", "uv": [ 0.0, 0.0, 1.5, 1.5 ], "autoUv": false },
								"up": { "texture": "#plain", "uv": [ 0.0, 0.0, 16.0, 1.5 ], "autoUv": false },
								"down": { "texture": "#plain", "uv": [ 0.0, 0.0, 16.0, 1.5 ], "autoUv": false }
							}
						}
					]
				},
				{
					"name": "Cube12",
					"from": [ -41.2, 47.6, 12.4 ],
					"to": [ -33.6, 48.8, 13.6 ],
					"rotationOrigin": [ -41.2, 47.6, 13.0 ],
					"rotationY": -11.0,
					"rotationZ": 47.0,
					"faces": {
						"north": { "texture": "#plain", "uv": [ 0.0, 0.0, 9.5, 1.5 ], "autoUv": false },
						"east": { "texture": "#plain", "uv": [ 0.0, 0.0, 1.5, 1.5 ], "autoUv": false },
						"south": { "texture": "#plain", "uv": [ 0.0, 0.0, 9.5, 1.5 ], "autoUv": false },
						"west": { "texture": "#plain", "uv": [ 0.0, 0.0, 1.5, 1.5 ], "autoUv": false },
						"up": { "texture": "#plain", "uv": [ 0.0, 0.0, 9.5, 1.5 ], "autoUv": false },
						"down": { "texture": "#plain", "uv": [ 0.0, 0.0, 9.5, 1.5 ], "autoUv": false }
					},
					"children": [
						{
							"name": "Cube14",
							"from": [ 6.3, -0.4, -0.1 ],
							"to": [ 7.5, 0.8, 1.1 ],
							"rotationOrigin": [ 7.5, -0.4, 0.4 ],
							"rotationX": 8.1,
							"rotationY": 7.5,
							"rotationZ": -47.5,
							"faces": {
								"north": { "texture": "#plain", "uv": [ 0.0, 0.0, 1.5, 1.5 ], "autoUv": false },
								"east": { "texture": "#plain", "uv": [ 0.0, 0.0, 1.5, 1.5 ], "autoUv": false },
								"south": { "texture": "#plain", "uv": [ 0.0, 0.0, 1.5, 1.5 ], "autoUv": false },
								"west": { "texture": "#plain", "uv": [ 0.0, 0.0, 1.5, 1.5 ], "autoUv": false },
								"up": { "texture": "#plain", "uv": [ 0.0, 0.0, 1.5, 1.5 ], "autoUv": false },
								"down": { "texture": "#plain", "uv": [ 0.0, 0.0, 1.5, 1.5 ], "autoUv": false }
							}
						}
					]
				},
				{
					"name": "Cube18",
					"from": [ -41.2, 47.6, 0.4 ],
					"to": [ -33.6, 48.8, 1.6 ],
					"rotationOrigin": [ -41.2, 47.6, 1.0 ],
					"rotationY": 11.0,
					"rotationZ": 47.0,
					"faces": {
						"north": { "texture": "#plain", "uv": [ 0.0, 0.0, 9.5, 1.5 ], "autoUv": false },
						"east": { "texture": "#plain", "uv": [ 0.0, 0.0, 1.5, 1.5 ], "autoUv": false },
						"south": { "texture": "#plain", "uv": [ 0.0, 0.0, 9.5, 1.5 ], "autoUv": false },
						"west": { "texture": "#plain", "uv": [ 0.0, 0.0, 1.5, 1.5 ], "autoUv": false },
						"up": { "texture": "#plain", "uv": [ 0.0, 0.0, 9.5, 1.5 ], "autoUv": false },
						"down": { "texture": "#plain", "uv": [ 0.0, 0.0, 9.5, 1.5 ], "autoUv": false }
					},
					"children": [
						{
							"name": "Cube19",
							"from": [ 6.3, -0.4, -0.2 ],
							"to": [ 7.5, 0.8, 1.0 ],
							"rotationOrigin": [ 7.5, -0.4, 0.3 ],
							"rotationX": -8.1,
							"rotationY": -7.5,
							"rotationZ": -47.5,
							"faces": {
								"north": { "texture": "#plain", "uv": [ 0.0, 0.0, 1.5, 1.5 ], "autoUv": false },
								"east": { "texture": "#plain", "uv": [ 0.0, 0.0, 1.5, 1.5 ], "autoUv": false },
								"south": { "texture": "#plain", "uv": [ 0.0, 0.0, 1.5, 1.5 ], "autoUv": false },
								"west": { "texture": "#plain", "uv": [ 0.0, 0.0, 1.5, 1.5 ], "autoUv": false },
								"up": { "texture": "#plain", "uv": [ 0.0, 0.0, 1.5, 1.5 ], "autoUv": false },
								"down": { "texture": "#plain", "uv": [ 0.0, 0.0, 1.5, 1.5 ], "autoUv": false }
							}
						}
					]
				},
				{
					"name": "Cube8",
					"from": [ -1.0, 68.7, 2.2 ],
					"to": [ 0.4, 69.9, 12.0 ],
					"rotationOrigin": [ -1.0, 68.7, 2.2 ],
					"rotationZ": 17.0,
					"faces": {
						"north": { "texture": "#plain", "uv": [ 0.0, 0.0, 1.5, 1.5 ], "autoUv": false },
						"east": { "texture": "#plain", "uv": [ 0.0, 0.0, 8.0, 1.5 ], "autoUv": false },
						"south": { "texture": "#plain", "uv": [ 0.0, 0.0, 1.5, 1.5 ], "autoUv": false },
						"west": { "texture": "#plain", "uv": [ 0.0, 0.0, 8.0, 1.5 ], "autoUv": false },
						"up": { "texture": "#plain", "uv": [ 0.0, 0.0, 1.5, 8.0 ], "autoUv": false },
						"down": { "texture": "#plain", "uv": [ 0.0, 0.0, 1.5, 8.0 ], "autoUv": false }
					}
				},
				{
					"name": "Cube15",
					"from": [ -10.85, 57.44, -7.2 ],
					"to": [ 7.35, 58.64, -6.0 ],
					"rotationOrigin": [ -10.8482, 57.4416, -6.2 ],
					"rotationX": 22.281,
					"rotationY": -22.5746,
					"rotationZ": 50.8429,
					"faces": {
						"north": { "texture": "#plain", "uv": [ 0.0, 0.0, 16.0, 1.5 ], "autoUv": false },
						"east": { "texture": "#plain", "uv": [ 0.0, 0.0, 1.5, 1.5 ], "autoUv": false },
						"south": { "texture": "#plain", "uv": [ 0.0, 0.0, 16.0, 1.5 ], "autoUv": false },
						"west": { "texture": "#plain", "uv": [ 0.0, 0.0, 1.5, 1.5 ], "autoUv": false },
						"up": { "texture": "#plain", "uv": [ 0.0, 0.0, 16.0, 1.5 ], "autoUv": false },
						"down": { "texture": "#plain", "uv": [ 0.0, 0.0, 16.0, 1.5 ], "autoUv": false }
					}
				},
				{
					"name": "Cube13",
					"from": [ -10.85, 57.54, 20.0 ],
					"to": [ 7.05, 58.74, 21.2 ],
					"rotationOrigin": [ -10.8482, 57.5416, 20.0 ],
					"rotationX": -22.281,
					"rotationY": 22.5746,
					"rotationZ": 50.8429,
					"faces": {
						"north": { "texture": "#plain", "uv": [ 0.0, 0.0, 16.0, 1.5 ], "autoUv": false },
						"east": { "texture": "#plain", "uv": [ 0.0, 0.0, 1.5, 1.5 ], "autoUv": false },
						"south": { "texture": "#plain", "uv": [ 0.0, 0.0, 16.0, 1.5 ], "autoUv": false },
						"west": { "texture": "#plain", "uv": [ 0.0, 0.0, 1.5, 1.5 ], "autoUv": false },
						"up": { "texture": "#plain", "uv": [ 0.0, 0.0, 16.0, 1.5 ], "autoUv": false },
						"down": { "texture": "#plain", "uv": [ 0.0, 0.0, 16.0, 1.5 ], "autoUv": false }
					}
				}
			]
		}
	],
	"animations": [
	]
}