{
	"editor": {
		"allAngles": true,
		"entityTextureMode": false
	},
	"textureWidth": 16,
	"textureHeight": 16,
	"textureSizes": {
	},
	"textures": {
		"mycelium4": "game:block/plant/mushroom/mycelium4",
		"greencrackedrussula": "game:block/plant/mushroom/greencrackedrussula/greencrackedrussula",
		"gills": "game:block/plant/mushroom/gills"
	},
	"elements": [
		{
			"name": "origin",
			"from": [ 8.0, 0.0, 8.0 ], 
			"to": [ 8.0, 0.0, 8.0 ], 
			"rotationOrigin": [ 8.0, 0.0, 8.0 ],
			"faces": {
				"north": { "texture": "#greencrackedrussula", "uv": [ 0.0, 0.0, 0.5, 0.5 ], "enabled": false },
				"east": { "texture": "#greencrackedrussula", "uv": [ 0.0, 0.0, 0.5, 0.5 ], "enabled": false },
				"south": { "texture": "#greencrackedrussula", "uv": [ 0.0, 0.0, 0.5, 0.5 ], "enabled": false },
				"west": { "texture": "#greencrackedrussula", "uv": [ 0.0, 0.0, 0.5, 0.5 ], "enabled": false },
				"up": { "texture": "#greencrackedrussula", "uv": [ 0.0, 0.0, 0.5, 0.5 ], "enabled": false },
				"down": { "texture": "#greencrackedrussula", "uv": [ 0.0, 0.0, 0.5, 0.5 ], "enabled": false }
			},
			"children": [
				{
					"name": "tiny27",
					"from": [ -4.0, 0.0, -4.0 ], 
					"to": [ -3.0, 0.5, -3.0 ], 
					"rotationOrigin": [ -3.5, 0.0, -3.5 ],
					"rotationY": 13.0,
					"faces": {
						"north": { "texture": "#greencrackedrussula", "uv": [ 1.5, 10.5, 2.5, 11.0 ] },
						"east": { "texture": "#greencrackedrussula", "uv": [ 1.0, 8.0, 2.0, 8.5 ] },
						"south": { "texture": "#greencrackedrussula", "uv": [ 1.0, 8.0, 2.0, 8.5 ] },
						"west": { "texture": "#greencrackedrussula", "uv": [ 1.0, 9.5, 2.0, 10.0 ] },
						"up": { "texture": "#greencrackedrussula", "uv": [ 4.0, 5.0, 5.0, 6.0 ], "enabled": false },
						"down": { "texture": "#greencrackedrussula", "uv": [ 0.5, 9.5, 1.5, 10.5 ] }
					},
					"children": [
						{
							"name": "Cube28",
							"from": [ -0.2, 0.5, -0.2 ], 
							"to": [ 1.3, 1.0, 1.3 ], 
							"faces": {
								"north": { "texture": "#greencrackedrussula", "uv": [ 4.0, 10.0, 5.5, 10.5 ] },
								"east": { "texture": "#greencrackedrussula", "uv": [ 3.0, 9.0, 4.5, 9.5 ] },
								"south": { "texture": "#greencrackedrussula", "uv": [ 5.0, 9.0, 6.5, 9.5 ] },
								"west": { "texture": "#greencrackedrussula", "uv": [ 3.0, 12.0, 4.5, 12.5 ] },
								"up": { "texture": "#greencrackedrussula", "uv": [ 13.0, 12.0, 14.5, 13.5 ] },
								"down": { "texture": "#gills", "uv": [ 12.0, 2.5, 13.5, 4.0 ] }
							}
						}
					]
				},
				{
					"name": "single voxel27",
					"from": [ 0.6, 0.0, -4.3 ], 
					"to": [ 1.6, 0.5, -3.3 ], 
					"rotationOrigin": [ 1.1, 0.0, -3.8 ],
					"rotationY": 23.0,
					"faces": {
						"north": { "texture": "#greencrackedrussula", "uv": [ 0.5, 9.0, 1.5, 9.5 ] },
						"east": { "texture": "#greencrackedrussula", "uv": [ 1.0, 8.5, 2.0, 9.0 ] },
						"south": { "texture": "#greencrackedrussula", "uv": [ 1.0, 9.5, 2.0, 10.0 ] },
						"west": { "texture": "#greencrackedrussula", "uv": [ 0.5, 8.5, 1.5, 9.0 ] },
						"up": { "texture": "#greencrackedrussula", "uv": [ 1.5, 8.0, 2.5, 9.0 ] },
						"down": { "texture": "#greencrackedrussula", "uv": [ 1.5, 9.5, 2.5, 10.5 ] }
					}
				},
				{
					"name": "single voxel26",
					"from": [ -2.4, 0.0, 1.0 ], 
					"to": [ -1.4, 0.5, 2.0 ], 
					"rotationOrigin": [ -1.9, 0.0, 1.5 ],
					"rotationY": -25.0,
					"faces": {
						"north": { "texture": "#greencrackedrussula", "uv": [ 12.0, 3.0, 13.0, 3.5 ] },
						"east": { "texture": "#greencrackedrussula", "uv": [ 7.0, 2.0, 8.0, 2.5 ] },
						"south": { "texture": "#greencrackedrussula", "uv": [ 10.0, 1.0, 11.0, 1.5 ] },
						"west": { "texture": "#greencrackedrussula", "uv": [ 7.0, 4.0, 8.0, 4.5 ] },
						"up": { "texture": "#greencrackedrussula", "uv": [ 4.0, 3.5, 5.0, 4.5 ] },
						"down": { "texture": "#greencrackedrussula", "uv": [ 13.0, 2.5, 14.0, 3.5 ] }
					}
				},
				{
					"name": "large",
					"from": [ 0.6941, 0.0, 0.1381 ], 
					"to": [ 2.1941, 2.0, 1.6381 ], 
					"rotationOrigin": [ 1.1941, 0.0, 0.8381 ],
					"rotationY": -22.5,
					"rotationZ": -6.0,
					"faces": {
						"north": { "texture": "#greencrackedrussula", "uv": [ 1.0, 12.0, 2.5, 14.0 ] },
						"east": { "texture": "#greencrackedrussula", "uv": [ 0.0, 11.5, 1.5, 13.5 ] },
						"south": { "texture": "#greencrackedrussula", "uv": [ 0.0, 12.0, 1.5, 14.0 ] },
						"west": { "texture": "#greencrackedrussula", "uv": [ 1.0, 12.5, 2.5, 14.5 ] },
						"up": { "texture": "#greencrackedrussula", "uv": [ 4.0, 5.0, 5.5, 6.5 ], "enabled": false },
						"down": { "texture": "#greencrackedrussula", "uv": [ 1.0, 14.0, 2.5, 15.5 ] }
					},
					"children": [
						{
							"name": "cap big",
							"from": [ -0.9, 3.5, -1.2 ], 
							"to": [ 3.6, 4.5, 3.3 ], 
							"rotationOrigin": [ 1.3, 3.5, 1.0 ],
							"rotationX": 15.0,
							"rotationZ": -7.0,
							"faces": {
								"north": { "texture": "#gills", "uv": [ 10.0, 1.5, 14.5, 2.5 ] },
								"east": { "texture": "#gills", "uv": [ 10.5, 2.5, 15.0, 3.5 ] },
								"south": { "texture": "#gills", "uv": [ 11.0, 2.5, 15.5, 3.5 ] },
								"west": { "texture": "#gills", "uv": [ 10.5, 2.5, 15.0, 3.5 ] },
								"up": { "texture": "#greencrackedrussula", "uv": [ 5.0, 6.0, 9.5, 10.5 ] },
								"down": { "texture": "#gills", "uv": [ 11.5, 0.5, 16.0, 5.0 ] }
							},
							"children": [
								{
									"name": "Cube31",
									"from": [ 0.0, 0.5, 4.5 ], 
									"to": [ 4.5, 1.0, 5.5 ], 
									"rotationOrigin": [ 2.2, 1.0, 4.5 ],
									"rotationX": 33.0,
									"faces": {
										"north": { "texture": "#greencrackedrussula", "uv": [ 5.0, 3.5, 9.5, 4.0 ], "enabled": false },
										"east": { "texture": "#greencrackedrussula", "uv": [ 2.0, 10.0, 3.0, 10.5 ] },
										"south": { "texture": "#greencrackedrussula", "uv": [ 5.5, 11.5, 10.0, 12.0 ] },
										"west": { "texture": "#greencrackedrussula", "uv": [ 3.5, 12.5, 4.5, 13.0 ] },
										"up": { "texture": "#greencrackedrussula", "uv": [ 7.5, 8.5, 12.0, 9.5 ] },
										"down": { "texture": "#gills", "uv": [ 9.0, 2.5, 13.5, 3.5 ] }
									}
								},
								{
									"name": "Cube32",
									"from": [ 0.0, 0.5, -1.0 ], 
									"to": [ 4.5, 1.0, 0.0 ], 
									"rotationOrigin": [ 2.2, 1.0, 0.0 ],
									"rotationX": -42.0,
									"faces": {
										"north": { "texture": "#greencrackedrussula", "uv": [ 6.5, 12.0, 11.0, 12.5 ] },
										"east": { "texture": "#greencrackedrussula", "uv": [ 3.0, 1.5, 4.0, 2.0 ] },
										"south": { "texture": "#greencrackedrussula", "uv": [ 1.5, 5.5, 6.0, 6.0 ], "enabled": false },
										"west": { "texture": "#greencrackedrussula", "uv": [ 5.5, 4.0, 6.5, 4.5 ] },
										"up": { "texture": "#greencrackedrussula", "uv": [ 8.5, 11.5, 13.0, 12.5 ] },
										"down": { "texture": "#gills", "uv": [ 10.5, 0.5, 15.0, 1.5 ] }
									}
								},
								{
									"name": "Cube33",
									"from": [ 4.5, 0.5, 0.0 ], 
									"to": [ 5.5, 1.0, 4.5 ], 
									"rotationOrigin": [ 4.5, 1.0, 2.0 ],
									"rotationZ": -44.0,
									"faces": {
										"north": { "texture": "#greencrackedrussula", "uv": [ 4.0, 5.0, 5.0, 5.5 ] },
										"east": { "texture": "#greencrackedrussula", "uv": [ 4.5, 5.0, 9.0, 5.5 ] },
										"south": { "texture": "#greencrackedrussula", "uv": [ 5.5, 11.0, 6.5, 11.5 ] },
										"west": { "texture": "#greencrackedrussula", "uv": [ 3.5, 8.0, 8.0, 8.5 ] },
										"up": { "texture": "#greencrackedrussula", "uv": [ 7.5, 2.5, 8.5, 7.0 ] },
										"down": { "texture": "#gills", "uv": [ 11.0, 0.0, 12.0, 4.5 ] }
									}
								},
								{
									"name": "Cube34",
									"from": [ -1.0, 0.5, 0.0 ], 
									"to": [ 0.0, 1.0, 4.5 ], 
									"rotationOrigin": [ 0.0, 1.0, 2.0 ],
									"rotationZ": 36.0,
									"faces": {
										"north": { "texture": "#greencrackedrussula", "uv": [ 3.5, 0.5, 4.5, 1.0 ] },
										"east": { "texture": "#greencrackedrussula", "uv": [ 10.5, 4.5, 15.0, 5.0 ], "enabled": false },
										"south": { "texture": "#greencrackedrussula", "uv": [ 6.5, 4.0, 7.5, 4.5 ] },
										"west": { "texture": "#greencrackedrussula", "uv": [ 8.0, 13.5, 12.5, 14.0 ] },
										"up": { "texture": "#greencrackedrussula", "uv": [ 14.0, 9.0, 15.0, 13.5 ] },
										"down": { "texture": "#gills", "uv": [ 13.5, 0.5, 14.5, 5.0 ] }
									}
								}
							]
						},
						{
							"name": "Cube1",
							"from": [ 0.0, 1.7, 0.0 ], 
							"to": [ 1.5, 3.7, 1.5 ], 
							"rotationOrigin": [ 0.8, 1.7, 0.8 ],
							"rotationX": 6.0,
							"rotationZ": -15.0,
							"faces": {
								"north": { "texture": "#greencrackedrussula", "uv": [ 0.5, 9.0, 2.0, 11.0 ] },
								"east": { "texture": "#greencrackedrussula", "uv": [ 0.5, 9.5, 2.0, 11.5 ] },
								"south": { "texture": "#greencrackedrussula", "uv": [ 0.0, 9.5, 1.5, 11.5 ] },
								"west": { "texture": "#greencrackedrussula", "uv": [ 0.5, 9.0, 2.0, 11.0 ] },
								"up": { "texture": "#greencrackedrussula", "uv": [ 0.0, 0.0, 1.5, 1.5 ], "enabled": false },
								"down": { "texture": "#greencrackedrussula", "uv": [ 3.0, 4.0, 4.5, 5.5 ], "enabled": false }
							}
						}
					]
				},
				{
					"name": "single voxel",
					"from": [ -0.1533, 0.5, -0.2294 ], 
					"to": [ 0.8467, 1.0, 0.7706 ], 
					"rotationOrigin": [ 0.3467, 0.5, 0.2706 ],
					"rotationY": -22.5,
					"faces": {
						"north": { "texture": "#greencrackedrussula", "uv": [ 9.0, 4.0, 10.0, 4.5 ] },
						"east": { "texture": "#greencrackedrussula", "uv": [ 12.0, 7.0, 13.0, 7.5 ] },
						"south": { "texture": "#greencrackedrussula", "uv": [ 5.0, 6.0, 6.0, 6.5 ] },
						"west": { "texture": "#greencrackedrussula", "uv": [ 4.0, 3.0, 5.0, 3.5 ] },
						"up": { "texture": "#greencrackedrussula", "uv": [ 3.0, 13.0, 4.0, 14.0 ] },
						"down": { "texture": "#greencrackedrussula", "uv": [ 11.0, 8.0, 12.0, 9.0 ] }
					}
				},
				{
					"name": "medium small",
					"from": [ -0.77, -0.2, -2.15 ], 
					"to": [ 0.23, 1.3, -1.15 ], 
					"rotationOrigin": [ -0.2706, -0.2, -1.6533 ],
					"rotationY": -22.5,
					"rotationZ": 14.0,
					"faces": {
						"north": { "texture": "#greencrackedrussula", "uv": [ 1.0, 14.0, 2.0, 15.5 ] },
						"east": { "texture": "#greencrackedrussula", "uv": [ 1.5, 10.5, 2.5, 12.0 ] },
						"south": { "texture": "#greencrackedrussula", "uv": [ 0.5, 10.5, 1.5, 12.0 ] },
						"west": { "texture": "#greencrackedrussula", "uv": [ 1.0, 9.5, 2.0, 11.0 ] },
						"up": { "texture": "#greencrackedrussula", "uv": [ 4.0, 5.0, 5.0, 6.0 ], "enabled": false },
						"down": { "texture": "#greencrackedrussula", "uv": [ 0.5, 12.0, 1.5, 13.0 ] }
					},
					"children": [
						{
							"name": "Cube5",
							"from": [ -1.2, 2.5, -1.3 ], 
							"to": [ 1.8, 3.5, 1.7 ], 
							"rotationOrigin": [ 0.1, 2.5, 0.0 ],
							"rotationX": -28.0,
							"rotationZ": 28.0,
							"faces": {
								"north": { "texture": "#greencrackedrussula", "uv": [ 13.0, 3.0, 16.0, 4.0 ] },
								"east": { "texture": "#greencrackedrussula", "uv": [ 9.0, 7.0, 12.0, 8.0 ] },
								"south": { "texture": "#greencrackedrussula", "uv": [ 10.0, 8.0, 13.0, 9.0 ] },
								"west": { "texture": "#greencrackedrussula", "uv": [ 9.0, 7.0, 12.0, 8.0 ] },
								"up": { "texture": "#greencrackedrussula", "uv": [ 12.0, 10.0, 15.0, 13.0 ] },
								"down": { "texture": "#gills", "uv": [ 12.0, 1.0, 15.0, 4.0 ] }
							}
						},
						{
							"name": "Cube27",
							"from": [ 0.0, 1.2, 0.0 ], 
							"to": [ 1.0, 2.7, 1.0 ], 
							"rotationOrigin": [ 0.5, 1.2, 0.5 ],
							"rotationX": -17.0,
							"rotationZ": 14.0,
							"faces": {
								"north": { "texture": "#greencrackedrussula", "uv": [ 0.0, 8.5, 1.0, 10.0 ] },
								"east": { "texture": "#greencrackedrussula", "uv": [ 1.0, 8.0, 2.0, 9.5 ] },
								"south": { "texture": "#greencrackedrussula", "uv": [ 1.5, 7.0, 2.5, 8.5 ] },
								"west": { "texture": "#greencrackedrussula", "uv": [ 0.5, 6.5, 1.5, 8.0 ] },
								"up": { "texture": "#greencrackedrussula", "uv": [ 0.0, 0.0, 1.0, 1.0 ], "enabled": false },
								"down": { "texture": "#greencrackedrussula", "uv": [ 0.0, 0.0, 1.0, 1.0 ], "enabled": false }
							}
						}
					]
				},
				{
					"name": "single voxel25",
					"from": [ 4.0, 0.0, -2.0 ], 
					"to": [ 5.0, 0.5, -1.0 ], 
					"rotationOrigin": [ 4.5, 0.0, -1.5 ],
					"rotationY": -25.0,
					"faces": {
						"north": { "texture": "#greencrackedrussula", "uv": [ 12.0, 3.0, 13.0, 3.5 ] },
						"east": { "texture": "#greencrackedrussula", "uv": [ 7.0, 2.0, 8.0, 2.5 ] },
						"south": { "texture": "#greencrackedrussula", "uv": [ 10.0, 1.0, 11.0, 1.5 ] },
						"west": { "texture": "#greencrackedrussula", "uv": [ 7.0, 4.0, 8.0, 4.5 ] },
						"up": { "texture": "#greencrackedrussula", "uv": [ 2.5, 2.5, 3.5, 3.5 ] },
						"down": { "texture": "#gills", "uv": [ 13.0, 3.0, 14.0, 4.0 ] }
					}
				},
				{
					"name": "tiny20",
					"from": [ -3.0, -0.2, 3.0 ], 
					"to": [ -2.0, 0.3, 4.0 ], 
					"rotationOrigin": [ -2.5, -0.2, 3.5 ],
					"rotationX": -8.0,
					"rotationY": 37.0,
					"rotationZ": 19.0,
					"faces": {
						"north": { "texture": "#greencrackedrussula", "uv": [ 0.5, 10.5, 1.5, 11.0 ] },
						"east": { "texture": "#greencrackedrussula", "uv": [ 1.0, 13.0, 2.0, 13.5 ] },
						"south": { "texture": "#greencrackedrussula", "uv": [ 1.5, 7.5, 2.5, 8.0 ] },
						"west": { "texture": "#greencrackedrussula", "uv": [ 0.0, 10.5, 1.0, 11.0 ] },
						"up": { "texture": "#greencrackedrussula", "uv": [ 4.0, 5.0, 5.0, 6.0 ], "enabled": false },
						"down": { "texture": "#greencrackedrussula", "uv": [ 1.0, 12.5, 2.0, 13.5 ] }
					},
					"children": [
						{
							"name": "Cube21",
							"from": [ -0.2, 0.5, -0.2 ], 
							"to": [ 1.3, 1.0, 1.3 ], 
							"faces": {
								"north": { "texture": "#greencrackedrussula", "uv": [ 4.0, 10.0, 5.5, 10.5 ] },
								"east": { "texture": "#greencrackedrussula", "uv": [ 3.0, 9.0, 4.5, 9.5 ] },
								"south": { "texture": "#greencrackedrussula", "uv": [ 5.0, 9.0, 6.5, 9.5 ] },
								"west": { "texture": "#greencrackedrussula", "uv": [ 3.0, 12.0, 4.5, 12.5 ] },
								"up": { "texture": "#greencrackedrussula", "uv": [ 13.0, 12.0, 14.5, 13.5 ] },
								"down": { "texture": "#gills", "uv": [ 12.0, 3.0, 13.5, 4.5 ] }
							}
						}
					]
				},
				{
					"name": "tiny13",
					"from": [ -4.0, -0.1, 1.0 ], 
					"to": [ -3.0, 1.4, 2.0 ], 
					"rotationOrigin": [ -3.5, -0.1, 1.5 ],
					"rotationX": -6.0,
					"rotationY": 15.0,
					"rotationZ": 14.0,
					"faces": {
						"north": { "texture": "#greencrackedrussula", "uv": [ 1.0, 11.0, 2.0, 12.5 ] },
						"east": { "texture": "#greencrackedrussula", "uv": [ 1.5, 8.0, 2.5, 9.5 ] },
						"south": { "texture": "#greencrackedrussula", "uv": [ 1.5, 7.0, 2.5, 8.5 ] },
						"west": { "texture": "#greencrackedrussula", "uv": [ 0.5, 9.0, 1.5, 10.5 ] },
						"up": { "texture": "#greencrackedrussula", "uv": [ 4.0, 5.0, 5.0, 6.0 ], "enabled": false },
						"down": { "texture": "#greencrackedrussula", "uv": [ 0.5, 10.5, 1.5, 11.5 ] }
					},
					"children": [
						{
							"name": "cap small",
							"from": [ -0.3, 2.6, -0.1 ], 
							"to": [ 1.7, 3.1, 1.9 ], 
							"rotationOrigin": [ 0.7, 2.6, 0.9 ],
							"rotationX": 19.0,
							"rotationZ": 22.0,
							"faces": {
								"north": { "texture": "#greencrackedrussula", "uv": [ 1.0, 14.0, 3.0, 14.5 ], "enabled": false },
								"east": { "texture": "#greencrackedrussula", "uv": [ 1.0, 12.0, 3.0, 12.5 ], "enabled": false },
								"south": { "texture": "#greencrackedrussula", "uv": [ 5.0, 11.0, 7.0, 11.5 ], "enabled": false },
								"west": { "texture": "#greencrackedrussula", "uv": [ 7.0, 11.0, 9.0, 11.5 ], "enabled": false },
								"up": { "texture": "#greencrackedrussula", "uv": [ 4.0, 10.0, 6.0, 12.0 ] },
								"down": { "texture": "#gills", "uv": [ 12.0, 1.5, 14.0, 3.5 ] }
							},
							"children": [
								{
									"name": "Cube25",
									"from": [ 0.0, 0.0, 2.0 ], 
									"to": [ 2.0, 0.5, 3.0 ], 
									"rotationOrigin": [ 1.0, 0.5, 2.0 ],
									"rotationX": 36.0,
									"faces": {
										"north": { "texture": "#greencrackedrussula", "uv": [ 0.5, 6.0, 2.5, 6.5 ], "enabled": false },
										"east": { "texture": "#greencrackedrussula", "uv": [ 3.5, 9.0, 4.5, 9.5 ] },
										"south": { "texture": "#greencrackedrussula", "uv": [ 11.0, 12.5, 13.0, 13.0 ] },
										"west": { "texture": "#greencrackedrussula", "uv": [ 3.5, 15.0, 4.5, 15.5 ] },
										"up": { "texture": "#greencrackedrussula", "uv": [ 3.5, 5.0, 5.5, 6.0 ] },
										"down": { "texture": "#gills", "uv": [ 12.5, 2.0, 14.5, 3.0 ] }
									}
								},
								{
									"name": "Cube26",
									"from": [ 0.0, 0.0, -1.0 ], 
									"to": [ 2.0, 0.5, 0.0 ], 
									"rotationOrigin": [ 1.0, 0.5, 0.0 ],
									"rotationX": -19.0,
									"faces": {
										"north": { "texture": "#greencrackedrussula", "uv": [ 5.0, 7.5, 7.0, 8.0 ] },
										"east": { "texture": "#greencrackedrussula", "uv": [ 4.5, 8.5, 5.5, 9.0 ] },
										"south": { "texture": "#greencrackedrussula", "uv": [ 9.0, 8.5, 11.0, 9.0 ], "enabled": false },
										"west": { "texture": "#greencrackedrussula", "uv": [ 4.5, 12.0, 5.5, 12.5 ] },
										"up": { "texture": "#greencrackedrussula", "uv": [ 3.5, 12.5, 5.5, 13.5 ] },
										"down": { "texture": "#gills", "uv": [ 11.0, 1.0, 13.0, 2.0 ] }
									}
								},
								{
									"name": "Cube29",
									"from": [ 2.0, 0.0, 0.0 ], 
									"to": [ 3.0, 0.5, 2.0 ], 
									"rotationOrigin": [ 2.0, 0.5, 1.0 ],
									"rotationZ": -42.0,
									"faces": {
										"north": { "texture": "#greencrackedrussula", "uv": [ 3.0, 15.0, 4.0, 15.5 ] },
										"east": { "texture": "#greencrackedrussula", "uv": [ 4.5, 9.5, 6.5, 10.0 ] },
										"south": { "texture": "#greencrackedrussula", "uv": [ 9.5, 7.0, 10.5, 7.5 ] },
										"west": { "texture": "#greencrackedrussula", "uv": [ 2.5, 3.0, 4.5, 3.5 ], "enabled": false },
										"up": { "texture": "#greencrackedrussula", "uv": [ 10.5, 3.5, 11.5, 5.5 ] },
										"down": { "texture": "#gills", "uv": [ 14.0, 1.5, 15.0, 3.5 ] }
									}
								},
								{
									"name": "Cube30",
									"from": [ -1.0, 0.0, 0.0 ], 
									"to": [ 0.0, 0.5, 2.0 ], 
									"rotationOrigin": [ 0.0, 0.5, 1.0 ],
									"rotationZ": 39.0,
									"faces": {
										"north": { "texture": "#greencrackedrussula", "uv": [ 8.5, 7.0, 9.5, 7.5 ] },
										"east": { "texture": "#greencrackedrussula", "uv": [ 10.0, 12.5, 12.0, 13.0 ], "enabled": false },
										"south": { "texture": "#greencrackedrussula", "uv": [ 12.5, 1.0, 13.5, 1.5 ] },
										"west": { "texture": "#greencrackedrussula", "uv": [ 4.0, 10.0, 6.0, 10.5 ] },
										"up": { "texture": "#greencrackedrussula", "uv": [ 5.0, 6.5, 6.0, 8.5 ] },
										"down": { "texture": "#gills", "uv": [ 12.5, 1.0, 13.5, 3.0 ] }
									}
								}
							]
						},
						{
							"name": "stalk small",
							"from": [ 0.0, 1.3, 0.0 ], 
							"to": [ 1.0, 2.8, 1.0 ], 
							"rotationOrigin": [ 0.5, 1.3, 0.5 ],
							"rotationX": 14.0,
							"rotationZ": -6.0,
							"faces": {
								"north": { "texture": "#greencrackedrussula", "uv": [ 0.5, 8.0, 1.5, 9.5 ] },
								"east": { "texture": "#greencrackedrussula", "uv": [ 0.0, 6.5, 1.0, 8.0 ] },
								"south": { "texture": "#greencrackedrussula", "uv": [ 1.5, 7.5, 2.5, 9.0 ] },
								"west": { "texture": "#greencrackedrussula", "uv": [ 1.0, 7.0, 2.0, 8.5 ] },
								"up": { "texture": "#greencrackedrussula", "uv": [ 3.5, 6.5, 4.5, 7.5 ], "enabled": false },
								"down": { "texture": "#greencrackedrussula", "uv": [ 11.5, 5.5, 12.5, 6.5 ], "enabled": false }
							}
						}
					]
				},
				{
					"name": "tiny",
					"from": [ 3.0, 0.0, -3.5 ], 
					"to": [ 4.0, 1.0, -2.5 ], 
					"rotationOrigin": [ 3.5, 0.0, -3.0 ],
					"rotationY": 16.0,
					"rotationZ": -14.0,
					"faces": {
						"north": { "texture": "#greencrackedrussula", "uv": [ 0.5, 10.5, 1.5, 11.5 ] },
						"east": { "texture": "#greencrackedrussula", "uv": [ 0.0, 10.0, 1.0, 11.0 ] },
						"south": { "texture": "#greencrackedrussula", "uv": [ 1.5, 10.0, 2.5, 11.0 ] },
						"west": { "texture": "#greencrackedrussula", "uv": [ 1.0, 10.0, 2.0, 11.0 ] },
						"up": { "texture": "#greencrackedrussula", "uv": [ 4.0, 5.0, 5.0, 6.0 ], "enabled": false },
						"down": { "texture": "#greencrackedrussula", "uv": [ 0.5, 10.0, 1.5, 11.0 ] }
					},
					"children": [
						{
							"name": "Cube8",
							"from": [ -0.5, 1.0, -0.5 ], 
							"to": [ 1.5, 1.5, 1.5 ], 
							"rotationOrigin": [ 0.5, 1.0, 0.5 ],
							"rotationX": -8.0,
							"faces": {
								"north": { "texture": "#greencrackedrussula", "uv": [ 9.0, 14.0, 11.0, 14.5 ] },
								"east": { "texture": "#greencrackedrussula", "uv": [ 3.0, 11.0, 5.0, 11.5 ] },
								"south": { "texture": "#greencrackedrussula", "uv": [ 5.0, 12.0, 7.0, 12.5 ] },
								"west": { "texture": "#greencrackedrussula", "uv": [ 4.0, 10.0, 6.0, 10.5 ] },
								"up": { "texture": "#greencrackedrussula", "uv": [ 14.0, 2.0, 16.0, 4.0 ] },
								"down": { "texture": "#gills", "uv": [ 13.5, 1.5, 15.5, 3.5 ] }
							}
						}
					]
				},
				{
					"name": "mycelium",
					"from": [ -5.0, 0.1, -5.0 ], 
					"to": [ 5.0, 0.1, 5.0 ], 
					"renderPass": 3,
					"rotationOrigin": [ 0.0, 0.1, 0.0 ],
					"faces": {
						"north": { "texture": "#greencrackedrussula", "uv": [ 0.0, 0.0, 1.0, 1.0 ], "enabled": false, "autoUv": false },
						"east": { "texture": "#greencrackedrussula", "uv": [ 0.0, 0.0, 1.0, 1.0 ], "enabled": false, "autoUv": false },
						"south": { "texture": "#greencrackedrussula", "uv": [ 0.0, 0.0, 1.0, 1.0 ], "enabled": false, "autoUv": false },
						"west": { "texture": "#greencrackedrussula", "uv": [ 0.0, 0.0, 1.0, 1.0 ], "enabled": false, "autoUv": false },
						"up": { "texture": "#mycelium4", "uv": [ 3.0, 3.0, 13.0, 13.0 ] },
						"down": { "texture": "#greencrackedrussula", "uv": [ 0.0, 0.0, 1.0, 1.0 ], "enabled": false, "autoUv": false }
					}
				}
			]
		},
		{
			"name": "origin30",
			"from": [ 24.0, 0.0, 8.0 ], 
			"to": [ 24.0, 0.0, 8.0 ], 
			"rotationOrigin": [ 24.0, 0.0, 8.0 ],
			"rotationY": -180.0,
			"faces": {
				"north": { "texture": "#greencrackedrussula", "uv": [ 0.0, 0.0, 0.5, 0.5 ], "enabled": false },
				"east": { "texture": "#greencrackedrussula", "uv": [ 0.0, 0.0, 0.5, 0.5 ], "enabled": false },
				"south": { "texture": "#greencrackedrussula", "uv": [ 0.0, 0.0, 0.5, 0.5 ], "enabled": false },
				"west": { "texture": "#greencrackedrussula", "uv": [ 0.0, 0.0, 0.5, 0.5 ], "enabled": false },
				"up": { "texture": "#greencrackedrussula", "uv": [ 0.0, 0.0, 0.5, 0.5 ], "enabled": false },
				"down": { "texture": "#greencrackedrussula", "uv": [ 0.0, 0.0, 0.5, 0.5 ], "enabled": false }
			},
			"children": [
				{
					"name": "tiny31",
					"from": [ -4.0, 0.0, -4.0 ], 
					"to": [ -3.0, 0.5, -3.0 ], 
					"rotationOrigin": [ -3.5, 0.0, -3.5 ],
					"rotationY": 13.0,
					"faces": {
						"north": { "texture": "#greencrackedrussula", "uv": [ 1.5, 10.5, 2.5, 11.0 ] },
						"east": { "texture": "#greencrackedrussula", "uv": [ 1.0, 8.0, 2.0, 8.5 ] },
						"south": { "texture": "#greencrackedrussula", "uv": [ 1.0, 8.0, 2.0, 8.5 ] },
						"west": { "texture": "#greencrackedrussula", "uv": [ 1.0, 9.5, 2.0, 10.0 ] },
						"up": { "texture": "#greencrackedrussula", "uv": [ 4.0, 5.0, 5.0, 6.0 ], "enabled": false },
						"down": { "texture": "#greencrackedrussula", "uv": [ 0.5, 9.5, 1.5, 10.5 ] }
					},
					"children": [
						{
							"name": "Cube35",
							"from": [ -0.2, 0.5, -0.2 ], 
							"to": [ 1.3, 1.0, 1.3 ], 
							"faces": {
								"north": { "texture": "#greencrackedrussula", "uv": [ 4.0, 10.0, 5.5, 10.5 ] },
								"east": { "texture": "#greencrackedrussula", "uv": [ 3.0, 9.0, 4.5, 9.5 ] },
								"south": { "texture": "#greencrackedrussula", "uv": [ 5.0, 9.0, 6.5, 9.5 ] },
								"west": { "texture": "#greencrackedrussula", "uv": [ 3.0, 12.0, 4.5, 12.5 ] },
								"up": { "texture": "#greencrackedrussula", "uv": [ 13.0, 12.0, 14.5, 13.5 ] },
								"down": { "texture": "#gills", "uv": [ 12.0, 2.5, 13.5, 4.0 ] }
							}
						}
					]
				},
				{
					"name": "single voxel33",
					"from": [ 0.6, 0.0, -4.3 ], 
					"to": [ 1.6, 0.5, -3.3 ], 
					"rotationOrigin": [ 1.1, 0.0, -3.8 ],
					"rotationY": 23.0,
					"faces": {
						"north": { "texture": "#greencrackedrussula", "uv": [ 0.5, 9.0, 1.5, 9.5 ] },
						"east": { "texture": "#greencrackedrussula", "uv": [ 1.0, 8.5, 2.0, 9.0 ] },
						"south": { "texture": "#greencrackedrussula", "uv": [ 1.0, 9.5, 2.0, 10.0 ] },
						"west": { "texture": "#greencrackedrussula", "uv": [ 0.5, 8.5, 1.5, 9.0 ] },
						"up": { "texture": "#greencrackedrussula", "uv": [ 1.5, 8.0, 2.5, 9.0 ] },
						"down": { "texture": "#greencrackedrussula", "uv": [ 1.5, 9.5, 2.5, 10.5 ] }
					}
				},
				{
					"name": "single voxel34",
					"from": [ -2.4, 0.0, 1.0 ], 
					"to": [ -1.4, 0.5, 2.0 ], 
					"rotationOrigin": [ -1.9, 0.0, 1.5 ],
					"rotationY": -25.0,
					"faces": {
						"north": { "texture": "#greencrackedrussula", "uv": [ 12.0, 3.0, 13.0, 3.5 ] },
						"east": { "texture": "#greencrackedrussula", "uv": [ 7.0, 2.0, 8.0, 2.5 ] },
						"south": { "texture": "#greencrackedrussula", "uv": [ 10.0, 1.0, 11.0, 1.5 ] },
						"west": { "texture": "#greencrackedrussula", "uv": [ 7.0, 4.0, 8.0, 4.5 ] },
						"up": { "texture": "#greencrackedrussula", "uv": [ 4.0, 3.5, 5.0, 4.5 ] },
						"down": { "texture": "#greencrackedrussula", "uv": [ 13.0, 2.5, 14.0, 3.5 ] }
					}
				},
				{
					"name": "large35",
					"from": [ 0.6941, 0.0, 0.1381 ], 
					"to": [ 2.1941, 2.0, 1.6381 ], 
					"rotationOrigin": [ 1.1941, 0.0, 0.8381 ],
					"rotationY": -22.5,
					"rotationZ": -6.0,
					"faces": {
						"north": { "texture": "#greencrackedrussula", "uv": [ 1.0, 12.0, 2.5, 14.0 ] },
						"east": { "texture": "#greencrackedrussula", "uv": [ 0.0, 11.5, 1.5, 13.5 ] },
						"south": { "texture": "#greencrackedrussula", "uv": [ 0.0, 12.0, 1.5, 14.0 ] },
						"west": { "texture": "#greencrackedrussula", "uv": [ 1.0, 12.5, 2.5, 14.5 ] },
						"up": { "texture": "#greencrackedrussula", "uv": [ 4.0, 5.0, 5.5, 6.5 ], "enabled": false },
						"down": { "texture": "#greencrackedrussula", "uv": [ 1.0, 14.0, 2.5, 15.5 ] }
					},
					"children": [
						{
							"name": "cap big36",
							"from": [ -0.9, 3.5, -1.2 ], 
							"to": [ 3.6, 4.5, 3.3 ], 
							"rotationOrigin": [ 1.3, 3.5, 1.0 ],
							"rotationX": 15.0,
							"rotationZ": -7.0,
							"faces": {
								"north": { "texture": "#gills", "uv": [ 10.0, 1.5, 14.5, 2.5 ] },
								"east": { "texture": "#gills", "uv": [ 10.5, 2.5, 15.0, 3.5 ] },
								"south": { "texture": "#gills", "uv": [ 11.0, 2.5, 15.5, 3.5 ] },
								"west": { "texture": "#gills", "uv": [ 10.5, 2.5, 15.0, 3.5 ] },
								"up": { "texture": "#greencrackedrussula", "uv": [ 5.0, 6.0, 9.5, 10.5 ] },
								"down": { "texture": "#gills", "uv": [ 11.5, 0.5, 16.0, 5.0 ] }
							},
							"children": [
								{
									"name": "Cube37",
									"from": [ 0.0, 0.5, 4.5 ], 
									"to": [ 4.5, 1.0, 5.5 ], 
									"rotationOrigin": [ 2.2, 1.0, 4.5 ],
									"rotationX": 33.0,
									"faces": {
										"north": { "texture": "#greencrackedrussula", "uv": [ 5.0, 3.5, 9.5, 4.0 ], "enabled": false },
										"east": { "texture": "#greencrackedrussula", "uv": [ 2.0, 10.0, 3.0, 10.5 ] },
										"south": { "texture": "#greencrackedrussula", "uv": [ 5.5, 11.5, 10.0, 12.0 ] },
										"west": { "texture": "#greencrackedrussula", "uv": [ 3.5, 12.5, 4.5, 13.0 ] },
										"up": { "texture": "#greencrackedrussula", "uv": [ 7.5, 8.5, 12.0, 9.5 ] },
										"down": { "texture": "#gills", "uv": [ 9.0, 2.5, 13.5, 3.5 ] }
									}
								},
								{
									"name": "Cube38",
									"from": [ 0.0, 0.5, -1.0 ], 
									"to": [ 4.5, 1.0, 0.0 ], 
									"rotationOrigin": [ 2.2, 1.0, 0.0 ],
									"rotationX": -42.0,
									"faces": {
										"north": { "texture": "#greencrackedrussula", "uv": [ 6.5, 12.0, 11.0, 12.5 ] },
										"east": { "texture": "#greencrackedrussula", "uv": [ 3.0, 1.5, 4.0, 2.0 ] },
										"south": { "texture": "#greencrackedrussula", "uv": [ 1.5, 5.5, 6.0, 6.0 ], "enabled": false },
										"west": { "texture": "#greencrackedrussula", "uv": [ 5.5, 4.0, 6.5, 4.5 ] },
										"up": { "texture": "#greencrackedrussula", "uv": [ 8.5, 11.5, 13.0, 12.5 ] },
										"down": { "texture": "#gills", "uv": [ 10.5, 0.5, 15.0, 1.5 ] }
									}
								},
								{
									"name": "Cube39",
									"from": [ 4.5, 0.5, 0.0 ], 
									"to": [ 5.5, 1.0, 4.5 ], 
									"rotationOrigin": [ 4.5, 1.0, 2.0 ],
									"rotationZ": -44.0,
									"faces": {
										"north": { "texture": "#greencrackedrussula", "uv": [ 4.0, 5.0, 5.0, 5.5 ] },
										"east": { "texture": "#greencrackedrussula", "uv": [ 4.5, 5.0, 9.0, 5.5 ] },
										"south": { "texture": "#greencrackedrussula", "uv": [ 5.5, 11.0, 6.5, 11.5 ] },
										"west": { "texture": "#greencrackedrussula", "uv": [ 3.5, 8.0, 8.0, 8.5 ] },
										"up": { "texture": "#greencrackedrussula", "uv": [ 7.5, 2.5, 8.5, 7.0 ] },
										"down": { "texture": "#gills", "uv": [ 11.0, 0.0, 12.0, 4.5 ] }
									}
								},
								{
									"name": "Cube40",
									"from": [ -1.0, 0.5, 0.0 ], 
									"to": [ 0.0, 1.0, 4.5 ], 
									"rotationOrigin": [ 0.0, 1.0, 2.0 ],
									"rotationZ": 36.0,
									"faces": {
										"north": { "texture": "#greencrackedrussula", "uv": [ 3.5, 0.5, 4.5, 1.0 ] },
										"east": { "texture": "#greencrackedrussula", "uv": [ 10.5, 4.5, 15.0, 5.0 ], "enabled": false },
										"south": { "texture": "#greencrackedrussula", "uv": [ 6.5, 4.0, 7.5, 4.5 ] },
										"west": { "texture": "#greencrackedrussula", "uv": [ 8.0, 13.5, 12.5, 14.0 ] },
										"up": { "texture": "#greencrackedrussula", "uv": [ 14.0, 9.0, 15.0, 13.5 ] },
										"down": { "texture": "#gills", "uv": [ 13.5, 0.5, 14.5, 5.0 ] }
									}
								}
							]
						},
						{
							"name": "Cube41",
							"from": [ 0.0, 1.7, 0.0 ], 
							"to": [ 1.5, 3.7, 1.5 ], 
							"rotationOrigin": [ 0.8, 1.7, 0.8 ],
							"rotationX": 6.0,
							"rotationZ": -15.0,
							"faces": {
								"north": { "texture": "#greencrackedrussula", "uv": [ 0.5, 9.0, 2.0, 11.0 ] },
								"east": { "texture": "#greencrackedrussula", "uv": [ 0.5, 9.5, 2.0, 11.5 ] },
								"south": { "texture": "#greencrackedrussula", "uv": [ 0.0, 9.5, 1.5, 11.5 ] },
								"west": { "texture": "#greencrackedrussula", "uv": [ 0.5, 9.0, 2.0, 11.0 ] },
								"up": { "texture": "#greencrackedrussula", "uv": [ 0.0, 0.0, 1.5, 1.5 ], "enabled": false },
								"down": { "texture": "#greencrackedrussula", "uv": [ 3.0, 4.0, 4.5, 5.5 ], "enabled": false }
							}
						}
					]
				},
				{
					"name": "single voxel42",
					"from": [ -0.1533, 0.5, -0.2294 ], 
					"to": [ 0.8467, 1.0, 0.7706 ], 
					"rotationOrigin": [ 0.3467, 0.5, 0.2706 ],
					"rotationY": -22.5,
					"faces": {
						"north": { "texture": "#greencrackedrussula", "uv": [ 9.0, 4.0, 10.0, 4.5 ] },
						"east": { "texture": "#greencrackedrussula", "uv": [ 12.0, 7.0, 13.0, 7.5 ] },
						"south": { "texture": "#greencrackedrussula", "uv": [ 5.0, 6.0, 6.0, 6.5 ] },
						"west": { "texture": "#greencrackedrussula", "uv": [ 4.0, 3.0, 5.0, 3.5 ] },
						"up": { "texture": "#greencrackedrussula", "uv": [ 3.0, 13.0, 4.0, 14.0 ] },
						"down": { "texture": "#greencrackedrussula", "uv": [ 11.0, 8.0, 12.0, 9.0 ] }
					}
				},
				{
					"name": "medium small43",
					"from": [ -0.77, -0.2, -2.15 ], 
					"to": [ 0.23, 1.3, -1.15 ], 
					"rotationOrigin": [ -0.2706, -0.2, -1.6533 ],
					"rotationY": -22.5,
					"rotationZ": 14.0,
					"faces": {
						"north": { "texture": "#greencrackedrussula", "uv": [ 1.0, 14.0, 2.0, 15.5 ] },
						"east": { "texture": "#greencrackedrussula", "uv": [ 1.5, 10.5, 2.5, 12.0 ] },
						"south": { "texture": "#greencrackedrussula", "uv": [ 0.5, 10.5, 1.5, 12.0 ] },
						"west": { "texture": "#greencrackedrussula", "uv": [ 1.0, 9.5, 2.0, 11.0 ] },
						"up": { "texture": "#greencrackedrussula", "uv": [ 4.0, 5.0, 5.0, 6.0 ], "enabled": false },
						"down": { "texture": "#greencrackedrussula", "uv": [ 0.5, 12.0, 1.5, 13.0 ] }
					},
					"children": [
						{
							"name": "Cube44",
							"from": [ -1.2, 2.5, -1.3 ], 
							"to": [ 1.8, 3.5, 1.7 ], 
							"rotationOrigin": [ 0.1, 2.5, 0.0 ],
							"rotationX": -28.0,
							"rotationZ": 28.0,
							"faces": {
								"north": { "texture": "#greencrackedrussula", "uv": [ 13.0, 3.0, 16.0, 4.0 ] },
								"east": { "texture": "#greencrackedrussula", "uv": [ 9.0, 7.0, 12.0, 8.0 ] },
								"south": { "texture": "#greencrackedrussula", "uv": [ 10.0, 8.0, 13.0, 9.0 ] },
								"west": { "texture": "#greencrackedrussula", "uv": [ 9.0, 7.0, 12.0, 8.0 ] },
								"up": { "texture": "#greencrackedrussula", "uv": [ 12.0, 10.0, 15.0, 13.0 ] },
								"down": { "texture": "#gills", "uv": [ 12.0, 1.0, 15.0, 4.0 ] }
							}
						},
						{
							"name": "Cube45",
							"from": [ 0.0, 1.2, 0.0 ], 
							"to": [ 1.0, 2.7, 1.0 ], 
							"rotationOrigin": [ 0.5, 1.2, 0.5 ],
							"rotationX": -17.0,
							"rotationZ": 14.0,
							"faces": {
								"north": { "texture": "#greencrackedrussula", "uv": [ 0.0, 8.5, 1.0, 10.0 ] },
								"east": { "texture": "#greencrackedrussula", "uv": [ 1.0, 8.0, 2.0, 9.5 ] },
								"south": { "texture": "#greencrackedrussula", "uv": [ 1.5, 7.0, 2.5, 8.5 ] },
								"west": { "texture": "#greencrackedrussula", "uv": [ 0.5, 6.5, 1.5, 8.0 ] },
								"up": { "texture": "#greencrackedrussula", "uv": [ 0.0, 0.0, 1.0, 1.0 ], "enabled": false },
								"down": { "texture": "#greencrackedrussula", "uv": [ 0.0, 0.0, 1.0, 1.0 ], "enabled": false }
							}
						}
					]
				},
				{
					"name": "single voxel46",
					"from": [ 4.0, 0.0, -2.0 ], 
					"to": [ 5.0, 0.5, -1.0 ], 
					"rotationOrigin": [ 4.5, 0.0, -1.5 ],
					"rotationY": -25.0,
					"faces": {
						"north": { "texture": "#greencrackedrussula", "uv": [ 12.0, 3.0, 13.0, 3.5 ] },
						"east": { "texture": "#greencrackedrussula", "uv": [ 7.0, 2.0, 8.0, 2.5 ] },
						"south": { "texture": "#greencrackedrussula", "uv": [ 10.0, 1.0, 11.0, 1.5 ] },
						"west": { "texture": "#greencrackedrussula", "uv": [ 7.0, 4.0, 8.0, 4.5 ] },
						"up": { "texture": "#greencrackedrussula", "uv": [ 2.5, 2.5, 3.5, 3.5 ] },
						"down": { "texture": "#gills", "uv": [ 13.0, 3.0, 14.0, 4.0 ] }
					}
				},
				{
					"name": "tiny47",
					"from": [ -3.0, -0.2, 3.0 ], 
					"to": [ -2.0, 0.3, 4.0 ], 
					"rotationOrigin": [ -2.5, -0.2, 3.5 ],
					"rotationX": -8.0,
					"rotationY": 37.0,
					"rotationZ": 19.0,
					"faces": {
						"north": { "texture": "#greencrackedrussula", "uv": [ 0.5, 10.5, 1.5, 11.0 ] },
						"east": { "texture": "#greencrackedrussula", "uv": [ 1.0, 13.0, 2.0, 13.5 ] },
						"south": { "texture": "#greencrackedrussula", "uv": [ 1.5, 7.5, 2.5, 8.0 ] },
						"west": { "texture": "#greencrackedrussula", "uv": [ 0.0, 10.5, 1.0, 11.0 ] },
						"up": { "texture": "#greencrackedrussula", "uv": [ 4.0, 5.0, 5.0, 6.0 ], "enabled": false },
						"down": { "texture": "#greencrackedrussula", "uv": [ 1.0, 12.5, 2.0, 13.5 ] }
					},
					"children": [
						{
							"name": "Cube48",
							"from": [ -0.2, 0.5, -0.2 ], 
							"to": [ 1.3, 1.0, 1.3 ], 
							"faces": {
								"north": { "texture": "#greencrackedrussula", "uv": [ 4.0, 10.0, 5.5, 10.5 ] },
								"east": { "texture": "#greencrackedrussula", "uv": [ 3.0, 9.0, 4.5, 9.5 ] },
								"south": { "texture": "#greencrackedrussula", "uv": [ 5.0, 9.0, 6.5, 9.5 ] },
								"west": { "texture": "#greencrackedrussula", "uv": [ 3.0, 12.0, 4.5, 12.5 ] },
								"up": { "texture": "#greencrackedrussula", "uv": [ 13.0, 12.0, 14.5, 13.5 ] },
								"down": { "texture": "#gills", "uv": [ 12.0, 3.0, 13.5, 4.5 ] }
							}
						}
					]
				},
				{
					"name": "tiny49",
					"from": [ -4.0, -0.1, 1.0 ], 
					"to": [ -3.0, 1.4, 2.0 ], 
					"rotationOrigin": [ -3.5, -0.1, 1.5 ],
					"rotationX": -6.0,
					"rotationY": 15.0,
					"rotationZ": 14.0,
					"faces": {
						"north": { "texture": "#greencrackedrussula", "uv": [ 1.0, 11.0, 2.0, 12.5 ] },
						"east": { "texture": "#greencrackedrussula", "uv": [ 1.5, 8.0, 2.5, 9.5 ] },
						"south": { "texture": "#greencrackedrussula", "uv": [ 1.5, 7.0, 2.5, 8.5 ] },
						"west": { "texture": "#greencrackedrussula", "uv": [ 0.5, 9.0, 1.5, 10.5 ] },
						"up": { "texture": "#greencrackedrussula", "uv": [ 4.0, 5.0, 5.0, 6.0 ], "enabled": false },
						"down": { "texture": "#greencrackedrussula", "uv": [ 0.5, 10.5, 1.5, 11.5 ] }
					},
					"children": [
						{
							"name": "cap small50",
							"from": [ -0.3, 2.6, -0.1 ], 
							"to": [ 1.7, 3.1, 1.9 ], 
							"rotationOrigin": [ 0.7, 2.6, 0.9 ],
							"rotationX": 19.0,
							"rotationZ": 22.0,
							"faces": {
								"north": { "texture": "#greencrackedrussula", "uv": [ 1.0, 14.0, 3.0, 14.5 ], "enabled": false },
								"east": { "texture": "#greencrackedrussula", "uv": [ 1.0, 12.0, 3.0, 12.5 ], "enabled": false },
								"south": { "texture": "#greencrackedrussula", "uv": [ 5.0, 11.0, 7.0, 11.5 ], "enabled": false },
								"west": { "texture": "#greencrackedrussula", "uv": [ 7.0, 11.0, 9.0, 11.5 ], "enabled": false },
								"up": { "texture": "#greencrackedrussula", "uv": [ 4.0, 10.0, 6.0, 12.0 ] },
								"down": { "texture": "#gills", "uv": [ 12.0, 1.5, 14.0, 3.5 ] }
							},
							"children": [
								{
									"name": "Cube51",
									"from": [ 0.0, 0.0, 2.0 ], 
									"to": [ 2.0, 0.5, 3.0 ], 
									"rotationOrigin": [ 1.0, 0.5, 2.0 ],
									"rotationX": 36.0,
									"faces": {
										"north": { "texture": "#greencrackedrussula", "uv": [ 0.5, 6.0, 2.5, 6.5 ], "enabled": false },
										"east": { "texture": "#greencrackedrussula", "uv": [ 3.5, 9.0, 4.5, 9.5 ] },
										"south": { "texture": "#greencrackedrussula", "uv": [ 11.0, 12.5, 13.0, 13.0 ] },
										"west": { "texture": "#greencrackedrussula", "uv": [ 3.5, 15.0, 4.5, 15.5 ] },
										"up": { "texture": "#greencrackedrussula", "uv": [ 3.5, 5.0, 5.5, 6.0 ] },
										"down": { "texture": "#gills", "uv": [ 12.5, 2.0, 14.5, 3.0 ] }
									}
								},
								{
									"name": "Cube52",
									"from": [ 0.0, 0.0, -1.0 ], 
									"to": [ 2.0, 0.5, 0.0 ], 
									"rotationOrigin": [ 1.0, 0.5, 0.0 ],
									"rotationX": -19.0,
									"faces": {
										"north": { "texture": "#greencrackedrussula", "uv": [ 5.0, 7.5, 7.0, 8.0 ] },
										"east": { "texture": "#greencrackedrussula", "uv": [ 4.5, 8.5, 5.5, 9.0 ] },
										"south": { "texture": "#greencrackedrussula", "uv": [ 9.0, 8.5, 11.0, 9.0 ], "enabled": false },
										"west": { "texture": "#greencrackedrussula", "uv": [ 4.5, 12.0, 5.5, 12.5 ] },
										"up": { "texture": "#greencrackedrussula", "uv": [ 3.5, 12.5, 5.5, 13.5 ] },
										"down": { "texture": "#gills", "uv": [ 11.0, 1.0, 13.0, 2.0 ] }
									}
								},
								{
									"name": "Cube53",
									"from": [ 2.0, 0.0, 0.0 ], 
									"to": [ 3.0, 0.5, 2.0 ], 
									"rotationOrigin": [ 2.0, 0.5, 1.0 ],
									"rotationZ": -42.0,
									"faces": {
										"north": { "texture": "#greencrackedrussula", "uv": [ 3.0, 15.0, 4.0, 15.5 ] },
										"east": { "texture": "#greencrackedrussula", "uv": [ 4.5, 9.5, 6.5, 10.0 ] },
										"south": { "texture": "#greencrackedrussula", "uv": [ 9.5, 7.0, 10.5, 7.5 ] },
										"west": { "texture": "#greencrackedrussula", "uv": [ 2.5, 3.0, 4.5, 3.5 ], "enabled": false },
										"up": { "texture": "#greencrackedrussula", "uv": [ 10.5, 3.5, 11.5, 5.5 ] },
										"down": { "texture": "#gills", "uv": [ 14.0, 1.5, 15.0, 3.5 ] }
									}
								},
								{
									"name": "Cube54",
									"from": [ -1.0, 0.0, 0.0 ], 
									"to": [ 0.0, 0.5, 2.0 ], 
									"rotationOrigin": [ 0.0, 0.5, 1.0 ],
									"rotationZ": 39.0,
									"faces": {
										"north": { "texture": "#greencrackedrussula", "uv": [ 8.5, 7.0, 9.5, 7.5 ] },
										"east": { "texture": "#greencrackedrussula", "uv": [ 10.0, 12.5, 12.0, 13.0 ], "enabled": false },
										"south": { "texture": "#greencrackedrussula", "uv": [ 12.5, 1.0, 13.5, 1.5 ] },
										"west": { "texture": "#greencrackedrussula", "uv": [ 4.0, 10.0, 6.0, 10.5 ] },
										"up": { "texture": "#greencrackedrussula", "uv": [ 5.0, 6.5, 6.0, 8.5 ] },
										"down": { "texture": "#gills", "uv": [ 12.5, 1.0, 13.5, 3.0 ] }
									}
								}
							]
						},
						{
							"name": "stalk small55",
							"from": [ 0.0, 1.3, 0.0 ], 
							"to": [ 1.0, 2.8, 1.0 ], 
							"rotationOrigin": [ 0.5, 1.3, 0.5 ],
							"rotationX": 14.0,
							"rotationZ": -6.0,
							"faces": {
								"north": { "texture": "#greencrackedrussula", "uv": [ 0.5, 8.0, 1.5, 9.5 ] },
								"east": { "texture": "#greencrackedrussula", "uv": [ 0.0, 6.5, 1.0, 8.0 ] },
								"south": { "texture": "#greencrackedrussula", "uv": [ 1.5, 7.5, 2.5, 9.0 ] },
								"west": { "texture": "#greencrackedrussula", "uv": [ 1.0, 7.0, 2.0, 8.5 ] },
								"up": { "texture": "#greencrackedrussula", "uv": [ 3.5, 6.5, 4.5, 7.5 ], "enabled": false },
								"down": { "texture": "#greencrackedrussula", "uv": [ 11.5, 5.5, 12.5, 6.5 ], "enabled": false }
							}
						}
					]
				},
				{
					"name": "tiny56",
					"from": [ 3.0, 0.0, -3.5 ], 
					"to": [ 4.0, 1.0, -2.5 ], 
					"rotationOrigin": [ 3.5, 0.0, -3.0 ],
					"rotationY": 16.0,
					"rotationZ": -14.0,
					"faces": {
						"north": { "texture": "#greencrackedrussula", "uv": [ 0.5, 10.5, 1.5, 11.5 ] },
						"east": { "texture": "#greencrackedrussula", "uv": [ 0.0, 10.0, 1.0, 11.0 ] },
						"south": { "texture": "#greencrackedrussula", "uv": [ 1.5, 10.0, 2.5, 11.0 ] },
						"west": { "texture": "#greencrackedrussula", "uv": [ 1.0, 10.0, 2.0, 11.0 ] },
						"up": { "texture": "#greencrackedrussula", "uv": [ 4.0, 5.0, 5.0, 6.0 ], "enabled": false },
						"down": { "texture": "#greencrackedrussula", "uv": [ 0.5, 10.0, 1.5, 11.0 ] }
					},
					"children": [
						{
							"name": "Cube57",
							"from": [ -0.5, 1.0, -0.5 ], 
							"to": [ 1.5, 1.5, 1.5 ], 
							"rotationOrigin": [ 0.5, 1.0, 0.5 ],
							"rotationX": -8.0,
							"faces": {
								"north": { "texture": "#greencrackedrussula", "uv": [ 9.0, 14.0, 11.0, 14.5 ] },
								"east": { "texture": "#greencrackedrussula", "uv": [ 3.0, 11.0, 5.0, 11.5 ] },
								"south": { "texture": "#greencrackedrussula", "uv": [ 5.0, 12.0, 7.0, 12.5 ] },
								"west": { "texture": "#greencrackedrussula", "uv": [ 4.0, 10.0, 6.0, 10.5 ] },
								"up": { "texture": "#greencrackedrussula", "uv": [ 14.0, 2.0, 16.0, 4.0 ] },
								"down": { "texture": "#gills", "uv": [ 13.5, 1.5, 15.5, 3.5 ] }
							}
						}
					]
				},
				{
					"name": "mycelium58",
					"from": [ -5.0, 0.1, -5.0 ], 
					"to": [ 5.0, 0.1, 5.0 ], 
					"renderPass": 3,
					"rotationOrigin": [ 0.0, 0.1, 0.0 ],
					"faces": {
						"north": { "texture": "#greencrackedrussula", "uv": [ 0.0, 0.0, 1.0, 1.0 ], "enabled": false, "autoUv": false },
						"east": { "texture": "#greencrackedrussula", "uv": [ 0.0, 0.0, 1.0, 1.0 ], "enabled": false, "autoUv": false },
						"south": { "texture": "#greencrackedrussula", "uv": [ 0.0, 0.0, 1.0, 1.0 ], "enabled": false, "autoUv": false },
						"west": { "texture": "#greencrackedrussula", "uv": [ 0.0, 0.0, 1.0, 1.0 ], "enabled": false, "autoUv": false },
						"up": { "texture": "#mycelium4", "uv": [ 3.0, 3.0, 13.0, 13.0 ] },
						"down": { "texture": "#greencrackedrussula", "uv": [ 0.0, 0.0, 1.0, 1.0 ], "enabled": false, "autoUv": false }
					}
				}
			]
		}
	]}