{
	"editor": {
		"allAngles": true,
		"entityTextureMode": false
	},
	"textureWidth": 16,
	"textureHeight": 16,
	"textureSizes": {
	},
	"textures": {
		"mycelium3": "game:block/plant/mushroom/mycelium3",
		"saffronmilkcap": "game:block/plant/mushroom/saffronmilkcap/saffronmilkcap",
		"gills": "game:block/plant/mushroom/gills"
	},
	"elements": [
		{
			"name": "origin",
			"from": [ 8.0, 0.0, 8.0 ], 
			"to": [ 8.0, 0.0, 8.0 ], 
			"rotationOrigin": [ 8.0, 0.0, 8.0 ],
			"faces": {
				"north": { "texture": "#null", "uv": [ 0.0, 0.0, 0.5, 0.5 ], "enabled": false },
				"east": { "texture": "#null", "uv": [ 0.0, 0.0, 0.5, 0.5 ], "enabled": false },
				"south": { "texture": "#null", "uv": [ 0.0, 0.0, 0.5, 0.5 ], "enabled": false },
				"west": { "texture": "#null", "uv": [ 0.0, 0.0, 0.5, 0.5 ], "enabled": false },
				"up": { "texture": "#null", "uv": [ 0.0, 0.0, 0.5, 0.5 ], "enabled": false },
				"down": { "texture": "#null", "uv": [ 0.0, 0.0, 0.5, 0.5 ], "enabled": false }
			},
			"children": [
				{
					"name": "stem1",
					"from": [ 3.5, -0.5, -0.5 ], 
					"to": [ 4.5, 1.5, 0.5 ], 
					"rotationOrigin": [ 4.0, -0.5, 0.0 ],
					"rotationX": -6.0,
					"rotationZ": -25.0,
					"faces": {
						"north": { "texture": "#saffronmilkcap", "uv": [ 1.0, 10.0, 2.0, 12.0 ] },
						"east": { "texture": "#saffronmilkcap", "uv": [ 1.5, 11.0, 2.5, 13.0 ] },
						"south": { "texture": "#saffronmilkcap", "uv": [ 1.0, 11.0, 2.0, 13.0 ] },
						"west": { "texture": "#saffronmilkcap", "uv": [ 1.0, 11.0, 2.0, 13.0 ] },
						"up": { "texture": "#saffronmilkcap", "uv": [ 0.0, 0.0, 1.0, 1.0 ], "enabled": false },
						"down": { "texture": "#saffronmilkcap", "uv": [ 0.5, 14.5, 1.5, 15.5 ] }
					},
					"children": [
						{
							"name": "Cap1",
							"from": [ -1.3, 3.0, -1.0 ], 
							"to": [ 1.7, 4.0, 2.0 ], 
							"rotationOrigin": [ 0.2, 3.0, 0.5 ],
							"rotationY": 14.0,
							"faces": {
								"north": { "texture": "#saffronmilkcap", "uv": [ 5.5, 5.5, 8.5, 6.5 ] },
								"east": { "texture": "#saffronmilkcap", "uv": [ 5.5, 5.5, 8.5, 6.5 ] },
								"south": { "texture": "#saffronmilkcap", "uv": [ 4.5, 5.0, 7.5, 6.0 ] },
								"west": { "texture": "#saffronmilkcap", "uv": [ 6.5, 5.5, 9.5, 6.5 ] },
								"up": { "texture": "#saffronmilkcap", "uv": [ 5.5, 1.0, 8.5, 4.0 ] },
								"down": { "texture": "#gills", "uv": [ 8.5, 9.0, 11.5, 12.0 ] }
							}
						},
						{
							"name": "gillsE",
							"from": [ 1.0, 1.6, 0.0 ], 
							"to": [ 2.4, 2.3, 1.0 ], 
							"rotationOrigin": [ 0.6, 1.6, 0.5 ],
							"rotationZ": 55.0,
							"faces": {
								"north": { "texture": "#gills", "uv": [ 9.0, 13.0, 10.0, 13.5 ] },
								"east": { "texture": "#gills", "uv": [ 8.5, 10.5, 9.5, 11.0 ], "enabled": false },
								"south": { "texture": "#gills", "uv": [ 9.0, 10.5, 10.0, 11.0 ] },
								"west": { "texture": "#gills", "uv": [ 11.5, 11.5, 12.5, 12.0 ], "enabled": false },
								"up": { "texture": "#gills", "uv": [ 10.0, 10.0, 11.0, 11.0 ], "enabled": false },
								"down": { "texture": "#gills", "uv": [ 10.5, 9.5, 11.5, 10.5 ] }
							}
						},
						{
							"name": "gillsW",
							"from": [ -2.0, 1.6, 0.0 ], 
							"to": [ 0.0, 2.6, 1.0 ], 
							"rotationOrigin": [ 0.0, 1.6, 0.5 ],
							"rotationZ": -45.0,
							"faces": {
								"north": { "texture": "#gills", "uv": [ 11.5, 12.5, 13.5, 13.5 ] },
								"east": { "texture": "#gills", "uv": [ 10.5, 10.5, 11.5, 11.5 ], "enabled": false },
								"south": { "texture": "#gills", "uv": [ 10.5, 10.5, 12.5, 11.5 ] },
								"west": { "texture": "#gills", "uv": [ 9.0, 10.5, 10.0, 11.5 ], "enabled": false },
								"up": { "texture": "#gills", "uv": [ 10.0, 11.0, 12.0, 12.0 ], "enabled": false },
								"down": { "texture": "#gills", "uv": [ 12.0, 12.5, 14.0, 13.5 ] }
							}
						},
						{
							"name": "gillsS",
							"from": [ -0.1, 1.6, 0.6 ], 
							"to": [ 0.9, 2.1, 2.6 ], 
							"rotationOrigin": [ 0.4, 1.6, 0.6 ],
							"rotationX": -45.0,
							"faces": {
								"north": { "texture": "#gills", "uv": [ 10.0, 9.0, 11.0, 9.5 ], "enabled": false },
								"east": { "texture": "#gills", "uv": [ 12.0, 10.0, 14.0, 10.5 ] },
								"south": { "texture": "#gills", "uv": [ 5.5, 6.0, 6.5, 6.5 ], "enabled": false },
								"west": { "texture": "#gills", "uv": [ 11.5, 11.5, 13.5, 12.0 ] },
								"up": { "texture": "#gills", "uv": [ 0.0, 0.0, 1.0, 2.0 ], "enabled": false },
								"down": { "texture": "#gills", "uv": [ 11.0, 10.5, 12.0, 12.5 ] }
							}
						},
						{
							"name": "gillsN",
							"from": [ -0.2, 1.6, -1.6 ], 
							"to": [ 0.8, 2.1, 0.4 ], 
							"rotationOrigin": [ 0.3, 1.6, 0.4 ],
							"rotationX": 45.0,
							"faces": {
								"north": { "texture": "#gills", "uv": [ 0.0, 0.0, 1.0, 0.5 ], "enabled": false },
								"east": { "texture": "#gills", "uv": [ 11.0, 12.0, 13.0, 12.5 ] },
								"south": { "texture": "#gills", "uv": [ 0.0, 0.0, 1.0, 0.5 ], "enabled": false },
								"west": { "texture": "#gills", "uv": [ 12.0, 11.0, 14.0, 11.5 ] },
								"up": { "texture": "#gills", "uv": [ 5.5, 1.5, 6.5, 3.5 ], "enabled": false },
								"down": { "texture": "#gills", "uv": [ 11.0, 10.0, 12.0, 12.0 ] }
							}
						},
						{
							"name": "ring1",
							"from": [ -0.1, 1.8, -0.1 ], 
							"to": [ 1.1, 3.3, 1.1 ], 
							"rotationOrigin": [ 0.5, 1.8, 0.5 ],
							"rotationZ": 19.0,
							"faces": {
								"north": { "texture": "#saffronmilkcap", "uv": [ 0.5, 7.5, 1.5, 9.0 ] },
								"east": { "texture": "#saffronmilkcap", "uv": [ 1.0, 8.0, 2.0, 9.5 ] },
								"south": { "texture": "#saffronmilkcap", "uv": [ 1.5, 7.0, 2.5, 8.5 ] },
								"west": { "texture": "#saffronmilkcap", "uv": [ 0.5, 5.0, 1.5, 6.5 ] },
								"up": { "texture": "#saffronmilkcap", "uv": [ 0.0, 0.0, 1.0, 1.0 ], "enabled": false },
								"down": { "texture": "#saffronmilkcap", "uv": [ 0.0, 0.0, 1.0, 1.0 ] }
							}
						}
					]
				},
				{
					"name": "stem9",
					"from": [ -3.5, -0.3, 1.5 ], 
					"to": [ -2.1, 1.2, 2.9 ], 
					"rotationOrigin": [ -3.0, -0.3, 2.0 ],
					"rotationX": 14.0,
					"rotationZ": 14.0,
					"faces": {
						"north": { "texture": "#saffronmilkcap", "uv": [ 1.0, 10.0, 2.0, 11.5 ] },
						"east": { "texture": "#saffronmilkcap", "uv": [ 1.5, 11.0, 2.5, 12.5 ] },
						"south": { "texture": "#saffronmilkcap", "uv": [ 1.0, 11.0, 2.0, 12.5 ] },
						"west": { "texture": "#saffronmilkcap", "uv": [ 1.0, 11.0, 2.0, 12.5 ] },
						"up": { "texture": "#saffronmilkcap", "uv": [ 0.0, 0.0, 1.0, 1.0 ], "enabled": false },
						"down": { "texture": "#saffronmilkcap", "uv": [ 0.5, 14.5, 1.5, 15.5 ] }
					},
					"children": [
						{
							"name": "Cap10",
							"from": [ -2.0, 3.0, -2.0 ], 
							"to": [ 3.0, 4.1, 3.0 ], 
							"rotationOrigin": [ 0.5, 3.0, 0.5 ],
							"rotationY": -78.0,
							"faces": {
								"north": { "texture": "#saffronmilkcap", "uv": [ 5.5, 5.5, 10.5, 6.5 ] },
								"east": { "texture": "#saffronmilkcap", "uv": [ 5.5, 5.5, 10.5, 6.5 ] },
								"south": { "texture": "#saffronmilkcap", "uv": [ 4.5, 5.0, 9.5, 6.0 ] },
								"west": { "texture": "#saffronmilkcap", "uv": [ 6.5, 5.5, 11.5, 6.5 ] },
								"up": { "texture": "#saffronmilkcap", "uv": [ 10.0, 1.0, 15.0, 6.0 ] },
								"down": { "texture": "#gills", "uv": [ 8.5, 9.0, 13.5, 14.0 ] }
							}
						},
						{
							"name": "gillsE11",
							"from": [ 1.6, 1.6, 0.0 ], 
							"to": [ 3.6, 3.1, 1.5 ], 
							"rotationOrigin": [ 1.6, 1.6, 0.5 ],
							"rotationZ": 45.0,
							"faces": {
								"north": { "texture": "#gills", "uv": [ 9.0, 13.0, 11.0, 14.5 ] },
								"east": { "texture": "#gills", "uv": [ 8.5, 10.5, 10.0, 12.0 ], "enabled": false },
								"south": { "texture": "#gills", "uv": [ 9.0, 10.5, 11.0, 12.0 ] },
								"west": { "texture": "#gills", "uv": [ 11.5, 11.5, 13.0, 13.0 ], "enabled": false },
								"up": { "texture": "#gills", "uv": [ 10.0, 10.0, 12.0, 11.5 ], "enabled": false },
								"down": { "texture": "#gills", "uv": [ 10.5, 9.5, 12.5, 11.0 ] }
							}
						},
						{
							"name": "gillsW12",
							"from": [ -2.2, 1.6, 0.0 ], 
							"to": [ -0.2, 3.1, 1.5 ], 
							"rotationOrigin": [ -0.2, 1.6, 0.5 ],
							"rotationZ": -45.0,
							"faces": {
								"north": { "texture": "#gills", "uv": [ 11.5, 12.5, 13.5, 14.0 ] },
								"east": { "texture": "#gills", "uv": [ 10.5, 10.5, 12.0, 12.0 ], "enabled": false },
								"south": { "texture": "#gills", "uv": [ 10.5, 10.5, 12.5, 12.0 ] },
								"west": { "texture": "#gills", "uv": [ 9.0, 10.5, 10.5, 12.0 ], "enabled": false },
								"up": { "texture": "#gills", "uv": [ 10.0, 11.0, 12.0, 12.5 ], "enabled": false },
								"down": { "texture": "#gills", "uv": [ 12.0, 12.5, 14.0, 14.0 ] }
							}
						},
						{
							"name": "gillsS13",
							"from": [ 0.0, 1.6, 1.6 ], 
							"to": [ 1.5, 3.1, 3.6 ], 
							"rotationOrigin": [ 0.5, 1.6, 1.6 ],
							"rotationX": -45.0,
							"faces": {
								"north": { "texture": "#gills", "uv": [ 10.0, 9.0, 11.5, 10.5 ], "enabled": false },
								"east": { "texture": "#gills", "uv": [ 12.0, 10.0, 14.0, 11.5 ] },
								"south": { "texture": "#gills", "uv": [ 5.5, 6.0, 7.0, 7.5 ], "enabled": false },
								"west": { "texture": "#gills", "uv": [ 11.5, 11.5, 13.5, 13.0 ] },
								"up": { "texture": "#gills", "uv": [ 0.0, 0.0, 1.5, 2.0 ], "enabled": false },
								"down": { "texture": "#gills", "uv": [ 11.0, 10.5, 12.5, 12.5 ] }
							}
						},
						{
							"name": "gillsN14",
							"from": [ 0.0, 1.6, -2.2 ], 
							"to": [ 1.5, 3.1, -0.2 ], 
							"rotationOrigin": [ 0.5, 1.6, -0.2 ],
							"rotationX": 45.0,
							"faces": {
								"north": { "texture": "#gills", "uv": [ 0.0, 0.0, 1.5, 1.5 ], "enabled": false },
								"east": { "texture": "#gills", "uv": [ 11.0, 12.0, 13.0, 13.5 ] },
								"south": { "texture": "#gills", "uv": [ 0.0, 0.0, 1.5, 1.5 ], "enabled": false },
								"west": { "texture": "#gills", "uv": [ 12.0, 11.0, 14.0, 12.5 ] },
								"up": { "texture": "#gills", "uv": [ 5.5, 1.5, 7.0, 3.5 ], "enabled": false },
								"down": { "texture": "#gills", "uv": [ 11.0, 10.0, 12.5, 12.0 ] }
							}
						},
						{
							"name": "ring15",
							"from": [ -0.3, 1.5, -0.3 ], 
							"to": [ 1.7, 3.0, 1.7 ], 
							"rotationOrigin": [ 0.5, 1.5, 0.5 ],
							"faces": {
								"north": { "texture": "#saffronmilkcap", "uv": [ 0.5, 7.5, 2.5, 9.0 ] },
								"east": { "texture": "#saffronmilkcap", "uv": [ 1.0, 8.0, 3.0, 9.5 ] },
								"south": { "texture": "#saffronmilkcap", "uv": [ 1.5, 7.0, 3.5, 8.5 ] },
								"west": { "texture": "#saffronmilkcap", "uv": [ 0.5, 5.0, 2.5, 6.5 ] },
								"up": { "texture": "#saffronmilkcap", "uv": [ 0.0, 0.0, 2.0, 2.0 ], "enabled": false },
								"down": { "texture": "#saffronmilkcap", "uv": [ 0.0, 0.0, 2.0, 2.0 ] }
							}
						}
					]
				},
				{
					"name": "stem16",
					"from": [ 1.5, -0.2, 0.5 ], 
					"to": [ 2.5, 2.3, 1.5 ], 
					"rotationOrigin": [ 2.0, -0.2, 1.0 ],
					"rotationX": 7.0,
					"rotationY": 36.0,
					"faces": {
						"north": { "texture": "#saffronmilkcap", "uv": [ 1.0, 10.0, 2.0, 12.5 ] },
						"east": { "texture": "#saffronmilkcap", "uv": [ 1.5, 11.0, 2.5, 13.5 ] },
						"south": { "texture": "#saffronmilkcap", "uv": [ 1.0, 11.0, 2.0, 13.5 ] },
						"west": { "texture": "#saffronmilkcap", "uv": [ 1.0, 11.0, 2.0, 13.5 ] },
						"up": { "texture": "#saffronmilkcap", "uv": [ 0.0, 0.0, 1.0, 1.0 ], "enabled": false },
						"down": { "texture": "#saffronmilkcap", "uv": [ 0.5, 14.5, 1.5, 15.5 ] }
					},
					"children": [
						{
							"name": "Cap17",
							"from": [ -1.5, 3.8, -1.5 ], 
							"to": [ 2.5, 4.8, 2.5 ], 
							"rotationOrigin": [ 0.5, 3.8, 0.5 ],
							"rotationX": 9.0,
							"rotationY": 11.0,
							"faces": {
								"north": { "texture": "#saffronmilkcap", "uv": [ 5.5, 5.5, 9.5, 6.5 ] },
								"east": { "texture": "#saffronmilkcap", "uv": [ 5.5, 5.5, 9.5, 6.5 ] },
								"south": { "texture": "#saffronmilkcap", "uv": [ 4.5, 5.0, 8.5, 6.0 ] },
								"west": { "texture": "#saffronmilkcap", "uv": [ 6.5, 5.5, 10.5, 6.5 ] },
								"up": { "texture": "#saffronmilkcap", "uv": [ 5.5, 1.0, 9.5, 5.0 ] },
								"down": { "texture": "#gills", "uv": [ 8.5, 9.0, 12.5, 13.0 ] }
							}
						},
						{
							"name": "gillsE18",
							"from": [ 0.6, 2.6, 0.0 ], 
							"to": [ 2.6, 3.1, 1.0 ], 
							"rotationOrigin": [ 0.6, 2.6, 0.5 ],
							"rotationZ": 45.0,
							"faces": {
								"north": { "texture": "#gills", "uv": [ 9.0, 13.0, 11.0, 13.5 ] },
								"east": { "texture": "#gills", "uv": [ 8.5, 10.5, 9.5, 11.0 ], "enabled": false },
								"south": { "texture": "#gills", "uv": [ 9.0, 10.5, 11.0, 11.0 ] },
								"west": { "texture": "#gills", "uv": [ 11.5, 11.5, 12.5, 12.0 ], "enabled": false },
								"up": { "texture": "#gills", "uv": [ 10.0, 10.0, 12.0, 11.0 ], "enabled": false },
								"down": { "texture": "#gills", "uv": [ 10.5, 9.5, 12.5, 10.5 ] }
							}
						},
						{
							"name": "gillsW19",
							"from": [ -1.6, 2.6, 0.0 ], 
							"to": [ 0.4, 3.1, 1.0 ], 
							"rotationOrigin": [ 0.4, 2.6, 0.5 ],
							"rotationZ": -45.0,
							"faces": {
								"north": { "texture": "#gills", "uv": [ 11.5, 12.5, 13.5, 13.0 ] },
								"east": { "texture": "#gills", "uv": [ 10.5, 10.5, 11.5, 11.0 ], "enabled": false },
								"south": { "texture": "#gills", "uv": [ 10.5, 10.5, 12.5, 11.0 ] },
								"west": { "texture": "#gills", "uv": [ 9.0, 10.5, 10.0, 11.0 ], "enabled": false },
								"up": { "texture": "#gills", "uv": [ 10.0, 11.0, 12.0, 12.0 ], "enabled": false },
								"down": { "texture": "#gills", "uv": [ 12.0, 12.5, 14.0, 13.5 ] }
							}
						},
						{
							"name": "gillsS20",
							"from": [ 0.0, 2.6, 0.6 ], 
							"to": [ 1.0, 3.1, 2.6 ], 
							"rotationOrigin": [ 0.5, 2.6, 0.6 ],
							"rotationX": -45.0,
							"faces": {
								"north": { "texture": "#gills", "uv": [ 10.0, 9.0, 11.0, 9.5 ], "enabled": false },
								"east": { "texture": "#gills", "uv": [ 12.0, 10.0, 14.0, 10.5 ] },
								"south": { "texture": "#gills", "uv": [ 5.5, 6.0, 6.5, 6.5 ], "enabled": false },
								"west": { "texture": "#gills", "uv": [ 11.5, 11.5, 13.5, 12.0 ] },
								"up": { "texture": "#gills", "uv": [ 0.0, 0.0, 1.0, 2.0 ], "enabled": false },
								"down": { "texture": "#gills", "uv": [ 11.0, 10.5, 12.0, 12.5 ] }
							}
						},
						{
							"name": "gillsN21",
							"from": [ 0.0, 2.6, -1.6 ], 
							"to": [ 1.0, 3.1, 0.4 ], 
							"rotationOrigin": [ 0.5, 2.6, 0.4 ],
							"rotationX": 45.0,
							"faces": {
								"north": { "texture": "#gills", "uv": [ 0.0, 0.0, 1.0, 0.5 ], "enabled": false },
								"east": { "texture": "#gills", "uv": [ 11.0, 12.0, 13.0, 12.5 ] },
								"south": { "texture": "#gills", "uv": [ 0.0, 0.0, 1.0, 0.5 ], "enabled": false },
								"west": { "texture": "#gills", "uv": [ 12.0, 11.0, 14.0, 11.5 ] },
								"up": { "texture": "#gills", "uv": [ 5.5, 1.5, 6.5, 3.5 ], "enabled": false },
								"down": { "texture": "#gills", "uv": [ 11.0, 10.0, 12.0, 12.0 ] }
							}
						},
						{
							"name": "ring22",
							"from": [ -0.1, 1.5, -0.1 ], 
							"to": [ 1.1, 4.0, 1.1 ], 
							"rotationOrigin": [ 0.5, 1.5, 0.5 ],
							"faces": {
								"north": { "texture": "#saffronmilkcap", "uv": [ 0.5, 7.5, 1.5, 10.0 ] },
								"east": { "texture": "#saffronmilkcap", "uv": [ 1.0, 8.0, 2.0, 10.5 ] },
								"south": { "texture": "#saffronmilkcap", "uv": [ 1.5, 7.0, 2.5, 9.5 ] },
								"west": { "texture": "#saffronmilkcap", "uv": [ 0.5, 5.0, 1.5, 7.5 ] },
								"up": { "texture": "#saffronmilkcap", "uv": [ 0.0, 0.0, 1.0, 1.0 ], "enabled": false },
								"down": { "texture": "#saffronmilkcap", "uv": [ 0.0, 0.0, 1.0, 1.0 ] }
							}
						}
					]
				},
				{
					"name": "stem23",
					"from": [ -3.5, -0.2, -1.5 ], 
					"to": [ -2.9, 1.3, -0.9 ], 
					"rotationOrigin": [ -3.0, -0.2, -1.0 ],
					"rotationX": 7.0,
					"rotationZ": 9.0,
					"faces": {
						"north": { "texture": "#saffronmilkcap", "uv": [ 1.0, 10.0, 1.5, 11.5 ] },
						"east": { "texture": "#saffronmilkcap", "uv": [ 1.5, 11.0, 2.0, 12.5 ] },
						"south": { "texture": "#saffronmilkcap", "uv": [ 1.0, 11.0, 1.5, 12.5 ] },
						"west": { "texture": "#saffronmilkcap", "uv": [ 1.0, 11.0, 1.5, 12.5 ] },
						"up": { "texture": "#saffronmilkcap", "uv": [ 0.0, 0.0, 0.5, 0.5 ], "enabled": false },
						"down": { "texture": "#saffronmilkcap", "uv": [ 0.5, 14.5, 1.0, 15.0 ] }
					},
					"children": [
						{
							"name": "Cap24",
							"from": [ -0.7, 2.6, -0.5 ], 
							"to": [ 1.3, 3.2, 1.5 ], 
							"rotationOrigin": [ 0.3, 2.6, 0.5 ],
							"rotationX": -6.0,
							"rotationY": 6.0,
							"rotationZ": -8.0,
							"faces": {
								"north": { "texture": "#saffronmilkcap", "uv": [ 5.5, 5.5, 7.5, 6.0 ] },
								"east": { "texture": "#saffronmilkcap", "uv": [ 5.5, 5.5, 7.5, 6.0 ] },
								"south": { "texture": "#saffronmilkcap", "uv": [ 4.5, 5.0, 6.5, 5.5 ] },
								"west": { "texture": "#saffronmilkcap", "uv": [ 6.5, 5.5, 8.5, 6.0 ] },
								"up": { "texture": "#saffronmilkcap", "uv": [ 10.5, 9.0, 12.5, 11.0 ] },
								"down": { "texture": "#gills", "uv": [ 8.5, 9.0, 10.5, 11.0 ] }
							}
						},
						{
							"name": "ring29",
							"from": [ -0.2, 1.3, -0.2 ], 
							"to": [ 0.8, 2.8, 0.8 ], 
							"rotationOrigin": [ 0.3, 1.3, 0.3 ],
							"rotationX": 6.0,
							"faces": {
								"north": { "texture": "#saffronmilkcap", "uv": [ 0.5, 7.5, 1.5, 9.0 ] },
								"east": { "texture": "#saffronmilkcap", "uv": [ 1.0, 8.0, 2.0, 9.5 ] },
								"south": { "texture": "#saffronmilkcap", "uv": [ 1.5, 7.0, 2.5, 8.5 ] },
								"west": { "texture": "#saffronmilkcap", "uv": [ 0.5, 5.0, 1.5, 6.5 ] },
								"up": { "texture": "#saffronmilkcap", "uv": [ 0.0, 0.0, 1.0, 1.0 ], "enabled": false },
								"down": { "texture": "#saffronmilkcap", "uv": [ 0.0, 0.0, 1.0, 1.0 ] }
							}
						}
					]
				},
				{
					"name": "stem26",
					"from": [ 0.5, -0.2, 3.5 ], 
					"to": [ 1.1, 0.8, 4.1 ], 
					"rotationOrigin": [ 1.0, -0.2, 4.0 ],
					"rotationX": 10.0,
					"faces": {
						"north": { "texture": "#saffronmilkcap", "uv": [ 1.0, 10.0, 1.5, 11.0 ] },
						"east": { "texture": "#saffronmilkcap", "uv": [ 1.5, 11.0, 2.0, 12.0 ] },
						"south": { "texture": "#saffronmilkcap", "uv": [ 1.0, 11.0, 1.5, 12.0 ] },
						"west": { "texture": "#saffronmilkcap", "uv": [ 1.0, 11.0, 1.5, 12.0 ] },
						"up": { "texture": "#saffronmilkcap", "uv": [ 0.0, 0.0, 0.5, 0.5 ], "enabled": false },
						"down": { "texture": "#saffronmilkcap", "uv": [ 0.5, 14.5, 1.0, 15.0 ] }
					},
					"children": [
						{
							"name": "Cap27",
							"from": [ -0.7, 1.5, -0.7 ], 
							"to": [ 1.3, 2.1, 1.3 ], 
							"rotationOrigin": [ 0.3, 1.5, 0.2 ],
							"rotationX": -6.0,
							"rotationY": 6.0,
							"rotationZ": 14.0,
							"faces": {
								"north": { "texture": "#saffronmilkcap", "uv": [ 5.5, 5.5, 7.5, 6.0 ] },
								"east": { "texture": "#saffronmilkcap", "uv": [ 5.5, 5.5, 7.5, 6.0 ] },
								"south": { "texture": "#saffronmilkcap", "uv": [ 4.5, 5.0, 6.5, 5.5 ] },
								"west": { "texture": "#saffronmilkcap", "uv": [ 6.5, 5.5, 8.5, 6.0 ] },
								"up": { "texture": "#saffronmilkcap", "uv": [ 10.5, 9.0, 12.5, 11.0 ] },
								"down": { "texture": "#gills", "uv": [ 8.5, 9.0, 10.5, 11.0 ] }
							}
						},
						{
							"name": "ring28",
							"from": [ -0.2, 0.9, -0.2 ], 
							"to": [ 0.8, 1.9, 0.8 ], 
							"rotationOrigin": [ 0.3, 0.9, 0.3 ],
							"rotationX": -3.0,
							"rotationY": 19.0,
							"faces": {
								"north": { "texture": "#saffronmilkcap", "uv": [ 0.5, 7.5, 1.5, 8.5 ] },
								"east": { "texture": "#saffronmilkcap", "uv": [ 1.0, 8.0, 2.0, 9.0 ] },
								"south": { "texture": "#saffronmilkcap", "uv": [ 1.5, 7.0, 2.5, 8.0 ] },
								"west": { "texture": "#saffronmilkcap", "uv": [ 0.5, 5.0, 1.5, 6.0 ] },
								"up": { "texture": "#saffronmilkcap", "uv": [ 0.0, 0.0, 1.0, 1.0 ], "enabled": false },
								"down": { "texture": "#saffronmilkcap", "uv": [ 0.0, 0.0, 1.0, 1.0 ] }
							}
						}
					]
				},
				{
					"name": "stem29",
					"from": [ -1.5, -0.4, -3.5 ], 
					"to": [ -0.7, 1.1, -2.7 ], 
					"rotationOrigin": [ -1.0, -0.4, -3.0 ],
					"rotationX": -22.0,
					"rotationZ": 9.0,
					"faces": {
						"north": { "texture": "#saffronmilkcap", "uv": [ 1.0, 10.0, 1.5, 11.5 ] },
						"east": { "texture": "#saffronmilkcap", "uv": [ 1.5, 11.0, 2.0, 12.5 ] },
						"south": { "texture": "#saffronmilkcap", "uv": [ 1.0, 11.0, 1.5, 12.5 ] },
						"west": { "texture": "#saffronmilkcap", "uv": [ 1.0, 11.0, 1.5, 12.5 ] },
						"up": { "texture": "#saffronmilkcap", "uv": [ 0.0, 0.0, 0.5, 0.5 ], "enabled": false },
						"down": { "texture": "#saffronmilkcap", "uv": [ 0.5, 14.5, 1.0, 15.0 ] }
					},
					"children": [
						{
							"name": "Cap30",
							"from": [ -0.4, 2.3, -0.9 ], 
							"to": [ 2.1, 2.9, 1.6 ], 
							"rotationOrigin": [ 0.7, 2.3, 0.4 ],
							"rotationX": 8.0,
							"rotationY": 14.0,
							"rotationZ": -8.0,
							"faces": {
								"north": { "texture": "#saffronmilkcap", "uv": [ 5.5, 5.5, 8.0, 6.0 ] },
								"east": { "texture": "#saffronmilkcap", "uv": [ 5.5, 5.5, 8.0, 6.0 ] },
								"south": { "texture": "#saffronmilkcap", "uv": [ 4.5, 5.0, 7.0, 5.5 ] },
								"west": { "texture": "#saffronmilkcap", "uv": [ 6.5, 5.5, 9.0, 6.0 ] },
								"up": { "texture": "#saffronmilkcap", "uv": [ 10.5, 9.0, 13.0, 11.5 ] },
								"down": { "texture": "#gills", "uv": [ 8.5, 9.0, 11.0, 11.5 ] }
							}
						},
						{
							"name": "ring31",
							"from": [ -0.3, 1.1, -0.3 ], 
							"to": [ 1.1, 2.6, 1.1 ], 
							"rotationOrigin": [ 0.4, 1.1, 0.4 ],
							"rotationX": 6.0,
							"rotationZ": -14.0,
							"faces": {
								"north": { "texture": "#saffronmilkcap", "uv": [ 0.5, 7.5, 1.5, 9.0 ] },
								"east": { "texture": "#saffronmilkcap", "uv": [ 1.0, 8.0, 2.0, 9.5 ] },
								"south": { "texture": "#saffronmilkcap", "uv": [ 1.5, 7.0, 2.5, 8.5 ] },
								"west": { "texture": "#saffronmilkcap", "uv": [ 0.5, 5.0, 1.5, 6.5 ] },
								"up": { "texture": "#saffronmilkcap", "uv": [ 0.0, 0.0, 1.0, 1.0 ], "enabled": false },
								"down": { "texture": "#saffronmilkcap", "uv": [ 0.0, 0.0, 1.0, 1.0 ] }
							}
						}
					]
				},
				{
					"name": "voxel1",
					"from": [ 0.2, 0.0, -1.5 ], 
					"to": [ 1.2, 0.5, -0.5 ], 
					"rotationOrigin": [ 0.7, 0.0, -1.0 ],
					"rotationY": -36.0,
					"faces": {
						"north": { "texture": "#saffronmilkcap", "uv": [ 0.0, 0.0, 1.0, 0.5 ] },
						"east": { "texture": "#saffronmilkcap", "uv": [ 0.0, 0.0, 1.0, 0.5 ] },
						"south": { "texture": "#saffronmilkcap", "uv": [ 0.0, 0.0, 1.0, 0.5 ] },
						"west": { "texture": "#saffronmilkcap", "uv": [ 0.0, 0.0, 1.0, 0.5 ] },
						"up": { "texture": "#saffronmilkcap", "uv": [ 0.0, 0.0, 1.0, 1.0 ] },
						"down": { "texture": "#saffronmilkcap", "uv": [ 0.0, 0.0, 1.0, 1.0 ] }
					}
				},
				{
					"name": "voxel33",
					"from": [ -1.8, 0.0, 1.5 ], 
					"to": [ -0.8, 0.5, 2.5 ], 
					"rotationOrigin": [ -1.3, 0.0, 2.0 ],
					"rotationY": 14.0,
					"faces": {
						"north": { "texture": "#saffronmilkcap", "uv": [ 0.0, 0.0, 1.0, 0.5 ] },
						"east": { "texture": "#saffronmilkcap", "uv": [ 0.0, 0.0, 1.0, 0.5 ] },
						"south": { "texture": "#saffronmilkcap", "uv": [ 0.0, 0.0, 1.0, 0.5 ] },
						"west": { "texture": "#saffronmilkcap", "uv": [ 0.0, 0.0, 1.0, 0.5 ] },
						"up": { "texture": "#saffronmilkcap", "uv": [ 0.0, 0.0, 1.0, 1.0 ] },
						"down": { "texture": "#saffronmilkcap", "uv": [ 0.0, 0.0, 1.0, 1.0 ] }
					}
				},
				{
					"name": "voxel34",
					"from": [ -4.8, 0.0, -4.5 ], 
					"to": [ -3.8, 0.5, -3.5 ], 
					"rotationOrigin": [ -4.3, 0.0, -4.0 ],
					"rotationY": -17.0,
					"faces": {
						"north": { "texture": "#saffronmilkcap", "uv": [ 0.0, 0.0, 1.0, 0.5 ] },
						"east": { "texture": "#saffronmilkcap", "uv": [ 0.0, 0.0, 1.0, 0.5 ] },
						"south": { "texture": "#saffronmilkcap", "uv": [ 0.0, 0.0, 1.0, 0.5 ] },
						"west": { "texture": "#saffronmilkcap", "uv": [ 0.0, 0.0, 1.0, 0.5 ] },
						"up": { "texture": "#saffronmilkcap", "uv": [ 0.0, 0.0, 1.0, 1.0 ] },
						"down": { "texture": "#saffronmilkcap", "uv": [ 0.0, 0.0, 1.0, 1.0 ] }
					}
				},
				{
					"name": "voxel35",
					"from": [ 2.2, 0.0, -3.5 ], 
					"to": [ 3.2, 0.5, -2.5 ], 
					"rotationOrigin": [ 2.7, 0.0, -3.0 ],
					"rotationY": -8.0,
					"faces": {
						"north": { "texture": "#saffronmilkcap", "uv": [ 0.0, 0.0, 1.0, 0.5 ] },
						"east": { "texture": "#saffronmilkcap", "uv": [ 0.0, 0.0, 1.0, 0.5 ] },
						"south": { "texture": "#saffronmilkcap", "uv": [ 0.0, 0.0, 1.0, 0.5 ] },
						"west": { "texture": "#saffronmilkcap", "uv": [ 0.0, 0.0, 1.0, 0.5 ] },
						"up": { "texture": "#saffronmilkcap", "uv": [ 0.0, 0.0, 1.0, 1.0 ] },
						"down": { "texture": "#saffronmilkcap", "uv": [ 0.0, 0.0, 1.0, 1.0 ] }
					}
				},
				{
					"name": "mycelium",
					"from": [ -5.0, 0.1, -5.0 ], 
					"to": [ 5.0, 0.1, 5.0 ], 
					"renderPass": 3,
					"rotationOrigin": [ 0.0, 0.1, 0.0 ],
					"faces": {
						"north": { "texture": "#saffronmilkcap", "uv": [ 0.0, 0.0, 10.0, 0.5 ], "enabled": false },
						"east": { "texture": "#saffronmilkcap", "uv": [ 0.0, 0.0, 10.0, 0.5 ], "enabled": false },
						"south": { "texture": "#saffronmilkcap", "uv": [ 0.0, 0.0, 10.0, 0.5 ], "enabled": false },
						"west": { "texture": "#saffronmilkcap", "uv": [ 0.0, 0.0, 10.0, 0.5 ], "enabled": false },
						"up": { "texture": "#mycelium3", "uv": [ 3.0, 3.0, 13.0, 13.0 ] },
						"down": { "texture": "#saffronmilkcap", "uv": [ 0.0, 0.0, 10.0, 10.0 ], "enabled": false }
					}
				}
			]
		},
		{
			"name": "origin37",
			"from": [ 24.0, 0.0, 8.0 ], 
			"to": [ 24.0, 0.0, 8.0 ], 
			"rotationOrigin": [ 24.0, 0.0, 8.0 ],
			"rotationY": -180.0,
			"faces": {
				"north": { "texture": "#null", "uv": [ 0.0, 0.0, 0.5, 0.5 ], "enabled": false },
				"east": { "texture": "#null", "uv": [ 0.0, 0.0, 0.5, 0.5 ], "enabled": false },
				"south": { "texture": "#null", "uv": [ 0.0, 0.0, 0.5, 0.5 ], "enabled": false },
				"west": { "texture": "#null", "uv": [ 0.0, 0.0, 0.5, 0.5 ], "enabled": false },
				"up": { "texture": "#null", "uv": [ 0.0, 0.0, 0.5, 0.5 ], "enabled": false },
				"down": { "texture": "#null", "uv": [ 0.0, 0.0, 0.5, 0.5 ], "enabled": false }
			},
			"children": [
				{
					"name": "stem38",
					"from": [ 3.5, -0.5, -0.5 ], 
					"to": [ 4.5, 1.5, 0.5 ], 
					"rotationOrigin": [ 4.0, -0.5, 0.0 ],
					"rotationX": -6.0,
					"rotationZ": -25.0,
					"faces": {
						"north": { "texture": "#saffronmilkcap", "uv": [ 1.0, 10.0, 2.0, 12.0 ] },
						"east": { "texture": "#saffronmilkcap", "uv": [ 1.5, 11.0, 2.5, 13.0 ] },
						"south": { "texture": "#saffronmilkcap", "uv": [ 1.0, 11.0, 2.0, 13.0 ] },
						"west": { "texture": "#saffronmilkcap", "uv": [ 1.0, 11.0, 2.0, 13.0 ] },
						"up": { "texture": "#saffronmilkcap", "uv": [ 0.0, 0.0, 1.0, 1.0 ], "enabled": false },
						"down": { "texture": "#saffronmilkcap", "uv": [ 0.5, 14.5, 1.5, 15.5 ] }
					},
					"children": [
						{
							"name": "Cap39",
							"from": [ -1.3, 3.0, -1.0 ], 
							"to": [ 1.7, 4.0, 2.0 ], 
							"rotationOrigin": [ 0.2, 3.0, 0.5 ],
							"rotationY": 14.0,
							"faces": {
								"north": { "texture": "#saffronmilkcap", "uv": [ 5.5, 5.5, 8.5, 6.5 ] },
								"east": { "texture": "#saffronmilkcap", "uv": [ 5.5, 5.5, 8.5, 6.5 ] },
								"south": { "texture": "#saffronmilkcap", "uv": [ 4.5, 5.0, 7.5, 6.0 ] },
								"west": { "texture": "#saffronmilkcap", "uv": [ 6.5, 5.5, 9.5, 6.5 ] },
								"up": { "texture": "#saffronmilkcap", "uv": [ 5.5, 1.0, 8.5, 4.0 ] },
								"down": { "texture": "#gills", "uv": [ 8.5, 9.0, 11.5, 12.0 ] }
							}
						},
						{
							"name": "gillsE40",
							"from": [ 1.0, 1.6, 0.0 ], 
							"to": [ 2.4, 2.3, 1.0 ], 
							"rotationOrigin": [ 0.6, 1.6, 0.5 ],
							"rotationZ": 55.0,
							"faces": {
								"north": { "texture": "#gills", "uv": [ 9.0, 13.0, 10.0, 13.5 ] },
								"east": { "texture": "#gills", "uv": [ 8.5, 10.5, 9.5, 11.0 ], "enabled": false },
								"south": { "texture": "#gills", "uv": [ 9.0, 10.5, 10.0, 11.0 ] },
								"west": { "texture": "#gills", "uv": [ 11.5, 11.5, 12.5, 12.0 ], "enabled": false },
								"up": { "texture": "#gills", "uv": [ 10.0, 10.0, 11.0, 11.0 ], "enabled": false },
								"down": { "texture": "#gills", "uv": [ 10.5, 9.5, 11.5, 10.5 ] }
							}
						},
						{
							"name": "gillsW41",
							"from": [ -2.0, 1.6, 0.0 ], 
							"to": [ 0.0, 2.6, 1.0 ], 
							"rotationOrigin": [ 0.0, 1.6, 0.5 ],
							"rotationZ": -45.0,
							"faces": {
								"north": { "texture": "#gills", "uv": [ 11.5, 12.5, 13.5, 13.5 ] },
								"east": { "texture": "#gills", "uv": [ 10.5, 10.5, 11.5, 11.5 ], "enabled": false },
								"south": { "texture": "#gills", "uv": [ 10.5, 10.5, 12.5, 11.5 ] },
								"west": { "texture": "#gills", "uv": [ 9.0, 10.5, 10.0, 11.5 ], "enabled": false },
								"up": { "texture": "#gills", "uv": [ 10.0, 11.0, 12.0, 12.0 ], "enabled": false },
								"down": { "texture": "#gills", "uv": [ 12.0, 12.5, 14.0, 13.5 ] }
							}
						},
						{
							"name": "gillsS42",
							"from": [ -0.1, 1.6, 0.6 ], 
							"to": [ 0.9, 2.1, 2.6 ], 
							"rotationOrigin": [ 0.4, 1.6, 0.6 ],
							"rotationX": -45.0,
							"faces": {
								"north": { "texture": "#gills", "uv": [ 10.0, 9.0, 11.0, 9.5 ], "enabled": false },
								"east": { "texture": "#gills", "uv": [ 12.0, 10.0, 14.0, 10.5 ] },
								"south": { "texture": "#gills", "uv": [ 5.5, 6.0, 6.5, 6.5 ], "enabled": false },
								"west": { "texture": "#gills", "uv": [ 11.5, 11.5, 13.5, 12.0 ] },
								"up": { "texture": "#gills", "uv": [ 0.0, 0.0, 1.0, 2.0 ], "enabled": false },
								"down": { "texture": "#gills", "uv": [ 11.0, 10.5, 12.0, 12.5 ] }
							}
						},
						{
							"name": "gillsN43",
							"from": [ -0.2, 1.6, -1.6 ], 
							"to": [ 0.8, 2.1, 0.4 ], 
							"rotationOrigin": [ 0.3, 1.6, 0.4 ],
							"rotationX": 45.0,
							"faces": {
								"north": { "texture": "#gills", "uv": [ 0.0, 0.0, 1.0, 0.5 ], "enabled": false },
								"east": { "texture": "#gills", "uv": [ 11.0, 12.0, 13.0, 12.5 ] },
								"south": { "texture": "#gills", "uv": [ 0.0, 0.0, 1.0, 0.5 ], "enabled": false },
								"west": { "texture": "#gills", "uv": [ 12.0, 11.0, 14.0, 11.5 ] },
								"up": { "texture": "#gills", "uv": [ 5.5, 1.5, 6.5, 3.5 ], "enabled": false },
								"down": { "texture": "#gills", "uv": [ 11.0, 10.0, 12.0, 12.0 ] }
							}
						},
						{
							"name": "ring44",
							"from": [ -0.1, 1.8, -0.1 ], 
							"to": [ 1.1, 3.3, 1.1 ], 
							"rotationOrigin": [ 0.5, 1.8, 0.5 ],
							"rotationZ": 19.0,
							"faces": {
								"north": { "texture": "#saffronmilkcap", "uv": [ 0.5, 7.5, 1.5, 9.0 ] },
								"east": { "texture": "#saffronmilkcap", "uv": [ 1.0, 8.0, 2.0, 9.5 ] },
								"south": { "texture": "#saffronmilkcap", "uv": [ 1.5, 7.0, 2.5, 8.5 ] },
								"west": { "texture": "#saffronmilkcap", "uv": [ 0.5, 5.0, 1.5, 6.5 ] },
								"up": { "texture": "#saffronmilkcap", "uv": [ 0.0, 0.0, 1.0, 1.0 ], "enabled": false },
								"down": { "texture": "#saffronmilkcap", "uv": [ 0.0, 0.0, 1.0, 1.0 ] }
							}
						}
					]
				},
				{
					"name": "stem45",
					"from": [ -3.5, -0.3, 1.5 ], 
					"to": [ -2.1, 1.2, 2.9 ], 
					"rotationOrigin": [ -3.0, -0.3, 2.0 ],
					"rotationX": 14.0,
					"rotationZ": 14.0,
					"faces": {
						"north": { "texture": "#saffronmilkcap", "uv": [ 1.0, 10.0, 2.0, 11.5 ] },
						"east": { "texture": "#saffronmilkcap", "uv": [ 1.5, 11.0, 2.5, 12.5 ] },
						"south": { "texture": "#saffronmilkcap", "uv": [ 1.0, 11.0, 2.0, 12.5 ] },
						"west": { "texture": "#saffronmilkcap", "uv": [ 1.0, 11.0, 2.0, 12.5 ] },
						"up": { "texture": "#saffronmilkcap", "uv": [ 0.0, 0.0, 1.0, 1.0 ], "enabled": false },
						"down": { "texture": "#saffronmilkcap", "uv": [ 0.5, 14.5, 1.5, 15.5 ] }
					},
					"children": [
						{
							"name": "Cap46",
							"from": [ -2.0, 3.0, -2.0 ], 
							"to": [ 3.0, 4.1, 3.0 ], 
							"rotationOrigin": [ 0.5, 3.0, 0.5 ],
							"rotationY": -78.0,
							"faces": {
								"north": { "texture": "#saffronmilkcap", "uv": [ 5.5, 5.5, 10.5, 6.5 ] },
								"east": { "texture": "#saffronmilkcap", "uv": [ 5.5, 5.5, 10.5, 6.5 ] },
								"south": { "texture": "#saffronmilkcap", "uv": [ 4.5, 5.0, 9.5, 6.0 ] },
								"west": { "texture": "#saffronmilkcap", "uv": [ 6.5, 5.5, 11.5, 6.5 ] },
								"up": { "texture": "#saffronmilkcap", "uv": [ 10.0, 1.0, 15.0, 6.0 ] },
								"down": { "texture": "#gills", "uv": [ 8.5, 9.0, 13.5, 14.0 ] }
							}
						},
						{
							"name": "gillsE47",
							"from": [ 1.6, 1.6, 0.0 ], 
							"to": [ 3.6, 3.1, 1.5 ], 
							"rotationOrigin": [ 1.6, 1.6, 0.5 ],
							"rotationZ": 45.0,
							"faces": {
								"north": { "texture": "#gills", "uv": [ 9.0, 13.0, 11.0, 14.5 ] },
								"east": { "texture": "#gills", "uv": [ 8.5, 10.5, 10.0, 12.0 ], "enabled": false },
								"south": { "texture": "#gills", "uv": [ 9.0, 10.5, 11.0, 12.0 ] },
								"west": { "texture": "#gills", "uv": [ 11.5, 11.5, 13.0, 13.0 ], "enabled": false },
								"up": { "texture": "#gills", "uv": [ 10.0, 10.0, 12.0, 11.5 ], "enabled": false },
								"down": { "texture": "#gills", "uv": [ 10.5, 9.5, 12.5, 11.0 ] }
							}
						},
						{
							"name": "gillsW48",
							"from": [ -2.2, 1.6, 0.0 ], 
							"to": [ -0.2, 3.1, 1.5 ], 
							"rotationOrigin": [ -0.2, 1.6, 0.5 ],
							"rotationZ": -45.0,
							"faces": {
								"north": { "texture": "#gills", "uv": [ 11.5, 12.5, 13.5, 14.0 ] },
								"east": { "texture": "#gills", "uv": [ 10.5, 10.5, 12.0, 12.0 ], "enabled": false },
								"south": { "texture": "#gills", "uv": [ 10.5, 10.5, 12.5, 12.0 ] },
								"west": { "texture": "#gills", "uv": [ 9.0, 10.5, 10.5, 12.0 ], "enabled": false },
								"up": { "texture": "#gills", "uv": [ 10.0, 11.0, 12.0, 12.5 ], "enabled": false },
								"down": { "texture": "#gills", "uv": [ 12.0, 12.5, 14.0, 14.0 ] }
							}
						},
						{
							"name": "gillsS49",
							"from": [ 0.0, 1.6, 1.6 ], 
							"to": [ 1.5, 3.1, 3.6 ], 
							"rotationOrigin": [ 0.5, 1.6, 1.6 ],
							"rotationX": -45.0,
							"faces": {
								"north": { "texture": "#gills", "uv": [ 10.0, 9.0, 11.5, 10.5 ], "enabled": false },
								"east": { "texture": "#gills", "uv": [ 12.0, 10.0, 14.0, 11.5 ] },
								"south": { "texture": "#gills", "uv": [ 5.5, 6.0, 7.0, 7.5 ], "enabled": false },
								"west": { "texture": "#gills", "uv": [ 11.5, 11.5, 13.5, 13.0 ] },
								"up": { "texture": "#gills", "uv": [ 0.0, 0.0, 1.5, 2.0 ], "enabled": false },
								"down": { "texture": "#gills", "uv": [ 11.0, 10.5, 12.5, 12.5 ] }
							}
						},
						{
							"name": "gillsN50",
							"from": [ 0.0, 1.6, -2.2 ], 
							"to": [ 1.5, 3.1, -0.2 ], 
							"rotationOrigin": [ 0.5, 1.6, -0.2 ],
							"rotationX": 45.0,
							"faces": {
								"north": { "texture": "#gills", "uv": [ 0.0, 0.0, 1.5, 1.5 ], "enabled": false },
								"east": { "texture": "#gills", "uv": [ 11.0, 12.0, 13.0, 13.5 ] },
								"south": { "texture": "#gills", "uv": [ 0.0, 0.0, 1.5, 1.5 ], "enabled": false },
								"west": { "texture": "#gills", "uv": [ 12.0, 11.0, 14.0, 12.5 ] },
								"up": { "texture": "#gills", "uv": [ 5.5, 1.5, 7.0, 3.5 ], "enabled": false },
								"down": { "texture": "#gills", "uv": [ 11.0, 10.0, 12.5, 12.0 ] }
							}
						},
						{
							"name": "ring51",
							"from": [ -0.3, 1.5, -0.3 ], 
							"to": [ 1.7, 3.0, 1.7 ], 
							"rotationOrigin": [ 0.5, 1.5, 0.5 ],
							"faces": {
								"north": { "texture": "#saffronmilkcap", "uv": [ 0.5, 7.5, 2.5, 9.0 ] },
								"east": { "texture": "#saffronmilkcap", "uv": [ 1.0, 8.0, 3.0, 9.5 ] },
								"south": { "texture": "#saffronmilkcap", "uv": [ 1.5, 7.0, 3.5, 8.5 ] },
								"west": { "texture": "#saffronmilkcap", "uv": [ 0.5, 5.0, 2.5, 6.5 ] },
								"up": { "texture": "#saffronmilkcap", "uv": [ 0.0, 0.0, 2.0, 2.0 ], "enabled": false },
								"down": { "texture": "#saffronmilkcap", "uv": [ 0.0, 0.0, 2.0, 2.0 ] }
							}
						}
					]
				},
				{
					"name": "stem52",
					"from": [ 1.5, -0.2, 0.5 ], 
					"to": [ 2.5, 2.3, 1.5 ], 
					"rotationOrigin": [ 2.0, -0.2, 1.0 ],
					"rotationX": 7.0,
					"rotationY": 36.0,
					"faces": {
						"north": { "texture": "#saffronmilkcap", "uv": [ 1.0, 10.0, 2.0, 12.5 ] },
						"east": { "texture": "#saffronmilkcap", "uv": [ 1.5, 11.0, 2.5, 13.5 ] },
						"south": { "texture": "#saffronmilkcap", "uv": [ 1.0, 11.0, 2.0, 13.5 ] },
						"west": { "texture": "#saffronmilkcap", "uv": [ 1.0, 11.0, 2.0, 13.5 ] },
						"up": { "texture": "#saffronmilkcap", "uv": [ 0.0, 0.0, 1.0, 1.0 ], "enabled": false },
						"down": { "texture": "#saffronmilkcap", "uv": [ 0.5, 14.5, 1.5, 15.5 ] }
					},
					"children": [
						{
							"name": "Cap53",
							"from": [ -1.5, 3.8, -1.5 ], 
							"to": [ 2.5, 4.8, 2.5 ], 
							"rotationOrigin": [ 0.5, 3.8, 0.5 ],
							"rotationX": 9.0,
							"rotationY": 11.0,
							"faces": {
								"north": { "texture": "#saffronmilkcap", "uv": [ 5.5, 5.5, 9.5, 6.5 ] },
								"east": { "texture": "#saffronmilkcap", "uv": [ 5.5, 5.5, 9.5, 6.5 ] },
								"south": { "texture": "#saffronmilkcap", "uv": [ 4.5, 5.0, 8.5, 6.0 ] },
								"west": { "texture": "#saffronmilkcap", "uv": [ 6.5, 5.5, 10.5, 6.5 ] },
								"up": { "texture": "#saffronmilkcap", "uv": [ 5.5, 1.0, 9.5, 5.0 ] },
								"down": { "texture": "#gills", "uv": [ 8.5, 9.0, 12.5, 13.0 ] }
							}
						},
						{
							"name": "gillsE54",
							"from": [ 0.6, 2.6, 0.0 ], 
							"to": [ 2.6, 3.1, 1.0 ], 
							"rotationOrigin": [ 0.6, 2.6, 0.5 ],
							"rotationZ": 45.0,
							"faces": {
								"north": { "texture": "#gills", "uv": [ 9.0, 13.0, 11.0, 13.5 ] },
								"east": { "texture": "#gills", "uv": [ 8.5, 10.5, 9.5, 11.0 ], "enabled": false },
								"south": { "texture": "#gills", "uv": [ 9.0, 10.5, 11.0, 11.0 ] },
								"west": { "texture": "#gills", "uv": [ 11.5, 11.5, 12.5, 12.0 ], "enabled": false },
								"up": { "texture": "#gills", "uv": [ 10.0, 10.0, 12.0, 11.0 ], "enabled": false },
								"down": { "texture": "#gills", "uv": [ 10.5, 9.5, 12.5, 10.5 ] }
							}
						},
						{
							"name": "gillsW55",
							"from": [ -1.6, 2.6, 0.0 ], 
							"to": [ 0.4, 3.1, 1.0 ], 
							"rotationOrigin": [ 0.4, 2.6, 0.5 ],
							"rotationZ": -45.0,
							"faces": {
								"north": { "texture": "#gills", "uv": [ 11.5, 12.5, 13.5, 13.0 ] },
								"east": { "texture": "#gills", "uv": [ 10.5, 10.5, 11.5, 11.0 ], "enabled": false },
								"south": { "texture": "#gills", "uv": [ 10.5, 10.5, 12.5, 11.0 ] },
								"west": { "texture": "#gills", "uv": [ 9.0, 10.5, 10.0, 11.0 ], "enabled": false },
								"up": { "texture": "#gills", "uv": [ 10.0, 11.0, 12.0, 12.0 ], "enabled": false },
								"down": { "texture": "#gills", "uv": [ 12.0, 12.5, 14.0, 13.5 ] }
							}
						},
						{
							"name": "gillsS56",
							"from": [ 0.0, 2.6, 0.6 ], 
							"to": [ 1.0, 3.1, 2.6 ], 
							"rotationOrigin": [ 0.5, 2.6, 0.6 ],
							"rotationX": -45.0,
							"faces": {
								"north": { "texture": "#gills", "uv": [ 10.0, 9.0, 11.0, 9.5 ], "enabled": false },
								"east": { "texture": "#gills", "uv": [ 12.0, 10.0, 14.0, 10.5 ] },
								"south": { "texture": "#gills", "uv": [ 5.5, 6.0, 6.5, 6.5 ], "enabled": false },
								"west": { "texture": "#gills", "uv": [ 11.5, 11.5, 13.5, 12.0 ] },
								"up": { "texture": "#gills", "uv": [ 0.0, 0.0, 1.0, 2.0 ], "enabled": false },
								"down": { "texture": "#gills", "uv": [ 11.0, 10.5, 12.0, 12.5 ] }
							}
						},
						{
							"name": "gillsN57",
							"from": [ 0.0, 2.6, -1.6 ], 
							"to": [ 1.0, 3.1, 0.4 ], 
							"rotationOrigin": [ 0.5, 2.6, 0.4 ],
							"rotationX": 45.0,
							"faces": {
								"north": { "texture": "#gills", "uv": [ 0.0, 0.0, 1.0, 0.5 ], "enabled": false },
								"east": { "texture": "#gills", "uv": [ 11.0, 12.0, 13.0, 12.5 ] },
								"south": { "texture": "#gills", "uv": [ 0.0, 0.0, 1.0, 0.5 ], "enabled": false },
								"west": { "texture": "#gills", "uv": [ 12.0, 11.0, 14.0, 11.5 ] },
								"up": { "texture": "#gills", "uv": [ 5.5, 1.5, 6.5, 3.5 ], "enabled": false },
								"down": { "texture": "#gills", "uv": [ 11.0, 10.0, 12.0, 12.0 ] }
							}
						},
						{
							"name": "ring58",
							"from": [ -0.1, 1.5, -0.1 ], 
							"to": [ 1.1, 4.0, 1.1 ], 
							"rotationOrigin": [ 0.5, 1.5, 0.5 ],
							"faces": {
								"north": { "texture": "#saffronmilkcap", "uv": [ 0.5, 7.5, 1.5, 10.0 ] },
								"east": { "texture": "#saffronmilkcap", "uv": [ 1.0, 8.0, 2.0, 10.5 ] },
								"south": { "texture": "#saffronmilkcap", "uv": [ 1.5, 7.0, 2.5, 9.5 ] },
								"west": { "texture": "#saffronmilkcap", "uv": [ 0.5, 5.0, 1.5, 7.5 ] },
								"up": { "texture": "#saffronmilkcap", "uv": [ 0.0, 0.0, 1.0, 1.0 ], "enabled": false },
								"down": { "texture": "#saffronmilkcap", "uv": [ 0.0, 0.0, 1.0, 1.0 ] }
							}
						}
					]
				},
				{
					"name": "stem59",
					"from": [ -3.5, -0.2, -1.5 ], 
					"to": [ -2.9, 1.3, -0.9 ], 
					"rotationOrigin": [ -3.0, -0.2, -1.0 ],
					"rotationX": 7.0,
					"rotationZ": 9.0,
					"faces": {
						"north": { "texture": "#saffronmilkcap", "uv": [ 1.0, 10.0, 1.5, 11.5 ] },
						"east": { "texture": "#saffronmilkcap", "uv": [ 1.5, 11.0, 2.0, 12.5 ] },
						"south": { "texture": "#saffronmilkcap", "uv": [ 1.0, 11.0, 1.5, 12.5 ] },
						"west": { "texture": "#saffronmilkcap", "uv": [ 1.0, 11.0, 1.5, 12.5 ] },
						"up": { "texture": "#saffronmilkcap", "uv": [ 0.0, 0.0, 0.5, 0.5 ], "enabled": false },
						"down": { "texture": "#saffronmilkcap", "uv": [ 0.5, 14.5, 1.0, 15.0 ] }
					},
					"children": [
						{
							"name": "Cap60",
							"from": [ -0.7, 2.6, -0.5 ], 
							"to": [ 1.3, 3.2, 1.5 ], 
							"rotationOrigin": [ 0.3, 2.6, 0.5 ],
							"rotationX": -6.0,
							"rotationY": 6.0,
							"rotationZ": -8.0,
							"faces": {
								"north": { "texture": "#saffronmilkcap", "uv": [ 5.5, 5.5, 7.5, 6.0 ] },
								"east": { "texture": "#saffronmilkcap", "uv": [ 5.5, 5.5, 7.5, 6.0 ] },
								"south": { "texture": "#saffronmilkcap", "uv": [ 4.5, 5.0, 6.5, 5.5 ] },
								"west": { "texture": "#saffronmilkcap", "uv": [ 6.5, 5.5, 8.5, 6.0 ] },
								"up": { "texture": "#saffronmilkcap", "uv": [ 10.5, 9.0, 12.5, 11.0 ] },
								"down": { "texture": "#gills", "uv": [ 8.5, 9.0, 10.5, 11.0 ] }
							}
						},
						{
							"name": "ring61",
							"from": [ -0.2, 1.3, -0.2 ], 
							"to": [ 0.8, 2.8, 0.8 ], 
							"rotationOrigin": [ 0.3, 1.3, 0.3 ],
							"rotationX": 6.0,
							"faces": {
								"north": { "texture": "#saffronmilkcap", "uv": [ 0.5, 7.5, 1.5, 9.0 ] },
								"east": { "texture": "#saffronmilkcap", "uv": [ 1.0, 8.0, 2.0, 9.5 ] },
								"south": { "texture": "#saffronmilkcap", "uv": [ 1.5, 7.0, 2.5, 8.5 ] },
								"west": { "texture": "#saffronmilkcap", "uv": [ 0.5, 5.0, 1.5, 6.5 ] },
								"up": { "texture": "#saffronmilkcap", "uv": [ 0.0, 0.0, 1.0, 1.0 ], "enabled": false },
								"down": { "texture": "#saffronmilkcap", "uv": [ 0.0, 0.0, 1.0, 1.0 ] }
							}
						}
					]
				},
				{
					"name": "stem62",
					"from": [ 0.5, -0.2, 3.5 ], 
					"to": [ 1.1, 0.8, 4.1 ], 
					"rotationOrigin": [ 1.0, -0.2, 4.0 ],
					"rotationX": 10.0,
					"faces": {
						"north": { "texture": "#saffronmilkcap", "uv": [ 1.0, 10.0, 1.5, 11.0 ] },
						"east": { "texture": "#saffronmilkcap", "uv": [ 1.5, 11.0, 2.0, 12.0 ] },
						"south": { "texture": "#saffronmilkcap", "uv": [ 1.0, 11.0, 1.5, 12.0 ] },
						"west": { "texture": "#saffronmilkcap", "uv": [ 1.0, 11.0, 1.5, 12.0 ] },
						"up": { "texture": "#saffronmilkcap", "uv": [ 0.0, 0.0, 0.5, 0.5 ], "enabled": false },
						"down": { "texture": "#saffronmilkcap", "uv": [ 0.5, 14.5, 1.0, 15.0 ] }
					},
					"children": [
						{
							"name": "Cap63",
							"from": [ -0.7, 1.5, -0.7 ], 
							"to": [ 1.3, 2.1, 1.3 ], 
							"rotationOrigin": [ 0.3, 1.5, 0.2 ],
							"rotationX": -6.0,
							"rotationY": 6.0,
							"rotationZ": 14.0,
							"faces": {
								"north": { "texture": "#saffronmilkcap", "uv": [ 5.5, 5.5, 7.5, 6.0 ] },
								"east": { "texture": "#saffronmilkcap", "uv": [ 5.5, 5.5, 7.5, 6.0 ] },
								"south": { "texture": "#saffronmilkcap", "uv": [ 4.5, 5.0, 6.5, 5.5 ] },
								"west": { "texture": "#saffronmilkcap", "uv": [ 6.5, 5.5, 8.5, 6.0 ] },
								"up": { "texture": "#saffronmilkcap", "uv": [ 10.5, 9.0, 12.5, 11.0 ] },
								"down": { "texture": "#gills", "uv": [ 8.5, 9.0, 10.5, 11.0 ] }
							}
						},
						{
							"name": "ring64",
							"from": [ -0.2, 0.9, -0.2 ], 
							"to": [ 0.8, 1.9, 0.8 ], 
							"rotationOrigin": [ 0.3, 0.9, 0.3 ],
							"rotationX": -3.0,
							"rotationY": 19.0,
							"faces": {
								"north": { "texture": "#saffronmilkcap", "uv": [ 0.5, 7.5, 1.5, 8.5 ] },
								"east": { "texture": "#saffronmilkcap", "uv": [ 1.0, 8.0, 2.0, 9.0 ] },
								"south": { "texture": "#saffronmilkcap", "uv": [ 1.5, 7.0, 2.5, 8.0 ] },
								"west": { "texture": "#saffronmilkcap", "uv": [ 0.5, 5.0, 1.5, 6.0 ] },
								"up": { "texture": "#saffronmilkcap", "uv": [ 0.0, 0.0, 1.0, 1.0 ], "enabled": false },
								"down": { "texture": "#saffronmilkcap", "uv": [ 0.0, 0.0, 1.0, 1.0 ] }
							}
						}
					]
				},
				{
					"name": "stem65",
					"from": [ -1.5, -0.4, -3.5 ], 
					"to": [ -0.7, 1.1, -2.7 ], 
					"rotationOrigin": [ -1.0, -0.4, -3.0 ],
					"rotationX": -22.0,
					"rotationZ": 9.0,
					"faces": {
						"north": { "texture": "#saffronmilkcap", "uv": [ 1.0, 10.0, 1.5, 11.5 ] },
						"east": { "texture": "#saffronmilkcap", "uv": [ 1.5, 11.0, 2.0, 12.5 ] },
						"south": { "texture": "#saffronmilkcap", "uv": [ 1.0, 11.0, 1.5, 12.5 ] },
						"west": { "texture": "#saffronmilkcap", "uv": [ 1.0, 11.0, 1.5, 12.5 ] },
						"up": { "texture": "#saffronmilkcap", "uv": [ 0.0, 0.0, 0.5, 0.5 ], "enabled": false },
						"down": { "texture": "#saffronmilkcap", "uv": [ 0.5, 14.5, 1.0, 15.0 ] }
					},
					"children": [
						{
							"name": "Cap66",
							"from": [ -0.4, 2.3, -0.9 ], 
							"to": [ 2.1, 2.9, 1.6 ], 
							"rotationOrigin": [ 0.7, 2.3, 0.4 ],
							"rotationX": 8.0,
							"rotationY": 14.0,
							"rotationZ": -8.0,
							"faces": {
								"north": { "texture": "#saffronmilkcap", "uv": [ 5.5, 5.5, 8.0, 6.0 ] },
								"east": { "texture": "#saffronmilkcap", "uv": [ 5.5, 5.5, 8.0, 6.0 ] },
								"south": { "texture": "#saffronmilkcap", "uv": [ 4.5, 5.0, 7.0, 5.5 ] },
								"west": { "texture": "#saffronmilkcap", "uv": [ 6.5, 5.5, 9.0, 6.0 ] },
								"up": { "texture": "#saffronmilkcap", "uv": [ 10.5, 9.0, 13.0, 11.5 ] },
								"down": { "texture": "#gills", "uv": [ 8.5, 9.0, 11.0, 11.5 ] }
							}
						},
						{
							"name": "ring67",
							"from": [ -0.3, 1.1, -0.3 ], 
							"to": [ 1.1, 2.6, 1.1 ], 
							"rotationOrigin": [ 0.4, 1.1, 0.4 ],
							"rotationX": 6.0,
							"rotationZ": -14.0,
							"faces": {
								"north": { "texture": "#saffronmilkcap", "uv": [ 0.5, 7.5, 1.5, 9.0 ] },
								"east": { "texture": "#saffronmilkcap", "uv": [ 1.0, 8.0, 2.0, 9.5 ] },
								"south": { "texture": "#saffronmilkcap", "uv": [ 1.5, 7.0, 2.5, 8.5 ] },
								"west": { "texture": "#saffronmilkcap", "uv": [ 0.5, 5.0, 1.5, 6.5 ] },
								"up": { "texture": "#saffronmilkcap", "uv": [ 0.0, 0.0, 1.0, 1.0 ], "enabled": false },
								"down": { "texture": "#saffronmilkcap", "uv": [ 0.0, 0.0, 1.0, 1.0 ] }
							}
						}
					]
				},
				{
					"name": "voxel68",
					"from": [ 0.2, 0.0, -1.5 ], 
					"to": [ 1.2, 0.5, -0.5 ], 
					"rotationOrigin": [ 0.7, 0.0, -1.0 ],
					"rotationY": -36.0,
					"faces": {
						"north": { "texture": "#saffronmilkcap", "uv": [ 0.0, 0.0, 1.0, 0.5 ] },
						"east": { "texture": "#saffronmilkcap", "uv": [ 0.0, 0.0, 1.0, 0.5 ] },
						"south": { "texture": "#saffronmilkcap", "uv": [ 0.0, 0.0, 1.0, 0.5 ] },
						"west": { "texture": "#saffronmilkcap", "uv": [ 0.0, 0.0, 1.0, 0.5 ] },
						"up": { "texture": "#saffronmilkcap", "uv": [ 0.0, 0.0, 1.0, 1.0 ] },
						"down": { "texture": "#saffronmilkcap", "uv": [ 0.0, 0.0, 1.0, 1.0 ] }
					}
				},
				{
					"name": "voxel69",
					"from": [ -1.8, 0.0, 1.5 ], 
					"to": [ -0.8, 0.5, 2.5 ], 
					"rotationOrigin": [ -1.3, 0.0, 2.0 ],
					"rotationY": 14.0,
					"faces": {
						"north": { "texture": "#saffronmilkcap", "uv": [ 0.0, 0.0, 1.0, 0.5 ] },
						"east": { "texture": "#saffronmilkcap", "uv": [ 0.0, 0.0, 1.0, 0.5 ] },
						"south": { "texture": "#saffronmilkcap", "uv": [ 0.0, 0.0, 1.0, 0.5 ] },
						"west": { "texture": "#saffronmilkcap", "uv": [ 0.0, 0.0, 1.0, 0.5 ] },
						"up": { "texture": "#saffronmilkcap", "uv": [ 0.0, 0.0, 1.0, 1.0 ] },
						"down": { "texture": "#saffronmilkcap", "uv": [ 0.0, 0.0, 1.0, 1.0 ] }
					}
				},
				{
					"name": "voxel70",
					"from": [ -4.8, 0.0, -4.5 ], 
					"to": [ -3.8, 0.5, -3.5 ], 
					"rotationOrigin": [ -4.3, 0.0, -4.0 ],
					"rotationY": -17.0,
					"faces": {
						"north": { "texture": "#saffronmilkcap", "uv": [ 0.0, 0.0, 1.0, 0.5 ] },
						"east": { "texture": "#saffronmilkcap", "uv": [ 0.0, 0.0, 1.0, 0.5 ] },
						"south": { "texture": "#saffronmilkcap", "uv": [ 0.0, 0.0, 1.0, 0.5 ] },
						"west": { "texture": "#saffronmilkcap", "uv": [ 0.0, 0.0, 1.0, 0.5 ] },
						"up": { "texture": "#saffronmilkcap", "uv": [ 0.0, 0.0, 1.0, 1.0 ] },
						"down": { "texture": "#saffronmilkcap", "uv": [ 0.0, 0.0, 1.0, 1.0 ] }
					}
				},
				{
					"name": "voxel71",
					"from": [ 2.2, 0.0, -3.5 ], 
					"to": [ 3.2, 0.5, -2.5 ], 
					"rotationOrigin": [ 2.7, 0.0, -3.0 ],
					"rotationY": -8.0,
					"faces": {
						"north": { "texture": "#saffronmilkcap", "uv": [ 0.0, 0.0, 1.0, 0.5 ] },
						"east": { "texture": "#saffronmilkcap", "uv": [ 0.0, 0.0, 1.0, 0.5 ] },
						"south": { "texture": "#saffronmilkcap", "uv": [ 0.0, 0.0, 1.0, 0.5 ] },
						"west": { "texture": "#saffronmilkcap", "uv": [ 0.0, 0.0, 1.0, 0.5 ] },
						"up": { "texture": "#saffronmilkcap", "uv": [ 0.0, 0.0, 1.0, 1.0 ] },
						"down": { "texture": "#saffronmilkcap", "uv": [ 0.0, 0.0, 1.0, 1.0 ] }
					}
				},
				{
					"name": "mycelium72",
					"from": [ -5.0, 0.1, -5.0 ], 
					"to": [ 5.0, 0.1, 5.0 ], 
					"renderPass": 3,
					"rotationOrigin": [ 0.0, 0.1, 0.0 ],
					"faces": {
						"north": { "texture": "#saffronmilkcap", "uv": [ 0.0, 0.0, 10.0, 0.5 ], "enabled": false },
						"east": { "texture": "#saffronmilkcap", "uv": [ 0.0, 0.0, 10.0, 0.5 ], "enabled": false },
						"south": { "texture": "#saffronmilkcap", "uv": [ 0.0, 0.0, 10.0, 0.5 ], "enabled": false },
						"west": { "texture": "#saffronmilkcap", "uv": [ 0.0, 0.0, 10.0, 0.5 ], "enabled": false },
						"up": { "texture": "#mycelium3", "uv": [ 3.0, 3.0, 13.0, 13.0 ] },
						"down": { "texture": "#saffronmilkcap", "uv": [ 0.0, 0.0, 10.0, 10.0 ], "enabled": false }
					}
				}
			]
		}
	]}