{
	"editor": {
		"allAngles": true,
		"entityTextureMode": true
	},
	"textureWidth": 32,
	"textureHeight": 32,
	"textureSizes": {
		"bottom": [16,16],
		"skin": [32,32]
	},
	"textures": {
	},
	"elements": [
		{
			"name": "Rotation Point",
			"from": [ 0.0, 0.0, 0.0 ], 
			"to": [ 0.0, 0.0, 0.0 ], 
			"uv": [ 0.0, 0.0 ],
			"faces": {
				"north": { "texture": "#null", "uv": [ 0.0, 0.5, 0.5, 1.0 ], "enabled": false },
				"east": { "texture": "#null", "uv": [ 0.5, 0.5, 1.0, 1.0 ], "enabled": false },
				"south": { "texture": "#null", "uv": [ 1.0, 0.5, 1.5, 1.0 ], "enabled": false },
				"west": { "texture": "#null", "uv": [ 1.5, 0.5, 2.0, 1.0 ], "enabled": false },
				"up": { "texture": "#null", "uv": [ 0.0, 0.0, 0.5, 0.5 ], "enabled": false },
				"down": { "texture": "#null", "uv": [ 0.5, 0.0, 1.0, 0.5 ], "enabled": false }
			},
			"children": [
				{
					"name": "Base",
					"from": [ 6.75, 0.0, 8.0 ], 
					"to": [ 6.75, 0.0, 8.0 ], 
					"uv": [ 0.0, 0.0 ],
					"rotationOrigin": [ 6.75, 0.0, 8.0 ],
					"faces": {
						"north": { "texture": "#null", "uv": [ 0.0, 0.5, 0.5, 1.0 ], "enabled": false },
						"east": { "texture": "#null", "uv": [ 0.5, 0.5, 1.0, 1.0 ], "enabled": false },
						"south": { "texture": "#null", "uv": [ 1.0, 0.5, 1.5, 1.0 ], "enabled": false },
						"west": { "texture": "#null", "uv": [ 1.5, 0.5, 2.0, 1.0 ], "enabled": false },
						"up": { "texture": "#null", "uv": [ 0.0, 0.0, 0.5, 0.5 ], "enabled": false },
						"down": { "texture": "#null", "uv": [ 0.5, 0.0, 1.0, 0.5 ], "enabled": false }
					},
					"children": [
						{
							"name": "PeltBody",
							"from": [ 0.0, 0.0, -0.5625 ], 
							"to": [ 1.575, 0.1575, 0.5625 ], 
							"unwrapMode": 5,
							"autoUnwrap": false,
							"uv": [ -10.0, 9.5 ],
							"rotationOrigin": [ 0.0, 0.0, -0.5625 ],
							"faces": {
								"north": { "texture": "#skin", "uv": [ 14.5, 3.0, 15.0, 7.0 ], "rotation": 90, "windMode": [-1,-1,-1,-1] },
								"east": { "texture": "#skin", "uv": [ 3.0, 0.0, 3.5, 3.0 ], "rotation": 90, "windMode": [-1,-1,-1,-1] },
								"south": { "texture": "#skin", "uv": [ 3.0, 3.0, 3.5, 7.0 ], "rotation": 90, "windMode": [-1,-1,-1,-1] },
								"west": { "texture": "#skin", "uv": [ 0.0, 6.5, 3.0, 7.0 ], "rotation": 180, "windMode": [-1,-1,-1,-1] },
								"up": { "texture": "#skin", "uv": [ 0.0, 3.0, 3.0, 7.0 ], "rotation": 90, "windMode": [-1,-1,-1,-1] },
								"down": { "texture": "#bottom", "uv": [ 0.0, 10.0, 4.0, 13.0 ], "windMode": [-1,-1,-1,-1] }
							},
							"children": [
								{
									"name": "LBody",
									"from": [ 0.0, 0.0038, 1.0125 ], 
									"to": [ 1.575, 0.1538, 1.8375 ], 
									"unwrapMode": 5,
									"autoUnwrap": false,
									"uv": [ -3.0, 4.5 ],
									"rotationOrigin": [ 0.0, -0.0037, 1.0125 ],
									"rotationY": -3.0,
									"faces": {
										"north": { "texture": "#null", "uv": [ 0.0, 2.0, 4.0, 2.5 ], "enabled": false },
										"east": { "texture": "#skin", "uv": [ 3.5, 3.0, 5.5, 3.5 ], "windMode": [-1,-1,-1,-1] },
										"south": { "texture": "#skin", "uv": [ 5.5, 3.0, 6.0, 7.0 ], "rotation": 90, "windMode": [-1,-1,-1,-1] },
										"west": { "texture": "#skin", "uv": [ 3.5, 6.5, 5.5, 7.0 ], "rotation": 180, "windMode": [-1,-1,-1,-1] },
										"up": { "texture": "#skin", "uv": [ 3.5, 3.0, 5.5, 7.0 ], "rotation": 90, "windMode": [-1,-1,-1,-1] },
										"down": { "texture": "#bottom", "uv": [ 2.5, 4.5, 6.5, 6.5 ] }
									},
									"children": [
										{
											"name": "LArm",
											"from": [ 0.0, 0.0038, 0.5625 ], 
											"to": [ 0.1875, 0.1463, 1.3125 ], 
											"unwrapMode": 5,
											"autoUnwrap": false,
											"uv": [ 13.0, 12.5 ],
											"rotationOrigin": [ 0.0, 0.0038, 0.5625 ],
											"rotationY": -30.0,
											"faces": {
												"north": { "texture": "#null", "uv": [ 0.0, 2.0, 0.5, 2.5 ], "enabled": false },
												"east": { "texture": "#skin", "uv": [ 28.5, 21.0, 29.0, 23.0 ], "rotation": 90 },
												"south": { "texture": "#skin", "uv": [ 28.0, 23.0, 28.5, 23.5 ], "windMode": [-1,-1,-1,-1] },
												"west": { "texture": "#skin", "uv": [ 27.5, 21.0, 28.0, 23.0 ], "rotation": 270, "windMode": [-1,-1,-1,-1] },
												"up": { "texture": "#skin", "uv": [ 28.0, 21.0, 28.5, 23.0 ], "windMode": [-1,-1,-1,-1] },
												"down": { "texture": "#bottom", "uv": [ 14.5, 12.5, 15.0, 14.5 ], "windMode": [-1,-1,-1,-1] }
											},
											"children": [
												{
													"name": "LArmLower",
													"from": [ 0.1875, 0.0038, 0.0 ], 
													"to": [ 0.375, 0.1388, 0.75 ], 
													"unwrapMode": 5,
													"autoUnwrap": false,
													"uv": [ 13.0, 11.5 ],
													"rotationOrigin": [ 0.5625, 0.0038, 0.0 ],
													"rotationY": -10.0,
													"faces": {
														"north": { "texture": "#null", "uv": [ 0.0, 2.0, 0.5, 2.5 ], "enabled": false },
														"east": { "texture": "#skin", "uv": [ 29.5, 21.0, 30.0, 23.0 ], "rotation": 90 },
														"south": { "texture": "#skin", "uv": [ 29.0, 23.0, 29.5, 23.5 ], "windMode": [-1,-1,-1,-1] },
														"west": { "texture": "#null", "uv": [ 3.0, 2.0, 5.0, 2.5 ], "enabled": false },
														"up": { "texture": "#skin", "uv": [ 29.0, 21.0, 29.5, 23.0 ], "windMode": [-1,-1,-1,-1] },
														"down": { "texture": "#bottom", "uv": [ 14.0, 11.5, 14.5, 13.5 ], "windMode": [-1,-1,-1,-1] }
													}
												}
											]
										}
									]
								},
								{
									"name": "RBody",
									"from": [ 0.0, -0.1537, 0.1125 ], 
									"to": [ 1.575, -0.0038, 0.9375 ], 
									"unwrapMode": 6,
									"autoUnwrap": false,
									"uv": [ -3.0, 8.0 ],
									"rotationOrigin": [ 0.0, 0.0, 0.1125 ],
									"rotationX": 180.0,
									"rotationY": -3.0,
									"faces": {
										"north": { "texture": "#null", "uv": [ 0.0, 2.0, 4.0, 2.5 ], "enabled": false },
										"east": { "texture": "#skin", "uv": [ 12.5, 3.0, 14.5, 3.5 ] },
										"south": { "texture": "#skin", "uv": [ 12.0, 3.0, 12.5, 7.0 ], "rotation": 90, "windMode": [-1,-1,-1,-1] },
										"west": { "texture": "#skin", "uv": [ 12.5, 6.5, 14.5, 7.0 ], "rotation": 180, "windMode": [-1,-1,-1,-1] },
										"up": { "texture": "#bottom", "uv": [ 2.5, 8.0, 6.5, 10.0 ], "windMode": [-1,-1,-1,-1] },
										"down": { "texture": "#skin", "uv": [ 12.5, 3.0, 14.5, 7.0 ], "rotation": 270, "windMode": [-1,-1,-1,-1] }
									},
									"children": [
										{
											"name": "RArm",
											"from": [ 0.0, 0.0038, 0.5625 ], 
											"to": [ 0.1875, 0.1463, 1.3125 ], 
											"unwrapMode": 6,
											"autoUnwrap": false,
											"uv": [ 4.0, 6.5 ],
											"rotationOrigin": [ 0.0, 0.1463, 0.5625 ],
											"rotationY": -30.0,
											"faces": {
												"north": { "texture": "#null", "uv": [ 0.0, 2.0, 0.5, 2.5 ], "enabled": false },
												"east": { "texture": "#skin", "uv": [ 26.5, 1.0, 27.0, 3.0 ], "rotation": 90 },
												"south": { "texture": "#skin", "uv": [ 26.0, 3.0, 26.5, 3.5 ], "rotation": 180, "windMode": [-1,-1,-1,-1] },
												"west": { "texture": "#skin", "uv": [ 25.5, 1.0, 26.0, 3.0 ], "rotation": 270, "windMode": [-1,-1,-1,-1] },
												"up": { "texture": "#bottom", "uv": [ 5.5, 6.5, 6.0, 8.5 ], "windMode": [-1,-1,-1,-1] },
												"down": { "texture": "#skin", "uv": [ 26.0, 1.0, 26.5, 3.0 ], "windMode": [-1,-1,-1,-1] }
											},
											"children": [
												{
													"name": "RArmLower",
													"from": [ 0.1875, 0.0038, 0.0 ], 
													"to": [ 0.375, 0.1388, 0.75 ], 
													"unwrapMode": 5,
													"autoUnwrap": false,
													"uv": [ 4.5, 6.5 ],
													"rotationOrigin": [ 0.5625, 0.1387, 0.0 ],
													"rotationY": -10.0,
													"faces": {
														"north": { "texture": "#null", "uv": [ 0.0, 2.0, 0.5, 2.5 ], "enabled": false },
														"east": { "texture": "#skin", "uv": [ 30.5, 1.0, 31.0, 3.0 ], "rotation": 90, "windMode": [-1,-1,-1,-1] },
														"south": { "texture": "#skin", "uv": [ 25.0, 3.0, 25.5, 3.5 ], "windMode": [-1,-1,-1,-1] },
														"west": { "texture": "#null", "uv": [ 3.0, 2.0, 5.0, 2.5 ], "enabled": false },
														"up": { "texture": "#bottom", "uv": [ 4.5, 6.5, 5.0, 8.5 ], "windMode": [-1,-1,-1,-1] },
														"down": { "texture": "#skin", "uv": [ 25.0, 1.0, 25.5, 3.0 ], "windMode": [-1,-1,-1,-1] }
													}
												}
											]
										}
									]
								},
								{
									"name": "PeltAbdomen",
									"from": [ 1.575, 0.0038, -0.0937 ], 
									"to": [ 3.15, 0.1538, 1.2188 ], 
									"unwrapMode": 5,
									"autoUnwrap": false,
									"uv": [ -11.0, 10.0 ],
									"rotationOrigin": [ 1.575, 0.0038, -0.0937 ],
									"faces": {
										"north": { "texture": "#skin", "uv": [ 15.5, 13.5, 16.0, 17.5 ], "rotation": 90 },
										"east": { "texture": "#skin", "uv": [ 3.5, 10.0, 4.0, 13.5 ], "rotation": 90, "windMode": [-1,-1,-1,-1] },
										"south": { "texture": "#skin", "uv": [ 3.5, 13.5, 4.0, 17.5 ], "rotation": 90, "windMode": [-1,-1,-1,-1] },
										"west": { "texture": "#skin", "uv": [ 9.0, 3.0, 12.5, 3.5 ], "enabled": false, "windMode": [-1,-1,-1,-1] },
										"up": { "texture": "#skin", "uv": [ 0.0, 13.5, 3.5, 17.5 ], "rotation": 90, "windMode": [-1,-1,-1,-1] },
										"down": { "texture": "#bottom", "uv": [ 0.0, 10.5, 4.0, 14.0 ] }
									},
									"children": [
										{
											"name": "LAbdomen",
											"from": [ 0.0, 0.0038, 1.2 ], 
											"to": [ 1.575, 0.1463, 2.025 ], 
											"unwrapMode": 5,
											"autoUnwrap": false,
											"uv": [ -5.0, 7.5 ],
											"rotationOrigin": [ 0.0, 0.0038, 1.2 ],
											"rotationY": -3.0,
											"faces": {
												"north": { "texture": "#null", "uv": [ 0.0, 2.0, 4.0, 2.5 ], "enabled": false },
												"east": { "texture": "#skin", "uv": [ 4.0, 13.5, 6.0, 14.0 ] },
												"south": { "texture": "#skin", "uv": [ 6.0, 13.5, 6.5, 17.5 ], "rotation": 90, "windMode": [-1,-1,-1,-1] },
												"west": { "texture": "#skin", "uv": [ 4.0, 17.0, 6.0, 17.5 ], "rotation": 180, "windMode": [-1,-1,-1,-1] },
												"up": { "texture": "#skin", "uv": [ 4.0, 13.5, 6.0, 17.5 ], "rotation": 90, "windMode": [-1,-1,-1,-1] },
												"down": { "texture": "#bottom", "uv": [ 6.0, 8.0, 10.0, 10.0 ], "windMode": [-1,-1,-1,-1] }
											},
											"children": [
												{
													"name": "LLeg",
													"from": [ 1.05, 0.0038, 0.825 ], 
													"to": [ 1.425, 0.1388, 1.575 ], 
													"unwrapMode": 5,
													"autoUnwrap": false,
													"uv": [ 0.0, 5.5 ],
													"rotationOrigin": [ 1.05, 0.0038, 0.825 ],
													"rotationY": 72.0,
													"faces": {
														"north": { "texture": "#null", "uv": [ 0.0, 2.0, 1.0, 2.5 ], "enabled": false },
														"east": { "texture": "#skin", "uv": [ 22.5, 17.0, 23.0, 19.0 ], "rotation": 90 },
														"south": { "texture": "#skin", "uv": [ 21.5, 19.0, 22.5, 19.5 ], "windMode": [-1,-1,-1,-1] },
														"west": { "texture": "#skin", "uv": [ 21.0, 17.0, 21.5, 19.0 ], "rotation": 270, "windMode": [-1,-1,-1,-1] },
														"up": { "texture": "#skin", "uv": [ 21.5, 17.0, 22.5, 19.0 ], "windMode": [-1,-1,-1,-1] },
														"down": { "texture": "#bottom", "uv": [ 2.0, 5.5, 3.0, 7.5 ], "windMode": [-1,-1,-1,-1] }
													},
													"children": [
														{
															"name": "LLegEnd",
															"from": [ 0.0, -0.0037, 0.75 ], 
															"to": [ 0.375, 0.1388, 1.125 ], 
															"unwrapMode": 5,
															"autoUnwrap": false,
															"uv": [ -2.0, 7.5 ],
															"rotationOrigin": [ 0.375, -0.0037, 0.75 ],
															"rotationY": -14.0,
															"faces": {
																"north": { "texture": "#skin", "uv": [ 21.5, 19.0, 22.5, 19.5 ], "rotation": 180 },
																"east": { "texture": "#skin", "uv": [ 22.5, 19.5, 23.0, 20.5 ], "rotation": 90, "windMode": [-1,-1,-1,-1] },
																"south": { "texture": "#skin", "uv": [ 21.5, 20.5, 22.5, 21.0 ], "windMode": [-1,-1,-1,-1] },
																"west": { "texture": "#skin", "uv": [ 21.0, 19.5, 21.5, 20.5 ], "rotation": 270, "windMode": [-1,-1,-1,-1] },
																"up": { "texture": "#skin", "uv": [ 21.5, 19.5, 22.5, 20.5 ], "windMode": [-1,-1,-1,-1] },
																"down": { "texture": "#bottom", "uv": [ 0.0, 8.0, 1.0, 9.0 ], "windMode": [-1,-1,-1,-1] }
															}
														}
													]
												},
												{
													"name": "LLegLower",
													"from": [ 1.2375, 0.0075, -0.1125 ], 
													"to": [ 1.425, 0.135, 0.825 ], 
													"unwrapMode": 5,
													"autoUnwrap": false,
													"uv": [ 0.5, 6.0 ],
													"rotationOrigin": [ 1.425, 0.0075, -0.1125 ],
													"rotationY": 26.0,
													"faces": {
														"north": { "texture": "#null", "uv": [ 0.0, 2.5, 0.5, 3.0 ], "enabled": false },
														"east": { "texture": "#skin", "uv": [ 23.5, 17.0, 24.0, 19.5 ], "rotation": 90 },
														"south": { "texture": "#null", "uv": [ 3.0, 2.5, 3.5, 3.0 ], "enabled": false },
														"west": { "texture": "#null", "uv": [ 3.5, 2.5, 6.0, 3.0 ], "enabled": false },
														"up": { "texture": "#skin", "uv": [ 23.0, 17.0, 23.5, 19.5 ], "windMode": [-1,-1,-1,-1] },
														"down": { "texture": "#bottom", "uv": [ 1.5, 6.0, 2.0, 8.5 ], "windMode": [-1,-1,-1,-1] }
													}
												}
											]
										},
										{
											"name": "RAbdomen",
											"from": [ 0.0, -0.1387, 0.1125 ], 
											"to": [ 1.575, 0.0038, 0.9375 ], 
											"unwrapMode": 5,
											"autoUnwrap": false,
											"uv": [ -0.5, 4.5 ],
											"rotationOrigin": [ 0.0, 0.0038, 0.1125 ],
											"rotationX": 180.0,
											"rotationY": -3.0,
											"faces": {
												"north": { "texture": "#null", "uv": [ 0.0, 2.0, 4.0, 2.5 ], "enabled": false },
												"east": { "texture": "#skin", "uv": [ 13.5, 13.5, 15.5, 14.0 ] },
												"south": { "texture": "#skin", "uv": [ 13.0, 13.5, 13.5, 17.5 ], "rotation": 90, "windMode": [-1,-1,-1,-1] },
												"west": { "texture": "#skin", "uv": [ 13.5, 17.0, 15.5, 17.5 ], "rotation": 180, "windMode": [-1,-1,-1,-1] },
												"up": { "texture": "#bottom", "uv": [ 0.0, 3.0, 4.0, 5.0 ], "windMode": [-1,-1,-1,-1] },
												"down": { "texture": "#skin", "uv": [ 13.5, 13.5, 15.5, 17.5 ], "rotation": 270, "windMode": [-1,-1,-1,-1] }
											},
											"children": [
												{
													"name": "RLeg",
													"from": [ 1.05, 0.0038, 0.825 ], 
													"to": [ 1.425, 0.1388, 1.575 ], 
													"unwrapMode": 5,
													"autoUnwrap": false,
													"uv": [ -0.5, 4.5 ],
													"rotationOrigin": [ 1.05, 0.1387, 0.825 ],
													"rotationY": 72.0,
													"faces": {
														"north": { "texture": "#null", "uv": [ 0.0, 2.0, 1.0, 2.5 ], "enabled": false },
														"east": { "texture": "#skin", "uv": [ 22.0, 5.5, 22.5, 7.5 ], "rotation": 90 },
														"south": { "texture": "#skin", "uv": [ 22.5, 7.5, 23.5, 8.0 ], "windMode": [-1,-1,-1,-1] },
														"west": { "texture": "#skin", "uv": [ 23.5, 5.5, 24.0, 7.5 ], "rotation": 270, "windMode": [-1,-1,-1,-1] },
														"up": { "texture": "#bottom", "uv": [ 0.0, 4.5, 1.0, 6.5 ], "windMode": [-1,-1,-1,-1] },
														"down": { "texture": "#skin", "uv": [ 22.5, 5.5, 23.5, 7.5 ], "windMode": [-1,-1,-1,-1] }
													},
													"children": [
														{
															"name": "RLegEnd",
															"from": [ 0.0, -0.0037, 0.75 ], 
															"to": [ 0.375, 0.1388, 1.125 ], 
															"unwrapMode": 5,
															"autoUnwrap": false,
															"uv": [ -0.5, 7.5 ],
															"rotationOrigin": [ 0.375, 0.1425, 0.75 ],
															"rotationY": -14.0,
															"faces": {
																"north": { "texture": "#skin", "uv": [ 22.5, 7.5, 23.5, 8.0 ], "rotation": 180 },
																"east": { "texture": "#skin", "uv": [ 22.0, 8.0, 22.5, 9.0 ], "rotation": 90, "windMode": [-1,-1,-1,-1] },
																"south": { "texture": "#skin", "uv": [ 22.5, 9.0, 23.5, 9.5 ], "windMode": [-1,-1,-1,-1] },
																"west": { "texture": "#skin", "uv": [ 23.5, 8.0, 24.0, 9.0 ], "rotation": 270, "windMode": [-1,-1,-1,-1] },
																"up": { "texture": "#bottom", "uv": [ 0.0, 8.0, 1.0, 9.0 ], "windMode": [-1,-1,-1,-1] },
																"down": { "texture": "#skin", "uv": [ 22.5, 8.0, 23.5, 9.0 ], "windMode": [-1,-1,-1,-1] }
															}
														}
													]
												},
												{
													"name": "RLegLower",
													"from": [ 1.2375, 0.0075, -0.1125 ], 
													"to": [ 1.425, 0.135, 0.825 ], 
													"unwrapMode": 5,
													"autoUnwrap": false,
													"uv": [ 14.0, 4.5 ],
													"rotationOrigin": [ 1.425, 0.135, -0.1125 ],
													"rotationY": 26.0,
													"faces": {
														"north": { "texture": "#null", "uv": [ 0.0, 2.5, 0.5, 3.0 ], "enabled": false },
														"east": { "texture": "#skin", "uv": [ 21.0, 5.5, 21.5, 8.0 ], "rotation": 90, "windMode": [-1,-1,-1,-1] },
														"south": { "texture": "#null", "uv": [ 3.0, 2.5, 3.5, 3.0 ], "enabled": false },
														"west": { "texture": "#null", "uv": [ 3.5, 2.5, 6.0, 3.0 ], "enabled": false },
														"up": { "texture": "#bottom", "uv": [ 14.0, 4.5, 14.5, 7.0 ], "windMode": [-1,-1,-1,-1] },
														"down": { "texture": "#skin", "uv": [ 21.5, 5.5, 22.0, 8.0 ], "windMode": [-1,-1,-1,-1] }
													}
												}
											]
										},
										{
											"name": "PeltTail",
											"from": [ 1.575, 0.0038, 0.1125 ], 
											"to": [ 2.325, 0.1463, 1.2375 ], 
											"autoUnwrap": false,
											"uv": [ 0.0, 0.0 ],
											"rotationOrigin": [ 1.575, 0.0038, 0.1125 ],
											"faces": {
												"north": { "texture": "#skin", "uv": [ 13.0, 21.0, 15.0, 21.5 ] },
												"east": { "texture": "#skin", "uv": [ 10.0, 21.0, 13.0, 21.5 ], "windMode": [-1,-1,-1,-1] },
												"south": { "texture": "#skin", "uv": [ 8.0, 21.0, 10.0, 21.5 ], "windMode": [-1,-1,-1,-1] },
												"west": { "texture": "#skin", "uv": [ 5.0, 21.0, 8.0, 21.5 ], "windMode": [-1,-1,-1,-1] },
												"up": { "texture": "#skin", "uv": [ 8.0, 18.0, 10.0, 21.0 ], "windMode": [-1,-1,-1,-1] },
												"down": { "texture": "#skin", "uv": [ 8.0, 23.0, 10.0, 26.0 ], "windMode": [-1,-1,-1,-1] }
											},
											"children": [
												{
													"name": "PeltTailEnd",
													"from": [ 0.0, -0.0037, 0.3938 ], 
													"to": [ 0.75, 0.1388, 0.6938 ], 
													"autoUnwrap": false,
													"uv": [ 0.0, 0.0 ],
													"rotationOrigin": [ 0.0, -0.0037, 0.3938 ],
													"faces": {
														"north": { "texture": "#skin", "uv": [ 23.0, 11.5, 25.0, 12.0 ], "windMode": [-1,-1,-1,-1] },
														"east": { "texture": "#skin", "uv": [ 22.5, 11.5, 23.0, 12.0 ], "windMode": [-1,-1,-1,-1] },
														"south": { "texture": "#skin", "uv": [ 20.5, 11.5, 22.5, 12.0 ], "windMode": [-1,-1,-1,-1] },
														"west": { "texture": "#skin", "uv": [ 20.0, 11.5, 20.5, 12.0 ], "windMode": [-1,-1,-1,-1] },
														"up": { "texture": "#skin", "uv": [ 20.5, 11.0, 22.5, 11.5 ], "windMode": [-1,-1,-1,-1] },
														"down": { "texture": "#skin", "uv": [ 23.0, 13.0, 25.0, 13.5 ], "windMode": [-1,-1,-1,-1] }
													}
												}
											]
										}
									]
								},
								{
									"name": "LNeck",
									"from": [ -0.5625, 0.0075, 0.5625 ], 
									"to": [ 0.0, 0.15, 1.3125 ], 
									"unwrapMode": 5,
									"autoUnwrap": false,
									"uv": [ 5.0, 11.5 ],
									"rotationOrigin": [ 0.0, 0.0075, 0.5625 ],
									"rotationY": 22.0,
									"faces": {
										"north": { "texture": "#skin", "uv": [ 16.5, 27.5, 18.0, 28.0 ], "rotation": 180 },
										"east": { "texture": "#skin", "uv": [ 1.5, 2.0, 3.5, 2.5 ], "enabled": false, "windMode": [-1,-1,-1,-1] },
										"south": { "texture": "#skin", "uv": [ 16.5, 30.0, 18.0, 30.5 ], "windMode": [-1,-1,-1,-1] },
										"west": { "texture": "#skin", "uv": [ 16.0, 28.0, 16.5, 30.0 ], "rotation": 270, "windMode": [-1,-1,-1,-1] },
										"up": { "texture": "#skin", "uv": [ 16.5, 28.0, 18.0, 30.0 ], "windMode": [-1,-1,-1,-1] },
										"down": { "texture": "#bottom", "uv": [ 7.0, 12.0, 8.5, 14.0 ], "windMode": [-1,-1,-1,-1] }
									}
								},
								{
									"name": "RNeck",
									"from": [ -0.5625, -0.135, 0.5625 ], 
									"to": [ 0.0, 0.0075, 1.3125 ], 
									"unwrapMode": 6,
									"autoUnwrap": false,
									"uv": [ 8.0, 11.5 ],
									"rotationOrigin": [ 0.0, 0.0075, 0.5625 ],
									"rotationX": 180.0,
									"rotationY": 22.0,
									"faces": {
										"north": { "texture": "#skin", "uv": [ 18.0, 27.5, 19.5, 28.0 ], "rotation": 180 },
										"east": { "texture": "#skin", "uv": [ 1.5, 2.0, 3.5, 2.5 ], "enabled": false, "windMode": [-1,-1,-1,-1] },
										"south": { "texture": "#skin", "uv": [ 18.0, 30.0, 19.5, 30.5 ], "rotation": 180, "windMode": [-1,-1,-1,-1] },
										"west": { "texture": "#skin", "uv": [ 19.5, 28.0, 20.0, 30.0 ], "rotation": 270, "windMode": [-1,-1,-1,-1] },
										"up": { "texture": "#bottom", "uv": [ 10.0, 12.0, 11.5, 14.0 ], "windMode": [-1,-1,-1,-1] },
										"down": { "texture": "#skin", "uv": [ 18.0, 28.0, 19.5, 30.0 ], "windMode": [-1,-1,-1,-1] }
									}
								}
							]
						}
					]
				}
			]
		}
	]}