{
	"editor": {
		"allAngles": true,
		"entityTextureMode": true
	},
	"textureWidth": 32,
	"textureHeight": 32,
	"textureSizes": {
		"bottom": [16,16],
		"skin": [32,32]
	},
	"textures": {
	},
	"elements": [
		{
			"name": "Rotation Point",
			"from": [ 0.0, 0.0, 0.0 ], 
			"to": [ 0.0, 0.0, 0.0 ], 
			"uv": [ 0.0, 0.0 ],
			"faces": {
				"north": { "texture": "#null", "uv": [ 0.0, 0.5, 0.5, 1.0 ], "enabled": false },
				"east": { "texture": "#null", "uv": [ 0.5, 0.5, 1.0, 1.0 ], "enabled": false },
				"south": { "texture": "#null", "uv": [ 1.0, 0.5, 1.5, 1.0 ], "enabled": false },
				"west": { "texture": "#null", "uv": [ 1.5, 0.5, 2.0, 1.0 ], "enabled": false },
				"up": { "texture": "#null", "uv": [ 0.0, 0.0, 0.5, 0.5 ], "enabled": false },
				"down": { "texture": "#null", "uv": [ 0.5, 0.0, 1.0, 0.5 ], "enabled": false }
			},
			"children": [
				{
					"name": "Base",
					"from": [ 4.5, 0.0, 8.0 ], 
					"to": [ 4.5, 0.0, 8.0 ], 
					"uv": [ 0.0, 0.0 ],
					"rotationOrigin": [ 4.5, 0.0, 8.0 ],
					"faces": {
						"north": { "texture": "#null", "uv": [ 0.0, 0.5, 0.5, 1.0 ], "enabled": false },
						"east": { "texture": "#null", "uv": [ 0.5, 0.5, 1.0, 1.0 ], "enabled": false },
						"south": { "texture": "#null", "uv": [ 1.0, 0.5, 1.5, 1.0 ], "enabled": false },
						"west": { "texture": "#null", "uv": [ 1.5, 0.5, 2.0, 1.0 ], "enabled": false },
						"up": { "texture": "#null", "uv": [ 0.0, 0.0, 0.5, 0.5 ], "enabled": false },
						"down": { "texture": "#null", "uv": [ 0.5, 0.0, 1.0, 0.5 ], "enabled": false }
					},
					"children": [
						{
							"name": "PeltBody",
							"from": [ 0.0, 0.0, -1.3 ], 
							"to": [ 2.6, 0.273, 1.3 ], 
							"unwrapMode": 5,
							"autoUnwrap": false,
							"uv": [ -10.0, 9.5 ],
							"rotationOrigin": [ 0.0, 0.0, -1.3 ],
							"faces": {
								"north": { "texture": "#skin", "uv": [ 17.5, 3.5, 17.92, 7.5 ], "rotation": 90, "autoUv": false, "snapUv": false, "windMode": [-1,-1,-1,-1] },
								"east": { "texture": "#skin", "uv": [ 0.0, 3.5, 3.5, 4.0 ], "autoUv": false, "snapUv": false, "windMode": [-1,-1,-1,-1] },
								"south": { "texture": "#skin", "uv": [ 3.5, 3.5, 3.92, 7.5 ], "rotation": 90, "autoUv": false, "snapUv": false, "windMode": [-1,-1,-1,-1] },
								"west": { "texture": "#skin", "uv": [ 0.0, 7.0, 3.5, 7.5 ], "rotation": 180, "autoUv": false, "snapUv": false, "windMode": [-1,-1,-1,-1] },
								"up": { "texture": "#skin", "uv": [ 0.0, 3.5, 3.5, 7.5 ], "rotation": 90, "autoUv": false, "snapUv": false, "windMode": [-1,-1,-1,-1] },
								"down": { "texture": "#bottom", "uv": [ 0.5, 10.0, 4.5, 14.0 ], "autoUv": false, "snapUv": false, "windMode": [-1,-1,-1,-1] }
							},
							"children": [
								{
									"name": "LBody",
									"from": [ 0.0, 0.0065, 2.34 ], 
									"to": [ 2.6, 0.2665, 4.615 ], 
									"unwrapMode": 5,
									"autoUnwrap": false,
									"uv": [ 1.0, 4.5 ],
									"rotationOrigin": [ 0.0, -0.0065, 2.34 ],
									"rotationY": -3.0,
									"faces": {
										"north": { "texture": "#null", "uv": [ 0.0, 3.5, 4.0, 4.0 ], "enabled": false, "autoUv": false, "snapUv": false },
										"east": { "texture": "#skin", "uv": [ 3.5, 3.5, 7.0, 4.0 ], "autoUv": false, "snapUv": false, "windMode": [-1,-1,-1,-1] },
										"south": { "texture": "#skin", "uv": [ 7.0, 3.5, 7.5, 7.5 ], "rotation": 90, "autoUv": false, "snapUv": false, "windMode": [-1,-1,-1,-1] },
										"west": { "texture": "#skin", "uv": [ 3.5, 7.0, 7.0, 7.5 ], "rotation": 180, "autoUv": false, "snapUv": false, "windMode": [-1,-1,-1,-1] },
										"up": { "texture": "#skin", "uv": [ 3.5, 3.5, 7.0, 7.5 ], "rotation": 90, "autoUv": false, "snapUv": false, "windMode": [-1,-1,-1,-1] },
										"down": { "texture": "#bottom", "uv": [ 8.0, 4.5, 12.0, 8.0 ], "autoUv": false, "snapUv": false, "windMode": [-1,-1,-1,-1] }
									},
									"children": [
										{
											"name": "LArm",
											"from": [ 0.0, 0.0065, 1.625 ], 
											"to": [ 0.65, 0.2535, 3.575 ], 
											"unwrapMode": 5,
											"autoUnwrap": false,
											"uv": [ 13.0, 12.0 ],
											"rotationOrigin": [ 0.0, 0.0065, 1.625 ],
											"rotationY": -30.0,
											"faces": {
												"north": { "texture": "#null", "uv": [ 0.0, 3.0, 1.0, 3.5 ], "enabled": false, "autoUv": false, "snapUv": false },
												"east": { "texture": "#skin", "uv": [ 26.0, 23.0, 26.5, 26.0 ], "rotation": 90, "autoUv": false, "snapUv": false, "windMode": [-1,-1,-1,-1] },
												"south": { "texture": "#skin", "uv": [ 25.0, 26.0, 26.0, 26.5 ], "autoUv": false, "snapUv": false, "windMode": [-1,-1,-1,-1] },
												"west": { "texture": "#skin", "uv": [ 24.5, 23.0, 25.0, 26.0 ], "rotation": 270, "autoUv": false, "snapUv": false, "windMode": [-1,-1,-1,-1] },
												"up": { "texture": "#skin", "uv": [ 25.0, 23.0, 26.0, 26.0 ], "autoUv": false, "snapUv": false, "windMode": [-1,-1,-1,-1] },
												"down": { "texture": "#bottom", "uv": [ 15.0, 12.0, 16.0, 15.0 ], "autoUv": false, "snapUv": false, "windMode": [-1,-1,-1,-1] }
											},
											"children": [
												{
													"name": "LArmLower",
													"from": [ 0.65, 0.0065, 0.0 ], 
													"to": [ 1.3, 0.2405, 1.95 ], 
													"unwrapMode": 5,
													"autoUnwrap": false,
													"uv": [ 13.0, 11.5 ],
													"rotationOrigin": [ 1.3, 0.0065, 0.0 ],
													"rotationY": -10.0,
													"faces": {
														"north": { "texture": "#null", "uv": [ 0.0, 3.0, 1.0, 3.5 ], "enabled": false, "autoUv": false, "snapUv": false },
														"east": { "texture": "#skin", "uv": [ 27.5, 23.0, 28.0, 26.0 ], "rotation": 90, "autoUv": false, "snapUv": false },
														"south": { "texture": "#skin", "uv": [ 26.0, 26.0, 27.0, 26.5 ], "autoUv": false, "snapUv": false, "windMode": [-1,-1,-1,-1] },
														"west": { "texture": "#null", "uv": [ 5.0, 3.0, 8.0, 3.5 ], "enabled": false, "autoUv": false, "snapUv": false },
														"up": { "texture": "#skin", "uv": [ 26.5, 23.0, 27.5, 26.0 ], "autoUv": false, "snapUv": false, "windMode": [-1,-1,-1,-1] },
														"down": { "texture": "#bottom", "uv": [ 15.0, 11.5, 16.0, 14.5 ], "autoUv": false, "snapUv": false, "windMode": [-1,-1,-1,-1] }
													}
												}
											]
										}
									]
								},
								{
									"name": "RBody",
									"from": [ 0.0, -0.2665, 0.26 ], 
									"to": [ 2.6, -0.0065, 2.535 ], 
									"unwrapMode": 6,
									"autoUnwrap": false,
									"uv": [ 0.5, 8.0 ],
									"rotationOrigin": [ 0.0, 0.0, 0.26 ],
									"rotationX": 180.0,
									"rotationY": -3.0,
									"faces": {
										"north": { "texture": "#null", "uv": [ 0.0, 3.5, 4.0, 4.0 ], "enabled": false, "autoUv": false, "snapUv": false },
										"east": { "texture": "#skin", "uv": [ 14.5, 3.5, 18.0, 4.0 ], "autoUv": false, "snapUv": false },
										"south": { "texture": "#skin", "uv": [ 14.0, 3.5, 14.5, 7.5 ], "rotation": 90, "autoUv": false, "snapUv": false, "windMode": [-1,-1,-1,-1] },
										"west": { "texture": "#skin", "uv": [ 14.5, 7.0, 18.0, 7.5 ], "rotation": 180, "autoUv": false, "snapUv": false, "windMode": [-1,-1,-1,-1] },
										"up": { "texture": "#bottom", "uv": [ 8.0, 4.5, 11.5, 8.5 ], "rotation": 90, "autoUv": false, "snapUv": false, "windMode": [-1,-1,-1,-1] },
										"down": { "texture": "#skin", "uv": [ 14.5, 3.5, 18.0, 7.5 ], "rotation": 270, "autoUv": false, "snapUv": false, "windMode": [-1,-1,-1,-1] }
									},
									"children": [
										{
											"name": "RArm",
											"from": [ 0.0, 0.0065, 1.625 ], 
											"to": [ 0.65, 0.2535, 3.575 ], 
											"unwrapMode": 6,
											"autoUnwrap": false,
											"uv": [ 4.0, 6.5 ],
											"rotationOrigin": [ 0.0, 0.2535, 1.625 ],
											"rotationY": -30.0,
											"faces": {
												"north": { "texture": "#null", "uv": [ 0.0, 3.0, 1.0, 3.5 ], "enabled": false, "autoUv": false, "snapUv": false },
												"east": { "texture": "#skin", "uv": [ 29.0, 1.0, 29.5, 4.0 ], "rotation": 90, "autoUv": false, "snapUv": false },
												"south": { "texture": "#skin", "uv": [ 28.0, 4.0, 29.0, 4.5 ], "rotation": 180, "autoUv": false, "snapUv": false, "windMode": [-1,-1,-1,-1] },
												"west": { "texture": "#skin", "uv": [ 27.5, 1.0, 28.0, 4.0 ], "rotation": 270, "autoUv": false, "snapUv": false, "windMode": [-1,-1,-1,-1] },
												"up": { "texture": "#bottom", "uv": [ 6.0, 7.0, 7.0, 10.0 ], "autoUv": false, "snapUv": false, "windMode": [-1,-1,-1,-1] },
												"down": { "texture": "#skin", "uv": [ 28.0, 1.0, 29.0, 4.0 ], "autoUv": false, "snapUv": false, "windMode": [-1,-1,-1,-1] }
											},
											"children": [
												{
													"name": "RArmLower",
													"from": [ 0.65, 0.0065, 0.0 ], 
													"to": [ 1.3, 0.2405, 1.95 ], 
													"unwrapMode": 5,
													"autoUnwrap": false,
													"uv": [ 4.5, 6.5 ],
													"rotationOrigin": [ 1.3, 0.2405, 0.0 ],
													"rotationY": -10.0,
													"faces": {
														"north": { "texture": "#null", "uv": [ 0.0, 3.0, 1.0, 3.5 ], "enabled": false, "autoUv": false, "snapUv": false },
														"east": { "texture": "#skin", "uv": [ 26.0, 1.0, 26.5, 4.0 ], "rotation": 90, "autoUv": false, "snapUv": false, "windMode": [-1,-1,-1,-1] },
														"south": { "texture": "#skin", "uv": [ 27.0, 4.0, 28.0, 4.5 ], "autoUv": false, "snapUv": false, "windMode": [-1,-1,-1,-1] },
														"west": { "texture": "#null", "uv": [ 5.0, 3.0, 8.0, 3.5 ], "enabled": false, "autoUv": false, "snapUv": false },
														"up": { "texture": "#bottom", "uv": [ 4.5, 6.5, 5.5, 9.5 ], "autoUv": false, "snapUv": false, "windMode": [-1,-1,-1,-1] },
														"down": { "texture": "#skin", "uv": [ 26.5, 1.0, 27.5, 4.0 ], "autoUv": false, "snapUv": false, "windMode": [-1,-1,-1,-1] }
													}
												}
											]
										}
									]
								},
								{
									"name": "PeltAbdomen",
									"from": [ 2.6, 0.0065, 0.0 ], 
									"to": [ 6.5, 0.2665, 2.6 ], 
									"unwrapMode": 5,
									"autoUnwrap": false,
									"uv": [ -11.0, 10.0 ],
									"rotationOrigin": [ 2.6, 0.0065, 0.0 ],
									"faces": {
										"north": { "texture": "#skin", "uv": [ 18.5, 15.0, 19.0, 21.0 ], "rotation": 270, "autoUv": false, "snapUv": false, "windMode": [-1,-1,-1,-1] },
										"east": { "texture": "#skin", "uv": [ 0.0, 15.0, 4.0, 15.5 ], "autoUv": false, "snapUv": false, "windMode": [-1,-1,-1,-1] },
										"south": { "texture": "#skin", "uv": [ 4.0, 15.0, 4.5, 21.0 ], "rotation": 90, "autoUv": false, "snapUv": false, "windMode": [-1,-1,-1,-1] },
										"west": { "texture": "#null", "uv": [ 13.0, 3.0, 17.0, 3.5 ], "enabled": false, "autoUv": false, "snapUv": false, "windMode": [-1,-1,-1,-1] },
										"up": { "texture": "#skin", "uv": [ 0.0, 15.0, 4.0, 21.0 ], "rotation": 90, "autoUv": false, "snapUv": false, "windMode": [-1,-1,-1,-1] },
										"down": { "texture": "#bottom", "uv": [ 0.5, 10.5, 6.5, 14.5 ], "autoUv": false, "snapUv": false, "windMode": [-1,-1,-1,-1] }
									},
									"children": [
										{
											"name": "LAbdomen",
											"from": [ 0.0, 0.0065, 2.275 ], 
											"to": [ 3.9, 0.2535, 4.875 ], 
											"unwrapMode": 5,
											"autoUnwrap": false,
											"uv": [ 1.0, 7.5 ],
											"rotationOrigin": [ 0.0, 0.0065, 2.275 ],
											"rotationY": -3.0,
											"faces": {
												"north": { "texture": "#null", "uv": [ 0.0, 4.0, 6.0, 4.5 ], "enabled": false, "autoUv": false, "snapUv": false, "windMode": [-1,-1,-1,-1] },
												"east": { "texture": "#skin", "uv": [ 4.0, 15.0, 8.0, 15.5 ], "autoUv": false, "snapUv": false, "windMode": [-1,-1,-1,-1] },
												"south": { "texture": "#skin", "uv": [ 8.0, 15.0, 8.5, 21.0 ], "rotation": 90, "autoUv": false, "snapUv": false, "windMode": [-1,-1,-1,-1] },
												"west": { "texture": "#skin", "uv": [ 4.0, 20.5, 8.0, 21.0 ], "rotation": 180, "autoUv": false, "snapUv": false, "windMode": [-1,-1,-1,-1] },
												"up": { "texture": "#skin", "uv": [ 4.0, 15.0, 8.0, 21.0 ], "rotation": 90, "autoUv": false, "snapUv": false, "windMode": [-1,-1,-1,-1] },
												"down": { "texture": "#bottom", "uv": [ 7.0, 7.5, 13.0, 11.5 ], "autoUv": false, "snapUv": false, "windMode": [-1,-1,-1,-1] }
											},
											"children": [
												{
													"name": "LLeg",
													"from": [ 1.95, 0.0065, 2.6 ], 
													"to": [ 3.25, 0.2405, 5.2 ], 
													"unwrapMode": 5,
													"autoUnwrap": false,
													"uv": [ 0.5, 5.5 ],
													"rotationOrigin": [ 1.95, 0.0065, 2.6 ],
													"rotationY": 72.0,
													"faces": {
														"north": { "texture": "#null", "uv": [ 0.0, 4.0, 2.0, 4.5 ], "enabled": false, "autoUv": false, "snapUv": false },
														"east": { "texture": "#skin", "uv": [ 23.5, 17.5, 24.0, 21.5 ], "rotation": 90, "autoUv": false, "snapUv": false, "windMode": [-1,-1,-1,-1] },
														"south": { "texture": "#skin", "uv": [ 21.5, 21.0, 23.5, 21.5 ], "autoUv": false, "snapUv": false, "windMode": [-1,-1,-1,-1] },
														"west": { "texture": "#skin", "uv": [ 21.0, 17.5, 21.5, 21.5 ], "rotation": 270, "autoUv": false, "snapUv": false, "windMode": [-1,-1,-1,-1] },
														"up": { "texture": "#skin", "uv": [ 21.5, 17.5, 23.5, 21.5 ], "autoUv": false, "snapUv": false, "windMode": [-1,-1,-1,-1] },
														"down": { "texture": "#bottom", "uv": [ 3.5, 5.5, 5.5, 9.5 ], "autoUv": false, "snapUv": false, "windMode": [-1,-1,-1,-1] }
													},
													"children": [
														{
															"name": "LLegEnd",
															"from": [ 0.0, -0.0065, 2.275 ], 
															"to": [ 1.3, 0.2405, 3.575 ], 
															"unwrapMode": 5,
															"autoUnwrap": false,
															"uv": [ 2.0, 7.5 ],
															"rotationOrigin": [ 0.65, -0.0065, 2.275 ],
															"rotationY": -14.0,
															"faces": {
																"north": { "texture": "#skin", "uv": [ 21.5, 21.0, 23.5, 21.5 ], "rotation": 180, "autoUv": false, "snapUv": false, "windMode": [-1,-1,-1,-1] },
																"east": { "texture": "#skin", "uv": [ 23.0, 21.0, 23.5, 23.0 ], "rotation": 90, "autoUv": false, "snapUv": false, "windMode": [-1,-1,-1,-1] },
																"south": { "texture": "#skin", "uv": [ 21.5, 22.5, 23.5, 23.0 ], "autoUv": false, "snapUv": false, "windMode": [-1,-1,-1,-1] },
																"west": { "texture": "#skin", "uv": [ 21.5, 21.0, 22.0, 23.0 ], "rotation": 270, "autoUv": false, "snapUv": false, "windMode": [-1,-1,-1,-1] },
																"up": { "texture": "#skin", "uv": [ 21.5, 21.0, 23.5, 23.0 ], "autoUv": false, "snapUv": false, "windMode": [-1,-1,-1,-1] },
																"down": { "texture": "#bottom", "uv": [ 5.0, 8.0, 7.0, 10.0 ], "autoUv": false, "snapUv": false, "windMode": [-1,-1,-1,-1] }
															}
														}
													]
												},
												{
													"name": "LLegLower",
													"from": [ 2.925, 0.013, 0.325 ], 
													"to": [ 3.9, 0.234, 2.6 ], 
													"unwrapMode": 5,
													"autoUnwrap": false,
													"uv": [ 0.5, 6.0 ],
													"rotationOrigin": [ 3.9, 0.013, 0.325 ],
													"rotationY": 26.0,
													"faces": {
														"north": { "texture": "#null", "uv": [ 0.0, 3.5, 1.5, 4.0 ], "enabled": false, "autoUv": false, "snapUv": false },
														"east": { "texture": "#skin", "uv": [ 25.0, 17.5, 25.5, 21.0 ], "rotation": 90, "autoUv": false, "snapUv": false },
														"south": { "texture": "#null", "uv": [ 5.0, 3.5, 6.5, 4.0 ], "enabled": false, "autoUv": false, "snapUv": false, "windMode": [-1,-1,-1,-1] },
														"west": { "texture": "#null", "uv": [ 6.5, 3.5, 10.0, 4.0 ], "enabled": false, "autoUv": false, "snapUv": false, "windMode": [-1,-1,-1,-1] },
														"up": { "texture": "#skin", "uv": [ 23.5, 17.5, 25.0, 21.0 ], "autoUv": false, "snapUv": false, "windMode": [-1,-1,-1,-1] },
														"down": { "texture": "#bottom", "uv": [ 2.5, 6.0, 4.0, 9.5 ], "autoUv": false, "snapUv": false, "windMode": [-1,-1,-1,-1] }
													}
												}
											]
										},
										{
											"name": "RAbdomen",
											"from": [ 0.0, -0.2405, 0.325 ], 
											"to": [ 3.9, 0.0065, 2.925 ], 
											"unwrapMode": 5,
											"autoUnwrap": false,
											"uv": [ 0.5, 4.5 ],
											"rotationOrigin": [ 0.0, 0.0065, 0.325 ],
											"rotationX": 180.0,
											"rotationY": -3.0,
											"faces": {
												"north": { "texture": "#null", "uv": [ 0.0, 4.0, 6.0, 4.5 ], "enabled": false, "autoUv": false, "snapUv": false },
												"east": { "texture": "#skin", "uv": [ 15.0, 15.0, 19.0, 15.5 ], "autoUv": false, "snapUv": false, "windMode": [-1,-1,-1,-1] },
												"south": { "texture": "#skin", "uv": [ 14.5, 15.0, 15.0, 21.0 ], "rotation": 90, "autoUv": false, "snapUv": false, "windMode": [-1,-1,-1,-1] },
												"west": { "texture": "#skin", "uv": [ 15.0, 20.5, 19.0, 21.0 ], "rotation": 180, "autoUv": false, "snapUv": false, "windMode": [-1,-1,-1,-1] },
												"up": { "texture": "#bottom", "uv": [ 1.0, 4.5, 7.0, 8.5 ], "autoUv": false, "snapUv": false, "windMode": [-1,-1,-1,-1] },
												"down": { "texture": "#skin", "uv": [ 15.0, 15.0, 19.0, 21.0 ], "rotation": 270, "autoUv": false, "snapUv": false, "windMode": [-1,-1,-1,-1] }
											},
											"children": [
												{
													"name": "RLeg",
													"from": [ 1.95, 0.0065, 2.6 ], 
													"to": [ 3.25, 0.2405, 5.2 ], 
													"unwrapMode": 5,
													"autoUnwrap": false,
													"uv": [ 1.5, 4.5 ],
													"rotationOrigin": [ 1.95, 0.2405, 2.6 ],
													"rotationY": 72.0,
													"faces": {
														"north": { "texture": "#null", "uv": [ 0.0, 4.0, 2.0, 4.5 ], "enabled": false, "autoUv": false, "snapUv": false },
														"east": { "texture": "#skin", "uv": [ 24.5, 7.0, 25.0, 11.0 ], "rotation": 90, "autoUv": false, "snapUv": false, "windMode": [-1,-1,-1,-1] },
														"south": { "texture": "#skin", "uv": [ 25.0, 10.5, 27.0, 11.0 ], "autoUv": false, "snapUv": false, "windMode": [-1,-1,-1,-1] },
														"west": { "texture": "#skin", "uv": [ 27.0, 7.0, 27.5, 11.0 ], "rotation": 270, "autoUv": false, "snapUv": false, "windMode": [-1,-1,-1,-1] },
														"up": { "texture": "#bottom", "uv": [ 2.0, 4.5, 4.0, 8.5 ], "autoUv": false, "snapUv": false, "windMode": [-1,-1,-1,-1] },
														"down": { "texture": "#skin", "uv": [ 25.0, 7.0, 27.0, 11.0 ], "autoUv": false, "snapUv": false, "windMode": [-1,-1,-1,-1] }
													},
													"children": [
														{
															"name": "RLegEnd",
															"from": [ 0.0, -0.0065, 2.275 ], 
															"to": [ 1.3, 0.2405, 3.575 ], 
															"unwrapMode": 5,
															"autoUnwrap": false,
															"uv": [ 0.5, 7.5 ],
															"rotationOrigin": [ 0.65, 0.247, 2.275 ],
															"rotationY": -14.0,
															"faces": {
																"north": { "texture": "#skin", "uv": [ 25.0, 10.5, 27.0, 11.0 ], "rotation": 180, "autoUv": false, "snapUv": false, "windMode": [-1,-1,-1,-1] },
																"east": { "texture": "#skin", "uv": [ 25.0, 10.5, 25.5, 12.5 ], "rotation": 270, "autoUv": false, "snapUv": false, "windMode": [-1,-1,-1,-1] },
																"south": { "texture": "#skin", "uv": [ 25.0, 12.0, 27.0, 12.5 ], "rotation": 180, "autoUv": false, "snapUv": false, "windMode": [-1,-1,-1,-1] },
																"west": { "texture": "#skin", "uv": [ 26.5, 10.5, 27.0, 12.5 ], "rotation": 90, "autoUv": false, "snapUv": false, "windMode": [-1,-1,-1,-1] },
																"up": { "texture": "#bottom", "uv": [ 1.0, 8.0, 3.0, 10.0 ], "autoUv": false, "snapUv": false, "windMode": [-1,-1,-1,-1] },
																"down": { "texture": "#skin", "uv": [ 25.0, 10.5, 27.0, 12.5 ], "rotation": 180, "autoUv": false, "snapUv": false, "windMode": [-1,-1,-1,-1] }
															}
														}
													]
												},
												{
													"name": "RLegLower",
													"from": [ 2.925, 0.013, 0.325 ], 
													"to": [ 3.9, 0.234, 2.6 ], 
													"unwrapMode": 5,
													"autoUnwrap": false,
													"uv": [ 12.5, 4.5 ],
													"rotationOrigin": [ 3.9, 0.234, 0.325 ],
													"rotationY": 26.0,
													"faces": {
														"north": { "texture": "#null", "uv": [ 0.0, 3.5, 1.5, 4.0 ], "enabled": false, "autoUv": false, "snapUv": false },
														"east": { "texture": "#skin", "uv": [ 23.0, 7.0, 23.5, 10.5 ], "rotation": 90, "autoUv": false, "snapUv": false, "windMode": [-1,-1,-1,-1] },
														"south": { "texture": "#null", "uv": [ 5.0, 3.5, 6.5, 4.0 ], "enabled": false, "autoUv": false, "snapUv": false },
														"west": { "texture": "#null", "uv": [ 6.5, 3.5, 10.0, 4.0 ], "enabled": false, "autoUv": false, "snapUv": false },
														"up": { "texture": "#bottom", "uv": [ 12.5, 4.5, 14.0, 8.0 ], "autoUv": false, "snapUv": false, "windMode": [-1,-1,-1,-1] },
														"down": { "texture": "#skin", "uv": [ 23.5, 7.0, 25.0, 10.5 ], "autoUv": false, "snapUv": false, "windMode": [-1,-1,-1,-1] }
													}
												}
											]
										},
										{
											"name": "PeltTail",
											"from": [ 3.9, 0.0065, 0.0 ], 
											"to": [ 5.2, 0.2535, 2.6 ], 
											"autoUnwrap": false,
											"uv": [ 0.5, 1.0 ],
											"rotationOrigin": [ 3.9, 0.0065, 0.0 ],
											"faces": {
												"north": { "texture": "#skin", "uv": [ 19.5, 12.5, 21.5, 13.0 ], "autoUv": false, "snapUv": false, "windMode": [-1,-1,-1,-1] },
												"east": { "texture": "#skin", "uv": [ 19.5, 8.5, 20.0, 12.5 ], "rotation": 90, "autoUv": false, "snapUv": false, "windMode": [-1,-1,-1,-1] },
												"south": { "texture": "#skin", "uv": [ 17.5, 12.5, 19.5, 13.0 ], "autoUv": false, "snapUv": false, "windMode": [-1,-1,-1,-1] },
												"west": { "texture": "#skin", "uv": [ 16.5, 8.5, 17.0, 12.5 ], "rotation": 90, "autoUv": false, "snapUv": false, "windMode": [-1,-1,-1,-1] },
												"up": { "texture": "#skin", "uv": [ 17.5, 8.5, 19.5, 12.5 ], "autoUv": false, "snapUv": false, "windMode": [-1,-1,-1,-1] },
												"down": { "texture": "#skin", "uv": [ 18.0, 15.5, 20.0, 19.5 ], "enabled": false, "autoUv": false, "snapUv": false, "windMode": [-1,-1,-1,-1] }
											},
											"children": [
												{
													"name": "PeltTailEnd",
													"from": [ 0.0, -0.0065, 1.04 ], 
													"to": [ 1.3, 0.2275, 1.56 ], 
													"autoUnwrap": false,
													"uv": [ 0.0, 0.5 ],
													"rotationOrigin": [ 0.0, -0.0065, 1.04 ],
													"faces": {
														"north": { "texture": "#skin", "uv": [ 19.0, 23.5, 21.0, 24.0 ], "autoUv": false, "snapUv": false, "windMode": [-1,-1,-1,-1] },
														"east": { "texture": "#skin", "uv": [ 19.5, 23.0, 20.0, 23.5 ], "enabled": false, "autoUv": false, "snapUv": false, "windMode": [-1,-1,-1,-1] },
														"south": { "texture": "#skin", "uv": [ 17.0, 23.5, 19.0, 24.0 ], "autoUv": false, "snapUv": false, "windMode": [-1,-1,-1,-1] },
														"west": { "texture": "#skin", "uv": [ 17.0, 23.5, 17.5, 24.0 ], "autoUv": false, "snapUv": false, "windMode": [-1,-1,-1,-1] },
														"up": { "texture": "#skin", "uv": [ 17.0, 23.0, 19.0, 23.5 ], "autoUv": false, "snapUv": false, "windMode": [-1,-1,-1,-1] },
														"down": { "texture": "#skin", "uv": [ 19.0, 23.0, 21.0, 23.5 ], "autoUv": false, "snapUv": false, "windMode": [-1,-1,-1,-1] }
													}
												}
											]
										}
									]
								},
								{
									"name": "LNeck",
									"from": [ -1.3, 0.013, 1.3 ], 
									"to": [ 0.0, 0.26, 3.25 ], 
									"unwrapMode": 5,
									"autoUnwrap": false,
									"uv": [ 5.0, 11.5 ],
									"rotationOrigin": [ 0.0, 0.013, 1.3 ],
									"rotationY": 22.0,
									"faces": {
										"north": { "texture": "#skin", "uv": [ 17.0, 25.5, 19.0, 26.0 ], "rotation": 180, "autoUv": false, "snapUv": false },
										"east": { "texture": "#null", "uv": [ 2.0, 3.0, 5.0, 3.5 ], "enabled": false, "autoUv": false, "snapUv": false, "windMode": [-1,-1,-1,-1] },
										"south": { "texture": "#skin", "uv": [ 17.0, 28.5, 19.0, 29.0 ], "autoUv": false, "snapUv": false, "windMode": [-1,-1,-1,-1] },
										"west": { "texture": "#skin", "uv": [ 19.0, 25.5, 19.5, 28.5 ], "rotation": 270, "autoUv": false, "snapUv": false, "windMode": [-1,-1,-1,-1] },
										"up": { "texture": "#skin", "uv": [ 17.0, 25.5, 19.0, 28.5 ], "autoUv": false, "snapUv": false, "windMode": [-1,-1,-1,-1] },
										"down": { "texture": "#bottom", "uv": [ 7.5, 12.0, 9.5, 15.0 ], "autoUv": false, "snapUv": false, "windMode": [-1,-1,-1,-1] }
									}
								},
								{
									"name": "RNeck",
									"from": [ -1.3, -0.234, 1.3 ], 
									"to": [ 0.0, 0.013, 3.25 ], 
									"unwrapMode": 6,
									"autoUnwrap": false,
									"uv": [ 8.0, 11.5 ],
									"rotationOrigin": [ 0.0, 0.013, 1.3 ],
									"rotationX": 180.0,
									"rotationY": 22.0,
									"faces": {
										"north": { "texture": "#skin", "uv": [ 15.0, 25.5, 17.0, 26.0 ] },
										"east": { "texture": "#null", "uv": [ 2.0, 3.0, 5.0, 3.5 ], "enabled": false, "windMode": [-1,-1,-1,-1] },
										"south": { "texture": "#skin", "uv": [ 15.0, 28.5, 17.0, 29.0 ], "rotation": 180, "windMode": [-1,-1,-1,-1] },
										"west": { "texture": "#skin", "uv": [ 14.5, 25.5, 15.0, 28.5 ], "rotation": 270, "windMode": [-1,-1,-1,-1] },
										"up": { "texture": "#bottom", "uv": [ 10.5, 12.0, 12.5, 15.0 ], "windMode": [-1,-1,-1,-1] },
										"down": { "texture": "#skin", "uv": [ 15.0, 25.5, 17.0, 28.5 ], "windMode": [-1,-1,-1,-1] }
									}
								}
							]
						}
					]
				}
			]
		}
	]}