{
	"editor": {
		"allAngles": true,
		"entityTextureMode": true
	},
	"textureWidth": 64,
	"textureHeight": 48,
	"textureSizes": {
		"skin": [64,48]
	},
	"textures": {
	},
	"elements": [
		{
			"name": "neck",
			"from": [ 14.75, 7.17, 6.37 ], 
			"to": [ 19.5, 13.5825, 9.5762 ], 
			"unwrapMode": 3,
			"unwrapRotation": 1,
			"uv": [ 0.0, 23.0 ],
			"rotationOrigin": [ 19.0181, 7.1666, 7.9746 ],
			"rotationZ": 54.0,
			"faces": {
						"north": { "texture": "#skin", "uv": [ 9.5, 26.0, 16.0, 31.0 ], "rotation": 270, "windMode": [-1,-1,-1,-1], "windData": [0,0,1,0] },
						"east": { "texture": "#skin", "uv": [ 3.0, 23.0, 9.5, 26.0 ], "rotation": 90, "windMode": [-1,-1,-1,-1], "windData": [1,0,0,1] },
						"south": { "texture": "#skin", "uv": [ 3.0, 26.0, 9.5, 31.0 ], "rotation": 90 },
						"west": { "texture": "#skin", "uv": [ 3.0, 31.0, 9.5, 34.0 ], "rotation": 90 },
						"up": { "texture": "#skin", "uv": [ 0.0, 26.0, 3.0, 31.0 ], "rotation": 90 },
						"down": { "texture": "#skin", "uv": [ 9.5, 26.0, 12.5, 31.0 ], "rotation": 270, "enabled": false, "windMode": [-1,-1,-1,-1] }
			},
			"children": [
				{
					"name": "neck2",
					"from": [ 0.4845, 3.059, 0.0475 ], 
					"to": [ 4.7595, 9.4715, 3.135 ], 
					"unwrapMode": 3,
					"uv": [ 6.5, 31.0 ],
					"rotationOrigin": [ 4.617, 5.168, 1.5081 ],
					"rotationZ": -30.0,
					"faces": {
						"north": { "texture": "#skin", "uv": [ 17.0, 34.0, 21.5, 40.5 ] },
						"east": { "texture": "#skin", "uv": [ 14.0, 34.0, 17.0, 40.5 ] },
						"south": { "texture": "#skin", "uv": [ 9.5, 34.0, 14.0, 40.5 ] },
						"west": { "texture": "#skin", "uv": [ 6.5, 34.0, 9.5, 40.5 ] },
						"up": { "texture": "#skin", "uv": [ 9.5, 31.0, 14.0, 34.0 ] },
						"down": { "texture": "#skin", "uv": [ 9.5, 40.5, 14.0, 43.5 ], "rotation": 180, "enabled": false, "windMode": [-1,-1,-1,-1] }
					},
					"children": [
						{
							"name": "head",
							"from": [ 0.3135, 2.4605, -0.19 ], 
							"to": [ 4.0541, 6.5217, 3.23 ], 
							"unwrapMode": 4,
							"uv": [ 15.0, 13.5 ],
							"rotationOrigin": [ 3.933, 6.308, 1.7005 ],
							"rotationZ": -45.0,
							"faces": {
								"north": { "texture": "#skin", "uv": [ 15.0, 17.0, 18.5, 21.0 ] },
								"east": { "texture": "#skin", "uv": [ 25.5, 17.0, 29.0, 21.0 ] },
								"south": { "texture": "#skin", "uv": [ 22.0, 17.0, 25.5, 21.0 ] },
								"west": { "texture": "#skin", "uv": [ 18.5, 17.0, 22.0, 21.0 ] },
								"up": { "texture": "#skin", "uv": [ 18.5, 13.5, 22.0, 17.0 ], "rotation": 90 },
								"down": { "texture": "#skin", "uv": [ 18.5, 21.0, 22.0, 24.5 ], "rotation": 90 }
							},
							"children": [
								{
									"name": "mouth up",
									"from": [ -2.8856, 0.6412, 0.76 ], 
									"to": [ 0.3206, 1.5675, 2.66 ], 
									"unwrapMode": 5,
									"unwrapRotation": 1,
									"uv": [ 0.0, 13.5 ],
									"rotationOrigin": [ 0.3206, 1.7812, 1.7385 ],
									"rotationZ": 45.0,
									"faces": {
										"north": { "texture": "#skin", "uv": [ 0.0, 13.5, 0.5, 16.5 ], "rotation": 270 },
										"east": { "texture": "#skin", "uv": [ 0.5, 13.5, 2.5, 14.0 ], "rotation": 180, "enabled": false },
										"south": { "texture": "#skin", "uv": [ 2.5, 13.5, 3.0, 16.5 ], "rotation": 90 },
										"west": { "texture": "#skin", "uv": [ 0.5, 16.5, 2.5, 17.0 ] },
										"up": { "texture": "#skin", "uv": [ 0.5, 13.5, 2.5, 16.5 ], "rotation": 90 },
										"down": { "texture": "#skin", "uv": [ 3.0, 13.5, 5.0, 16.5 ], "rotation": 270 }
									},
									"children": [
										{
											"name": "nose",
											"from": [ -0.1069, 0.1567, 0.3325 ], 
											"to": [ 0.9619, 1.1186, 1.615 ], 
											"unwrapMode": 4,
											"uv": [ 1.0, 20.0 ],
											"rotationOrigin": [ -0.1069, 1.1756, 0.9737 ],
											"faces": {
												"north": { "texture": "#skin", "uv": [ 1.0, 21.0, 2.0, 22.0 ], "windMode": [-1,-1,-1,-1], "windData": [1,1,1,1] },
												"east": { "texture": "#skin", "uv": [ 4.0, 21.0, 5.0, 22.0 ], "windMode": [-1,-1,-1,-1], "windData": [1,1,1,1] },
												"south": { "texture": "#skin", "uv": [ 3.0, 21.0, 4.0, 22.0 ], "windMode": [-1,-1,-1,-1], "windData": [1,1,1,1] },
												"west": { "texture": "#skin", "uv": [ 2.0, 21.0, 3.0, 22.0 ], "windMode": [-1,-1,-1,-1], "windData": [1,1,1,1] },
												"up": { "texture": "#skin", "uv": [ 2.0, 20.0, 3.0, 21.0 ], "rotation": 90, "windMode": [-1,-1,-1,-1], "windData": [1,1,1,1] },
												"down": { "texture": "#skin", "uv": [ 2.0, 22.0, 3.0, 23.0 ], "rotation": 90, "windMode": [-1,-1,-1,-1], "windData": [1,1,1,1] }
											}
										},
										{
											"name": "nose bridge",
											"from": [ 0.5344, 0.0095, 0.114 ], 
											"to": [ 4.4175, 0.9595, 1.824 ], 
											"unwrapMode": 5,
											"unwrapRotation": 1,
											"uv": [ 15.0, 0.0 ],
											"rotationOrigin": [ 0.5344, 0.2422, 0.6531 ],
											"rotationZ": 18.0,
											"faces": {
												"north": { "texture": "#skin", "uv": [ 15.0, 0.0, 16.0, 4.0 ], "rotation": 270 },
												"east": { "texture": "#skin", "uv": [ 16.0, 0.0, 17.5, 1.0 ], "rotation": 180, "enabled": false, "windMode": [-1,-1,-1,-1], "windData": [1,1,1,1] },
												"south": { "texture": "#skin", "uv": [ 17.5, 0.0, 18.5, 4.0 ], "rotation": 90 },
												"west": { "texture": "#skin", "uv": [ 16.0, 4.0, 17.5, 5.0 ], "enabled": false },
												"up": { "texture": "#skin", "uv": [ 16.0, 0.0, 17.5, 4.0 ], "rotation": 90 },
												"down": { "texture": "#skin", "uv": [ 18.5, 0.0, 20.0, 4.0 ], "rotation": 270, "enabled": false }
											}
										}
									]
								},
								{
									"name": "R ear",
									"from": [ 2.375, 2.3845, -3.42 ], 
									"to": [ 2.9094, 3.9876, 0.38 ], 
									"unwrapMode": 4,
									"uv": [ 27.0, 3.5 ],
									"rotationOrigin": [ 2.5887, 3.135, 0.3895 ],
									"rotationX": 35.0,
									"rotationZ": 22.0,
									"faces": {
										"north": { "texture": "#skin", "uv": [ 27.0, 4.0, 27.5, 5.5 ] },
										"east": { "texture": "#skin", "uv": [ 32.0, 4.0, 36.0, 5.5 ] },
										"south": { "texture": "#skin", "uv": [ 31.5, 4.0, 32.0, 5.5 ], "windMode": [-1,-1,-1,-1], "windData": [0,0,0,0] },
										"west": { "texture": "#skin", "uv": [ 27.5, 4.0, 31.5, 5.5 ] },
										"up": { "texture": "#skin", "uv": [ 27.5, 3.5, 31.5, 4.0 ], "rotation": 90 },
										"down": { "texture": "#skin", "uv": [ 27.5, 5.5, 31.5, 6.0 ], "rotation": 90 }
									}
								},
								{
									"name": "L ear",
									"from": [ 2.375, 2.3845, 3.04 ], 
									"to": [ 2.9094, 3.9876, 6.84 ], 
									"unwrapMode": 2,
									"uv": [ 18.0, 3.5 ],
									"rotationOrigin": [ 2.5887, 3.135, 3.04 ],
									"rotationX": -35.0,
									"rotationZ": 22.0,
									"faces": {
										"north": { "texture": "#skin", "uv": [ 22.5, 4.0, 23.0, 5.5 ], "windMode": [-1,-1,-1,-1] },
										"east": { "texture": "#skin", "uv": [ 18.5, 4.0, 22.5, 5.5 ] },
										"south": { "texture": "#skin", "uv": [ 18.0, 4.0, 18.5, 5.5 ], "windMode": [-1,-1,-1,-1], "windData": [1,1,1,1] },
										"west": { "texture": "#skin", "uv": [ 23.0, 4.0, 27.0, 5.5 ] },
										"up": { "texture": "#skin", "uv": [ 18.5, 3.5, 22.5, 4.0 ], "rotation": 270 },
										"down": { "texture": "#skin", "uv": [ 18.5, 5.5, 22.5, 6.0 ], "rotation": 270 }
									}
								},
								{
									"name": "jaw",
									"from": [ -1.6245, 0.152, 0.874 ], 
									"to": [ 1.5817, 0.8645, 2.584 ], 
									"unwrapMode": 5,
									"unwrapRotation": 1,
									"uv": [ 0.0, 17.0 ],
									"rotationOrigin": [ 1.3662, 0.8455, 1.7337 ],
									"rotationZ": 34.0,
									"faces": {
										"north": { "texture": "#skin", "uv": [ 0.0, 17.0, 0.5, 20.0 ], "rotation": 270 },
										"east": { "texture": "#skin", "uv": [ 0.5, 17.0, 2.0, 17.5 ], "rotation": 180, "enabled": false },
										"south": { "texture": "#skin", "uv": [ 2.0, 17.0, 2.5, 20.0 ], "rotation": 90 },
										"west": { "texture": "#skin", "uv": [ 0.5, 20.0, 2.0, 20.5 ] },
										"up": { "texture": "#skin", "uv": [ 0.5, 17.0, 2.0, 20.0 ], "rotation": 90 },
										"down": { "texture": "#skin", "uv": [ 2.5, 17.0, 4.0, 20.0 ], "rotation": 270 }
									}
								},
								{
									"name": "Horn attachment",
									"from": [ 0.0, 3.2062, 1.71 ], 
									"to": [ 1.0687, 4.275, 2.7787 ], 
									"uv": [ 0.0, 0.0 ],
									"rotationOrigin": [ 0.0, 3.2062, 1.7753 ],
									"faces": {
										"north": { "texture": "#skin", "uv": [ 0.0, 1.0, 1.125, 2.125 ], "enabled": false },
										"east": { "texture": "#skin", "uv": [ 1.0, 1.0, 2.125, 2.125 ], "enabled": false, "windMode": [-1,-1,-1,-1], "windData": [1,1,1,1] },
										"south": { "texture": "#skin", "uv": [ 1.0, 1.0, 2.125, 2.125 ], "enabled": false, "windMode": [-1,-1,-1,-1], "windData": [1,1,1,1] },
										"west": { "texture": "#skin", "uv": [ 1.0, 1.0, 2.125, 2.125 ], "enabled": false, "windMode": [-1,-1,-1,-1], "windData": [1,1,1,1] },
										"up": { "texture": "#skin", "uv": [ 0.0, 0.0, 1.125, 1.125 ], "enabled": false, "windMode": [-1,-1,-1,-1], "windData": [1,1,1,1] },
										"down": { "texture": "#skin", "uv": [ 1.0, 0.0, 2.125, 1.125 ], "enabled": false, "windMode": [-1,-1,-1,-1], "windData": [1,1,1,1] }
									},
									"children": [
										{
											"name": "R antler base",
											"from": [ 0.5035, 0.646, -1.3775 ], 
											"to": [ 1.5722, 1.881, -0.3087 ], 
											"unwrapMode": 4,
											"uv": [ 11.0, 45.0 ],
											"rotationOrigin": [ 0.4987, 0.6412, -0.3135 ],
											"rotationX": -30.0,
											"rotationZ": -25.0,
											"faces": {
												"north": { "texture": "#skin", "uv": [ 11.0, 46.0, 12.0, 47.0 ] },
												"east": { "texture": "#skin", "uv": [ 14.0, 46.0, 15.0, 47.0 ] },
												"south": { "texture": "#skin", "uv": [ 13.0, 46.0, 14.0, 47.0 ] },
												"west": { "texture": "#skin", "uv": [ 12.0, 46.0, 13.0, 47.0 ], "windMode": [-1,-1,-1,-1], "windData": [0,1,1,1] },
												"up": { "texture": "#skin", "uv": [ 12.0, 45.0, 13.0, 46.0 ], "rotation": 90 },
												"down": { "texture": "#skin", "uv": [ 12.0, 47.0, 13.0, 48.0 ], "rotation": 90 }
											},
											"children": [
												{
													"name": "R antler base 2",
													"from": [ 0.095, 1.14, 0.095 ], 
													"to": [ 1.045, 4.465, 1.045 ], 
													"unwrapMode": 4,
													"uv": [ 10.0, 40.5 ],
													"rotationOrigin": [ 0.095, 1.1352, 1.045 ],
													"rotationX": -11.0,
													"rotationZ": -10.0,
													"faces": {
														"north": { "texture": "#skin", "uv": [ 10.0, 41.5, 11.0, 45.0 ] },
														"east": { "texture": "#skin", "uv": [ 13.0, 41.5, 14.0, 45.0 ] },
														"south": { "texture": "#skin", "uv": [ 12.0, 41.5, 13.0, 45.0 ] },
														"west": { "texture": "#skin", "uv": [ 11.0, 41.5, 12.0, 45.0 ] },
														"up": { "texture": "#skin", "uv": [ 11.0, 40.5, 12.0, 41.5 ], "rotation": 90 },
														"down": { "texture": "#skin", "uv": [ 11.0, 45.0, 12.0, 46.0 ], "rotation": 90 }
													},
													"children": [
														{
															"name": "R antler base 3",
															"from": [ 0.0475, 2.945, 0.0475 ], 
															"to": [ 0.9025, 5.795, 0.9025 ], 
															"unwrapMode": 4,
															"uv": [ 0.0, 2.0 ],
															"rotationOrigin": [ 0.0, 2.9402, 0.95 ],
															"rotationX": -18.0,
															"rotationZ": 38.0,
															"faces": {
																"north": { "texture": "#skin", "uv": [ 0.0, 2.5, 0.5, 5.5 ] },
																"east": { "texture": "#skin", "uv": [ 1.5, 2.5, 2.0, 5.5 ] },
																"south": { "texture": "#skin", "uv": [ 1.0, 2.5, 1.5, 5.5 ] },
																"west": { "texture": "#skin", "uv": [ 0.5, 2.5, 1.0, 5.5 ] },
																"up": { "texture": "#skin", "uv": [ 0.5, 2.0, 1.0, 2.5 ], "rotation": 90 },
																"down": { "texture": "#skin", "uv": [ 0.5, 5.5, 1.0, 6.0 ], "rotation": 90 }
															},
															"children": [
																{
																	"name": "R antler base 4",
																	"from": [ 0.0, 2.28, 0.0 ], 
																	"to": [ 0.76, 5.13, 0.76 ], 
																	"unwrapMode": 4,
																	"uv": [ 32.5, 44.0 ],
																	"rotationOrigin": [ 0.0, 2.2752, 0.76 ],
																	"rotationX": -20.0,
																	"rotationY": -10.0,
																	"rotationZ": 45.0,
																	"faces": {
																		"north": { "texture": "#skin", "uv": [ 32.5, 44.5, 33.0, 47.5 ] },
																		"east": { "texture": "#skin", "uv": [ 34.0, 44.5, 34.5, 47.5 ] },
																		"south": { "texture": "#skin", "uv": [ 33.5, 44.5, 34.0, 47.5 ] },
																		"west": { "texture": "#skin", "uv": [ 33.0, 44.5, 33.5, 47.5 ] },
																		"up": { "texture": "#skin", "uv": [ 33.0, 44.0, 33.5, 44.5 ], "rotation": 90 },
																		"down": { "texture": "#skin", "uv": [ 33.0, 47.5, 33.5, 48.0 ], "rotation": 90 }
																	},
																	"children": [
																		{
																			"name": "R antler base 5",
																			"from": [ 0.0, 2.185, 0.0 ], 
																			"to": [ 0.76, 5.035, 0.76 ], 
																			"unwrapMode": 4,
																			"uv": [ 34.5, 44.0 ],
																			"rotationOrigin": [ 0.0, 2.1802, 0.76 ],
																			"rotationX": -5.0,
																			"rotationZ": 25.0,
																			"faces": {
																				"north": { "texture": "#skin", "uv": [ 34.5, 44.5, 35.0, 47.5 ] },
																				"east": { "texture": "#skin", "uv": [ 36.0, 44.5, 36.5, 47.5 ] },
																				"south": { "texture": "#skin", "uv": [ 35.5, 44.5, 36.0, 47.5 ] },
																				"west": { "texture": "#skin", "uv": [ 35.0, 44.5, 35.5, 47.5 ] },
																				"up": { "texture": "#skin", "uv": [ 35.0, 44.0, 35.5, 44.5 ], "rotation": 90 },
																				"down": { "texture": "#skin", "uv": [ 35.0, 47.5, 35.5, 48.0 ], "rotation": 90 }
																			},
																			"children": [
																				{
																					"name": "R antler base 6",
																					"from": [ 0.095, 2.66, 0.095 ], 
																					"to": [ 0.665, 5.51, 0.665 ], 
																					"unwrapMode": 4,
																					"uv": [ 0.0, 44.0 ],
																					"rotationOrigin": [ 0.095, 2.6552, 0.665 ],
																					"rotationX": 5.0,
																					"rotationZ": 20.0,
																					"faces": {
																						"north": { "texture": "#skin", "uv": [ 0.0, 44.5, 0.5, 47.5 ] },
																						"east": { "texture": "#skin", "uv": [ 1.5, 44.5, 2.0, 47.5 ] },
																						"south": { "texture": "#skin", "uv": [ 1.0, 44.5, 1.5, 47.5 ] },
																						"west": { "texture": "#skin", "uv": [ 0.5, 44.5, 1.0, 47.5 ] },
																						"up": { "texture": "#skin", "uv": [ 0.5, 44.0, 1.0, 44.5 ], "rotation": 90 },
																						"down": { "texture": "#skin", "uv": [ 0.5, 47.5, 1.0, 48.0 ], "rotation": 90 }
																					},
																					"children": [
																						{
																							"name": "R antler point 4",
																							"from": [ 0.095, 0.38, 0.285 ], 
																							"to": [ 0.57, 1.805, 0.76 ], 
																							"unwrapMode": 4,
																							"uv": [ 2.0, 34.5 ],
																							"rotationOrigin": [ 0.095, 0.38, 0.285 ],
																							"rotationX": 60.0,
																							"faces": {
																								"north": { "texture": "#skin", "uv": [ 2.0, 35.0, 2.5, 36.5 ] },
																								"east": { "texture": "#skin", "uv": [ 3.5, 35.0, 4.0, 36.5 ] },
																								"south": { "texture": "#skin", "uv": [ 3.0, 35.0, 3.5, 36.5 ] },
																								"west": { "texture": "#skin", "uv": [ 2.5, 35.0, 3.0, 36.5 ] },
																								"up": { "texture": "#skin", "uv": [ 2.5, 34.5, 3.0, 35.0 ], "rotation": 90 },
																								"down": { "texture": "#skin", "uv": [ 2.5, 36.5, 3.0, 37.0 ], "rotation": 90 }
																							}
																						}
																					]
																				},
																				{
																					"name": "R antler branch 3",
																					"from": [ 0.095, 0.76, 0.475 ], 
																					"to": [ 0.76, 4.085, 1.14 ], 
																					"unwrapMode": 4,
																					"uv": [ 4.0, 43.5 ],
																					"rotationOrigin": [ 0.095, 0.76, 0.475 ],
																					"rotationX": 75.0,
																					"rotationZ": -15.0,
																					"faces": {
																						"north": { "texture": "#skin", "uv": [ 4.0, 44.0, 4.5, 47.5 ] },
																						"east": { "texture": "#skin", "uv": [ 5.5, 44.0, 6.0, 47.5 ] },
																						"south": { "texture": "#skin", "uv": [ 5.0, 44.0, 5.5, 47.5 ] },
																						"west": { "texture": "#skin", "uv": [ 4.5, 44.0, 5.0, 47.5 ] },
																						"up": { "texture": "#skin", "uv": [ 4.5, 43.5, 5.0, 44.0 ], "rotation": 90 },
																						"down": { "texture": "#skin", "uv": [ 4.5, 47.5, 5.0, 48.0 ], "rotation": 90 }
																					},
																					"children": [
																						{
																							"name": "R antler branch 3 point A",
																							"from": [ 0.095, 3.135, 0.095 ], 
																							"to": [ 0.57, 5.035, 0.57 ], 
																							"unwrapMode": 4,
																							"uv": [ 2.0, 37.0 ],
																							"rotationOrigin": [ 0.095, 3.135, 0.095 ],
																							"rotationZ": 14.0,
																							"faces": {
																								"north": { "texture": "#skin", "uv": [ 2.0, 37.5, 2.5, 39.5 ] },
																								"east": { "texture": "#skin", "uv": [ 3.5, 37.5, 4.0, 39.5 ] },
																								"south": { "texture": "#skin", "uv": [ 3.0, 37.5, 3.5, 39.5 ] },
																								"west": { "texture": "#skin", "uv": [ 2.5, 37.5, 3.0, 39.5 ] },
																								"up": { "texture": "#skin", "uv": [ 2.5, 37.0, 3.0, 37.5 ], "rotation": 90 },
																								"down": { "texture": "#skin", "uv": [ 2.5, 39.5, 3.0, 40.0 ], "rotation": 90 }
																							}
																						}
																					]
																				}
																			]
																		},
																		{
																			"name": "R antler branch 2",
																			"from": [ 0.0, 0.475, 0.57 ], 
																			"to": [ 0.665, 2.375, 1.235 ], 
																			"unwrapMode": 4,
																			"uv": [ 0.0, 38.0 ],
																			"rotationOrigin": [ 0.0, 0.475, 0.57 ],
																			"rotationX": 90.0,
																			"rotationZ": -15.0,
																			"faces": {
																				"north": { "texture": "#skin", "uv": [ 0.0, 38.5, 0.5, 40.5 ] },
																				"east": { "texture": "#skin", "uv": [ 1.5, 38.5, 2.0, 40.5 ] },
																				"south": { "texture": "#skin", "uv": [ 1.0, 38.5, 1.5, 40.5 ] },
																				"west": { "texture": "#skin", "uv": [ 0.5, 38.5, 1.0, 40.5 ] },
																				"up": { "texture": "#skin", "uv": [ 0.5, 38.0, 1.0, 38.5 ], "rotation": 90 },
																				"down": { "texture": "#skin", "uv": [ 0.5, 40.5, 1.0, 41.0 ], "rotation": 90 }
																			},
																			"children": [
																				{
																					"name": "R antler branch 2A",
																					"from": [ 0.0, 1.52, 0.0 ], 
																					"to": [ 0.665, 3.42, 0.665 ], 
																					"unwrapMode": 4,
																					"uv": [ 0.0, 35.0 ],
																					"rotationOrigin": [ 0.0, 1.52, 0.0 ],
																					"rotationX": -33.0,
																					"rotationZ": 1.0,
																					"faces": {
																						"north": { "texture": "#skin", "uv": [ 0.0, 35.5, 0.5, 37.5 ] },
																						"east": { "texture": "#skin", "uv": [ 1.5, 35.5, 2.0, 37.5 ] },
																						"south": { "texture": "#skin", "uv": [ 1.0, 35.5, 1.5, 37.5 ] },
																						"west": { "texture": "#skin", "uv": [ 0.5, 35.5, 1.0, 37.5 ] },
																						"up": { "texture": "#skin", "uv": [ 0.5, 35.0, 1.0, 35.5 ], "rotation": 90 },
																						"down": { "texture": "#skin", "uv": [ 0.5, 37.5, 1.0, 38.0 ], "rotation": 90 }
																					},
																					"children": [
																						{
																							"name": "R antler branch point A",
																							"from": [ 0.19, 1.615, 0.095 ], 
																							"to": [ 0.665, 3.515, 0.57 ], 
																							"unwrapMode": 4,
																							"uv": [ 0.0, 32.0 ],
																							"rotationOrigin": [ 0.19, 1.615, 0.095 ],
																							"rotationZ": 33.0,
																							"faces": {
																								"north": { "texture": "#skin", "uv": [ 0.0, 32.5, 0.5, 34.5 ] },
																								"east": { "texture": "#skin", "uv": [ 1.5, 32.5, 2.0, 34.5 ] },
																								"south": { "texture": "#skin", "uv": [ 1.0, 32.5, 1.5, 34.5 ] },
																								"west": { "texture": "#skin", "uv": [ 0.5, 32.5, 1.0, 34.5 ] },
																								"up": { "texture": "#skin", "uv": [ 0.5, 32.0, 1.0, 32.5 ], "rotation": 90 },
																								"down": { "texture": "#skin", "uv": [ 0.5, 34.5, 1.0, 35.0 ], "rotation": 90 }
																							}
																						}
																					]
																				},
																				{
																					"name": "R antler branch 2B",
																					"from": [ 0.0, 1.52, 0.0 ], 
																					"to": [ 0.665, 4.37, 0.665 ], 
																					"unwrapMode": 4,
																					"uv": [ 2.0, 40.0 ],
																					"rotationOrigin": [ 0.0, 1.52, 0.0 ],
																					"rotationX": 5.0,
																					"rotationZ": 1.0,
																					"faces": {
																						"north": { "texture": "#skin", "uv": [ 2.0, 40.5, 2.5, 43.5 ] },
																						"east": { "texture": "#skin", "uv": [ 3.5, 40.5, 4.0, 43.5 ] },
																						"south": { "texture": "#skin", "uv": [ 3.0, 40.5, 3.5, 43.5 ] },
																						"west": { "texture": "#skin", "uv": [ 2.5, 40.5, 3.0, 43.5 ] },
																						"up": { "texture": "#skin", "uv": [ 2.5, 40.0, 3.0, 40.5 ], "rotation": 90 },
																						"down": { "texture": "#skin", "uv": [ 2.5, 43.5, 3.0, 44.0 ], "rotation": 90 }
																					},
																					"children": [
																						{
																							"name": "R antler branch point B",
																							"from": [ 0.19, 2.565, 0.095 ], 
																							"to": [ 0.665, 3.99, 0.57 ], 
																							"unwrapMode": 4,
																							"uv": [ 0.0, 23.5 ],
																							"rotationOrigin": [ 0.19, 2.565, 0.095 ],
																							"rotationZ": 28.0,
																							"faces": {
																								"north": { "texture": "#skin", "uv": [ 0.0, 24.0, 0.5, 25.5 ] },
																								"east": { "texture": "#skin", "uv": [ 1.5, 24.0, 2.0, 25.5 ] },
																								"south": { "texture": "#skin", "uv": [ 1.0, 24.0, 1.5, 25.5 ] },
																								"west": { "texture": "#skin", "uv": [ 0.5, 24.0, 1.0, 25.5 ] },
																								"up": { "texture": "#skin", "uv": [ 0.5, 23.5, 1.0, 24.0 ], "rotation": 90 },
																								"down": { "texture": "#skin", "uv": [ 0.5, 25.5, 1.0, 26.0 ], "rotation": 90 }
																							}
																						}
																					]
																				}
																			]
																		}
																	]
																},
																{
																	"name": "R antler branch 1",
																	"from": [ 0.0, 0.475, 0.475 ], 
																	"to": [ 0.475, 2.375, 0.95 ], 
																	"unwrapMode": 4,
																	"uv": [ 0.0, 41.0 ],
																	"rotationOrigin": [ 0.0, 0.475, 0.475 ],
																	"rotationX": 66.0,
																	"faces": {
																		"north": { "texture": "#skin", "uv": [ 0.0, 41.5, 0.5, 43.5 ] },
																		"east": { "texture": "#skin", "uv": [ 1.5, 41.5, 2.0, 43.5 ] },
																		"south": { "texture": "#skin", "uv": [ 1.0, 41.5, 1.5, 43.5 ] },
																		"west": { "texture": "#skin", "uv": [ 0.5, 41.5, 1.0, 43.5 ] },
																		"up": { "texture": "#skin", "uv": [ 0.5, 41.0, 1.0, 41.5 ], "rotation": 90 },
																		"down": { "texture": "#skin", "uv": [ 0.5, 43.5, 1.0, 44.0 ], "rotation": 90 }
																	}
																}
															]
														}
													]
												}
											]
										},
										{
											"name": "L antler base",
											"from": [ 0.494, 0.6365, 0.304 ], 
											"to": [ 1.5627, 1.8715, 1.3727 ], 
											"unwrapMode": 4,
											"uv": [ 15.0, 45.0 ],
											"rotationOrigin": [ 0.4987, 0.6412, 0.3087 ],
											"rotationX": 30.0,
											"rotationZ": -25.0,
											"faces": {
												"north": { "texture": "#skin", "uv": [ 15.0, 46.0, 16.0, 47.0 ] },
												"east": { "texture": "#skin", "uv": [ 18.0, 46.0, 19.0, 47.0 ] },
												"south": { "texture": "#skin", "uv": [ 17.0, 46.0, 18.0, 47.0 ] },
												"west": { "texture": "#skin", "uv": [ 16.0, 46.0, 17.0, 47.0 ], "windMode": [-1,-1,-1,-1], "windData": [0,0,1,1] },
												"up": { "texture": "#skin", "uv": [ 16.0, 45.0, 17.0, 46.0 ], "rotation": 90 },
												"down": { "texture": "#skin", "uv": [ 16.0, 47.0, 17.0, 48.0 ], "rotation": 90 }
											},
											"children": [
												{
													"name": "L antler base 2",
													"from": [ 0.095, 1.14, 0.095 ], 
													"to": [ 1.045, 4.465, 1.045 ], 
													"unwrapMode": 4,
													"uv": [ 14.0, 40.5 ],
													"rotationOrigin": [ 0.0997, 1.1447, 0.095 ],
													"rotationX": 11.0,
													"rotationZ": -10.0,
													"faces": {
														"north": { "texture": "#skin", "uv": [ 14.0, 41.5, 15.0, 45.0 ] },
														"east": { "texture": "#skin", "uv": [ 17.0, 41.5, 18.0, 45.0 ] },
														"south": { "texture": "#skin", "uv": [ 16.0, 41.5, 17.0, 45.0 ] },
														"west": { "texture": "#skin", "uv": [ 15.0, 41.5, 16.0, 45.0 ] },
														"up": { "texture": "#skin", "uv": [ 15.0, 40.5, 16.0, 41.5 ], "rotation": 90 },
														"down": { "texture": "#skin", "uv": [ 15.0, 45.0, 16.0, 46.0 ], "rotation": 90 }
													},
													"children": [
														{
															"name": "L antler base 3",
															"from": [ 0.0, 3.04, 0.0 ], 
															"to": [ 0.855, 5.89, 0.855 ], 
															"unwrapMode": 4,
															"uv": [ 2.0, 2.0 ],
															"rotationOrigin": [ 0.0047, 3.0447, 0.0 ],
															"rotationX": 18.0,
															"rotationZ": 38.0,
															"faces": {
																"north": { "texture": "#skin", "uv": [ 2.0, 2.5, 2.5, 5.5 ] },
																"east": { "texture": "#skin", "uv": [ 3.5, 2.5, 4.0, 5.5 ] },
																"south": { "texture": "#skin", "uv": [ 3.0, 2.5, 3.5, 5.5 ] },
																"west": { "texture": "#skin", "uv": [ 2.5, 2.5, 3.0, 5.5 ] },
																"up": { "texture": "#skin", "uv": [ 2.5, 2.0, 3.0, 2.5 ], "rotation": 90 },
																"down": { "texture": "#skin", "uv": [ 2.5, 5.5, 3.0, 6.0 ], "rotation": 90 }
															},
															"children": [
																{
																	"name": "L antler base 4",
																	"from": [ 0.0, 2.28, 0.0 ], 
																	"to": [ 0.76, 5.13, 0.76 ], 
																	"unwrapMode": 4,
																	"uv": [ 4.0, 2.0 ],
																	"rotationOrigin": [ 0.0047, 2.2847, 0.0 ],
																	"rotationX": 30.0,
																	"rotationY": 10.0,
																	"rotationZ": 45.0,
																	"faces": {
																		"north": { "texture": "#skin", "uv": [ 4.0, 2.5, 4.5, 5.5 ] },
																		"east": { "texture": "#skin", "uv": [ 5.5, 2.5, 6.0, 5.5 ] },
																		"south": { "texture": "#skin", "uv": [ 5.0, 2.5, 5.5, 5.5 ] },
																		"west": { "texture": "#skin", "uv": [ 4.5, 2.5, 5.0, 5.5 ] },
																		"up": { "texture": "#skin", "uv": [ 4.5, 2.0, 5.0, 2.5 ], "rotation": 90 },
																		"down": { "texture": "#skin", "uv": [ 4.5, 5.5, 5.0, 6.0 ], "rotation": 90 }
																	},
																	"children": [
																		{
																			"name": "L antler base 5",
																			"from": [ 0.0, 2.185, 0.0 ], 
																			"to": [ 0.76, 5.035, 0.76 ], 
																			"unwrapMode": 4,
																			"uv": [ 36.5, 44.0 ],
																			"rotationOrigin": [ 0.0047, 2.1897, 0.0 ],
																			"rotationX": 5.0,
																			"rotationZ": 25.0,
																			"faces": {
																				"north": { "texture": "#skin", "uv": [ 36.5, 44.5, 37.0, 47.5 ] },
																				"east": { "texture": "#skin", "uv": [ 38.0, 44.5, 38.5, 47.5 ] },
																				"south": { "texture": "#skin", "uv": [ 37.5, 44.5, 38.0, 47.5 ] },
																				"west": { "texture": "#skin", "uv": [ 37.0, 44.5, 37.5, 47.5 ] },
																				"up": { "texture": "#skin", "uv": [ 37.0, 44.0, 37.5, 44.5 ], "rotation": 90 },
																				"down": { "texture": "#skin", "uv": [ 37.0, 47.5, 37.5, 48.0 ], "rotation": 90 }
																			},
																			"children": [
																				{
																					"name": "L antler base 6",
																					"from": [ 0.095, 2.66, 0.095 ], 
																					"to": [ 0.665, 5.51, 0.665 ], 
																					"unwrapMode": 4,
																					"uv": [ 2.0, 44.0 ],
																					"rotationOrigin": [ 0.0997, 2.6647, 0.095 ],
																					"rotationX": -5.0,
																					"rotationZ": 20.0,
																					"faces": {
																						"north": { "texture": "#skin", "uv": [ 2.0, 44.5, 2.5, 47.5 ] },
																						"east": { "texture": "#skin", "uv": [ 3.5, 44.5, 4.0, 47.5 ] },
																						"south": { "texture": "#skin", "uv": [ 3.0, 44.5, 3.5, 47.5 ] },
																						"west": { "texture": "#skin", "uv": [ 2.5, 44.5, 3.0, 47.5 ] },
																						"up": { "texture": "#skin", "uv": [ 2.5, 44.0, 3.0, 44.5 ], "rotation": 90 },
																						"down": { "texture": "#skin", "uv": [ 2.5, 47.5, 3.0, 48.0 ], "rotation": 90 }
																					},
																					"children": [
																						{
																							"name": "L antler point 4",
																							"from": [ 0.095, 0.0, 0.0 ], 
																							"to": [ 0.57, 1.425, 0.475 ], 
																							"unwrapMode": 4,
																							"uv": [ 4.0, 34.0 ],
																							"rotationOrigin": [ 0.095, 0.0, 0.0 ],
																							"rotationX": -60.0,
																							"faces": {
																								"north": { "texture": "#skin", "uv": [ 4.0, 34.5, 4.5, 36.0 ] },
																								"east": { "texture": "#skin", "uv": [ 5.5, 34.5, 6.0, 36.0 ] },
																								"south": { "texture": "#skin", "uv": [ 5.0, 34.5, 5.5, 36.0 ] },
																								"west": { "texture": "#skin", "uv": [ 4.5, 34.5, 5.0, 36.0 ] },
																								"up": { "texture": "#skin", "uv": [ 4.5, 34.0, 5.0, 34.5 ], "rotation": 90 },
																								"down": { "texture": "#skin", "uv": [ 4.5, 36.0, 5.0, 36.5 ], "rotation": 90 }
																							}
																						}
																					]
																				},
																				{
																					"name": "L antler branch 3",
																					"from": [ 0.19, 0.0, 0.285 ], 
																					"to": [ 0.855, 3.325, 0.95 ], 
																					"unwrapMode": 4,
																					"uv": [ 4.0, 39.0 ],
																					"rotationOrigin": [ 0.19, 0.0, 0.285 ],
																					"rotationX": -75.0,
																					"rotationZ": -5.0,
																					"faces": {
																						"north": { "texture": "#skin", "uv": [ 4.0, 39.5, 4.5, 43.0 ] },
																						"east": { "texture": "#skin", "uv": [ 5.5, 39.5, 6.0, 43.0 ] },
																						"south": { "texture": "#skin", "uv": [ 5.0, 39.5, 5.5, 43.0 ] },
																						"west": { "texture": "#skin", "uv": [ 4.5, 39.5, 5.0, 43.0 ] },
																						"up": { "texture": "#skin", "uv": [ 4.5, 39.0, 5.0, 39.5 ], "rotation": 90 },
																						"down": { "texture": "#skin", "uv": [ 4.5, 43.0, 5.0, 43.5 ], "rotation": 90 }
																					},
																					"children": [
																						{
																							"name": "L antler branch point C",
																							"from": [ 0.095, 3.135, 0.095 ], 
																							"to": [ 0.57, 5.51, 0.57 ], 
																							"unwrapMode": 4,
																							"uv": [ 6.0, 44.5 ],
																							"rotationOrigin": [ 0.095, 3.135, 0.095 ],
																							"rotationZ": 15.0,
																							"faces": {
																								"north": { "texture": "#skin", "uv": [ 6.0, 45.0, 6.5, 47.5 ] },
																								"east": { "texture": "#skin", "uv": [ 7.5, 45.0, 8.0, 47.5 ] },
																								"south": { "texture": "#skin", "uv": [ 7.0, 45.0, 7.5, 47.5 ] },
																								"west": { "texture": "#skin", "uv": [ 6.5, 45.0, 7.0, 47.5 ] },
																								"up": { "texture": "#skin", "uv": [ 6.5, 44.5, 7.0, 45.0 ], "rotation": 90 },
																								"down": { "texture": "#skin", "uv": [ 6.5, 47.5, 7.0, 48.0 ], "rotation": 90 }
																							}
																						}
																					]
																				}
																			]
																		},
																		{
																			"name": "L antler branch 2",
																			"from": [ 0.0, 0.0, 0.19 ], 
																			"to": [ 0.665, 2.375, 0.855 ], 
																			"unwrapMode": 4,
																			"uv": [ 4.5, 36.0 ],
																			"rotationOrigin": [ 0.0, 0.0, 0.19 ],
																			"rotationX": -90.0,
																			"rotationZ": -5.0,
																			"faces": {
																				"north": { "texture": "#skin", "uv": [ 4.5, 36.5, 5.0, 39.0 ] },
																				"east": { "texture": "#skin", "uv": [ 6.0, 36.5, 6.5, 39.0 ] },
																				"south": { "texture": "#skin", "uv": [ 5.5, 36.5, 6.0, 39.0 ] },
																				"west": { "texture": "#skin", "uv": [ 5.0, 36.5, 5.5, 39.0 ] },
																				"up": { "texture": "#skin", "uv": [ 5.0, 36.0, 5.5, 36.5 ], "rotation": 90 },
																				"down": { "texture": "#skin", "uv": [ 5.0, 39.0, 5.5, 39.5 ], "rotation": 90 }
																			},
																			"children": [
																				{
																					"name": "L antler branch 2A",
																					"from": [ 0.0, 2.09, 0.0 ], 
																					"to": [ 0.665, 4.465, 0.665 ], 
																					"unwrapMode": 4,
																					"uv": [ 6.0, 41.0 ],
																					"rotationOrigin": [ 0.0, 2.09, 0.0 ],
																					"rotationX": 25.0,
																					"rotationZ": 2.0,
																					"faces": {
																						"north": { "texture": "#skin", "uv": [ 6.0, 41.5, 6.5, 44.0 ] },
																						"east": { "texture": "#skin", "uv": [ 7.5, 41.5, 8.0, 44.0 ] },
																						"south": { "texture": "#skin", "uv": [ 7.0, 41.5, 7.5, 44.0 ] },
																						"west": { "texture": "#skin", "uv": [ 6.5, 41.5, 7.0, 44.0 ] },
																						"up": { "texture": "#skin", "uv": [ 6.5, 41.0, 7.0, 41.5 ], "rotation": 90 },
																						"down": { "texture": "#skin", "uv": [ 6.5, 44.0, 7.0, 44.5 ], "rotation": 90 }
																					},
																					"children": [
																						{
																							"name": "L antler branch point A",
																							"from": [ 0.095, 2.185, 0.095 ], 
																							"to": [ 0.57, 4.085, 0.57 ], 
																							"unwrapMode": 4,
																							"uv": [ 33.0, 41.5 ],
																							"rotationOrigin": [ 0.095, 2.185, 0.095 ],
																							"rotationX": 7.0,
																							"rotationZ": 15.0,
																							"faces": {
																								"north": { "texture": "#skin", "uv": [ 33.0, 42.0, 33.5, 44.0 ] },
																								"east": { "texture": "#skin", "uv": [ 34.5, 42.0, 35.0, 44.0 ] },
																								"south": { "texture": "#skin", "uv": [ 34.0, 42.0, 34.5, 44.0 ] },
																								"west": { "texture": "#skin", "uv": [ 33.5, 42.0, 34.0, 44.0 ] },
																								"up": { "texture": "#skin", "uv": [ 33.5, 41.5, 34.0, 42.0 ], "rotation": 90 },
																								"down": { "texture": "#skin", "uv": [ 33.5, 44.0, 34.0, 44.5 ], "rotation": 90 }
																							}
																						}
																					]
																				},
																				{
																					"name": "L antler branch 2B",
																					"from": [ 0.0, 1.805, 0.0 ], 
																					"to": [ 0.665, 4.18, 0.665 ], 
																					"unwrapMode": 4,
																					"uv": [ 8.0, 42.0 ],
																					"rotationOrigin": [ 0.0, 1.805, 0.0 ],
																					"rotationX": -20.0,
																					"rotationZ": 2.0,
																					"faces": {
																						"north": { "texture": "#skin", "uv": [ 8.0, 42.5, 8.5, 45.0 ] },
																						"east": { "texture": "#skin", "uv": [ 9.5, 42.5, 10.0, 45.0 ] },
																						"south": { "texture": "#skin", "uv": [ 9.0, 42.5, 9.5, 45.0 ] },
																						"west": { "texture": "#skin", "uv": [ 8.5, 42.5, 9.0, 45.0 ] },
																						"up": { "texture": "#skin", "uv": [ 8.5, 42.0, 9.0, 42.5 ], "rotation": 90 },
																						"down": { "texture": "#skin", "uv": [ 8.5, 45.0, 9.0, 45.5 ], "rotation": 90 }
																					},
																					"children": [
																						{
																							"name": "L antler branch point B",
																							"from": [ 0.095, 2.185, 0.095 ], 
																							"to": [ 0.57, 3.61, 0.57 ], 
																							"unwrapMode": 4,
																							"uv": [ 35.0, 42.0 ],
																							"rotationOrigin": [ 0.095, 2.185, 0.095 ],
																							"rotationX": -7.0,
																							"rotationZ": 15.0,
																							"faces": {
																								"north": { "texture": "#skin", "uv": [ 35.0, 42.5, 35.5, 44.0 ] },
																								"east": { "texture": "#skin", "uv": [ 36.5, 42.5, 37.0, 44.0 ] },
																								"south": { "texture": "#skin", "uv": [ 36.0, 42.5, 36.5, 44.0 ] },
																								"west": { "texture": "#skin", "uv": [ 35.5, 42.5, 36.0, 44.0 ] },
																								"up": { "texture": "#skin", "uv": [ 35.5, 42.0, 36.0, 42.5 ], "rotation": 90 },
																								"down": { "texture": "#skin", "uv": [ 35.5, 44.0, 36.0, 44.5 ], "rotation": 90 }
																							}
																						}
																					]
																				}
																			]
																		}
																	]
																},
																{
																	"name": "L antler branch 1",
																	"from": [ 0.0, 0.0, 0.0 ], 
																	"to": [ 0.475, 1.425, 0.475 ], 
																	"unwrapMode": 4,
																	"uv": [ 8.0, 45.5 ],
																	"rotationOrigin": [ 0.0, 0.0, 0.0 ],
																	"rotationX": -66.0,
																	"faces": {
																		"north": { "texture": "#skin", "uv": [ 8.0, 46.0, 8.5, 47.5 ] },
																		"east": { "texture": "#skin", "uv": [ 9.5, 46.0, 10.0, 47.5 ] },
																		"south": { "texture": "#skin", "uv": [ 9.0, 46.0, 9.5, 47.5 ] },
																		"west": { "texture": "#skin", "uv": [ 8.5, 46.0, 9.0, 47.5 ] },
																		"up": { "texture": "#skin", "uv": [ 8.5, 45.5, 9.0, 46.0 ], "rotation": 90 },
																		"down": { "texture": "#skin", "uv": [ 8.5, 47.5, 9.0, 48.0 ], "rotation": 90 }
																	}
																}
															]
														}
													]
												}
											]
										}
									]
								}
							]
						}
					]
				}
			]
		}
	]}