{
	"editor": {
		"allAngles": true,
		"entityTextureMode": true
	},
	"textureWidth": 64,
	"textureHeight": 32,
	"textureSizes": {
		"skin": [64,32]
	},
	"textures": {
	},
	"elements": [
		{
			"name": "neck",
			"from": [ 15.37, 7.37, 7.06 ], 
			"to": [ 18.472, 11.462, 9.04 ], 
			"unwrapMode": 3,
			"unwrapRotation": 1,
			"uv": [ 23.0, 0.0 ],
			"rotationOrigin": [ 18.2741, 7.3705, 8.056 ],
			"rotationZ": 41.0,
			"faces": {
						"north": { "texture": "#skin", "uv": [ 30.0, 2.0, 35.0, 5.5 ], "rotation": 270, "windMode": [-1,-1,-1,-1], "windData": [0,0,1,0] },
						"east": { "texture": "#skin", "uv": [ 25.0, 0.0, 30.0, 2.0 ], "rotation": 90, "windMode": [-1,-1,-1,-1], "windData": [1,0,0,1] },
						"south": { "texture": "#skin", "uv": [ 25.0, 2.0, 30.0, 5.5 ], "rotation": 90 },
						"west": { "texture": "#skin", "uv": [ 25.0, 5.5, 30.0, 7.5 ], "rotation": 90 },
						"up": { "texture": "#skin", "uv": [ 23.0, 2.0, 25.0, 5.5 ], "rotation": 90 },
						"down": { "texture": "#skin", "uv": [ 30.0, 2.0, 32.0, 5.5 ], "rotation": 270, "enabled": false, "windMode": [-1,-1,-1,-1], "windData": [0,1,1,0] }
			},
			"children": [
				{
					"name": "neck2",
					"from": [ 0.264, 2.31, 0.066 ], 
					"to": [ 3.036, 6.27, 1.914 ], 
					"unwrapMode": 3,
					"uv": [ 35.0, 0.0 ],
					"rotationOrigin": [ 2.904, 3.63, 0.99 ],
					"rotationZ": -15.0,
					"faces": {
						"north": { "texture": "#skin", "uv": [ 42.0, 2.0, 45.0, 6.5 ], "windMode": [-1,-1,-1,-1], "windData": [1,1,1,1] },
						"east": { "texture": "#skin", "uv": [ 40.0, 2.0, 42.0, 6.5 ], "windMode": [-1,-1,-1,-1], "windData": [1,1,1,1] },
						"south": { "texture": "#skin", "uv": [ 37.0, 2.0, 40.0, 6.5 ], "windMode": [-1,-1,-1,-1], "windData": [1,1,1,1] },
						"west": { "texture": "#skin", "uv": [ 35.0, 2.0, 37.0, 6.5 ], "windMode": [-1,-1,-1,-1], "windData": [1,1,1,1] },
						"up": { "texture": "#skin", "uv": [ 37.0, 0.0, 40.0, 2.0 ], "windMode": [-1,-1,-1,-1], "windData": [1,1,1,1] },
						"down": { "texture": "#skin", "uv": [ 37.0, 6.5, 40.0, 8.5 ], "rotation": 180, "enabled": false, "windMode": [-1,-1,-1,-1], "windData": [1,1,1,1] }
					},
					"children": [
						{
							"name": "head",
							"from": [ 1.32, 1.056, -0.264 ], 
							"to": [ 2.772, 4.026, 2.112 ], 
							"unwrapMode": 4,
							"uv": [ 52.5, 25.5 ],
							"rotationOrigin": [ 2.772, 3.96, 0.99 ],
							"rotationZ": -60.0,
							"faces": {
								"north": { "texture": "#skin", "uv": [ 52.5, 27.0, 54.0, 30.5 ] },
								"east": { "texture": "#skin", "uv": [ 58.0, 27.0, 60.5, 30.5 ] },
								"south": { "texture": "#skin", "uv": [ 56.5, 27.0, 58.0, 30.5 ] },
								"west": { "texture": "#skin", "uv": [ 54.0, 27.0, 56.5, 30.5 ] },
								"up": { "texture": "#skin", "uv": [ 54.0, 25.5, 56.5, 27.0 ], "rotation": 90 },
								"down": { "texture": "#skin", "uv": [ 54.0, 30.5, 56.5, 32.0 ], "rotation": 90 }
							},
							"children": [
								{
									"name": "mouth up",
									"from": [ -1.584, 0.396, 0.528 ], 
									"to": [ 0.396, 0.858, 1.848 ], 
									"unwrapMode": 5,
									"unwrapRotation": 1,
									"uv": [ 45.0, 22.0 ],
									"rotationOrigin": [ 0.33, 0.858, 1.188 ],
									"rotationZ": 55.0,
									"faces": {
										"north": { "texture": "#skin", "uv": [ 45.0, 22.0, 45.5, 24.0 ], "rotation": 270 },
										"east": { "texture": "#skin", "uv": [ 45.5, 22.0, 47.0, 22.5 ], "rotation": 180, "enabled": false },
										"south": { "texture": "#skin", "uv": [ 47.0, 22.0, 47.5, 24.0 ], "rotation": 90 },
										"west": { "texture": "#skin", "uv": [ 45.5, 24.0, 47.0, 24.5 ] },
										"up": { "texture": "#skin", "uv": [ 45.5, 22.0, 47.0, 24.0 ], "rotation": 90 },
										"down": { "texture": "#skin", "uv": [ 47.5, 22.0, 49.0, 24.0 ], "rotation": 270 }
									},
									"children": [
										{
											"name": "nose",
											"from": [ -0.264, 0.132, 0.168 ], 
											"to": [ 0.616, 0.792, 1.148 ], 
											"unwrapMode": 4,
											"uv": [ 0.0, 2.5 ],
											"rotationOrigin": [ -0.264, 0.792, 0.744 ],
											"rotationZ": 16.0,
											"faces": {
												"north": { "texture": "#skin", "uv": [ 0.0, 3.5, 1.0, 4.0 ], "windMode": [-1,-1,-1,-1], "windData": [1,1,1,1] },
												"east": { "texture": "#skin", "uv": [ 3.0, 3.5, 4.0, 4.0 ], "windMode": [-1,-1,-1,-1], "windData": [1,1,1,1] },
												"south": { "texture": "#skin", "uv": [ 2.0, 3.5, 3.0, 4.0 ], "windMode": [-1,-1,-1,-1], "windData": [1,1,1,1] },
												"west": { "texture": "#skin", "uv": [ 1.0, 3.5, 2.0, 4.0 ], "windMode": [-1,-1,-1,-1], "windData": [1,1,1,1] },
												"up": { "texture": "#skin", "uv": [ 1.0, 2.5, 2.0, 3.5 ], "rotation": 90, "windMode": [-1,-1,-1,-1], "windData": [1,1,1,1] },
												"down": { "texture": "#skin", "uv": [ 1.0, 4.0, 2.0, 5.0 ], "rotation": 90, "windMode": [-1,-1,-1,-1], "windData": [1,1,1,1] }
											}
										},
										{
											"name": "nose bridge",
											"from": [ 0.396, 0.0, 0.216 ], 
											"to": [ 3.63, 0.99, 1.112 ], 
											"unwrapMode": 5,
											"unwrapRotation": 1,
											"uv": [ 49.0, 27.0 ],
											"rotationOrigin": [ 0.396, 0.0, 0.608 ],
											"rotationZ": 16.0,
											"faces": {
												"north": { "texture": "#skin", "uv": [ 49.0, 27.0, 50.0, 31.0 ], "rotation": 270 },
												"east": { "texture": "#skin", "uv": [ 50.0, 27.0, 51.0, 28.0 ], "rotation": 180, "enabled": false, "windMode": [-1,-1,-1,-1], "windData": [1,1,1,1] },
												"south": { "texture": "#skin", "uv": [ 51.0, 27.0, 52.0, 31.0 ], "rotation": 90 },
												"west": { "texture": "#skin", "uv": [ 50.0, 31.0, 51.0, 32.0 ], "windMode": [-1,-1,-1,-1], "windData": [1,1,1,1] },
												"up": { "texture": "#skin", "uv": [ 50.0, 27.0, 51.0, 31.0 ], "rotation": 90 },
												"down": { "texture": "#skin", "uv": [ 52.0, 27.0, 53.0, 31.0 ], "rotation": 270, "enabled": false }
											}
										}
									]
								},
								{
									"name": "R ear",
									"from": [ 0.792, 2.046, -1.98 ], 
									"to": [ 1.056, 3.234, 0.396 ], 
									"unwrapMode": 4,
									"uv": [ 36.0, 21.0 ],
									"rotationOrigin": [ 0.99, 2.508, 0.396 ],
									"rotationX": 45.0,
									"rotationZ": 22.0,
									"faces": {
										"north": { "texture": "#skin", "uv": [ 36.0, 21.5, 36.5, 22.5 ] },
										"east": { "texture": "#skin", "uv": [ 39.0, 21.5, 41.5, 22.5 ] },
										"south": { "texture": "#skin", "uv": [ 39.0, 21.5, 39.5, 22.5 ], "enabled": false, "windMode": [-1,-1,-1,-1], "windData": [1,1,1,1] },
										"west": { "texture": "#skin", "uv": [ 36.5, 21.5, 39.0, 22.5 ] },
										"up": { "texture": "#skin", "uv": [ 36.5, 21.0, 39.0, 21.5 ], "rotation": 90 },
										"down": { "texture": "#skin", "uv": [ 36.5, 22.5, 39.0, 23.0 ], "rotation": 90 }
									}
								},
								{
									"name": "L ear",
									"from": [ 0.792, 2.046, 1.98 ], 
									"to": [ 1.056, 3.234, 4.356 ], 
									"unwrapMode": 4,
									"uv": [ 36.5, 18.5 ],
									"rotationOrigin": [ 0.99, 2.508, 1.98 ],
									"rotationX": -45.0,
									"rotationZ": 22.0,
									"faces": {
										"north": { "texture": "#skin", "uv": [ 36.5, 19.0, 37.0, 20.0 ], "enabled": false },
										"east": { "texture": "#skin", "uv": [ 39.5, 19.0, 42.0, 20.0 ] },
										"south": { "texture": "#skin", "uv": [ 39.0, 19.0, 39.5, 20.0 ] },
										"west": { "texture": "#skin", "uv": [ 36.5, 19.0, 39.0, 20.0 ] },
										"up": { "texture": "#skin", "uv": [ 36.5, 18.5, 39.0, 19.0 ], "rotation": 90 },
										"down": { "texture": "#skin", "uv": [ 36.5, 20.0, 39.0, 20.5 ], "rotation": 90 }
									}
								},
								{
									"name": "jaw",
									"from": [ -0.99, 0.0, 0.594 ], 
									"to": [ 0.99, 0.396, 1.782 ], 
									"unwrapMode": 5,
									"unwrapRotation": 1,
									"uv": [ 47.5, 25.0 ],
									"rotationOrigin": [ 0.726, 0.396, 1.188 ],
									"rotationZ": 42.0,
									"faces": {
										"north": { "texture": "#skin", "uv": [ 47.5, 25.0, 48.0, 27.0 ], "rotation": 270 },
										"east": { "texture": "#skin", "uv": [ 48.0, 25.0, 49.0, 25.5 ], "rotation": 180, "enabled": false },
										"south": { "texture": "#skin", "uv": [ 49.0, 25.0, 49.5, 27.0 ], "rotation": 90 },
										"west": { "texture": "#skin", "uv": [ 48.0, 27.0, 49.0, 27.5 ] },
										"up": { "texture": "#skin", "uv": [ 48.0, 25.0, 49.0, 27.0 ], "rotation": 90 },
										"down": { "texture": "#skin", "uv": [ 49.5, 25.0, 50.5, 27.0 ], "rotation": 270 }
									}
								}
							]
						}
					]
				}
			]
		}
	]}