{
	"editor": {
		"allAngles": true,
		"entityTextureMode": true
	},
	"textureWidth": 16,
	"textureHeight": 32,
	"textureSizes": {
		"skin": [16,32]
	},
	"textures": {
	},
	"elements": [
		{
			"name": "neck",
			"from": [ 15.84, 10.02, 7.6 ], 
			"to": [ 16.771, 11.0578, 8.3286 ], 
			"unwrapMode": 3,
			"unwrapRotation": 1,
			"uv": [ 2.0, 18.0 ],
			"rotationOrigin": [ 16.8539, 10.0209, 7.9604 ],
			"rotationZ": 45.0,
			"faces": {
						"north": { "texture": "#skin", "uv": [ 5.5, 19.5, 7.5, 21.5 ], "rotation": 270, "windMode": [-1,-1,-1,-1], "windData": [0,0,1,0] },
						"east": { "texture": "#skin", "uv": [ 3.5, 18.0, 5.5, 19.5 ], "rotation": 90, "windMode": [-1,-1,-1,-1], "windData": [1,0,0,1] },
						"south": { "texture": "#skin", "uv": [ 3.5, 19.5, 5.5, 21.5 ], "rotation": 90 },
						"west": { "texture": "#skin", "uv": [ 3.5, 21.5, 5.5, 23.0 ], "rotation": 90 },
						"up": { "texture": "#skin", "uv": [ 2.0, 19.5, 3.5, 21.5 ], "rotation": 90 },
						"down": { "texture": "#skin", "uv": [ 5.5, 19.5, 7.0, 21.5 ], "rotation": 270, "enabled": false, "windMode": [-1,-1,-1,-1], "windData": [0,1,1,0] }
			},
			"children": [
				{
					"name": "neck2",
					"from": [ 0.1214, 0.4324, 0.0405 ], 
					"to": [ 0.8906, 1.8087, 0.6882 ], 
					"unwrapMode": 3,
					"uv": [ 0.0, 24.0 ],
					"rotationOrigin": [ 0.8906, 0.8758, 0.4048 ],
					"rotationZ": -25.0,
					"faces": {
						"north": { "texture": "#skin", "uv": [ 3.5, 25.0, 5.0, 27.5 ], "windMode": [-1,-1,-1,-1], "windData": [1,1,1,1] },
						"east": { "texture": "#skin", "uv": [ 2.5, 25.0, 3.5, 27.5 ], "windMode": [-1,-1,-1,-1], "windData": [1,1,1,1] },
						"south": { "texture": "#skin", "uv": [ 1.0, 25.0, 2.5, 27.5 ], "windMode": [-1,-1,-1,-1], "windData": [1,1,1,1] },
						"west": { "texture": "#skin", "uv": [ 0.0, 25.0, 1.0, 27.5 ], "windMode": [-1,-1,-1,-1], "windData": [1,1,1,1] },
						"up": { "texture": "#skin", "uv": [ 1.0, 24.0, 2.5, 25.0 ], "windMode": [-1,-1,-1,-1], "windData": [1,1,1,1] },
						"down": { "texture": "#skin", "uv": [ 1.0, 27.5, 2.5, 28.5 ], "rotation": 180, "enabled": false, "windMode": [-1,-1,-1,-1], "windData": [1,1,1,1] }
					},
					"children": [
						{
							"name": "head",
							"from": [ 0.2024, 0.4453, -0.0405 ], 
							"to": [ 0.8096, 1.3763, 0.6882 ], 
							"unwrapMode": 4,
							"uv": [ 5.5, 6.5 ],
							"rotationOrigin": [ 0.8096, 1.3763, 0.3238 ],
							"rotationZ": -60.0,
							"faces": {
								"north": { "texture": "#skin", "uv": [ 5.5, 7.5, 6.5, 9.5 ] },
								"east": { "texture": "#skin", "uv": [ 9.0, 7.5, 10.5, 9.5 ] },
								"south": { "texture": "#skin", "uv": [ 8.0, 7.5, 9.0, 9.5 ] },
								"west": { "texture": "#skin", "uv": [ 6.5, 7.5, 8.0, 9.5 ] },
								"up": { "texture": "#skin", "uv": [ 6.5, 6.5, 8.0, 7.5 ], "rotation": 90 },
								"down": { "texture": "#skin", "uv": [ 6.5, 9.5, 8.0, 10.5 ], "rotation": 90 }
							},
							"children": [
								{
									"name": "mouth up",
									"from": [ -0.4968, 0.0405, 0.1619 ], 
									"to": [ 0.2447, 0.2024, 0.5667 ], 
									"unwrapMode": 5,
									"unwrapRotation": 1,
									"uv": [ 0.0, 0.0 ],
									"rotationOrigin": [ 0.2024, 0.2024, 0.3643 ],
									"rotationZ": 55.0,
									"faces": {
										"north": { "texture": "#skin", "uv": [ 0.0, 0.0, 0.5, 1.5 ], "rotation": 270 },
										"east": { "texture": "#skin", "uv": [ 0.5, 0.0, 1.0, 0.5 ], "rotation": 180, "enabled": false },
										"south": { "texture": "#skin", "uv": [ 1.0, 0.0, 1.5, 1.5 ], "rotation": 90 },
										"west": { "texture": "#skin", "uv": [ 0.5, 1.5, 1.0, 2.0 ] },
										"up": { "texture": "#skin", "uv": [ 0.5, 0.0, 1.0, 1.5 ], "rotation": 90 },
										"down": { "texture": "#skin", "uv": [ 1.5, 0.0, 2.0, 1.5 ], "rotation": 270 }
									},
									"children": [
										{
											"name": "nose",
											"from": [ -0.081, 0.0405, -0.0023 ], 
											"to": [ 0.2024, 0.2834, 0.403 ], 
											"unwrapMode": 4,
											"uv": [ 0.0, 9.5 ],
											"rotationOrigin": [ -0.081, 0.2834, 0.1214 ],
											"rotationZ": 14.0,
											"faces": {
												"north": { "texture": "#skin", "uv": [ 0.0, 10.0, 0.5, 10.5 ], "windMode": [-1,-1,-1,-1], "windData": [1,1,1,1] },
												"east": { "texture": "#skin", "uv": [ 1.5, 10.0, 2.0, 10.5 ], "windMode": [-1,-1,-1,-1], "windData": [1,1,1,1] },
												"south": { "texture": "#skin", "uv": [ 1.0, 10.0, 1.5, 10.5 ], "windMode": [-1,-1,-1,-1], "windData": [1,1,1,1] },
												"west": { "texture": "#skin", "uv": [ 0.5, 10.0, 1.0, 10.5 ], "windMode": [-1,-1,-1,-1], "windData": [1,1,1,1] },
												"up": { "texture": "#skin", "uv": [ 0.5, 9.5, 1.0, 10.0 ], "rotation": 90, "windMode": [-1,-1,-1,-1], "windData": [1,1,1,1] },
												"down": { "texture": "#skin", "uv": [ 0.5, 10.5, 1.0, 11.0 ], "rotation": 90, "windMode": [-1,-1,-1,-1], "windData": [1,1,1,1] }
											}
										},
										{
											"name": "nose bridge",
											"from": [ 0.2834, 0.0, 0.0202 ], 
											"to": [ 1.2034, 0.3643, 0.3846 ], 
											"unwrapMode": 5,
											"unwrapRotation": 1,
											"uv": [ 1.0, 8.0 ],
											"rotationOrigin": [ 0.2834, 0.0, 0.1214 ],
											"rotationZ": 18.0,
											"faces": {
												"north": { "texture": "#skin", "uv": [ 1.0, 8.0, 1.5, 10.0 ], "rotation": 270 },
												"east": { "texture": "#skin", "uv": [ 1.5, 8.0, 2.0, 8.5 ], "rotation": 180, "enabled": false, "windMode": [-1,-1,-1,-1], "windData": [0,0,0,0] },
												"south": { "texture": "#skin", "uv": [ 2.0, 8.0, 2.5, 10.0 ], "rotation": 90 },
												"west": { "texture": "#skin", "uv": [ 1.5, 10.0, 2.0, 10.5 ], "enabled": false, "windMode": [-1,-1,-1,-1], "windData": [0,0,0,0] },
												"up": { "texture": "#skin", "uv": [ 1.5, 8.0, 2.0, 10.0 ], "rotation": 90 },
												"down": { "texture": "#skin", "uv": [ 2.5, 8.0, 3.0, 10.0 ], "rotation": 270, "enabled": false }
											}
										}
									]
								},
								{
									"name": "R ear",
									"from": [ 0.2024, 0.4858, -0.5667 ], 
									"to": [ 0.2834, 0.8906, 0.081 ], 
									"unwrapMode": 4,
									"uv": [ 8.0, 9.5 ],
									"rotationOrigin": [ 0.2834, 0.8096, 0.0405 ],
									"rotationX": 55.0,
									"rotationZ": 22.0,
									"faces": {
										"north": { "texture": "#skin", "uv": [ 8.0, 10.0, 8.5, 10.5 ] },
										"east": { "texture": "#skin", "uv": [ 10.0, 10.0, 11.0, 10.5 ] },
										"south": { "texture": "#skin", "uv": [ 9.5, 10.0, 10.0, 10.5 ], "windMode": [-1,-1,-1,-1], "windData": [0,0,0,0] },
										"west": { "texture": "#skin", "uv": [ 8.5, 10.0, 9.5, 10.5 ] },
										"up": { "texture": "#skin", "uv": [ 8.5, 9.5, 9.5, 10.0 ], "rotation": 90 },
										"down": { "texture": "#skin", "uv": [ 8.5, 10.5, 9.5, 11.0 ], "rotation": 90 }
									}
								},
								{
									"name": "L ear",
									"from": [ 0.2024, 0.4858, 0.6882 ], 
									"to": [ 0.2834, 0.8906, 1.3358 ], 
									"unwrapMode": 4,
									"uv": [ 7.5, 0.0 ],
									"rotationOrigin": [ 0.2834, 0.8096, 0.6882 ],
									"rotationX": -55.0,
									"rotationZ": 22.0,
									"faces": {
										"north": { "texture": "#skin", "uv": [ 7.5, 0.5, 8.0, 1.0 ], "windMode": [-1,-1,-1,-1] },
										"east": { "texture": "#skin", "uv": [ 9.5, 0.5, 10.5, 1.0 ] },
										"south": { "texture": "#skin", "uv": [ 9.0, 0.5, 9.5, 1.0 ], "windMode": [-1,-1,-1,-1] },
										"west": { "texture": "#skin", "uv": [ 8.0, 0.5, 9.0, 1.0 ] },
										"up": { "texture": "#skin", "uv": [ 8.0, 0.0, 9.0, 0.5 ], "rotation": 90 },
										"down": { "texture": "#skin", "uv": [ 8.0, 1.0, 9.0, 1.5 ], "rotation": 90 }
									}
								},
								{
									"name": "jaw",
									"from": [ -0.2576, 0.0, 0.2024 ], 
									"to": [ 0.5244, 0.1417, 0.5262 ], 
									"unwrapMode": 5,
									"unwrapRotation": 1,
									"uv": [ 0.0, 6.5 ],
									"rotationOrigin": [ 0.4048, 0.1214, 0.4048 ],
									"rotationZ": 48.0,
									"faces": {
										"north": { "texture": "#skin", "uv": [ 0.0, 6.5, 0.5, 8.0 ], "rotation": 270 },
										"east": { "texture": "#skin", "uv": [ 0.5, 6.5, 1.0, 7.0 ], "rotation": 180, "enabled": false },
										"south": { "texture": "#skin", "uv": [ 1.0, 6.5, 1.5, 8.0 ], "rotation": 90 },
										"west": { "texture": "#skin", "uv": [ 0.5, 8.0, 1.0, 8.5 ] },
										"up": { "texture": "#skin", "uv": [ 0.5, 6.5, 1.0, 8.0 ], "rotation": 90 },
										"down": { "texture": "#skin", "uv": [ 1.5, 6.5, 2.0, 8.0 ], "rotation": 270 }
									}
								}
							]
						}
					]
				}
			]
		}
	]}