{
	"editor": {
		"allAngles": true,
		"entityTextureMode": true
	},
	"textureWidth": 64,
	"textureHeight": 48,
	"textureSizes": {
		"skin": [64,48]
	},
	"textures": {
	},
	"elements": [
		{
			"name": "neck",
			"from": [ 14.48, 7.27, 6.27 ], 
			"to": [ 18.9925, 14.02, 9.645 ], 
			"unwrapMode": 3,
			"unwrapRotation": 1,
			"uv": [ 0.5, 23.0 ],
			"rotationOrigin": [ 18.9821, 7.2682, 7.9575 ],
			"rotationZ": 54.0,
			"faces": {
				"north": { "texture": "#skin", "uv": [ 10.0, 26.0, 16.5, 30.5 ], "rotation": 270, "windMode": [-1,-1,-1,-1], "windData": [0,0,1,0] },
				"east": { "texture": "#skin", "uv": [ 3.5, 23.0, 10.0, 26.0 ], "rotation": 90, "windMode": [-1,-1,-1,-1], "windData": [1,0,0,1] },
				"south": { "texture": "#skin", "uv": [ 3.5, 26.0, 10.0, 30.5 ], "rotation": 90 },
				"west": { "texture": "#skin", "uv": [ 3.5, 30.5, 10.0, 33.5 ], "rotation": 90 },
				"up": { "texture": "#skin", "uv": [ 0.5, 26.0, 3.5, 30.5 ], "rotation": 90 },
				"down": { "texture": "#skin", "uv": [ 10.0, 26.0, 13.0, 30.5 ], "rotation": 270, "enabled": false, "windMode": [-1,-1,-1,-1] }
			},
			"children": [
				{
					"name": "neck2",
					"from": [ 0.71, 3.22, 0.1125 ], 
					"to": [ 4.71, 9.97, 3.2625 ], 
					"unwrapMode": 3,
					"uv": [ 7.5, 31.0 ],
					"rotationOrigin": [ 4.56, 5.44, 1.6875 ],
					"rotationZ": -30.0,
					"faces": {
						"north": { "texture": "#skin", "uv": [ 17.5, 34.0, 21.5, 40.5 ] },
						"east": { "texture": "#skin", "uv": [ 14.5, 34.0, 17.5, 40.5 ] },
						"south": { "texture": "#skin", "uv": [ 10.5, 34.0, 14.5, 40.5 ] },
						"west": { "texture": "#skin", "uv": [ 7.5, 34.0, 10.5, 40.5 ] },
						"up": { "texture": "#skin", "uv": [ 10.5, 31.0, 14.5, 34.0 ] },
						"down": { "texture": "#skin", "uv": [ 10.5, 40.5, 14.5, 43.5 ], "rotation": 180, "enabled": false, "windMode": [-1,-1,-1,-1] }
					},
					"children": [
						{
							"name": "head",
							"from": [ 0.03, 2.69, -0.24 ], 
							"to": [ 3.9675, 6.965, 3.36 ], 
							"unwrapMode": 4,
							"uv": [ 15.0, 13.5 ],
							"rotationOrigin": [ 3.84, 6.74, 1.79 ],
							"rotationZ": -45.0,
							"faces": {
								"north": { "texture": "#skin", "uv": [ 15.0, 17.0, 18.5, 21.0 ] },
								"east": { "texture": "#skin", "uv": [ 25.5, 17.0, 29.0, 21.0 ] },
								"south": { "texture": "#skin", "uv": [ 22.0, 17.0, 25.5, 21.0 ] },
								"west": { "texture": "#skin", "uv": [ 18.5, 17.0, 22.0, 21.0 ] },
								"up": { "texture": "#skin", "uv": [ 18.5, 13.5, 22.0, 17.0 ], "rotation": 90 },
								"down": { "texture": "#skin", "uv": [ 18.5, 21.0, 22.0, 24.5 ], "rotation": 90 }
							},
							"children": [
								{
									"name": "mouth up",
									"from": [ -3.0375, 0.675, 0.8 ], 
									"to": [ 0.3375, 1.65, 2.8 ], 
									"unwrapMode": 5,
									"unwrapRotation": 1,
									"uv": [ 0.0, 13.5 ],
									"rotationOrigin": [ 0.3375, 1.875, 1.83 ],
									"rotationZ": 45.0,
									"faces": {
										"north": { "texture": "#skin", "uv": [ 0.0, 13.5, 0.5, 16.5 ], "rotation": 270 },
										"east": { "texture": "#skin", "uv": [ 0.5, 13.5, 2.5, 14.0 ], "rotation": 180, "enabled": false },
										"south": { "texture": "#skin", "uv": [ 2.5, 13.5, 3.0, 16.5 ], "rotation": 90 },
										"west": { "texture": "#skin", "uv": [ 0.5, 16.5, 2.5, 17.0 ] },
										"up": { "texture": "#skin", "uv": [ 0.5, 13.5, 2.5, 16.5 ], "rotation": 90 },
										"down": { "texture": "#skin", "uv": [ 3.0, 13.5, 5.0, 16.5 ], "rotation": 270 }
									},
									"children": [
										{
											"name": "nose",
											"from": [ -0.1125, 0.165, 0.35 ], 
											"to": [ 1.0125, 1.1775, 1.7 ], 
											"unwrapMode": 4,
											"uv": [ 1.0, 20.0 ],
											"rotationOrigin": [ -0.1125, 1.2375, 1.025 ],
											"faces": {
												"north": { "texture": "#skin", "uv": [ 1.0, 21.0, 2.0, 22.0 ], "windMode": [-1,-1,-1,-1], "windData": [1,1,1,1] },
												"east": { "texture": "#skin", "uv": [ 4.0, 21.0, 5.0, 22.0 ], "windMode": [-1,-1,-1,-1], "windData": [1,1,1,1] },
												"south": { "texture": "#skin", "uv": [ 3.0, 21.0, 4.0, 22.0 ], "windMode": [-1,-1,-1,-1], "windData": [1,1,1,1] },
												"west": { "texture": "#skin", "uv": [ 2.0, 21.0, 3.0, 22.0 ], "windMode": [-1,-1,-1,-1], "windData": [1,1,1,1] },
												"up": { "texture": "#skin", "uv": [ 2.0, 20.0, 3.0, 21.0 ], "rotation": 90, "windMode": [-1,-1,-1,-1], "windData": [1,1,1,1] },
												"down": { "texture": "#skin", "uv": [ 2.0, 22.0, 3.0, 23.0 ], "rotation": 90, "windMode": [-1,-1,-1,-1], "windData": [1,1,1,1] }
											}
										},
										{
											"name": "nose bridge",
											"from": [ 0.5625, 0.01, 0.12 ], 
											"to": [ 4.65, 1.01, 1.92 ], 
											"unwrapMode": 5,
											"unwrapRotation": 1,
											"uv": [ 15.0, 0.0 ],
											"rotationOrigin": [ 0.5625, 0.255, 0.6875 ],
											"rotationZ": 18.0,
											"faces": {
												"north": { "texture": "#skin", "uv": [ 15.0, 0.0, 16.0, 4.0 ], "rotation": 270 },
												"east": { "texture": "#skin", "uv": [ 16.0, 0.0, 17.5, 1.0 ], "rotation": 180, "enabled": false, "windMode": [-1,-1,-1,-1], "windData": [1,1,1,1] },
												"south": { "texture": "#skin", "uv": [ 17.5, 0.0, 18.5, 4.0 ], "rotation": 90 },
												"west": { "texture": "#skin", "uv": [ 16.0, 4.0, 17.5, 5.0 ], "enabled": false },
												"up": { "texture": "#skin", "uv": [ 16.0, 0.0, 17.5, 4.0 ], "rotation": 90 },
												"down": { "texture": "#skin", "uv": [ 18.5, 0.0, 20.0, 4.0 ], "rotation": 270, "enabled": false }
											}
										}
									]
								},
								{
									"name": "R ear",
									"from": [ 2.5, 2.51, -2.4 ], 
									"to": [ 3.0625, 4.1975, 0.4125 ], 
									"unwrapMode": 4,
									"uv": [ 0.0, 0.0 ],
									"rotationOrigin": [ 2.725, 3.3, 0.4125 ],
									"rotationX": 35.0,
									"rotationZ": 22.0,
									"faces": {
										"north": { "texture": "#skin", "uv": [ 0.0, 0.5, 0.5, 2.0 ] },
										"east": { "texture": "#skin", "uv": [ 3.5, 0.5, 6.0, 2.0 ] },
										"south": { "texture": "#skin", "uv": [ 3.0, 0.5, 3.5, 2.0 ], "windMode": [-1,-1,-1,-1], "windData": [0,0,0,0] },
										"west": { "texture": "#skin", "uv": [ 0.5, 0.5, 3.0, 2.0 ] },
										"up": { "texture": "#skin", "uv": [ 0.5, 0.0, 3.0, 0.5 ], "rotation": 90 },
										"down": { "texture": "#skin", "uv": [ 0.5, 2.0, 3.0, 2.5 ], "rotation": 90 }
									}
								},
								{
									"name": "L ear",
									"from": [ 2.5, 2.51, 3.2 ], 
									"to": [ 3.0625, 4.1975, 6.0125 ], 
									"unwrapMode": 2,
									"uv": [ 0.0, 3.0 ],
									"rotationOrigin": [ 2.725, 3.3, 3.2 ],
									"rotationX": -35.0,
									"rotationZ": 22.0,
									"faces": {
										"north": { "texture": "#skin", "uv": [ 3.0, 3.5, 3.5, 5.0 ], "windMode": [-1,-1,-1,-1] },
										"east": { "texture": "#skin", "uv": [ 0.5, 3.5, 3.0, 5.0 ] },
										"south": { "texture": "#skin", "uv": [ 0.0, 3.5, 0.5, 5.0 ], "windMode": [-1,-1,-1,-1], "windData": [1,1,1,1] },
										"west": { "texture": "#skin", "uv": [ 3.5, 3.5, 6.0, 5.0 ] },
										"up": { "texture": "#skin", "uv": [ 0.5, 3.0, 3.0, 3.5 ], "rotation": 270 },
										"down": { "texture": "#skin", "uv": [ 0.5, 5.0, 3.0, 5.5 ], "rotation": 270 }
									}
								},
								{
									"name": "jaw",
									"from": [ -1.71, 0.16, 0.92 ], 
									"to": [ 1.665, 0.91, 2.72 ], 
									"unwrapMode": 5,
									"unwrapRotation": 1,
									"uv": [ 0.0, 17.0 ],
									"rotationOrigin": [ 1.4381, 0.89, 1.825 ],
									"rotationZ": 34.0,
									"faces": {
										"north": { "texture": "#skin", "uv": [ 0.0, 17.0, 0.5, 20.0 ], "rotation": 270 },
										"east": { "texture": "#skin", "uv": [ 0.5, 17.0, 2.0, 17.5 ], "rotation": 180, "enabled": false },
										"south": { "texture": "#skin", "uv": [ 2.0, 17.0, 2.5, 20.0 ], "rotation": 90 },
										"west": { "texture": "#skin", "uv": [ 0.5, 20.0, 2.0, 20.5 ] },
										"up": { "texture": "#skin", "uv": [ 0.5, 17.0, 2.0, 20.0 ], "rotation": 90 },
										"down": { "texture": "#skin", "uv": [ 2.5, 17.0, 4.0, 20.0 ], "rotation": 270 }
									}
								},
								{
									"name": "Horn attachment",
									"from": [ 0.0, 3.375, 1.8 ], 
									"to": [ 1.125, 4.5, 2.925 ], 
									"uv": [ 0.0, 0.0 ],
									"rotationOrigin": [ 0.0, 3.375, 1.8687 ],
									"faces": {
										"north": { "texture": "#skin", "uv": [ 0.0, 1.0, 1.125, 2.125 ], "enabled": false },
										"east": { "texture": "#skin", "uv": [ 1.0, 1.0, 2.125, 2.125 ], "enabled": false, "windMode": [-1,-1,-1,-1], "windData": [1,1,1,1] },
										"south": { "texture": "#skin", "uv": [ 1.0, 1.0, 2.125, 2.125 ], "enabled": false, "windMode": [-1,-1,-1,-1], "windData": [1,1,1,1] },
										"west": { "texture": "#skin", "uv": [ 1.0, 1.0, 2.125, 2.125 ], "enabled": false, "windMode": [-1,-1,-1,-1], "windData": [1,1,1,1] },
										"up": { "texture": "#skin", "uv": [ 0.0, 0.0, 1.125, 1.125 ], "enabled": false, "windMode": [-1,-1,-1,-1], "windData": [1,1,1,1] },
										"down": { "texture": "#skin", "uv": [ 1.0, 0.0, 2.125, 1.125 ], "enabled": false, "windMode": [-1,-1,-1,-1], "windData": [1,1,1,1] }
									},
									"children": [
										{
											"name": "R antler base",
											"from": [ 0.53, 0.68, -1.45 ], 
											"to": [ 1.655, 1.98, -0.325 ], 
											"unwrapMode": 4,
											"uv": [ 11.0, 45.0 ],
											"rotationOrigin": [ 0.525, 0.675, -0.33 ],
											"rotationX": -30.0,
											"rotationZ": -25.0,
											"faces": {
												"north": { "texture": "#skin", "uv": [ 11.0, 46.0, 12.0, 47.0 ] },
												"east": { "texture": "#skin", "uv": [ 14.0, 46.0, 15.0, 47.0 ] },
												"south": { "texture": "#skin", "uv": [ 13.0, 46.0, 14.0, 47.0 ] },
												"west": { "texture": "#skin", "uv": [ 12.0, 46.0, 13.0, 47.0 ], "windMode": [-1,-1,-1,-1], "windData": [0,1,1,1] },
												"up": { "texture": "#skin", "uv": [ 12.0, 45.0, 13.0, 46.0 ], "rotation": 90 },
												"down": { "texture": "#skin", "uv": [ 12.0, 47.0, 13.0, 48.0 ], "rotation": 90 }
											},
											"children": [
												{
													"name": "R antler base 2",
													"from": [ 0.1, 1.2, 0.1 ], 
													"to": [ 1.1, 4.2, 1.1 ], 
													"unwrapMode": 4,
													"uv": [ 10.0, 40.5 ],
													"rotationOrigin": [ 0.1, 1.195, 1.1 ],
													"rotationX": -11.0,
													"rotationZ": -10.0,
													"faces": {
														"north": { "texture": "#skin", "uv": [ 10.0, 41.5, 11.0, 44.5 ] },
														"east": { "texture": "#skin", "uv": [ 13.0, 41.5, 14.0, 44.5 ] },
														"south": { "texture": "#skin", "uv": [ 12.0, 41.5, 13.0, 44.5 ] },
														"west": { "texture": "#skin", "uv": [ 11.0, 41.5, 12.0, 44.5 ] },
														"up": { "texture": "#skin", "uv": [ 11.0, 40.5, 12.0, 41.5 ], "rotation": 90 },
														"down": { "texture": "#skin", "uv": [ 11.0, 44.5, 12.0, 45.5 ], "rotation": 90 }
													},
													"children": [
														{
															"name": "R antler base 3",
															"from": [ 0.05, 2.6, 0.05 ], 
															"to": [ 0.95, 4.6, 0.95 ], 
															"unwrapMode": 4,
															"uv": [ 0.0, 41.5 ],
															"rotationOrigin": [ 0.0, 2.595, 1.0 ],
															"rotationX": -28.0,
															"rotationZ": 38.0,
															"faces": {
																"north": { "texture": "#skin", "uv": [ 0.0, 42.0, 0.5, 44.0 ] },
																"east": { "texture": "#skin", "uv": [ 1.5, 42.0, 2.0, 44.0 ] },
																"south": { "texture": "#skin", "uv": [ 1.0, 42.0, 1.5, 44.0 ] },
																"west": { "texture": "#skin", "uv": [ 0.5, 42.0, 1.0, 44.0 ] },
																"up": { "texture": "#skin", "uv": [ 0.5, 41.5, 1.0, 42.0 ], "rotation": 90 },
																"down": { "texture": "#skin", "uv": [ 0.5, 44.0, 1.0, 44.5 ], "rotation": 90 }
															},
															"children": [
																{
																	"name": "R antler base 4",
																	"from": [ 0.0, 1.4, 0.0 ], 
																	"to": [ 0.8, 3.4, 0.8 ], 
																	"unwrapMode": 4,
																	"uv": [ 0.0, 38.5 ],
																	"rotationOrigin": [ 0.0, 1.395, 0.8 ],
																	"rotationX": -20.0,
																	"rotationY": -20.0,
																	"rotationZ": 45.0,
																	"faces": {
																		"north": { "texture": "#skin", "uv": [ 0.0, 39.0, 0.5, 41.0 ] },
																		"east": { "texture": "#skin", "uv": [ 1.5, 39.0, 2.0, 41.0 ] },
																		"south": { "texture": "#skin", "uv": [ 1.0, 39.0, 1.5, 41.0 ] },
																		"west": { "texture": "#skin", "uv": [ 0.5, 39.0, 1.0, 41.0 ] },
																		"up": { "texture": "#skin", "uv": [ 0.5, 38.5, 1.0, 39.0 ], "rotation": 90 },
																		"down": { "texture": "#skin", "uv": [ 0.5, 41.0, 1.0, 41.5 ], "rotation": 90 }
																	},
																	"children": [
																		{
																			"name": "R antler base 5",
																			"from": [ 0.0, 1.4, 0.0 ], 
																			"to": [ 0.8, 4.4, 0.8 ], 
																			"unwrapMode": 4,
																			"uv": [ 0.0, 34.5 ],
																			"rotationOrigin": [ 0.0, 1.395, 0.8 ],
																			"rotationZ": 45.0,
																			"faces": {
																				"north": { "texture": "#skin", "uv": [ 0.0, 35.0, 0.5, 38.0 ] },
																				"east": { "texture": "#skin", "uv": [ 1.5, 35.0, 2.0, 38.0 ] },
																				"south": { "texture": "#skin", "uv": [ 1.0, 35.0, 1.5, 38.0 ] },
																				"west": { "texture": "#skin", "uv": [ 0.5, 35.0, 1.0, 38.0 ] },
																				"up": { "texture": "#skin", "uv": [ 0.5, 34.5, 1.0, 35.0 ], "rotation": 90 },
																				"down": { "texture": "#skin", "uv": [ 0.5, 38.0, 1.0, 38.5 ], "rotation": 90 }
																			},
																			"children": [
																				{
																					"name": "R antler base 6",
																					"from": [ 0.1, 2.8, 0.1 ], 
																					"to": [ 0.7, 5.8, 0.7 ], 
																					"unwrapMode": 4,
																					"uv": [ 0.0, 30.5 ],
																					"rotationOrigin": [ 0.1, 2.795, 0.7 ],
																					"rotationZ": 15.0,
																					"faces": {
																						"north": { "texture": "#skin", "uv": [ 0.0, 31.0, 0.5, 34.0 ] },
																						"east": { "texture": "#skin", "uv": [ 1.5, 31.0, 2.0, 34.0 ] },
																						"south": { "texture": "#skin", "uv": [ 1.0, 31.0, 1.5, 34.0 ] },
																						"west": { "texture": "#skin", "uv": [ 0.5, 31.0, 1.0, 34.0 ] },
																						"up": { "texture": "#skin", "uv": [ 0.5, 30.5, 1.0, 31.0 ], "rotation": 90 },
																						"down": { "texture": "#skin", "uv": [ 0.5, 34.0, 1.0, 34.5 ], "rotation": 90 }
																					},
																					"children": [
																						{
																							"name": "R antler point 4",
																							"from": [ 0.1, 0.4, 0.3 ], 
																							"to": [ 0.6, 1.9, 0.8 ], 
																							"unwrapMode": 4,
																							"uv": [ 2.0, 33.0 ],
																							"rotationOrigin": [ 0.1, 0.4, 0.3 ],
																							"rotationX": 60.0,
																							"faces": {
																								"north": { "texture": "#skin", "uv": [ 2.0, 33.5, 2.5, 35.0 ] },
																								"east": { "texture": "#skin", "uv": [ 3.5, 33.5, 4.0, 35.0 ] },
																								"south": { "texture": "#skin", "uv": [ 3.0, 33.5, 3.5, 35.0 ] },
																								"west": { "texture": "#skin", "uv": [ 2.5, 33.5, 3.0, 35.0 ] },
																								"up": { "texture": "#skin", "uv": [ 2.5, 33.0, 3.0, 33.5 ], "rotation": 90 },
																								"down": { "texture": "#skin", "uv": [ 2.5, 35.0, 3.0, 35.5 ], "rotation": 90 }
																							}
																						}
																					]
																				},
																				{
																					"name": "R antler point 3",
																					"from": [ 0.2, 0.8, 0.5 ], 
																					"to": [ 0.7, 3.3, 1.0 ], 
																					"unwrapMode": 4,
																					"uv": [ 2.0, 35.5 ],
																					"rotationOrigin": [ 0.2, 0.8, 0.5 ],
																					"rotationX": 75.0,
																					"rotationZ": 15.0,
																					"faces": {
																						"north": { "texture": "#skin", "uv": [ 2.0, 36.0, 2.5, 38.5 ] },
																						"east": { "texture": "#skin", "uv": [ 3.5, 36.0, 4.0, 38.5 ] },
																						"south": { "texture": "#skin", "uv": [ 3.0, 36.0, 3.5, 38.5 ] },
																						"west": { "texture": "#skin", "uv": [ 2.5, 36.0, 3.0, 38.5 ] },
																						"up": { "texture": "#skin", "uv": [ 2.5, 35.5, 3.0, 36.0 ], "rotation": 90 },
																						"down": { "texture": "#skin", "uv": [ 2.5, 38.5, 3.0, 39.0 ], "rotation": 90 }
																					}
																				}
																			]
																		},
																		{
																			"name": "R antler point 2",
																			"from": [ 0.0, 0.5, 0.6 ], 
																			"to": [ 0.5, 3.5, 1.1 ], 
																			"unwrapMode": 4,
																			"uv": [ 2.0, 39.0 ],
																			"rotationOrigin": [ 0.0, 0.5, 0.6 ],
																			"rotationX": 90.0,
																			"rotationZ": 15.0,
																			"faces": {
																				"north": { "texture": "#skin", "uv": [ 2.0, 39.5, 2.5, 42.5 ] },
																				"east": { "texture": "#skin", "uv": [ 3.5, 39.5, 4.0, 42.5 ] },
																				"south": { "texture": "#skin", "uv": [ 3.0, 39.5, 3.5, 42.5 ] },
																				"west": { "texture": "#skin", "uv": [ 2.5, 39.5, 3.0, 42.5 ] },
																				"up": { "texture": "#skin", "uv": [ 2.5, 39.0, 3.0, 39.5 ], "rotation": 90 },
																				"down": { "texture": "#skin", "uv": [ 2.5, 42.5, 3.0, 43.0 ], "rotation": 90 }
																			}
																		}
																	]
																},
																{
																	"name": "R antler point 1",
																	"from": [ 0.0, 0.5, 0.5 ], 
																	"to": [ 0.5, 2.1, 1.0 ], 
																	"unwrapMode": 4,
																	"uv": [ 2.0, 43.0 ],
																	"rotationOrigin": [ 0.0, 0.5, 0.5 ],
																	"rotationX": 66.0,
																	"faces": {
																		"north": { "texture": "#skin", "uv": [ 2.0, 43.5, 2.5, 45.0 ] },
																		"east": { "texture": "#skin", "uv": [ 3.5, 43.5, 4.0, 45.0 ] },
																		"south": { "texture": "#skin", "uv": [ 3.0, 43.5, 3.5, 45.0 ] },
																		"west": { "texture": "#skin", "uv": [ 2.5, 43.5, 3.0, 45.0 ] },
																		"up": { "texture": "#skin", "uv": [ 2.5, 43.0, 3.0, 43.5 ], "rotation": 90 },
																		"down": { "texture": "#skin", "uv": [ 2.5, 45.0, 3.0, 45.5 ], "rotation": 90 }
																	}
																}
															]
														}
													]
												}
											]
										},
										{
											"name": "L antler base",
											"from": [ 0.52, 0.67, 0.32 ], 
											"to": [ 1.645, 1.97, 1.445 ], 
											"unwrapMode": 4,
											"uv": [ 15.0, 45.0 ],
											"rotationOrigin": [ 0.525, 0.675, 0.325 ],
											"rotationX": 30.0,
											"rotationZ": -25.0,
											"faces": {
												"north": { "texture": "#skin", "uv": [ 15.0, 46.0, 16.0, 47.0 ] },
												"east": { "texture": "#skin", "uv": [ 18.0, 46.0, 19.0, 47.0 ] },
												"south": { "texture": "#skin", "uv": [ 17.0, 46.0, 18.0, 47.0 ] },
												"west": { "texture": "#skin", "uv": [ 16.0, 46.0, 17.0, 47.0 ], "windMode": [-1,-1,-1,-1], "windData": [0,0,1,1] },
												"up": { "texture": "#skin", "uv": [ 16.0, 45.0, 17.0, 46.0 ], "rotation": 90 },
												"down": { "texture": "#skin", "uv": [ 16.0, 47.0, 17.0, 48.0 ], "rotation": 90 }
											},
											"children": [
												{
													"name": "L antler base 2",
													"from": [ 0.1, 1.2, 0.1 ], 
													"to": [ 1.1, 4.2, 1.1 ], 
													"unwrapMode": 4,
													"uv": [ 14.0, 40.5 ],
													"rotationOrigin": [ 0.105, 1.205, 0.1 ],
													"rotationX": 11.0,
													"rotationZ": -10.0,
													"faces": {
														"north": { "texture": "#skin", "uv": [ 14.0, 41.5, 15.0, 44.5 ] },
														"east": { "texture": "#skin", "uv": [ 17.0, 41.5, 18.0, 44.5 ] },
														"south": { "texture": "#skin", "uv": [ 16.0, 41.5, 17.0, 44.5 ] },
														"west": { "texture": "#skin", "uv": [ 15.0, 41.5, 16.0, 44.5 ] },
														"up": { "texture": "#skin", "uv": [ 15.0, 40.5, 16.0, 41.5 ], "rotation": 90 },
														"down": { "texture": "#skin", "uv": [ 15.0, 44.5, 16.0, 45.5 ], "rotation": 90 }
													},
													"children": [
														{
															"name": "L antler base 3",
															"from": [ 0.0, 2.6, 0.0 ], 
															"to": [ 0.9, 4.6, 0.9 ], 
															"unwrapMode": 4,
															"uv": [ 4.0, 44.5 ],
															"rotationOrigin": [ 0.005, 2.605, 0.0 ],
															"rotationX": 28.0,
															"rotationZ": 38.0,
															"faces": {
																"north": { "texture": "#skin", "uv": [ 4.0, 45.0, 4.5, 47.0 ] },
																"east": { "texture": "#skin", "uv": [ 5.5, 45.0, 6.0, 47.0 ] },
																"south": { "texture": "#skin", "uv": [ 5.0, 45.0, 5.5, 47.0 ] },
																"west": { "texture": "#skin", "uv": [ 4.5, 45.0, 5.0, 47.0 ] },
																"up": { "texture": "#skin", "uv": [ 4.5, 44.5, 5.0, 45.0 ], "rotation": 90 },
																"down": { "texture": "#skin", "uv": [ 4.5, 47.0, 5.0, 47.5 ], "rotation": 90 }
															},
															"children": [
																{
																	"name": "L antler base 4",
																	"from": [ 0.0, 1.4, 0.0 ], 
																	"to": [ 0.8, 3.4, 0.8 ], 
																	"unwrapMode": 4,
																	"uv": [ 4.0, 41.5 ],
																	"rotationOrigin": [ 0.005, 1.405, 0.0 ],
																	"rotationX": 20.0,
																	"rotationY": 20.0,
																	"rotationZ": 45.0,
																	"faces": {
																		"north": { "texture": "#skin", "uv": [ 4.0, 42.0, 4.5, 44.0 ] },
																		"east": { "texture": "#skin", "uv": [ 5.5, 42.0, 6.0, 44.0 ] },
																		"south": { "texture": "#skin", "uv": [ 5.0, 42.0, 5.5, 44.0 ] },
																		"west": { "texture": "#skin", "uv": [ 4.5, 42.0, 5.0, 44.0 ] },
																		"up": { "texture": "#skin", "uv": [ 4.5, 41.5, 5.0, 42.0 ], "rotation": 90 },
																		"down": { "texture": "#skin", "uv": [ 4.5, 44.0, 5.0, 44.5 ], "rotation": 90 }
																	},
																	"children": [
																		{
																			"name": "L antler base 5",
																			"from": [ 0.0, 1.4, 0.0 ], 
																			"to": [ 0.8, 4.4, 0.8 ], 
																			"unwrapMode": 4,
																			"uv": [ 4.0, 37.5 ],
																			"rotationOrigin": [ 0.005, 1.405, 0.0 ],
																			"rotationZ": 45.0,
																			"faces": {
																				"north": { "texture": "#skin", "uv": [ 4.0, 38.0, 4.5, 41.0 ] },
																				"east": { "texture": "#skin", "uv": [ 5.5, 38.0, 6.0, 41.0 ] },
																				"south": { "texture": "#skin", "uv": [ 5.0, 38.0, 5.5, 41.0 ] },
																				"west": { "texture": "#skin", "uv": [ 4.5, 38.0, 5.0, 41.0 ] },
																				"up": { "texture": "#skin", "uv": [ 4.5, 37.5, 5.0, 38.0 ], "rotation": 90 },
																				"down": { "texture": "#skin", "uv": [ 4.5, 41.0, 5.0, 41.5 ], "rotation": 90 }
																			},
																			"children": [
																				{
																					"name": "L antler base 6",
																					"from": [ 0.1, 2.8, 0.1 ], 
																					"to": [ 0.7, 5.8, 0.7 ], 
																					"unwrapMode": 4,
																					"uv": [ 4.0, 33.5 ],
																					"rotationOrigin": [ 0.105, 2.805, 0.1 ],
																					"rotationZ": 15.0,
																					"faces": {
																						"north": { "texture": "#skin", "uv": [ 4.0, 34.0, 4.5, 37.0 ] },
																						"east": { "texture": "#skin", "uv": [ 5.5, 34.0, 6.0, 37.0 ] },
																						"south": { "texture": "#skin", "uv": [ 5.0, 34.0, 5.5, 37.0 ] },
																						"west": { "texture": "#skin", "uv": [ 4.5, 34.0, 5.0, 37.0 ] },
																						"up": { "texture": "#skin", "uv": [ 4.5, 33.5, 5.0, 34.0 ], "rotation": 90 },
																						"down": { "texture": "#skin", "uv": [ 4.5, 37.0, 5.0, 37.5 ], "rotation": 90 }
																					},
																					"children": [
																						{
																							"name": "L antler point 4",
																							"from": [ 0.1, 0.0, 0.0 ], 
																							"to": [ 0.6, 1.5, 0.5 ], 
																							"unwrapMode": 4,
																							"uv": [ 6.0, 40.0 ],
																							"rotationOrigin": [ 0.1, 0.0, 0.0 ],
																							"rotationX": -60.0,
																							"faces": {
																								"north": { "texture": "#skin", "uv": [ 6.0, 40.5, 6.5, 42.0 ] },
																								"east": { "texture": "#skin", "uv": [ 7.5, 40.5, 8.0, 42.0 ] },
																								"south": { "texture": "#skin", "uv": [ 7.0, 40.5, 7.5, 42.0 ] },
																								"west": { "texture": "#skin", "uv": [ 6.5, 40.5, 7.0, 42.0 ] },
																								"up": { "texture": "#skin", "uv": [ 6.5, 40.0, 7.0, 40.5 ], "rotation": 90 },
																								"down": { "texture": "#skin", "uv": [ 6.5, 42.0, 7.0, 42.5 ], "rotation": 90 }
																							}
																						}
																					]
																				},
																				{
																					"name": "L antler point 3",
																					"from": [ 0.2, 0.0, 0.3 ], 
																					"to": [ 0.7, 2.5, 0.8 ], 
																					"unwrapMode": 4,
																					"uv": [ 6.0, 42.5 ],
																					"rotationOrigin": [ 0.2, 0.0, 0.3 ],
																					"rotationX": -75.0,
																					"rotationZ": 15.0,
																					"faces": {
																						"north": { "texture": "#skin", "uv": [ 6.0, 43.0, 6.5, 45.5 ] },
																						"east": { "texture": "#skin", "uv": [ 7.5, 43.0, 8.0, 45.5 ] },
																						"south": { "texture": "#skin", "uv": [ 7.0, 43.0, 7.5, 45.5 ] },
																						"west": { "texture": "#skin", "uv": [ 6.5, 43.0, 7.0, 45.5 ] },
																						"up": { "texture": "#skin", "uv": [ 6.5, 42.5, 7.0, 43.0 ], "rotation": 90 },
																						"down": { "texture": "#skin", "uv": [ 6.5, 45.5, 7.0, 46.0 ], "rotation": 90 }
																					}
																				}
																			]
																		},
																		{
																			"name": "L antler point 2",
																			"from": [ 0.0, 0.0, 0.2 ], 
																			"to": [ 0.5, 3.0, 0.7 ], 
																			"unwrapMode": 4,
																			"uv": [ 8.0, 40.5 ],
																			"rotationOrigin": [ 0.0, 0.0, 0.2 ],
																			"rotationX": -90.0,
																			"rotationZ": 15.0,
																			"faces": {
																				"north": { "texture": "#skin", "uv": [ 8.0, 41.0, 8.5, 44.0 ] },
																				"east": { "texture": "#skin", "uv": [ 9.5, 41.0, 10.0, 44.0 ] },
																				"south": { "texture": "#skin", "uv": [ 9.0, 41.0, 9.5, 44.0 ] },
																				"west": { "texture": "#skin", "uv": [ 8.5, 41.0, 9.0, 44.0 ] },
																				"up": { "texture": "#skin", "uv": [ 8.5, 40.5, 9.0, 41.0 ], "rotation": 90 },
																				"down": { "texture": "#skin", "uv": [ 8.5, 44.0, 9.0, 44.5 ], "rotation": 90 }
																			}
																		}
																	]
																},
																{
																	"name": "L antler point 1",
																	"from": [ 0.0, 0.0, 0.0 ], 
																	"to": [ 0.5, 1.5, 0.5 ], 
																	"unwrapMode": 4,
																	"uv": [ 8.0, 44.5 ],
																	"rotationOrigin": [ 0.0, 0.0, 0.0 ],
																	"rotationX": -66.0,
																	"faces": {
																		"north": { "texture": "#skin", "uv": [ 8.0, 45.0, 8.5, 46.5 ] },
																		"east": { "texture": "#skin", "uv": [ 9.5, 45.0, 10.0, 46.5 ] },
																		"south": { "texture": "#skin", "uv": [ 9.0, 45.0, 9.5, 46.5 ] },
																		"west": { "texture": "#skin", "uv": [ 8.5, 45.0, 9.0, 46.5 ] },
																		"up": { "texture": "#skin", "uv": [ 8.5, 44.5, 9.0, 45.0 ], "rotation": 90 },
																		"down": { "texture": "#skin", "uv": [ 8.5, 46.5, 9.0, 47.0 ], "rotation": 90 }
																	}
																}
															]
														}
													]
												}
											]
										}
									]
								}
							]
						}
					]
				}
			]
		}
	]}