{
	"editor": {
		"allAngles": true,
		"entityTextureMode": true
	},
	"textureWidth": 64,
	"textureHeight": 32,
	"textureSizes": {
		"skin": [64,32]
	},
	"textures": {
	},
	"elements": [
		{
			"name": "neck",
			"from": [ 15.47, 6.33, 6.78 ], 
			"to": [ 18.995, 10.98, 9.03 ], 
			"unwrapMode": 3,
			"unwrapRotation": 1,
			"uv": [ 21.0, 0.0 ],
			"rotationOrigin": [ 18.766, 6.3301, 7.9 ],
			"rotationZ": 44.0,
			"faces": {
				"north": { "texture": "#skin", "uv": [ 27.5, 2.0, 32.0, 5.5 ], "rotation": 270, "windMode": [-1,-1,-1,-1], "windData": [0,0,1,0] },
				"east": { "texture": "#skin", "uv": [ 23.0, 0.0, 27.5, 2.0 ], "rotation": 90, "windMode": [-1,-1,-1,-1], "windData": [1,0,0,1] },
				"south": { "texture": "#skin", "uv": [ 23.0, 2.0, 27.5, 5.5 ], "rotation": 90 },
				"west": { "texture": "#skin", "uv": [ 23.0, 5.5, 27.5, 7.5 ], "rotation": 90 },
				"up": { "texture": "#skin", "uv": [ 21.0, 2.0, 23.0, 5.5 ], "rotation": 90 },
				"down": { "texture": "#skin", "uv": [ 27.5, 2.0, 29.5, 5.5 ], "rotation": 270, "enabled": false, "windMode": [-1,-1,-1,-1], "windData": [0,1,1,0] }
			},
			"children": [
				{
					"name": "neck2",
					"from": [ 0.3, 2.625, 0.075 ], 
					"to": [ 3.45, 7.125, 2.175 ], 
					"unwrapMode": 3,
					"uv": [ 32.5, 0.0 ],
					"rotationOrigin": [ 3.3, 4.125, 1.125 ],
					"rotationZ": -15.0,
					"faces": {
						"north": { "texture": "#skin", "uv": [ 39.5, 2.0, 42.5, 6.5 ], "windMode": [-1,-1,-1,-1], "windData": [1,1,1,1] },
						"east": { "texture": "#skin", "uv": [ 37.5, 2.0, 39.5, 6.5 ], "windMode": [-1,-1,-1,-1], "windData": [1,1,1,1] },
						"south": { "texture": "#skin", "uv": [ 34.5, 2.0, 37.5, 6.5 ], "windMode": [-1,-1,-1,-1], "windData": [1,1,1,1] },
						"west": { "texture": "#skin", "uv": [ 32.5, 2.0, 34.5, 6.5 ], "windMode": [-1,-1,-1,-1], "windData": [1,1,1,1] },
						"up": { "texture": "#skin", "uv": [ 34.5, 0.0, 37.5, 2.0 ], "windMode": [-1,-1,-1,-1], "windData": [1,1,1,1] },
						"down": { "texture": "#skin", "uv": [ 34.5, 6.5, 37.5, 8.5 ], "rotation": 180, "enabled": false, "windMode": [-1,-1,-1,-1], "windData": [1,1,1,1] }
					},
					"children": [
						{
							"name": "head",
							"from": [ 1.5, 1.2, -0.3 ], 
							"to": [ 3.15, 4.575, 2.4 ], 
							"unwrapMode": 4,
							"uv": [ 10.5, 11.5 ],
							"rotationOrigin": [ 3.15, 4.5, 1.125 ],
							"rotationZ": -60.0,
							"faces": {
								"north": { "texture": "#skin", "uv": [ 10.5, 13.0, 12.0, 16.0 ] },
								"east": { "texture": "#skin", "uv": [ 16.0, 13.0, 18.5, 16.0 ] },
								"south": { "texture": "#skin", "uv": [ 14.5, 13.0, 16.0, 16.0 ] },
								"west": { "texture": "#skin", "uv": [ 12.0, 13.0, 14.5, 16.0 ] },
								"up": { "texture": "#skin", "uv": [ 12.0, 11.5, 14.5, 13.0 ], "rotation": 90 },
								"down": { "texture": "#skin", "uv": [ 12.0, 16.0, 14.5, 17.5 ], "rotation": 90 }
							},
							"children": [
								{
									"name": "mouth up",
									"from": [ -1.8, 0.45, 0.6 ], 
									"to": [ 0.45, 0.975, 2.1 ], 
									"unwrapMode": 5,
									"unwrapRotation": 1,
									"uv": [ 0.0, 0.0 ],
									"rotationOrigin": [ 0.375, 0.975, 1.35 ],
									"rotationZ": 55.0,
									"faces": {
										"north": { "texture": "#skin", "uv": [ 0.0, 0.0, 0.5, 2.0 ], "rotation": 270 },
										"east": { "texture": "#skin", "uv": [ 0.5, 0.0, 2.0, 0.5 ], "rotation": 180, "enabled": false },
										"south": { "texture": "#skin", "uv": [ 2.0, 0.0, 2.5, 2.0 ], "rotation": 90 },
										"west": { "texture": "#skin", "uv": [ 0.5, 2.0, 2.0, 2.5 ] },
										"up": { "texture": "#skin", "uv": [ 0.5, 0.0, 2.0, 2.0 ], "rotation": 90 },
										"down": { "texture": "#skin", "uv": [ 2.5, 0.0, 4.0, 2.0 ], "rotation": 270 }
									},
									"children": [
										{
											"name": "nose",
											"from": [ -0.3, 0.15, 0.375 ], 
											"to": [ 0.6, 0.9, 1.125 ], 
											"unwrapMode": 4,
											"uv": [ 0.0, 3.0 ],
											"rotationOrigin": [ -0.3, 0.9, 0.75 ],
											"rotationZ": 16.0,
											"faces": {
												"north": { "texture": "#skin", "uv": [ 0.0, 3.5, 0.5, 4.0 ], "windMode": [-1,-1,-1,-1], "windData": [1,1,1,1] },
												"east": { "texture": "#skin", "uv": [ 1.5, 3.5, 2.0, 4.0 ], "windMode": [-1,-1,-1,-1], "windData": [1,1,1,1] },
												"south": { "texture": "#skin", "uv": [ 1.0, 3.5, 1.5, 4.0 ], "windMode": [-1,-1,-1,-1], "windData": [1,1,1,1] },
												"west": { "texture": "#skin", "uv": [ 0.5, 3.5, 1.0, 4.0 ], "windMode": [-1,-1,-1,-1], "windData": [1,1,1,1] },
												"up": { "texture": "#skin", "uv": [ 0.5, 3.0, 1.0, 3.5 ], "rotation": 90, "windMode": [-1,-1,-1,-1], "windData": [1,1,1,1] },
												"down": { "texture": "#skin", "uv": [ 0.5, 4.0, 1.0, 4.5 ], "rotation": 90, "windMode": [-1,-1,-1,-1], "windData": [1,1,1,1] }
											}
										},
										{
											"name": "nose bridge",
											"from": [ 0.45, 0.0, 0.15 ], 
											"to": [ 4.125, 1.125, 1.35 ], 
											"unwrapMode": 5,
											"unwrapRotation": 1,
											"uv": [ 1.5, 14.0 ],
											"rotationOrigin": [ 0.45, 0.0, 0.6 ],
											"rotationZ": 16.0,
											"faces": {
												"north": { "texture": "#skin", "uv": [ 1.5, 14.0, 2.5, 17.5 ], "rotation": 270 },
												"east": { "texture": "#skin", "uv": [ 2.5, 14.0, 3.5, 15.0 ], "rotation": 180, "enabled": false, "windMode": [-1,-1,-1,-1], "windData": [1,1,1,1] },
												"south": { "texture": "#skin", "uv": [ 3.5, 14.0, 4.5, 17.5 ], "rotation": 90 },
												"west": { "texture": "#skin", "uv": [ 2.5, 17.5, 3.5, 18.5 ], "windMode": [-1,-1,-1,-1], "windData": [1,1,1,1] },
												"up": { "texture": "#skin", "uv": [ 2.5, 14.0, 3.5, 17.5 ], "rotation": 90 },
												"down": { "texture": "#skin", "uv": [ 4.5, 14.0, 5.5, 17.5 ], "rotation": 270, "enabled": false }
											}
										}
									]
								},
								{
									"name": "R ear",
									"from": [ 0.9, 2.325, -2.25 ], 
									"to": [ 1.2, 3.675, 0.45 ], 
									"unwrapMode": 4,
									"uv": [ 16.0, 17.5 ],
									"rotationOrigin": [ 1.125, 2.85, 0.45 ],
									"rotationX": 45.0,
									"rotationZ": 22.0,
									"faces": {
										"north": { "texture": "#skin", "uv": [ 16.0, 18.0, 16.5, 19.0 ] },
										"east": { "texture": "#skin", "uv": [ 19.0, 18.0, 21.5, 19.0 ] },
										"south": { "texture": "#skin", "uv": [ 19.0, 18.0, 19.5, 19.0 ], "enabled": false, "windMode": [-1,-1,-1,-1], "windData": [1,1,1,1] },
										"west": { "texture": "#skin", "uv": [ 16.5, 18.0, 19.0, 19.0 ] },
										"up": { "texture": "#skin", "uv": [ 16.5, 17.5, 19.0, 18.0 ], "rotation": 90 },
										"down": { "texture": "#skin", "uv": [ 16.5, 19.0, 19.0, 19.5 ], "rotation": 90 }
									}
								},
								{
									"name": "L ear",
									"from": [ 0.9, 2.325, 2.25 ], 
									"to": [ 1.2, 3.675, 4.95 ], 
									"unwrapMode": 4,
									"uv": [ 10.5, 17.5 ],
									"rotationOrigin": [ 1.125, 2.85, 2.25 ],
									"rotationX": -45.0,
									"rotationZ": 22.0,
									"faces": {
										"north": { "texture": "#skin", "uv": [ 10.5, 18.0, 11.0, 19.0 ], "enabled": false },
										"east": { "texture": "#skin", "uv": [ 13.5, 18.0, 16.0, 19.0 ] },
										"south": { "texture": "#skin", "uv": [ 13.0, 18.0, 13.5, 19.0 ] },
										"west": { "texture": "#skin", "uv": [ 10.5, 18.0, 13.0, 19.0 ] },
										"up": { "texture": "#skin", "uv": [ 10.5, 17.5, 13.0, 18.0 ], "rotation": 90 },
										"down": { "texture": "#skin", "uv": [ 10.5, 19.0, 13.0, 19.5 ], "rotation": 90 }
									}
								},
								{
									"name": "jaw",
									"from": [ -1.125, 0.0, 0.675 ], 
									"to": [ 1.125, 0.45, 2.025 ], 
									"unwrapMode": 5,
									"unwrapRotation": 1,
									"uv": [ 0.0, 11.5 ],
									"rotationOrigin": [ 0.825, 0.45, 1.35 ],
									"rotationZ": 42.0,
									"faces": {
										"north": { "texture": "#skin", "uv": [ 0.0, 11.5, 0.5, 13.5 ], "rotation": 270 },
										"east": { "texture": "#skin", "uv": [ 0.5, 11.5, 1.5, 12.0 ], "rotation": 180, "enabled": false },
										"south": { "texture": "#skin", "uv": [ 1.5, 11.5, 2.0, 13.5 ], "rotation": 90 },
										"west": { "texture": "#skin", "uv": [ 0.5, 13.5, 1.5, 14.0 ] },
										"up": { "texture": "#skin", "uv": [ 0.5, 11.5, 1.5, 13.5 ], "rotation": 90 },
										"down": { "texture": "#skin", "uv": [ 2.0, 11.5, 3.0, 13.5 ], "rotation": 270 }
									}
								},
								{
									"name": "Horn attachment",
									"from": [ 0.0, 2.7, 1.35 ], 
									"to": [ 0.9, 3.6, 2.25 ], 
									"uv": [ 0.0, 0.0 ],
									"rotationOrigin": [ 0.0, 2.7, 1.35 ],
									"faces": {
										"north": { "texture": "#skin", "uv": [ 0.0, 1.0, 0.9, 1.9 ], "enabled": false },
										"east": { "texture": "#skin", "uv": [ 1.0, 1.0, 1.9, 1.9 ], "enabled": false, "windMode": [-1,-1,-1,-1], "windData": [1,1,1,1] },
										"south": { "texture": "#skin", "uv": [ 1.0, 1.0, 1.9, 1.9 ], "enabled": false, "windMode": [-1,-1,-1,-1], "windData": [1,1,1,1] },
										"west": { "texture": "#skin", "uv": [ 1.0, 1.0, 1.9, 1.9 ], "enabled": false, "windMode": [-1,-1,-1,-1], "windData": [1,1,1,1] },
										"up": { "texture": "#skin", "uv": [ 0.0, 0.0, 0.9, 0.9 ], "enabled": false, "windMode": [-1,-1,-1,-1], "windData": [1,1,1,1] },
										"down": { "texture": "#skin", "uv": [ 1.0, 0.0, 1.9, 0.9 ], "enabled": false, "windMode": [-1,-1,-1,-1], "windData": [1,1,1,1] }
									},
									"children": [
										{
											"name": "R antler base",
											"from": [ 0.075, -0.075, -0.975 ], 
											"to": [ 0.675, 1.275, -0.375 ], 
											"unwrapMode": 4,
											"uv": [ 11.0, 30.0 ],
											"rotationOrigin": [ 0.075, 0.675, -0.375 ],
											"rotationY": -25.0,
											"rotationZ": 25.0,
											"faces": {
												"north": { "texture": "#skin", "uv": [ 11.0, 30.5, 11.5, 31.5 ] },
												"east": { "texture": "#skin", "uv": [ 12.5, 30.5, 13.0, 31.5 ] },
												"south": { "texture": "#skin", "uv": [ 12.0, 30.5, 12.5, 31.5 ] },
												"west": { "texture": "#skin", "uv": [ 11.5, 30.5, 12.0, 31.5 ] },
												"up": { "texture": "#skin", "uv": [ 11.5, 30.0, 12.0, 30.5 ], "rotation": 90 },
												"down": { "texture": "#skin", "uv": [ 11.5, 31.5, 12.0, 32.0 ], "rotation": 90 }
											},
											"children": [
												{
													"name": "R antler branch 1",
													"from": [ 0.075, 1.35, 0.0375 ], 
													"to": [ 0.6, 2.85, 0.5625 ], 
													"unwrapMode": 4,
													"uv": [ 10.5, 27.5 ],
													"rotationOrigin": [ 0.075, 1.35, 0.6 ],
													"rotationZ": -15.0,
													"faces": {
														"north": { "texture": "#skin", "uv": [ 10.5, 28.0, 11.0, 29.5 ] },
														"east": { "texture": "#skin", "uv": [ 12.0, 28.0, 12.5, 29.5 ] },
														"south": { "texture": "#skin", "uv": [ 11.5, 28.0, 12.0, 29.5 ] },
														"west": { "texture": "#skin", "uv": [ 11.0, 28.0, 11.5, 29.5 ] },
														"up": { "texture": "#skin", "uv": [ 11.0, 27.5, 11.5, 28.0 ], "rotation": 90 },
														"down": { "texture": "#skin", "uv": [ 11.0, 29.5, 11.5, 30.0 ], "rotation": 90 }
													},
													"children": [
														{
															"name": "R antler point 1",
															"from": [ 0.075, 1.425, 0.075 ], 
															"to": [ 0.45, 3.675, 0.45 ], 
															"unwrapMode": 4,
															"uv": [ 13.0, 27.5 ],
															"rotationOrigin": [ 0.075, 1.425, 0.45 ],
															"rotationZ": 5.0,
															"faces": {
																"north": { "texture": "#skin", "uv": [ 13.0, 28.0, 13.5, 30.0 ] },
																"east": { "texture": "#skin", "uv": [ 14.5, 28.0, 15.0, 30.0 ] },
																"south": { "texture": "#skin", "uv": [ 14.0, 28.0, 14.5, 30.0 ] },
																"west": { "texture": "#skin", "uv": [ 13.5, 28.0, 14.0, 30.0 ] },
																"up": { "texture": "#skin", "uv": [ 13.5, 27.5, 14.0, 28.0 ], "rotation": 90 },
																"down": { "texture": "#skin", "uv": [ 13.5, 30.0, 14.0, 30.5 ], "rotation": 90 }
															}
														}
													]
												},
												{
													"name": "R antler branch 2",
													"from": [ 0.0, 0.975, 0.0375 ], 
													"to": [ 0.525, 2.475, 0.5625 ], 
													"unwrapMode": 4,
													"uv": [ 0.0, 27.5 ],
													"rotationOrigin": [ 0.0, 0.9547, 0.0364 ],
													"rotationZ": 45.0,
													"faces": {
														"north": { "texture": "#skin", "uv": [ 0.0, 28.0, 0.5, 29.5 ] },
														"east": { "texture": "#skin", "uv": [ 1.5, 28.0, 2.0, 29.5 ] },
														"south": { "texture": "#skin", "uv": [ 1.0, 28.0, 1.5, 29.5 ] },
														"west": { "texture": "#skin", "uv": [ 0.5, 28.0, 1.0, 29.5 ] },
														"up": { "texture": "#skin", "uv": [ 0.5, 27.5, 1.0, 28.0 ], "rotation": 90 },
														"down": { "texture": "#skin", "uv": [ 0.5, 29.5, 1.0, 30.0 ], "rotation": 90 }
													},
													"children": [
														{
															"name": "R antler point 2",
															"from": [ 0.075, 1.5, 0.075 ], 
															"to": [ 0.45, 2.7, 0.45 ], 
															"unwrapMode": 4,
															"uv": [ 0.0, 30.0 ],
															"rotationOrigin": [ 0.075, 1.4797, 0.0739 ],
															"rotationZ": -25.0,
															"faces": {
																"north": { "texture": "#skin", "uv": [ 0.0, 30.5, 0.5, 31.5 ] },
																"east": { "texture": "#skin", "uv": [ 1.5, 30.5, 2.0, 31.5 ] },
																"south": { "texture": "#skin", "uv": [ 1.0, 30.5, 1.5, 31.5 ] },
																"west": { "texture": "#skin", "uv": [ 0.5, 30.5, 1.0, 31.5 ] },
																"up": { "texture": "#skin", "uv": [ 0.5, 30.0, 1.0, 30.5 ], "rotation": 90 },
																"down": { "texture": "#skin", "uv": [ 0.5, 31.5, 1.0, 32.0 ], "rotation": 90 }
															}
														}
													]
												}
											]
										},
										{
											"name": "L antler base",
											"from": [ 0.075, -0.075, 0.375 ], 
											"to": [ 0.675, 1.275, 0.975 ], 
											"unwrapMode": 4,
											"uv": [ 16.5, 30.0 ],
											"rotationOrigin": [ 0.075, 0.675, 0.375 ],
											"rotationY": 25.0,
											"rotationZ": 25.0,
											"faces": {
												"north": { "texture": "#skin", "uv": [ 16.5, 30.5, 17.0, 31.5 ] },
												"east": { "texture": "#skin", "uv": [ 18.0, 30.5, 18.5, 31.5 ] },
												"south": { "texture": "#skin", "uv": [ 17.5, 30.5, 18.0, 31.5 ] },
												"west": { "texture": "#skin", "uv": [ 17.0, 30.5, 17.5, 31.5 ] },
												"up": { "texture": "#skin", "uv": [ 17.0, 30.0, 17.5, 30.5 ], "rotation": 90, "windMode": [-1,-1,-1,-1], "windData": [1,1,1,1] },
												"down": { "texture": "#skin", "uv": [ 17.0, 31.5, 17.5, 32.0 ], "rotation": 90, "windMode": [-1,-1,-1,-1], "windData": [1,1,1,1] }
											},
											"children": [
												{
													"name": "L antler branch 1",
													"from": [ 0.075, 1.35, 0.0375 ], 
													"to": [ 0.6, 2.85, 0.5625 ], 
													"unwrapMode": 4,
													"uv": [ 15.5, 27.5 ],
													"rotationOrigin": [ 0.075, 1.35, 0.075 ],
													"rotationZ": -15.0,
													"faces": {
														"north": { "texture": "#skin", "uv": [ 15.5, 28.0, 16.0, 29.5 ] },
														"east": { "texture": "#skin", "uv": [ 17.0, 28.0, 17.5, 29.5 ] },
														"south": { "texture": "#skin", "uv": [ 16.5, 28.0, 17.0, 29.5 ] },
														"west": { "texture": "#skin", "uv": [ 16.0, 28.0, 16.5, 29.5 ] },
														"up": { "texture": "#skin", "uv": [ 16.0, 27.5, 16.5, 28.0 ], "rotation": 90 },
														"down": { "texture": "#skin", "uv": [ 16.0, 29.5, 16.5, 30.0 ], "rotation": 90 }
													},
													"children": [
														{
															"name": "L antler point 1",
															"from": [ 0.075, 1.425, 0.075 ], 
															"to": [ 0.45, 3.675, 0.45 ], 
															"unwrapMode": 4,
															"uv": [ 18.0, 28.0 ],
															"rotationOrigin": [ 0.075, 1.425, 0.1125 ],
															"rotationZ": 5.0,
															"faces": {
																"north": { "texture": "#skin", "uv": [ 18.0, 28.5, 18.5, 30.5 ] },
																"east": { "texture": "#skin", "uv": [ 19.5, 28.5, 20.0, 30.5 ] },
																"south": { "texture": "#skin", "uv": [ 19.0, 28.5, 19.5, 30.5 ] },
																"west": { "texture": "#skin", "uv": [ 18.5, 28.5, 19.0, 30.5 ] },
																"up": { "texture": "#skin", "uv": [ 18.5, 28.0, 19.0, 28.5 ], "rotation": 90 },
																"down": { "texture": "#skin", "uv": [ 18.5, 30.5, 19.0, 31.0 ], "rotation": 90 }
															}
														}
													]
												},
												{
													"name": "L antlerbranch 2",
													"from": [ 0.0, 0.975, 0.0375 ], 
													"to": [ 0.525, 2.475, 0.5625 ], 
													"unwrapMode": 4,
													"uv": [ 2.5, 27.5 ],
													"rotationOrigin": [ 0.0, 1.0037, 0.75 ],
													"rotationZ": 45.0,
													"faces": {
														"north": { "texture": "#skin", "uv": [ 2.5, 28.0, 3.0, 29.5 ] },
														"east": { "texture": "#skin", "uv": [ 4.0, 28.0, 4.5, 29.5 ] },
														"south": { "texture": "#skin", "uv": [ 3.5, 28.0, 4.0, 29.5 ] },
														"west": { "texture": "#skin", "uv": [ 3.0, 28.0, 3.5, 29.5 ] },
														"up": { "texture": "#skin", "uv": [ 3.0, 27.5, 3.5, 28.0 ], "rotation": 90 },
														"down": { "texture": "#skin", "uv": [ 3.0, 29.5, 3.5, 30.0 ], "rotation": 90 }
													},
													"children": [
														{
															"name": "L antler point 2",
															"from": [ 0.075, 1.5, 0.075 ], 
															"to": [ 0.45, 2.7, 0.45 ], 
															"unwrapMode": 4,
															"uv": [ 2.5, 30.0 ],
															"rotationOrigin": [ 0.075, 1.5288, 0.45 ],
															"rotationZ": -25.0,
															"faces": {
																"north": { "texture": "#skin", "uv": [ 2.5, 30.5, 3.0, 31.5 ] },
																"east": { "texture": "#skin", "uv": [ 4.0, 30.5, 4.5, 31.5 ] },
																"south": { "texture": "#skin", "uv": [ 3.5, 30.5, 4.0, 31.5 ] },
																"west": { "texture": "#skin", "uv": [ 3.0, 30.5, 3.5, 31.5 ] },
																"up": { "texture": "#skin", "uv": [ 3.0, 30.0, 3.5, 30.5 ], "rotation": 90 },
																"down": { "texture": "#skin", "uv": [ 3.0, 31.5, 3.5, 32.0 ], "rotation": 90 }
															}
														}
													]
												}
											]
										}
									]
								}
							]
						}
					]
				}
			]
		}
	]}