{
	"editor": {
		"allAngles": true,
		"entityTextureMode": true
	},
	"textureWidth": 16,
	"textureHeight": 32,
	"textureSizes": {
		"skin": [16,32]
	},
	"textures": {
	},
	"elements": [
		{
			"name": "neck",
			"from": [ 15.7, 7.0, 7.35 ], 
			"to": [ 17.515, 9.79, 8.7 ], 
			"unwrapMode": 3,
			"unwrapRotation": 1,
			"uv": [ 10.0, 0.0 ],
			"rotationOrigin": [ 17.4019, 6.9963, 8.02 ],
			"rotationZ": 34.0,
			"faces": {
				"north": { "texture": "#skin", "uv": [ 13.5, 1.0, 16.0, 2.5 ], "rotation": 270, "windMode": [-1,-1,-1,-1], "windData": [0,0,1,0] },
				"east": { "texture": "#skin", "uv": [ 11.0, 0.0, 13.5, 1.0 ], "rotation": 90, "windMode": [-1,-1,-1,-1], "windData": [1,0,0,1] },
				"south": { "texture": "#skin", "uv": [ 11.0, 1.0, 13.5, 2.5 ], "rotation": 90 },
				"west": { "texture": "#skin", "uv": [ 11.0, 2.5, 13.5, 3.5 ], "rotation": 90 },
				"up": { "texture": "#skin", "uv": [ 10.0, 1.0, 11.0, 2.5 ], "rotation": 90 },
				"down": { "texture": "#skin", "uv": [ 13.5, 1.0, 14.5, 2.5 ], "rotation": 270, "enabled": false, "windMode": [-1,-1,-1,-1], "windData": [0,1,1,0] }
			},
			"children": [
				{
					"name": "neck2",
					"from": [ 0.18, 1.575, 0.045 ], 
					"to": [ 1.77, 4.275, 1.305 ], 
					"unwrapMode": 3,
					"uv": [ 11.0, 9.5 ],
					"rotationOrigin": [ 1.68, 2.475, 0.675 ],
					"rotationZ": -15.0,
					"faces": {
						"north": { "texture": "#skin", "uv": [ 14.5, 10.5, 16.0, 13.0 ], "windMode": [-1,-1,-1,-1], "windData": [1,1,1,1] },
						"east": { "texture": "#skin", "uv": [ 13.5, 10.5, 14.5, 13.0 ], "windMode": [-1,-1,-1,-1], "windData": [1,1,1,1] },
						"south": { "texture": "#skin", "uv": [ 12.0, 10.5, 13.5, 13.0 ], "windMode": [-1,-1,-1,-1], "windData": [1,1,1,1] },
						"west": { "texture": "#skin", "uv": [ 11.0, 10.5, 12.0, 13.0 ], "windMode": [-1,-1,-1,-1], "windData": [1,1,1,1] },
						"up": { "texture": "#skin", "uv": [ 12.0, 9.5, 13.5, 10.5 ], "windMode": [-1,-1,-1,-1], "windData": [1,1,1,1] },
						"down": { "texture": "#skin", "uv": [ 12.0, 13.0, 13.5, 14.0 ], "rotation": 180, "enabled": false, "windMode": [-1,-1,-1,-1], "windData": [1,1,1,1] }
					},
					"children": [
						{
							"name": "head",
							"from": [ 0.6, 0.72, -0.18 ], 
							"to": [ 1.6, 2.745, 1.44 ], 
							"unwrapMode": 4,
							"uv": [ 5.5, 5.5 ],
							"rotationOrigin": [ 1.59, 2.7, 0.675 ],
							"rotationZ": -55.0,
							"faces": {
								"north": { "texture": "#skin", "uv": [ 5.5, 6.5, 6.5, 8.5 ] },
								"east": { "texture": "#skin", "uv": [ 9.0, 6.5, 10.5, 8.5 ] },
								"south": { "texture": "#skin", "uv": [ 8.0, 6.5, 9.0, 8.5 ] },
								"west": { "texture": "#skin", "uv": [ 6.5, 6.5, 8.0, 8.5 ] },
								"up": { "texture": "#skin", "uv": [ 6.5, 5.5, 8.0, 6.5 ], "rotation": 90 },
								"down": { "texture": "#skin", "uv": [ 6.5, 8.5, 8.0, 9.5 ], "rotation": 90 }
							},
							"children": [
								{
									"name": "mouth up",
									"from": [ -0.88, 0.27, 0.36 ], 
									"to": [ 0.27, 0.585, 1.26 ], 
									"unwrapMode": 5,
									"unwrapRotation": 1,
									"uv": [ 0.0, 0.0 ],
									"rotationOrigin": [ 0.23, 0.585, 0.81 ],
									"rotationZ": 55.0,
									"faces": {
										"north": { "texture": "#skin", "uv": [ 0.0, 0.0, 0.5, 1.0 ], "rotation": 270 },
										"east": { "texture": "#skin", "uv": [ 0.5, 0.0, 1.0, 0.5 ], "rotation": 180, "enabled": false },
										"south": { "texture": "#skin", "uv": [ 1.0, 0.0, 1.5, 1.0 ], "rotation": 90 },
										"west": { "texture": "#skin", "uv": [ 0.5, 1.0, 1.0, 1.5 ] },
										"up": { "texture": "#skin", "uv": [ 0.5, 0.0, 1.0, 1.0 ], "rotation": 90 },
										"down": { "texture": "#skin", "uv": [ 1.5, 0.0, 2.0, 1.0 ], "rotation": 270 }
									},
									"children": [
										{
											"name": "nose",
											"from": [ -0.18, 0.09, 0.225 ], 
											"to": [ 0.36, 0.54, 0.675 ], 
											"unwrapMode": 4,
											"uv": [ 0.5, 1.0 ],
											"rotationOrigin": [ -0.18, 0.54, 0.45 ],
											"rotationZ": 16.0,
											"faces": {
												"north": { "texture": "#skin", "uv": [ 0.5, 1.5, 1.0, 2.0 ], "windMode": [-1,-1,-1,-1], "windData": [1,1,1,1] },
												"east": { "texture": "#skin", "uv": [ 2.0, 1.5, 2.5, 2.0 ], "windMode": [-1,-1,-1,-1], "windData": [1,1,1,1] },
												"south": { "texture": "#skin", "uv": [ 1.5, 1.5, 2.0, 2.0 ], "windMode": [-1,-1,-1,-1], "windData": [1,1,1,1] },
												"west": { "texture": "#skin", "uv": [ 1.0, 1.5, 1.5, 2.0 ], "windMode": [-1,-1,-1,-1], "windData": [1,1,1,1] },
												"up": { "texture": "#skin", "uv": [ 1.0, 1.0, 1.5, 1.5 ], "rotation": 90, "windMode": [-1,-1,-1,-1], "windData": [1,1,1,1] },
												"down": { "texture": "#skin", "uv": [ 1.0, 2.0, 1.5, 2.5 ], "rotation": 90, "windMode": [-1,-1,-1,-1], "windData": [1,1,1,1] }
											}
										},
										{
											"name": "nose bridge",
											"from": [ 0.27, 0.0, 0.09 ], 
											"to": [ 2.475, 0.675, 0.81 ], 
											"unwrapMode": 5,
											"unwrapRotation": 1,
											"uv": [ 12.0, 13.0 ],
											"rotationOrigin": [ 0.27, 0.0, 0.36 ],
											"rotationZ": 16.0,
											"faces": {
												"north": { "texture": "#skin", "uv": [ 12.0, 13.0, 12.5, 15.0 ], "rotation": 270 },
												"east": { "texture": "#skin", "uv": [ 12.5, 13.0, 13.0, 13.5 ], "rotation": 180, "enabled": false, "windMode": [-1,-1,-1,-1], "windData": [1,1,1,1] },
												"south": { "texture": "#skin", "uv": [ 13.0, 13.0, 13.5, 15.0 ], "rotation": 90 },
												"west": { "texture": "#skin", "uv": [ 12.5, 15.0, 13.0, 15.5 ], "windMode": [-1,-1,-1,-1], "windData": [1,1,1,1] },
												"up": { "texture": "#skin", "uv": [ 12.5, 13.0, 13.0, 15.0 ], "rotation": 90 },
												"down": { "texture": "#skin", "uv": [ 13.5, 13.0, 14.0, 15.0 ], "rotation": 270, "enabled": false }
											}
										}
									]
								},
								{
									"name": "R ear",
									"from": [ 0.54, 1.395, -1.35 ], 
									"to": [ 0.72, 2.205, 0.27 ], 
									"unwrapMode": 4,
									"uv": [ 7.5, 9.0 ],
									"rotationOrigin": [ 0.675, 1.71, 0.27 ],
									"rotationX": 45.0,
									"rotationZ": 22.0,
									"faces": {
										"north": { "texture": "#skin", "uv": [ 7.5, 9.5, 8.0, 10.0 ] },
										"east": { "texture": "#skin", "uv": [ 9.5, 9.5, 11.0, 10.0 ] },
										"south": { "texture": "#skin", "uv": [ 9.5, 9.5, 10.0, 10.0 ], "enabled": false, "windMode": [-1,-1,-1,-1], "windData": [1,1,1,1] },
										"west": { "texture": "#skin", "uv": [ 8.0, 9.5, 9.5, 10.0 ] },
										"up": { "texture": "#skin", "uv": [ 8.0, 9.0, 9.5, 9.5 ], "rotation": 90 },
										"down": { "texture": "#skin", "uv": [ 8.0, 10.0, 9.5, 10.5 ], "rotation": 90 }
									}
								},
								{
									"name": "L ear",
									"from": [ 0.54, 1.395, 1.35 ], 
									"to": [ 0.72, 2.205, 2.97 ], 
									"unwrapMode": 4,
									"uv": [ 10.5, 7.5 ],
									"rotationOrigin": [ 0.675, 1.71, 1.35 ],
									"rotationX": -45.0,
									"rotationZ": 22.0,
									"faces": {
										"north": { "texture": "#skin", "uv": [ 10.5, 8.0, 11.0, 8.5 ], "enabled": false },
										"east": { "texture": "#skin", "uv": [ 12.5, 8.0, 14.0, 8.5 ] },
										"south": { "texture": "#skin", "uv": [ 12.0, 8.0, 12.5, 8.5 ] },
										"west": { "texture": "#skin", "uv": [ 10.5, 8.0, 12.0, 8.5 ] },
										"up": { "texture": "#skin", "uv": [ 10.5, 7.5, 12.0, 8.0 ], "rotation": 90 },
										"down": { "texture": "#skin", "uv": [ 10.5, 8.5, 12.0, 9.0 ], "rotation": 90 }
									}
								},
								{
									"name": "jaw",
									"from": [ -0.48, 0.0, 0.405 ], 
									"to": [ 0.67, 0.27, 1.215 ], 
									"unwrapMode": 5,
									"unwrapRotation": 1,
									"uv": [ 13.5, 2.5 ],
									"rotationOrigin": [ 0.5, 0.27, 0.81 ],
									"rotationZ": 42.0,
									"faces": {
										"north": { "texture": "#skin", "uv": [ 13.5, 2.5, 14.0, 3.5 ], "rotation": 270 },
										"east": { "texture": "#skin", "uv": [ 14.0, 2.5, 14.5, 3.0 ], "rotation": 180, "enabled": false },
										"south": { "texture": "#skin", "uv": [ 14.5, 2.5, 15.0, 3.5 ], "rotation": 90 },
										"west": { "texture": "#skin", "uv": [ 14.0, 3.5, 14.5, 4.0 ] },
										"up": { "texture": "#skin", "uv": [ 14.0, 2.5, 14.5, 3.5 ], "rotation": 90 },
										"down": { "texture": "#skin", "uv": [ 15.0, 2.5, 15.5, 3.5 ], "rotation": 270 }
									}
								}
							]
						}
					]
				}
			]
		}
	]}