{
	"editor": {
		"allAngles": true,
		"entityTextureMode": true
	},
	"textureWidth": 64,
	"textureHeight": 32,
	"textureSizes": {
		"skin": [64,32]
	},
	"textures": {
	},
	"elements": [
		{
			"name": "Body",
			"from": [ 2.67, 7.26, 5.62 ], 
			"to": [ 9.006, 12.804, 9.844 ], 
			"unwrapMode": 3,
			"unwrapRotation": 1,
			"uv": [ 0.0, 0.0 ],
			"rotationOrigin": [ 9.008, 10.036, 8.0 ],
			"rotationZ": 2.0,
			"faces": {
				"north": { "texture": "#skin", "uv": [ 16.5, 5.0, 23.0, 12.5 ], "rotation": 270 },
				"east": { "texture": "#skin", "uv": [ 5.0, 0.0, 11.5, 5.0 ], "rotation": 90 },
				"south": { "texture": "#skin", "uv": [ 5.0, 5.0, 11.5, 12.5 ], "rotation": 90 },
				"west": { "texture": "#skin", "uv": [ 5.0, 12.5, 11.5, 17.5 ], "rotation": 90 },
				"up": { "texture": "#skin", "uv": [ 0.0, 5.0, 5.0, 12.5 ], "rotation": 90 },
				"down": { "texture": "#skin", "uv": [ 11.5, 5.0, 16.5, 12.5 ], "rotation": 270 }
			},
			"children": [
				{
					"name": "neck",
					"from": [ -0.396, 3.184, 1.122 ], 
					"to": [ 2.706, 7.276, 3.102 ], 
					"unwrapMode": 3,
					"unwrapRotation": 1,
					"uv": [ 23.0, 0.0 ],
					"rotationOrigin": [ 2.508, 3.186, 2.112 ],
					"rotationZ": 56.0,
					"faces": {
						"north": { "texture": "#skin", "uv": [ 30.0, 2.0, 35.0, 5.5 ], "rotation": 270, "windMode": [-1,-1,-1,-1], "windData": [0,0,1,0] },
						"east": { "texture": "#skin", "uv": [ 25.0, 0.0, 30.0, 2.0 ], "rotation": 90, "windMode": [-1,-1,-1,-1], "windData": [1,0,0,1] },
						"south": { "texture": "#skin", "uv": [ 25.0, 2.0, 30.0, 5.5 ], "rotation": 90 },
						"west": { "texture": "#skin", "uv": [ 25.0, 5.5, 30.0, 7.5 ], "rotation": 90 },
						"up": { "texture": "#skin", "uv": [ 23.0, 2.0, 25.0, 5.5 ], "rotation": 90 },
						"down": { "texture": "#skin", "uv": [ 30.0, 2.0, 32.0, 5.5 ], "rotation": 270, "enabled": false, "windMode": [-1,-1,-1,-1], "windData": [0,1,1,0] }
					},
					"children": [
						{
							"name": "neck2",
							"from": [ 0.344, 2.31, 0.066 ], 
							"to": [ 3.116, 6.27, 1.914 ], 
							"unwrapMode": 3,
							"uv": [ 35.0, 0.0 ],
							"rotationOrigin": [ 2.984, 3.63, 0.99 ],
							"rotationZ": -19.0,
							"faces": {
								"north": { "texture": "#skin", "uv": [ 42.0, 2.0, 45.0, 6.5 ], "windMode": [-1,-1,-1,-1], "windData": [1,1,1,1] },
								"east": { "texture": "#skin", "uv": [ 40.0, 2.0, 42.0, 6.5 ], "windMode": [-1,-1,-1,-1], "windData": [1,1,1,1] },
								"south": { "texture": "#skin", "uv": [ 37.0, 2.0, 40.0, 6.5 ], "windMode": [-1,-1,-1,-1], "windData": [1,1,1,1] },
								"west": { "texture": "#skin", "uv": [ 35.0, 2.0, 37.0, 6.5 ], "windMode": [-1,-1,-1,-1], "windData": [1,1,1,1] },
								"up": { "texture": "#skin", "uv": [ 37.0, 0.0, 40.0, 2.0 ], "windMode": [-1,-1,-1,-1], "windData": [1,1,1,1] },
								"down": { "texture": "#skin", "uv": [ 37.0, 6.5, 40.0, 8.5 ], "rotation": 180, "enabled": false, "windMode": [-1,-1,-1,-1], "windData": [1,1,1,1] }
							},
							"children": [
								{
									"name": "head",
									"from": [ 1.32, 1.056, -0.264 ], 
									"to": [ 2.772, 4.026, 2.112 ], 
									"unwrapMode": 4,
									"uv": [ 52.5, 25.5 ],
									"rotationOrigin": [ 2.772, 3.96, 0.99 ],
									"rotationZ": -65.0,
									"faces": {
										"north": { "texture": "#skin", "uv": [ 52.5, 27.0, 54.0, 30.5 ] },
										"east": { "texture": "#skin", "uv": [ 58.0, 27.0, 60.5, 30.5 ] },
										"south": { "texture": "#skin", "uv": [ 56.5, 27.0, 58.0, 30.5 ] },
										"west": { "texture": "#skin", "uv": [ 54.0, 27.0, 56.5, 30.5 ] },
										"up": { "texture": "#skin", "uv": [ 54.0, 25.5, 56.5, 27.0 ], "rotation": 90 },
										"down": { "texture": "#skin", "uv": [ 54.0, 30.5, 56.5, 32.0 ], "rotation": 90 }
									},
									"children": [
										{
											"name": "mouth up",
											"from": [ -1.584, 0.396, 0.528 ], 
											"to": [ 0.396, 0.858, 1.848 ], 
											"unwrapMode": 5,
											"unwrapRotation": 1,
											"uv": [ 45.0, 22.0 ],
											"rotationOrigin": [ 0.33, 0.858, 1.188 ],
											"rotationZ": 55.0,
											"faces": {
												"north": { "texture": "#skin", "uv": [ 45.0, 22.0, 45.5, 24.0 ], "rotation": 270 },
												"east": { "texture": "#skin", "uv": [ 45.5, 22.0, 47.0, 22.5 ], "rotation": 180, "enabled": false },
												"south": { "texture": "#skin", "uv": [ 47.0, 22.0, 47.5, 24.0 ], "rotation": 90 },
												"west": { "texture": "#skin", "uv": [ 45.5, 24.0, 47.0, 24.5 ] },
												"up": { "texture": "#skin", "uv": [ 45.5, 22.0, 47.0, 24.0 ], "rotation": 90 },
												"down": { "texture": "#skin", "uv": [ 47.5, 22.0, 49.0, 24.0 ], "rotation": 270 }
											},
											"children": [
												{
													"name": "nose",
													"from": [ -0.264, 0.132, 0.168 ], 
													"to": [ 0.616, 0.792, 1.148 ], 
													"unwrapMode": 4,
													"uv": [ 0.0, 2.5 ],
													"rotationOrigin": [ -0.264, 0.792, 0.744 ],
													"rotationZ": 16.0,
													"faces": {
														"north": { "texture": "#skin", "uv": [ 0.0, 3.5, 1.0, 4.0 ], "windMode": [-1,-1,-1,-1], "windData": [1,1,1,1] },
														"east": { "texture": "#skin", "uv": [ 3.0, 3.5, 4.0, 4.0 ], "windMode": [-1,-1,-1,-1], "windData": [1,1,1,1] },
														"south": { "texture": "#skin", "uv": [ 2.0, 3.5, 3.0, 4.0 ], "windMode": [-1,-1,-1,-1], "windData": [1,1,1,1] },
														"west": { "texture": "#skin", "uv": [ 1.0, 3.5, 2.0, 4.0 ], "windMode": [-1,-1,-1,-1], "windData": [1,1,1,1] },
														"up": { "texture": "#skin", "uv": [ 1.0, 2.5, 2.0, 3.5 ], "rotation": 90, "windMode": [-1,-1,-1,-1], "windData": [1,1,1,1] },
														"down": { "texture": "#skin", "uv": [ 1.0, 4.0, 2.0, 5.0 ], "rotation": 90, "windMode": [-1,-1,-1,-1], "windData": [1,1,1,1] }
													}
												},
												{
													"name": "nose bridge",
													"from": [ 0.396, 0.0, 0.216 ], 
													"to": [ 3.63, 0.99, 1.112 ], 
													"unwrapMode": 5,
													"unwrapRotation": 1,
													"uv": [ 49.0, 27.0 ],
													"rotationOrigin": [ 0.396, 0.0, 0.608 ],
													"rotationZ": 16.0,
													"faces": {
														"north": { "texture": "#skin", "uv": [ 49.0, 27.0, 50.0, 31.0 ], "rotation": 270 },
														"east": { "texture": "#skin", "uv": [ 50.0, 27.0, 51.0, 28.0 ], "rotation": 180, "enabled": false, "windMode": [-1,-1,-1,-1], "windData": [1,1,1,1] },
														"south": { "texture": "#skin", "uv": [ 51.0, 27.0, 52.0, 31.0 ], "rotation": 90 },
														"west": { "texture": "#skin", "uv": [ 50.0, 31.0, 51.0, 32.0 ], "windMode": [-1,-1,-1,-1], "windData": [1,1,1,1] },
														"up": { "texture": "#skin", "uv": [ 50.0, 27.0, 51.0, 31.0 ], "rotation": 90 },
														"down": { "texture": "#skin", "uv": [ 52.0, 27.0, 53.0, 31.0 ], "rotation": 270, "enabled": false }
													}
												}
											]
										},
										{
											"name": "R ear",
											"from": [ 0.792, 2.046, -1.98 ], 
											"to": [ 1.056, 3.234, 0.396 ], 
											"unwrapMode": 4,
											"uv": [ 36.0, 21.0 ],
											"rotationOrigin": [ 0.99, 2.508, 0.396 ],
											"rotationX": 45.0,
											"rotationZ": 22.0,
											"faces": {
												"north": { "texture": "#skin", "uv": [ 36.0, 21.5, 36.5, 22.5 ] },
												"east": { "texture": "#skin", "uv": [ 39.0, 21.5, 41.5, 22.5 ] },
												"south": { "texture": "#skin", "uv": [ 39.0, 21.5, 39.5, 22.5 ], "enabled": false, "windMode": [-1,-1,-1,-1], "windData": [1,1,1,1] },
												"west": { "texture": "#skin", "uv": [ 36.5, 21.5, 39.0, 22.5 ] },
												"up": { "texture": "#skin", "uv": [ 36.5, 21.0, 39.0, 21.5 ], "rotation": 90 },
												"down": { "texture": "#skin", "uv": [ 36.5, 22.5, 39.0, 23.0 ], "rotation": 90 }
											}
										},
										{
											"name": "L ear",
											"from": [ 0.792, 2.046, 1.98 ], 
											"to": [ 1.056, 3.234, 4.356 ], 
											"unwrapMode": 4,
											"uv": [ 36.5, 18.5 ],
											"rotationOrigin": [ 0.99, 2.508, 1.98 ],
											"rotationX": -45.0,
											"rotationZ": 22.0,
											"faces": {
												"north": { "texture": "#skin", "uv": [ 36.5, 19.0, 37.0, 20.0 ], "enabled": false },
												"east": { "texture": "#skin", "uv": [ 39.5, 19.0, 42.0, 20.0 ] },
												"south": { "texture": "#skin", "uv": [ 39.0, 19.0, 39.5, 20.0 ] },
												"west": { "texture": "#skin", "uv": [ 36.5, 19.0, 39.0, 20.0 ] },
												"up": { "texture": "#skin", "uv": [ 36.5, 18.5, 39.0, 19.0 ], "rotation": 90 },
												"down": { "texture": "#skin", "uv": [ 36.5, 20.0, 39.0, 20.5 ], "rotation": 90 }
											}
										},
										{
											"name": "jaw",
											"from": [ -0.99, 0.0, 0.594 ], 
											"to": [ 0.99, 0.396, 1.782 ], 
											"unwrapMode": 5,
											"unwrapRotation": 1,
											"uv": [ 47.5, 25.0 ],
											"rotationOrigin": [ 0.726, 0.396, 1.188 ],
											"rotationZ": 42.0,
											"faces": {
												"north": { "texture": "#skin", "uv": [ 47.5, 25.0, 48.0, 27.0 ], "rotation": 270 },
												"east": { "texture": "#skin", "uv": [ 48.0, 25.0, 49.0, 25.5 ], "rotation": 180, "enabled": false },
												"south": { "texture": "#skin", "uv": [ 49.0, 25.0, 49.5, 27.0 ], "rotation": 90 },
												"west": { "texture": "#skin", "uv": [ 48.0, 27.0, 49.0, 27.5 ] },
												"up": { "texture": "#skin", "uv": [ 48.0, 25.0, 49.0, 27.0 ], "rotation": 90 },
												"down": { "texture": "#skin", "uv": [ 49.5, 25.0, 50.5, 27.0 ], "rotation": 270 }
											}
										}
									]
								}
							]
						}
					]
				},
				{
					"name": "abdomen",
					"from": [ 5.808, 0.0, 0.132 ], 
					"to": [ 12.276, 5.544, 4.092 ], 
					"unwrapMode": 3,
					"unwrapRotation": 1,
					"uv": [ 7.0, 13.0 ],
					"rotationOrigin": [ 5.808, 2.772, 2.112 ],
					"rotationZ": -4.0,
					"faces": {
						"north": { "texture": "#skin", "uv": [ 22.5, 17.5, 29.0, 25.5 ], "rotation": 270 },
						"east": { "texture": "#skin", "uv": [ 11.5, 13.0, 18.0, 17.5 ], "rotation": 90 },
						"south": { "texture": "#skin", "uv": [ 11.5, 17.5, 18.0, 25.5 ], "rotation": 90 },
						"west": { "texture": "#skin", "uv": [ 11.5, 25.5, 18.0, 30.0 ], "rotation": 90 },
						"up": { "texture": "#skin", "uv": [ 7.0, 17.5, 11.5, 25.5 ], "rotation": 90 },
						"down": { "texture": "#skin", "uv": [ 18.0, 17.5, 22.5, 25.5 ], "rotation": 270 }
					},
					"children": [
						{
							"name": "L back Thigh",
							"from": [ 2.904, -0.264, 2.904 ], 
							"to": [ 6.864, 4.488, 4.488 ], 
							"unwrapMode": 3,
							"uv": [ 35.0, 7.5 ],
							"rotationOrigin": [ 4.488, 3.234, 3.696 ],
							"rotationX": 3.0,
							"rotationZ": 8.0,
							"faces": {
								"north": { "texture": "#skin", "uv": [ 42.5, 9.0, 47.0, 14.5 ] },
								"east": { "texture": "#skin", "uv": [ 41.0, 9.0, 42.5, 14.5 ] },
								"south": { "texture": "#skin", "uv": [ 36.5, 9.0, 41.0, 14.5 ] },
								"west": { "texture": "#skin", "uv": [ 35.0, 9.0, 36.5, 14.5 ] },
								"up": { "texture": "#skin", "uv": [ 36.5, 7.5, 41.0, 9.0 ], "windMode": [-1,-1,-1,-1], "windData": [0,0,1,1] },
								"down": { "texture": "#skin", "uv": [ 36.5, 14.5, 41.0, 16.0 ], "rotation": 180 }
							},
							"children": [
								{
									"name": "L back Upper Arm",
									"from": [ 0.264, -3.96, 0.132 ], 
									"to": [ 1.848, 0.528, 1.386 ], 
									"unwrapMode": 3,
									"uv": [ 29.5, 15.0 ],
									"rotationOrigin": [ 1.056, 0.462, 0.792 ],
									"rotationX": 1.0,
									"rotationZ": 53.0,
									"faces": {
										"north": { "texture": "#skin", "uv": [ 34.0, 16.5, 35.5, 22.0 ] },
										"east": { "texture": "#skin", "uv": [ 32.5, 16.5, 34.0, 22.0 ] },
										"south": { "texture": "#skin", "uv": [ 31.0, 16.5, 32.5, 22.0 ] },
										"west": { "texture": "#skin", "uv": [ 29.5, 16.5, 31.0, 22.0 ] },
										"up": { "texture": "#skin", "uv": [ 31.0, 15.0, 32.5, 16.5 ] },
										"down": { "texture": "#skin", "uv": [ 31.0, 22.0, 32.5, 23.5 ], "rotation": 180 }
									},
									"children": [
										{
											"name": "L back lower arm",
											"from": [ 0.264, -3.696, 0.132 ], 
											"to": [ 1.188, 0.792, 0.924 ], 
											"unwrapMode": 3,
											"uv": [ 22.0, 25.5 ],
											"rotationOrigin": [ 0.858, 0.792, 0.594 ],
											"rotationX": -4.0,
											"rotationZ": -61.0,
											"faces": {
												"north": { "texture": "#skin", "uv": [ 24.0, 26.0, 25.0, 31.5 ] },
												"east": { "texture": "#skin", "uv": [ 23.5, 26.0, 24.0, 31.5 ] },
												"south": { "texture": "#skin", "uv": [ 22.5, 26.0, 23.5, 31.5 ] },
												"west": { "texture": "#skin", "uv": [ 22.0, 26.0, 22.5, 31.5 ] },
												"up": { "texture": "#skin", "uv": [ 22.5, 25.5, 23.5, 26.0 ] },
												"down": { "texture": "#skin", "uv": [ 22.5, 31.5, 23.5, 32.0 ], "rotation": 180 }
											},
											"children": [
												{
													"name": "L back pastern",
													"from": [ 0.066, -0.924, 0.0 ], 
													"to": [ 0.858, 1.056, 0.792 ], 
													"unwrapMode": 3,
													"uv": [ 25.5, 29.0 ],
													"rotationOrigin": [ 0.528, 0.99, 0.396 ],
													"rotationZ": -17.0,
													"faces": {
														"north": { "texture": "#skin", "uv": [ 27.0, 29.5, 27.5, 31.5 ] },
														"east": { "texture": "#skin", "uv": [ 26.5, 29.5, 27.0, 31.5 ] },
														"south": { "texture": "#skin", "uv": [ 26.0, 29.5, 26.5, 31.5 ] },
														"west": { "texture": "#skin", "uv": [ 25.5, 29.5, 26.0, 31.5 ] },
														"up": { "texture": "#skin", "uv": [ 26.0, 29.0, 26.5, 29.5 ] },
														"down": { "texture": "#skin", "uv": [ 26.0, 31.5, 26.5, 32.0 ], "rotation": 180 }
													},
													"children": [
														{
															"name": "L origin hind hoof",
															"from": [ 0.462, 0.594, 0.462 ], 
															"to": [ 0.462, 0.594, 0.462 ], 
															"uv": [ 0.0, 0.0 ],
															"rotationOrigin": [ 0.462, 0.594, 0.462 ],
															"faces": {
																"north": { "texture": "#skin", "uv": [ 0.0, 0.5, 0.495, 0.995 ], "enabled": false },
																"east": { "texture": "#skin", "uv": [ 0.5, 0.5, 0.995, 0.995 ], "enabled": false },
																"south": { "texture": "#skin", "uv": [ 1.0, 0.5, 1.495, 0.995 ], "enabled": false },
																"west": { "texture": "#skin", "uv": [ 1.5, 0.5, 1.995, 0.995 ], "enabled": false },
																"up": { "texture": "#skin", "uv": [ 0.0, 0.0, 0.495, 0.495 ], "enabled": false },
																"down": { "texture": "#skin", "uv": [ 0.5, 0.0, 0.995, 0.495 ], "enabled": false }
															},
															"children": [
																{
																	"name": "L hind hoof 1",
																	"from": [ -1.32, -0.264, -0.396 ], 
																	"to": [ -0.264, 0.132, 0.264 ], 
																	"unwrapMode": 4,
																	"uv": [ 40.0, 28.0 ],
																	"rotationOrigin": [ -0.198, 0.066, 0.264 ],
																	"rotationZ": 55.0,
																	"faces": {
																		"north": { "texture": "#skin", "uv": [ 40.0, 29.0, 41.0, 29.5 ] },
																		"east": { "texture": "#skin", "uv": [ 42.5, 29.0, 43.0, 29.5 ] },
																		"south": { "texture": "#skin", "uv": [ 41.5, 29.0, 42.5, 29.5 ] },
																		"west": { "texture": "#skin", "uv": [ 41.0, 29.0, 41.5, 29.5 ] },
																		"up": { "texture": "#skin", "uv": [ 41.0, 28.0, 41.5, 29.0 ], "rotation": 90 },
																		"down": { "texture": "#skin", "uv": [ 41.0, 29.5, 41.5, 30.5 ], "rotation": 90 }
																	}
																},
																{
																	"name": "L hind hoof 2",
																	"from": [ -0.792, -0.66, -0.396 ], 
																	"to": [ 0.264, -0.264, 0.264 ], 
																	"unwrapMode": 4,
																	"uv": [ 39.5, 29.5 ],
																	"rotationOrigin": [ 0.132, -0.264, 0.198 ],
																	"rotationZ": 27.0,
																	"faces": {
																		"north": { "texture": "#skin", "uv": [ 39.5, 30.5, 40.5, 31.0 ] },
																		"east": { "texture": "#skin", "uv": [ 42.0, 30.5, 42.5, 31.0 ] },
																		"south": { "texture": "#skin", "uv": [ 41.0, 30.5, 42.0, 31.0 ] },
																		"west": { "texture": "#skin", "uv": [ 40.5, 30.5, 41.0, 31.0 ] },
																		"up": { "texture": "#skin", "uv": [ 40.5, 29.5, 41.0, 30.5 ], "rotation": 90 },
																		"down": { "texture": "#skin", "uv": [ 40.5, 31.0, 41.0, 32.0 ], "rotation": 90 }
																	}
																}
															]
														}
													]
												}
											]
										}
									]
								}
							]
						},
						{
							"name": "tail",
							"from": [ 5.742, 3.564, 1.32 ], 
							"to": [ 6.534, 5.148, 2.508 ], 
							"unwrapMode": 3,
							"unwrapRotation": 1,
							"uv": [ 11.5, 0.0 ],
							"rotationOrigin": [ 5.742, 5.148, 1.848 ],
							"rotationZ": 28.0,
							"faces": {
								"north": { "texture": "#skin", "uv": [ 15.0, 1.0, 16.5, 1.5 ], "rotation": 270, "windMode": [-1,-1,-1,-1], "windData": [0,1,1,0] },
								"east": { "texture": "#skin", "uv": [ 12.5, 0.0, 14.0, 1.0 ], "rotation": 90, "windMode": [-1,-1,-1,-1], "windData": [0,1,1,0] },
								"south": { "texture": "#skin", "uv": [ 12.5, 1.0, 14.0, 1.5 ], "rotation": 90 },
								"west": { "texture": "#skin", "uv": [ 12.5, 1.5, 14.0, 2.5 ], "rotation": 90, "windMode": [-1,-1,-1,-1], "windData": [0,0,1,1] },
								"up": { "texture": "#skin", "uv": [ 11.5, 1.0, 12.5, 1.5 ], "rotation": 90, "windMode": [-1,-1,-1,-1], "windData": [1,1,1,1] },
								"down": { "texture": "#skin", "uv": [ 14.0, 1.0, 15.0, 1.5 ], "rotation": 270, "windMode": [-1,-1,-1,-1] }
							},
							"children": [
								{
									"name": "tail-end",
									"from": [ 0.0, -1.782, 0.066 ], 
									"to": [ 0.924, 0.33, 1.122 ], 
									"unwrapMode": 3,
									"unwrapRotation": 1,
									"uv": [ 13.0, 2.0 ],
									"rotationOrigin": [ 0.0, 0.264, 0.594 ],
									"rotationZ": -22.0,
									"faces": {
										"north": { "texture": "#skin", "uv": [ 17.5, 3.0, 20.0, 4.0 ], "rotation": 270 },
										"east": { "texture": "#skin", "uv": [ 14.0, 2.0, 16.5, 3.0 ], "rotation": 90 },
										"south": { "texture": "#skin", "uv": [ 14.0, 3.0, 16.5, 4.0 ], "rotation": 90 },
										"west": { "texture": "#skin", "uv": [ 14.0, 4.0, 16.5, 5.0 ], "rotation": 90 },
										"up": { "texture": "#skin", "uv": [ 13.0, 3.0, 14.0, 4.0 ], "rotation": 90, "windMode": [-1,-1,-1,-1], "windData": [1,1,1,1] },
										"down": { "texture": "#skin", "uv": [ 16.5, 3.0, 17.5, 4.0 ], "rotation": 270 }
									}
								}
							]
						},
						{
							"name": "R back Thigh",
							"from": [ 2.904, -0.264, -0.594 ], 
							"to": [ 6.864, 4.488, 0.99 ], 
							"unwrapMode": 1,
							"uv": [ 23.0, 7.5 ],
							"rotationOrigin": [ 4.488, 3.234, 0.198 ],
							"rotationX": -3.0,
							"rotationZ": -23.0,
							"faces": {
								"north": { "texture": "#skin", "uv": [ 24.5, 9.0, 29.0, 14.5 ] },
								"east": { "texture": "#skin", "uv": [ 23.0, 9.0, 24.5, 14.5 ] },
								"south": { "texture": "#skin", "uv": [ 30.5, 9.0, 35.0, 14.5 ] },
								"west": { "texture": "#skin", "uv": [ 29.0, 9.0, 30.5, 14.5 ] },
								"up": { "texture": "#skin", "uv": [ 24.5, 7.5, 29.0, 9.0 ], "rotation": 180 },
								"down": { "texture": "#skin", "uv": [ 24.5, 14.5, 29.0, 16.0 ] }
							},
							"children": [
								{
									"name": "R back Upper Arm",
									"from": [ 0.264, -3.96, 0.132 ], 
									"to": [ 1.848, 0.528, 1.386 ], 
									"unwrapMode": 1,
									"uv": [ 29.5, 23.5 ],
									"rotationOrigin": [ 1.056, 0.462, 0.792 ],
									"rotationX": -1.0,
									"rotationZ": 73.0,
									"faces": {
										"north": { "texture": "#skin", "uv": [ 31.0, 25.0, 32.5, 30.5 ] },
										"east": { "texture": "#skin", "uv": [ 29.5, 25.0, 31.0, 30.5 ] },
										"south": { "texture": "#skin", "uv": [ 34.0, 25.0, 35.5, 30.5 ] },
										"west": { "texture": "#skin", "uv": [ 32.5, 25.0, 34.0, 30.5 ] },
										"up": { "texture": "#skin", "uv": [ 31.0, 23.5, 32.5, 25.0 ], "rotation": 180 },
										"down": { "texture": "#skin", "uv": [ 31.0, 30.5, 32.5, 32.0 ] }
									},
									"children": [
										{
											"name": "R back lower arm",
											"from": [ 0.264, -3.696, 0.264 ], 
											"to": [ 1.188, 0.792, 1.056 ], 
											"unwrapMode": 1,
											"uv": [ 18.5, 25.5 ],
											"rotationOrigin": [ 0.858, 0.792, 0.726 ],
											"rotationX": 4.0,
											"rotationZ": -63.0,
											"faces": {
												"north": { "texture": "#skin", "uv": [ 19.0, 26.0, 20.0, 31.5 ] },
												"east": { "texture": "#skin", "uv": [ 18.5, 26.0, 19.0, 31.5 ] },
												"south": { "texture": "#skin", "uv": [ 20.5, 26.0, 21.5, 31.5 ] },
												"west": { "texture": "#skin", "uv": [ 20.0, 26.0, 20.5, 31.5 ] },
												"up": { "texture": "#skin", "uv": [ 19.0, 25.5, 20.0, 26.0 ], "rotation": 180 },
												"down": { "texture": "#skin", "uv": [ 19.0, 31.5, 20.0, 32.0 ] }
											},
											"children": [
												{
													"name": "R back pastern",
													"from": [ 0.066, -1.168, 0.0 ], 
													"to": [ 0.858, 0.812, 0.792 ], 
													"unwrapMode": 1,
													"uv": [ 25.5, 25.83 ],
													"rotationOrigin": [ 0.528, 0.75, 0.396 ],
													"rotationZ": -8.0,
													"faces": {
														"north": { "texture": "#skin", "uv": [ 26.0, 26.5, 26.5, 28.5 ] },
														"east": { "texture": "#skin", "uv": [ 25.5, 26.5, 26.0, 28.5 ] },
														"south": { "texture": "#skin", "uv": [ 27.0, 26.5, 27.5, 28.5 ] },
														"west": { "texture": "#skin", "uv": [ 26.5, 26.5, 27.0, 28.5 ] },
														"up": { "texture": "#skin", "uv": [ 26.0, 26.0, 26.5, 26.5 ], "rotation": 180 },
														"down": { "texture": "#skin", "uv": [ 26.0, 28.5, 26.5, 29.0 ] }
													},
													"children": [
														{
															"name": "R origin hind hoof",
															"from": [ 0.462, 0.594, 0.462 ], 
															"to": [ 0.462, 0.594, 0.462 ], 
															"uv": [ 0.0, 0.0 ],
															"rotationOrigin": [ 0.462, 0.594, 0.462 ],
															"faces": {
																"north": { "texture": "#skin", "uv": [ 0.0, 0.5, 0.495, 0.995 ], "enabled": false },
																"east": { "texture": "#skin", "uv": [ 0.5, 0.5, 0.995, 0.995 ], "enabled": false },
																"south": { "texture": "#skin", "uv": [ 1.0, 0.5, 1.495, 0.995 ], "enabled": false },
																"west": { "texture": "#skin", "uv": [ 1.5, 0.5, 1.995, 0.995 ], "enabled": false },
																"up": { "texture": "#skin", "uv": [ 0.0, 0.0, 0.495, 0.495 ], "enabled": false },
																"down": { "texture": "#skin", "uv": [ 0.5, 0.0, 0.995, 0.495 ], "enabled": false }
															},
															"children": [
																{
																	"name": "R hind hoof 1",
																	"from": [ -1.32, -0.264, -0.396 ], 
																	"to": [ -0.264, 0.132, 0.264 ], 
																	"unwrapMode": 4,
																	"uv": [ 36.5, 29.5 ],
																	"rotationOrigin": [ -0.198, 0.066, 0.264 ],
																	"rotationZ": 55.0,
																	"faces": {
																		"north": { "texture": "#skin", "uv": [ 36.5, 30.5, 37.5, 31.0 ] },
																		"east": { "texture": "#skin", "uv": [ 39.0, 30.5, 39.5, 31.0 ] },
																		"south": { "texture": "#skin", "uv": [ 38.0, 30.5, 39.0, 31.0 ] },
																		"west": { "texture": "#skin", "uv": [ 37.5, 30.5, 38.0, 31.0 ] },
																		"up": { "texture": "#skin", "uv": [ 37.5, 29.5, 38.0, 30.5 ], "rotation": 90 },
																		"down": { "texture": "#skin", "uv": [ 37.5, 31.0, 38.0, 32.0 ], "rotation": 90 }
																	}
																},
																{
																	"name": "R hind hoof 2",
																	"from": [ -0.792, -0.66, -0.396 ], 
																	"to": [ 0.264, -0.264, 0.264 ], 
																	"unwrapMode": 4,
																	"uv": [ 37.0, 28.0 ],
																	"rotationOrigin": [ 0.132, -0.264, 0.198 ],
																	"rotationZ": 27.0,
																	"faces": {
																		"north": { "texture": "#skin", "uv": [ 37.0, 29.0, 38.0, 29.5 ] },
																		"east": { "texture": "#skin", "uv": [ 39.5, 29.0, 40.0, 29.5 ] },
																		"south": { "texture": "#skin", "uv": [ 38.5, 29.0, 39.5, 29.5 ] },
																		"west": { "texture": "#skin", "uv": [ 38.0, 29.0, 38.5, 29.5 ] },
																		"up": { "texture": "#skin", "uv": [ 38.0, 28.0, 38.5, 29.0 ], "rotation": 90 },
																		"down": { "texture": "#skin", "uv": [ 38.0, 29.5, 38.5, 30.5 ], "rotation": 90 }
																	}
																}
															]
														}
													]
												}
											]
										}
									]
								}
							]
						}
					]
				},
				{
					"name": "L front Thigh",
					"from": [ 0.594, 0.0, 3.564 ], 
					"to": [ 3.234, 4.62, 4.818 ], 
					"unwrapMode": 3,
					"uv": [ 46.0, 0.0 ],
					"rotationOrigin": [ 1.782, 2.376, 4.356 ],
					"rotationX": 3.0,
					"rotationZ": 15.0,
					"faces": {
						"north": { "texture": "#skin", "uv": [ 52.0, 1.5, 55.0, 7.0 ] },
						"east": { "texture": "#skin", "uv": [ 50.5, 1.5, 52.0, 7.0 ] },
						"south": { "texture": "#skin", "uv": [ 47.5, 1.5, 50.5, 7.0 ] },
						"west": { "texture": "#skin", "uv": [ 46.0, 1.5, 47.5, 7.0 ] },
						"up": { "texture": "#skin", "uv": [ 47.5, 0.0, 50.5, 1.5 ], "windMode": [-1,-1,-1,-1] },
						"down": { "texture": "#skin", "uv": [ 47.5, 7.0, 50.5, 8.5 ], "rotation": 180 }
					},
					"children": [
						{
							"name": "L front Upper Arm",
							"from": [ 0.396, -2.64, 0.132 ], 
							"to": [ 1.716, 0.792, 1.056 ], 
							"unwrapMode": 3,
							"uv": [ 47.5, 9.0 ],
							"rotationOrigin": [ 1.188, 0.396, 0.792 ],
							"rotationX": 1.0,
							"rotationZ": -8.0,
							"faces": {
								"north": { "texture": "#skin", "uv": [ 51.0, 10.0, 52.5, 14.0 ] },
								"east": { "texture": "#skin", "uv": [ 50.0, 10.0, 51.0, 14.0 ] },
								"south": { "texture": "#skin", "uv": [ 48.5, 10.0, 50.0, 14.0 ] },
								"west": { "texture": "#skin", "uv": [ 47.5, 10.0, 48.5, 14.0 ] },
								"up": { "texture": "#skin", "uv": [ 48.5, 9.0, 50.0, 10.0 ] },
								"down": { "texture": "#skin", "uv": [ 48.5, 14.0, 50.0, 15.0 ], "rotation": 180 }
							},
							"children": [
								{
									"name": "L front lower arm",
									"from": [ 0.198, -3.168, 0.066 ], 
									"to": [ 0.99, 0.792, 0.858 ], 
									"unwrapMode": 3,
									"uv": [ 53.5, 7.5 ],
									"rotationOrigin": [ 0.792, 0.396, 0.528 ],
									"rotationX": -3.0,
									"rotationZ": -8.0,
									"faces": {
										"north": { "texture": "#skin", "uv": [ 55.0, 8.0, 55.5, 12.5 ] },
										"east": { "texture": "#skin", "uv": [ 54.5, 8.0, 55.0, 12.5 ] },
										"south": { "texture": "#skin", "uv": [ 54.0, 8.0, 54.5, 12.5 ] },
										"west": { "texture": "#skin", "uv": [ 53.5, 8.0, 54.0, 12.5 ] },
										"up": { "texture": "#skin", "uv": [ 54.0, 7.5, 54.5, 8.0 ] },
										"down": { "texture": "#skin", "uv": [ 54.0, 12.5, 54.5, 13.0 ], "rotation": 180 }
									},
									"children": [
										{
											"name": "L front pastern",
											"from": [ 0.0, -1.386, 0.0 ], 
											"to": [ 0.792, 0.594, 0.792 ], 
											"unwrapMode": 3,
											"uv": [ 50.5, 14.5 ],
											"rotationOrigin": [ 0.066, 0.528, 0.396 ],
											"rotationX": -1.0,
											"rotationZ": -22.0,
											"faces": {
												"north": { "texture": "#skin", "uv": [ 52.0, 15.0, 52.5, 17.0 ] },
												"east": { "texture": "#skin", "uv": [ 51.5, 15.0, 52.0, 17.0 ] },
												"south": { "texture": "#skin", "uv": [ 51.0, 15.0, 51.5, 17.0 ] },
												"west": { "texture": "#skin", "uv": [ 50.5, 15.0, 51.0, 17.0 ] },
												"up": { "texture": "#skin", "uv": [ 51.0, 14.5, 51.5, 15.0 ] },
												"down": { "texture": "#skin", "uv": [ 51.0, 17.0, 51.5, 17.5 ], "rotation": 180 }
											},
											"children": [
												{
													"name": "L origin hoof",
													"from": [ 0.396, 0.594, 0.462 ], 
													"to": [ 0.396, 0.594, 0.462 ], 
													"uv": [ 0.0, 0.0 ],
													"rotationOrigin": [ 0.396, 0.594, 0.462 ],
													"rotationZ": -6.0,
													"faces": {
														"north": { "texture": "#skin", "uv": [ 0.0, 0.5, 0.495, 0.995 ], "enabled": false },
														"east": { "texture": "#skin", "uv": [ 0.5, 0.5, 0.995, 0.995 ], "enabled": false },
														"south": { "texture": "#skin", "uv": [ 1.0, 0.5, 1.495, 0.995 ], "enabled": false },
														"west": { "texture": "#skin", "uv": [ 1.5, 0.5, 1.995, 0.995 ], "enabled": false },
														"up": { "texture": "#skin", "uv": [ 0.0, 0.0, 0.495, 0.495 ], "enabled": false },
														"down": { "texture": "#skin", "uv": [ 0.5, 0.0, 0.995, 0.495 ], "enabled": false }
													},
													"children": [
														{
															"name": "L front hoof 1",
															"from": [ -1.32, -0.264, -0.396 ], 
															"to": [ -0.264, 0.066, 0.264 ], 
															"unwrapMode": 4,
															"uv": [ 40.5, 26.5 ],
															"rotationOrigin": [ -0.198, 0.066, 0.264 ],
															"rotationZ": 55.0,
															"faces": {
																"north": { "texture": "#skin", "uv": [ 40.5, 27.5, 41.5, 28.0 ] },
																"east": { "texture": "#skin", "uv": [ 43.0, 27.5, 43.5, 28.0 ] },
																"south": { "texture": "#skin", "uv": [ 42.0, 27.5, 43.0, 28.0 ] },
																"west": { "texture": "#skin", "uv": [ 41.5, 27.5, 42.0, 28.0 ] },
																"up": { "texture": "#skin", "uv": [ 41.5, 26.5, 42.0, 27.5 ], "rotation": 90 },
																"down": { "texture": "#skin", "uv": [ 41.5, 28.0, 42.0, 29.0 ], "rotation": 90 }
															}
														},
														{
															"name": "L front hoof 2",
															"from": [ -0.792, -0.66, -0.396 ], 
															"to": [ 0.264, -0.264, 0.264 ], 
															"unwrapMode": 4,
															"uv": [ 41.0, 25.0 ],
															"rotationOrigin": [ 0.132, -0.264, 0.198 ],
															"rotationZ": 27.0,
															"faces": {
																"north": { "texture": "#skin", "uv": [ 41.0, 26.0, 42.0, 26.5 ] },
																"east": { "texture": "#skin", "uv": [ 43.5, 26.0, 44.0, 26.5 ] },
																"south": { "texture": "#skin", "uv": [ 42.5, 26.0, 43.5, 26.5 ] },
																"west": { "texture": "#skin", "uv": [ 42.0, 26.0, 42.5, 26.5 ] },
																"up": { "texture": "#skin", "uv": [ 42.0, 25.0, 42.5, 26.0 ], "rotation": 90 },
																"down": { "texture": "#skin", "uv": [ 42.0, 26.5, 42.5, 27.5 ], "rotation": 90 }
															}
														}
													]
												}
											]
										}
									]
								}
							]
						}
					]
				},
				{
					"name": "R front Thigh",
					"from": [ 0.594, 0.0, -0.462 ], 
					"to": [ 3.234, 4.62, 0.792 ], 
					"unwrapMode": 1,
					"uv": [ 55.0, 0.0 ],
					"rotationOrigin": [ 1.782, 2.376, 0.0 ],
					"rotationX": -3.0,
					"rotationZ": 15.0,
					"faces": {
						"north": { "texture": "#skin", "uv": [ 56.5, 1.5, 59.5, 7.0 ] },
						"east": { "texture": "#skin", "uv": [ 55.0, 1.5, 56.5, 7.0 ] },
						"south": { "texture": "#skin", "uv": [ 61.0, 1.5, 64.0, 7.0 ] },
						"west": { "texture": "#skin", "uv": [ 59.5, 1.5, 61.0, 7.0 ] },
						"up": { "texture": "#skin", "uv": [ 56.5, 0.0, 59.5, 1.5 ], "rotation": 180 },
						"down": { "texture": "#skin", "uv": [ 56.5, 7.0, 59.5, 8.5 ] }
					},
					"children": [
						{
							"name": "R front Upper Arm",
							"from": [ 0.396, -2.64, 0.132 ], 
							"to": [ 1.716, 0.792, 1.056 ], 
							"unwrapMode": 1,
							"uv": [ 56.0, 9.0 ],
							"rotationOrigin": [ 1.188, 0.396, 0.792 ],
							"rotationX": -1.0,
							"rotationZ": -78.0,
							"faces": {
								"north": { "texture": "#skin", "uv": [ 57.0, 10.0, 58.5, 14.0 ] },
								"east": { "texture": "#skin", "uv": [ 56.0, 10.0, 57.0, 14.0 ] },
								"south": { "texture": "#skin", "uv": [ 59.5, 10.0, 61.0, 14.0 ] },
								"west": { "texture": "#skin", "uv": [ 58.5, 10.0, 59.5, 14.0 ] },
								"up": { "texture": "#skin", "uv": [ 57.0, 9.0, 58.5, 10.0 ], "rotation": 180 },
								"down": { "texture": "#skin", "uv": [ 57.0, 14.0, 58.5, 15.0 ] }
							},
							"children": [
								{
									"name": "R front lower arm",
									"from": [ 0.198, -3.168, 0.066 ], 
									"to": [ 0.99, 0.792, 0.858 ], 
									"unwrapMode": 1,
									"uv": [ 61.5, 7.5 ],
									"rotationOrigin": [ 0.792, 0.396, 0.66 ],
									"rotationX": 3.0,
									"rotationZ": 64.0,
									"faces": {
										"north": { "texture": "#skin", "uv": [ 62.0, 8.0, 62.5, 12.5 ] },
										"east": { "texture": "#skin", "uv": [ 61.5, 8.0, 62.0, 12.5 ] },
										"south": { "texture": "#skin", "uv": [ 63.0, 8.0, 63.5, 12.5 ] },
										"west": { "texture": "#skin", "uv": [ 62.5, 8.0, 63.0, 12.5 ] },
										"up": { "texture": "#skin", "uv": [ 62.0, 7.5, 62.5, 8.0 ], "rotation": 180 },
										"down": { "texture": "#skin", "uv": [ 62.0, 12.5, 62.5, 13.0 ] }
									},
									"children": [
										{
											"name": "R front pastern",
											"from": [ 0.08, -1.544, 0.0 ], 
											"to": [ 0.872, 0.436, 0.792 ], 
											"unwrapMode": 1,
											"uv": [ 59.0, 14.5 ],
											"rotationOrigin": [ 0.146, 0.368, 0.396 ],
											"rotationX": -1.0,
											"rotationZ": 14.0,
											"faces": {
												"north": { "texture": "#skin", "uv": [ 59.5, 15.0, 60.0, 17.0 ] },
												"east": { "texture": "#skin", "uv": [ 59.0, 15.0, 59.5, 17.0 ] },
												"south": { "texture": "#skin", "uv": [ 60.5, 15.0, 61.0, 17.0 ] },
												"west": { "texture": "#skin", "uv": [ 60.0, 15.0, 60.5, 17.0 ] },
												"up": { "texture": "#skin", "uv": [ 59.5, 14.5, 60.0, 15.0 ], "rotation": 180 },
												"down": { "texture": "#skin", "uv": [ 59.5, 17.0, 60.0, 17.5 ] }
											},
											"children": [
												{
													"name": "R origin hoof",
													"from": [ 0.152, 0.432, 0.462 ], 
													"to": [ 0.152, 0.432, 0.462 ], 
													"uv": [ 0.0, 0.0 ],
													"rotationOrigin": [ 0.156, 0.434, 0.462 ],
													"rotationZ": 53.0,
													"faces": {
														"north": { "texture": "#skin", "uv": [ 0.0, 0.5, 0.495, 0.995 ], "enabled": false },
														"east": { "texture": "#skin", "uv": [ 0.5, 0.5, 0.995, 0.995 ], "enabled": false },
														"south": { "texture": "#skin", "uv": [ 1.0, 0.5, 1.495, 0.995 ], "enabled": false },
														"west": { "texture": "#skin", "uv": [ 1.5, 0.5, 1.995, 0.995 ], "enabled": false },
														"up": { "texture": "#skin", "uv": [ 0.0, 0.0, 0.495, 0.495 ], "enabled": false },
														"down": { "texture": "#skin", "uv": [ 0.5, 0.0, 0.995, 0.495 ], "enabled": false }
													},
													"children": [
														{
															"name": "R front hoof 1",
															"from": [ -1.32, -0.264, -0.396 ], 
															"to": [ -0.264, 0.066, 0.264 ], 
															"unwrapMode": 4,
															"uv": [ 37.5, 26.5 ],
															"rotationOrigin": [ -0.198, 0.066, 0.264 ],
															"rotationZ": 55.0,
															"faces": {
																"north": { "texture": "#skin", "uv": [ 37.5, 27.5, 38.5, 28.0 ] },
																"east": { "texture": "#skin", "uv": [ 40.0, 27.5, 40.5, 28.0 ] },
																"south": { "texture": "#skin", "uv": [ 39.0, 27.5, 40.0, 28.0 ] },
																"west": { "texture": "#skin", "uv": [ 38.5, 27.5, 39.0, 28.0 ] },
																"up": { "texture": "#skin", "uv": [ 38.5, 26.5, 39.0, 27.5 ], "rotation": 90 },
																"down": { "texture": "#skin", "uv": [ 38.5, 28.0, 39.0, 29.0 ], "rotation": 90 }
															}
														},
														{
															"name": "R front hoof 2",
															"from": [ -0.792, -0.66, -0.396 ], 
															"to": [ 0.264, -0.264, 0.264 ], 
															"unwrapMode": 4,
															"uv": [ 38.0, 25.0 ],
															"rotationOrigin": [ 0.132, -0.264, 0.198 ],
															"rotationZ": 27.0,
															"faces": {
																"north": { "texture": "#skin", "uv": [ 38.0, 26.0, 39.0, 26.5 ] },
																"east": { "texture": "#skin", "uv": [ 40.5, 26.0, 41.0, 26.5 ] },
																"south": { "texture": "#skin", "uv": [ 39.5, 26.0, 40.5, 26.5 ] },
																"west": { "texture": "#skin", "uv": [ 39.0, 26.0, 39.5, 26.5 ] },
																"up": { "texture": "#skin", "uv": [ 39.0, 25.0, 39.5, 26.0 ], "rotation": 90 },
																"down": { "texture": "#skin", "uv": [ 39.0, 26.5, 39.5, 27.5 ], "rotation": 90 }
															}
														}
													]
												}
											]
										}
									]
								}
							]
						}
					]
				}
			],
			"attachmentpoints": [
				{
					"code": "Center",
					"posX": "9.0","posY": "4.0","posZ": "5.0",
					"rotationX": "0.0","rotationY": "0.0","rotationZ": "0.0"
				}
			]
		}
	]}