{
	"editor": {
		"allAngles": true,
		"entityTextureMode": true
	},
	"textureWidth": 16,
	"textureHeight": 32,
	"textureSizes": {
		"skin": [16,32]
	},
	"textures": {
	},
	"elements": [
		{
			"name": "Body",
			"from": [ 5.14, 5.18, 6.38 ], 
			"to": [ 8.46, 8.46, 9.26 ], 
			"unwrapMode": 3,
			"unwrapRotation": 1,
			"uv": [ 0.0, 0.0 ],
			"rotationOrigin": [ 8.46, 7.07, 8.0 ],
			"rotationZ": 6.0,
			"faces": {
				"north": { "texture": "#skin", "uv": [ 8.0, 2.5, 11.0, 5.5 ], "rotation": 270 },
				"east": { "texture": "#skin", "uv": [ 2.5, 0.0, 5.5, 2.5 ], "rotation": 90 },
				"south": { "texture": "#skin", "uv": [ 2.5, 2.5, 5.5, 5.5 ], "rotation": 90 },
				"west": { "texture": "#skin", "uv": [ 2.5, 5.5, 5.5, 8.0 ], "rotation": 90 },
				"up": { "texture": "#skin", "uv": [ 0.0, 2.5, 2.5, 5.5 ], "rotation": 90 },
				"down": { "texture": "#skin", "uv": [ 5.5, 2.5, 8.0, 5.5 ], "rotation": 270 }
			},
			"children": [
				{
					"name": "neck",
					"from": [ -0.37, 2.35, 0.765 ], 
					"to": [ 1.445, 5.14, 2.115 ], 
					"unwrapMode": 3,
					"unwrapRotation": 1,
					"uv": [ 10.0, 0.0 ],
					"rotationOrigin": [ 1.31, 2.345, 1.44 ],
					"rotationZ": 83.0,
					"faces": {
						"north": { "texture": "#skin", "uv": [ 13.5, 1.0, 16.0, 2.5 ], "rotation": 270, "windMode": [-1,-1,-1,-1], "windData": [0,0,1,0] },
						"east": { "texture": "#skin", "uv": [ 11.0, 0.0, 13.5, 1.0 ], "rotation": 90, "windMode": [-1,-1,-1,-1], "windData": [1,0,0,1] },
						"south": { "texture": "#skin", "uv": [ 11.0, 1.0, 13.5, 2.5 ], "rotation": 90 },
						"west": { "texture": "#skin", "uv": [ 11.0, 2.5, 13.5, 3.5 ], "rotation": 90 },
						"up": { "texture": "#skin", "uv": [ 10.0, 1.0, 11.0, 2.5 ], "rotation": 90 },
						"down": { "texture": "#skin", "uv": [ 13.5, 1.0, 14.5, 2.5 ], "rotation": 270, "enabled": false, "windMode": [-1,-1,-1,-1], "windData": [0,1,1,0] }
					},
					"children": [
						{
							"name": "neck2",
							"from": [ 0.18, 1.78, 0.045 ], 
							"to": [ 1.77, 4.48, 1.305 ], 
							"unwrapMode": 3,
							"uv": [ 11.0, 9.5 ],
							"rotationOrigin": [ 1.68, 2.675, 0.675 ],
							"rotationZ": -3.0,
							"faces": {
								"north": { "texture": "#skin", "uv": [ 14.5, 10.5, 16.0, 13.0 ], "windMode": [-1,-1,-1,-1], "windData": [1,1,1,1] },
								"east": { "texture": "#skin", "uv": [ 13.5, 10.5, 14.5, 13.0 ], "windMode": [-1,-1,-1,-1], "windData": [1,1,1,1] },
								"south": { "texture": "#skin", "uv": [ 12.0, 10.5, 13.5, 13.0 ], "windMode": [-1,-1,-1,-1], "windData": [1,1,1,1] },
								"west": { "texture": "#skin", "uv": [ 11.0, 10.5, 12.0, 13.0 ], "windMode": [-1,-1,-1,-1], "windData": [1,1,1,1] },
								"up": { "texture": "#skin", "uv": [ 12.0, 9.5, 13.5, 10.5 ], "windMode": [-1,-1,-1,-1], "windData": [1,1,1,1] },
								"down": { "texture": "#skin", "uv": [ 12.0, 13.0, 13.5, 14.0 ], "rotation": 180, "enabled": false, "windMode": [-1,-1,-1,-1], "windData": [1,1,1,1] }
							},
							"children": [
								{
									"name": "head",
									"from": [ 0.7, 0.72, -0.18 ], 
									"to": [ 1.7, 2.745, 1.44 ], 
									"unwrapMode": 4,
									"uv": [ 5.5, 5.5 ],
									"rotationOrigin": [ 1.69, 2.7, 0.675 ],
									"rotationZ": -72.0,
									"faces": {
										"north": { "texture": "#skin", "uv": [ 5.5, 6.5, 6.5, 8.5 ] },
										"east": { "texture": "#skin", "uv": [ 9.0, 6.5, 10.5, 8.5 ] },
										"south": { "texture": "#skin", "uv": [ 8.0, 6.5, 9.0, 8.5 ] },
										"west": { "texture": "#skin", "uv": [ 6.5, 6.5, 8.0, 8.5 ] },
										"up": { "texture": "#skin", "uv": [ 6.5, 5.5, 8.0, 6.5 ], "rotation": 90 },
										"down": { "texture": "#skin", "uv": [ 6.5, 8.5, 8.0, 9.5 ], "rotation": 90 }
									},
									"children": [
										{
											"name": "mouth up",
											"from": [ -0.88, 0.27, 0.36 ], 
											"to": [ 0.27, 0.585, 1.26 ], 
											"unwrapMode": 5,
											"unwrapRotation": 1,
											"uv": [ 0.0, 0.0 ],
											"rotationOrigin": [ 0.23, 0.585, 0.81 ],
											"rotationZ": 55.0,
											"faces": {
												"north": { "texture": "#skin", "uv": [ 0.0, 0.0, 0.5, 1.0 ], "rotation": 270 },
												"east": { "texture": "#skin", "uv": [ 0.5, 0.0, 1.0, 0.5 ], "rotation": 180, "enabled": false },
												"south": { "texture": "#skin", "uv": [ 1.0, 0.0, 1.5, 1.0 ], "rotation": 90 },
												"west": { "texture": "#skin", "uv": [ 0.5, 1.0, 1.0, 1.5 ] },
												"up": { "texture": "#skin", "uv": [ 0.5, 0.0, 1.0, 1.0 ], "rotation": 90 },
												"down": { "texture": "#skin", "uv": [ 1.5, 0.0, 2.0, 1.0 ], "rotation": 270 }
											},
											"children": [
												{
													"name": "nose",
													"from": [ -0.18, 0.09, 0.225 ], 
													"to": [ 0.36, 0.54, 0.675 ], 
													"unwrapMode": 4,
													"uv": [ 0.5, 1.0 ],
													"rotationOrigin": [ -0.18, 0.54, 0.45 ],
													"rotationZ": 16.0,
													"faces": {
														"north": { "texture": "#skin", "uv": [ 0.5, 1.5, 1.0, 2.0 ], "windMode": [-1,-1,-1,-1], "windData": [1,1,1,1] },
														"east": { "texture": "#skin", "uv": [ 2.0, 1.5, 2.5, 2.0 ], "windMode": [-1,-1,-1,-1], "windData": [1,1,1,1] },
														"south": { "texture": "#skin", "uv": [ 1.5, 1.5, 2.0, 2.0 ], "windMode": [-1,-1,-1,-1], "windData": [1,1,1,1] },
														"west": { "texture": "#skin", "uv": [ 1.0, 1.5, 1.5, 2.0 ], "windMode": [-1,-1,-1,-1], "windData": [1,1,1,1] },
														"up": { "texture": "#skin", "uv": [ 1.0, 1.0, 1.5, 1.5 ], "rotation": 90, "windMode": [-1,-1,-1,-1], "windData": [1,1,1,1] },
														"down": { "texture": "#skin", "uv": [ 1.0, 2.0, 1.5, 2.5 ], "rotation": 90, "windMode": [-1,-1,-1,-1], "windData": [1,1,1,1] }
													}
												},
												{
													"name": "nose bridge",
													"from": [ 0.27, 0.0, 0.09 ], 
													"to": [ 2.475, 0.675, 0.81 ], 
													"unwrapMode": 5,
													"unwrapRotation": 1,
													"uv": [ 12.0, 13.0 ],
													"rotationOrigin": [ 0.27, 0.0, 0.36 ],
													"rotationZ": 16.0,
													"faces": {
														"north": { "texture": "#skin", "uv": [ 12.0, 13.0, 12.5, 15.0 ], "rotation": 270 },
														"east": { "texture": "#skin", "uv": [ 12.5, 13.0, 13.0, 13.5 ], "rotation": 180, "enabled": false, "windMode": [-1,-1,-1,-1], "windData": [1,1,1,1] },
														"south": { "texture": "#skin", "uv": [ 13.0, 13.0, 13.5, 15.0 ], "rotation": 90 },
														"west": { "texture": "#skin", "uv": [ 12.5, 15.0, 13.0, 15.5 ], "windMode": [-1,-1,-1,-1], "windData": [1,1,1,1] },
														"up": { "texture": "#skin", "uv": [ 12.5, 13.0, 13.0, 15.0 ], "rotation": 90 },
														"down": { "texture": "#skin", "uv": [ 13.5, 13.0, 14.0, 15.0 ], "rotation": 270, "enabled": false }
													}
												}
											]
										},
										{
											"name": "R ear",
											"from": [ 0.54, 1.395, -1.35 ], 
											"to": [ 0.72, 2.205, 0.27 ], 
											"unwrapMode": 4,
											"uv": [ 7.5, 9.0 ],
											"rotationOrigin": [ 0.675, 1.71, 0.27 ],
											"rotationX": 45.0,
											"rotationZ": 22.0,
											"faces": {
												"north": { "texture": "#skin", "uv": [ 7.5, 9.5, 8.0, 10.0 ] },
												"east": { "texture": "#skin", "uv": [ 9.5, 9.5, 11.0, 10.0 ] },
												"south": { "texture": "#skin", "uv": [ 9.5, 9.5, 10.0, 10.0 ], "enabled": false, "windMode": [-1,-1,-1,-1], "windData": [1,1,1,1] },
												"west": { "texture": "#skin", "uv": [ 8.0, 9.5, 9.5, 10.0 ] },
												"up": { "texture": "#skin", "uv": [ 8.0, 9.0, 9.5, 9.5 ], "rotation": 90 },
												"down": { "texture": "#skin", "uv": [ 8.0, 10.0, 9.5, 10.5 ], "rotation": 90 }
											}
										},
										{
											"name": "L ear",
											"from": [ 0.54, 1.395, 1.35 ], 
											"to": [ 0.72, 2.205, 2.97 ], 
											"unwrapMode": 4,
											"uv": [ 10.5, 7.5 ],
											"rotationOrigin": [ 0.675, 1.71, 1.35 ],
											"rotationX": -45.0,
											"rotationZ": 22.0,
											"faces": {
												"north": { "texture": "#skin", "uv": [ 10.5, 8.0, 11.0, 8.5 ], "enabled": false },
												"east": { "texture": "#skin", "uv": [ 12.5, 8.0, 14.0, 8.5 ] },
												"south": { "texture": "#skin", "uv": [ 12.0, 8.0, 12.5, 8.5 ] },
												"west": { "texture": "#skin", "uv": [ 10.5, 8.0, 12.0, 8.5 ] },
												"up": { "texture": "#skin", "uv": [ 10.5, 7.5, 12.0, 8.0 ], "rotation": 90 },
												"down": { "texture": "#skin", "uv": [ 10.5, 8.5, 12.0, 9.0 ], "rotation": 90 }
											}
										},
										{
											"name": "jaw",
											"from": [ -0.48, 0.0, 0.405 ], 
											"to": [ 0.67, 0.27, 1.215 ], 
											"unwrapMode": 5,
											"unwrapRotation": 1,
											"uv": [ 13.5, 2.5 ],
											"rotationOrigin": [ 0.5, 0.27, 0.81 ],
											"rotationZ": 42.0,
											"faces": {
												"north": { "texture": "#skin", "uv": [ 13.5, 2.5, 14.0, 3.5 ], "rotation": 270 },
												"east": { "texture": "#skin", "uv": [ 14.0, 2.5, 14.5, 3.0 ], "rotation": 180, "enabled": false },
												"south": { "texture": "#skin", "uv": [ 14.5, 2.5, 15.0, 3.5 ], "rotation": 90 },
												"west": { "texture": "#skin", "uv": [ 14.0, 3.5, 14.5, 4.0 ] },
												"up": { "texture": "#skin", "uv": [ 14.0, 2.5, 14.5, 3.5 ], "rotation": 90 },
												"down": { "texture": "#skin", "uv": [ 15.0, 2.5, 15.5, 3.5 ], "rotation": 270 }
											}
										}
									]
								}
							]
						}
					]
				},
				{
					"name": "abdomen",
					"from": [ 2.96, 0.0, 0.09 ], 
					"to": [ 7.37, 3.28, 2.79 ], 
					"unwrapMode": 3,
					"unwrapRotation": 1,
					"uv": [ 0.0, 8.0 ],
					"rotationOrigin": [ 2.96, 1.89, 1.44 ],
					"rotationZ": -8.0,
					"faces": {
						"north": { "texture": "#skin", "uv": [ 8.0, 10.5, 11.0, 14.5 ], "rotation": 270 },
						"east": { "texture": "#skin", "uv": [ 2.5, 8.0, 5.5, 10.5 ], "rotation": 90 },
						"south": { "texture": "#skin", "uv": [ 2.5, 10.5, 5.5, 14.5 ], "rotation": 90 },
						"west": { "texture": "#skin", "uv": [ 2.5, 14.5, 5.5, 17.0 ], "rotation": 90 },
						"up": { "texture": "#skin", "uv": [ 0.0, 10.5, 2.5, 14.5 ], "rotation": 90 },
						"down": { "texture": "#skin", "uv": [ 5.5, 10.5, 8.0, 14.5 ], "rotation": 270 }
					},
					"children": [
						{
							"name": "L back Thigh",
							"from": [ 1.98, -0.68, 1.98 ], 
							"to": [ 3.98, 2.56, 3.06 ], 
							"unwrapMode": 3,
							"uv": [ 0.0, 18.5 ],
							"rotationOrigin": [ 3.06, 1.705, 2.52 ],
							"rotationX": 3.0,
							"rotationZ": -23.0,
							"faces": {
								"north": { "texture": "#skin", "uv": [ 4.0, 19.5, 6.0, 22.5 ] },
								"east": { "texture": "#skin", "uv": [ 3.0, 19.5, 4.0, 22.5 ] },
								"south": { "texture": "#skin", "uv": [ 1.0, 19.5, 3.0, 22.5 ] },
								"west": { "texture": "#skin", "uv": [ 0.0, 19.5, 1.0, 22.5 ] },
								"up": { "texture": "#skin", "uv": [ 1.0, 18.5, 3.0, 19.5 ], "windMode": [-1,-1,-1,-1], "windData": [0,0,1,1] },
								"down": { "texture": "#skin", "uv": [ 1.0, 22.5, 3.0, 23.5 ], "rotation": 180 }
							},
							"children": [
								{
									"name": "L back Upper Arm",
									"from": [ 0.18, -2.7, 0.09 ], 
									"to": [ 1.26, 0.36, 0.945 ], 
									"unwrapMode": 3,
									"uv": [ 8.5, 14.5 ],
									"rotationOrigin": [ 0.72, 0.315, 0.54 ],
									"rotationX": 1.0,
									"rotationZ": 83.0,
									"faces": {
										"north": { "texture": "#skin", "uv": [ 10.5, 15.0, 11.5, 18.0 ] },
										"east": { "texture": "#skin", "uv": [ 10.0, 15.0, 10.5, 18.0 ] },
										"south": { "texture": "#skin", "uv": [ 9.0, 15.0, 10.0, 18.0 ] },
										"west": { "texture": "#skin", "uv": [ 8.5, 15.0, 9.0, 18.0 ] },
										"up": { "texture": "#skin", "uv": [ 9.0, 14.5, 10.0, 15.0 ] },
										"down": { "texture": "#skin", "uv": [ 9.0, 18.0, 10.0, 18.5 ], "rotation": 180 }
									},
									"children": [
										{
											"name": "L back lower arm",
											"from": [ 0.18, -2.72, 0.09 ], 
											"to": [ 0.81, 0.34, 0.63 ], 
											"unwrapMode": 3,
											"uv": [ 0.0, 5.5 ],
											"rotationOrigin": [ 0.585, 0.34, 0.405 ],
											"rotationX": -4.0,
											"rotationZ": -72.0,
											"faces": {
												"north": { "texture": "#skin", "uv": [ 1.5, 6.0, 2.0, 9.0 ] },
												"east": { "texture": "#skin", "uv": [ 1.0, 6.0, 1.5, 9.0 ] },
												"south": { "texture": "#skin", "uv": [ 0.5, 6.0, 1.0, 9.0 ] },
												"west": { "texture": "#skin", "uv": [ 0.0, 6.0, 0.5, 9.0 ] },
												"up": { "texture": "#skin", "uv": [ 0.5, 5.5, 1.0, 6.0 ] },
												"down": { "texture": "#skin", "uv": [ 0.5, 9.0, 1.0, 9.5 ], "rotation": 180 }
											},
											"children": [
												{
													"name": "L back pastern",
													"from": [ 0.045, -0.63, 0.0 ], 
													"to": [ 0.585, 0.72, 0.54 ], 
													"unwrapMode": 3,
													"uv": [ 4.0, 17.5 ],
													"rotationOrigin": [ 0.36, 0.675, 0.27 ],
													"rotationZ": -6.0,
													"faces": {
														"north": { "texture": "#skin", "uv": [ 5.5, 18.0, 6.0, 19.0 ] },
														"east": { "texture": "#skin", "uv": [ 5.0, 18.0, 5.5, 19.0 ] },
														"south": { "texture": "#skin", "uv": [ 4.5, 18.0, 5.0, 19.0 ] },
														"west": { "texture": "#skin", "uv": [ 4.0, 18.0, 4.5, 19.0 ] },
														"up": { "texture": "#skin", "uv": [ 4.5, 17.5, 5.0, 18.0 ] },
														"down": { "texture": "#skin", "uv": [ 4.5, 19.0, 5.0, 19.5 ], "rotation": 180 }
													},
													"children": [
														{
															"name": "L origin hind hoof",
															"from": [ 0.315, 0.405, 0.315 ], 
															"to": [ 0.315, 0.405, 0.315 ], 
															"uv": [ 0.0, 0.0 ],
															"rotationOrigin": [ 0.315, 0.405, 0.315 ],
															"faces": {
																"north": { "texture": "#skin", "uv": [ 0.0, 0.5, 0.27, 0.77 ], "enabled": false },
																"east": { "texture": "#skin", "uv": [ 0.5, 0.5, 0.77, 0.77 ], "enabled": false },
																"south": { "texture": "#skin", "uv": [ 1.0, 0.5, 1.27, 0.77 ], "enabled": false },
																"west": { "texture": "#skin", "uv": [ 1.5, 0.5, 1.77, 0.77 ], "enabled": false },
																"up": { "texture": "#skin", "uv": [ 0.0, 0.0, 0.27, 0.27 ], "enabled": false },
																"down": { "texture": "#skin", "uv": [ 0.5, 0.0, 0.77, 0.27 ], "enabled": false }
															},
															"children": [
																{
																	"name": "L hind hoof 1",
																	"from": [ -0.9, -0.18, -0.27 ], 
																	"to": [ -0.18, 0.09, 0.18 ], 
																	"unwrapMode": 4,
																	"uv": [ 14.0, 16.5 ],
																	"rotationOrigin": [ -0.135, 0.045, 0.18 ],
																	"rotationZ": 55.0,
																	"faces": {
																		"north": { "texture": "#skin", "uv": [ 14.0, 17.0, 14.5, 17.5 ] },
																		"east": { "texture": "#skin", "uv": [ 15.5, 17.0, 16.0, 17.5 ] },
																		"south": { "texture": "#skin", "uv": [ 15.0, 17.0, 15.5, 17.5 ] },
																		"west": { "texture": "#skin", "uv": [ 14.5, 17.0, 15.0, 17.5 ] },
																		"up": { "texture": "#skin", "uv": [ 14.5, 16.5, 15.0, 17.0 ], "rotation": 90 },
																		"down": { "texture": "#skin", "uv": [ 14.5, 17.5, 15.0, 18.0 ], "rotation": 90 }
																	}
																},
																{
																	"name": "L hind hoof 2",
																	"from": [ -0.54, -0.45, -0.27 ], 
																	"to": [ 0.18, -0.18, 0.18 ], 
																	"unwrapMode": 4,
																	"uv": [ 14.0, 18.0 ],
																	"rotationOrigin": [ 0.09, -0.18, 0.135 ],
																	"rotationZ": 27.0,
																	"faces": {
																		"north": { "texture": "#skin", "uv": [ 14.0, 18.5, 14.5, 19.0 ] },
																		"east": { "texture": "#skin", "uv": [ 15.5, 18.5, 16.0, 19.0 ] },
																		"south": { "texture": "#skin", "uv": [ 15.0, 18.5, 15.5, 19.0 ] },
																		"west": { "texture": "#skin", "uv": [ 14.5, 18.5, 15.0, 19.0 ] },
																		"up": { "texture": "#skin", "uv": [ 14.5, 18.0, 15.0, 18.5 ], "rotation": 90 },
																		"down": { "texture": "#skin", "uv": [ 14.5, 19.0, 15.0, 19.5 ], "rotation": 90 }
																	}
																}
															]
														}
													]
												}
											]
										}
									]
								}
							]
						},
						{
							"name": "tail",
							"from": [ 3.915, 1.93, 0.9 ], 
							"to": [ 4.455, 3.01, 1.71 ], 
							"unwrapMode": 3,
							"unwrapRotation": 1,
							"uv": [ 5.5, 0.0 ],
							"rotationOrigin": [ 3.915, 3.01, 1.26 ],
							"rotationZ": 28.0,
							"faces": {
								"north": { "texture": "#skin", "uv": [ 7.5, 0.5, 8.5, 1.0 ], "rotation": 270, "windMode": [-1,-1,-1,-1], "windData": [0,1,1,0] },
								"east": { "texture": "#skin", "uv": [ 6.0, 0.0, 7.0, 0.5 ], "rotation": 90, "windMode": [-1,-1,-1,-1], "windData": [0,1,1,0] },
								"south": { "texture": "#skin", "uv": [ 6.0, 0.5, 7.0, 1.0 ], "rotation": 90 },
								"west": { "texture": "#skin", "uv": [ 6.0, 1.0, 7.0, 1.5 ], "rotation": 90, "windMode": [-1,-1,-1,-1], "windData": [0,0,1,1] },
								"up": { "texture": "#skin", "uv": [ 5.5, 0.5, 6.0, 1.0 ], "rotation": 90, "windMode": [-1,-1,-1,-1], "windData": [1,1,1,1] },
								"down": { "texture": "#skin", "uv": [ 7.0, 0.5, 7.5, 1.0 ], "rotation": 270, "windMode": [-1,-1,-1,-1] }
							},
							"children": [
								{
									"name": "tail-end",
									"from": [ 0.0, -1.215, 0.045 ], 
									"to": [ 0.63, 0.225, 0.765 ], 
									"unwrapMode": 3,
									"unwrapRotation": 1,
									"uv": [ 6.5, 1.0 ],
									"rotationOrigin": [ 0.0, 0.18, 0.405 ],
									"rotationZ": -22.0,
									"faces": {
										"north": { "texture": "#skin", "uv": [ 8.5, 1.5, 9.5, 2.0 ], "rotation": 270 },
										"east": { "texture": "#skin", "uv": [ 7.0, 1.0, 8.0, 1.5 ], "rotation": 90 },
										"south": { "texture": "#skin", "uv": [ 7.0, 1.5, 8.0, 2.0 ], "rotation": 90 },
										"west": { "texture": "#skin", "uv": [ 7.0, 2.0, 8.0, 2.5 ], "rotation": 90 },
										"up": { "texture": "#skin", "uv": [ 6.5, 1.5, 7.0, 2.0 ], "rotation": 90, "windMode": [-1,-1,-1,-1], "windData": [1,1,1,1] },
										"down": { "texture": "#skin", "uv": [ 8.0, 1.5, 8.5, 2.0 ], "rotation": 270 }
									}
								}
							]
						},
						{
							"name": "R back Thigh",
							"from": [ 1.98, -0.68, -0.405 ], 
							"to": [ 3.98, 2.56, 0.675 ], 
							"unwrapMode": 1,
							"uv": [ 10.0, 19.5 ],
							"rotationOrigin": [ 3.06, 1.705, 0.135 ],
							"rotationX": -3.0,
							"faces": {
								"north": { "texture": "#skin", "uv": [ 11.0, 20.5, 13.0, 23.5 ] },
								"east": { "texture": "#skin", "uv": [ 10.0, 20.5, 11.0, 23.5 ] },
								"south": { "texture": "#skin", "uv": [ 14.0, 20.5, 16.0, 23.5 ] },
								"west": { "texture": "#skin", "uv": [ 13.0, 20.5, 14.0, 23.5 ] },
								"up": { "texture": "#skin", "uv": [ 11.0, 19.5, 13.0, 20.5 ], "rotation": 180 },
								"down": { "texture": "#skin", "uv": [ 11.0, 23.5, 13.0, 24.5 ] }
							},
							"children": [
								{
									"name": "R back Upper Arm",
									"from": [ 0.18, -2.7, 0.09 ], 
									"to": [ 1.26, 0.36, 0.945 ], 
									"unwrapMode": 1,
									"uv": [ 5.5, 14.5 ],
									"rotationOrigin": [ 0.72, 0.315, 0.54 ],
									"rotationX": -1.0,
									"rotationZ": 73.0,
									"faces": {
										"north": { "texture": "#skin", "uv": [ 6.0, 15.0, 7.0, 18.0 ] },
										"east": { "texture": "#skin", "uv": [ 5.5, 15.0, 6.0, 18.0 ] },
										"south": { "texture": "#skin", "uv": [ 7.5, 15.0, 8.5, 18.0 ] },
										"west": { "texture": "#skin", "uv": [ 7.0, 15.0, 7.5, 18.0 ] },
										"up": { "texture": "#skin", "uv": [ 6.0, 14.5, 7.0, 15.0 ], "rotation": 180 },
										"down": { "texture": "#skin", "uv": [ 6.0, 18.0, 7.0, 18.5 ] }
									},
									"children": [
										{
											"name": "R back lower arm",
											"from": [ -0.12, -2.72, 0.18 ], 
											"to": [ 0.51, 0.34, 0.72 ], 
											"unwrapMode": 1,
											"uv": [ 0.0, 14.5 ],
											"rotationOrigin": [ 0.285, 0.34, 0.495 ],
											"rotationX": 4.0,
											"rotationZ": -83.0,
											"faces": {
												"north": { "texture": "#skin", "uv": [ 0.5, 15.0, 1.0, 18.0 ] },
												"east": { "texture": "#skin", "uv": [ 0.0, 15.0, 0.5, 18.0 ] },
												"south": { "texture": "#skin", "uv": [ 1.5, 15.0, 2.0, 18.0 ] },
												"west": { "texture": "#skin", "uv": [ 1.0, 15.0, 1.5, 18.0 ] },
												"up": { "texture": "#skin", "uv": [ 0.5, 14.5, 1.0, 15.0 ], "rotation": 180 },
												"down": { "texture": "#skin", "uv": [ 0.5, 18.0, 1.0, 18.5 ] }
											},
											"children": [
												{
													"name": "R back pastern",
													"from": [ 0.045, -0.63, 0.0 ], 
													"to": [ 0.585, 0.72, 0.54 ], 
													"unwrapMode": 1,
													"uv": [ 12.0, 26.33 ],
													"rotationOrigin": [ 0.36, 0.675, 0.27 ],
													"rotationZ": -11.0,
													"faces": {
														"north": { "texture": "#skin", "uv": [ 12.5, 27.0, 13.0, 28.0 ] },
														"east": { "texture": "#skin", "uv": [ 12.0, 27.0, 12.5, 28.0 ] },
														"south": { "texture": "#skin", "uv": [ 13.5, 27.0, 14.0, 28.0 ] },
														"west": { "texture": "#skin", "uv": [ 13.0, 27.0, 13.5, 28.0 ] },
														"up": { "texture": "#skin", "uv": [ 12.5, 26.5, 13.0, 27.0 ], "rotation": 180 },
														"down": { "texture": "#skin", "uv": [ 12.5, 28.0, 13.0, 28.5 ] }
													},
													"children": [
														{
															"name": "R origin hind hoof",
															"from": [ 0.315, 0.405, 0.315 ], 
															"to": [ 0.315, 0.405, 0.315 ], 
															"uv": [ 0.0, 0.0 ],
															"rotationOrigin": [ 0.315, 0.405, 0.315 ],
															"faces": {
																"north": { "texture": "#skin", "uv": [ 0.0, 0.5, 0.27, 0.77 ], "enabled": false },
																"east": { "texture": "#skin", "uv": [ 0.5, 0.5, 0.77, 0.77 ], "enabled": false },
																"south": { "texture": "#skin", "uv": [ 1.0, 0.5, 1.27, 0.77 ], "enabled": false },
																"west": { "texture": "#skin", "uv": [ 1.5, 0.5, 1.77, 0.77 ], "enabled": false },
																"up": { "texture": "#skin", "uv": [ 0.0, 0.0, 0.27, 0.27 ], "enabled": false },
																"down": { "texture": "#skin", "uv": [ 0.5, 0.0, 0.77, 0.27 ], "enabled": false }
															},
															"children": [
																{
																	"name": "R hind hoof 1",
																	"from": [ -0.9, -0.18, -0.27 ], 
																	"to": [ -0.18, 0.09, 0.18 ], 
																	"unwrapMode": 4,
																	"uv": [ 11.5, 15.0 ],
																	"rotationOrigin": [ -0.135, 0.045, 0.18 ],
																	"rotationZ": 55.0,
																	"faces": {
																		"north": { "texture": "#skin", "uv": [ 11.5, 15.5, 12.0, 16.0 ] },
																		"east": { "texture": "#skin", "uv": [ 13.0, 15.5, 13.5, 16.0 ] },
																		"south": { "texture": "#skin", "uv": [ 12.5, 15.5, 13.0, 16.0 ] },
																		"west": { "texture": "#skin", "uv": [ 12.0, 15.5, 12.5, 16.0 ] },
																		"up": { "texture": "#skin", "uv": [ 12.0, 15.0, 12.5, 15.5 ], "rotation": 90 },
																		"down": { "texture": "#skin", "uv": [ 12.0, 16.0, 12.5, 16.5 ], "rotation": 90 }
																	}
																},
																{
																	"name": "R hind hoof 2",
																	"from": [ -0.54, -0.45, -0.27 ], 
																	"to": [ 0.18, -0.18, 0.18 ], 
																	"unwrapMode": 4,
																	"uv": [ 13.0, 14.5 ],
																	"rotationOrigin": [ 0.09, -0.18, 0.135 ],
																	"rotationZ": 27.0,
																	"faces": {
																		"north": { "texture": "#skin", "uv": [ 13.0, 15.0, 13.5, 15.5 ] },
																		"east": { "texture": "#skin", "uv": [ 14.5, 15.0, 15.0, 15.5 ] },
																		"south": { "texture": "#skin", "uv": [ 14.0, 15.0, 14.5, 15.5 ] },
																		"west": { "texture": "#skin", "uv": [ 13.5, 15.0, 14.0, 15.5 ] },
																		"up": { "texture": "#skin", "uv": [ 13.5, 14.5, 14.0, 15.0 ], "rotation": 90 },
																		"down": { "texture": "#skin", "uv": [ 13.5, 15.5, 14.0, 16.0 ], "rotation": 90 }
																	}
																}
															]
														}
													]
												}
											]
										}
									]
								}
							]
						}
					]
				},
				{
					"name": "L front Thigh",
					"from": [ 0.405, -0.5, 2.43 ], 
					"to": [ 2.205, 2.65, 3.285 ], 
					"unwrapMode": 3,
					"uv": [ 6.0, 18.5 ],
					"rotationOrigin": [ 1.215, 1.12, 2.97 ],
					"rotationX": 3.0,
					"rotationZ": -14.0,
					"faces": {
						"north": { "texture": "#skin", "uv": [ 8.5, 19.0, 10.0, 22.0 ] },
						"east": { "texture": "#skin", "uv": [ 8.0, 19.0, 8.5, 22.0 ] },
						"south": { "texture": "#skin", "uv": [ 6.5, 19.0, 8.0, 22.0 ] },
						"west": { "texture": "#skin", "uv": [ 6.0, 19.0, 6.5, 22.0 ] },
						"up": { "texture": "#skin", "uv": [ 6.5, 18.5, 8.0, 19.0 ], "windMode": [-1,-1,-1,-1] },
						"down": { "texture": "#skin", "uv": [ 6.5, 22.0, 8.0, 22.5 ], "rotation": 180 }
					},
					"children": [
						{
							"name": "L front Upper Arm",
							"from": [ 0.27, -1.8, 0.09 ], 
							"to": [ 1.17, 0.54, 0.72 ], 
							"unwrapMode": 3,
							"uv": [ 0.5, 24.0 ],
							"rotationOrigin": [ 0.81, 0.27, 0.54 ],
							"rotationX": 1.0,
							"rotationZ": -14.0,
							"faces": {
								"north": { "texture": "#skin", "uv": [ 2.0, 24.5, 2.5, 26.5 ] },
								"east": { "texture": "#skin", "uv": [ 1.5, 24.5, 2.0, 26.5 ] },
								"south": { "texture": "#skin", "uv": [ 1.0, 24.5, 1.5, 26.5 ] },
								"west": { "texture": "#skin", "uv": [ 0.5, 24.5, 1.0, 26.5 ] },
								"up": { "texture": "#skin", "uv": [ 1.0, 24.0, 1.5, 24.5 ] },
								"down": { "texture": "#skin", "uv": [ 1.0, 26.5, 1.5, 27.0 ], "rotation": 180 }
							},
							"children": [
								{
									"name": "L front lower arm",
									"from": [ 0.135, -2.16, 0.045 ], 
									"to": [ 0.675, 0.54, 0.585 ], 
									"unwrapMode": 3,
									"uv": [ 5.5, 23.0 ],
									"rotationOrigin": [ 0.54, 0.27, 0.36 ],
									"rotationX": -3.0,
									"faces": {
										"north": { "texture": "#skin", "uv": [ 7.0, 23.5, 7.5, 26.0 ] },
										"east": { "texture": "#skin", "uv": [ 6.5, 23.5, 7.0, 26.0 ] },
										"south": { "texture": "#skin", "uv": [ 6.0, 23.5, 6.5, 26.0 ] },
										"west": { "texture": "#skin", "uv": [ 5.5, 23.5, 6.0, 26.0 ] },
										"up": { "texture": "#skin", "uv": [ 6.0, 23.0, 6.5, 23.5 ] },
										"down": { "texture": "#skin", "uv": [ 6.0, 26.0, 6.5, 26.5 ], "rotation": 180 }
									},
									"children": [
										{
											"name": "L front pastern",
											"from": [ 0.0, -0.945, 0.0 ], 
											"to": [ 0.54, 0.405, 0.54 ], 
											"unwrapMode": 3,
											"uv": [ 10.0, 25.0 ],
											"rotationOrigin": [ 0.045, 0.36, 0.27 ],
											"rotationX": -1.0,
											"rotationZ": -8.0,
											"faces": {
												"north": { "texture": "#skin", "uv": [ 11.5, 25.5, 12.0, 26.5 ] },
												"east": { "texture": "#skin", "uv": [ 11.0, 25.5, 11.5, 26.5 ] },
												"south": { "texture": "#skin", "uv": [ 10.5, 25.5, 11.0, 26.5 ] },
												"west": { "texture": "#skin", "uv": [ 10.0, 25.5, 10.5, 26.5 ] },
												"up": { "texture": "#skin", "uv": [ 10.5, 25.0, 11.0, 25.5 ] },
												"down": { "texture": "#skin", "uv": [ 10.5, 26.5, 11.0, 27.0 ], "rotation": 180 }
											},
											"children": [
												{
													"name": "L origin hoof",
													"from": [ 0.27, 0.405, 0.315 ], 
													"to": [ 0.27, 0.405, 0.315 ], 
													"uv": [ 0.0, 0.0 ],
													"rotationOrigin": [ 0.27, 0.405, 0.315 ],
													"faces": {
														"north": { "texture": "#skin", "uv": [ 0.0, 0.5, 0.27, 0.77 ], "enabled": false },
														"east": { "texture": "#skin", "uv": [ 0.5, 0.5, 0.77, 0.77 ], "enabled": false },
														"south": { "texture": "#skin", "uv": [ 1.0, 0.5, 1.27, 0.77 ], "enabled": false },
														"west": { "texture": "#skin", "uv": [ 1.5, 0.5, 1.77, 0.77 ], "enabled": false },
														"up": { "texture": "#skin", "uv": [ 0.0, 0.0, 0.27, 0.27 ], "enabled": false },
														"down": { "texture": "#skin", "uv": [ 0.5, 0.0, 0.77, 0.27 ], "enabled": false }
													},
													"children": [
														{
															"name": "L front hoof 1",
															"from": [ -0.9, -0.18, -0.27 ], 
															"to": [ -0.18, 0.045, 0.18 ], 
															"unwrapMode": 4,
															"uv": [ 11.5, 16.5 ],
															"rotationOrigin": [ -0.135, 0.045, 0.18 ],
															"rotationZ": 55.0,
															"faces": {
																"north": { "texture": "#skin", "uv": [ 11.5, 17.0, 12.0, 17.5 ] },
																"east": { "texture": "#skin", "uv": [ 13.0, 17.0, 13.5, 17.5 ] },
																"south": { "texture": "#skin", "uv": [ 12.5, 17.0, 13.0, 17.5 ] },
																"west": { "texture": "#skin", "uv": [ 12.0, 17.0, 12.5, 17.5 ] },
																"up": { "texture": "#skin", "uv": [ 12.0, 16.5, 12.5, 17.0 ], "rotation": 90 },
																"down": { "texture": "#skin", "uv": [ 12.0, 17.5, 12.5, 18.0 ], "rotation": 90 }
															}
														},
														{
															"name": "L front hoof 2",
															"from": [ -0.54, -0.45, -0.27 ], 
															"to": [ 0.18, -0.18, 0.18 ], 
															"unwrapMode": 4,
															"uv": [ 12.0, 17.5 ],
															"rotationOrigin": [ 0.09, -0.18, 0.135 ],
															"rotationZ": 27.0,
															"faces": {
																"north": { "texture": "#skin", "uv": [ 12.0, 18.0, 12.5, 18.5 ] },
																"east": { "texture": "#skin", "uv": [ 13.5, 18.0, 14.0, 18.5 ] },
																"south": { "texture": "#skin", "uv": [ 13.0, 18.0, 13.5, 18.5 ] },
																"west": { "texture": "#skin", "uv": [ 12.5, 18.0, 13.0, 18.5 ] },
																"up": { "texture": "#skin", "uv": [ 12.5, 17.5, 13.0, 18.0 ], "rotation": 90 },
																"down": { "texture": "#skin", "uv": [ 12.5, 18.5, 13.0, 19.0 ], "rotation": 90 }
															}
														}
													]
												}
											]
										}
									]
								}
							]
						}
					]
				},
				{
					"name": "R front Thigh",
					"from": [ 0.405, -0.5, -0.315 ], 
					"to": [ 2.205, 2.65, 0.54 ], 
					"unwrapMode": 1,
					"uv": [ 11.0, 3.5 ],
					"rotationOrigin": [ 1.215, 1.12, 0.0 ],
					"rotationX": -3.0,
					"rotationZ": 15.0,
					"faces": {
						"north": { "texture": "#skin", "uv": [ 11.5, 4.0, 13.0, 7.0 ] },
						"east": { "texture": "#skin", "uv": [ 11.0, 4.0, 11.5, 7.0 ] },
						"south": { "texture": "#skin", "uv": [ 13.5, 4.0, 15.0, 7.0 ] },
						"west": { "texture": "#skin", "uv": [ 13.0, 4.0, 13.5, 7.0 ] },
						"up": { "texture": "#skin", "uv": [ 11.5, 3.5, 13.0, 4.0 ], "rotation": 180 },
						"down": { "texture": "#skin", "uv": [ 11.5, 7.0, 13.0, 7.5 ] }
					},
					"children": [
						{
							"name": "R front Upper Arm",
							"from": [ 0.27, -1.8, 0.09 ], 
							"to": [ 1.17, 0.54, 0.72 ], 
							"unwrapMode": 1,
							"uv": [ 3.0, 23.0 ],
							"rotationOrigin": [ 0.81, 0.27, 0.54 ],
							"rotationX": -1.0,
							"rotationZ": 8.0,
							"faces": {
								"north": { "texture": "#skin", "uv": [ 3.5, 23.5, 4.0, 25.5 ] },
								"east": { "texture": "#skin", "uv": [ 3.0, 23.5, 3.5, 25.5 ] },
								"south": { "texture": "#skin", "uv": [ 4.5, 23.5, 5.0, 25.5 ] },
								"west": { "texture": "#skin", "uv": [ 4.0, 23.5, 4.5, 25.5 ] },
								"up": { "texture": "#skin", "uv": [ 3.5, 23.0, 4.0, 23.5 ], "rotation": 180 },
								"down": { "texture": "#skin", "uv": [ 3.5, 25.5, 4.0, 26.0 ] }
							},
							"children": [
								{
									"name": "R front lower arm",
									"from": [ 0.135, -2.16, 0.045 ], 
									"to": [ 0.675, 0.54, 0.585 ], 
									"unwrapMode": 1,
									"uv": [ 8.0, 22.5 ],
									"rotationOrigin": [ 0.54, 0.27, 0.45 ],
									"rotationX": 3.0,
									"rotationZ": -6.0,
									"faces": {
										"north": { "texture": "#skin", "uv": [ 8.5, 23.0, 9.0, 25.5 ] },
										"east": { "texture": "#skin", "uv": [ 8.0, 23.0, 8.5, 25.5 ] },
										"south": { "texture": "#skin", "uv": [ 9.5, 23.0, 10.0, 25.5 ] },
										"west": { "texture": "#skin", "uv": [ 9.0, 23.0, 9.5, 25.5 ] },
										"up": { "texture": "#skin", "uv": [ 8.5, 22.5, 9.0, 23.0 ], "rotation": 180 },
										"down": { "texture": "#skin", "uv": [ 8.5, 25.5, 9.0, 26.0 ] }
									},
									"children": [
										{
											"name": "R front pastern",
											"from": [ 0.0, -0.945, 0.0 ], 
											"to": [ 0.54, 0.405, 0.54 ], 
											"unwrapMode": 1,
											"uv": [ 13.0, 24.5 ],
											"rotationOrigin": [ 0.045, 0.36, 0.27 ],
											"rotationX": -1.0,
											"rotationZ": 14.0,
											"faces": {
												"north": { "texture": "#skin", "uv": [ 13.5, 25.0, 14.0, 26.0 ] },
												"east": { "texture": "#skin", "uv": [ 13.0, 25.0, 13.5, 26.0 ] },
												"south": { "texture": "#skin", "uv": [ 14.5, 25.0, 15.0, 26.0 ] },
												"west": { "texture": "#skin", "uv": [ 14.0, 25.0, 14.5, 26.0 ] },
												"up": { "texture": "#skin", "uv": [ 13.5, 24.5, 14.0, 25.0 ], "rotation": 180 },
												"down": { "texture": "#skin", "uv": [ 13.5, 26.0, 14.0, 26.5 ] }
											},
											"children": [
												{
													"name": "R origin hoof",
													"from": [ 0.07, 0.405, 0.315 ], 
													"to": [ 0.07, 0.405, 0.315 ], 
													"uv": [ 0.0, 0.0 ],
													"rotationOrigin": [ 0.07, 0.405, 0.315 ],
													"rotationZ": 42.0,
													"faces": {
														"north": { "texture": "#skin", "uv": [ 0.0, 0.5, 0.27, 0.77 ], "enabled": false },
														"east": { "texture": "#skin", "uv": [ 0.5, 0.5, 0.77, 0.77 ], "enabled": false },
														"south": { "texture": "#skin", "uv": [ 1.0, 0.5, 1.27, 0.77 ], "enabled": false },
														"west": { "texture": "#skin", "uv": [ 1.5, 0.5, 1.77, 0.77 ], "enabled": false },
														"up": { "texture": "#skin", "uv": [ 0.0, 0.0, 0.27, 0.27 ], "enabled": false },
														"down": { "texture": "#skin", "uv": [ 0.5, 0.0, 0.77, 0.27 ], "enabled": false }
													},
													"children": [
														{
															"name": "R front hoof 1",
															"from": [ -0.9, -0.18, -0.27 ], 
															"to": [ -0.18, 0.045, 0.18 ], 
															"unwrapMode": 4,
															"uv": [ 13.5, 15.5 ],
															"rotationOrigin": [ -0.135, 0.045, 0.18 ],
															"rotationZ": 55.0,
															"faces": {
																"north": { "texture": "#skin", "uv": [ 13.5, 16.0, 14.0, 16.5 ] },
																"east": { "texture": "#skin", "uv": [ 15.0, 16.0, 15.5, 16.5 ] },
																"south": { "texture": "#skin", "uv": [ 14.5, 16.0, 15.0, 16.5 ] },
																"west": { "texture": "#skin", "uv": [ 14.0, 16.0, 14.5, 16.5 ] },
																"up": { "texture": "#skin", "uv": [ 14.0, 15.5, 14.5, 16.0 ], "rotation": 90 },
																"down": { "texture": "#skin", "uv": [ 14.0, 16.5, 14.5, 17.0 ], "rotation": 90 }
															}
														},
														{
															"name": "R front hoof 2",
															"from": [ -0.54, -0.45, -0.27 ], 
															"to": [ 0.18, -0.18, 0.18 ], 
															"unwrapMode": 4,
															"uv": [ 10.5, 18.0 ],
															"rotationOrigin": [ 0.09, -0.18, 0.135 ],
															"rotationZ": 27.0,
															"faces": {
																"north": { "texture": "#skin", "uv": [ 10.5, 18.5, 11.0, 19.0 ] },
																"east": { "texture": "#skin", "uv": [ 12.0, 18.5, 12.5, 19.0 ] },
																"south": { "texture": "#skin", "uv": [ 11.5, 18.5, 12.0, 19.0 ] },
																"west": { "texture": "#skin", "uv": [ 11.0, 18.5, 11.5, 19.0 ] },
																"up": { "texture": "#skin", "uv": [ 11.0, 18.0, 11.5, 18.5 ], "rotation": 90 },
																"down": { "texture": "#skin", "uv": [ 11.0, 19.0, 11.5, 19.5 ], "rotation": 90 }
															}
														}
													]
												}
											]
										}
									]
								}
							]
						}
					]
				}
			],
			"attachmentpoints": [
				{
					"code": "Center",
					"posX": "9.0","posY": "4.0","posZ": "5.0",
					"rotationX": "0.0","rotationY": "0.0","rotationZ": "0.0"
				}
			]
		}
	]}