{
	"editor": {
		"allAngles": true,
		"entityTextureMode": true
	},
	"textureWidth": 64,
	"textureHeight": 48,
	"textureSizes": {
		"skin": [64,48]
	},
	"textures": {
	},
	"elements": [
		{
			"name": "Body",
			"from": [ 2.03, 8.7917, 5.07 ], 
			"to": [ 9.2809, 15.5894, 10.4623 ], 
			"unwrapMode": 3,
			"uv": [ 0.0, 0.0 ],
			"rotationOrigin": [ 9.2811, 12.4171, 8.04 ],
			"rotationY": 4.0,
			"rotationZ": -1.0,
			"faces": {
				"north": { "texture": "#skin", "uv": [ 20.5, 6.0, 29.0, 14.0 ] },
				"east": { "texture": "#skin", "uv": [ 14.5, 6.0, 20.5, 14.0 ] },
				"south": { "texture": "#skin", "uv": [ 6.0, 6.0, 14.5, 14.0 ] },
				"west": { "texture": "#skin", "uv": [ 0.0, 6.0, 6.0, 14.0 ] },
				"up": { "texture": "#skin", "uv": [ 6.0, 0.0, 14.5, 6.0 ] },
				"down": { "texture": "#skin", "uv": [ 6.0, 14.0, 14.5, 20.0 ], "rotation": 180 }
			},
			"children": [
				{
					"name": "neck",
					"from": [ -1.9638, 5.2267, 1.3363 ], 
					"to": [ 2.4774, 10.6648, 4.0554 ], 
					"unwrapMode": 3,
					"unwrapRotation": 1,
					"uv": [ 0.0, 20.0 ],
					"rotationOrigin": [ 1.6617, 5.2267, 2.6975 ],
					"rotationY": 4.0,
					"rotationZ": 80.0,
					"faces": {
						"north": { "texture": "#skin", "uv": [ 9.5, 23.0, 16.0, 28.0 ], "rotation": 270, "windMode": [-1,-1,-1,-1], "windData": [0,0,1,0] },
						"east": { "texture": "#skin", "uv": [ 3.0, 20.0, 9.5, 23.0 ], "rotation": 90, "windMode": [-1,-1,-1,-1], "windData": [1,0,0,1] },
						"south": { "texture": "#skin", "uv": [ 3.0, 23.0, 9.5, 28.0 ], "rotation": 90 },
						"west": { "texture": "#skin", "uv": [ 3.0, 28.0, 9.5, 31.0 ], "rotation": 90 },
						"up": { "texture": "#skin", "uv": [ 0.0, 23.0, 3.0, 28.0 ], "rotation": 90 },
						"down": { "texture": "#skin", "uv": [ 9.5, 23.0, 12.5, 28.0 ], "rotation": 270, "enabled": false, "windMode": [-1,-1,-1,-1] }
					},
					"children": [
						{
							"name": "neck2",
							"from": [ 0.8157, 3.8671, 0.0906 ], 
							"to": [ 4.4412, 7.7947, 2.6284 ], 
							"unwrapMode": 3,
							"uv": [ 13.0, 25.0 ],
							"rotationOrigin": [ 4.0786, 4.6224, 1.3595 ],
							"rotationX": 4.0,
							"rotationZ": -10.0,
							"faces": {
								"north": { "texture": "#skin", "uv": [ 23.0, 28.0, 27.0, 32.5 ] },
								"east": { "texture": "#skin", "uv": [ 20.0, 28.0, 23.0, 32.5 ] },
								"south": { "texture": "#skin", "uv": [ 16.0, 28.0, 20.0, 32.5 ] },
								"west": { "texture": "#skin", "uv": [ 13.0, 28.0, 16.0, 32.5 ] },
								"up": { "texture": "#skin", "uv": [ 16.0, 25.0, 20.0, 28.0 ] },
								"down": { "texture": "#skin", "uv": [ 16.0, 32.5, 20.0, 35.5 ], "rotation": 180, "enabled": false, "windMode": [-1,-1,-1,-1] }
							},
							"children": [
								{
									"name": "head",
									"from": [ 1.0801, 0.8308, -0.3172 ], 
									"to": [ 3.5701, 4.1508, 2.855 ], 
									"unwrapMode": 4,
									"autoUnwrap": false,
									"uv": [ 14.5, 11.0 ],
									"rotationOrigin": [ 3.4593, 3.8067, 1.3595 ],
									"rotationZ": -60.0,
									"faces": {
										"north": { "texture": "#skin", "uv": [ 14.5, 14.0, 17.5, 18.0 ] },
										"east": { "texture": "#skin", "uv": [ 24.0, 14.0, 27.5, 18.0 ] },
										"south": { "texture": "#skin", "uv": [ 21.0, 14.0, 24.0, 18.0 ] },
										"west": { "texture": "#skin", "uv": [ 17.5, 14.0, 21.0, 18.0 ] },
										"up": { "texture": "#skin", "uv": [ 17.5, 21.0, 21.0, 24.0 ], "rotation": 90 },
										"down": { "texture": "#skin", "uv": [ 17.5, 18.0, 21.0, 21.0 ], "rotation": 90 }
									},
									"children": [
										{
											"name": "mouth up",
											"from": [ -3.9578, 0.6949, 0.7968 ], 
											"to": [ 0.1964, 1.9399, 2.4734 ], 
											"unwrapMode": 5,
											"unwrapRotation": 1,
											"uv": [ 21.0, 21.0 ],
											"rotationOrigin": [ 0.2719, 1.5106, 1.7015 ],
											"rotationZ": 10.0,
											"faces": {
												"north": { "texture": "#skin", "uv": [ 21.0, 21.0, 22.5, 26.0 ], "rotation": 270 },
												"east": { "texture": "#skin", "uv": [ 22.5, 21.0, 24.5, 22.5 ], "rotation": 180, "enabled": false },
												"south": { "texture": "#skin", "uv": [ 24.5, 21.0, 26.0, 26.0 ], "rotation": 90 },
												"west": { "texture": "#skin", "uv": [ 22.5, 26.0, 24.5, 27.5 ] },
												"up": { "texture": "#skin", "uv": [ 22.5, 21.0, 24.5, 26.0 ], "rotation": 90 },
												"down": { "texture": "#skin", "uv": [ 26.0, 21.0, 28.0, 26.0 ], "rotation": 270 }
											},
											"children": [
												{
													"name": "nose bridge",
													"from": [ 0.9819, 0.0076, 0.1162 ], 
													"to": [ 5.136, 1.1556, 1.5664 ], 
													"unwrapMode": 5,
													"unwrapRotation": 1,
													"uv": [ 31.5, 14.0 ],
													"rotationOrigin": [ 0.9819, 0.0529, 0.5664 ],
													"rotationZ": 20.0,
													"faces": {
														"north": { "texture": "#skin", "uv": [ 31.5, 14.0, 32.5, 19.0 ], "rotation": 270 },
														"east": { "texture": "#skin", "uv": [ 32.5, 14.0, 34.0, 15.0 ], "rotation": 180, "enabled": false, "windMode": [-1,-1,-1,-1], "windData": [1,1,1,1] },
														"south": { "texture": "#skin", "uv": [ 34.0, 14.0, 35.0, 19.0 ], "rotation": 90 },
														"west": { "texture": "#skin", "uv": [ 32.5, 19.0, 34.0, 20.0 ], "enabled": false },
														"up": { "texture": "#skin", "uv": [ 32.5, 14.0, 34.0, 19.0 ], "rotation": 90 },
														"down": { "texture": "#skin", "uv": [ 35.0, 14.0, 36.5, 19.0 ], "rotation": 270, "enabled": false }
													}
												},
												{
													"name": "nose",
													"from": [ -0.0982, 0.4399, 0.2905 ], 
													"to": [ 1.5618, 1.2556, 1.3781 ], 
													"unwrapMode": 5,
													"uv": [ 26.5, 18.0 ],
													"rotationOrigin": [ -0.0985, 1.3038, 0.8383 ],
													"rotationZ": 6.0,
													"faces": {
														"north": { "texture": "#skin", "uv": [ 27.0, 18.0, 29.0, 18.5 ], "rotation": 180, "windMode": [-1,-1,-1,-1], "windData": [1,1,1,1] },
														"east": { "texture": "#skin", "uv": [ 29.0, 18.5, 29.5, 19.5 ], "rotation": 90, "windMode": [-1,-1,-1,-1], "windData": [1,1,1,1] },
														"south": { "texture": "#skin", "uv": [ 27.0, 19.5, 29.0, 20.0 ], "windMode": [-1,-1,-1,-1], "windData": [1,1,1,1] },
														"west": { "texture": "#skin", "uv": [ 26.5, 18.5, 27.0, 19.5 ], "rotation": 270, "windMode": [-1,-1,-1,-1], "windData": [1,1,1,1] },
														"up": { "texture": "#skin", "uv": [ 27.0, 18.5, 29.0, 19.5 ], "windMode": [-1,-1,-1,-1], "windData": [1,1,1,1] },
														"down": { "texture": "#skin", "uv": [ 29.5, 18.5, 31.5, 19.5 ], "windMode": [-1,-1,-1,-1], "windData": [1,1,1,1] }
													}
												}
											]
										},
										{
											"name": "R ear",
											"from": [ 1.4502, 2.2659, -0.9517 ], 
											"to": [ 1.9034, 3.3988, 0.5589 ], 
											"unwrapMode": 4,
											"uv": [ 27.5, 14.0 ],
											"rotationOrigin": [ 1.6314, 2.9004, 0.5589 ],
											"rotationX": 65.0,
											"rotationZ": 22.0,
											"faces": {
												"north": { "texture": "#skin", "uv": [ 27.5, 14.5, 28.0, 15.5 ] },
												"east": { "texture": "#skin", "uv": [ 30.0, 14.5, 31.5, 15.5 ] },
												"south": { "texture": "#skin", "uv": [ 29.5, 14.5, 30.0, 15.5 ], "windMode": [-1,-1,-1,-1], "windData": [0,0,0,0] },
												"west": { "texture": "#skin", "uv": [ 28.0, 14.5, 29.5, 15.5 ] },
												"up": { "texture": "#skin", "uv": [ 28.0, 14.0, 29.5, 14.5 ], "rotation": 90 },
												"down": { "texture": "#skin", "uv": [ 28.0, 15.5, 29.5, 16.0 ], "rotation": 90 }
											}
										},
										{
											"name": "L ear",
											"from": [ 1.4502, 2.2659, 2.6738 ], 
											"to": [ 1.9034, 3.3233, 4.1844 ], 
											"unwrapMode": 2,
											"uv": [ 27.5, 16.0 ],
											"rotationOrigin": [ 1.6314, 2.9004, 2.6738 ],
											"rotationX": -65.0,
											"rotationZ": 22.0,
											"faces": {
												"north": { "texture": "#skin", "uv": [ 29.5, 16.5, 30.0, 17.5 ], "windMode": [-1,-1,-1,-1] },
												"east": { "texture": "#skin", "uv": [ 28.0, 16.5, 29.5, 17.5 ] },
												"south": { "texture": "#skin", "uv": [ 27.5, 16.5, 28.0, 17.5 ], "windMode": [-1,-1,-1,-1], "windData": [1,1,1,1] },
												"west": { "texture": "#skin", "uv": [ 30.0, 16.5, 31.5, 17.5 ] },
												"up": { "texture": "#skin", "uv": [ 28.0, 16.0, 29.5, 16.5 ], "rotation": 270 },
												"down": { "texture": "#skin", "uv": [ 28.0, 17.5, 29.5, 18.0 ], "rotation": 270 }
											}
										},
										{
											"name": "jaw",
											"from": [ -2.1299, -0.0302, 0.9064 ], 
											"to": [ 0.5891, 0.7998, 2.3565 ], 
											"unwrapMode": 5,
											"unwrapRotation": 1,
											"uv": [ 30.0, 0.0 ],
											"rotationOrigin": [ 0.4003, 0.6374, 1.6314 ],
											"rotationZ": 4.0,
											"faces": {
												"north": { "texture": "#skin", "uv": [ 30.0, 0.0, 31.0, 3.0 ], "rotation": 270 },
												"east": { "texture": "#skin", "uv": [ 31.0, 0.0, 32.5, 1.0 ], "rotation": 180, "enabled": false },
												"south": { "texture": "#skin", "uv": [ 32.5, 0.0, 33.5, 3.0 ], "rotation": 90 },
												"west": { "texture": "#skin", "uv": [ 31.0, 3.0, 32.5, 4.0 ] },
												"up": { "texture": "#skin", "uv": [ 31.0, 0.0, 32.5, 3.0 ], "rotation": 90 },
												"down": { "texture": "#skin", "uv": [ 33.5, 0.0, 35.0, 3.0 ], "rotation": 270 }
											},
											"children": [
												{
													"name": "chin",
													"from": [ -1.5106, 0.0, -0.0378 ], 
													"to": [ 0.0, 0.83, 1.4879 ], 
													"unwrapMode": 5,
													"unwrapRotation": 1,
													"uv": [ 21.5, 18.0 ],
													"rotationOrigin": [ -0.1133, 0.6677, 0.6496 ],
													"rotationZ": 12.0,
													"faces": {
														"north": { "texture": "#skin", "uv": [ 21.5, 18.0, 22.5, 19.5 ], "rotation": 270 },
														"east": { "texture": "#skin", "uv": [ 22.5, 18.0, 24.0, 19.0 ], "rotation": 180, "enabled": false },
														"south": { "texture": "#skin", "uv": [ 24.0, 18.0, 25.0, 19.5 ], "rotation": 90 },
														"west": { "texture": "#skin", "uv": [ 22.5, 19.5, 24.0, 20.5 ] },
														"up": { "texture": "#skin", "uv": [ 22.5, 18.0, 24.0, 19.5 ], "rotation": 90 },
														"down": { "texture": "#skin", "uv": [ 25.0, 18.0, 26.5, 19.5 ], "rotation": 270 }
													}
												}
											]
										},
										{
											"name": "Horn attachment",
											"from": [ 0.0, 2.7191, 1.5861 ], 
											"to": [ 0.9064, 3.6254, 2.4925 ], 
											"uv": [ 0.0, 0.0 ],
											"rotationOrigin": [ 0.0, 2.7191, 1.5861 ],
											"faces": {
												"north": { "texture": "#skin", "uv": [ 0.0, 1.0, 1.092, 2.092 ], "enabled": false },
												"east": { "texture": "#skin", "uv": [ 1.0, 1.0, 2.092, 2.092 ], "enabled": false, "windMode": [-1,-1,-1,-1], "windData": [1,1,1,1] },
												"south": { "texture": "#skin", "uv": [ 1.0, 1.0, 2.092, 2.092 ], "enabled": false, "windMode": [-1,-1,-1,-1], "windData": [1,1,1,1] },
												"west": { "texture": "#skin", "uv": [ 1.0, 1.0, 2.092, 2.092 ], "enabled": false, "windMode": [-1,-1,-1,-1], "windData": [1,1,1,1] },
												"up": { "texture": "#skin", "uv": [ 0.0, 0.0, 1.092, 1.092 ], "enabled": false, "windMode": [-1,-1,-1,-1], "windData": [1,1,1,1] },
												"down": { "texture": "#skin", "uv": [ 1.0, 0.0, 2.092, 1.092 ], "enabled": false, "windMode": [-1,-1,-1,-1], "windData": [1,1,1,1] }
											},
											"children": [
												{
													"name": "R antler base 1",
													"from": [ 0.1813, 0.5438, -1.0876 ], 
													"to": [ 1.0113, 1.9963, -0.2576 ], 
													"unwrapMode": 4,
													"uv": [ 2.0, 16.5 ],
													"rotationOrigin": [ 0.1813, 0.5438, -0.2573 ],
													"rotationX": -25.0,
													"rotationZ": -30.0,
													"faces": {
														"north": { "texture": "#skin", "uv": [ 2.0, 17.5, 3.0, 19.0 ] },
														"east": { "texture": "#skin", "uv": [ 5.0, 17.5, 6.0, 19.0 ] },
														"south": { "texture": "#skin", "uv": [ 4.0, 17.5, 5.0, 19.0 ] },
														"west": { "texture": "#skin", "uv": [ 3.0, 17.5, 4.0, 19.0 ], "windMode": [-1,-1,-1,-1], "windData": [0,1,1,1] },
														"up": { "texture": "#skin", "uv": [ 3.0, 16.5, 4.0, 17.5 ], "rotation": 90 },
														"down": { "texture": "#skin", "uv": [ 3.0, 19.0, 4.0, 20.0 ], "rotation": 90 }
													},
													"children": [
														{
															"name": "R antler base 2",
															"from": [ 0.083, 1.411, 0.083 ], 
															"to": [ 0.747, 2.8635, 0.747 ], 
															"unwrapMode": 4,
															"uv": [ 0.0, 45.5 ],
															"rotationOrigin": [ 0.083, 1.411, 0.747 ],
															"rotationZ": 4.0,
															"faces": {
																"north": { "texture": "#skin", "uv": [ 0.0, 46.0, 0.5, 47.5 ] },
																"east": { "texture": "#skin", "uv": [ 1.5, 46.0, 2.0, 47.5 ] },
																"south": { "texture": "#skin", "uv": [ 1.0, 46.0, 1.5, 47.5 ] },
																"west": { "texture": "#skin", "uv": [ 0.5, 46.0, 1.0, 47.5 ] },
																"up": { "texture": "#skin", "uv": [ 0.5, 45.5, 1.0, 46.0 ], "rotation": 90 },
																"down": { "texture": "#skin", "uv": [ 0.5, 47.5, 1.0, 48.0 ], "rotation": 90 }
															},
															"children": [
																{
																	"name": "R antler base 3",
																	"from": [ 0.083, 1.411, 0.083 ], 
																	"to": [ 0.581, 3.486, 0.581 ], 
																	"unwrapMode": 4,
																	"uv": [ 4.0, 40.5 ],
																	"rotationOrigin": [ 0.083, 1.411, 0.581 ],
																	"rotationX": -10.0,
																	"rotationZ": -30.0,
																	"faces": {
																		"north": { "texture": "#skin", "uv": [ 4.0, 41.0, 4.5, 43.5 ] },
																		"east": { "texture": "#skin", "uv": [ 5.5, 41.0, 6.0, 43.5 ] },
																		"south": { "texture": "#skin", "uv": [ 5.0, 41.0, 5.5, 43.5 ] },
																		"west": { "texture": "#skin", "uv": [ 4.5, 41.0, 5.0, 43.5 ] },
																		"up": { "texture": "#skin", "uv": [ 4.5, 40.5, 5.0, 41.0 ], "rotation": 90 },
																		"down": { "texture": "#skin", "uv": [ 4.5, 43.5, 5.0, 44.0 ], "rotation": 90 }
																	},
																	"children": [
																		{
																			"name": "R antler base 4",
																			"from": [ 0.083, 1.743, 0.0 ], 
																			"to": [ 0.581, 2.988, 0.498 ], 
																			"unwrapMode": 4,
																			"uv": [ 8.0, 45.5 ],
																			"rotationOrigin": [ 0.083, 1.743, 0.498 ],
																			"rotationZ": 45.0,
																			"faces": {
																				"north": { "texture": "#skin", "uv": [ 8.0, 46.0, 8.5, 47.5 ] },
																				"east": { "texture": "#skin", "uv": [ 9.5, 46.0, 10.0, 47.5 ] },
																				"south": { "texture": "#skin", "uv": [ 9.0, 46.0, 9.5, 47.5 ] },
																				"west": { "texture": "#skin", "uv": [ 8.5, 46.0, 9.0, 47.5 ] },
																				"up": { "texture": "#skin", "uv": [ 8.5, 45.5, 9.0, 46.0 ], "rotation": 90 },
																				"down": { "texture": "#skin", "uv": [ 8.5, 47.5, 9.0, 48.0 ], "rotation": 90 }
																			},
																			"children": [
																				{
																					"name": "R antler base 5",
																					"from": [ 0.166, 0.83, 0.0 ], 
																					"to": [ 0.664, 2.075, 0.498 ], 
																					"unwrapMode": 4,
																					"uv": [ 12.0, 42.5 ],
																					"rotationOrigin": [ 0.166, 0.83, 0.498 ],
																					"rotationX": 10.0,
																					"rotationY": 10.0,
																					"rotationZ": 40.0,
																					"faces": {
																						"north": { "texture": "#skin", "uv": [ 12.0, 43.0, 12.5, 44.5 ] },
																						"east": { "texture": "#skin", "uv": [ 13.5, 43.0, 14.0, 44.5 ] },
																						"south": { "texture": "#skin", "uv": [ 13.0, 43.0, 13.5, 44.5 ] },
																						"west": { "texture": "#skin", "uv": [ 12.5, 43.0, 13.0, 44.5 ] },
																						"up": { "texture": "#skin", "uv": [ 12.5, 42.5, 13.0, 43.0 ], "rotation": 90 },
																						"down": { "texture": "#skin", "uv": [ 12.5, 44.5, 13.0, 45.0 ], "rotation": 90 }
																					}
																				},
																				{
																					"name": "R branch 3",
																					"from": [ 0.0, 0.0, 0.0 ], 
																					"to": [ 0.415, 1.66, 0.415 ], 
																					"unwrapMode": 4,
																					"uv": [ 0.0, 30.5 ],
																					"rotationOrigin": [ 0.0, 0.0, 0.0 ],
																					"rotationZ": -66.0,
																					"faces": {
																						"north": { "texture": "#skin", "uv": [ 0.0, 31.0, 0.5, 33.0 ] },
																						"east": { "texture": "#skin", "uv": [ 1.5, 31.0, 2.0, 33.0 ] },
																						"south": { "texture": "#skin", "uv": [ 1.0, 31.0, 1.5, 33.0 ] },
																						"west": { "texture": "#skin", "uv": [ 0.5, 31.0, 1.0, 33.0 ] },
																						"up": { "texture": "#skin", "uv": [ 0.5, 30.5, 1.0, 31.0 ], "rotation": 90 },
																						"down": { "texture": "#skin", "uv": [ 0.5, 33.0, 1.0, 33.5 ], "rotation": 90 }
																					},
																					"children": [
																						{
																							"name": "R branch 3B",
																							"from": [ 0.0, 1.411, 0.0 ], 
																							"to": [ 0.415, 2.241, 0.415 ], 
																							"unwrapMode": 4,
																							"uv": [ 7.5, 39.5 ],
																							"rotationOrigin": [ 0.0, 1.411, 0.0 ],
																							"rotationX": 36.0,
																							"rotationZ": 1.0,
																							"faces": {
																								"north": { "texture": "#skin", "uv": [ 7.5, 40.0, 8.0, 41.0 ] },
																								"east": { "texture": "#skin", "uv": [ 9.0, 40.0, 9.5, 41.0 ] },
																								"south": { "texture": "#skin", "uv": [ 8.5, 40.0, 9.0, 41.0 ] },
																								"west": { "texture": "#skin", "uv": [ 8.0, 40.0, 8.5, 41.0 ] },
																								"up": { "texture": "#skin", "uv": [ 8.0, 39.5, 8.5, 40.0 ], "rotation": 90 },
																								"down": { "texture": "#skin", "uv": [ 8.0, 41.0, 8.5, 41.5 ], "rotation": 90 }
																							}
																						}
																					]
																				}
																			]
																		},
																		{
																			"name": "R branch 2",
																			"from": [ 0.332, 0.0, 0.0 ], 
																			"to": [ 0.83, 1.66, 0.498 ], 
																			"unwrapMode": 4,
																			"uv": [ 0.0, 35.5 ],
																			"rotationOrigin": [ 0.332, 0.0, 0.0 ],
																			"rotationZ": 121.0,
																			"faces": {
																				"north": { "texture": "#skin", "uv": [ 0.0, 36.0, 0.5, 38.0 ] },
																				"east": { "texture": "#skin", "uv": [ 1.5, 36.0, 2.0, 38.0 ] },
																				"south": { "texture": "#skin", "uv": [ 1.0, 36.0, 1.5, 38.0 ] },
																				"west": { "texture": "#skin", "uv": [ 0.5, 36.0, 1.0, 38.0 ], "windMode": [-1,-1,-1,-1], "windData": [1,1,1,1] },
																				"up": { "texture": "#skin", "uv": [ 0.5, 35.5, 1.0, 36.0 ], "rotation": 90 },
																				"down": { "texture": "#skin", "uv": [ 0.5, 38.0, 1.0, 38.5 ], "rotation": 90 }
																			},
																			"children": [
																				{
																					"name": "R branch 2C",
																					"from": [ 0.0415, 1.411, 0.0 ], 
																					"to": [ 0.4565, 3.071, 0.415 ], 
																					"unwrapMode": 4,
																					"uv": [ 12.0, 36.5 ],
																					"rotationOrigin": [ 0.0415, 1.411, 0.0 ],
																					"rotationX": 25.0,
																					"faces": {
																						"north": { "texture": "#skin", "uv": [ 12.0, 37.0, 12.5, 39.0 ] },
																						"east": { "texture": "#skin", "uv": [ 13.5, 37.0, 14.0, 39.0 ] },
																						"south": { "texture": "#skin", "uv": [ 13.0, 37.0, 13.5, 39.0 ] },
																						"west": { "texture": "#skin", "uv": [ 12.5, 37.0, 13.0, 39.0 ] },
																						"up": { "texture": "#skin", "uv": [ 12.5, 36.5, 13.0, 37.0 ], "rotation": 90 },
																						"down": { "texture": "#skin", "uv": [ 12.5, 39.0, 13.0, 39.5 ], "rotation": 90 }
																					}
																				}
																			]
																		}
																	]
																},
																{
																	"name": "R branch 1",
																	"from": [ 0.581, 0.0, -0.083 ], 
																	"to": [ 1.245, 2.49, 0.415 ], 
																	"unwrapMode": 4,
																	"uv": [ 0.0, 40.5 ],
																	"rotationOrigin": [ 0.581, 0.0, 0.415 ],
																	"rotationX": 33.0,
																	"rotationY": -11.0,
																	"rotationZ": 120.0,
																	"faces": {
																		"north": { "texture": "#skin", "uv": [ 0.0, 41.0, 0.5, 44.0 ] },
																		"east": { "texture": "#skin", "uv": [ 1.5, 41.0, 2.0, 44.0 ] },
																		"south": { "texture": "#skin", "uv": [ 1.0, 41.0, 1.5, 44.0 ] },
																		"west": { "texture": "#skin", "uv": [ 0.5, 41.0, 1.0, 44.0 ] },
																		"up": { "texture": "#skin", "uv": [ 0.5, 40.5, 1.0, 41.0 ], "rotation": 90 },
																		"down": { "texture": "#skin", "uv": [ 0.5, 44.0, 1.0, 44.5 ], "rotation": 90 }
																	},
																	"children": [
																		{
																			"name": "R branch 1C",
																			"from": [ 0.0, 2.158, -0.0996 ], 
																			"to": [ 0.415, 2.988, 0.3154 ], 
																			"unwrapMode": 4,
																			"uv": [ 16.0, 42.0 ],
																			"rotationOrigin": [ 0.0, 2.1588, -0.0992 ],
																			"rotationX": 22.0,
																			"rotationY": -2.0,
																			"rotationZ": 33.0,
																			"faces": {
																				"north": { "texture": "#skin", "uv": [ 16.0, 42.5, 16.5, 43.5 ] },
																				"east": { "texture": "#skin", "uv": [ 17.5, 42.5, 18.0, 43.5 ] },
																				"south": { "texture": "#skin", "uv": [ 17.0, 42.5, 17.5, 43.5 ] },
																				"west": { "texture": "#skin", "uv": [ 16.5, 42.5, 17.0, 43.5 ] },
																				"up": { "texture": "#skin", "uv": [ 16.5, 42.0, 17.0, 42.5 ], "rotation": 90 },
																				"down": { "texture": "#skin", "uv": [ 16.5, 43.5, 17.0, 44.0 ], "rotation": 90 }
																			}
																		},
																		{
																			"name": "R branch 1D",
																			"from": [ 0.249, 2.407, -0.0166 ], 
																			"to": [ 0.664, 3.237, 0.3984 ], 
																			"unwrapMode": 4,
																			"uv": [ 16.0, 40.0 ],
																			"rotationOrigin": [ 0.249, 2.4078, -0.0162 ],
																			"rotationX": 22.0,
																			"rotationY": -2.0,
																			"rotationZ": -28.0,
																			"faces": {
																				"north": { "texture": "#skin", "uv": [ 16.0, 40.5, 16.5, 41.5 ] },
																				"east": { "texture": "#skin", "uv": [ 17.5, 40.5, 18.0, 41.5 ] },
																				"south": { "texture": "#skin", "uv": [ 17.0, 40.5, 17.5, 41.5 ] },
																				"west": { "texture": "#skin", "uv": [ 16.5, 40.5, 17.0, 41.5 ], "windMode": [-1,-1,-1,-1], "windData": [1,1,1,1] },
																				"up": { "texture": "#skin", "uv": [ 16.5, 40.0, 17.0, 40.5 ], "rotation": 90 },
																				"down": { "texture": "#skin", "uv": [ 16.5, 41.5, 17.0, 42.0 ], "rotation": 90 }
																			}
																		}
																	]
																}
															]
														}
													]
												},
												{
													"name": "L antler base 1",
													"from": [ 0.1813, 0.5438, 0.1813 ], 
													"to": [ 1.0113, 1.9963, 1.0113 ], 
													"unwrapMode": 4,
													"uv": [ 0.0, 14.0 ],
													"rotationOrigin": [ 0.1813, 0.5438, 0.1813 ],
													"rotationX": 25.0,
													"rotationZ": -30.0,
													"faces": {
														"north": { "texture": "#skin", "uv": [ 0.0, 15.0, 1.0, 16.5 ] },
														"east": { "texture": "#skin", "uv": [ 3.0, 15.0, 4.0, 16.5 ] },
														"south": { "texture": "#skin", "uv": [ 2.0, 15.0, 3.0, 16.5 ] },
														"west": { "texture": "#skin", "uv": [ 1.0, 15.0, 2.0, 16.5 ], "windMode": [-1,-1,-1,-1], "windData": [0,0,1,1] },
														"up": { "texture": "#skin", "uv": [ 1.0, 14.0, 2.0, 15.0 ], "rotation": 90 },
														"down": { "texture": "#skin", "uv": [ 1.0, 16.5, 2.0, 17.5 ], "rotation": 90 }
													},
													"children": [
														{
															"name": "L antler base 2",
															"from": [ 0.083, 1.411, 0.083 ], 
															"to": [ 0.747, 2.8635, 0.747 ], 
															"unwrapMode": 4,
															"uv": [ 2.0, 45.5 ],
															"rotationOrigin": [ 0.083, 1.411, 0.083 ],
															"rotationZ": 4.0,
															"faces": {
																"north": { "texture": "#skin", "uv": [ 2.0, 46.0, 2.5, 47.5 ] },
																"east": { "texture": "#skin", "uv": [ 3.5, 46.0, 4.0, 47.5 ] },
																"south": { "texture": "#skin", "uv": [ 3.0, 46.0, 3.5, 47.5 ] },
																"west": { "texture": "#skin", "uv": [ 2.5, 46.0, 3.0, 47.5 ] },
																"up": { "texture": "#skin", "uv": [ 2.5, 45.5, 3.0, 46.0 ], "rotation": 90 },
																"down": { "texture": "#skin", "uv": [ 2.5, 47.5, 3.0, 48.0 ], "rotation": 90 }
															},
															"children": [
																{
																	"name": "L antler base 3",
																	"from": [ 0.083, 1.411, 0.083 ], 
																	"to": [ 0.581, 3.486, 0.581 ], 
																	"unwrapMode": 4,
																	"uv": [ 6.0, 40.5 ],
																	"rotationOrigin": [ 0.083, 1.411, 0.166 ],
																	"rotationX": 10.0,
																	"rotationZ": -30.0,
																	"faces": {
																		"north": { "texture": "#skin", "uv": [ 6.0, 41.0, 6.5, 43.5 ] },
																		"east": { "texture": "#skin", "uv": [ 7.5, 41.0, 8.0, 43.5 ] },
																		"south": { "texture": "#skin", "uv": [ 7.0, 41.0, 7.5, 43.5 ] },
																		"west": { "texture": "#skin", "uv": [ 6.5, 41.0, 7.0, 43.5 ] },
																		"up": { "texture": "#skin", "uv": [ 6.5, 40.5, 7.0, 41.0 ], "rotation": 90 },
																		"down": { "texture": "#skin", "uv": [ 6.5, 43.5, 7.0, 44.0 ], "rotation": 90 }
																	},
																	"children": [
																		{
																			"name": "L antler base 4",
																			"from": [ 0.083, 1.743, 0.0 ], 
																			"to": [ 0.581, 2.988, 0.498 ], 
																			"unwrapMode": 4,
																			"uv": [ 10.0, 45.5 ],
																			"rotationOrigin": [ 0.083, 1.743, 0.083 ],
																			"rotationZ": 45.0,
																			"faces": {
																				"north": { "texture": "#skin", "uv": [ 10.0, 46.0, 10.5, 47.5 ] },
																				"east": { "texture": "#skin", "uv": [ 11.5, 46.0, 12.0, 47.5 ] },
																				"south": { "texture": "#skin", "uv": [ 11.0, 46.0, 11.5, 47.5 ] },
																				"west": { "texture": "#skin", "uv": [ 10.5, 46.0, 11.0, 47.5 ] },
																				"up": { "texture": "#skin", "uv": [ 10.5, 45.5, 11.0, 46.0 ], "rotation": 90 },
																				"down": { "texture": "#skin", "uv": [ 10.5, 47.5, 11.0, 48.0 ], "rotation": 90 }
																			},
																			"children": [
																				{
																					"name": "L antler base 5",
																					"from": [ 0.166, 0.83, 0.0 ], 
																					"to": [ 0.664, 2.075, 0.498 ], 
																					"unwrapMode": 4,
																					"uv": [ 14.0, 42.5 ],
																					"rotationOrigin": [ 0.166, 0.83, 0.083 ],
																					"rotationX": -10.0,
																					"rotationY": -10.0,
																					"rotationZ": 40.0,
																					"faces": {
																						"north": { "texture": "#skin", "uv": [ 14.0, 43.0, 14.5, 44.5 ] },
																						"east": { "texture": "#skin", "uv": [ 15.5, 43.0, 16.0, 44.5 ] },
																						"south": { "texture": "#skin", "uv": [ 15.0, 43.0, 15.5, 44.5 ] },
																						"west": { "texture": "#skin", "uv": [ 14.5, 43.0, 15.0, 44.5 ] },
																						"up": { "texture": "#skin", "uv": [ 14.5, 42.5, 15.0, 43.0 ], "rotation": 90 },
																						"down": { "texture": "#skin", "uv": [ 14.5, 44.5, 15.0, 45.0 ], "rotation": 90 }
																					}
																				},
																				{
																					"name": "L branch 3",
																					"from": [ 0.0, 0.0, 0.0 ], 
																					"to": [ 0.415, 1.66, 0.415 ], 
																					"unwrapMode": 4,
																					"uv": [ 2.0, 30.5 ],
																					"rotationOrigin": [ 0.0, 0.0, 0.0 ],
																					"rotationZ": -66.0,
																					"faces": {
																						"north": { "texture": "#skin", "uv": [ 2.0, 31.0, 2.5, 33.0 ] },
																						"east": { "texture": "#skin", "uv": [ 3.5, 31.0, 4.0, 33.0 ] },
																						"south": { "texture": "#skin", "uv": [ 3.0, 31.0, 3.5, 33.0 ] },
																						"west": { "texture": "#skin", "uv": [ 2.5, 31.0, 3.0, 33.0 ] },
																						"up": { "texture": "#skin", "uv": [ 2.5, 30.5, 3.0, 31.0 ], "rotation": 90 },
																						"down": { "texture": "#skin", "uv": [ 2.5, 33.0, 3.0, 33.5 ], "rotation": 90 }
																					},
																					"children": [
																						{
																							"name": "L branch 3B",
																							"from": [ 0.0, 1.411, 0.083 ], 
																							"to": [ 0.415, 2.241, 0.498 ], 
																							"unwrapMode": 4,
																							"uv": [ 10.0, 39.5 ],
																							"rotationOrigin": [ 0.0, 1.411, 0.083 ],
																							"rotationX": -36.0,
																							"rotationZ": 1.0,
																							"faces": {
																								"north": { "texture": "#skin", "uv": [ 10.0, 40.0, 10.5, 41.0 ] },
																								"east": { "texture": "#skin", "uv": [ 11.5, 40.0, 12.0, 41.0 ] },
																								"south": { "texture": "#skin", "uv": [ 11.0, 40.0, 11.5, 41.0 ] },
																								"west": { "texture": "#skin", "uv": [ 10.5, 40.0, 11.0, 41.0 ] },
																								"up": { "texture": "#skin", "uv": [ 10.5, 39.5, 11.0, 40.0 ], "rotation": 90 },
																								"down": { "texture": "#skin", "uv": [ 10.5, 41.0, 11.0, 41.5 ], "rotation": 90 }
																							}
																						}
																					]
																				}
																			]
																		},
																		{
																			"name": "L branch 2",
																			"from": [ 0.332, 0.0, 0.0 ], 
																			"to": [ 0.83, 1.66, 0.498 ], 
																			"unwrapMode": 4,
																			"uv": [ 2.0, 35.5 ],
																			"rotationOrigin": [ 0.332, 0.0, 0.0 ],
																			"rotationZ": 121.0,
																			"faces": {
																				"north": { "texture": "#skin", "uv": [ 2.0, 36.0, 2.5, 38.0 ] },
																				"east": { "texture": "#skin", "uv": [ 3.5, 36.0, 4.0, 38.0 ] },
																				"south": { "texture": "#skin", "uv": [ 3.0, 36.0, 3.5, 38.0 ] },
																				"west": { "texture": "#skin", "uv": [ 2.5, 36.0, 3.0, 38.0 ] },
																				"up": { "texture": "#skin", "uv": [ 2.5, 35.5, 3.0, 36.0 ], "rotation": 90 },
																				"down": { "texture": "#skin", "uv": [ 2.5, 38.0, 3.0, 38.5 ], "rotation": 90 }
																			},
																			"children": [
																				{
																					"name": "L branch 2C",
																					"from": [ 0.0415, 1.411, 0.0 ], 
																					"to": [ 0.4565, 3.071, 0.415 ], 
																					"unwrapMode": 4,
																					"uv": [ 14.0, 36.5 ],
																					"rotationOrigin": [ 0.0415, 1.411, 0.0 ],
																					"rotationX": -25.0,
																					"faces": {
																						"north": { "texture": "#skin", "uv": [ 14.0, 37.0, 14.5, 39.0 ] },
																						"east": { "texture": "#skin", "uv": [ 15.5, 37.0, 16.0, 39.0 ] },
																						"south": { "texture": "#skin", "uv": [ 15.0, 37.0, 15.5, 39.0 ] },
																						"west": { "texture": "#skin", "uv": [ 14.5, 37.0, 15.0, 39.0 ] },
																						"up": { "texture": "#skin", "uv": [ 14.5, 36.5, 15.0, 37.0 ], "rotation": 90 },
																						"down": { "texture": "#skin", "uv": [ 14.5, 39.0, 15.0, 39.5 ], "rotation": 90 }
																					}
																				}
																			]
																		}
																	]
																},
																{
																	"name": "L branch 1",
																	"from": [ 0.581, 0.0, 0.249 ], 
																	"to": [ 1.245, 2.49, 0.747 ], 
																	"unwrapMode": 4,
																	"uv": [ 2.0, 40.5 ],
																	"rotationOrigin": [ 0.581, 0.0, 0.249 ],
																	"rotationX": -33.0,
																	"rotationY": 11.0,
																	"rotationZ": 120.0,
																	"faces": {
																		"north": { "texture": "#skin", "uv": [ 2.0, 41.0, 2.5, 44.0 ] },
																		"east": { "texture": "#skin", "uv": [ 3.5, 41.0, 4.0, 44.0 ] },
																		"south": { "texture": "#skin", "uv": [ 3.0, 41.0, 3.5, 44.0 ] },
																		"west": { "texture": "#skin", "uv": [ 2.5, 41.0, 3.0, 44.0 ] },
																		"up": { "texture": "#skin", "uv": [ 2.5, 40.5, 3.0, 41.0 ], "rotation": 90 },
																		"down": { "texture": "#skin", "uv": [ 2.5, 44.0, 3.0, 44.5 ], "rotation": 90 }
																	},
																	"children": [
																		{
																			"name": "L branch 1D",
																			"from": [ 0.249, 2.2244, 0.0498 ], 
																			"to": [ 0.664, 3.0544, 0.4648 ], 
																			"unwrapMode": 4,
																			"uv": [ 18.0, 40.0 ],
																			"rotationOrigin": [ 0.249, 2.2212, 0.0525 ],
																			"rotationX": -22.0,
																			"rotationY": 2.0,
																			"rotationZ": -39.0,
																			"faces": {
																				"north": { "texture": "#skin", "uv": [ 18.0, 40.5, 18.5, 41.5 ] },
																				"east": { "texture": "#skin", "uv": [ 19.5, 40.5, 20.0, 41.5 ] },
																				"south": { "texture": "#skin", "uv": [ 19.0, 40.5, 19.5, 41.5 ] },
																				"west": { "texture": "#skin", "uv": [ 18.5, 40.5, 19.0, 41.5 ] },
																				"up": { "texture": "#skin", "uv": [ 18.5, 40.0, 19.0, 40.5 ], "rotation": 90 },
																				"down": { "texture": "#skin", "uv": [ 18.5, 41.5, 19.0, 42.0 ], "rotation": 90 }
																			}
																		},
																		{
																			"name": "L branch 1C",
																			"from": [ 0.0, 2.1414, 0.1328 ], 
																			"to": [ 0.415, 2.9714, 0.5478 ], 
																			"unwrapMode": 4,
																			"uv": [ 18.0, 42.0 ],
																			"rotationOrigin": [ 0.0, 2.1382, 0.1355 ],
																			"rotationX": -22.0,
																			"rotationY": 2.0,
																			"rotationZ": 25.0,
																			"faces": {
																				"north": { "texture": "#skin", "uv": [ 18.0, 42.5, 18.5, 43.5 ] },
																				"east": { "texture": "#skin", "uv": [ 19.5, 42.5, 20.0, 43.5 ] },
																				"south": { "texture": "#skin", "uv": [ 19.0, 42.5, 19.5, 43.5 ] },
																				"west": { "texture": "#skin", "uv": [ 18.5, 42.5, 19.0, 43.5 ] },
																				"up": { "texture": "#skin", "uv": [ 18.5, 42.0, 19.0, 42.5 ], "rotation": 90 },
																				"down": { "texture": "#skin", "uv": [ 18.5, 43.5, 19.0, 44.0 ], "rotation": 90 }
																			}
																		}
																	]
																}
															]
														}
													]
												}
											]
										}
									]
								},
								{
									"name": "neckfur2",
									"from": [ -0.7553, 0.3021, 0.8913 ], 
									"to": [ 0.3776, 4.0786, 1.6466 ], 
									"unwrapMode": 3,
									"unwrapRotation": 1,
									"uv": [ 28.0, 22.5 ],
									"rotationOrigin": [ 0.3776, 0.3021, 0.9064 ],
									"rotationZ": -6.0,
									"faces": {
										"north": { "texture": "#skin", "uv": [ 32.5, 22.5, 37.0, 23.5 ], "rotation": 270 },
										"east": { "texture": "#skin", "uv": [ 28.0, 22.5, 32.5, 23.0 ], "rotation": 90, "enabled": false, "windMode": [-1,-1,-1,-1], "windData": [1,1,1,1] },
										"south": { "texture": "#skin", "uv": [ 28.0, 22.5, 32.5, 23.5 ], "rotation": 90 },
										"west": { "texture": "#skin", "uv": [ 28.0, 23.5, 32.5, 24.0 ], "rotation": 90, "enabled": false, "windMode": [-1,-1,-1,-1], "windData": [0,0,1,1] },
										"up": { "texture": "#skin", "uv": [ 28.0, 22.5, 28.5, 23.5 ], "rotation": 90, "enabled": false, "windMode": [-1,-1,-1,-1], "windData": [1,1,1,1] },
										"down": { "texture": "#skin", "uv": [ 32.5, 22.5, 33.0, 23.5 ], "rotation": 270, "enabled": false, "windMode": [-1,-1,-1,-1], "windData": [0,1,1,0] }
									}
								}
							]
						},
						{
							"name": "Hump",
							"from": [ 3.1789, -0.4648, 0.6042 ], 
							"to": [ 4.4239, 2.5564, 2.1148 ], 
							"unwrapMode": 3,
							"unwrapRotation": 1,
							"uv": [ 26.5, 3.0 ],
							"rotationOrigin": [ 4.2579, 2.5232, 0.9819 ],
							"rotationZ": 28.0,
							"faces": {
								"north": { "texture": "#skin", "uv": [ 31.5, 4.5, 35.0, 6.0 ], "rotation": 270 },
								"east": { "texture": "#skin", "uv": [ 26.5, 3.0, 30.0, 4.5 ], "rotation": 90, "windMode": [-1,-1,-1,-1], "windData": [1,1,1,1] },
								"south": { "texture": "#skin", "uv": [ 26.5, 4.5, 30.0, 6.0 ], "rotation": 90 },
								"west": { "texture": "#skin", "uv": [ 26.5, 6.0, 30.0, 7.5 ], "rotation": 90, "enabled": false, "windMode": [-1,-1,-1,-1], "windData": [1,1,1,1] },
								"up": { "texture": "#skin", "uv": [ 26.5, 4.5, 28.0, 6.0 ], "rotation": 90, "enabled": false, "windMode": [-1,-1,-1,-1], "windData": [1,1,1,1] },
								"down": { "texture": "#skin", "uv": [ 30.0, 4.5, 31.5, 6.0 ], "rotation": 270 }
							}
						},
						{
							"name": "neckfur1",
							"from": [ -2.2659, 0.7553, 1.0574 ], 
							"to": [ 0.0, 6.0424, 1.6617 ], 
							"unwrapMode": 3,
							"unwrapRotation": 1,
							"uv": [ 28.0, 20.0 ],
							"rotationOrigin": [ 0.0, 0.7553, 1.0574 ],
							"rotationZ": -19.0,
							"faces": {
								"north": { "texture": "#skin", "uv": [ 34.0, 20.0, 40.0, 22.5 ], "rotation": 270 },
								"east": { "texture": "#skin", "uv": [ 28.0, 20.0, 34.0, 20.5 ], "rotation": 90, "enabled": false, "windMode": [-1,-1,-1,-1], "windData": [0,1,1,0] },
								"south": { "texture": "#skin", "uv": [ 28.0, 20.0, 34.0, 22.5 ], "rotation": 90 },
								"west": { "texture": "#skin", "uv": [ 28.0, 22.5, 34.0, 23.0 ], "rotation": 90, "enabled": false, "windMode": [-1,-1,-1,-1] },
								"up": { "texture": "#skin", "uv": [ 28.0, 20.0, 28.5, 22.5 ], "rotation": 90, "enabled": false, "windMode": [-1,-1,-1,-1], "windData": [0,0,1,1] },
								"down": { "texture": "#skin", "uv": [ 34.0, 20.0, 34.5, 22.5 ], "rotation": 270, "enabled": false, "windMode": [-1,-1,-1,-1] }
							}
						}
					]
				},
				{
					"name": "abdomen",
					"from": [ 6.7071, 0.0, 0.1826 ], 
					"to": [ 14.8643, 6.7977, 5.2124 ], 
					"unwrapMode": 3,
					"uv": [ 29.0, 0.0 ],
					"rotationOrigin": [ 6.7071, 3.6254, 2.4472 ],
					"rotationY": -4.0,
					"rotationZ": 2.0,
					"faces": {
						"north": { "texture": "#skin", "uv": [ 50.5, 6.0, 60.0, 14.0 ] },
						"east": { "texture": "#skin", "uv": [ 44.5, 6.0, 50.5, 14.0 ] },
						"south": { "texture": "#skin", "uv": [ 35.0, 6.0, 44.5, 14.0 ] },
						"west": { "texture": "#skin", "uv": [ 29.0, 6.0, 35.0, 14.0 ] },
						"up": { "texture": "#skin", "uv": [ 35.0, 0.0, 44.5, 6.0 ] },
						"down": { "texture": "#skin", "uv": [ 35.0, 14.0, 44.5, 20.0 ], "rotation": 180 }
					},
					"children": [
						{
							"name": "L back Thigh",
							"from": [ 4.0786, -0.1813, 3.6022 ], 
							"to": [ 8.6104, 5.2569, 5.4149 ], 
							"unwrapMode": 3,
							"uv": [ 50.0, 14.0 ],
							"rotationOrigin": [ 5.8913, 3.8973, 4.5089 ],
							"rotationX": 3.0,
							"rotationZ": -29.0,
							"faces": {
								"north": { "texture": "#skin", "uv": [ 59.0, 16.0, 64.0, 22.5 ] },
								"east": { "texture": "#skin", "uv": [ 57.0, 16.0, 59.0, 22.5 ] },
								"south": { "texture": "#skin", "uv": [ 52.0, 16.0, 57.0, 22.5 ] },
								"west": { "texture": "#skin", "uv": [ 50.0, 16.0, 52.0, 22.5 ] },
								"up": { "texture": "#skin", "uv": [ 52.0, 14.0, 57.0, 16.0 ], "windMode": [-1,-1,-1,-1], "windData": [0,0,1,1] },
								"down": { "texture": "#skin", "uv": [ 52.0, 22.5, 57.0, 24.5 ], "rotation": 180 }
							},
							"children": [
								{
									"name": "L back Upper Arm",
									"from": [ 0.3625, -4.8943, 0.1813 ], 
									"to": [ 2.1753, 0.997, 1.6314 ], 
									"unwrapMode": 3,
									"uv": [ 57.0, 22.5 ],
									"rotationOrigin": [ 1.2689, 0.997, 0.9064 ],
									"rotationX": 1.0,
									"rotationZ": 73.0,
									"faces": {
										"north": { "texture": "#skin", "uv": [ 62.0, 24.0, 64.0, 31.0 ] },
										"east": { "texture": "#skin", "uv": [ 60.5, 24.0, 62.0, 31.0 ] },
										"south": { "texture": "#skin", "uv": [ 58.5, 24.0, 60.5, 31.0 ] },
										"west": { "texture": "#skin", "uv": [ 57.0, 24.0, 58.5, 31.0 ] },
										"up": { "texture": "#skin", "uv": [ 58.5, 22.5, 60.5, 24.0 ] },
										"down": { "texture": "#skin", "uv": [ 58.5, 31.0, 60.5, 32.5 ], "rotation": 180 }
									},
									"children": [
										{
											"name": "L back lower arm",
											"from": [ 0.3625, -5.1045, 0.1813 ], 
											"to": [ 1.4502, 0.908, 1.2689 ], 
											"unwrapMode": 3,
											"uv": [ 53.0, 24.5 ],
											"rotationOrigin": [ 0.997, 0.9047, 0.7251 ],
											"rotationX": -4.0,
											"rotationZ": -63.0,
											"faces": {
												"north": { "texture": "#skin", "uv": [ 56.0, 25.5, 57.0, 32.5 ] },
												"east": { "texture": "#skin", "uv": [ 55.0, 25.5, 56.0, 32.5 ] },
												"south": { "texture": "#skin", "uv": [ 54.0, 25.5, 55.0, 32.5 ] },
												"west": { "texture": "#skin", "uv": [ 53.0, 25.5, 54.0, 32.5 ] },
												"up": { "texture": "#skin", "uv": [ 54.0, 24.5, 55.0, 25.5 ] },
												"down": { "texture": "#skin", "uv": [ 54.0, 32.5, 55.0, 33.5 ], "rotation": 180 }
											},
											"children": [
												{
													"name": "L back pastern",
													"from": [ -0.0906, -1.0876, -0.0747 ], 
													"to": [ 1.2536, 1.1783, 1.1637 ], 
													"unwrapMode": 1,
													"uv": [ 56.0, 31.5 ],
													"rotationOrigin": [ 0.4532, 1.1783, 0.5478 ],
													"faces": {
														"north": { "texture": "#skin", "uv": [ 57.0, 32.5, 58.5, 35.0 ] },
														"east": { "texture": "#skin", "uv": [ 56.0, 32.5, 57.0, 35.0 ] },
														"south": { "texture": "#skin", "uv": [ 59.5, 32.5, 61.0, 35.0 ] },
														"west": { "texture": "#skin", "uv": [ 58.5, 32.5, 59.5, 35.0 ] },
														"up": { "texture": "#skin", "uv": [ 57.0, 31.5, 58.5, 32.5 ], "rotation": 180 },
														"down": { "texture": "#skin", "uv": [ 57.0, 35.0, 58.5, 36.0 ] }
													},
													"children": [
														{
															"name": "L origin hind hoof",
															"from": [ 0.5438, 0.7251, 0.5438 ], 
															"to": [ 0.5438, 0.7251, 0.5438 ], 
															"uv": [ 0.0, 0.0 ],
															"rotationOrigin": [ 0.5438, 0.7251, 0.5438 ],
															"faces": {
																"north": { "texture": "#skin", "uv": [ 0.0, 0.5, 0.546, 1.046 ], "enabled": false },
																"east": { "texture": "#skin", "uv": [ 0.5, 0.5, 1.046, 1.046 ], "enabled": false },
																"south": { "texture": "#skin", "uv": [ 1.0, 0.5, 1.546, 1.046 ], "enabled": false },
																"west": { "texture": "#skin", "uv": [ 1.5, 0.5, 2.046, 1.046 ], "enabled": false },
																"up": { "texture": "#skin", "uv": [ 0.0, 0.0, 0.546, 0.546 ], "enabled": false },
																"down": { "texture": "#skin", "uv": [ 0.5, 0.0, 1.046, 0.546 ], "enabled": false }
															},
															"children": [
																{
																	"name": "L hind hoof 1",
																	"from": [ -1.8758, -0.3625, -0.4985 ], 
																	"to": [ -0.2749, 0.2719, 0.6492 ], 
																	"unwrapMode": 5,
																	"uv": [ 55.5, 2.0 ],
																	"rotationOrigin": [ -0.2739, 0.0906, 0.3625 ],
																	"rotationZ": 48.0,
																	"faces": {
																		"north": { "texture": "#skin", "uv": [ 56.0, 2.0, 57.5, 2.5 ], "rotation": 180 },
																		"east": { "texture": "#skin", "uv": [ 57.5, 2.5, 58.0, 3.5 ], "rotation": 90 },
																		"south": { "texture": "#skin", "uv": [ 56.0, 3.5, 57.5, 4.0 ] },
																		"west": { "texture": "#skin", "uv": [ 55.5, 2.5, 56.0, 3.5 ], "rotation": 270 },
																		"up": { "texture": "#skin", "uv": [ 56.0, 2.5, 57.5, 3.5 ] },
																		"down": { "texture": "#skin", "uv": [ 58.0, 2.5, 59.5, 3.5 ] }
																	}
																},
																{
																	"name": "L hind hoof 2",
																	"from": [ -1.3114, -0.8157, -0.4985 ], 
																	"to": [ 0.2742, -0.3625, 0.6492 ], 
																	"unwrapMode": 5,
																	"uv": [ 51.5, 2.0 ],
																	"rotationOrigin": [ 0.1826, -0.3625, 0.2719 ],
																	"rotationZ": 24.0,
																	"faces": {
																		"north": { "texture": "#skin", "uv": [ 52.0, 2.0, 53.5, 2.5 ], "rotation": 180 },
																		"east": { "texture": "#skin", "uv": [ 53.5, 2.5, 54.0, 3.5 ], "rotation": 90 },
																		"south": { "texture": "#skin", "uv": [ 52.0, 3.5, 53.5, 4.0 ] },
																		"west": { "texture": "#skin", "uv": [ 51.5, 2.5, 52.0, 3.5 ], "rotation": 270 },
																		"up": { "texture": "#skin", "uv": [ 52.0, 2.5, 53.5, 3.5 ] },
																		"down": { "texture": "#skin", "uv": [ 54.0, 2.5, 55.5, 3.5 ] }
																	}
																}
															]
														}
													]
												}
											]
										}
									]
								}
							]
						},
						{
							"name": "tail",
							"from": [ 7.266, 4.8339, 1.5936 ], 
							"to": [ 8.1723, 6.6466, 3.4365 ], 
							"unwrapMode": 3,
							"uv": [ 44.5, 0.0 ],
							"rotationOrigin": [ 8.0213, 6.6466, 2.4243 ],
							"rotationZ": 28.0,
							"faces": {
								"north": { "texture": "#skin", "uv": [ 49.5, 0.0, 50.5, 2.0 ], "windMode": [-1,-1,-1,-1], "windData": [0,1,1,0] },
								"east": { "texture": "#skin", "uv": [ 47.5, 0.0, 49.5, 2.0 ], "windMode": [-1,-1,-1,-1], "windData": [0,1,1,0] },
								"south": { "texture": "#skin", "uv": [ 46.5, 0.0, 47.5, 2.0 ] },
								"west": { "texture": "#skin", "uv": [ 44.5, 0.0, 46.5, 2.0 ], "windMode": [-1,-1,-1,-1], "windData": [0,0,1,1] },
								"up": { "texture": "#skin", "uv": [ 46.5, 0.0, 47.5, 2.0 ], "enabled": false, "windMode": [-1,-1,-1,-1], "windData": [1,1,1,1] },
								"down": { "texture": "#skin", "uv": [ 46.5, 2.0, 47.5, 4.0 ], "rotation": 180, "windMode": [-1,-1,-1,-1], "windData": [1,1,1,1] }
							},
							"children": [
								{
									"name": "tail-end",
									"from": [ 0.0, -1.5257, 0.0906 ], 
									"to": [ 0.9064, 0.136, 1.7523 ], 
									"unwrapMode": 3,
									"uv": [ 47.5, 2.0 ],
									"rotationOrigin": [ 0.7553, 0.136, 0.8459 ],
									"rotationZ": -22.0,
									"faces": {
										"north": { "texture": "#skin", "uv": [ 50.5, 2.0, 51.5, 4.0 ] },
										"east": { "texture": "#skin", "uv": [ 48.5, 2.0, 50.5, 4.0 ] },
										"south": { "texture": "#skin", "uv": [ 47.5, 2.0, 48.5, 4.0 ] },
										"west": { "texture": "#skin", "uv": [ 47.5, 2.0, 49.5, 4.0 ], "enabled": false, "windMode": [-1,-1,-1,-1], "windData": [1,1,1,1] },
										"up": { "texture": "#skin", "uv": [ 47.5, 2.0, 48.5, 4.0 ], "enabled": false, "windMode": [-1,-1,-1,-1], "windData": [1,1,1,1] },
										"down": { "texture": "#skin", "uv": [ 47.5, 4.0, 48.5, 6.0 ], "rotation": 180, "enabled": false, "windMode": [-1,-1,-1,-1], "windData": [1,1,1,1] }
									}
								}
							]
						},
						{
							"name": "R back Thigh",
							"from": [ 4.0786, -0.1813, -0.7251 ], 
							"to": [ 8.6104, 5.2569, 1.0876 ], 
							"unwrapMode": 1,
							"uv": [ 38.0, 20.5 ],
							"rotationOrigin": [ 5.8913, 3.8973, 0.2719 ],
							"rotationX": -3.0,
							"rotationZ": -3.0,
							"faces": {
								"north": { "texture": "#skin", "uv": [ 40.0, 22.5, 45.0, 29.0 ] },
								"east": { "texture": "#skin", "uv": [ 38.0, 22.5, 40.0, 29.0 ] },
								"south": { "texture": "#skin", "uv": [ 47.0, 22.5, 52.0, 29.0 ] },
								"west": { "texture": "#skin", "uv": [ 45.0, 22.5, 47.0, 29.0 ] },
								"up": { "texture": "#skin", "uv": [ 40.0, 20.5, 45.0, 22.5 ], "rotation": 180 },
								"down": { "texture": "#skin", "uv": [ 40.0, 29.0, 45.0, 31.0 ] }
							},
							"children": [
								{
									"name": "R back Upper Arm",
									"from": [ 0.3625, -4.8943, 0.1813 ], 
									"to": [ 2.1753, 0.997, 1.6314 ], 
									"unwrapMode": 1,
									"uv": [ 46.0, 29.0 ],
									"rotationOrigin": [ 1.2689, 0.997, 0.9064 ],
									"rotationX": -1.0,
									"rotationZ": 64.0,
									"faces": {
										"north": { "texture": "#skin", "uv": [ 47.5, 30.5, 49.5, 37.5 ] },
										"east": { "texture": "#skin", "uv": [ 46.0, 30.5, 47.5, 37.5 ] },
										"south": { "texture": "#skin", "uv": [ 51.0, 30.5, 53.0, 37.5 ] },
										"west": { "texture": "#skin", "uv": [ 49.5, 30.5, 51.0, 37.5 ] },
										"up": { "texture": "#skin", "uv": [ 47.5, 29.0, 49.5, 30.5 ], "rotation": 180 },
										"down": { "texture": "#skin", "uv": [ 47.5, 37.5, 49.5, 39.0 ] }
									},
									"children": [
										{
											"name": "R back lower arm",
											"from": [ 0.3625, -5.1045, 0.1813 ], 
											"to": [ 1.4502, 0.908, 1.2689 ], 
											"unwrapMode": 1,
											"uv": [ 42.0, 31.0 ],
											"rotationOrigin": [ 0.997, 0.9047, 0.7251 ],
											"rotationX": 4.0,
											"rotationZ": -64.0,
											"faces": {
												"north": { "texture": "#skin", "uv": [ 43.0, 32.0, 44.0, 39.0 ] },
												"east": { "texture": "#skin", "uv": [ 42.0, 32.0, 43.0, 39.0 ] },
												"south": { "texture": "#skin", "uv": [ 45.0, 32.0, 46.0, 39.0 ] },
												"west": { "texture": "#skin", "uv": [ 44.0, 32.0, 45.0, 39.0 ] },
												"up": { "texture": "#skin", "uv": [ 43.0, 31.0, 44.0, 32.0 ], "rotation": 180 },
												"down": { "texture": "#skin", "uv": [ 43.0, 39.0, 44.0, 40.0 ] }
											},
											"children": [
												{
													"name": "R back pastern",
													"from": [ -0.0906, -1.0876, -0.0747 ], 
													"to": [ 1.2536, 1.1783, 1.1637 ], 
													"unwrapMode": 3,
													"uv": [ 45.0, 37.83 ],
													"rotationOrigin": [ 0.4532, 1.1783, 0.5478 ],
													"rotationZ": -11.0,
													"faces": {
														"north": { "texture": "#skin", "uv": [ 48.5, 39.0, 50.0, 41.5 ] },
														"east": { "texture": "#skin", "uv": [ 47.5, 39.0, 48.5, 41.5 ] },
														"south": { "texture": "#skin", "uv": [ 46.0, 39.0, 47.5, 41.5 ] },
														"west": { "texture": "#skin", "uv": [ 45.0, 39.0, 46.0, 41.5 ] },
														"up": { "texture": "#skin", "uv": [ 46.0, 38.0, 47.5, 39.0 ] },
														"down": { "texture": "#skin", "uv": [ 46.0, 41.5, 47.5, 42.5 ], "rotation": 180 }
													},
													"children": [
														{
															"name": "R origin hind hoof",
															"from": [ 0.5438, 0.7251, 0.5438 ], 
															"to": [ 0.5438, 0.7251, 0.5438 ], 
															"uv": [ 0.0, 0.0 ],
															"rotationOrigin": [ 0.5438, 0.7251, 0.5438 ],
															"faces": {
																"north": { "texture": "#skin", "uv": [ 0.0, 0.5, 0.546, 1.046 ], "enabled": false },
																"east": { "texture": "#skin", "uv": [ 0.5, 0.5, 1.046, 1.046 ], "enabled": false },
																"south": { "texture": "#skin", "uv": [ 1.0, 0.5, 1.546, 1.046 ], "enabled": false },
																"west": { "texture": "#skin", "uv": [ 1.5, 0.5, 2.046, 1.046 ], "enabled": false },
																"up": { "texture": "#skin", "uv": [ 0.0, 0.0, 0.546, 0.546 ], "enabled": false },
																"down": { "texture": "#skin", "uv": [ 0.5, 0.0, 1.046, 0.546 ], "enabled": false }
															},
															"children": [
																{
																	"name": "R hind hoof 1",
																	"from": [ -1.8758, -0.3625, -0.4985 ], 
																	"to": [ -0.2749, 0.2719, 0.6492 ], 
																	"unwrapMode": 5,
																	"uv": [ 55.5, 2.0 ],
																	"rotationOrigin": [ -0.2739, 0.0906, 0.3625 ],
																	"rotationZ": 48.0,
																	"faces": {
																		"north": { "texture": "#skin", "uv": [ 56.0, 2.0, 57.5, 2.5 ], "rotation": 180 },
																		"east": { "texture": "#skin", "uv": [ 57.5, 2.5, 58.0, 3.5 ], "rotation": 90 },
																		"south": { "texture": "#skin", "uv": [ 56.0, 3.5, 57.5, 4.0 ] },
																		"west": { "texture": "#skin", "uv": [ 55.5, 2.5, 56.0, 3.5 ], "rotation": 270 },
																		"up": { "texture": "#skin", "uv": [ 56.0, 2.5, 57.5, 3.5 ] },
																		"down": { "texture": "#skin", "uv": [ 58.0, 2.5, 59.5, 3.5 ] }
																	}
																},
																{
																	"name": "R hind hoof 2",
																	"from": [ -1.3114, -0.8157, -0.4985 ], 
																	"to": [ 0.2742, -0.3625, 0.6492 ], 
																	"unwrapMode": 5,
																	"uv": [ 51.5, 2.0 ],
																	"rotationOrigin": [ 0.1826, -0.3625, 0.2719 ],
																	"rotationZ": 24.0,
																	"faces": {
																		"north": { "texture": "#skin", "uv": [ 52.0, 2.0, 53.5, 2.5 ], "rotation": 180 },
																		"east": { "texture": "#skin", "uv": [ 53.5, 2.5, 54.0, 3.5 ], "rotation": 90 },
																		"south": { "texture": "#skin", "uv": [ 52.0, 3.5, 53.5, 4.0 ] },
																		"west": { "texture": "#skin", "uv": [ 51.5, 2.5, 52.0, 3.5 ], "rotation": 270 },
																		"up": { "texture": "#skin", "uv": [ 52.0, 2.5, 53.5, 3.5 ] },
																		"down": { "texture": "#skin", "uv": [ 54.0, 2.5, 55.5, 3.5 ] }
																	}
																}
															]
														}
													]
												}
											]
										}
									]
								}
							]
						}
					]
				},
				{
					"name": "L front Thigh",
					"from": [ 0.7251, 0.997, 4.7808 ], 
					"to": [ 3.4442, 5.5288, 6.1403 ], 
					"unwrapMode": 3,
					"uv": [ 29.0, 23.5 ],
					"rotationOrigin": [ 2.0846, 3.7161, 5.234 ],
					"rotationX": 3.0,
					"rotationZ": 7.0,
					"faces": {
						"north": { "texture": "#skin", "uv": [ 35.0, 25.0, 38.0, 30.0 ] },
						"east": { "texture": "#skin", "uv": [ 33.5, 25.0, 35.0, 30.0 ] },
						"south": { "texture": "#skin", "uv": [ 30.5, 25.0, 33.5, 30.0 ] },
						"west": { "texture": "#skin", "uv": [ 29.0, 25.0, 30.5, 30.0 ] },
						"up": { "texture": "#skin", "uv": [ 30.5, 23.5, 33.5, 25.0 ], "windMode": [-1,-1,-1,-1] },
						"down": { "texture": "#skin", "uv": [ 30.5, 30.0, 33.5, 31.5 ], "rotation": 180 }
					},
					"children": [
						{
							"name": "L front Upper Arm",
							"from": [ 0.4532, -4.5318, -0.2719 ], 
							"to": [ 1.9638, 0.9064, 1.0876 ], 
							"unwrapMode": 3,
							"uv": [ 36.0, 30.0 ],
							"rotationOrigin": [ 1.3595, 0.4532, 0.4532 ],
							"rotationX": 1.0,
							"rotationZ": -8.0,
							"faces": {
								"north": { "texture": "#skin", "uv": [ 40.5, 31.5, 42.0, 38.0 ] },
								"east": { "texture": "#skin", "uv": [ 39.0, 31.5, 40.5, 38.0 ] },
								"south": { "texture": "#skin", "uv": [ 37.5, 31.5, 39.0, 38.0 ] },
								"west": { "texture": "#skin", "uv": [ 36.0, 31.5, 37.5, 38.0 ] },
								"up": { "texture": "#skin", "uv": [ 37.5, 30.0, 39.0, 31.5 ] },
								"down": { "texture": "#skin", "uv": [ 37.5, 38.0, 39.0, 39.5 ], "rotation": 180 }
							},
							"children": [
								{
									"name": "L front lower arm",
									"from": [ 0.3928, -3.6254, 0.1813 ], 
									"to": [ 1.2991, 0.9064, 1.1783 ], 
									"unwrapMode": 3,
									"uv": [ 60.0, 0.5 ],
									"rotationOrigin": [ 1.0272, 0.4532, 0.7251 ],
									"rotationX": -3.0,
									"rotationZ": -4.0,
									"faces": {
										"north": { "texture": "#skin", "uv": [ 63.0, 1.5, 64.0, 6.5 ] },
										"east": { "texture": "#skin", "uv": [ 62.0, 1.5, 63.0, 6.5 ] },
										"south": { "texture": "#skin", "uv": [ 61.0, 1.5, 62.0, 6.5 ] },
										"west": { "texture": "#skin", "uv": [ 60.0, 1.5, 61.0, 6.5 ] },
										"up": { "texture": "#skin", "uv": [ 61.0, 0.5, 62.0, 1.5 ] },
										"down": { "texture": "#skin", "uv": [ 61.0, 6.5, 62.0, 7.5 ], "rotation": 180 }
									},
									"children": [
										{
											"name": "L front pastern",
											"from": [ 0.0, -1.6314, -0.1245 ], 
											"to": [ 1.163, 0.6345, 1.1205 ], 
											"unwrapMode": 3,
											"uv": [ 19.5, 0.0 ],
											"rotationOrigin": [ 0.4532, 0.6345, 0.4565 ],
											"rotationX": -1.0,
											"rotationZ": -10.0,
											"faces": {
												"north": { "texture": "#skin", "uv": [ 23.5, 1.5, 24.5, 4.0 ] },
												"east": { "texture": "#skin", "uv": [ 22.0, 1.5, 23.5, 4.0 ] },
												"south": { "texture": "#skin", "uv": [ 21.0, 1.5, 22.0, 4.0 ] },
												"west": { "texture": "#skin", "uv": [ 19.5, 1.5, 21.0, 4.0 ] },
												"up": { "texture": "#skin", "uv": [ 21.0, 0.0, 22.0, 1.5 ] },
												"down": { "texture": "#skin", "uv": [ 21.0, 4.0, 22.0, 5.5 ], "rotation": 180 }
											},
											"children": [
												{
													"name": "L origin hoof",
													"from": [ 0.5438, 0.7251, 0.5438 ], 
													"to": [ 0.5438, 0.7251, 0.5438 ], 
													"uv": [ 0.0, 0.0 ],
													"rotationOrigin": [ 0.5438, 0.7251, 0.5438 ],
													"faces": {
														"north": { "texture": "#skin", "uv": [ 0.0, 0.5, 0.546, 1.046 ], "enabled": false },
														"east": { "texture": "#skin", "uv": [ 0.5, 0.5, 1.046, 1.046 ], "enabled": false },
														"south": { "texture": "#skin", "uv": [ 1.0, 0.5, 1.546, 1.046 ], "enabled": false },
														"west": { "texture": "#skin", "uv": [ 1.5, 0.5, 2.046, 1.046 ], "enabled": false },
														"up": { "texture": "#skin", "uv": [ 0.0, 0.0, 0.546, 0.546 ], "enabled": false },
														"down": { "texture": "#skin", "uv": [ 0.5, 0.0, 1.046, 0.546 ], "enabled": false }
													},
													"children": [
														{
															"name": "L front hoof 1",
															"from": [ -2.2078, -0.3625, -0.4985 ], 
															"to": [ -0.2749, 0.2719, 0.6492 ], 
															"unwrapMode": 5,
															"uv": [ 55.5, 0.0 ],
															"rotationOrigin": [ -0.2739, 0.0906, 0.3625 ],
															"rotationZ": 40.0,
															"faces": {
																"north": { "texture": "#skin", "uv": [ 56.0, 0.0, 58.0, 0.5 ], "rotation": 180 },
																"east": { "texture": "#skin", "uv": [ 58.0, 0.5, 58.5, 1.5 ], "rotation": 90 },
																"south": { "texture": "#skin", "uv": [ 56.0, 1.5, 58.0, 2.0 ] },
																"west": { "texture": "#skin", "uv": [ 55.5, 0.5, 56.0, 1.5 ], "rotation": 270 },
																"up": { "texture": "#skin", "uv": [ 56.0, 0.5, 58.0, 1.5 ] },
																"down": { "texture": "#skin", "uv": [ 58.5, 0.5, 60.5, 1.5 ] }
															}
														},
														{
															"name": "L front hoof 2",
															"from": [ -1.7264, -0.8157, -0.4985 ], 
															"to": [ 0.2742, -0.3625, 0.6492 ], 
															"unwrapMode": 5,
															"uv": [ 50.5, 0.0 ],
															"rotationOrigin": [ 0.1826, -0.3625, 0.2719 ],
															"rotationZ": 24.0,
															"faces": {
																"north": { "texture": "#skin", "uv": [ 51.0, 0.0, 53.0, 0.5 ], "rotation": 180 },
																"east": { "texture": "#skin", "uv": [ 53.0, 0.5, 53.5, 1.5 ], "rotation": 90 },
																"south": { "texture": "#skin", "uv": [ 51.0, 1.5, 53.0, 2.0 ] },
																"west": { "texture": "#skin", "uv": [ 50.5, 0.5, 51.0, 1.5 ], "rotation": 270 },
																"up": { "texture": "#skin", "uv": [ 51.0, 0.5, 53.0, 1.5 ] },
																"down": { "texture": "#skin", "uv": [ 53.5, 0.5, 55.5, 1.5 ] }
															}
														}
													]
												}
											]
										}
									]
								}
							]
						}
					]
				},
				{
					"name": "R front Thigh",
					"from": [ 0.7251, 0.166, -0.6345 ], 
					"to": [ 3.4442, 4.6978, 0.7251 ], 
					"unwrapMode": 1,
					"uv": [ 20.5, 32.5 ],
					"rotationOrigin": [ 2.0846, 2.8861, 0.3625 ],
					"rotationX": -3.0,
					"rotationZ": 50.0,
					"faces": {
						"north": { "texture": "#skin", "uv": [ 22.0, 34.0, 25.0, 39.0 ] },
						"east": { "texture": "#skin", "uv": [ 20.5, 34.0, 22.0, 39.0 ] },
						"south": { "texture": "#skin", "uv": [ 26.5, 34.0, 29.5, 39.0 ] },
						"west": { "texture": "#skin", "uv": [ 25.0, 34.0, 26.5, 39.0 ] },
						"up": { "texture": "#skin", "uv": [ 22.0, 32.5, 25.0, 34.0 ], "rotation": 180 },
						"down": { "texture": "#skin", "uv": [ 22.0, 39.0, 25.0, 40.5 ] }
					},
					"children": [
						{
							"name": "R front Upper Arm",
							"from": [ 1.0375, -4.5318, 0.2719 ], 
							"to": [ 2.5481, 0.9064, 1.6314 ], 
							"unwrapMode": 1,
							"uv": [ 29.5, 31.5 ],
							"rotationOrigin": [ 1.9405, 0.4532, 0.9064 ],
							"rotationX": -1.0,
							"rotationZ": -61.0,
							"faces": {
								"north": { "texture": "#skin", "uv": [ 31.0, 33.0, 32.5, 39.5 ] },
								"east": { "texture": "#skin", "uv": [ 29.5, 33.0, 31.0, 39.5 ] },
								"south": { "texture": "#skin", "uv": [ 34.0, 33.0, 35.5, 39.5 ] },
								"west": { "texture": "#skin", "uv": [ 32.5, 33.0, 34.0, 39.5 ] },
								"up": { "texture": "#skin", "uv": [ 31.0, 31.5, 32.5, 33.0 ], "rotation": 180 },
								"down": { "texture": "#skin", "uv": [ 31.0, 39.5, 32.5, 41.0 ] }
							},
							"children": [
								{
									"name": "R front lower arm",
									"from": [ 0.2241, -3.6254, 0.1813 ], 
									"to": [ 1.1305, 0.9064, 1.1783 ], 
									"unwrapMode": 1,
									"uv": [ 60.0, 7.5 ],
									"rotationOrigin": [ 0.8612, 0.4532, 0.9064 ],
									"rotationX": 3.0,
									"rotationZ": 47.0,
									"faces": {
										"north": { "texture": "#skin", "uv": [ 61.0, 8.5, 62.0, 13.5 ] },
										"east": { "texture": "#skin", "uv": [ 60.0, 8.5, 61.0, 13.5 ] },
										"south": { "texture": "#skin", "uv": [ 63.0, 8.5, 64.0, 13.5 ] },
										"west": { "texture": "#skin", "uv": [ 62.0, 8.5, 63.0, 13.5 ] },
										"up": { "texture": "#skin", "uv": [ 61.0, 7.5, 62.0, 8.5 ], "rotation": 180 },
										"down": { "texture": "#skin", "uv": [ 61.0, 13.5, 62.0, 14.5 ] }
									},
									"children": [
										{
											"name": "R front pastern",
											"from": [ 0.0, -1.8841, -0.1245 ], 
											"to": [ 1.163, 0.3818, 1.1205 ], 
											"unwrapMode": 1,
											"uv": [ 14.5, 0.0 ],
											"rotationOrigin": [ 0.4532, 0.3855, 0.5478 ],
											"rotationX": -1.0,
											"rotationZ": 39.0,
											"faces": {
												"north": { "texture": "#skin", "uv": [ 16.0, 1.5, 17.0, 4.0 ] },
												"east": { "texture": "#skin", "uv": [ 14.5, 1.5, 16.0, 4.0 ] },
												"south": { "texture": "#skin", "uv": [ 18.5, 1.5, 19.5, 4.0 ] },
												"west": { "texture": "#skin", "uv": [ 17.0, 1.5, 18.5, 4.0 ] },
												"up": { "texture": "#skin", "uv": [ 16.0, 0.0, 17.0, 1.5 ], "rotation": 180 },
												"down": { "texture": "#skin", "uv": [ 16.0, 4.0, 17.0, 5.5 ] }
											},
											"children": [
												{
													"name": "R origin hoof",
													"from": [ 0.5438, 0.7251, 0.5438 ], 
													"to": [ 0.5438, 0.7251, 0.5438 ], 
													"uv": [ 0.0, 0.0 ],
													"rotationOrigin": [ 0.5438, 0.7251, 0.5422 ],
													"rotationZ": 33.0,
													"faces": {
														"north": { "texture": "#skin", "uv": [ 0.0, 0.5, 0.546, 1.046 ], "enabled": false },
														"east": { "texture": "#skin", "uv": [ 0.5, 0.5, 1.046, 1.046 ], "enabled": false },
														"south": { "texture": "#skin", "uv": [ 1.0, 0.5, 1.546, 1.046 ], "enabled": false },
														"west": { "texture": "#skin", "uv": [ 1.5, 0.5, 2.046, 1.046 ], "enabled": false },
														"up": { "texture": "#skin", "uv": [ 0.0, 0.0, 0.546, 0.546 ], "enabled": false },
														"down": { "texture": "#skin", "uv": [ 0.5, 0.0, 1.046, 0.546 ], "enabled": false }
													},
													"children": [
														{
															"name": "R front hoof 1",
															"from": [ -2.2078, -0.3625, -0.4985 ], 
															"to": [ -0.2749, 0.2719, 0.6492 ], 
															"unwrapMode": 5,
															"uv": [ 55.5, 0.0 ],
															"rotationOrigin": [ -0.2739, 0.0906, 0.3625 ],
															"rotationZ": 40.0,
															"faces": {
																"north": { "texture": "#skin", "uv": [ 56.0, 0.0, 58.0, 0.5 ], "rotation": 180 },
																"east": { "texture": "#skin", "uv": [ 58.0, 0.5, 58.5, 1.5 ], "rotation": 90 },
																"south": { "texture": "#skin", "uv": [ 56.0, 1.5, 58.0, 2.0 ] },
																"west": { "texture": "#skin", "uv": [ 55.5, 0.5, 56.0, 1.5 ], "rotation": 270 },
																"up": { "texture": "#skin", "uv": [ 56.0, 0.5, 58.0, 1.5 ] },
																"down": { "texture": "#skin", "uv": [ 58.5, 0.5, 60.5, 1.5 ] }
															}
														},
														{
															"name": "R front hoof 2",
															"from": [ -1.7264, -0.8157, -0.4985 ], 
															"to": [ 0.2742, -0.3625, 0.6492 ], 
															"unwrapMode": 5,
															"uv": [ 50.5, 0.0 ],
															"rotationOrigin": [ 0.1826, -0.3625, 0.2719 ],
															"rotationZ": 24.0,
															"faces": {
																"north": { "texture": "#skin", "uv": [ 51.0, 0.0, 53.0, 0.5 ], "rotation": 180 },
																"east": { "texture": "#skin", "uv": [ 53.0, 0.5, 53.5, 1.5 ], "rotation": 90 },
																"south": { "texture": "#skin", "uv": [ 51.0, 1.5, 53.0, 2.0 ] },
																"west": { "texture": "#skin", "uv": [ 50.5, 0.5, 51.0, 1.5 ], "rotation": 270 },
																"up": { "texture": "#skin", "uv": [ 51.0, 0.5, 53.0, 1.5 ] },
																"down": { "texture": "#skin", "uv": [ 53.5, 0.5, 55.5, 1.5 ] }
															}
														}
													]
												}
											]
										}
									]
								}
							]
						}
					]
				}
			],
			"attachmentpoints": [
				{
					"code": "Center",
					"posX": "9.0","posY": "4.0","posZ": "5.0",
					"rotationX": "0.0","rotationY": "0.0","rotationZ": "0.0"
				}
			]
		}
	]}