{
	"editor": {
		"allAngles": true,
		"entityTextureMode": true
	},
	"textureWidth": 64,
	"textureHeight": 48,
	"textureSizes": {
		"skin": [64,48]
	},
	"textures": {
	},
	"elements": [
		{
			"name": "Body",
			"from": [ 2.22, 8.456, 5.3 ], 
			"to": [ 9.42, 14.456, 10.16 ], 
			"unwrapMode": 3,
			"uv": [ 0.0, 0.0 ],
			"rotationOrigin": [ 9.42, 11.61, 8.0 ],
			"rotationZ": -4.0,
			"faces": {
				"north": { "texture": "#skin", "uv": [ 21.0, 6.0, 30.0, 13.5 ] },
				"east": { "texture": "#skin", "uv": [ 15.0, 6.0, 21.0, 13.5 ] },
				"south": { "texture": "#skin", "uv": [ 6.0, 6.0, 15.0, 13.5 ] },
				"west": { "texture": "#skin", "uv": [ 0.0, 6.0, 6.0, 13.5 ] },
				"up": { "texture": "#skin", "uv": [ 6.0, 0.0, 15.0, 6.0 ] },
				"down": { "texture": "#skin", "uv": [ 6.0, 13.5, 15.0, 19.5 ], "rotation": 180 }
			},
			"children": [
				{
					"name": "neck",
					"from": [ -0.288, 3.208, 1.08 ], 
					"to": [ 3.712, 8.608, 3.78 ], 
					"unwrapMode": 3,
					"unwrapRotation": 1,
					"uv": [ 0.0, 23.0 ],
					"rotationOrigin": [ 3.31, 3.208, 2.43 ],
					"rotationZ": 60.0,
					"faces": {
						"north": { "texture": "#skin", "uv": [ 9.5, 26.0, 16.0, 31.0 ], "rotation": 270, "windMode": [-1,-1,-1,-1], "windData": [0,0,1,0] },
						"east": { "texture": "#skin", "uv": [ 3.0, 23.0, 9.5, 26.0 ], "rotation": 90, "windMode": [-1,-1,-1,-1], "windData": [1,0,0,1] },
						"south": { "texture": "#skin", "uv": [ 3.0, 26.0, 9.5, 31.0 ], "rotation": 90 },
						"west": { "texture": "#skin", "uv": [ 3.0, 31.0, 9.5, 34.0 ], "rotation": 90 },
						"up": { "texture": "#skin", "uv": [ 0.0, 26.0, 3.0, 31.0 ], "rotation": 90 },
						"down": { "texture": "#skin", "uv": [ 9.5, 26.0, 12.5, 31.0 ], "rotation": 270, "enabled": false, "windMode": [-1,-1,-1,-1] }
					},
					"children": [
						{
							"name": "neck2",
							"from": [ 0.408, 2.576, 0.04 ], 
							"to": [ 4.008, 7.976, 2.64 ], 
							"unwrapMode": 3,
							"uv": [ 6.5, 31.0 ],
							"rotationOrigin": [ 3.888, 4.352, 1.27 ],
							"rotationZ": -15.0,
							"faces": {
								"north": { "texture": "#skin", "uv": [ 17.0, 34.0, 21.5, 40.5 ] },
								"east": { "texture": "#skin", "uv": [ 14.0, 34.0, 17.0, 40.5 ] },
								"south": { "texture": "#skin", "uv": [ 9.5, 34.0, 14.0, 40.5 ] },
								"west": { "texture": "#skin", "uv": [ 6.5, 34.0, 9.5, 40.5 ] },
								"up": { "texture": "#skin", "uv": [ 9.5, 31.0, 14.0, 34.0 ] },
								"down": { "texture": "#skin", "uv": [ 9.5, 40.5, 14.0, 43.5 ], "rotation": 180, "enabled": false, "windMode": [-1,-1,-1,-1] }
							},
							"children": [
								{
									"name": "head",
									"from": [ 0.264, 2.072, -0.16 ], 
									"to": [ 3.414, 5.492, 2.72 ], 
									"unwrapMode": 4,
									"uv": [ 15.0, 13.5 ],
									"rotationOrigin": [ 3.312, 5.312, 1.432 ],
									"rotationZ": -64.0,
									"faces": {
										"north": { "texture": "#skin", "uv": [ 15.0, 17.0, 18.5, 21.0 ] },
										"east": { "texture": "#skin", "uv": [ 25.5, 17.0, 29.0, 21.0 ] },
										"south": { "texture": "#skin", "uv": [ 22.0, 17.0, 25.5, 21.0 ] },
										"west": { "texture": "#skin", "uv": [ 18.5, 17.0, 22.0, 21.0 ] },
										"up": { "texture": "#skin", "uv": [ 18.5, 13.5, 22.0, 17.0 ], "rotation": 90 },
										"down": { "texture": "#skin", "uv": [ 18.5, 21.0, 22.0, 24.5 ], "rotation": 90 }
									},
									"children": [
										{
											"name": "mouth up",
											"from": [ -2.43, 0.54, 0.64 ], 
											"to": [ 0.27, 1.32, 2.24 ], 
											"unwrapMode": 5,
											"unwrapRotation": 1,
											"uv": [ 0.0, 13.5 ],
											"rotationOrigin": [ 0.27, 1.5, 1.464 ],
											"rotationZ": 45.0,
											"faces": {
												"north": { "texture": "#skin", "uv": [ 0.0, 13.5, 0.5, 16.5 ], "rotation": 270 },
												"east": { "texture": "#skin", "uv": [ 0.5, 13.5, 2.5, 14.0 ], "rotation": 180, "enabled": false },
												"south": { "texture": "#skin", "uv": [ 2.5, 13.5, 3.0, 16.5 ], "rotation": 90 },
												"west": { "texture": "#skin", "uv": [ 0.5, 16.5, 2.5, 17.0 ] },
												"up": { "texture": "#skin", "uv": [ 0.5, 13.5, 2.5, 16.5 ], "rotation": 90 },
												"down": { "texture": "#skin", "uv": [ 3.0, 13.5, 5.0, 16.5 ], "rotation": 270 }
											},
											"children": [
												{
													"name": "nose",
													"from": [ -0.09, 0.132, 0.28 ], 
													"to": [ 0.81, 0.942, 1.36 ], 
													"unwrapMode": 4,
													"uv": [ 1.0, 20.0 ],
													"rotationOrigin": [ -0.09, 0.99, 0.82 ],
													"faces": {
														"north": { "texture": "#skin", "uv": [ 1.0, 21.0, 2.0, 22.0 ], "windMode": [-1,-1,-1,-1], "windData": [1,1,1,1] },
														"east": { "texture": "#skin", "uv": [ 4.0, 21.0, 5.0, 22.0 ], "windMode": [-1,-1,-1,-1], "windData": [1,1,1,1] },
														"south": { "texture": "#skin", "uv": [ 3.0, 21.0, 4.0, 22.0 ], "windMode": [-1,-1,-1,-1], "windData": [1,1,1,1] },
														"west": { "texture": "#skin", "uv": [ 2.0, 21.0, 3.0, 22.0 ], "windMode": [-1,-1,-1,-1], "windData": [1,1,1,1] },
														"up": { "texture": "#skin", "uv": [ 2.0, 20.0, 3.0, 21.0 ], "rotation": 90, "windMode": [-1,-1,-1,-1], "windData": [1,1,1,1] },
														"down": { "texture": "#skin", "uv": [ 2.0, 22.0, 3.0, 23.0 ], "rotation": 90, "windMode": [-1,-1,-1,-1], "windData": [1,1,1,1] }
													}
												},
												{
													"name": "nose bridge",
													"from": [ 0.45, 0.008, 0.096 ], 
													"to": [ 3.72, 0.808, 1.536 ], 
													"unwrapMode": 5,
													"unwrapRotation": 1,
													"uv": [ 15.0, 0.0 ],
													"rotationOrigin": [ 0.45, 0.204, 0.55 ],
													"rotationZ": 18.0,
													"faces": {
														"north": { "texture": "#skin", "uv": [ 15.0, 0.0, 16.0, 4.0 ], "rotation": 270 },
														"east": { "texture": "#skin", "uv": [ 16.0, 0.0, 17.5, 1.0 ], "rotation": 180, "enabled": false, "windMode": [-1,-1,-1,-1], "windData": [1,1,1,1] },
														"south": { "texture": "#skin", "uv": [ 17.5, 0.0, 18.5, 4.0 ], "rotation": 90 },
														"west": { "texture": "#skin", "uv": [ 16.0, 4.0, 17.5, 5.0 ], "enabled": false },
														"up": { "texture": "#skin", "uv": [ 16.0, 0.0, 17.5, 4.0 ], "rotation": 90 },
														"down": { "texture": "#skin", "uv": [ 18.5, 0.0, 20.0, 4.0 ], "rotation": 270, "enabled": false }
													}
												}
											]
										},
										{
											"name": "R ear",
											"from": [ 2.0, 2.008, -2.88 ], 
											"to": [ 2.45, 3.358, 0.32 ], 
											"unwrapMode": 4,
											"uv": [ 27.0, 3.5 ],
											"rotationOrigin": [ 2.18, 2.64, 0.328 ],
											"rotationX": 35.0,
											"rotationZ": 22.0,
											"faces": {
												"north": { "texture": "#skin", "uv": [ 27.0, 4.0, 27.5, 5.5 ] },
												"east": { "texture": "#skin", "uv": [ 32.0, 4.0, 36.0, 5.5 ] },
												"south": { "texture": "#skin", "uv": [ 31.5, 4.0, 32.0, 5.5 ], "windMode": [-1,-1,-1,-1], "windData": [0,0,0,0] },
												"west": { "texture": "#skin", "uv": [ 27.5, 4.0, 31.5, 5.5 ] },
												"up": { "texture": "#skin", "uv": [ 27.5, 3.5, 31.5, 4.0 ], "rotation": 90 },
												"down": { "texture": "#skin", "uv": [ 27.5, 5.5, 31.5, 6.0 ], "rotation": 90 }
											}
										},
										{
											"name": "L ear",
											"from": [ 2.0, 2.008, 2.56 ], 
											"to": [ 2.45, 3.358, 5.76 ], 
											"unwrapMode": 2,
											"uv": [ 18.0, 3.5 ],
											"rotationOrigin": [ 2.18, 2.64, 2.56 ],
											"rotationX": -35.0,
											"rotationZ": 22.0,
											"faces": {
												"north": { "texture": "#skin", "uv": [ 22.5, 4.0, 23.0, 5.5 ], "windMode": [-1,-1,-1,-1] },
												"east": { "texture": "#skin", "uv": [ 18.5, 4.0, 22.5, 5.5 ] },
												"south": { "texture": "#skin", "uv": [ 18.0, 4.0, 18.5, 5.5 ], "windMode": [-1,-1,-1,-1], "windData": [1,1,1,1] },
												"west": { "texture": "#skin", "uv": [ 23.0, 4.0, 27.0, 5.5 ] },
												"up": { "texture": "#skin", "uv": [ 18.5, 3.5, 22.5, 4.0 ], "rotation": 270 },
												"down": { "texture": "#skin", "uv": [ 18.5, 5.5, 22.5, 6.0 ], "rotation": 270 }
											}
										},
										{
											"name": "jaw",
											"from": [ -1.368, 0.128, 0.736 ], 
											"to": [ 1.332, 0.728, 2.176 ], 
											"unwrapMode": 5,
											"unwrapRotation": 1,
											"uv": [ 0.0, 17.0 ],
											"rotationOrigin": [ 1.1505, 0.712, 1.46 ],
											"rotationZ": 34.0,
											"faces": {
												"north": { "texture": "#skin", "uv": [ 0.0, 17.0, 0.5, 20.0 ], "rotation": 270 },
												"east": { "texture": "#skin", "uv": [ 0.5, 17.0, 2.0, 17.5 ], "rotation": 180, "enabled": false },
												"south": { "texture": "#skin", "uv": [ 2.0, 17.0, 2.5, 20.0 ], "rotation": 90 },
												"west": { "texture": "#skin", "uv": [ 0.5, 20.0, 2.0, 20.5 ] },
												"up": { "texture": "#skin", "uv": [ 0.5, 17.0, 2.0, 20.0 ], "rotation": 90 },
												"down": { "texture": "#skin", "uv": [ 2.5, 17.0, 4.0, 20.0 ], "rotation": 270 }
											}
										}
									]
								}
							]
						}
					]
				},
				{
					"name": "abdomen",
					"from": [ 6.66, 0.0, 0.18 ], 
					"to": [ 14.76, 6.0, 4.68 ], 
					"unwrapMode": 3,
					"uv": [ 33.0, 0.0 ],
					"rotationOrigin": [ 6.66, 3.15, 2.43 ],
					"rotationZ": 7.0,
					"faces": {
						"north": { "texture": "#skin", "uv": [ 54.0, 5.5, 64.0, 13.0 ] },
						"east": { "texture": "#skin", "uv": [ 48.5, 5.5, 54.0, 13.0 ] },
						"south": { "texture": "#skin", "uv": [ 38.5, 5.5, 48.5, 13.0 ] },
						"west": { "texture": "#skin", "uv": [ 33.0, 5.5, 38.5, 13.0 ] },
						"up": { "texture": "#skin", "uv": [ 38.5, 0.0, 48.5, 5.5 ] },
						"down": { "texture": "#skin", "uv": [ 38.5, 13.0, 48.5, 18.5 ], "rotation": 180 }
					},
					"children": [
						{
							"name": "L back Thigh",
							"from": [ 4.848, -0.016, 3.33 ], 
							"to": [ 8.548, 5.384, 5.13 ], 
							"unwrapMode": 3,
							"uv": [ 31.0, 31.0 ],
							"rotationOrigin": [ 5.848, 4.03, 4.23 ],
							"rotationX": 3.0,
							"rotationZ": 10.0,
							"faces": {
								"north": { "texture": "#skin", "uv": [ 39.5, 33.0, 44.0, 39.5 ] },
								"east": { "texture": "#skin", "uv": [ 37.5, 33.0, 39.5, 39.5 ] },
								"south": { "texture": "#skin", "uv": [ 33.0, 33.0, 37.5, 39.5 ] },
								"west": { "texture": "#skin", "uv": [ 31.0, 33.0, 33.0, 39.5 ] },
								"up": { "texture": "#skin", "uv": [ 33.0, 31.0, 37.5, 33.0 ], "windMode": [-1,-1,-1,-1], "windData": [0,0,1,1] },
								"down": { "texture": "#skin", "uv": [ 33.0, 39.5, 37.5, 41.5 ], "rotation": 180 }
							},
							"children": [
								{
									"name": "L back Upper Arm",
									"from": [ 0.36, -4.86, 0.18 ], 
									"to": [ 2.16, 0.99, 1.62 ], 
									"unwrapMode": 3,
									"uv": [ 44.5, 34.0 ],
									"rotationOrigin": [ 1.26, 0.99, 0.9 ],
									"rotationX": 1.0,
									"rotationZ": 67.0,
									"faces": {
										"north": { "texture": "#skin", "uv": [ 49.5, 35.5, 51.5, 42.5 ] },
										"east": { "texture": "#skin", "uv": [ 48.0, 35.5, 49.5, 42.5 ] },
										"south": { "texture": "#skin", "uv": [ 46.0, 35.5, 48.0, 42.5 ] },
										"west": { "texture": "#skin", "uv": [ 44.5, 35.5, 46.0, 42.5 ] },
										"up": { "texture": "#skin", "uv": [ 46.0, 34.0, 48.0, 35.5 ] },
										"down": { "texture": "#skin", "uv": [ 46.0, 42.5, 48.0, 44.0 ], "rotation": 180 }
									},
									"children": [
										{
											"name": "L back lower arm",
											"from": [ 0.36, -5.4, 0.18 ], 
											"to": [ 1.44, 0.9, 1.26 ], 
											"unwrapMode": 3,
											"uv": [ 51.5, 38.5 ],
											"rotationOrigin": [ 0.99, 0.9, 0.72 ],
											"rotationX": -4.0,
											"rotationZ": -42.0,
											"faces": {
												"north": { "texture": "#skin", "uv": [ 54.5, 39.5, 55.5, 47.0 ] },
												"east": { "texture": "#skin", "uv": [ 53.5, 39.5, 54.5, 47.0 ] },
												"south": { "texture": "#skin", "uv": [ 52.5, 39.5, 53.5, 47.0 ] },
												"west": { "texture": "#skin", "uv": [ 51.5, 39.5, 52.5, 47.0 ] },
												"up": { "texture": "#skin", "uv": [ 52.5, 38.5, 53.5, 39.5 ] },
												"down": { "texture": "#skin", "uv": [ 52.5, 47.0, 53.5, 48.0 ], "rotation": 180 }
											},
											"children": [
												{
													"name": "L back pastern",
													"from": [ 0.0, -1.08, 0.09 ], 
													"to": [ 0.8, 1.17, 0.99 ], 
													"unwrapMode": 1,
													"uv": [ 42.0, 42.5 ],
													"rotationOrigin": [ 0.53, 1.17, 0.54 ],
													"rotationZ": 11.0,
													"faces": {
														"north": { "texture": "#skin", "uv": [ 43.0, 43.5, 44.0, 46.0 ] },
														"east": { "texture": "#skin", "uv": [ 42.0, 43.5, 43.0, 46.0 ] },
														"south": { "texture": "#skin", "uv": [ 45.0, 43.5, 46.0, 46.0 ] },
														"west": { "texture": "#skin", "uv": [ 44.0, 43.5, 45.0, 46.0 ] },
														"up": { "texture": "#skin", "uv": [ 43.0, 42.5, 44.0, 43.5 ], "rotation": 180 },
														"down": { "texture": "#skin", "uv": [ 43.0, 46.0, 44.0, 47.0 ] }
													},
													"children": [
														{
															"name": "L origin hind hoof",
															"from": [ 0.376, 0.72, 0.54 ], 
															"to": [ 0.376, 0.72, 0.54 ], 
															"uv": [ 0.0, 0.0 ],
															"rotationOrigin": [ 0.38, 0.72, 0.54 ],
															"rotationZ": 22.0,
															"faces": {
																"north": { "texture": "#skin", "uv": [ 0.0, 0.5, 0.5625, 1.0625 ], "enabled": false },
																"east": { "texture": "#skin", "uv": [ 0.5, 0.5, 1.0625, 1.0625 ], "enabled": false },
																"south": { "texture": "#skin", "uv": [ 1.0, 0.5, 1.5625, 1.0625 ], "enabled": false },
																"west": { "texture": "#skin", "uv": [ 1.5, 0.5, 2.0625, 1.0625 ], "enabled": false },
																"up": { "texture": "#skin", "uv": [ 0.0, 0.0, 0.5625, 0.5625 ], "enabled": false },
																"down": { "texture": "#skin", "uv": [ 0.5, 0.0, 1.0625, 0.5625 ], "enabled": false }
															},
															"children": [
																{
																	"name": "L hind hoof 1",
																	"from": [ -1.53, -0.36, -0.495 ], 
																	"to": [ -0.27, 0.04, 0.315 ], 
																	"unwrapMode": 4,
																	"uv": [ 45.5, 44.5 ],
																	"rotationOrigin": [ -0.27, 0.09, 0.36 ],
																	"rotationZ": 60.0,
																	"faces": {
																		"north": { "texture": "#skin", "uv": [ 45.5, 46.0, 47.0, 46.5 ] },
																		"east": { "texture": "#skin", "uv": [ 49.5, 46.0, 50.5, 46.5 ] },
																		"south": { "texture": "#skin", "uv": [ 48.0, 46.0, 49.5, 46.5 ] },
																		"west": { "texture": "#skin", "uv": [ 47.0, 46.0, 48.0, 46.5 ] },
																		"up": { "texture": "#skin", "uv": [ 47.0, 44.5, 48.0, 46.0 ], "rotation": 90 },
																		"down": { "texture": "#skin", "uv": [ 47.0, 46.5, 48.0, 48.0 ], "rotation": 90 }
																	}
																},
																{
																	"name": "L hind hoof 2",
																	"from": [ -0.81, -0.81, -0.495 ], 
																	"to": [ 0.27, -0.36, 0.315 ], 
																	"unwrapMode": 4,
																	"uv": [ 47.0, 43.0 ],
																	"rotationOrigin": [ 0.18, -0.36, 0.27 ],
																	"rotationZ": 27.0,
																	"faces": {
																		"north": { "texture": "#skin", "uv": [ 47.0, 44.0, 48.0, 44.5 ] },
																		"east": { "texture": "#skin", "uv": [ 50.0, 44.0, 51.0, 44.5 ] },
																		"south": { "texture": "#skin", "uv": [ 49.0, 44.0, 50.0, 44.5 ] },
																		"west": { "texture": "#skin", "uv": [ 48.0, 44.0, 49.0, 44.5 ] },
																		"up": { "texture": "#skin", "uv": [ 48.0, 43.0, 49.0, 44.0 ], "rotation": 90 },
																		"down": { "texture": "#skin", "uv": [ 48.0, 44.5, 49.0, 45.5 ], "rotation": 90 }
																	}
																}
															]
														}
													]
												}
											]
										}
									]
								}
							]
						},
						{
							"name": "tail",
							"from": [ 7.208, 4.05, 1.792 ], 
							"to": [ 8.108, 5.85, 2.712 ], 
							"unwrapMode": 3,
							"unwrapRotation": 1,
							"uv": [ 19.0, 0.5 ],
							"rotationOrigin": [ 8.088, 5.848, 2.24 ],
							"rotationZ": 83.0,
							"faces": {
								"north": { "texture": "#skin", "uv": [ 23.0, 1.5, 25.0, 2.5 ], "rotation": 270, "windMode": [-1,-1,-1,-1], "windData": [0,1,1,0] },
								"east": { "texture": "#skin", "uv": [ 20.0, 0.5, 22.0, 1.5 ], "rotation": 90, "windMode": [-1,-1,-1,-1], "windData": [0,1,1,0] },
								"south": { "texture": "#skin", "uv": [ 20.0, 1.5, 22.0, 2.5 ], "rotation": 90 },
								"west": { "texture": "#skin", "uv": [ 20.0, 2.5, 22.0, 3.5 ], "rotation": 90, "windMode": [-1,-1,-1,-1], "windData": [0,0,1,1] },
								"up": { "texture": "#skin", "uv": [ 19.0, 1.5, 20.0, 2.5 ], "rotation": 90, "windMode": [-1,-1,-1,-1], "windData": [1,1,1,1] },
								"down": { "texture": "#skin", "uv": [ 22.0, 1.5, 23.0, 2.5 ], "rotation": 270, "windMode": [-1,-1,-1,-1] }
							},
							"children": [
								{
									"name": "tail-end",
									"from": [ 0.0, -3.264, 0.008 ], 
									"to": [ 0.9, 0.036, 0.908 ], 
									"unwrapMode": 3,
									"unwrapRotation": 1,
									"uv": [ 25.5, 0.0 ],
									"rotationOrigin": [ 0.88, 0.04, 0.44 ],
									"rotationZ": 8.0,
									"faces": {
										"north": { "texture": "#skin", "uv": [ 30.5, 1.0, 34.5, 2.0 ], "rotation": 270 },
										"east": { "texture": "#skin", "uv": [ 25.5, 0.0, 29.5, 1.0 ], "rotation": 90 },
										"south": { "texture": "#skin", "uv": [ 25.5, 1.0, 29.5, 2.0 ], "rotation": 90 },
										"west": { "texture": "#skin", "uv": [ 25.5, 2.0, 29.5, 3.0 ], "rotation": 90 },
										"up": { "texture": "#skin", "uv": [ 25.5, 1.0, 26.5, 2.0 ], "rotation": 90, "enabled": false, "windMode": [-1,-1,-1,-1] },
										"down": { "texture": "#skin", "uv": [ 29.5, 1.0, 30.5, 2.0 ], "rotation": 270 }
									}
								}
							]
						},
						{
							"name": "R back Thigh",
							"from": [ 4.848, -0.016, -0.72 ], 
							"to": [ 8.548, 5.384, 1.08 ], 
							"unwrapMode": 1,
							"uv": [ 20.0, 22.5 ],
							"rotationOrigin": [ 5.848, 4.03, 0.27 ],
							"rotationX": -3.0,
							"rotationZ": 24.0,
							"faces": {
								"north": { "texture": "#skin", "uv": [ 22.0, 24.5, 26.5, 31.0 ] },
								"east": { "texture": "#skin", "uv": [ 20.0, 24.5, 22.0, 31.0 ] },
								"south": { "texture": "#skin", "uv": [ 28.5, 24.5, 33.0, 31.0 ] },
								"west": { "texture": "#skin", "uv": [ 26.5, 24.5, 28.5, 31.0 ] },
								"up": { "texture": "#skin", "uv": [ 22.0, 22.5, 26.5, 24.5 ], "rotation": 180 },
								"down": { "texture": "#skin", "uv": [ 22.0, 31.0, 26.5, 33.0 ] }
							},
							"children": [
								{
									"name": "R back Upper Arm",
									"from": [ 0.36, -4.86, 0.18 ], 
									"to": [ 2.16, 0.99, 1.62 ], 
									"unwrapMode": 1,
									"uv": [ 21.5, 33.0 ],
									"rotationOrigin": [ 1.26, 0.99, 0.9 ],
									"rotationX": -1.0,
									"rotationZ": 65.0,
									"faces": {
										"north": { "texture": "#skin", "uv": [ 23.0, 34.5, 25.0, 41.5 ] },
										"east": { "texture": "#skin", "uv": [ 21.5, 34.5, 23.0, 41.5 ] },
										"south": { "texture": "#skin", "uv": [ 26.5, 34.5, 28.5, 41.5 ] },
										"west": { "texture": "#skin", "uv": [ 25.0, 34.5, 26.5, 41.5 ] },
										"up": { "texture": "#skin", "uv": [ 23.0, 33.0, 25.0, 34.5 ], "rotation": 180 },
										"down": { "texture": "#skin", "uv": [ 23.0, 41.5, 25.0, 43.0 ] }
									},
									"children": [
										{
											"name": "R back lower arm",
											"from": [ 0.36, -5.4, 0.18 ], 
											"to": [ 1.44, 0.9, 1.26 ], 
											"unwrapMode": 1,
											"uv": [ 28.5, 38.5 ],
											"rotationOrigin": [ 0.99, 0.9, 0.72 ],
											"rotationX": 4.0,
											"rotationZ": -56.0,
											"faces": {
												"north": { "texture": "#skin", "uv": [ 29.5, 39.5, 30.5, 47.0 ] },
												"east": { "texture": "#skin", "uv": [ 28.5, 39.5, 29.5, 47.0 ] },
												"south": { "texture": "#skin", "uv": [ 31.5, 39.5, 32.5, 47.0 ] },
												"west": { "texture": "#skin", "uv": [ 30.5, 39.5, 31.5, 47.0 ] },
												"up": { "texture": "#skin", "uv": [ 29.5, 38.5, 30.5, 39.5 ], "rotation": 180 },
												"down": { "texture": "#skin", "uv": [ 29.5, 47.0, 30.5, 48.0 ] }
											},
											"children": [
												{
													"name": "R back pastern",
													"from": [ 0.0, -1.08, 0.09 ], 
													"to": [ 0.8, 1.17, 0.99 ], 
													"unwrapMode": 3,
													"uv": [ 24.5, 43.33 ],
													"rotationOrigin": [ 0.53, 1.17, 0.54 ],
													"rotationZ": 20.0,
													"faces": {
														"north": { "texture": "#skin", "uv": [ 27.5, 44.5, 28.5, 47.0 ] },
														"east": { "texture": "#skin", "uv": [ 26.5, 44.5, 27.5, 47.0 ] },
														"south": { "texture": "#skin", "uv": [ 25.5, 44.5, 26.5, 47.0 ] },
														"west": { "texture": "#skin", "uv": [ 24.5, 44.5, 25.5, 47.0 ] },
														"up": { "texture": "#skin", "uv": [ 25.5, 43.5, 26.5, 44.5 ] },
														"down": { "texture": "#skin", "uv": [ 25.5, 47.0, 26.5, 48.0 ], "rotation": 180 }
													},
													"children": [
														{
															"name": "R origin hind hoof",
															"from": [ 0.376, 0.72, 0.54 ], 
															"to": [ 0.376, 0.72, 0.54 ], 
															"uv": [ 0.0, 0.0 ],
															"rotationOrigin": [ 0.38, 0.72, 0.54 ],
															"rotationZ": 14.0,
															"faces": {
																"north": { "texture": "#skin", "uv": [ 0.0, 0.5, 0.5625, 1.0625 ], "enabled": false },
																"east": { "texture": "#skin", "uv": [ 0.5, 0.5, 1.0625, 1.0625 ], "enabled": false },
																"south": { "texture": "#skin", "uv": [ 1.0, 0.5, 1.5625, 1.0625 ], "enabled": false },
																"west": { "texture": "#skin", "uv": [ 1.5, 0.5, 2.0625, 1.0625 ], "enabled": false },
																"up": { "texture": "#skin", "uv": [ 0.0, 0.0, 0.5625, 0.5625 ], "enabled": false },
																"down": { "texture": "#skin", "uv": [ 0.5, 0.0, 1.0625, 0.5625 ], "enabled": false }
															},
															"children": [
																{
																	"name": "R hind hoof 1",
																	"from": [ -1.53, -0.36, -0.495 ], 
																	"to": [ -0.27, 0.04, 0.315 ], 
																	"unwrapMode": 4,
																	"uv": [ 19.5, 44.5 ],
																	"rotationOrigin": [ -0.27, 0.09, 0.36 ],
																	"rotationZ": 60.0,
																	"faces": {
																		"north": { "texture": "#skin", "uv": [ 19.5, 46.0, 21.0, 46.5 ] },
																		"east": { "texture": "#skin", "uv": [ 23.5, 46.0, 24.5, 46.5 ] },
																		"south": { "texture": "#skin", "uv": [ 22.0, 46.0, 23.5, 46.5 ] },
																		"west": { "texture": "#skin", "uv": [ 21.0, 46.0, 22.0, 46.5 ] },
																		"up": { "texture": "#skin", "uv": [ 21.0, 44.5, 22.0, 46.0 ], "rotation": 90 },
																		"down": { "texture": "#skin", "uv": [ 21.0, 46.5, 22.0, 48.0 ], "rotation": 90 }
																	}
																},
																{
																	"name": "R hind hoof 2",
																	"from": [ -0.81, -0.81, -0.495 ], 
																	"to": [ 0.27, -0.36, 0.315 ], 
																	"unwrapMode": 4,
																	"uv": [ 21.5, 43.0 ],
																	"rotationOrigin": [ 0.18, -0.36, 0.27 ],
																	"rotationZ": 27.0,
																	"faces": {
																		"north": { "texture": "#skin", "uv": [ 21.5, 44.0, 22.5, 44.5 ] },
																		"east": { "texture": "#skin", "uv": [ 24.5, 44.0, 25.5, 44.5 ] },
																		"south": { "texture": "#skin", "uv": [ 23.5, 44.0, 24.5, 44.5 ] },
																		"west": { "texture": "#skin", "uv": [ 22.5, 44.0, 23.5, 44.5 ] },
																		"up": { "texture": "#skin", "uv": [ 22.5, 43.0, 23.5, 44.0 ], "rotation": 90 },
																		"down": { "texture": "#skin", "uv": [ 22.5, 44.5, 23.5, 45.5 ], "rotation": 90 }
																	}
																}
															]
														}
													]
												}
											]
										}
									]
								}
							]
						}
					]
				},
				{
					"name": "L front Thigh",
					"from": [ 0.72, -0.528, 4.5 ], 
					"to": [ 3.42, 3.172, 5.85 ], 
					"unwrapMode": 3,
					"uv": [ 47.0, 17.0 ],
					"rotationOrigin": [ 2.07, 2.968, 4.95 ],
					"rotationX": 3.0,
					"rotationZ": -9.0,
					"faces": {
						"north": { "texture": "#skin", "uv": [ 53.0, 18.5, 56.0, 23.0 ] },
						"east": { "texture": "#skin", "uv": [ 51.5, 18.5, 53.0, 23.0 ] },
						"south": { "texture": "#skin", "uv": [ 48.5, 18.5, 51.5, 23.0 ] },
						"west": { "texture": "#skin", "uv": [ 47.0, 18.5, 48.5, 23.0 ] },
						"up": { "texture": "#skin", "uv": [ 48.5, 17.0, 51.5, 18.5 ], "windMode": [-1,-1,-1,-1] },
						"down": { "texture": "#skin", "uv": [ 48.5, 23.0, 51.5, 24.5 ], "rotation": 180 }
					},
					"children": [
						{
							"name": "L front Upper Arm",
							"from": [ 0.45, -3.696, -0.112 ], 
							"to": [ 2.05, 0.904, 1.078 ], 
							"unwrapMode": 3,
							"uv": [ 55.0, 22.0 ],
							"rotationOrigin": [ 1.35, 0.448, 0.448 ],
							"rotationX": 1.0,
							"rotationZ": -3.0,
							"faces": {
								"north": { "texture": "#skin", "uv": [ 59.0, 23.0, 61.0, 28.5 ] },
								"east": { "texture": "#skin", "uv": [ 58.0, 23.0, 59.0, 28.5 ] },
								"south": { "texture": "#skin", "uv": [ 56.0, 23.0, 58.0, 28.5 ] },
								"west": { "texture": "#skin", "uv": [ 55.0, 23.0, 56.0, 28.5 ] },
								"up": { "texture": "#skin", "uv": [ 56.0, 22.0, 58.0, 23.0 ] },
								"down": { "texture": "#skin", "uv": [ 56.0, 28.5, 58.0, 29.5 ], "rotation": 180 }
							},
							"children": [
								{
									"name": "L front lower arm",
									"from": [ 0.376, -3.6, 0.016 ], 
									"to": [ 1.276, 0.9, 1.006 ], 
									"unwrapMode": 3,
									"uv": [ 60.0, 27.5 ],
									"rotationOrigin": [ 1.01, 0.45, 0.56 ],
									"rotationX": -3.0,
									"rotationZ": -4.0,
									"faces": {
										"north": { "texture": "#skin", "uv": [ 63.0, 28.5, 64.0, 34.0 ] },
										"east": { "texture": "#skin", "uv": [ 62.0, 28.5, 63.0, 34.0 ] },
										"south": { "texture": "#skin", "uv": [ 61.0, 28.5, 62.0, 34.0 ] },
										"west": { "texture": "#skin", "uv": [ 60.0, 28.5, 61.0, 34.0 ] },
										"up": { "texture": "#skin", "uv": [ 61.0, 27.5, 62.0, 28.5 ] },
										"down": { "texture": "#skin", "uv": [ 61.0, 34.0, 62.0, 35.0 ], "rotation": 180 }
									},
									"children": [
										{
											"name": "L front pastern",
											"from": [ 0.0, -1.62, 0.045 ], 
											"to": [ 0.8, 0.63, 0.945 ], 
											"unwrapMode": 3,
											"uv": [ 56.0, 29.5 ],
											"rotationOrigin": [ 0.45, 0.63, 0.45 ],
											"rotationX": -1.0,
											"rotationZ": -6.0,
											"faces": {
												"north": { "texture": "#skin", "uv": [ 59.0, 30.5, 60.0, 33.0 ] },
												"east": { "texture": "#skin", "uv": [ 58.0, 30.5, 59.0, 33.0 ] },
												"south": { "texture": "#skin", "uv": [ 57.0, 30.5, 58.0, 33.0 ] },
												"west": { "texture": "#skin", "uv": [ 56.0, 30.5, 57.0, 33.0 ] },
												"up": { "texture": "#skin", "uv": [ 57.0, 29.5, 58.0, 30.5 ] },
												"down": { "texture": "#skin", "uv": [ 57.0, 33.0, 58.0, 34.0 ], "rotation": 180 }
											},
											"children": [
												{
													"name": "L origin hoof",
													"from": [ 0.376, 0.72, 0.54 ], 
													"to": [ 0.376, 0.72, 0.54 ], 
													"uv": [ 0.0, 0.0 ],
													"rotationOrigin": [ 0.38, 0.72, 0.54 ],
													"faces": {
														"north": { "texture": "#skin", "uv": [ 0.0, 0.5, 0.5625, 1.0625 ], "enabled": false },
														"east": { "texture": "#skin", "uv": [ 0.5, 0.5, 1.0625, 1.0625 ], "enabled": false },
														"south": { "texture": "#skin", "uv": [ 1.0, 0.5, 1.5625, 1.0625 ], "enabled": false },
														"west": { "texture": "#skin", "uv": [ 1.5, 0.5, 2.0625, 1.0625 ], "enabled": false },
														"up": { "texture": "#skin", "uv": [ 0.0, 0.0, 0.5625, 0.5625 ], "enabled": false },
														"down": { "texture": "#skin", "uv": [ 0.5, 0.0, 1.0625, 0.5625 ], "enabled": false }
													},
													"children": [
														{
															"name": "L front hoof 1",
															"from": [ -1.53, -0.36, -0.495 ], 
															"to": [ -0.27, 0.04, 0.315 ], 
															"unwrapMode": 4,
															"uv": [ 51.0, 29.5 ],
															"rotationOrigin": [ -0.27, 0.09, 0.36 ],
															"rotationZ": 60.0,
															"faces": {
																"north": { "texture": "#skin", "uv": [ 51.0, 31.0, 52.5, 31.5 ] },
																"east": { "texture": "#skin", "uv": [ 55.0, 31.0, 56.0, 31.5 ] },
																"south": { "texture": "#skin", "uv": [ 53.5, 31.0, 55.0, 31.5 ] },
																"west": { "texture": "#skin", "uv": [ 52.5, 31.0, 53.5, 31.5 ] },
																"up": { "texture": "#skin", "uv": [ 52.5, 29.5, 53.5, 31.0 ], "rotation": 90 },
																"down": { "texture": "#skin", "uv": [ 52.5, 31.5, 53.5, 33.0 ], "rotation": 90 }
															}
														},
														{
															"name": "L front hoof 2",
															"from": [ -0.81, -0.81, -0.495 ], 
															"to": [ 0.27, -0.36, 0.315 ], 
															"unwrapMode": 4,
															"uv": [ 51.0, 27.0 ],
															"rotationOrigin": [ 0.18, -0.36, 0.27 ],
															"rotationZ": 27.0,
															"faces": {
																"north": { "texture": "#skin", "uv": [ 51.0, 28.0, 52.0, 28.5 ] },
																"east": { "texture": "#skin", "uv": [ 54.0, 28.0, 55.0, 28.5 ] },
																"south": { "texture": "#skin", "uv": [ 53.0, 28.0, 54.0, 28.5 ] },
																"west": { "texture": "#skin", "uv": [ 52.0, 28.0, 53.0, 28.5 ] },
																"up": { "texture": "#skin", "uv": [ 52.0, 27.0, 53.0, 28.0 ], "rotation": 90 },
																"down": { "texture": "#skin", "uv": [ 52.0, 28.5, 53.0, 29.5 ], "rotation": 90 }
															}
														}
													]
												}
											]
										}
									]
								}
							]
						}
					]
				},
				{
					"name": "R front Thigh",
					"from": [ 0.72, 0.192, -0.63 ], 
					"to": [ 3.42, 3.892, 0.72 ], 
					"unwrapMode": 1,
					"uv": [ 34.0, 17.0 ],
					"rotationOrigin": [ 2.07, 3.688, 0.36 ],
					"rotationX": -3.0,
					"rotationZ": -29.0,
					"faces": {
						"north": { "texture": "#skin", "uv": [ 35.5, 18.5, 38.5, 23.0 ] },
						"east": { "texture": "#skin", "uv": [ 34.0, 18.5, 35.5, 23.0 ] },
						"south": { "texture": "#skin", "uv": [ 40.0, 18.5, 43.0, 23.0 ] },
						"west": { "texture": "#skin", "uv": [ 38.5, 18.5, 40.0, 23.0 ] },
						"up": { "texture": "#skin", "uv": [ 35.5, 17.0, 38.5, 18.5 ], "rotation": 180 },
						"down": { "texture": "#skin", "uv": [ 35.5, 23.0, 38.5, 24.5 ] }
					},
					"children": [
						{
							"name": "R front Upper Arm",
							"from": [ 0.45, -3.696, 0.27 ], 
							"to": [ 2.05, 0.904, 1.46 ], 
							"unwrapMode": 1,
							"uv": [ 42.0, 22.0 ],
							"rotationOrigin": [ 1.35, 0.448, 0.9 ],
							"rotationX": -1.0,
							"rotationZ": -28.0,
							"faces": {
								"north": { "texture": "#skin", "uv": [ 43.0, 23.0, 45.0, 28.5 ] },
								"east": { "texture": "#skin", "uv": [ 42.0, 23.0, 43.0, 28.5 ] },
								"south": { "texture": "#skin", "uv": [ 46.0, 23.0, 48.0, 28.5 ] },
								"west": { "texture": "#skin", "uv": [ 45.0, 23.0, 46.0, 28.5 ] },
								"up": { "texture": "#skin", "uv": [ 43.0, 22.0, 45.0, 23.0 ], "rotation": 180 },
								"down": { "texture": "#skin", "uv": [ 43.0, 28.5, 45.0, 29.5 ] }
							},
							"children": [
								{
									"name": "R front lower arm",
									"from": [ 0.376, -3.6, 0.18 ], 
									"to": [ 1.276, 0.9, 1.17 ], 
									"unwrapMode": 1,
									"uv": [ 47.0, 27.5 ],
									"rotationOrigin": [ 1.01, 0.45, 0.9 ],
									"rotationX": 3.0,
									"rotationZ": 6.0,
									"faces": {
										"north": { "texture": "#skin", "uv": [ 48.0, 28.5, 49.0, 34.0 ] },
										"east": { "texture": "#skin", "uv": [ 47.0, 28.5, 48.0, 34.0 ] },
										"south": { "texture": "#skin", "uv": [ 50.0, 28.5, 51.0, 34.0 ] },
										"west": { "texture": "#skin", "uv": [ 49.0, 28.5, 50.0, 34.0 ] },
										"up": { "texture": "#skin", "uv": [ 48.0, 27.5, 49.0, 28.5 ], "rotation": 180 },
										"down": { "texture": "#skin", "uv": [ 48.0, 34.0, 49.0, 35.0 ] }
									},
									"children": [
										{
											"name": "R front pastern",
											"from": [ 0.0, -1.62, 0.045 ], 
											"to": [ 0.8, 0.63, 0.945 ], 
											"unwrapMode": 1,
											"uv": [ 43.0, 29.5 ],
											"rotationOrigin": [ 0.45, 0.63, 0.54 ],
											"rotationX": -1.0,
											"faces": {
												"north": { "texture": "#skin", "uv": [ 44.0, 30.5, 45.0, 33.0 ] },
												"east": { "texture": "#skin", "uv": [ 43.0, 30.5, 44.0, 33.0 ] },
												"south": { "texture": "#skin", "uv": [ 46.0, 30.5, 47.0, 33.0 ] },
												"west": { "texture": "#skin", "uv": [ 45.0, 30.5, 46.0, 33.0 ] },
												"up": { "texture": "#skin", "uv": [ 44.0, 29.5, 45.0, 30.5 ], "rotation": 180 },
												"down": { "texture": "#skin", "uv": [ 44.0, 33.0, 45.0, 34.0 ] }
											},
											"children": [
												{
													"name": "R origin hoof",
													"from": [ 0.376, 0.72, 0.54 ], 
													"to": [ 0.376, 0.72, 0.54 ], 
													"uv": [ 0.0, 0.0 ],
													"rotationOrigin": [ 0.38, 0.72, 0.5383 ],
													"rotationZ": 19.0,
													"faces": {
														"north": { "texture": "#skin", "uv": [ 0.0, 0.5, 0.5625, 1.0625 ], "enabled": false },
														"east": { "texture": "#skin", "uv": [ 0.5, 0.5, 1.0625, 1.0625 ], "enabled": false },
														"south": { "texture": "#skin", "uv": [ 1.0, 0.5, 1.5625, 1.0625 ], "enabled": false },
														"west": { "texture": "#skin", "uv": [ 1.5, 0.5, 2.0625, 1.0625 ], "enabled": false },
														"up": { "texture": "#skin", "uv": [ 0.0, 0.0, 0.5625, 0.5625 ], "enabled": false },
														"down": { "texture": "#skin", "uv": [ 0.5, 0.0, 1.0625, 0.5625 ], "enabled": false }
													},
													"children": [
														{
															"name": "R front hoof 1",
															"from": [ -1.53, -0.36, -0.495 ], 
															"to": [ -0.27, 0.04, 0.315 ], 
															"unwrapMode": 4,
															"uv": [ 38.0, 29.5 ],
															"rotationOrigin": [ -0.27, 0.09, 0.36 ],
															"rotationZ": 60.0,
															"faces": {
																"north": { "texture": "#skin", "uv": [ 38.0, 31.0, 39.5, 31.5 ] },
																"east": { "texture": "#skin", "uv": [ 42.0, 31.0, 43.0, 31.5 ] },
																"south": { "texture": "#skin", "uv": [ 40.5, 31.0, 42.0, 31.5 ] },
																"west": { "texture": "#skin", "uv": [ 39.5, 31.0, 40.5, 31.5 ] },
																"up": { "texture": "#skin", "uv": [ 39.5, 29.5, 40.5, 31.0 ], "rotation": 90 },
																"down": { "texture": "#skin", "uv": [ 39.5, 31.5, 40.5, 33.0 ], "rotation": 90 }
															}
														},
														{
															"name": "R front hoof 2",
															"from": [ -0.81, -0.81, -0.495 ], 
															"to": [ 0.27, -0.36, 0.315 ], 
															"unwrapMode": 4,
															"uv": [ 38.0, 27.0 ],
															"rotationOrigin": [ 0.18, -0.36, 0.27 ],
															"rotationZ": 27.0,
															"faces": {
																"north": { "texture": "#skin", "uv": [ 38.0, 28.0, 39.0, 28.5 ] },
																"east": { "texture": "#skin", "uv": [ 41.0, 28.0, 42.0, 28.5 ] },
																"south": { "texture": "#skin", "uv": [ 40.0, 28.0, 41.0, 28.5 ] },
																"west": { "texture": "#skin", "uv": [ 39.0, 28.0, 40.0, 28.5 ] },
																"up": { "texture": "#skin", "uv": [ 39.0, 27.0, 40.0, 28.0 ], "rotation": 90 },
																"down": { "texture": "#skin", "uv": [ 39.0, 28.5, 40.0, 29.5 ], "rotation": 90 }
															}
														}
													]
												}
											]
										}
									]
								}
							]
						}
					]
				}
			],
			"attachmentpoints": [
				{
					"code": "Center",
					"posX": "9.0","posY": "4.0","posZ": "5.0",
					"rotationX": "0.0","rotationY": "0.0","rotationZ": "0.0"
				}
			]
		}
	]}