{
	"editor": {
		"allAngles": true,
		"entityTextureMode": true
	},
	"textureWidth": 32,
	"textureHeight": 32,
	"textureSizes": {
		"skin": [32,32]
	},
	"textures": {
	},
	"elements": [
		{
			"name": "Body",
			"from": [ 6.77, 3.3994, 7.07 ], 
			"to": [ 8.7342, 5.4694, 8.588 ], 
			"unwrapMode": 3,
			"unwrapRotation": 1,
			"uv": [ 0.0, 0.0 ],
			"rotationOrigin": [ 8.7352, 5.175, 7.98 ],
			"rotationZ": 8.0,
			"faces": {
				"north": { "texture": "#skin", "uv": [ 10.5, 3.0, 15.0, 7.0 ], "rotation": 270 },
				"east": { "texture": "#skin", "uv": [ 3.0, 0.0, 7.5, 3.0 ], "rotation": 90 },
				"south": { "texture": "#skin", "uv": [ 3.0, 3.0, 7.5, 7.0 ], "rotation": 90 },
				"west": { "texture": "#skin", "uv": [ 3.0, 7.0, 7.5, 10.0 ], "rotation": 90 },
				"up": { "texture": "#skin", "uv": [ 0.0, 3.0, 3.0, 7.0 ], "rotation": 90 },
				"down": { "texture": "#skin", "uv": [ 7.5, 3.0, 10.5, 7.0 ], "rotation": 270 }
			},
			"children": [
				{
					"name": "neck",
					"from": [ -0.345, 0.9568, 0.3036 ], 
					"to": [ 1.1408, 2.829, 1.2144 ], 
					"unwrapMode": 3,
					"unwrapRotation": 1,
					"uv": [ 12.5, 26.0 ],
					"rotationOrigin": [ 0.782, 1.4168, 0.759 ],
					"rotationZ": 80.0,
					"faces": {
						"north": { "texture": "#skin", "uv": [ 18.0, 27.5, 22.0, 30.5 ], "rotation": 270, "windMode": [-1,-1,-1,-1], "windData": [0,0,1,0] },
						"east": { "texture": "#skin", "uv": [ 14.0, 26.0, 18.0, 27.5 ], "rotation": 90, "windMode": [-1,-1,-1,-1], "windData": [1,0,0,1] },
						"south": { "texture": "#skin", "uv": [ 14.0, 27.5, 18.0, 30.5 ], "rotation": 90 },
						"west": { "texture": "#skin", "uv": [ 14.0, 30.5, 18.0, 32.0 ], "rotation": 90 },
						"up": { "texture": "#skin", "uv": [ 12.5, 27.5, 14.0, 30.5 ], "rotation": 90 },
						"down": { "texture": "#skin", "uv": [ 18.0, 27.5, 19.5, 30.5 ], "rotation": 270, "enabled": false, "windMode": [-1,-1,-1,-1], "windData": [0,1,1,0] }
					},
					"children": [
						{
							"name": "neck2",
							"from": [ 0.2898, 1.2972, 0.0506 ], 
							"to": [ 1.3892, 3.2476, 0.8602 ], 
							"unwrapMode": 3,
							"uv": [ 22.5, 26.5 ],
							"rotationOrigin": [ 1.4352, 1.8538, 0.506 ],
							"rotationZ": 8.0,
							"faces": {
								"north": { "texture": "#skin", "uv": [ 27.5, 28.0, 29.5, 32.0 ], "windMode": [-1,-1,-1,-1], "windData": [1,1,1,1] },
								"east": { "texture": "#skin", "uv": [ 26.0, 28.0, 27.5, 32.0 ], "windMode": [-1,-1,-1,-1], "windData": [1,1,1,1] },
								"south": { "texture": "#skin", "uv": [ 24.0, 28.0, 26.0, 32.0 ], "windMode": [-1,-1,-1,-1], "windData": [1,1,1,1] },
								"west": { "texture": "#skin", "uv": [ 22.5, 28.0, 24.0, 32.0 ], "windMode": [-1,-1,-1,-1], "windData": [1,1,1,1] },
								"up": { "texture": "#skin", "uv": [ 24.0, 26.5, 26.0, 28.0 ], "windMode": [-1,-1,-1,-1], "windData": [1,1,1,1] },
								"down": { "texture": "#skin", "uv": [ 24.0, 32.0, 26.0, 33.5 ], "rotation": 180, "enabled": false, "windMode": [-1,-1,-1,-1], "windData": [1,1,1,1] }
							},
							"children": [
								{
									"name": "head",
									"from": [ 0.345, 0.7866, -0.0506 ], 
									"to": [ 1.196, 1.9504, 0.8602 ], 
									"unwrapMode": 4,
									"uv": [ 8.0, 8.0 ],
									"rotationOrigin": [ 1.196, 1.9504, 0.4048 ],
									"rotationZ": -86.0,
									"faces": {
										"north": { "texture": "#skin", "uv": [ 8.0, 9.5, 9.5, 12.0 ] },
										"east": { "texture": "#skin", "uv": [ 12.5, 9.5, 14.0, 12.0 ] },
										"south": { "texture": "#skin", "uv": [ 11.0, 9.5, 12.5, 12.0 ] },
										"west": { "texture": "#skin", "uv": [ 9.5, 9.5, 11.0, 12.0 ] },
										"up": { "texture": "#skin", "uv": [ 9.5, 8.0, 11.0, 9.5 ], "rotation": 90 },
										"down": { "texture": "#skin", "uv": [ 9.5, 12.0, 11.0, 13.5 ], "rotation": 90 }
									},
									"children": [
										{
											"name": "mouth up",
											"from": [ -0.4968, 0.0506, 0.2024 ], 
											"to": [ 0.3036, 0.3956, 0.7084 ], 
											"unwrapMode": 5,
											"unwrapRotation": 1,
											"uv": [ 0.0, 0.0 ],
											"rotationOrigin": [ 0.253, 0.253, 0.4554 ],
											"rotationZ": 35.0,
											"faces": {
												"north": { "texture": "#skin", "uv": [ 0.0, 0.0, 0.5, 1.5 ], "rotation": 270 },
												"east": { "texture": "#skin", "uv": [ 0.5, 0.0, 1.5, 0.5 ], "rotation": 180, "enabled": false },
												"south": { "texture": "#skin", "uv": [ 1.5, 0.0, 2.0, 1.5 ], "rotation": 90 },
												"west": { "texture": "#skin", "uv": [ 0.5, 1.5, 1.5, 2.0 ] },
												"up": { "texture": "#skin", "uv": [ 0.5, 0.0, 1.5, 1.5 ], "rotation": 90 },
												"down": { "texture": "#skin", "uv": [ 2.0, 0.0, 3.0, 1.5 ], "rotation": 270 }
											},
											"children": [
												{
													"name": "nose",
													"from": [ -0.1472, 0.069, 0.046 ], 
													"to": [ 0.253, 0.4186, 0.4646 ], 
													"unwrapMode": 4,
													"uv": [ 1.0, 1.5 ],
													"rotationOrigin": [ -0.1472, 0.3542, 0.2438 ],
													"rotationZ": 21.0,
													"faces": {
														"north": { "texture": "#skin", "uv": [ 1.0, 2.0, 1.5, 2.5 ], "windMode": [-1,-1,-1,-1], "windData": [1,1,1,1] },
														"east": { "texture": "#skin", "uv": [ 2.5, 2.0, 3.0, 2.5 ], "windMode": [-1,-1,-1,-1], "windData": [1,1,1,1] },
														"south": { "texture": "#skin", "uv": [ 2.0, 2.0, 2.5, 2.5 ], "windMode": [-1,-1,-1,-1], "windData": [1,1,1,1] },
														"west": { "texture": "#skin", "uv": [ 1.5, 2.0, 2.0, 2.5 ], "windMode": [-1,-1,-1,-1], "windData": [1,1,1,1] },
														"up": { "texture": "#skin", "uv": [ 1.5, 1.5, 2.0, 2.0 ], "rotation": 90, "windMode": [-1,-1,-1,-1], "windData": [1,1,1,1] },
														"down": { "texture": "#skin", "uv": [ 1.5, 2.5, 2.0, 3.0 ], "rotation": 90, "windMode": [-1,-1,-1,-1], "windData": [1,1,1,1] }
													}
												},
												{
													"name": "nose bridge",
													"from": [ 0.2162, 0.0, 0.0253 ], 
													"to": [ 1.2282, 0.4554, 0.4807 ], 
													"unwrapMode": 5,
													"unwrapRotation": 1,
													"uv": [ 2.0, 9.5 ],
													"rotationOrigin": [ 0.2162, 0.0, 0.1518 ],
													"rotationZ": 22.0,
													"faces": {
														"north": { "texture": "#skin", "uv": [ 2.0, 10.0, 2.5, 12.0 ], "rotation": 270 },
														"east": { "texture": "#skin", "uv": [ 2.5, 9.5, 3.0, 10.0 ], "rotation": 180, "windMode": [-1,-1,-1,-1], "windData": [0,0,0,0] },
														"south": { "texture": "#skin", "uv": [ 3.0, 10.0, 3.5, 12.0 ], "rotation": 90 },
														"west": { "texture": "#skin", "uv": [ 2.5, 12.0, 3.0, 12.5 ], "windMode": [-1,-1,-1,-1], "windData": [0,0,0,0] },
														"up": { "texture": "#skin", "uv": [ 2.5, 10.0, 3.0, 12.0 ], "rotation": 90 },
														"down": { "texture": "#skin", "uv": [ 3.5, 10.0, 4.0, 12.0 ], "rotation": 270, "enabled": false }
													}
												}
											]
										},
										{
											"name": "R ear",
											"from": [ 0.437, 0.6072, -0.6164 ], 
											"to": [ 0.5382, 1.1132, 0.0552 ], 
											"unwrapMode": 4,
											"uv": [ 10.0, 1.0 ],
											"rotationOrigin": [ 0.5382, 1.012, 0.0506 ],
											"rotationX": 55.0,
											"rotationZ": 22.0,
											"faces": {
												"north": { "texture": "#skin", "uv": [ 10.0, 1.5, 10.5, 2.5 ] },
												"east": { "texture": "#skin", "uv": [ 12.0, 1.5, 13.0, 2.5 ] },
												"south": { "texture": "#skin", "uv": [ 11.5, 1.5, 12.0, 2.5 ], "windMode": [-1,-1,-1,-1], "windData": [0,0,0,0] },
												"west": { "texture": "#skin", "uv": [ 10.5, 1.5, 11.5, 2.5 ] },
												"up": { "texture": "#skin", "uv": [ 10.5, 1.0, 11.5, 1.5 ], "rotation": 90 },
												"down": { "texture": "#skin", "uv": [ 10.5, 2.5, 11.5, 3.0 ], "rotation": 90 }
											}
										},
										{
											"name": "L ear",
											"from": [ 0.437, 0.6072, 0.8602 ], 
											"to": [ 0.5382, 1.1132, 1.5318 ], 
											"unwrapMode": 4,
											"uv": [ 7.5, 0.0 ],
											"rotationOrigin": [ 0.5382, 1.012, 0.8602 ],
											"rotationX": -55.0,
											"rotationZ": 22.0,
											"faces": {
												"north": { "texture": "#skin", "uv": [ 7.5, 0.5, 8.0, 1.5 ], "windMode": [-1,-1,-1,-1] },
												"east": { "texture": "#skin", "uv": [ 9.5, 0.5, 10.5, 1.5 ] },
												"south": { "texture": "#skin", "uv": [ 9.0, 0.5, 9.5, 1.5 ], "windMode": [-1,-1,-1,-1] },
												"west": { "texture": "#skin", "uv": [ 8.0, 0.5, 9.0, 1.5 ] },
												"up": { "texture": "#skin", "uv": [ 8.0, 0.0, 9.0, 0.5 ], "rotation": 90 },
												"down": { "texture": "#skin", "uv": [ 8.0, 1.5, 9.0, 2.0 ], "rotation": 90 }
											}
										},
										{
											"name": "jaw",
											"from": [ -0.3772, 0.0, 0.253 ], 
											"to": [ 0.6578, 0.1771, 0.6578 ], 
											"unwrapMode": 5,
											"unwrapRotation": 1,
											"uv": [ 0.0, 7.0 ],
											"rotationOrigin": [ 0.506, 0.1518, 0.506 ],
											"rotationZ": 31.0,
											"faces": {
												"north": { "texture": "#skin", "uv": [ 0.0, 7.0, 0.5, 9.0 ], "rotation": 270 },
												"east": { "texture": "#skin", "uv": [ 0.5, 7.0, 1.0, 7.5 ], "rotation": 180, "enabled": false },
												"south": { "texture": "#skin", "uv": [ 1.0, 7.0, 1.5, 9.0 ], "rotation": 90 },
												"west": { "texture": "#skin", "uv": [ 0.5, 9.0, 1.0, 9.5 ] },
												"up": { "texture": "#skin", "uv": [ 0.5, 7.0, 1.0, 9.0 ], "rotation": 90 },
												"down": { "texture": "#skin", "uv": [ 1.5, 7.0, 2.0, 9.0 ], "rotation": 270 }
											}
										}
									]
								}
							]
						}
					]
				},
				{
					"name": "abdomen",
					"from": [ 1.7112, 0.0, -0.0506 ], 
					"to": [ 3.68, 2.116, 1.5686 ], 
					"unwrapMode": 3,
					"unwrapRotation": 1,
					"uv": [ 0.0, 10.0 ],
					"rotationOrigin": [ 1.7112, 1.265, 0.8602 ],
					"rotationZ": 8.0,
					"faces": {
						"north": { "texture": "#skin", "uv": [ 11.5, 13.5, 16.0, 17.5 ], "rotation": 270 },
						"east": { "texture": "#skin", "uv": [ 3.5, 10.0, 8.0, 13.5 ], "rotation": 90 },
						"south": { "texture": "#skin", "uv": [ 3.5, 13.5, 8.0, 17.5 ], "rotation": 90 },
						"west": { "texture": "#skin", "uv": [ 3.5, 17.5, 8.0, 21.0 ], "rotation": 90 },
						"up": { "texture": "#skin", "uv": [ 0.0, 13.5, 3.5, 17.5 ], "rotation": 90 },
						"down": { "texture": "#skin", "uv": [ 8.0, 13.5, 11.5, 17.5 ], "rotation": 270 }
					},
					"children": [
						{
							"name": "L back Thigh",
							"from": [ 1.0626, 0.0368, 1.1638 ], 
							"to": [ 1.9642, 1.7526, 1.8722 ], 
							"unwrapMode": 3,
							"uv": [ 20.0, 15.5 ],
							"rotationOrigin": [ 1.311, 1.6054, 1.518 ],
							"rotationX": 3.0,
							"rotationZ": 17.0,
							"faces": {
								"north": { "texture": "#skin", "uv": [ 24.5, 17.0, 26.0, 20.5 ] },
								"east": { "texture": "#skin", "uv": [ 23.0, 17.0, 24.5, 20.5 ] },
								"south": { "texture": "#skin", "uv": [ 21.5, 17.0, 23.0, 20.5 ] },
								"west": { "texture": "#skin", "uv": [ 20.0, 17.0, 21.5, 20.5 ] },
								"up": { "texture": "#skin", "uv": [ 21.5, 15.5, 23.0, 17.0 ], "windMode": [-1,-1,-1,-1], "windData": [0,0,1,1] },
								"down": { "texture": "#skin", "uv": [ 21.5, 20.5, 23.0, 22.0 ], "rotation": 180 }
							},
							"children": [
								{
									"name": "L back Upper Arm",
									"from": [ 0.1012, -1.8216, 0.1012 ], 
									"to": [ 0.8096, 0.2024, 0.6578 ], 
									"unwrapMode": 3,
									"uv": [ 25.0, 10.5 ],
									"rotationOrigin": [ 0.4554, 0.2024, 0.4048 ],
									"rotationX": 1.0,
									"rotationZ": 58.0,
									"faces": {
										"north": { "texture": "#skin", "uv": [ 28.5, 11.5, 30.0, 15.5 ] },
										"east": { "texture": "#skin", "uv": [ 27.5, 11.5, 28.5, 15.5 ] },
										"south": { "texture": "#skin", "uv": [ 26.0, 11.5, 27.5, 15.5 ] },
										"west": { "texture": "#skin", "uv": [ 25.0, 11.5, 26.0, 15.5 ] },
										"up": { "texture": "#skin", "uv": [ 26.0, 10.5, 27.5, 11.5 ] },
										"down": { "texture": "#skin", "uv": [ 26.0, 15.5, 27.5, 16.5 ], "rotation": 180 }
									},
									"children": [
										{
											"name": "L back lower arm",
											"from": [ 0.2392, -2.2632, 0.1012 ], 
											"to": [ 0.644, 0.1656, 0.4554 ], 
											"unwrapMode": 3,
											"uv": [ 17.0, 18.0 ],
											"rotationOrigin": [ 0.4922, 0.1656, 0.3036 ],
											"rotationX": -4.0,
											"rotationZ": -60.0,
											"faces": {
												"north": { "texture": "#skin", "uv": [ 18.5, 18.5, 19.0, 23.5 ] },
												"east": { "texture": "#skin", "uv": [ 18.0, 18.5, 18.5, 23.5 ] },
												"south": { "texture": "#skin", "uv": [ 17.5, 18.5, 18.0, 23.5 ] },
												"west": { "texture": "#skin", "uv": [ 17.0, 18.5, 17.5, 23.5 ] },
												"up": { "texture": "#skin", "uv": [ 17.5, 18.0, 18.0, 18.5 ] },
												"down": { "texture": "#skin", "uv": [ 17.5, 23.5, 18.0, 24.0 ], "rotation": 180 }
											},
											"children": [
												{
													"name": "L back pastern",
													"from": [ 0.0253, -0.7268, 0.0 ], 
													"to": [ 0.3795, 0.184, 0.3542 ], 
													"unwrapMode": 3,
													"uv": [ 2.0, 21.0 ],
													"rotationOrigin": [ 0.253, 0.1334, 0.1518 ],
													"rotationZ": 47.0,
													"faces": {
														"north": { "texture": "#skin", "uv": [ 3.5, 21.5, 4.0, 23.0 ] },
														"east": { "texture": "#skin", "uv": [ 3.0, 21.5, 3.5, 23.0 ] },
														"south": { "texture": "#skin", "uv": [ 2.5, 21.5, 3.0, 23.0 ] },
														"west": { "texture": "#skin", "uv": [ 2.0, 21.5, 2.5, 23.0 ] },
														"up": { "texture": "#skin", "uv": [ 2.5, 21.0, 3.0, 21.5 ] },
														"down": { "texture": "#skin", "uv": [ 2.5, 23.0, 3.0, 23.5 ], "rotation": 180 }
													},
													"children": [
														{
															"name": "L origin hind hoof",
															"from": [ 0.1104, 0.207, 0.1771 ], 
															"to": [ 0.1104, 0.207, 0.1771 ], 
															"uv": [ 0.0, 0.0 ],
															"rotationOrigin": [ 0.1104, 0.207, 0.2024 ],
															"rotationZ": 28.0,
															"faces": {
																"north": { "texture": "#skin", "uv": [ 0.0, 0.5, 0.396, 0.896 ], "enabled": false },
																"east": { "texture": "#skin", "uv": [ 0.5, 0.5, 0.896, 0.896 ], "enabled": false },
																"south": { "texture": "#skin", "uv": [ 1.0, 0.5, 1.396, 0.896 ], "enabled": false },
																"west": { "texture": "#skin", "uv": [ 1.5, 0.5, 1.896, 0.896 ], "enabled": false },
																"up": { "texture": "#skin", "uv": [ 0.0, 0.0, 0.396, 0.396 ], "enabled": false },
																"down": { "texture": "#skin", "uv": [ 0.5, 0.0, 0.896, 0.396 ], "enabled": false }
															},
															"children": [
																{
																	"name": "L hind hoof 1",
																	"from": [ -0.5566, -0.1012, -0.1518 ], 
																	"to": [ -0.1518, 0.0506, 0.1518 ], 
																	"unwrapMode": 4,
																	"uv": [ 6.0, 30.5 ],
																	"rotationOrigin": [ -0.0506, 0.0, 0.1012 ],
																	"rotationZ": 55.0,
																	"faces": {
																		"north": { "texture": "#skin", "uv": [ 6.0, 31.0, 6.5, 31.5 ] },
																		"east": { "texture": "#skin", "uv": [ 7.5, 31.0, 8.0, 31.5 ] },
																		"south": { "texture": "#skin", "uv": [ 7.0, 31.0, 7.5, 31.5 ] },
																		"west": { "texture": "#skin", "uv": [ 6.5, 31.0, 7.0, 31.5 ] },
																		"up": { "texture": "#skin", "uv": [ 6.5, 30.5, 7.0, 31.0 ], "rotation": 90 },
																		"down": { "texture": "#skin", "uv": [ 6.5, 31.5, 7.0, 32.0 ], "rotation": 90 }
																	}
																},
																{
																	"name": "L hind hoof 2",
																	"from": [ -0.4048, -0.3036, -0.1518 ], 
																	"to": [ 0.1012, -0.1518, 0.1518 ], 
																	"unwrapMode": 4,
																	"uv": [ 9.0, 29.5 ],
																	"rotationOrigin": [ 0.0506, -0.1012, 0.0506 ],
																	"rotationZ": 27.0,
																	"faces": {
																		"north": { "texture": "#skin", "uv": [ 9.0, 30.5, 10.0, 31.0 ] },
																		"east": { "texture": "#skin", "uv": [ 11.5, 30.5, 12.0, 31.0 ] },
																		"south": { "texture": "#skin", "uv": [ 10.5, 30.5, 11.5, 31.0 ] },
																		"west": { "texture": "#skin", "uv": [ 10.0, 30.5, 10.5, 31.0 ] },
																		"up": { "texture": "#skin", "uv": [ 10.0, 29.5, 10.5, 30.5 ], "rotation": 90 },
																		"down": { "texture": "#skin", "uv": [ 10.0, 31.0, 10.5, 32.0 ], "rotation": 90 }
																	}
																}
															]
														}
													]
												}
											]
										}
									]
								}
							]
						},
						{
							"name": "tail",
							"from": [ 1.1178, 0.9016, 0.1196 ], 
							"to": [ 2.0378, 1.8676, 1.4996 ], 
							"unwrapMode": 3,
							"unwrapRotation": 1,
							"uv": [ 5.0, 18.0 ],
							"rotationOrigin": [ 1.8078, 1.8676, 0.8096 ],
							"rotationZ": 58.0,
							"faces": {
								"north": { "texture": "#skin", "uv": [ 13.0, 21.0, 15.0, 23.0 ], "rotation": 270, "windMode": [-1,-1,-1,-1], "windData": [0,1,1,0] },
								"east": { "texture": "#skin", "uv": [ 8.0, 18.0, 10.0, 21.0 ], "rotation": 90, "windMode": [-1,-1,-1,-1], "windData": [0,1,1,0] },
								"south": { "texture": "#skin", "uv": [ 8.0, 21.0, 10.0, 23.0 ], "rotation": 90 },
								"west": { "texture": "#skin", "uv": [ 8.0, 23.0, 10.0, 26.0 ], "rotation": 90, "windMode": [-1,-1,-1,-1], "windData": [0,0,1,1] },
								"up": { "texture": "#skin", "uv": [ 5.0, 21.0, 8.0, 23.0 ], "rotation": 90, "windMode": [-1,-1,-1,-1], "windData": [1,1,1,1] },
								"down": { "texture": "#skin", "uv": [ 10.0, 21.0, 13.0, 23.0 ], "rotation": 270, "windMode": [-1,-1,-1,-1] }
							},
							"children": [
								{
									"name": "tail-end",
									"from": [ -0.2346, -0.6348, 0.4876 ], 
									"to": [ 0.6854, 0.4278, 0.8924 ], 
									"unwrapMode": 3,
									"unwrapRotation": 1,
									"uv": [ 20.0, 11.0 ],
									"rotationOrigin": [ 0.7314, 0.3772, 0.6624 ],
									"rotationZ": -22.0,
									"faces": {
										"north": { "texture": "#skin", "uv": [ 23.0, 11.5, 25.0, 13.5 ], "rotation": 270 },
										"east": { "texture": "#skin", "uv": [ 20.5, 11.0, 22.5, 11.5 ], "rotation": 90 },
										"south": { "texture": "#skin", "uv": [ 20.5, 11.5, 22.5, 13.5 ], "rotation": 90 },
										"west": { "texture": "#skin", "uv": [ 20.5, 13.5, 22.5, 14.0 ], "rotation": 90 },
										"up": { "texture": "#skin", "uv": [ 20.0, 11.5, 20.5, 13.5 ], "rotation": 90, "windMode": [-1,-1,-1,-1], "windData": [1,1,1,1] },
										"down": { "texture": "#skin", "uv": [ 22.5, 11.5, 23.0, 13.5 ], "rotation": 270 }
									}
								}
							]
						},
						{
							"name": "R back Thigh",
							"from": [ 1.0626, 0.0828, -0.253 ], 
							"to": [ 1.9642, 1.7986, 0.4554 ], 
							"unwrapMode": 1,
							"uv": [ 21.0, 4.0 ],
							"rotationOrigin": [ 1.311, 1.6514, 0.0506 ],
							"rotationX": -3.0,
							"rotationZ": -6.0,
							"faces": {
								"north": { "texture": "#skin", "uv": [ 22.5, 5.5, 24.0, 9.0 ] },
								"east": { "texture": "#skin", "uv": [ 21.0, 5.5, 22.5, 9.0 ] },
								"south": { "texture": "#skin", "uv": [ 25.5, 5.5, 27.0, 9.0 ] },
								"west": { "texture": "#skin", "uv": [ 24.0, 5.5, 25.5, 9.0 ] },
								"up": { "texture": "#skin", "uv": [ 22.5, 4.0, 24.0, 5.5 ], "rotation": 180 },
								"down": { "texture": "#skin", "uv": [ 22.5, 9.0, 24.0, 10.5 ] }
							},
							"children": [
								{
									"name": "R back Upper Arm",
									"from": [ 0.1012, -1.8216, 0.0506 ], 
									"to": [ 0.8096, 0.2024, 0.6072 ], 
									"unwrapMode": 1,
									"uv": [ 15.0, 0.0 ],
									"rotationOrigin": [ 0.4554, 0.2024, 0.3542 ],
									"rotationX": -1.0,
									"rotationZ": 73.0,
									"faces": {
										"north": { "texture": "#skin", "uv": [ 16.0, 1.0, 17.5, 5.0 ] },
										"east": { "texture": "#skin", "uv": [ 15.0, 1.0, 16.0, 5.0 ] },
										"south": { "texture": "#skin", "uv": [ 18.5, 1.0, 20.0, 5.0 ] },
										"west": { "texture": "#skin", "uv": [ 17.5, 1.0, 18.5, 5.0 ] },
										"up": { "texture": "#skin", "uv": [ 16.0, 0.0, 17.5, 1.0 ], "rotation": 180 },
										"down": { "texture": "#skin", "uv": [ 16.0, 5.0, 17.5, 6.0 ] }
									},
									"children": [
										{
											"name": "R back lower arm",
											"from": [ 0.2392, -2.3046, 0.1012 ], 
											"to": [ 0.644, 0.1242, 0.4554 ], 
											"unwrapMode": 1,
											"uv": [ 15.0, 18.0 ],
											"rotationOrigin": [ 0.4922, 0.1242, 0.3036 ],
											"rotationX": 4.0,
											"rotationZ": -60.0,
											"faces": {
												"north": { "texture": "#skin", "uv": [ 15.5, 18.5, 16.0, 23.5 ] },
												"east": { "texture": "#skin", "uv": [ 15.0, 18.5, 15.5, 23.5 ] },
												"south": { "texture": "#skin", "uv": [ 16.5, 18.5, 17.0, 23.5 ] },
												"west": { "texture": "#skin", "uv": [ 16.0, 18.5, 16.5, 23.5 ] },
												"up": { "texture": "#skin", "uv": [ 15.5, 18.0, 16.0, 18.5 ], "rotation": 180 },
												"down": { "texture": "#skin", "uv": [ 15.5, 23.5, 16.0, 24.0 ] }
											},
											"children": [
												{
													"name": "R back pastern",
													"from": [ 0.0276, -0.4508, 0.0 ], 
													"to": [ 0.3818, 0.46, 0.3542 ], 
													"unwrapMode": 1,
													"uv": [ 0.0, 20.83 ],
													"rotationOrigin": [ 0.253, 0.4094, 0.1518 ],
													"rotationZ": 25.0,
													"faces": {
														"north": { "texture": "#skin", "uv": [ 0.5, 21.5, 1.0, 23.0 ] },
														"east": { "texture": "#skin", "uv": [ 0.0, 21.5, 0.5, 23.0 ] },
														"south": { "texture": "#skin", "uv": [ 1.5, 21.5, 2.0, 23.0 ] },
														"west": { "texture": "#skin", "uv": [ 1.0, 21.5, 1.5, 23.0 ] },
														"up": { "texture": "#skin", "uv": [ 0.5, 21.0, 1.0, 21.5 ], "rotation": 180 },
														"down": { "texture": "#skin", "uv": [ 0.5, 23.0, 1.0, 23.5 ] }
													},
													"children": [
														{
															"name": "R origin hind hoof",
															"from": [ 0.2024, 0.253, 0.1771 ], 
															"to": [ 0.2024, 0.253, 0.1771 ], 
															"uv": [ 0.0, 0.0 ],
															"rotationOrigin": [ 0.2024, 0.253, 0.2024 ],
															"rotationZ": 17.0,
															"faces": {
																"north": { "texture": "#skin", "uv": [ 0.0, 0.5, 0.396, 0.896 ], "enabled": false },
																"east": { "texture": "#skin", "uv": [ 0.5, 0.5, 0.896, 0.896 ], "enabled": false },
																"south": { "texture": "#skin", "uv": [ 1.0, 0.5, 1.396, 0.896 ], "enabled": false },
																"west": { "texture": "#skin", "uv": [ 1.5, 0.5, 1.896, 0.896 ], "enabled": false },
																"up": { "texture": "#skin", "uv": [ 0.0, 0.0, 0.396, 0.396 ], "enabled": false },
																"down": { "texture": "#skin", "uv": [ 0.5, 0.0, 0.896, 0.396 ], "enabled": false }
															},
															"children": [
																{
																	"name": "R hind hoof 1",
																	"from": [ -0.5566, -0.1012, -0.1518 ], 
																	"to": [ -0.1518, 0.0506, 0.1518 ], 
																	"unwrapMode": 4,
																	"uv": [ 3.5, 28.0 ],
																	"rotationOrigin": [ -0.0506, 0.0, 0.1012 ],
																	"rotationZ": 55.0,
																	"faces": {
																		"north": { "texture": "#skin", "uv": [ 3.5, 28.5, 4.0, 29.0 ] },
																		"east": { "texture": "#skin", "uv": [ 5.0, 28.5, 5.5, 29.0 ] },
																		"south": { "texture": "#skin", "uv": [ 4.5, 28.5, 5.0, 29.0 ] },
																		"west": { "texture": "#skin", "uv": [ 4.0, 28.5, 4.5, 29.0 ] },
																		"up": { "texture": "#skin", "uv": [ 4.0, 28.0, 4.5, 28.5 ], "rotation": 90 },
																		"down": { "texture": "#skin", "uv": [ 4.0, 29.0, 4.5, 29.5 ], "rotation": 90 }
																	}
																},
																{
																	"name": "R hind hoof 2",
																	"from": [ -0.4048, -0.3036, -0.1518 ], 
																	"to": [ 0.1012, -0.1518, 0.1518 ], 
																	"unwrapMode": 4,
																	"uv": [ 4.5, 27.0 ],
																	"rotationOrigin": [ 0.0506, -0.1012, 0.0506 ],
																	"rotationZ": 27.0,
																	"faces": {
																		"north": { "texture": "#skin", "uv": [ 4.5, 28.0, 5.5, 28.5 ] },
																		"east": { "texture": "#skin", "uv": [ 7.0, 28.0, 7.5, 28.5 ] },
																		"south": { "texture": "#skin", "uv": [ 6.0, 28.0, 7.0, 28.5 ] },
																		"west": { "texture": "#skin", "uv": [ 5.5, 28.0, 6.0, 28.5 ] },
																		"up": { "texture": "#skin", "uv": [ 5.5, 27.0, 6.0, 28.0 ], "rotation": 90 },
																		"down": { "texture": "#skin", "uv": [ 5.5, 28.5, 6.0, 29.5 ], "rotation": 90 }
																	}
																}
															]
														}
													]
												}
											]
										}
									]
								}
							]
						}
					]
				},
				{
					"name": "L front Thigh",
					"from": [ -0.207, -0.184, 1.1638 ], 
					"to": [ 0.805, 1.3064, 1.7204 ], 
					"unwrapMode": 3,
					"uv": [ 25.5, 20.0 ],
					"rotationOrigin": [ 0.3496, 0.8786, 1.518 ],
					"rotationX": 3.0,
					"rotationZ": 8.0,
					"faces": {
						"north": { "texture": "#skin", "uv": [ 29.5, 21.0, 31.5, 24.0 ] },
						"east": { "texture": "#skin", "uv": [ 28.5, 21.0, 29.5, 24.0 ] },
						"south": { "texture": "#skin", "uv": [ 26.5, 21.0, 28.5, 24.0 ] },
						"west": { "texture": "#skin", "uv": [ 25.5, 21.0, 26.5, 24.0 ] },
						"up": { "texture": "#skin", "uv": [ 26.5, 20.0, 28.5, 21.0 ], "windMode": [-1,-1,-1,-1] },
						"down": { "texture": "#skin", "uv": [ 26.5, 24.0, 28.5, 25.0 ], "rotation": 180 }
					},
					"children": [
						{
							"name": "L front Upper Arm",
							"from": [ 0.1518, -1.2144, 0.1012 ], 
							"to": [ 0.6072, 0.3542, 0.506 ], 
							"unwrapMode": 3,
							"uv": [ 14.0, 7.0 ],
							"rotationOrigin": [ 0.506, 0.1518, 0.2024 ],
							"rotationX": 1.0,
							"rotationZ": -36.0,
							"faces": {
								"north": { "texture": "#skin", "uv": [ 15.5, 7.5, 16.0, 10.5 ] },
								"east": { "texture": "#skin", "uv": [ 15.0, 7.5, 15.5, 10.5 ] },
								"south": { "texture": "#skin", "uv": [ 14.5, 7.5, 15.0, 10.5 ] },
								"west": { "texture": "#skin", "uv": [ 14.0, 7.5, 14.5, 10.5 ] },
								"up": { "texture": "#skin", "uv": [ 14.5, 7.0, 15.0, 7.5 ] },
								"down": { "texture": "#skin", "uv": [ 14.5, 10.5, 15.0, 11.0 ], "rotation": 180 }
							},
							"children": [
								{
									"name": "L front lower arm",
									"from": [ -0.0874, -1.0488, 0.0253 ], 
									"to": [ 0.2668, 0.3128, 0.3795 ], 
									"unwrapMode": 3,
									"uv": [ 10.0, 23.0 ],
									"rotationOrigin": [ 0.2162, 0.2438, 0.2024 ],
									"rotationX": -3.0,
									"rotationZ": 69.0,
									"faces": {
										"north": { "texture": "#skin", "uv": [ 11.5, 23.5, 12.0, 26.0 ] },
										"east": { "texture": "#skin", "uv": [ 11.0, 23.5, 11.5, 26.0 ] },
										"south": { "texture": "#skin", "uv": [ 10.5, 23.5, 11.0, 26.0 ] },
										"west": { "texture": "#skin", "uv": [ 10.0, 23.5, 10.5, 26.0 ] },
										"up": { "texture": "#skin", "uv": [ 10.5, 23.0, 11.0, 23.5 ] },
										"down": { "texture": "#skin", "uv": [ 10.5, 26.0, 11.0, 26.5 ], "rotation": 180 }
									},
									"children": [
										{
											"name": "L front pastern",
											"from": [ 0.046, -0.6992, 0.0 ], 
											"to": [ 0.4002, 0.2116, 0.3542 ], 
											"unwrapMode": 3,
											"uv": [ 0.5, 23.5 ],
											"rotationOrigin": [ 0.046, 0.1104, 0.1518 ],
											"rotationX": -1.0,
											"rotationZ": 28.0,
											"faces": {
												"north": { "texture": "#skin", "uv": [ 2.0, 24.0, 2.5, 25.5 ] },
												"east": { "texture": "#skin", "uv": [ 1.5, 24.0, 2.0, 25.5 ] },
												"south": { "texture": "#skin", "uv": [ 1.0, 24.0, 1.5, 25.5 ] },
												"west": { "texture": "#skin", "uv": [ 0.5, 24.0, 1.0, 25.5 ] },
												"up": { "texture": "#skin", "uv": [ 1.0, 23.5, 1.5, 24.0 ] },
												"down": { "texture": "#skin", "uv": [ 1.0, 25.5, 1.5, 26.0 ], "rotation": 180 }
											},
											"children": [
												{
													"name": "L origin hoof",
													"from": [ 0.1518, 0.253, 0.1771 ], 
													"to": [ 0.1518, 0.253, 0.1771 ], 
													"uv": [ 0.0, 0.0 ],
													"rotationOrigin": [ 0.1518, 0.253, 0.2024 ],
													"rotationZ": 28.0,
													"faces": {
														"north": { "texture": "#skin", "uv": [ 0.0, 0.5, 0.396, 0.896 ], "enabled": false },
														"east": { "texture": "#skin", "uv": [ 0.5, 0.5, 0.896, 0.896 ], "enabled": false },
														"south": { "texture": "#skin", "uv": [ 1.0, 0.5, 1.396, 0.896 ], "enabled": false },
														"west": { "texture": "#skin", "uv": [ 1.5, 0.5, 1.896, 0.896 ], "enabled": false },
														"up": { "texture": "#skin", "uv": [ 0.0, 0.0, 0.396, 0.396 ], "enabled": false },
														"down": { "texture": "#skin", "uv": [ 0.5, 0.0, 0.896, 0.396 ], "enabled": false }
													},
													"children": [
														{
															"name": "L front hoof 1",
															"from": [ -0.5566, -0.1012, -0.1518 ], 
															"to": [ -0.1518, 0.0506, 0.1518 ], 
															"unwrapMode": 4,
															"uv": [ 4.0, 29.0 ],
															"rotationOrigin": [ -0.0506, 0.0, 0.1012 ],
															"rotationZ": 55.0,
															"faces": {
																"north": { "texture": "#skin", "uv": [ 4.0, 29.5, 4.5, 30.0 ] },
																"east": { "texture": "#skin", "uv": [ 5.5, 29.5, 6.0, 30.0 ] },
																"south": { "texture": "#skin", "uv": [ 5.0, 29.5, 5.5, 30.0 ] },
																"west": { "texture": "#skin", "uv": [ 4.5, 29.5, 5.0, 30.0 ] },
																"up": { "texture": "#skin", "uv": [ 4.5, 29.0, 5.0, 29.5 ], "rotation": 90 },
																"down": { "texture": "#skin", "uv": [ 4.5, 30.0, 5.0, 30.5 ], "rotation": 90 }
															}
														},
														{
															"name": "L front hoof 2",
															"from": [ -0.4048, -0.3036, -0.1518 ], 
															"to": [ 0.1012, -0.1518, 0.1518 ], 
															"unwrapMode": 4,
															"uv": [ 6.5, 27.5 ],
															"rotationOrigin": [ 0.0506, -0.1012, 0.0506 ],
															"rotationZ": 27.0,
															"faces": {
																"north": { "texture": "#skin", "uv": [ 6.5, 28.5, 7.5, 29.0 ] },
																"east": { "texture": "#skin", "uv": [ 9.0, 28.5, 9.5, 29.0 ] },
																"south": { "texture": "#skin", "uv": [ 8.0, 28.5, 9.0, 29.0 ] },
																"west": { "texture": "#skin", "uv": [ 7.5, 28.5, 8.0, 29.0 ] },
																"up": { "texture": "#skin", "uv": [ 7.5, 27.5, 8.0, 28.5 ], "rotation": 90 },
																"down": { "texture": "#skin", "uv": [ 7.5, 29.0, 8.0, 30.0 ], "rotation": 90 }
															}
														}
													]
												}
											]
										}
									]
								}
							]
						}
					]
				},
				{
					"name": "R front Thigh",
					"from": [ -0.207, -0.1334, -0.2024 ], 
					"to": [ 0.805, 1.357, 0.3542 ], 
					"unwrapMode": 1,
					"uv": [ 25.0, 0.0 ],
					"rotationOrigin": [ 0.3496, 0.9292, 0.0 ],
					"rotationX": -3.0,
					"rotationZ": 15.0,
					"faces": {
						"north": { "texture": "#skin", "uv": [ 26.0, 1.0, 28.0, 4.0 ] },
						"east": { "texture": "#skin", "uv": [ 25.0, 1.0, 26.0, 4.0 ] },
						"south": { "texture": "#skin", "uv": [ 29.0, 1.0, 31.0, 4.0 ] },
						"west": { "texture": "#skin", "uv": [ 28.0, 1.0, 29.0, 4.0 ] },
						"up": { "texture": "#skin", "uv": [ 26.0, 0.0, 28.0, 1.0 ], "rotation": 180 },
						"down": { "texture": "#skin", "uv": [ 26.0, 4.0, 28.0, 5.0 ] }
					},
					"children": [
						{
							"name": "R front Upper Arm",
							"from": [ 0.1518, -1.2144, 0.0506 ], 
							"to": [ 0.6072, 0.3542, 0.4554 ], 
							"unwrapMode": 1,
							"uv": [ 16.0, 7.0 ],
							"rotationOrigin": [ 0.506, 0.1518, 0.3542 ],
							"rotationX": -1.0,
							"rotationZ": -23.0,
							"faces": {
								"north": { "texture": "#skin", "uv": [ 16.5, 7.5, 17.0, 10.5 ] },
								"east": { "texture": "#skin", "uv": [ 16.0, 7.5, 16.5, 10.5 ] },
								"south": { "texture": "#skin", "uv": [ 17.5, 7.5, 18.0, 10.5 ] },
								"west": { "texture": "#skin", "uv": [ 17.0, 7.5, 17.5, 10.5 ] },
								"up": { "texture": "#skin", "uv": [ 16.5, 7.0, 17.0, 7.5 ], "rotation": 180 },
								"down": { "texture": "#skin", "uv": [ 16.5, 10.5, 17.0, 11.0 ] }
							},
							"children": [
								{
									"name": "R front lower arm",
									"from": [ 0.0506, -1.1868, 0.0253 ], 
									"to": [ 0.4048, 0.1748, 0.3795 ], 
									"unwrapMode": 1,
									"uv": [ 12.0, 23.0 ],
									"rotationOrigin": [ 0.3542, 0.1058, 0.3036 ],
									"rotationX": 3.0,
									"rotationZ": -4.0,
									"faces": {
										"north": { "texture": "#skin", "uv": [ 12.5, 23.5, 13.0, 26.0 ] },
										"east": { "texture": "#skin", "uv": [ 12.0, 23.5, 12.5, 26.0 ] },
										"south": { "texture": "#skin", "uv": [ 13.5, 23.5, 14.0, 26.0 ] },
										"west": { "texture": "#skin", "uv": [ 13.0, 23.5, 13.5, 26.0 ] },
										"up": { "texture": "#skin", "uv": [ 12.5, 23.0, 13.0, 23.5 ], "rotation": 180 },
										"down": { "texture": "#skin", "uv": [ 12.5, 26.0, 13.0, 26.5 ] }
									},
									"children": [
										{
											"name": "R front pastern",
											"from": [ 0.0, -0.6532, 0.0 ], 
											"to": [ 0.3542, 0.2576, 0.3542 ], 
											"unwrapMode": 1,
											"uv": [ 2.5, 23.5 ],
											"rotationOrigin": [ 0.0, 0.1564, 0.1518 ],
											"rotationX": -1.0,
											"rotationZ": -10.0,
											"faces": {
												"north": { "texture": "#skin", "uv": [ 3.0, 24.0, 3.5, 25.5 ] },
												"east": { "texture": "#skin", "uv": [ 2.5, 24.0, 3.0, 25.5 ] },
												"south": { "texture": "#skin", "uv": [ 4.0, 24.0, 4.5, 25.5 ] },
												"west": { "texture": "#skin", "uv": [ 3.5, 24.0, 4.0, 25.5 ] },
												"up": { "texture": "#skin", "uv": [ 3.0, 23.5, 3.5, 24.0 ], "rotation": 180 },
												"down": { "texture": "#skin", "uv": [ 3.0, 25.5, 3.5, 26.0 ] }
											},
											"children": [
												{
													"name": "R origin hoof",
													"from": [ 0.1518, 0.253, 0.1771 ], 
													"to": [ 0.1518, 0.253, 0.1771 ], 
													"uv": [ 0.0, 0.0 ],
													"rotationOrigin": [ 0.1518, 0.253, 0.2024 ],
													"rotationZ": -6.0,
													"faces": {
														"north": { "texture": "#skin", "uv": [ 0.0, 0.5, 0.396, 0.896 ], "enabled": false },
														"east": { "texture": "#skin", "uv": [ 0.5, 0.5, 0.896, 0.896 ], "enabled": false },
														"south": { "texture": "#skin", "uv": [ 1.0, 0.5, 1.396, 0.896 ], "enabled": false },
														"west": { "texture": "#skin", "uv": [ 1.5, 0.5, 1.896, 0.896 ], "enabled": false },
														"up": { "texture": "#skin", "uv": [ 0.0, 0.0, 0.396, 0.396 ], "enabled": false },
														"down": { "texture": "#skin", "uv": [ 0.5, 0.0, 0.896, 0.396 ], "enabled": false }
													},
													"children": [
														{
															"name": "R front hoof 1",
															"from": [ -0.5566, -0.1012, -0.1518 ], 
															"to": [ -0.1518, 0.0506, 0.1518 ], 
															"unwrapMode": 4,
															"uv": [ 4.5, 30.0 ],
															"rotationOrigin": [ -0.0506, 0.0, 0.1012 ],
															"rotationZ": 55.0,
															"faces": {
																"north": { "texture": "#skin", "uv": [ 4.5, 30.5, 5.0, 31.0 ] },
																"east": { "texture": "#skin", "uv": [ 6.0, 30.5, 6.5, 31.0 ] },
																"south": { "texture": "#skin", "uv": [ 5.5, 30.5, 6.0, 31.0 ] },
																"west": { "texture": "#skin", "uv": [ 5.0, 30.5, 5.5, 31.0 ] },
																"up": { "texture": "#skin", "uv": [ 5.0, 30.0, 5.5, 30.5 ], "rotation": 90 },
																"down": { "texture": "#skin", "uv": [ 5.0, 31.0, 5.5, 31.5 ], "rotation": 90 }
															}
														},
														{
															"name": "R front hoof 2",
															"from": [ -0.4048, -0.3036, -0.1518 ], 
															"to": [ 0.1012, -0.1518, 0.1518 ], 
															"unwrapMode": 4,
															"uv": [ 7.0, 29.0 ],
															"rotationOrigin": [ 0.0506, -0.1012, 0.0506 ],
															"rotationZ": 27.0,
															"faces": {
																"north": { "texture": "#skin", "uv": [ 7.0, 30.0, 8.0, 30.5 ] },
																"east": { "texture": "#skin", "uv": [ 9.5, 30.0, 10.0, 30.5 ] },
																"south": { "texture": "#skin", "uv": [ 8.5, 30.0, 9.5, 30.5 ] },
																"west": { "texture": "#skin", "uv": [ 8.0, 30.0, 8.5, 30.5 ] },
																"up": { "texture": "#skin", "uv": [ 8.0, 29.0, 8.5, 30.0 ], "rotation": 90 },
																"down": { "texture": "#skin", "uv": [ 8.0, 30.5, 8.5, 31.5 ], "rotation": 90 }
															}
														}
													]
												}
											]
										}
									]
								}
							]
						}
					]
				}
			],
			"attachmentpoints": [
				{
					"code": "Center",
					"posX": "9.0","posY": "4.0","posZ": "5.0",
					"rotationX": "0.0","rotationY": "0.0","rotationZ": "0.0"
				}
			]
		}
	]}