{
	"editor": {
		"allAngles": true,
		"entityTextureMode": true
	},
	"textureWidth": 16,
	"textureHeight": 32,
	"textureSizes": {
		"skin": [16,32]
	},
	"textures": {
	},
	"elements": [
		{
			"name": "Body",
			"from": [ 6.06, 5.3, 6.81 ], 
			"to": [ 9.072, 7.85, 8.79 ], 
			"unwrapMode": 3,
			"unwrapRotation": 1,
			"uv": [ 0.0, 0.0 ],
			"rotationOrigin": [ 9.822, 7.02, 8.0 ],
			"rotationZ": 8.0,
			"faces": {
				"north": { "texture": "#skin", "uv": [ 8.0, 2.5, 11.0, 6.5 ], "rotation": 270 },
				"east": { "texture": "#skin", "uv": [ 2.5, 0.0, 5.5, 2.5 ], "rotation": 90 },
				"south": { "texture": "#skin", "uv": [ 2.5, 2.5, 5.5, 6.5 ], "rotation": 90 },
				"west": { "texture": "#skin", "uv": [ 2.5, 6.5, 5.5, 9.0 ], "rotation": 90 },
				"up": { "texture": "#skin", "uv": [ 0.0, 2.5, 2.5, 6.5 ], "rotation": 90 },
				"down": { "texture": "#skin", "uv": [ 5.5, 2.5, 8.0, 6.5 ], "rotation": 270 }
			},
			"children": [
				{
					"name": "neck",
					"from": [ -0.33, 1.845, 0.396 ], 
					"to": [ 1.188, 3.537, 1.584 ], 
					"unwrapMode": 3,
					"unwrapRotation": 1,
					"uv": [ 2.0, 18.0 ],
					"rotationOrigin": [ 1.32, 1.848, 0.99 ],
					"rotationZ": 58.0,
					"faces": {
						"north": { "texture": "#skin", "uv": [ 5.5, 19.5, 7.5, 21.5 ], "rotation": 270, "windMode": [-1,-1,-1,-1], "windData": [0,0,1,0] },
						"east": { "texture": "#skin", "uv": [ 3.5, 18.0, 5.5, 19.5 ], "rotation": 90, "windMode": [-1,-1,-1,-1], "windData": [1,0,0,1] },
						"south": { "texture": "#skin", "uv": [ 3.5, 19.5, 5.5, 21.5 ], "rotation": 90 },
						"west": { "texture": "#skin", "uv": [ 3.5, 21.5, 5.5, 23.0 ], "rotation": 90 },
						"up": { "texture": "#skin", "uv": [ 2.0, 19.5, 3.5, 21.5 ], "rotation": 90 },
						"down": { "texture": "#skin", "uv": [ 5.5, 19.5, 7.0, 21.5 ], "rotation": 270, "enabled": false, "windMode": [-1,-1,-1,-1], "windData": [0,1,1,0] }
					},
					"children": [
						{
							"name": "neck2",
							"from": [ 0.198, 0.705, 0.066 ], 
							"to": [ 1.452, 2.949, 1.122 ], 
							"unwrapMode": 3,
							"uv": [ 0.0, 24.0 ],
							"rotationOrigin": [ 1.452, 1.428, 0.66 ],
							"rotationZ": -8.0,
							"faces": {
								"north": { "texture": "#skin", "uv": [ 3.5, 25.0, 5.0, 27.5 ], "windMode": [-1,-1,-1,-1], "windData": [1,1,1,1] },
								"east": { "texture": "#skin", "uv": [ 2.5, 25.0, 3.5, 27.5 ], "windMode": [-1,-1,-1,-1], "windData": [1,1,1,1] },
								"south": { "texture": "#skin", "uv": [ 1.0, 25.0, 2.5, 27.5 ], "windMode": [-1,-1,-1,-1], "windData": [1,1,1,1] },
								"west": { "texture": "#skin", "uv": [ 0.0, 25.0, 1.0, 27.5 ], "windMode": [-1,-1,-1,-1], "windData": [1,1,1,1] },
								"up": { "texture": "#skin", "uv": [ 1.0, 24.0, 2.5, 25.0 ], "windMode": [-1,-1,-1,-1], "windData": [1,1,1,1] },
								"down": { "texture": "#skin", "uv": [ 1.0, 27.5, 2.5, 28.5 ], "rotation": 180, "enabled": false, "windMode": [-1,-1,-1,-1], "windData": [1,1,1,1] }
							},
							"children": [
								{
									"name": "head",
									"from": [ 0.33, 0.5775, -0.066 ], 
									"to": [ 1.32, 2.0955, 1.122 ], 
									"unwrapMode": 4,
									"uv": [ 5.5, 6.5 ],
									"rotationOrigin": [ 1.32, 2.094, 0.528 ],
									"rotationZ": -83.0,
									"faces": {
										"north": { "texture": "#skin", "uv": [ 5.5, 7.5, 6.5, 9.5 ] },
										"east": { "texture": "#skin", "uv": [ 9.0, 7.5, 10.5, 9.5 ] },
										"south": { "texture": "#skin", "uv": [ 8.0, 7.5, 9.0, 9.5 ] },
										"west": { "texture": "#skin", "uv": [ 6.5, 7.5, 8.0, 9.5 ] },
										"up": { "texture": "#skin", "uv": [ 6.5, 6.5, 8.0, 7.5 ], "rotation": 90 },
										"down": { "texture": "#skin", "uv": [ 6.5, 9.5, 8.0, 10.5 ], "rotation": 90 }
									},
									"children": [
										{
											"name": "mouth up",
											"from": [ -0.81, 0.066, 0.264 ], 
											"to": [ 0.399, 0.33, 0.924 ], 
											"unwrapMode": 5,
											"unwrapRotation": 1,
											"uv": [ 0.0, 0.0 ],
											"rotationOrigin": [ 0.33, 0.33, 0.594 ],
											"rotationZ": 55.0,
											"faces": {
												"north": { "texture": "#skin", "uv": [ 0.0, 0.0, 0.5, 1.5 ], "rotation": 270 },
												"east": { "texture": "#skin", "uv": [ 0.5, 0.0, 1.0, 0.5 ], "rotation": 180, "enabled": false },
												"south": { "texture": "#skin", "uv": [ 1.0, 0.0, 1.5, 1.5 ], "rotation": 90 },
												"west": { "texture": "#skin", "uv": [ 0.5, 1.5, 1.0, 2.0 ] },
												"up": { "texture": "#skin", "uv": [ 0.5, 0.0, 1.0, 1.5 ], "rotation": 90 },
												"down": { "texture": "#skin", "uv": [ 1.5, 0.0, 2.0, 1.5 ], "rotation": 270 }
											},
											"children": [
												{
													"name": "nose",
													"from": [ -0.132, 0.066, -0.0037 ], 
													"to": [ 0.33, 0.462, 0.657 ], 
													"unwrapMode": 4,
													"uv": [ 0.0, 9.5 ],
													"rotationOrigin": [ -0.132, 0.462, 0.198 ],
													"rotationZ": 14.0,
													"faces": {
														"north": { "texture": "#skin", "uv": [ 0.0, 10.0, 0.5, 10.5 ], "windMode": [-1,-1,-1,-1], "windData": [1,1,1,1] },
														"east": { "texture": "#skin", "uv": [ 1.5, 10.0, 2.0, 10.5 ], "windMode": [-1,-1,-1,-1], "windData": [1,1,1,1] },
														"south": { "texture": "#skin", "uv": [ 1.0, 10.0, 1.5, 10.5 ], "windMode": [-1,-1,-1,-1], "windData": [1,1,1,1] },
														"west": { "texture": "#skin", "uv": [ 0.5, 10.0, 1.0, 10.5 ], "windMode": [-1,-1,-1,-1], "windData": [1,1,1,1] },
														"up": { "texture": "#skin", "uv": [ 0.5, 9.5, 1.0, 10.0 ], "rotation": 90, "windMode": [-1,-1,-1,-1], "windData": [1,1,1,1] },
														"down": { "texture": "#skin", "uv": [ 0.5, 10.5, 1.0, 11.0 ], "rotation": 90, "windMode": [-1,-1,-1,-1], "windData": [1,1,1,1] }
													}
												},
												{
													"name": "nose bridge",
													"from": [ 0.462, 0.0, 0.033 ], 
													"to": [ 1.962, 0.594, 0.627 ], 
													"unwrapMode": 5,
													"unwrapRotation": 1,
													"uv": [ 1.0, 8.0 ],
													"rotationOrigin": [ 0.462, 0.0, 0.198 ],
													"rotationZ": 18.0,
													"faces": {
														"north": { "texture": "#skin", "uv": [ 1.0, 8.0, 1.5, 10.0 ], "rotation": 270 },
														"east": { "texture": "#skin", "uv": [ 1.5, 8.0, 2.0, 8.5 ], "rotation": 180, "enabled": false, "windMode": [-1,-1,-1,-1], "windData": [0,0,0,0] },
														"south": { "texture": "#skin", "uv": [ 2.0, 8.0, 2.5, 10.0 ], "rotation": 90 },
														"west": { "texture": "#skin", "uv": [ 1.5, 10.0, 2.0, 10.5 ], "enabled": false, "windMode": [-1,-1,-1,-1], "windData": [0,0,0,0] },
														"up": { "texture": "#skin", "uv": [ 1.5, 8.0, 2.0, 10.0 ], "rotation": 90 },
														"down": { "texture": "#skin", "uv": [ 2.5, 8.0, 3.0, 10.0 ], "rotation": 270, "enabled": false }
													}
												}
											]
										},
										{
											"name": "R ear",
											"from": [ 0.33, 0.792, -0.924 ], 
											"to": [ 0.462, 1.452, 0.132 ], 
											"unwrapMode": 4,
											"uv": [ 8.0, 9.5 ],
											"rotationOrigin": [ 0.462, 1.32, 0.066 ],
											"rotationX": 55.0,
											"rotationZ": 22.0,
											"faces": {
												"north": { "texture": "#skin", "uv": [ 8.0, 10.0, 8.5, 10.5 ] },
												"east": { "texture": "#skin", "uv": [ 10.0, 10.0, 11.0, 10.5 ] },
												"south": { "texture": "#skin", "uv": [ 9.5, 10.0, 10.0, 10.5 ], "windMode": [-1,-1,-1,-1], "windData": [0,0,0,0] },
												"west": { "texture": "#skin", "uv": [ 8.5, 10.0, 9.5, 10.5 ] },
												"up": { "texture": "#skin", "uv": [ 8.5, 9.5, 9.5, 10.0 ], "rotation": 90 },
												"down": { "texture": "#skin", "uv": [ 8.5, 10.5, 9.5, 11.0 ], "rotation": 90 }
											}
										},
										{
											"name": "L ear",
											"from": [ 0.33, 0.792, 1.122 ], 
											"to": [ 0.462, 1.452, 2.178 ], 
											"unwrapMode": 4,
											"uv": [ 7.5, 0.0 ],
											"rotationOrigin": [ 0.462, 1.32, 1.122 ],
											"rotationX": -55.0,
											"rotationZ": 22.0,
											"faces": {
												"north": { "texture": "#skin", "uv": [ 7.5, 0.5, 8.0, 1.0 ], "windMode": [-1,-1,-1,-1] },
												"east": { "texture": "#skin", "uv": [ 9.5, 0.5, 10.5, 1.0 ] },
												"south": { "texture": "#skin", "uv": [ 9.0, 0.5, 9.5, 1.0 ], "windMode": [-1,-1,-1,-1] },
												"west": { "texture": "#skin", "uv": [ 8.0, 0.5, 9.0, 1.0 ] },
												"up": { "texture": "#skin", "uv": [ 8.0, 0.0, 9.0, 0.5 ], "rotation": 90 },
												"down": { "texture": "#skin", "uv": [ 8.0, 1.0, 9.0, 1.5 ], "rotation": 90 }
											}
										},
										{
											"name": "jaw",
											"from": [ -0.42, 0.0, 0.33 ], 
											"to": [ 0.855, 0.231, 0.858 ], 
											"unwrapMode": 5,
											"unwrapRotation": 1,
											"uv": [ 0.0, 6.5 ],
											"rotationOrigin": [ 0.66, 0.198, 0.66 ],
											"rotationZ": 48.0,
											"faces": {
												"north": { "texture": "#skin", "uv": [ 0.0, 6.5, 0.5, 8.0 ], "rotation": 270 },
												"east": { "texture": "#skin", "uv": [ 0.5, 6.5, 1.0, 7.0 ], "rotation": 180, "enabled": false },
												"south": { "texture": "#skin", "uv": [ 1.0, 6.5, 1.5, 8.0 ], "rotation": 90 },
												"west": { "texture": "#skin", "uv": [ 0.5, 8.0, 1.0, 8.5 ] },
												"up": { "texture": "#skin", "uv": [ 0.5, 6.5, 1.0, 8.0 ], "rotation": 90 },
												"down": { "texture": "#skin", "uv": [ 1.5, 6.5, 2.0, 8.0 ], "rotation": 270 }
											}
										}
									]
								}
							]
						}
					]
				},
				{
					"name": "abdomen",
					"from": [ 2.685, 0.0, -0.066 ], 
					"to": [ 5.853, 2.55, 2.046 ], 
					"unwrapMode": 3,
					"unwrapRotation": 1,
					"uv": [ 0.0, 9.0 ],
					"rotationOrigin": [ 2.682, 1.65, 1.122 ],
					"rotationZ": 4.0,
					"faces": {
						"north": { "texture": "#skin", "uv": [ 8.0, 11.5, 11.0, 15.5 ], "rotation": 270 },
						"east": { "texture": "#skin", "uv": [ 2.5, 9.0, 5.5, 11.5 ], "rotation": 90 },
						"south": { "texture": "#skin", "uv": [ 2.5, 11.5, 5.5, 15.5 ], "rotation": 90 },
						"west": { "texture": "#skin", "uv": [ 2.5, 15.5, 5.5, 18.0 ], "rotation": 90 },
						"up": { "texture": "#skin", "uv": [ 0.0, 11.5, 2.5, 15.5 ], "rotation": 90 },
						"down": { "texture": "#skin", "uv": [ 5.5, 11.5, 8.0, 15.5 ], "rotation": 270 }
					},
					"children": [
						{
							"name": "L back Thigh",
							"from": [ 1.386, -0.885, 1.518 ], 
							"to": [ 3.012, 1.953, 2.442 ], 
							"unwrapMode": 3,
							"uv": [ 6.5, 21.0 ],
							"rotationOrigin": [ 2.31, 1.164, 1.98 ],
							"rotationX": 3.0,
							"rotationZ": -23.0,
							"faces": {
								"north": { "texture": "#skin", "uv": [ 10.5, 22.0, 12.5, 25.5 ] },
								"east": { "texture": "#skin", "uv": [ 9.5, 22.0, 10.5, 25.5 ] },
								"south": { "texture": "#skin", "uv": [ 7.5, 22.0, 9.5, 25.5 ] },
								"west": { "texture": "#skin", "uv": [ 6.5, 22.0, 7.5, 25.5 ] },
								"up": { "texture": "#skin", "uv": [ 7.5, 21.0, 9.5, 22.0 ], "windMode": [-1,-1,-1,-1], "windData": [0,0,1,1] },
								"down": { "texture": "#skin", "uv": [ 7.5, 25.5, 9.5, 26.5 ], "rotation": 180 }
							},
							"children": [
								{
									"name": "L back Upper Arm",
									"from": [ 0.132, -2.376, 0.132 ], 
									"to": [ 1.056, 0.264, 0.858 ], 
									"unwrapMode": 3,
									"uv": [ 12.5, 20.0 ],
									"rotationOrigin": [ 0.594, 0.264, 0.528 ],
									"rotationX": 1.0,
									"rotationZ": 111.0,
									"faces": {
										"north": { "texture": "#skin", "uv": [ 14.5, 20.5, 15.5, 24.0 ] },
										"east": { "texture": "#skin", "uv": [ 14.0, 20.5, 14.5, 24.0 ] },
										"south": { "texture": "#skin", "uv": [ 13.0, 20.5, 14.0, 24.0 ] },
										"west": { "texture": "#skin", "uv": [ 12.5, 20.5, 13.0, 24.0 ] },
										"up": { "texture": "#skin", "uv": [ 13.0, 20.0, 14.0, 20.5 ] },
										"down": { "texture": "#skin", "uv": [ 13.0, 24.0, 14.0, 24.5 ], "rotation": 180 }
									},
									"children": [
										{
											"name": "L back lower arm",
											"from": [ 0.132, -2.925, 0.132 ], 
											"to": [ 0.66, 0.243, 0.594 ], 
											"unwrapMode": 3,
											"uv": [ 14.0, 0.0 ],
											"rotationOrigin": [ 0.462, 0.246, 0.396 ],
											"rotationX": -4.0,
											"rotationZ": -111.0,
											"faces": {
												"north": { "texture": "#skin", "uv": [ 15.5, 0.5, 16.0, 4.5 ] },
												"east": { "texture": "#skin", "uv": [ 15.0, 0.5, 15.5, 4.5 ] },
												"south": { "texture": "#skin", "uv": [ 14.5, 0.5, 15.0, 4.5 ] },
												"west": { "texture": "#skin", "uv": [ 14.0, 0.5, 14.5, 4.5 ] },
												"up": { "texture": "#skin", "uv": [ 14.5, 0.0, 15.0, 0.5 ] },
												"down": { "texture": "#skin", "uv": [ 14.5, 4.5, 15.0, 5.0 ], "rotation": 180 }
											},
											"children": [
												{
													"name": "L back pastern",
													"from": [ 0.033, -0.75, 0.0 ], 
													"to": [ 0.495, 0.438, 0.462 ], 
													"unwrapMode": 3,
													"uv": [ 0.5, 17.5 ],
													"rotationOrigin": [ 0.33, 0.369, 0.198 ],
													"rotationZ": 58.0,
													"faces": {
														"north": { "texture": "#skin", "uv": [ 2.0, 18.0, 2.5, 19.5 ] },
														"east": { "texture": "#skin", "uv": [ 1.5, 18.0, 2.0, 19.5 ] },
														"south": { "texture": "#skin", "uv": [ 1.0, 18.0, 1.5, 19.5 ] },
														"west": { "texture": "#skin", "uv": [ 0.5, 18.0, 1.0, 19.5 ] },
														"up": { "texture": "#skin", "uv": [ 1.0, 17.5, 1.5, 18.0 ] },
														"down": { "texture": "#skin", "uv": [ 1.0, 19.5, 1.5, 20.0 ], "rotation": 180 }
													},
													"children": [
														{
															"name": "L origin hind hoof",
															"from": [ 0.1125, 0.18, 0.231 ], 
															"to": [ 0.1125, 0.18, 0.231 ], 
															"uv": [ 0.0, 0.0 ],
															"rotationOrigin": [ 0.114, 0.18, 0.264 ],
															"rotationZ": 72.0,
															"faces": {
																"north": { "texture": "#skin", "uv": [ 0.0, 0.5, 0.3168, 0.8168 ], "enabled": false },
																"east": { "texture": "#skin", "uv": [ 0.5, 0.5, 0.8168, 0.8168 ], "enabled": false },
																"south": { "texture": "#skin", "uv": [ 1.0, 0.5, 1.3168, 0.8168 ], "enabled": false },
																"west": { "texture": "#skin", "uv": [ 1.5, 0.5, 1.8168, 0.8168 ], "enabled": false },
																"up": { "texture": "#skin", "uv": [ 0.0, 0.0, 0.3168, 0.3168 ], "enabled": false },
																"down": { "texture": "#skin", "uv": [ 0.5, 0.0, 0.8168, 0.3168 ], "enabled": false }
															},
															"children": [
																{
																	"name": "L hind hoof 1",
																	"from": [ -0.726, -0.132, -0.198 ], 
																	"to": [ -0.198, 0.066, 0.198 ], 
																	"unwrapMode": 4,
																	"uv": [ 8.5, 29.0 ],
																	"rotationOrigin": [ -0.066, 0.0, 0.132 ],
																	"rotationZ": 55.0,
																	"faces": {
																		"north": { "texture": "#skin", "uv": [ 8.5, 29.5, 9.0, 30.0 ] },
																		"east": { "texture": "#skin", "uv": [ 10.0, 29.5, 10.5, 30.0 ] },
																		"south": { "texture": "#skin", "uv": [ 9.5, 29.5, 10.0, 30.0 ] },
																		"west": { "texture": "#skin", "uv": [ 9.0, 29.5, 9.5, 30.0 ] },
																		"up": { "texture": "#skin", "uv": [ 9.0, 29.0, 9.5, 29.5 ], "rotation": 90 },
																		"down": { "texture": "#skin", "uv": [ 9.0, 30.0, 9.5, 30.5 ], "rotation": 90 }
																	}
																},
																{
																	"name": "L hind hoof 2",
																	"from": [ -0.528, -0.396, -0.198 ], 
																	"to": [ 0.132, -0.198, 0.198 ], 
																	"unwrapMode": 4,
																	"uv": [ 9.0, 30.0 ],
																	"rotationOrigin": [ 0.066, -0.132, 0.066 ],
																	"rotationZ": 27.0,
																	"faces": {
																		"north": { "texture": "#skin", "uv": [ 9.0, 30.5, 9.5, 31.0 ] },
																		"east": { "texture": "#skin", "uv": [ 10.5, 30.5, 11.0, 31.0 ] },
																		"south": { "texture": "#skin", "uv": [ 10.0, 30.5, 10.5, 31.0 ] },
																		"west": { "texture": "#skin", "uv": [ 9.5, 30.5, 10.0, 31.0 ] },
																		"up": { "texture": "#skin", "uv": [ 9.5, 30.0, 10.0, 30.5 ], "rotation": 90 },
																		"down": { "texture": "#skin", "uv": [ 9.5, 31.0, 10.0, 31.5 ], "rotation": 90 }
																	}
																}
															]
														}
													]
												}
											]
										}
									]
								}
							]
						},
						{
							"name": "tail",
							"from": [ 2.985, 1.5525, 0.759 ], 
							"to": [ 3.315, 2.2125, 1.353 ], 
							"unwrapMode": 3,
							"unwrapRotation": 1,
							"uv": [ 5.5, 0.0 ],
							"rotationOrigin": [ 2.988, 2.211, 1.056 ],
							"rotationZ": 58.0,
							"faces": {
								"north": { "texture": "#skin", "uv": [ 7.0, 0.5, 7.5, 1.0 ], "rotation": 270, "windMode": [-1,-1,-1,-1], "windData": [0,1,1,0] },
								"east": { "texture": "#skin", "uv": [ 6.0, 0.0, 6.5, 0.5 ], "rotation": 90, "windMode": [-1,-1,-1,-1], "windData": [0,1,1,0] },
								"south": { "texture": "#skin", "uv": [ 6.0, 0.5, 6.5, 1.0 ], "rotation": 90 },
								"west": { "texture": "#skin", "uv": [ 6.0, 1.0, 6.5, 1.5 ], "rotation": 90, "windMode": [-1,-1,-1,-1], "windData": [0,0,1,1] },
								"up": { "texture": "#skin", "uv": [ 5.5, 0.5, 6.0, 1.0 ], "rotation": 90, "windMode": [-1,-1,-1,-1], "windData": [1,1,1,1] },
								"down": { "texture": "#skin", "uv": [ 6.5, 0.5, 7.0, 1.0 ], "rotation": 270, "windMode": [-1,-1,-1,-1] }
							},
							"children": [
								{
									"name": "tail-end",
									"from": [ -0.0375, -1.11, 0.033 ], 
									"to": [ 0.3585, 0.276, 0.561 ], 
									"unwrapMode": 3,
									"unwrapRotation": 1,
									"uv": [ 6.0, 1.0 ],
									"rotationOrigin": [ -0.066, 0.207, 0.264 ],
									"faces": {
										"north": { "texture": "#skin", "uv": [ 8.5, 1.5, 10.0, 2.0 ], "rotation": 270 },
										"east": { "texture": "#skin", "uv": [ 6.5, 1.0, 8.0, 1.5 ], "rotation": 90 },
										"south": { "texture": "#skin", "uv": [ 6.5, 1.5, 8.0, 2.0 ], "rotation": 90 },
										"west": { "texture": "#skin", "uv": [ 6.5, 2.0, 8.0, 2.5 ], "rotation": 90 },
										"up": { "texture": "#skin", "uv": [ 6.0, 1.5, 6.5, 2.0 ], "rotation": 90, "windMode": [-1,-1,-1,-1], "windData": [1,1,1,1] },
										"down": { "texture": "#skin", "uv": [ 8.0, 1.5, 8.5, 2.0 ], "rotation": 270 }
									}
								}
							]
						},
						{
							"name": "R back Thigh",
							"from": [ 1.386, -0.885, -0.33 ], 
							"to": [ 3.012, 1.953, 0.594 ], 
							"unwrapMode": 1,
							"uv": [ 7.5, 15.5 ],
							"rotationOrigin": [ 2.31, 1.164, 0.066 ],
							"rotationX": -3.0,
							"rotationZ": -42.0,
							"faces": {
								"north": { "texture": "#skin", "uv": [ 8.5, 16.5, 10.5, 20.0 ] },
								"east": { "texture": "#skin", "uv": [ 7.5, 16.5, 8.5, 20.0 ] },
								"south": { "texture": "#skin", "uv": [ 11.5, 16.5, 13.5, 20.0 ] },
								"west": { "texture": "#skin", "uv": [ 10.5, 16.5, 11.5, 20.0 ] },
								"up": { "texture": "#skin", "uv": [ 8.5, 15.5, 10.5, 16.5 ], "rotation": 180 },
								"down": { "texture": "#skin", "uv": [ 8.5, 20.0, 10.5, 21.0 ] }
							},
							"children": [
								{
									"name": "R back Upper Arm",
									"from": [ 0.132, -2.376, 0.066 ], 
									"to": [ 1.056, 0.264, 0.792 ], 
									"unwrapMode": 1,
									"uv": [ 11.0, 0.0 ],
									"rotationOrigin": [ 0.594, 0.264, 0.462 ],
									"rotationX": -1.0,
									"rotationZ": 133.0,
									"faces": {
										"north": { "texture": "#skin", "uv": [ 11.5, 0.5, 12.5, 4.0 ] },
										"east": { "texture": "#skin", "uv": [ 11.0, 0.5, 11.5, 4.0 ] },
										"south": { "texture": "#skin", "uv": [ 13.0, 0.5, 14.0, 4.0 ] },
										"west": { "texture": "#skin", "uv": [ 12.5, 0.5, 13.0, 4.0 ] },
										"up": { "texture": "#skin", "uv": [ 11.5, 0.0, 12.5, 0.5 ], "rotation": 180 },
										"down": { "texture": "#skin", "uv": [ 11.5, 4.0, 12.5, 4.5 ] }
									},
									"children": [
										{
											"name": "R back lower arm",
											"from": [ 0.132, -2.9325, 0.132 ], 
											"to": [ 0.66, 0.2355, 0.594 ], 
											"unwrapMode": 1,
											"uv": [ 12.5, 4.5 ],
											"rotationOrigin": [ 0.462, 0.237, 0.396 ],
											"rotationX": 4.0,
											"rotationZ": -116.0,
											"faces": {
												"north": { "texture": "#skin", "uv": [ 13.0, 5.0, 13.5, 9.0 ] },
												"east": { "texture": "#skin", "uv": [ 12.5, 5.0, 13.0, 9.0 ] },
												"south": { "texture": "#skin", "uv": [ 14.0, 5.0, 14.5, 9.0 ] },
												"west": { "texture": "#skin", "uv": [ 13.5, 5.0, 14.0, 9.0 ] },
												"up": { "texture": "#skin", "uv": [ 13.0, 4.5, 13.5, 5.0 ], "rotation": 180 },
												"down": { "texture": "#skin", "uv": [ 13.0, 9.0, 13.5, 9.5 ] }
											},
											"children": [
												{
													"name": "R back pastern",
													"from": [ 0.033, -0.825, 0.0 ], 
													"to": [ 0.495, 0.363, 0.462 ], 
													"unwrapMode": 1,
													"uv": [ 0.0, 15.33 ],
													"rotationOrigin": [ 0.33, 0.294, 0.198 ],
													"rotationZ": 61.0,
													"faces": {
														"north": { "texture": "#skin", "uv": [ 0.5, 16.0, 1.0, 17.5 ] },
														"east": { "texture": "#skin", "uv": [ 0.0, 16.0, 0.5, 17.5 ] },
														"south": { "texture": "#skin", "uv": [ 1.5, 16.0, 2.0, 17.5 ] },
														"west": { "texture": "#skin", "uv": [ 1.0, 16.0, 1.5, 17.5 ] },
														"up": { "texture": "#skin", "uv": [ 0.5, 15.5, 1.0, 16.0 ], "rotation": 180 },
														"down": { "texture": "#skin", "uv": [ 0.5, 17.5, 1.0, 18.0 ] }
													},
													"children": [
														{
															"name": "R origin hind hoof",
															"from": [ 0.1125, 0.105, 0.231 ], 
															"to": [ 0.1125, 0.105, 0.231 ], 
															"uv": [ 0.0, 0.0 ],
															"rotationOrigin": [ 0.114, 0.105, 0.264 ],
															"rotationZ": 80.0,
															"faces": {
																"north": { "texture": "#skin", "uv": [ 0.0, 0.5, 0.3168, 0.8168 ], "enabled": false },
																"east": { "texture": "#skin", "uv": [ 0.5, 0.5, 0.8168, 0.8168 ], "enabled": false },
																"south": { "texture": "#skin", "uv": [ 1.0, 0.5, 1.3168, 0.8168 ], "enabled": false },
																"west": { "texture": "#skin", "uv": [ 1.5, 0.5, 1.8168, 0.8168 ], "enabled": false },
																"up": { "texture": "#skin", "uv": [ 0.0, 0.0, 0.3168, 0.3168 ], "enabled": false },
																"down": { "texture": "#skin", "uv": [ 0.5, 0.0, 0.8168, 0.3168 ], "enabled": false }
															},
															"children": [
																{
																	"name": "R hind hoof 1",
																	"from": [ -0.726, -0.132, -0.198 ], 
																	"to": [ -0.198, 0.066, 0.198 ], 
																	"unwrapMode": 4,
																	"uv": [ 10.0, 28.5 ],
																	"rotationOrigin": [ -0.066, 0.0, 0.132 ],
																	"rotationZ": 55.0,
																	"faces": {
																		"north": { "texture": "#skin", "uv": [ 10.0, 29.0, 10.5, 29.5 ] },
																		"east": { "texture": "#skin", "uv": [ 11.5, 29.0, 12.0, 29.5 ] },
																		"south": { "texture": "#skin", "uv": [ 11.0, 29.0, 11.5, 29.5 ] },
																		"west": { "texture": "#skin", "uv": [ 10.5, 29.0, 11.0, 29.5 ] },
																		"up": { "texture": "#skin", "uv": [ 10.5, 28.5, 11.0, 29.0 ], "rotation": 90 },
																		"down": { "texture": "#skin", "uv": [ 10.5, 29.5, 11.0, 30.0 ], "rotation": 90 }
																	}
																},
																{
																	"name": "R hind hoof 2",
																	"from": [ -0.528, -0.396, -0.198 ], 
																	"to": [ 0.132, -0.198, 0.198 ], 
																	"unwrapMode": 4,
																	"uv": [ 10.5, 29.5 ],
																	"rotationOrigin": [ 0.066, -0.132, 0.066 ],
																	"rotationZ": 27.0,
																	"faces": {
																		"north": { "texture": "#skin", "uv": [ 10.5, 30.0, 11.0, 30.5 ] },
																		"east": { "texture": "#skin", "uv": [ 12.0, 30.0, 12.5, 30.5 ] },
																		"south": { "texture": "#skin", "uv": [ 11.5, 30.0, 12.0, 30.5 ] },
																		"west": { "texture": "#skin", "uv": [ 11.0, 30.0, 11.5, 30.5 ] },
																		"up": { "texture": "#skin", "uv": [ 11.0, 29.5, 11.5, 30.0 ], "rotation": 90 },
																		"down": { "texture": "#skin", "uv": [ 11.0, 30.5, 11.5, 31.0 ], "rotation": 90 }
																	}
																}
															]
														}
													]
												}
											]
										}
									]
								}
							]
						}
					]
				},
				{
					"name": "L front Thigh",
					"from": [ 0.33, -0.75, 1.518 ], 
					"to": [ 1.65, 1.494, 2.244 ], 
					"unwrapMode": 3,
					"uv": [ 0.0, 27.5 ],
					"rotationOrigin": [ 1.056, 0.636, 1.98 ],
					"rotationX": 3.0,
					"rotationZ": -58.0,
					"faces": {
						"north": { "texture": "#skin", "uv": [ 2.5, 28.0, 4.0, 30.5 ] },
						"east": { "texture": "#skin", "uv": [ 2.0, 28.0, 2.5, 30.5 ] },
						"south": { "texture": "#skin", "uv": [ 0.5, 28.0, 2.0, 30.5 ] },
						"west": { "texture": "#skin", "uv": [ 0.0, 28.0, 0.5, 30.5 ] },
						"up": { "texture": "#skin", "uv": [ 0.5, 27.5, 2.0, 28.0 ], "windMode": [-1,-1,-1,-1] },
						"down": { "texture": "#skin", "uv": [ 0.5, 30.5, 2.0, 31.0 ], "rotation": 180 }
					},
					"children": [
						{
							"name": "L front Upper Arm",
							"from": [ 0.57, -1.584, 0.132 ], 
							"to": [ 1.164, 0.462, 0.66 ], 
							"unwrapMode": 3,
							"uv": [ 5.5, 15.5 ],
							"rotationOrigin": [ 1.035, 0.198, 0.264 ],
							"rotationX": 1.0,
							"rotationZ": -8.0,
							"faces": {
								"north": { "texture": "#skin", "uv": [ 7.0, 16.0, 7.5, 18.5 ] },
								"east": { "texture": "#skin", "uv": [ 6.5, 16.0, 7.0, 18.5 ] },
								"south": { "texture": "#skin", "uv": [ 6.0, 16.0, 6.5, 18.5 ] },
								"west": { "texture": "#skin", "uv": [ 5.5, 16.0, 6.0, 18.5 ] },
								"up": { "texture": "#skin", "uv": [ 6.0, 15.5, 6.5, 16.0 ] },
								"down": { "texture": "#skin", "uv": [ 6.0, 18.5, 6.5, 19.0 ], "rotation": 180 }
							},
							"children": [
								{
									"name": "L front lower arm",
									"from": [ 0.066, -1.848, 0.033 ], 
									"to": [ 0.528, 0.528, 0.495 ], 
									"unwrapMode": 3,
									"uv": [ 13.0, 11.0 ],
									"rotationOrigin": [ 0.462, 0.198, 0.264 ],
									"rotationX": -3.0,
									"rotationZ": -4.0,
									"faces": {
										"north": { "texture": "#skin", "uv": [ 14.5, 11.5, 15.0, 14.5 ] },
										"east": { "texture": "#skin", "uv": [ 14.0, 11.5, 14.5, 14.5 ] },
										"south": { "texture": "#skin", "uv": [ 13.5, 11.5, 14.0, 14.5 ] },
										"west": { "texture": "#skin", "uv": [ 13.0, 11.5, 13.5, 14.5 ] },
										"up": { "texture": "#skin", "uv": [ 13.5, 11.0, 14.0, 11.5 ] },
										"down": { "texture": "#skin", "uv": [ 13.5, 14.5, 14.0, 15.0 ], "rotation": 180 }
									},
									"children": [
										{
											"name": "L front pastern",
											"from": [ 0.075, -1.02, 0.0 ], 
											"to": [ 0.537, 0.168, 0.462 ], 
											"unwrapMode": 3,
											"uv": [ 0.0, 19.5 ],
											"rotationOrigin": [ 0.075, 0.039, 0.198 ],
											"rotationX": -1.0,
											"rotationZ": 14.0,
											"faces": {
												"north": { "texture": "#skin", "uv": [ 1.5, 20.0, 2.0, 21.5 ] },
												"east": { "texture": "#skin", "uv": [ 1.0, 20.0, 1.5, 21.5 ] },
												"south": { "texture": "#skin", "uv": [ 0.5, 20.0, 1.0, 21.5 ] },
												"west": { "texture": "#skin", "uv": [ 0.0, 20.0, 0.5, 21.5 ] },
												"up": { "texture": "#skin", "uv": [ 0.5, 19.5, 1.0, 20.0 ] },
												"down": { "texture": "#skin", "uv": [ 0.5, 21.5, 1.0, 22.0 ], "rotation": 180 }
											},
											"children": [
												{
													"name": "L origin hoof",
													"from": [ 0.12, 0.255, 0.231 ], 
													"to": [ 0.12, 0.255, 0.231 ], 
													"uv": [ 0.0, 0.0 ],
													"rotationOrigin": [ 0.123, 0.255, 0.264 ],
													"rotationZ": 50.0,
													"faces": {
														"north": { "texture": "#skin", "uv": [ 0.0, 0.5, 0.3168, 0.8168 ], "enabled": false },
														"east": { "texture": "#skin", "uv": [ 0.5, 0.5, 0.8168, 0.8168 ], "enabled": false },
														"south": { "texture": "#skin", "uv": [ 1.0, 0.5, 1.3168, 0.8168 ], "enabled": false },
														"west": { "texture": "#skin", "uv": [ 1.5, 0.5, 1.8168, 0.8168 ], "enabled": false },
														"up": { "texture": "#skin", "uv": [ 0.0, 0.0, 0.3168, 0.3168 ], "enabled": false },
														"down": { "texture": "#skin", "uv": [ 0.5, 0.0, 0.8168, 0.3168 ], "enabled": false }
													},
													"children": [
														{
															"name": "L front hoof 1",
															"from": [ -0.726, -0.132, -0.198 ], 
															"to": [ -0.198, 0.066, 0.198 ], 
															"unwrapMode": 4,
															"uv": [ 7.5, 27.0 ],
															"rotationOrigin": [ -0.066, 0.0, 0.132 ],
															"rotationZ": 55.0,
															"faces": {
																"north": { "texture": "#skin", "uv": [ 7.5, 27.5, 8.0, 28.0 ] },
																"east": { "texture": "#skin", "uv": [ 9.0, 27.5, 9.5, 28.0 ] },
																"south": { "texture": "#skin", "uv": [ 8.5, 27.5, 9.0, 28.0 ] },
																"west": { "texture": "#skin", "uv": [ 8.0, 27.5, 8.5, 28.0 ] },
																"up": { "texture": "#skin", "uv": [ 8.0, 27.0, 8.5, 27.5 ], "rotation": 90 },
																"down": { "texture": "#skin", "uv": [ 8.0, 28.0, 8.5, 28.5 ], "rotation": 90 }
															}
														},
														{
															"name": "L front hoof 2",
															"from": [ -0.528, -0.396, -0.198 ], 
															"to": [ 0.132, -0.198, 0.198 ], 
															"unwrapMode": 4,
															"uv": [ 8.0, 28.0 ],
															"rotationOrigin": [ 0.066, -0.132, 0.066 ],
															"rotationZ": 27.0,
															"faces": {
																"north": { "texture": "#skin", "uv": [ 8.0, 28.5, 8.5, 29.0 ] },
																"east": { "texture": "#skin", "uv": [ 9.5, 28.5, 10.0, 29.0 ] },
																"south": { "texture": "#skin", "uv": [ 9.0, 28.5, 9.5, 29.0 ] },
																"west": { "texture": "#skin", "uv": [ 8.5, 28.5, 9.0, 29.0 ] },
																"up": { "texture": "#skin", "uv": [ 8.5, 28.0, 9.0, 28.5 ], "rotation": 90 },
																"down": { "texture": "#skin", "uv": [ 8.5, 29.0, 9.0, 29.5 ], "rotation": 90 }
															}
														}
													]
												}
											]
										}
									]
								}
							]
						}
					]
				},
				{
					"name": "R front Thigh",
					"from": [ 0.33, -0.6825, -0.264 ], 
					"to": [ 1.65, 1.5615, 0.462 ], 
					"unwrapMode": 1,
					"uv": [ 4.0, 27.5 ],
					"rotationOrigin": [ 1.056, 0.702, 0.0 ],
					"rotationX": -3.0,
					"rotationZ": 1.0,
					"faces": {
						"north": { "texture": "#skin", "uv": [ 4.5, 28.0, 6.0, 30.5 ] },
						"east": { "texture": "#skin", "uv": [ 4.0, 28.0, 4.5, 30.5 ] },
						"south": { "texture": "#skin", "uv": [ 6.5, 28.0, 8.0, 30.5 ] },
						"west": { "texture": "#skin", "uv": [ 6.0, 28.0, 6.5, 30.5 ] },
						"up": { "texture": "#skin", "uv": [ 4.5, 27.5, 6.0, 28.0 ], "rotation": 180 },
						"down": { "texture": "#skin", "uv": [ 4.5, 30.5, 6.0, 31.0 ] }
					},
					"children": [
						{
							"name": "R front Upper Arm",
							"from": [ 0.198, -1.584, 0.066 ], 
							"to": [ 0.792, 0.462, 0.594 ], 
							"unwrapMode": 1,
							"uv": [ 10.5, 6.0 ],
							"rotationOrigin": [ 0.66, 0.198, 0.462 ],
							"rotationX": -1.0,
							"rotationZ": -8.0,
							"faces": {
								"north": { "texture": "#skin", "uv": [ 11.0, 6.5, 11.5, 9.0 ] },
								"east": { "texture": "#skin", "uv": [ 10.5, 6.5, 11.0, 9.0 ] },
								"south": { "texture": "#skin", "uv": [ 12.0, 6.5, 12.5, 9.0 ] },
								"west": { "texture": "#skin", "uv": [ 11.5, 6.5, 12.0, 9.0 ] },
								"up": { "texture": "#skin", "uv": [ 11.0, 6.0, 11.5, 6.5 ], "rotation": 180 },
								"down": { "texture": "#skin", "uv": [ 11.0, 9.0, 11.5, 9.5 ] }
							},
							"children": [
								{
									"name": "R front lower arm",
									"from": [ 0.066, -1.848, 0.033 ], 
									"to": [ 0.528, 0.528, 0.495 ], 
									"unwrapMode": 1,
									"uv": [ 11.0, 11.0 ],
									"rotationOrigin": [ 0.462, 0.198, 0.396 ],
									"rotationX": 3.0,
									"rotationZ": -4.0,
									"faces": {
										"north": { "texture": "#skin", "uv": [ 11.5, 11.5, 12.0, 14.5 ] },
										"east": { "texture": "#skin", "uv": [ 11.0, 11.5, 11.5, 14.5 ] },
										"south": { "texture": "#skin", "uv": [ 12.5, 11.5, 13.0, 14.5 ] },
										"west": { "texture": "#skin", "uv": [ 12.0, 11.5, 12.5, 14.5 ] },
										"up": { "texture": "#skin", "uv": [ 11.5, 11.0, 12.0, 11.5 ], "rotation": 180 },
										"down": { "texture": "#skin", "uv": [ 11.5, 14.5, 12.0, 15.0 ] }
									},
									"children": [
										{
											"name": "R front pastern",
											"from": [ 0.0, -0.792, 0.0 ], 
											"to": [ 0.462, 0.396, 0.462 ], 
											"unwrapMode": 1,
											"uv": [ 0.5, 21.5 ],
											"rotationOrigin": [ 0.0, 0.264, 0.198 ],
											"rotationX": -1.0,
											"rotationZ": -10.0,
											"faces": {
												"north": { "texture": "#skin", "uv": [ 1.0, 22.0, 1.5, 23.5 ] },
												"east": { "texture": "#skin", "uv": [ 0.5, 22.0, 1.0, 23.5 ] },
												"south": { "texture": "#skin", "uv": [ 2.0, 22.0, 2.5, 23.5 ] },
												"west": { "texture": "#skin", "uv": [ 1.5, 22.0, 2.0, 23.5 ] },
												"up": { "texture": "#skin", "uv": [ 1.0, 21.5, 1.5, 22.0 ], "rotation": 180 },
												"down": { "texture": "#skin", "uv": [ 1.0, 23.5, 1.5, 24.0 ] }
											},
											"children": [
												{
													"name": "R origin hoof",
													"from": [ 0.198, 0.33, 0.231 ], 
													"to": [ 0.198, 0.33, 0.231 ], 
													"uv": [ 0.0, 0.0 ],
													"rotationOrigin": [ 0.198, 0.33, 0.264 ],
													"faces": {
														"north": { "texture": "#skin", "uv": [ 0.0, 0.5, 0.3168, 0.8168 ], "enabled": false },
														"east": { "texture": "#skin", "uv": [ 0.5, 0.5, 0.8168, 0.8168 ], "enabled": false },
														"south": { "texture": "#skin", "uv": [ 1.0, 0.5, 1.3168, 0.8168 ], "enabled": false },
														"west": { "texture": "#skin", "uv": [ 1.5, 0.5, 1.8168, 0.8168 ], "enabled": false },
														"up": { "texture": "#skin", "uv": [ 0.0, 0.0, 0.3168, 0.3168 ], "enabled": false },
														"down": { "texture": "#skin", "uv": [ 0.5, 0.0, 0.8168, 0.3168 ], "enabled": false }
													},
													"children": [
														{
															"name": "R front hoof 1",
															"from": [ -0.726, -0.132, -0.198 ], 
															"to": [ -0.198, 0.066, 0.198 ], 
															"unwrapMode": 4,
															"uv": [ 9.0, 26.5 ],
															"rotationOrigin": [ -0.066, 0.0, 0.132 ],
															"rotationZ": 55.0,
															"faces": {
																"north": { "texture": "#skin", "uv": [ 9.0, 27.0, 9.5, 27.5 ] },
																"east": { "texture": "#skin", "uv": [ 10.5, 27.0, 11.0, 27.5 ] },
																"south": { "texture": "#skin", "uv": [ 10.0, 27.0, 10.5, 27.5 ] },
																"west": { "texture": "#skin", "uv": [ 9.5, 27.0, 10.0, 27.5 ] },
																"up": { "texture": "#skin", "uv": [ 9.5, 26.5, 10.0, 27.0 ], "rotation": 90 },
																"down": { "texture": "#skin", "uv": [ 9.5, 27.5, 10.0, 28.0 ], "rotation": 90 }
															}
														},
														{
															"name": "R front hoof 2",
															"from": [ -0.528, -0.396, -0.198 ], 
															"to": [ 0.132, -0.198, 0.198 ], 
															"unwrapMode": 4,
															"uv": [ 9.5, 27.5 ],
															"rotationOrigin": [ 0.066, -0.132, 0.066 ],
															"rotationZ": 27.0,
															"faces": {
																"north": { "texture": "#skin", "uv": [ 9.5, 28.0, 10.0, 28.5 ] },
																"east": { "texture": "#skin", "uv": [ 11.0, 28.0, 11.5, 28.5 ] },
																"south": { "texture": "#skin", "uv": [ 10.5, 28.0, 11.0, 28.5 ] },
																"west": { "texture": "#skin", "uv": [ 10.0, 28.0, 10.5, 28.5 ] },
																"up": { "texture": "#skin", "uv": [ 10.0, 27.5, 10.5, 28.0 ], "rotation": 90 },
																"down": { "texture": "#skin", "uv": [ 10.0, 28.5, 10.5, 29.0 ], "rotation": 90 }
															}
														}
													]
												}
											]
										}
									]
								}
							]
						}
					]
				}
			],
			"attachmentpoints": [
				{
					"code": "Center",
					"posX": "9.0","posY": "4.0","posZ": "5.0",
					"rotationX": "0.0","rotationY": "0.0","rotationZ": "0.0"
				}
			]
		}
	]}