{
	"editor": {
		"allAngles": true,
		"entityTextureMode": true
	},
	"textureWidth": 64,
	"textureHeight": 64,
	"textureSizes": {
		"skin": [64,64]
	},
	"textures": {
	},
	"elements": [
		{
			"name": "Body",
			"from": [ 2.96, 10.72, 5.12 ], 
			"to": [ 10.64, 17.44, 10.24 ], 
			"unwrapMode": 3,
			"unwrapRotation": 1,
			"uv": [ 0.0, 0.0 ],
			"rotationOrigin": [ 10.64, 14.08, 8.0 ],
			"rotationZ": 6.0,
			"faces": {
				"north": { "texture": "#skin", "uv": [ 20.0, 6.0, 28.0, 15.5 ], "rotation": 270 },
				"east": { "texture": "#skin", "uv": [ 6.0, 0.0, 14.0, 6.0 ], "rotation": 90 },
				"south": { "texture": "#skin", "uv": [ 6.0, 6.0, 14.0, 15.5 ], "rotation": 90 },
				"west": { "texture": "#skin", "uv": [ 6.0, 15.5, 14.0, 21.5 ], "rotation": 90 },
				"up": { "texture": "#skin", "uv": [ 0.0, 6.0, 6.0, 15.5 ], "rotation": 90 },
				"down": { "texture": "#skin", "uv": [ 14.0, 6.0, 20.0, 15.5 ], "rotation": 270 }
			},
			"children": [
				{
					"name": "neck",
					"from": [ -0.48, 5.52, 1.36 ], 
					"to": [ 3.28, 10.48, 3.76 ], 
					"unwrapMode": 3,
					"unwrapRotation": 1,
					"uv": [ 28.5, 0.0 ],
					"rotationOrigin": [ 3.04, 5.52, 2.56 ],
					"rotationZ": 89.0,
					"faces": {
						"north": { "texture": "#skin", "uv": [ 37.5, 3.0, 43.5, 7.5 ], "rotation": 270, "windMode": [-1,-1,-1,-1], "windData": [0,0,1,0] },
						"east": { "texture": "#skin", "uv": [ 31.5, 0.0, 37.5, 3.0 ], "rotation": 90, "windMode": [-1,-1,-1,-1], "windData": [1,0,0,1] },
						"south": { "texture": "#skin", "uv": [ 31.5, 3.0, 37.5, 7.5 ], "rotation": 90 },
						"west": { "texture": "#skin", "uv": [ 31.5, 7.5, 37.5, 10.5 ], "rotation": 90 },
						"up": { "texture": "#skin", "uv": [ 28.5, 3.0, 31.5, 7.5 ], "rotation": 90 },
						"down": { "texture": "#skin", "uv": [ 37.5, 3.0, 40.5, 7.5 ], "rotation": 270, "enabled": false, "windMode": [-1,-1,-1,-1], "windData": [0,1,1,0] }
					},
					"children": [
						{
							"name": "neck2",
							"from": [ 0.48, 4.24, 0.08 ], 
							"to": [ 3.52, 9.04, 2.32 ], 
							"unwrapMode": 3,
							"uv": [ 29.5, 11.0 ],
							"rotationOrigin": [ 3.36, 5.84, 1.2 ],
							"rotationZ": -3.0,
							"faces": {
								"north": { "texture": "#skin", "uv": [ 38.0, 13.5, 41.5, 19.5 ], "windMode": [-1,-1,-1,-1], "windData": [1,1,1,1] },
								"east": { "texture": "#skin", "uv": [ 35.5, 13.5, 38.0, 19.5 ], "windMode": [-1,-1,-1,-1], "windData": [1,1,1,1] },
								"south": { "texture": "#skin", "uv": [ 32.0, 13.5, 35.5, 19.5 ], "windMode": [-1,-1,-1,-1], "windData": [1,1,1,1] },
								"west": { "texture": "#skin", "uv": [ 29.5, 13.5, 32.0, 19.5 ], "windMode": [-1,-1,-1,-1], "windData": [1,1,1,1] },
								"up": { "texture": "#skin", "uv": [ 32.0, 11.0, 35.5, 13.5 ], "windMode": [-1,-1,-1,-1], "windData": [1,1,1,1] },
								"down": { "texture": "#skin", "uv": [ 32.0, 19.5, 35.5, 22.0 ], "rotation": 180, "enabled": false, "windMode": [-1,-1,-1,-1], "windData": [1,1,1,1] }
							},
							"children": [
								{
									"name": "head",
									"from": [ 0.48, 0.48, -0.32 ], 
									"to": [ 3.04, 4.08, 2.56 ], 
									"unwrapMode": 4,
									"uv": [ 14.5, 16.0 ],
									"rotationOrigin": [ 3.04, 4.0, 1.2 ],
									"rotationZ": -100.0,
									"faces": {
										"north": { "texture": "#skin", "uv": [ 14.5, 19.0, 17.5, 23.5 ] },
										"east": { "texture": "#skin", "uv": [ 24.0, 19.0, 27.5, 23.5 ] },
										"south": { "texture": "#skin", "uv": [ 21.0, 19.0, 24.0, 23.5 ] },
										"west": { "texture": "#skin", "uv": [ 17.5, 19.0, 21.0, 23.5 ] },
										"up": { "texture": "#skin", "uv": [ 17.5, 16.0, 21.0, 19.0 ], "rotation": 90 },
										"down": { "texture": "#skin", "uv": [ 17.5, 23.5, 21.0, 26.5 ], "rotation": 90 }
									},
									"children": [
										{
											"name": "mouth up",
											"from": [ -2.4, 0.4, 0.64 ], 
											"to": [ 0.48, 0.96, 2.24 ], 
											"unwrapMode": 5,
											"unwrapRotation": 1,
											"uv": [ 0.5, 16.0 ],
											"rotationOrigin": [ 0.4, 0.96, 1.44 ],
											"rotationZ": 45.0,
											"faces": {
												"north": { "texture": "#skin", "uv": [ 0.5, 16.0, 1.0, 19.5 ], "rotation": 270 },
												"east": { "texture": "#skin", "uv": [ 1.0, 16.0, 3.0, 16.5 ], "rotation": 180, "enabled": false },
												"south": { "texture": "#skin", "uv": [ 3.0, 16.0, 3.5, 19.5 ], "rotation": 90 },
												"west": { "texture": "#skin", "uv": [ 1.0, 19.5, 3.0, 20.0 ] },
												"up": { "texture": "#skin", "uv": [ 1.0, 16.0, 3.0, 19.5 ], "rotation": 90 },
												"down": { "texture": "#skin", "uv": [ 3.5, 16.0, 5.5, 19.5 ], "rotation": 270 }
											},
											"children": [
												{
													"name": "nose",
													"from": [ -0.32, 0.24, 0.24 ], 
													"to": [ 0.64, 1.04, 1.36 ], 
													"unwrapMode": 4,
													"uv": [ 19.5, 39.0 ],
													"rotationOrigin": [ -0.32, 1.04, 0.8 ],
													"rotationZ": 16.0,
													"faces": {
														"north": { "texture": "#skin", "uv": [ 19.5, 40.0, 20.5, 41.0 ], "windMode": [-1,-1,-1,-1], "windData": [1,1,1,1] },
														"east": { "texture": "#skin", "uv": [ 22.5, 40.0, 23.5, 41.0 ], "windMode": [-1,-1,-1,-1], "windData": [1,1,1,1] },
														"south": { "texture": "#skin", "uv": [ 21.5, 40.0, 22.5, 41.0 ], "windMode": [-1,-1,-1,-1], "windData": [1,1,1,1] },
														"west": { "texture": "#skin", "uv": [ 20.5, 40.0, 21.5, 41.0 ], "windMode": [-1,-1,-1,-1], "windData": [1,1,1,1] },
														"up": { "texture": "#skin", "uv": [ 20.5, 39.0, 21.5, 40.0 ], "rotation": 90, "windMode": [-1,-1,-1,-1], "windData": [1,1,1,1] },
														"down": { "texture": "#skin", "uv": [ 20.5, 41.0, 21.5, 42.0 ], "rotation": 90, "windMode": [-1,-1,-1,-1], "windData": [1,1,1,1] }
													}
												},
												{
													"name": "nose bridge",
													"from": [ 0.48, 0.0, 0.16 ], 
													"to": [ 4.4, 1.2, 1.44 ], 
													"unwrapMode": 5,
													"unwrapRotation": 1,
													"uv": [ 14.5, 39.0 ],
													"rotationOrigin": [ 0.48, 0.0, 0.64 ],
													"rotationZ": 16.0,
													"faces": {
														"north": { "texture": "#skin", "uv": [ 14.5, 39.0, 16.0, 43.5 ], "rotation": 270 },
														"east": { "texture": "#skin", "uv": [ 16.0, 39.0, 17.5, 40.5 ], "rotation": 180, "enabled": false, "windMode": [-1,-1,-1,-1], "windData": [1,1,1,1] },
														"south": { "texture": "#skin", "uv": [ 17.5, 39.0, 19.0, 43.5 ], "rotation": 90 },
														"west": { "texture": "#skin", "uv": [ 16.0, 43.5, 17.5, 45.0 ], "windMode": [-1,-1,-1,-1], "windData": [1,1,1,1] },
														"up": { "texture": "#skin", "uv": [ 16.0, 39.0, 17.5, 43.5 ], "rotation": 90 },
														"down": { "texture": "#skin", "uv": [ 19.0, 39.0, 20.5, 43.5 ], "rotation": 270, "enabled": false }
													}
												}
											]
										},
										{
											"name": "R ear",
											"from": [ 1.76, 2.16, -2.4 ], 
											"to": [ 2.24, 3.92, 0.48 ], 
											"unwrapMode": 4,
											"uv": [ 0.5, 48.0 ],
											"rotationOrigin": [ 2.0, 3.04, 0.48 ],
											"rotationX": 44.0,
											"rotationY": -14.0,
											"rotationZ": 39.0,
											"faces": {
												"north": { "texture": "#skin", "uv": [ 0.5, 48.5, 1.0, 50.5 ] },
												"east": { "texture": "#skin", "uv": [ 4.5, 48.5, 8.0, 50.5 ] },
												"south": { "texture": "#skin", "uv": [ 4.5, 48.5, 5.0, 50.5 ], "enabled": false, "windMode": [-1,-1,-1,-1], "windData": [1,1,1,1] },
												"west": { "texture": "#skin", "uv": [ 1.0, 48.5, 4.5, 50.5 ] },
												"up": { "texture": "#skin", "uv": [ 1.0, 48.0, 4.5, 48.5 ], "rotation": 90 },
												"down": { "texture": "#skin", "uv": [ 1.0, 50.5, 4.5, 51.0 ], "rotation": 90 }
											}
										},
										{
											"name": "L ear",
											"from": [ 1.76, 2.16, 2.4 ], 
											"to": [ 2.24, 3.92, 5.28 ], 
											"unwrapMode": 4,
											"uv": [ 0.5, 44.5 ],
											"rotationOrigin": [ 2.0, 3.04, 2.4 ],
											"rotationX": -45.0,
											"rotationZ": 22.0,
											"faces": {
												"north": { "texture": "#skin", "uv": [ 0.5, 45.0, 1.0, 47.0 ], "enabled": false },
												"east": { "texture": "#skin", "uv": [ 4.5, 45.0, 8.0, 47.0 ] },
												"south": { "texture": "#skin", "uv": [ 4.0, 45.0, 4.5, 47.0 ] },
												"west": { "texture": "#skin", "uv": [ 0.5, 45.0, 4.0, 47.0 ] },
												"up": { "texture": "#skin", "uv": [ 0.5, 44.5, 4.0, 45.0 ], "rotation": 90 },
												"down": { "texture": "#skin", "uv": [ 0.5, 47.0, 4.0, 47.5 ], "rotation": 90 }
											}
										},
										{
											"name": "jaw",
											"from": [ -1.76, 0.0, 0.72 ], 
											"to": [ 1.12, 0.48, 2.16 ], 
											"unwrapMode": 5,
											"unwrapRotation": 1,
											"uv": [ 0.5, 20.5 ],
											"rotationOrigin": [ 0.88, 0.48, 1.44 ],
											"rotationZ": 35.0,
											"faces": {
												"north": { "texture": "#skin", "uv": [ 0.5, 20.5, 1.0, 24.0 ], "rotation": 270 },
												"east": { "texture": "#skin", "uv": [ 1.0, 20.5, 2.5, 21.0 ], "rotation": 180, "enabled": false },
												"south": { "texture": "#skin", "uv": [ 2.5, 20.5, 3.0, 24.0 ], "rotation": 90 },
												"west": { "texture": "#skin", "uv": [ 1.0, 24.0, 2.5, 24.5 ] },
												"up": { "texture": "#skin", "uv": [ 1.0, 20.5, 2.5, 24.0 ], "rotation": 90 },
												"down": { "texture": "#skin", "uv": [ 3.0, 20.5, 4.5, 24.0 ], "rotation": 270 }
											}
										}
									]
								}
							]
						}
					]
				},
				{
					"name": "abdomen",
					"from": [ 7.04, 0.0, 0.16 ], 
					"to": [ 15.68, 6.72, 4.96 ], 
					"unwrapMode": 3,
					"unwrapRotation": 1,
					"uv": [ 0.0, 22.0 ],
					"rotationOrigin": [ 7.04, 3.36, 2.56 ],
					"rotationZ": -6.0,
					"faces": {
						"north": { "texture": "#skin", "uv": [ 20.0, 28.0, 28.0, 38.5 ], "rotation": 270 },
						"east": { "texture": "#skin", "uv": [ 6.0, 22.0, 14.0, 28.0 ], "rotation": 90 },
						"south": { "texture": "#skin", "uv": [ 6.0, 28.0, 14.0, 38.5 ], "rotation": 90 },
						"west": { "texture": "#skin", "uv": [ 6.0, 38.5, 14.0, 44.5 ], "rotation": 90 },
						"up": { "texture": "#skin", "uv": [ 0.0, 28.0, 6.0, 38.5 ], "rotation": 90 },
						"down": { "texture": "#skin", "uv": [ 14.0, 28.0, 20.0, 38.5 ], "rotation": 270 }
					},
					"children": [
						{
							"name": "L back Thigh",
							"from": [ 4.32, -0.64, 3.52 ], 
							"to": [ 9.12, 5.12, 5.44 ], 
							"unwrapMode": 3,
							"uv": [ 48.0, 23.5 ],
							"rotationOrigin": [ 6.24, 3.6, 4.48 ],
							"rotationX": 3.0,
							"rotationZ": 17.0,
							"faces": {
								"north": { "texture": "#skin", "uv": [ 58.0, 25.5, 64.0, 32.5 ] },
								"east": { "texture": "#skin", "uv": [ 56.0, 25.5, 58.0, 32.5 ] },
								"south": { "texture": "#skin", "uv": [ 50.0, 25.5, 56.0, 32.5 ] },
								"west": { "texture": "#skin", "uv": [ 48.0, 25.5, 50.0, 32.5 ] },
								"up": { "texture": "#skin", "uv": [ 50.0, 23.5, 56.0, 25.5 ], "windMode": [-1,-1,-1,-1], "windData": [0,0,1,1] },
								"down": { "texture": "#skin", "uv": [ 50.0, 32.5, 56.0, 34.5 ], "rotation": 180 }
							},
							"children": [
								{
									"name": "L back Upper Arm",
									"from": [ 0.32, -5.12, 0.16 ], 
									"to": [ 2.24, 1.12, 1.68 ], 
									"unwrapMode": 3,
									"uv": [ 55.0, 33.5 ],
									"rotationOrigin": [ 1.28, 1.04, 0.96 ],
									"rotationX": 1.0,
									"rotationZ": 36.0,
									"faces": {
										"north": { "texture": "#skin", "uv": [ 60.0, 35.0, 62.0, 42.5 ] },
										"east": { "texture": "#skin", "uv": [ 58.5, 35.0, 60.0, 42.5 ] },
										"south": { "texture": "#skin", "uv": [ 56.5, 35.0, 58.5, 42.5 ] },
										"west": { "texture": "#skin", "uv": [ 55.0, 35.0, 56.5, 42.5 ] },
										"up": { "texture": "#skin", "uv": [ 56.5, 33.5, 58.5, 35.0 ] },
										"down": { "texture": "#skin", "uv": [ 56.5, 42.5, 58.5, 44.0 ], "rotation": 180 }
									},
									"children": [
										{
											"name": "L back lower arm",
											"from": [ 0.32, -5.76, 0.16 ], 
											"to": [ 1.44, 0.96, 1.12 ], 
											"unwrapMode": 3,
											"uv": [ 53.5, 43.5 ],
											"rotationOrigin": [ 1.04, 0.96, 0.72 ],
											"rotationX": -4.0,
											"rotationZ": -25.0,
											"faces": {
												"north": { "texture": "#skin", "uv": [ 56.5, 44.5, 57.5, 52.5 ] },
												"east": { "texture": "#skin", "uv": [ 55.5, 44.5, 56.5, 52.5 ] },
												"south": { "texture": "#skin", "uv": [ 54.5, 44.5, 55.5, 52.5 ] },
												"west": { "texture": "#skin", "uv": [ 53.5, 44.5, 54.5, 52.5 ] },
												"up": { "texture": "#skin", "uv": [ 54.5, 43.5, 55.5, 44.5 ] },
												"down": { "texture": "#skin", "uv": [ 54.5, 52.5, 55.5, 53.5 ], "rotation": 180 }
											},
											"children": [
												{
													"name": "L back pastern",
													"from": [ 0.08, -1.92, 0.0 ], 
													"to": [ 1.04, 0.48, 0.96 ], 
													"unwrapMode": 3,
													"uv": [ 57.0, 52.0 ],
													"rotationOrigin": [ 0.64, 0.4, 0.48 ],
													"rotationZ": -50.0,
													"faces": {
														"north": { "texture": "#skin", "uv": [ 60.0, 53.0, 61.0, 56.0 ] },
														"east": { "texture": "#skin", "uv": [ 59.0, 53.0, 60.0, 56.0 ] },
														"south": { "texture": "#skin", "uv": [ 58.0, 53.0, 59.0, 56.0 ] },
														"west": { "texture": "#skin", "uv": [ 57.0, 53.0, 58.0, 56.0 ] },
														"up": { "texture": "#skin", "uv": [ 58.0, 52.0, 59.0, 53.0 ] },
														"down": { "texture": "#skin", "uv": [ 58.0, 56.0, 59.0, 57.0 ], "rotation": 180 }
													},
													"children": [
														{
															"name": "L origin hind hoof",
															"from": [ 0.56, 0.72, 0.56 ], 
															"to": [ 0.56, 0.72, 0.56 ], 
															"uv": [ 0.0, 0.0 ],
															"rotationOrigin": [ 0.56, 0.72, 0.56 ],
															"faces": {
																"north": { "texture": "#skin", "uv": [ 0.0, 0.5, 0.6, 1.1 ], "enabled": false },
																"east": { "texture": "#skin", "uv": [ 0.5, 0.5, 1.1, 1.1 ], "enabled": false },
																"south": { "texture": "#skin", "uv": [ 1.0, 0.5, 1.6, 1.1 ], "enabled": false },
																"west": { "texture": "#skin", "uv": [ 1.5, 0.5, 2.1, 1.1 ], "enabled": false },
																"up": { "texture": "#skin", "uv": [ 0.0, 0.0, 0.6, 0.6 ], "enabled": false },
																"down": { "texture": "#skin", "uv": [ 0.5, 0.0, 1.1, 0.6 ], "enabled": false }
															},
															"children": [
																{
																	"name": "L hind hoof 1",
																	"from": [ -1.84, -0.32, -0.48 ], 
																	"to": [ -0.32, 0.32, 0.32 ], 
																	"unwrapMode": 4,
																	"uv": [ 52.0, 55.5 ],
																	"rotationOrigin": [ -0.24, 0.08, 0.32 ],
																	"rotationZ": 50.0,
																	"faces": {
																		"north": { "texture": "#skin", "uv": [ 52.0, 57.0, 53.5, 57.5 ] },
																		"east": { "texture": "#skin", "uv": [ 56.0, 57.0, 57.0, 57.5 ] },
																		"south": { "texture": "#skin", "uv": [ 54.5, 57.0, 56.0, 57.5 ] },
																		"west": { "texture": "#skin", "uv": [ 53.5, 57.0, 54.5, 57.5 ] },
																		"up": { "texture": "#skin", "uv": [ 53.5, 55.5, 54.5, 57.0 ], "rotation": 90 },
																		"down": { "texture": "#skin", "uv": [ 53.5, 57.5, 54.5, 59.0 ], "rotation": 90 }
																	}
																},
																{
																	"name": "L hind hoof 2",
																	"from": [ -1.28, -0.8, -0.48 ], 
																	"to": [ 0.32, -0.32, 0.32 ], 
																	"unwrapMode": 4,
																	"uv": [ 53.0, 58.0 ],
																	"rotationOrigin": [ 0.16, -0.32, 0.24 ],
																	"rotationZ": 27.0,
																	"faces": {
																		"north": { "texture": "#skin", "uv": [ 53.0, 60.0, 55.0, 60.5 ] },
																		"east": { "texture": "#skin", "uv": [ 58.0, 60.0, 59.0, 60.5 ] },
																		"south": { "texture": "#skin", "uv": [ 56.0, 60.0, 58.0, 60.5 ] },
																		"west": { "texture": "#skin", "uv": [ 55.0, 60.0, 56.0, 60.5 ] },
																		"up": { "texture": "#skin", "uv": [ 55.0, 58.0, 56.0, 60.0 ], "rotation": 90 },
																		"down": { "texture": "#skin", "uv": [ 55.0, 60.5, 56.0, 62.5 ], "rotation": 90 }
																	}
																}
															]
														}
													]
												}
											]
										}
									]
								}
							]
						},
						{
							"name": "tail",
							"from": [ 7.76, 4.32, 1.76 ], 
							"to": [ 8.72, 6.24, 2.88 ], 
							"unwrapMode": 3,
							"unwrapRotation": 1,
							"uv": [ 14.5, 0.5 ],
							"rotationOrigin": [ 7.76, 6.24, 2.24 ],
							"rotationZ": 28.0,
							"faces": {
								"north": { "texture": "#skin", "uv": [ 18.5, 1.5, 20.5, 2.5 ], "rotation": 270, "windMode": [-1,-1,-1,-1], "windData": [0,1,1,0] },
								"east": { "texture": "#skin", "uv": [ 15.5, 0.5, 17.5, 1.5 ], "rotation": 90, "windMode": [-1,-1,-1,-1], "windData": [0,1,1,0] },
								"south": { "texture": "#skin", "uv": [ 15.5, 1.5, 17.5, 2.5 ], "rotation": 90 },
								"west": { "texture": "#skin", "uv": [ 15.5, 2.5, 17.5, 3.5 ], "rotation": 90, "windMode": [-1,-1,-1,-1], "windData": [0,0,1,1] },
								"up": { "texture": "#skin", "uv": [ 14.5, 1.5, 15.5, 2.5 ], "rotation": 90, "windMode": [-1,-1,-1,-1], "windData": [1,1,1,1] },
								"down": { "texture": "#skin", "uv": [ 17.5, 1.5, 18.5, 2.5 ], "rotation": 270, "windMode": [-1,-1,-1,-1] }
							},
							"children": [
								{
									"name": "tail-end",
									"from": [ 0.0, -2.16, 0.08 ], 
									"to": [ 1.12, 0.4, 1.04 ], 
									"unwrapMode": 3,
									"unwrapRotation": 1,
									"uv": [ 21.0, 0.5 ],
									"rotationOrigin": [ 0.0, 0.32, 0.08 ],
									"rotationZ": -22.0,
									"faces": {
										"north": { "texture": "#skin", "uv": [ 26.0, 1.5, 29.0, 2.5 ], "rotation": 270 },
										"east": { "texture": "#skin", "uv": [ 22.0, 0.5, 25.0, 1.5 ], "rotation": 90 },
										"south": { "texture": "#skin", "uv": [ 22.0, 1.5, 25.0, 2.5 ], "rotation": 90 },
										"west": { "texture": "#skin", "uv": [ 22.0, 2.5, 25.0, 3.5 ], "rotation": 90 },
										"up": { "texture": "#skin", "uv": [ 21.0, 1.5, 22.0, 2.5 ], "rotation": 90, "windMode": [-1,-1,-1,-1], "windData": [1,1,1,1] },
										"down": { "texture": "#skin", "uv": [ 25.0, 1.5, 26.0, 2.5 ], "rotation": 270 }
									}
								}
							]
						},
						{
							"name": "R back Thigh",
							"from": [ 4.32, -0.32, -0.72 ], 
							"to": [ 9.12, 5.44, 1.2 ], 
							"unwrapMode": 1,
							"uv": [ 31.5, 23.5 ],
							"rotationOrigin": [ 6.24, 3.92, 0.24 ],
							"rotationX": -3.0,
							"rotationZ": -23.0,
							"faces": {
								"north": { "texture": "#skin", "uv": [ 33.5, 25.5, 39.5, 32.5 ] },
								"east": { "texture": "#skin", "uv": [ 31.5, 25.5, 33.5, 32.5 ] },
								"south": { "texture": "#skin", "uv": [ 41.5, 25.5, 47.5, 32.5 ] },
								"west": { "texture": "#skin", "uv": [ 39.5, 25.5, 41.5, 32.5 ] },
								"up": { "texture": "#skin", "uv": [ 33.5, 23.5, 39.5, 25.5 ], "rotation": 180 },
								"down": { "texture": "#skin", "uv": [ 33.5, 32.5, 39.5, 34.5 ] }
							},
							"children": [
								{
									"name": "R back Upper Arm",
									"from": [ 0.32, -5.12, 0.16 ], 
									"to": [ 2.24, 1.12, 1.68 ], 
									"unwrapMode": 1,
									"uv": [ 39.0, 33.5 ],
									"rotationOrigin": [ 1.28, 1.04, 0.96 ],
									"rotationX": -1.0,
									"rotationZ": 50.0,
									"faces": {
										"north": { "texture": "#skin", "uv": [ 40.5, 35.0, 42.5, 42.5 ] },
										"east": { "texture": "#skin", "uv": [ 39.0, 35.0, 40.5, 42.5 ] },
										"south": { "texture": "#skin", "uv": [ 44.0, 35.0, 46.0, 42.5 ] },
										"west": { "texture": "#skin", "uv": [ 42.5, 35.0, 44.0, 42.5 ] },
										"up": { "texture": "#skin", "uv": [ 40.5, 33.5, 42.5, 35.0 ], "rotation": 180 },
										"down": { "texture": "#skin", "uv": [ 40.5, 42.5, 42.5, 44.0 ] }
									},
									"children": [
										{
											"name": "R back lower arm",
											"from": [ 0.32, -5.76, 0.32 ], 
											"to": [ 1.44, 0.96, 1.28 ], 
											"unwrapMode": 1,
											"uv": [ 37.5, 43.5 ],
											"rotationOrigin": [ 1.04, 0.96, 0.88 ],
											"rotationX": 4.0,
											"rotationZ": -47.0,
											"faces": {
												"north": { "texture": "#skin", "uv": [ 38.5, 44.5, 39.5, 52.5 ] },
												"east": { "texture": "#skin", "uv": [ 37.5, 44.5, 38.5, 52.5 ] },
												"south": { "texture": "#skin", "uv": [ 40.5, 44.5, 41.5, 52.5 ] },
												"west": { "texture": "#skin", "uv": [ 39.5, 44.5, 40.5, 52.5 ] },
												"up": { "texture": "#skin", "uv": [ 38.5, 43.5, 39.5, 44.5 ], "rotation": 180 },
												"down": { "texture": "#skin", "uv": [ 38.5, 52.5, 39.5, 53.5 ] }
											},
											"children": [
												{
													"name": "R back pastern",
													"from": [ 0.08, -1.12, 0.0 ], 
													"to": [ 1.04, 1.28, 0.96 ], 
													"unwrapMode": 1,
													"uv": [ 41.0, 51.83 ],
													"rotationOrigin": [ 0.64, 1.2, 0.48 ],
													"rotationZ": -8.0,
													"faces": {
														"north": { "texture": "#skin", "uv": [ 42.0, 53.0, 43.0, 56.0 ] },
														"east": { "texture": "#skin", "uv": [ 41.0, 53.0, 42.0, 56.0 ] },
														"south": { "texture": "#skin", "uv": [ 44.0, 53.0, 45.0, 56.0 ] },
														"west": { "texture": "#skin", "uv": [ 43.0, 53.0, 44.0, 56.0 ] },
														"up": { "texture": "#skin", "uv": [ 42.0, 52.0, 43.0, 53.0 ], "rotation": 180 },
														"down": { "texture": "#skin", "uv": [ 42.0, 56.0, 43.0, 57.0 ] }
													},
													"children": [
														{
															"name": "R origin hind hoof",
															"from": [ 0.56, 0.72, 0.56 ], 
															"to": [ 0.56, 0.72, 0.56 ], 
															"uv": [ 0.0, 0.0 ],
															"rotationOrigin": [ 0.56, 0.72, 0.56 ],
															"faces": {
																"north": { "texture": "#skin", "uv": [ 0.0, 0.5, 0.6, 1.1 ], "enabled": false },
																"east": { "texture": "#skin", "uv": [ 0.5, 0.5, 1.1, 1.1 ], "enabled": false },
																"south": { "texture": "#skin", "uv": [ 1.0, 0.5, 1.6, 1.1 ], "enabled": false },
																"west": { "texture": "#skin", "uv": [ 1.5, 0.5, 2.1, 1.1 ], "enabled": false },
																"up": { "texture": "#skin", "uv": [ 0.0, 0.0, 0.6, 0.6 ], "enabled": false },
																"down": { "texture": "#skin", "uv": [ 0.5, 0.0, 1.1, 0.6 ], "enabled": false }
															},
															"children": [
																{
																	"name": "R hind hoof 1",
																	"from": [ -1.84, -0.32, -0.48 ], 
																	"to": [ -0.32, 0.32, 0.32 ], 
																	"unwrapMode": 4,
																	"uv": [ 42.0, 49.0 ],
																	"rotationOrigin": [ -0.24, 0.08, 0.32 ],
																	"rotationZ": 50.0,
																	"faces": {
																		"north": { "texture": "#skin", "uv": [ 42.0, 50.5, 43.5, 51.0 ] },
																		"east": { "texture": "#skin", "uv": [ 46.0, 50.5, 47.0, 51.0 ] },
																		"south": { "texture": "#skin", "uv": [ 44.5, 50.5, 46.0, 51.0 ] },
																		"west": { "texture": "#skin", "uv": [ 43.5, 50.5, 44.5, 51.0 ] },
																		"up": { "texture": "#skin", "uv": [ 43.5, 49.0, 44.5, 50.5 ], "rotation": 90 },
																		"down": { "texture": "#skin", "uv": [ 43.5, 51.0, 44.5, 52.5 ], "rotation": 90 }
																	}
																},
																{
																	"name": "R hind hoof 2",
																	"from": [ -1.28, -0.8, -0.48 ], 
																	"to": [ 0.32, -0.32, 0.32 ], 
																	"unwrapMode": 4,
																	"uv": [ 45.5, 49.5 ],
																	"rotationOrigin": [ 0.16, -0.32, 0.24 ],
																	"rotationZ": 27.0,
																	"faces": {
																		"north": { "texture": "#skin", "uv": [ 45.5, 51.5, 47.5, 52.0 ] },
																		"east": { "texture": "#skin", "uv": [ 50.5, 51.5, 51.5, 52.0 ] },
																		"south": { "texture": "#skin", "uv": [ 48.5, 51.5, 50.5, 52.0 ] },
																		"west": { "texture": "#skin", "uv": [ 47.5, 51.5, 48.5, 52.0 ] },
																		"up": { "texture": "#skin", "uv": [ 47.5, 49.5, 48.5, 51.5 ], "rotation": 90 },
																		"down": { "texture": "#skin", "uv": [ 47.5, 52.0, 48.5, 54.0 ], "rotation": 90 }
																	}
																}
															]
														}
													]
												}
											]
										}
									]
								}
							]
						}
					]
				},
				{
					"name": "L front Thigh",
					"from": [ 0.72, 0.0, 4.32 ], 
					"to": [ 3.6, 4.8, 5.84 ], 
					"unwrapMode": 3,
					"uv": [ 44.0, 0.0 ],
					"rotationOrigin": [ 2.16, 2.88, 5.28 ],
					"rotationX": 3.0,
					"rotationZ": 15.0,
					"faces": {
						"north": { "texture": "#skin", "uv": [ 50.5, 1.5, 54.0, 7.5 ] },
						"east": { "texture": "#skin", "uv": [ 49.0, 1.5, 50.5, 7.5 ] },
						"south": { "texture": "#skin", "uv": [ 45.5, 1.5, 49.0, 7.5 ] },
						"west": { "texture": "#skin", "uv": [ 44.0, 1.5, 45.5, 7.5 ] },
						"up": { "texture": "#skin", "uv": [ 45.5, 0.0, 49.0, 1.5 ], "windMode": [-1,-1,-1,-1] },
						"down": { "texture": "#skin", "uv": [ 45.5, 7.5, 49.0, 9.0 ], "rotation": 180 }
					},
					"children": [
						{
							"name": "L front Upper Arm",
							"from": [ 0.48, -4.8, 0.16 ], 
							"to": [ 2.08, 0.96, 1.28 ], 
							"unwrapMode": 3,
							"uv": [ 42.0, 9.5 ],
							"rotationOrigin": [ 1.44, 0.48, 0.96 ],
							"rotationX": 1.0,
							"rotationZ": -22.0,
							"faces": {
								"north": { "texture": "#skin", "uv": [ 46.0, 10.5, 48.0, 17.5 ] },
								"east": { "texture": "#skin", "uv": [ 45.0, 10.5, 46.0, 17.5 ] },
								"south": { "texture": "#skin", "uv": [ 43.0, 10.5, 45.0, 17.5 ] },
								"west": { "texture": "#skin", "uv": [ 42.0, 10.5, 43.0, 17.5 ] },
								"up": { "texture": "#skin", "uv": [ 43.0, 9.5, 45.0, 10.5 ] },
								"down": { "texture": "#skin", "uv": [ 43.0, 17.5, 45.0, 18.5 ], "rotation": 180 }
							},
							"children": [
								{
									"name": "L front lower arm",
									"from": [ 0.24, -3.84, 0.08 ], 
									"to": [ 1.2, 0.96, 1.04 ], 
									"unwrapMode": 3,
									"uv": [ 48.5, 9.5 ],
									"rotationOrigin": [ 0.96, 0.48, 0.64 ],
									"rotationX": -3.0,
									"rotationZ": -4.0,
									"faces": {
										"north": { "texture": "#skin", "uv": [ 51.5, 10.5, 52.5, 16.5 ] },
										"east": { "texture": "#skin", "uv": [ 50.5, 10.5, 51.5, 16.5 ] },
										"south": { "texture": "#skin", "uv": [ 49.5, 10.5, 50.5, 16.5 ] },
										"west": { "texture": "#skin", "uv": [ 48.5, 10.5, 49.5, 16.5 ] },
										"up": { "texture": "#skin", "uv": [ 49.5, 9.5, 50.5, 10.5 ] },
										"down": { "texture": "#skin", "uv": [ 49.5, 16.5, 50.5, 17.5 ], "rotation": 180 }
									},
									"children": [
										{
											"name": "L front pastern",
											"from": [ 0.0, -1.68, 0.0 ], 
											"to": [ 0.8, 0.72, 0.96 ], 
											"unwrapMode": 3,
											"uv": [ 47.0, 18.0 ],
											"rotationOrigin": [ 0.08, 0.64, 0.48 ],
											"rotationX": -1.0,
											"rotationZ": -22.0,
											"faces": {
												"north": { "texture": "#skin", "uv": [ 50.0, 19.0, 51.0, 22.0 ] },
												"east": { "texture": "#skin", "uv": [ 49.0, 19.0, 50.0, 22.0 ] },
												"south": { "texture": "#skin", "uv": [ 48.0, 19.0, 49.0, 22.0 ] },
												"west": { "texture": "#skin", "uv": [ 47.0, 19.0, 48.0, 22.0 ] },
												"up": { "texture": "#skin", "uv": [ 48.0, 18.0, 49.0, 19.0 ] },
												"down": { "texture": "#skin", "uv": [ 48.0, 22.0, 49.0, 23.0 ], "rotation": 180 }
											},
											"children": [
												{
													"name": "L origin hoof",
													"from": [ 0.48, 0.72, 0.56 ], 
													"to": [ 0.48, 0.72, 0.56 ], 
													"uv": [ 0.0, 0.0 ],
													"rotationOrigin": [ 0.48, 0.72, 0.56 ],
													"faces": {
														"north": { "texture": "#skin", "uv": [ 0.0, 0.5, 0.6, 1.1 ], "enabled": false },
														"east": { "texture": "#skin", "uv": [ 0.5, 0.5, 1.1, 1.1 ], "enabled": false },
														"south": { "texture": "#skin", "uv": [ 1.0, 0.5, 1.6, 1.1 ], "enabled": false },
														"west": { "texture": "#skin", "uv": [ 1.5, 0.5, 2.1, 1.1 ], "enabled": false },
														"up": { "texture": "#skin", "uv": [ 0.0, 0.0, 0.6, 0.6 ], "enabled": false },
														"down": { "texture": "#skin", "uv": [ 0.5, 0.0, 1.1, 0.6 ], "enabled": false }
													},
													"children": [
														{
															"name": "L front hoof 1",
															"from": [ -1.84, -0.32, -0.48 ], 
															"to": [ -0.32, 0.32, 0.32 ], 
															"unwrapMode": 4,
															"uv": [ 36.5, 55.5 ],
															"rotationOrigin": [ -0.24, 0.08, 0.32 ],
															"rotationZ": 50.0,
															"faces": {
																"north": { "texture": "#skin", "uv": [ 36.5, 57.0, 38.0, 57.5 ] },
																"east": { "texture": "#skin", "uv": [ 40.5, 57.0, 41.5, 57.5 ] },
																"south": { "texture": "#skin", "uv": [ 39.0, 57.0, 40.5, 57.5 ] },
																"west": { "texture": "#skin", "uv": [ 38.0, 57.0, 39.0, 57.5 ] },
																"up": { "texture": "#skin", "uv": [ 38.0, 55.5, 39.0, 57.0 ], "rotation": 90 },
																"down": { "texture": "#skin", "uv": [ 38.0, 57.5, 39.0, 59.0 ], "rotation": 90 }
															}
														},
														{
															"name": "L front hoof 2",
															"from": [ -1.28, -0.8, -0.48 ], 
															"to": [ 0.32, -0.32, 0.32 ], 
															"unwrapMode": 4,
															"uv": [ 37.5, 58.0 ],
															"rotationOrigin": [ 0.16, -0.32, 0.24 ],
															"rotationZ": 27.0,
															"faces": {
																"north": { "texture": "#skin", "uv": [ 37.5, 60.0, 39.5, 60.5 ] },
																"east": { "texture": "#skin", "uv": [ 42.5, 60.0, 43.5, 60.5 ] },
																"south": { "texture": "#skin", "uv": [ 40.5, 60.0, 42.5, 60.5 ] },
																"west": { "texture": "#skin", "uv": [ 39.5, 60.0, 40.5, 60.5 ] },
																"up": { "texture": "#skin", "uv": [ 39.5, 58.0, 40.5, 60.0 ], "rotation": 90 },
																"down": { "texture": "#skin", "uv": [ 39.5, 60.5, 40.5, 62.5 ], "rotation": 90 }
															}
														}
													]
												}
											]
										}
									]
								}
							]
						}
					]
				},
				{
					"name": "R front Thigh",
					"from": [ 0.72, 0.0, -0.56 ], 
					"to": [ 3.6, 4.8, 0.96 ], 
					"unwrapMode": 1,
					"uv": [ 54.0, 0.0 ],
					"rotationOrigin": [ 2.16, 2.88, 0.0 ],
					"rotationX": -3.0,
					"rotationZ": 17.0,
					"faces": {
						"north": { "texture": "#skin", "uv": [ 55.5, 1.5, 59.0, 7.5 ] },
						"east": { "texture": "#skin", "uv": [ 54.0, 1.5, 55.5, 7.5 ] },
						"south": { "texture": "#skin", "uv": [ 60.5, 1.5, 64.0, 7.5 ] },
						"west": { "texture": "#skin", "uv": [ 59.0, 1.5, 60.5, 7.5 ] },
						"up": { "texture": "#skin", "uv": [ 55.5, 0.0, 59.0, 1.5 ], "rotation": 180 },
						"down": { "texture": "#skin", "uv": [ 55.5, 7.5, 59.0, 9.0 ] }
					},
					"children": [
						{
							"name": "R front Upper Arm",
							"from": [ 0.48, -4.8, 0.16 ], 
							"to": [ 2.08, 0.96, 1.28 ], 
							"unwrapMode": 1,
							"uv": [ 53.0, 9.5 ],
							"rotationOrigin": [ 1.44, 0.48, 0.96 ],
							"rotationX": -1.0,
							"rotationZ": -72.0,
							"faces": {
								"north": { "texture": "#skin", "uv": [ 54.0, 10.5, 56.0, 17.5 ] },
								"east": { "texture": "#skin", "uv": [ 53.0, 10.5, 54.0, 17.5 ] },
								"south": { "texture": "#skin", "uv": [ 57.0, 10.5, 59.0, 17.5 ] },
								"west": { "texture": "#skin", "uv": [ 56.0, 10.5, 57.0, 17.5 ] },
								"up": { "texture": "#skin", "uv": [ 54.0, 9.5, 56.0, 10.5 ], "rotation": 180 },
								"down": { "texture": "#skin", "uv": [ 54.0, 17.5, 56.0, 18.5 ] }
							},
							"children": [
								{
									"name": "R front lower arm",
									"from": [ 0.24, -3.84, 0.08 ], 
									"to": [ 1.2, 0.96, 1.04 ], 
									"unwrapMode": 1,
									"uv": [ 59.5, 9.5 ],
									"rotationOrigin": [ 0.96, 0.48, 0.8 ],
									"rotationX": 3.0,
									"rotationZ": 75.0,
									"faces": {
										"north": { "texture": "#skin", "uv": [ 60.5, 10.5, 61.5, 16.5 ] },
										"east": { "texture": "#skin", "uv": [ 59.5, 10.5, 60.5, 16.5 ] },
										"south": { "texture": "#skin", "uv": [ 62.5, 10.5, 63.5, 16.5 ] },
										"west": { "texture": "#skin", "uv": [ 61.5, 10.5, 62.5, 16.5 ] },
										"up": { "texture": "#skin", "uv": [ 60.5, 9.5, 61.5, 10.5 ], "rotation": 180 },
										"down": { "texture": "#skin", "uv": [ 60.5, 16.5, 61.5, 17.5 ] }
									},
									"children": [
										{
											"name": "R front pastern",
											"from": [ 0.0, -1.68, 0.0 ], 
											"to": [ 0.8, 0.72, 0.96 ], 
											"unwrapMode": 1,
											"uv": [ 58.0, 18.0 ],
											"rotationOrigin": [ 0.08, 0.64, 0.48 ],
											"rotationX": -1.0,
											"rotationZ": 11.0,
											"faces": {
												"north": { "texture": "#skin", "uv": [ 59.0, 19.0, 60.0, 22.0 ] },
												"east": { "texture": "#skin", "uv": [ 58.0, 19.0, 59.0, 22.0 ] },
												"south": { "texture": "#skin", "uv": [ 61.0, 19.0, 62.0, 22.0 ] },
												"west": { "texture": "#skin", "uv": [ 60.0, 19.0, 61.0, 22.0 ] },
												"up": { "texture": "#skin", "uv": [ 59.0, 18.0, 60.0, 19.0 ], "rotation": 180 },
												"down": { "texture": "#skin", "uv": [ 59.0, 22.0, 60.0, 23.0 ] }
											},
											"children": [
												{
													"name": "R origin hoof",
													"from": [ 0.48, 0.72, 0.56 ], 
													"to": [ 0.48, 0.72, 0.56 ], 
													"uv": [ 0.0, 0.0 ],
													"rotationOrigin": [ 0.48, 0.72, 0.56 ],
													"rotationZ": 42.0,
													"faces": {
														"north": { "texture": "#skin", "uv": [ 0.0, 0.5, 0.6, 1.1 ], "enabled": false },
														"east": { "texture": "#skin", "uv": [ 0.5, 0.5, 1.1, 1.1 ], "enabled": false },
														"south": { "texture": "#skin", "uv": [ 1.0, 0.5, 1.6, 1.1 ], "enabled": false },
														"west": { "texture": "#skin", "uv": [ 1.5, 0.5, 2.1, 1.1 ], "enabled": false },
														"up": { "texture": "#skin", "uv": [ 0.0, 0.0, 0.6, 0.6 ], "enabled": false },
														"down": { "texture": "#skin", "uv": [ 0.5, 0.0, 1.1, 0.6 ], "enabled": false }
													},
													"children": [
														{
															"name": "R front hoof 1",
															"from": [ -1.84, -0.32, -0.48 ], 
															"to": [ -0.32, 0.32, 0.32 ], 
															"unwrapMode": 4,
															"uv": [ 45.5, 55.5 ],
															"rotationOrigin": [ -0.24, 0.08, 0.32 ],
															"rotationZ": 50.0,
															"faces": {
																"north": { "texture": "#skin", "uv": [ 45.5, 57.0, 47.0, 57.5 ] },
																"east": { "texture": "#skin", "uv": [ 49.5, 57.0, 50.5, 57.5 ] },
																"south": { "texture": "#skin", "uv": [ 48.0, 57.0, 49.5, 57.5 ] },
																"west": { "texture": "#skin", "uv": [ 47.0, 57.0, 48.0, 57.5 ] },
																"up": { "texture": "#skin", "uv": [ 47.0, 55.5, 48.0, 57.0 ], "rotation": 90 },
																"down": { "texture": "#skin", "uv": [ 47.0, 57.5, 48.0, 59.0 ], "rotation": 90 }
															}
														},
														{
															"name": "R front hoof 2",
															"from": [ -1.28, -0.8, -0.48 ], 
															"to": [ 0.32, -0.32, 0.32 ], 
															"unwrapMode": 4,
															"uv": [ 46.5, 58.0 ],
															"rotationOrigin": [ 0.16, -0.32, 0.24 ],
															"rotationZ": 27.0,
															"faces": {
																"north": { "texture": "#skin", "uv": [ 46.5, 60.0, 48.5, 60.5 ] },
																"east": { "texture": "#skin", "uv": [ 51.5, 60.0, 52.5, 60.5 ] },
																"south": { "texture": "#skin", "uv": [ 49.5, 60.0, 51.5, 60.5 ] },
																"west": { "texture": "#skin", "uv": [ 48.5, 60.0, 49.5, 60.5 ] },
																"up": { "texture": "#skin", "uv": [ 48.5, 58.0, 49.5, 60.0 ], "rotation": 90 },
																"down": { "texture": "#skin", "uv": [ 48.5, 60.5, 49.5, 62.5 ], "rotation": 90 }
															}
														}
													]
												}
											]
										}
									]
								}
							]
						}
					]
				}
			],
			"attachmentpoints": [
				{
					"code": "Center",
					"posX": "9.0","posY": "4.0","posZ": "5.0",
					"rotationX": "0.0","rotationY": "0.0","rotationZ": "0.0"
				}
			]
		}
	]}