{
	"editor": {
		"allAngles": true,
		"entityTextureMode": true
	},
	"textureWidth": 16,
	"textureHeight": 32,
	"textureSizes": {
		"skin": [16,32]
	},
	"textures": {
	},
	"elements": [
		{
			"name": "Body",
			"from": [ 5.45, 0.342, 5.85 ], 
			"to": [ 7.8596, 2.382, 7.434 ], 
			"unwrapMode": 3,
			"unwrapRotation": 1,
			"uv": [ 0.0, 0.0 ],
			"rotationOrigin": [ 8.4576, 1.716, 6.8 ],
			"rotationX": -22.0,
			"rotationZ": -3.0,
			"faces": {
				"north": { "texture": "#skin", "uv": [ 8.0, 2.5, 11.0, 6.5 ], "rotation": 270 },
				"east": { "texture": "#skin", "uv": [ 2.5, 0.0, 5.5, 2.5 ], "rotation": 90 },
				"south": { "texture": "#skin", "uv": [ 2.5, 2.5, 5.5, 6.5 ], "rotation": 90 },
				"west": { "texture": "#skin", "uv": [ 2.5, 6.5, 5.5, 9.0 ], "rotation": 90 },
				"up": { "texture": "#skin", "uv": [ 0.0, 2.5, 2.5, 6.5 ], "rotation": 90 },
				"down": { "texture": "#skin", "uv": [ 5.5, 2.5, 8.0, 6.5 ], "rotation": 270 }
			},
			"children": [
				{
					"name": "neck",
					"from": [ -0.264, 0.876, 0.078 ], 
					"to": [ 0.9504, 2.2296, 1.0284 ], 
					"unwrapMode": 3,
					"unwrapRotation": 1,
					"uv": [ 2.0, 18.0 ],
					"rotationOrigin": [ 1.056, 0.8784, 0.552 ],
					"rotationX": 19.0,
					"rotationY": 25.0,
					"rotationZ": 37.0,
					"faces": {
						"north": { "texture": "#skin", "uv": [ 5.5, 19.5, 7.5, 21.5 ], "rotation": 270, "windMode": [-1,-1,-1,-1], "windData": [0,0,1,0] },
						"east": { "texture": "#skin", "uv": [ 3.5, 18.0, 5.5, 19.5 ], "rotation": 90, "windMode": [-1,-1,-1,-1], "windData": [1,0,0,1] },
						"south": { "texture": "#skin", "uv": [ 3.5, 19.5, 5.5, 21.5 ], "rotation": 90 },
						"west": { "texture": "#skin", "uv": [ 3.5, 21.5, 5.5, 23.0 ], "rotation": 90 },
						"up": { "texture": "#skin", "uv": [ 2.0, 19.5, 3.5, 21.5 ], "rotation": 90 },
						"down": { "texture": "#skin", "uv": [ 5.5, 19.5, 7.0, 21.5 ], "rotation": 270, "enabled": false, "windMode": [-1,-1,-1,-1], "windData": [0,1,1,0] }
					},
					"children": [
						{
							"name": "neck2",
							"from": [ 0.1584, 0.564, 0.0528 ], 
							"to": [ 1.1616, 2.3592, 0.8976 ], 
							"unwrapMode": 3,
							"uv": [ 0.0, 24.0 ],
							"rotationOrigin": [ 1.1616, 1.1424, 0.528 ],
							"rotationZ": -25.0,
							"faces": {
								"north": { "texture": "#skin", "uv": [ 3.5, 25.0, 5.0, 27.5 ], "windMode": [-1,-1,-1,-1], "windData": [1,1,1,1] },
								"east": { "texture": "#skin", "uv": [ 2.5, 25.0, 3.5, 27.5 ], "windMode": [-1,-1,-1,-1], "windData": [1,1,1,1] },
								"south": { "texture": "#skin", "uv": [ 1.0, 25.0, 2.5, 27.5 ], "windMode": [-1,-1,-1,-1], "windData": [1,1,1,1] },
								"west": { "texture": "#skin", "uv": [ 0.0, 25.0, 1.0, 27.5 ], "windMode": [-1,-1,-1,-1], "windData": [1,1,1,1] },
								"up": { "texture": "#skin", "uv": [ 1.0, 24.0, 2.5, 25.0 ], "windMode": [-1,-1,-1,-1], "windData": [1,1,1,1] },
								"down": { "texture": "#skin", "uv": [ 1.0, 27.5, 2.5, 28.5 ], "rotation": 180, "enabled": false, "windMode": [-1,-1,-1,-1], "windData": [1,1,1,1] }
							},
							"children": [
								{
									"name": "head",
									"from": [ 0.264, 0.5808, -0.0528 ], 
									"to": [ 1.056, 1.7952, 0.8976 ], 
									"unwrapMode": 4,
									"uv": [ 5.5, 6.5 ],
									"rotationOrigin": [ 1.056, 1.7952, 0.4224 ],
									"rotationZ": -60.0,
									"faces": {
										"north": { "texture": "#skin", "uv": [ 5.5, 7.5, 6.5, 9.5 ] },
										"east": { "texture": "#skin", "uv": [ 9.0, 7.5, 10.5, 9.5 ] },
										"south": { "texture": "#skin", "uv": [ 8.0, 7.5, 9.0, 9.5 ] },
										"west": { "texture": "#skin", "uv": [ 6.5, 7.5, 8.0, 9.5 ] },
										"up": { "texture": "#skin", "uv": [ 6.5, 6.5, 8.0, 7.5 ], "rotation": 90 },
										"down": { "texture": "#skin", "uv": [ 6.5, 9.5, 8.0, 10.5 ], "rotation": 90 }
									},
									"children": [
										{
											"name": "mouth up",
											"from": [ -0.648, 0.0528, 0.2112 ], 
											"to": [ 0.3192, 0.264, 0.7392 ], 
											"unwrapMode": 5,
											"unwrapRotation": 1,
											"uv": [ 0.0, 0.0 ],
											"rotationOrigin": [ 0.264, 0.264, 0.4752 ],
											"rotationZ": 55.0,
											"faces": {
												"north": { "texture": "#skin", "uv": [ 0.0, 0.0, 0.5, 1.5 ], "rotation": 270 },
												"east": { "texture": "#skin", "uv": [ 0.5, 0.0, 1.0, 0.5 ], "rotation": 180, "enabled": false },
												"south": { "texture": "#skin", "uv": [ 1.0, 0.0, 1.5, 1.5 ], "rotation": 90 },
												"west": { "texture": "#skin", "uv": [ 0.5, 1.5, 1.0, 2.0 ] },
												"up": { "texture": "#skin", "uv": [ 0.5, 0.0, 1.0, 1.5 ], "rotation": 90 },
												"down": { "texture": "#skin", "uv": [ 1.5, 0.0, 2.0, 1.5 ], "rotation": 270 }
											},
											"children": [
												{
													"name": "nose",
													"from": [ -0.1056, 0.0528, -0.003 ], 
													"to": [ 0.264, 0.3696, 0.5256 ], 
													"unwrapMode": 4,
													"uv": [ 0.0, 9.5 ],
													"rotationOrigin": [ -0.1056, 0.3696, 0.1584 ],
													"rotationZ": 14.0,
													"faces": {
														"north": { "texture": "#skin", "uv": [ 0.0, 10.0, 0.5, 10.5 ], "windMode": [-1,-1,-1,-1], "windData": [1,1,1,1] },
														"east": { "texture": "#skin", "uv": [ 1.5, 10.0, 2.0, 10.5 ], "windMode": [-1,-1,-1,-1], "windData": [1,1,1,1] },
														"south": { "texture": "#skin", "uv": [ 1.0, 10.0, 1.5, 10.5 ], "windMode": [-1,-1,-1,-1], "windData": [1,1,1,1] },
														"west": { "texture": "#skin", "uv": [ 0.5, 10.0, 1.0, 10.5 ], "windMode": [-1,-1,-1,-1], "windData": [1,1,1,1] },
														"up": { "texture": "#skin", "uv": [ 0.5, 9.5, 1.0, 10.0 ], "rotation": 90, "windMode": [-1,-1,-1,-1], "windData": [1,1,1,1] },
														"down": { "texture": "#skin", "uv": [ 0.5, 10.5, 1.0, 11.0 ], "rotation": 90, "windMode": [-1,-1,-1,-1], "windData": [1,1,1,1] }
													}
												},
												{
													"name": "nose bridge",
													"from": [ 0.3696, 0.0, 0.0264 ], 
													"to": [ 1.5696, 0.4752, 0.5016 ], 
													"unwrapMode": 5,
													"unwrapRotation": 1,
													"uv": [ 1.0, 8.0 ],
													"rotationOrigin": [ 0.3696, 0.0, 0.1584 ],
													"rotationZ": 18.0,
													"faces": {
														"north": { "texture": "#skin", "uv": [ 1.0, 8.0, 1.5, 10.0 ], "rotation": 270 },
														"east": { "texture": "#skin", "uv": [ 1.5, 8.0, 2.0, 8.5 ], "rotation": 180, "enabled": false, "windMode": [-1,-1,-1,-1], "windData": [0,0,0,0] },
														"south": { "texture": "#skin", "uv": [ 2.0, 8.0, 2.5, 10.0 ], "rotation": 90 },
														"west": { "texture": "#skin", "uv": [ 1.5, 10.0, 2.0, 10.5 ], "enabled": false, "windMode": [-1,-1,-1,-1], "windData": [0,0,0,0] },
														"up": { "texture": "#skin", "uv": [ 1.5, 8.0, 2.0, 10.0 ], "rotation": 90 },
														"down": { "texture": "#skin", "uv": [ 2.5, 8.0, 3.0, 10.0 ], "rotation": 270, "enabled": false }
													}
												}
											]
										},
										{
											"name": "R ear",
											"from": [ 0.264, 0.6336, -0.7392 ], 
											"to": [ 0.3696, 1.1616, 0.1056 ], 
											"unwrapMode": 4,
											"uv": [ 8.0, 9.5 ],
											"rotationOrigin": [ 0.3696, 1.056, 0.0528 ],
											"rotationX": 55.0,
											"rotationZ": 22.0,
											"faces": {
												"north": { "texture": "#skin", "uv": [ 8.0, 10.0, 8.5, 10.5 ] },
												"east": { "texture": "#skin", "uv": [ 10.0, 10.0, 11.0, 10.5 ] },
												"south": { "texture": "#skin", "uv": [ 9.5, 10.0, 10.0, 10.5 ], "windMode": [-1,-1,-1,-1], "windData": [0,0,0,0] },
												"west": { "texture": "#skin", "uv": [ 8.5, 10.0, 9.5, 10.5 ] },
												"up": { "texture": "#skin", "uv": [ 8.5, 9.5, 9.5, 10.0 ], "rotation": 90 },
												"down": { "texture": "#skin", "uv": [ 8.5, 10.5, 9.5, 11.0 ], "rotation": 90 }
											}
										},
										{
											"name": "L ear",
											"from": [ 0.264, 0.6336, 0.8976 ], 
											"to": [ 0.3696, 1.1616, 1.7424 ], 
											"unwrapMode": 4,
											"uv": [ 7.5, 0.0 ],
											"rotationOrigin": [ 0.3696, 1.056, 0.8976 ],
											"rotationX": -55.0,
											"rotationZ": 22.0,
											"faces": {
												"north": { "texture": "#skin", "uv": [ 7.5, 0.5, 8.0, 1.0 ], "windMode": [-1,-1,-1,-1] },
												"east": { "texture": "#skin", "uv": [ 9.5, 0.5, 10.5, 1.0 ] },
												"south": { "texture": "#skin", "uv": [ 9.0, 0.5, 9.5, 1.0 ], "windMode": [-1,-1,-1,-1] },
												"west": { "texture": "#skin", "uv": [ 8.0, 0.5, 9.0, 1.0 ] },
												"up": { "texture": "#skin", "uv": [ 8.0, 0.0, 9.0, 0.5 ], "rotation": 90 },
												"down": { "texture": "#skin", "uv": [ 8.0, 1.0, 9.0, 1.5 ], "rotation": 90 }
											}
										},
										{
											"name": "jaw",
											"from": [ -0.336, 0.0, 0.264 ], 
											"to": [ 0.684, 0.1848, 0.6864 ], 
											"unwrapMode": 5,
											"unwrapRotation": 1,
											"uv": [ 0.0, 6.5 ],
											"rotationOrigin": [ 0.528, 0.1584, 0.528 ],
											"rotationZ": 48.0,
											"faces": {
												"north": { "texture": "#skin", "uv": [ 0.0, 6.5, 0.5, 8.0 ], "rotation": 270 },
												"east": { "texture": "#skin", "uv": [ 0.5, 6.5, 1.0, 7.0 ], "rotation": 180, "enabled": false },
												"south": { "texture": "#skin", "uv": [ 1.0, 6.5, 1.5, 8.0 ], "rotation": 90 },
												"west": { "texture": "#skin", "uv": [ 0.5, 8.0, 1.0, 8.5 ] },
												"up": { "texture": "#skin", "uv": [ 0.5, 6.5, 1.0, 8.0 ], "rotation": 90 },
												"down": { "texture": "#skin", "uv": [ 1.5, 6.5, 2.0, 8.0 ], "rotation": 270 }
											}
										}
									]
								}
							]
						}
					]
				},
				{
					"name": "abdomen",
					"from": [ 2.148, 0.0, -0.0528 ], 
					"to": [ 4.6824, 2.04, 1.6368 ], 
					"unwrapMode": 3,
					"unwrapRotation": 1,
					"uv": [ 0.0, 9.0 ],
					"rotationOrigin": [ 2.1456, 1.32, 0.8976 ],
					"rotationX": -17.0,
					"rotationZ": -2.0,
					"faces": {
						"north": { "texture": "#skin", "uv": [ 8.0, 11.5, 11.0, 15.5 ], "rotation": 270 },
						"east": { "texture": "#skin", "uv": [ 2.5, 9.0, 5.5, 11.5 ], "rotation": 90 },
						"south": { "texture": "#skin", "uv": [ 2.5, 11.5, 5.5, 15.5 ], "rotation": 90 },
						"west": { "texture": "#skin", "uv": [ 2.5, 15.5, 5.5, 18.0 ], "rotation": 90 },
						"up": { "texture": "#skin", "uv": [ 0.0, 11.5, 2.5, 15.5 ], "rotation": 90 },
						"down": { "texture": "#skin", "uv": [ 5.5, 11.5, 8.0, 15.5 ], "rotation": 270 }
					},
					"children": [
						{
							"name": "L back Thigh",
							"from": [ 1.1088, -0.708, 1.2144 ], 
							"to": [ 2.4096, 1.5624, 1.9536 ], 
							"unwrapMode": 3,
							"uv": [ 6.5, 21.0 ],
							"rotationOrigin": [ 1.848, 0.9312, 1.584 ],
							"rotationX": -8.0,
							"rotationZ": -55.0,
							"faces": {
								"north": { "texture": "#skin", "uv": [ 10.5, 22.0, 12.5, 25.5 ] },
								"east": { "texture": "#skin", "uv": [ 9.5, 22.0, 10.5, 25.5 ] },
								"south": { "texture": "#skin", "uv": [ 7.5, 22.0, 9.5, 25.5 ] },
								"west": { "texture": "#skin", "uv": [ 6.5, 22.0, 7.5, 25.5 ] },
								"up": { "texture": "#skin", "uv": [ 7.5, 21.0, 9.5, 22.0 ], "windMode": [-1,-1,-1,-1], "windData": [0,0,1,1] },
								"down": { "texture": "#skin", "uv": [ 7.5, 25.5, 9.5, 26.5 ], "rotation": 180 }
							},
							"children": [
								{
									"name": "L back Upper Arm",
									"from": [ 0.1056, -1.9008, 0.1056 ], 
									"to": [ 0.8448, 0.2112, 0.6864 ], 
									"unwrapMode": 3,
									"uv": [ 12.5, 20.0 ],
									"rotationOrigin": [ 0.4752, 0.2112, 0.4224 ],
									"rotationX": -17.0,
									"rotationZ": 127.0,
									"faces": {
										"north": { "texture": "#skin", "uv": [ 14.5, 20.5, 15.5, 24.0 ] },
										"east": { "texture": "#skin", "uv": [ 14.0, 20.5, 14.5, 24.0 ] },
										"south": { "texture": "#skin", "uv": [ 13.0, 20.5, 14.0, 24.0 ] },
										"west": { "texture": "#skin", "uv": [ 12.5, 20.5, 13.0, 24.0 ] },
										"up": { "texture": "#skin", "uv": [ 13.0, 20.0, 14.0, 20.5 ] },
										"down": { "texture": "#skin", "uv": [ 13.0, 24.0, 14.0, 24.5 ], "rotation": 180 }
									},
									"children": [
										{
											"name": "L back lower arm",
											"from": [ 0.1056, -2.2176, 0.1056 ], 
											"to": [ 0.528, 0.3168, 0.4752 ], 
											"unwrapMode": 3,
											"uv": [ 14.0, 0.0 ],
											"rotationOrigin": [ 0.3696, 0.3168, 0.3168 ],
											"rotationX": -6.0,
											"rotationY": 14.0,
											"rotationZ": -116.0,
											"faces": {
												"north": { "texture": "#skin", "uv": [ 15.5, 0.5, 16.0, 4.5 ] },
												"east": { "texture": "#skin", "uv": [ 15.0, 0.5, 15.5, 4.5 ] },
												"south": { "texture": "#skin", "uv": [ 14.5, 0.5, 15.0, 4.5 ] },
												"west": { "texture": "#skin", "uv": [ 14.0, 0.5, 14.5, 4.5 ] },
												"up": { "texture": "#skin", "uv": [ 14.5, 0.0, 15.0, 0.5 ] },
												"down": { "texture": "#skin", "uv": [ 14.5, 4.5, 15.0, 5.0 ], "rotation": 180 }
											},
											"children": [
												{
													"name": "L back pastern",
													"from": [ 0.0264, -0.4224, 0.0 ], 
													"to": [ 0.396, 0.528, 0.3696 ], 
													"unwrapMode": 3,
													"uv": [ 0.5, 17.5 ],
													"rotationOrigin": [ 0.264, 0.4752, 0.1584 ],
													"rotationZ": -10.0,
													"faces": {
														"north": { "texture": "#skin", "uv": [ 2.0, 18.0, 2.5, 19.5 ] },
														"east": { "texture": "#skin", "uv": [ 1.5, 18.0, 2.0, 19.5 ] },
														"south": { "texture": "#skin", "uv": [ 1.0, 18.0, 1.5, 19.5 ] },
														"west": { "texture": "#skin", "uv": [ 0.5, 18.0, 1.0, 19.5 ] },
														"up": { "texture": "#skin", "uv": [ 1.0, 17.5, 1.5, 18.0 ] },
														"down": { "texture": "#skin", "uv": [ 1.0, 19.5, 1.5, 20.0 ], "rotation": 180 }
													},
													"children": [
														{
															"name": "L origin hind hoof",
															"from": [ 0.2112, 0.264, 0.1848 ], 
															"to": [ 0.2112, 0.264, 0.1848 ], 
															"uv": [ 0.0, 0.0 ],
															"rotationOrigin": [ 0.2112, 0.264, 0.2112 ],
															"rotationZ": 22.0,
															"faces": {
																"north": { "texture": "#skin", "uv": [ 0.0, 0.5, 0.3168, 0.8168 ], "enabled": false },
																"east": { "texture": "#skin", "uv": [ 0.5, 0.5, 0.8168, 0.8168 ], "enabled": false },
																"south": { "texture": "#skin", "uv": [ 1.0, 0.5, 1.3168, 0.8168 ], "enabled": false },
																"west": { "texture": "#skin", "uv": [ 1.5, 0.5, 1.8168, 0.8168 ], "enabled": false },
																"up": { "texture": "#skin", "uv": [ 0.0, 0.0, 0.3168, 0.3168 ], "enabled": false },
																"down": { "texture": "#skin", "uv": [ 0.5, 0.0, 0.8168, 0.3168 ], "enabled": false }
															},
															"children": [
																{
																	"name": "L hind hoof 1",
																	"from": [ -0.5808, -0.1056, -0.1584 ], 
																	"to": [ -0.1584, 0.0528, 0.1584 ], 
																	"unwrapMode": 4,
																	"uv": [ 8.5, 29.0 ],
																	"rotationOrigin": [ -0.0528, 0.0, 0.1056 ],
																	"rotationZ": 55.0,
																	"faces": {
																		"north": { "texture": "#skin", "uv": [ 8.5, 29.5, 9.0, 30.0 ] },
																		"east": { "texture": "#skin", "uv": [ 10.0, 29.5, 10.5, 30.0 ] },
																		"south": { "texture": "#skin", "uv": [ 9.5, 29.5, 10.0, 30.0 ] },
																		"west": { "texture": "#skin", "uv": [ 9.0, 29.5, 9.5, 30.0 ] },
																		"up": { "texture": "#skin", "uv": [ 9.0, 29.0, 9.5, 29.5 ], "rotation": 90 },
																		"down": { "texture": "#skin", "uv": [ 9.0, 30.0, 9.5, 30.5 ], "rotation": 90 }
																	}
																},
																{
																	"name": "L hind hoof 2",
																	"from": [ -0.4224, -0.3168, -0.1584 ], 
																	"to": [ 0.1056, -0.1584, 0.1584 ], 
																	"unwrapMode": 4,
																	"uv": [ 9.0, 30.0 ],
																	"rotationOrigin": [ 0.0528, -0.1056, 0.0528 ],
																	"rotationZ": 27.0,
																	"faces": {
																		"north": { "texture": "#skin", "uv": [ 9.0, 30.5, 9.5, 31.0 ] },
																		"east": { "texture": "#skin", "uv": [ 10.5, 30.5, 11.0, 31.0 ] },
																		"south": { "texture": "#skin", "uv": [ 10.0, 30.5, 10.5, 31.0 ] },
																		"west": { "texture": "#skin", "uv": [ 9.5, 30.5, 10.0, 31.0 ] },
																		"up": { "texture": "#skin", "uv": [ 9.5, 30.0, 10.0, 30.5 ], "rotation": 90 },
																		"down": { "texture": "#skin", "uv": [ 9.5, 31.0, 10.0, 31.5 ], "rotation": 90 }
																	}
																}
															]
														}
													]
												}
											]
										}
									]
								}
							]
						},
						{
							"name": "tail",
							"from": [ 2.2704, 1.302, 0.6072 ], 
							"to": [ 2.5344, 1.83, 1.0824 ], 
							"unwrapMode": 3,
							"unwrapRotation": 1,
							"uv": [ 5.5, 0.0 ],
							"rotationOrigin": [ 2.2704, 1.8288, 0.8448 ],
							"rotationZ": 48.0,
							"faces": {
								"north": { "texture": "#skin", "uv": [ 7.0, 0.5, 7.5, 1.0 ], "rotation": 270, "windMode": [-1,-1,-1,-1], "windData": [0,1,1,0] },
								"east": { "texture": "#skin", "uv": [ 6.0, 0.0, 6.5, 0.5 ], "rotation": 90, "windMode": [-1,-1,-1,-1], "windData": [0,1,1,0] },
								"south": { "texture": "#skin", "uv": [ 6.0, 0.5, 6.5, 1.0 ], "rotation": 90 },
								"west": { "texture": "#skin", "uv": [ 6.0, 1.0, 6.5, 1.5 ], "rotation": 90, "windMode": [-1,-1,-1,-1], "windData": [0,0,1,1] },
								"up": { "texture": "#skin", "uv": [ 5.5, 0.5, 6.0, 1.0 ], "rotation": 90, "windMode": [-1,-1,-1,-1], "windData": [1,1,1,1] },
								"down": { "texture": "#skin", "uv": [ 6.5, 0.5, 7.0, 1.0 ], "rotation": 270, "windMode": [-1,-1,-1,-1] }
							},
							"children": [
								{
									"name": "tail-end",
									"from": [ 0.0, -0.888, 0.0264 ], 
									"to": [ 0.3168, 0.2208, 0.4488 ], 
									"unwrapMode": 3,
									"unwrapRotation": 1,
									"uv": [ 6.0, 1.0 ],
									"rotationOrigin": [ 0.0072, 0.1656, 0.2112 ],
									"rotationZ": -39.0,
									"faces": {
										"north": { "texture": "#skin", "uv": [ 8.5, 1.5, 10.0, 2.0 ], "rotation": 270 },
										"east": { "texture": "#skin", "uv": [ 6.5, 1.0, 8.0, 1.5 ], "rotation": 90 },
										"south": { "texture": "#skin", "uv": [ 6.5, 1.5, 8.0, 2.0 ], "rotation": 90 },
										"west": { "texture": "#skin", "uv": [ 6.5, 2.0, 8.0, 2.5 ], "rotation": 90 },
										"up": { "texture": "#skin", "uv": [ 6.0, 1.5, 6.5, 2.0 ], "rotation": 90, "windMode": [-1,-1,-1,-1], "windData": [1,1,1,1] },
										"down": { "texture": "#skin", "uv": [ 8.0, 1.5, 8.5, 2.0 ], "rotation": 270 }
									}
								}
							]
						},
						{
							"name": "R back Thigh",
							"from": [ 1.1088, -0.708, -0.264 ], 
							"to": [ 2.4096, 1.5624, 0.4752 ], 
							"unwrapMode": 1,
							"uv": [ 7.5, 15.5 ],
							"rotationOrigin": [ 1.848, 0.9312, 0.0528 ],
							"rotationX": -14.0,
							"rotationZ": -23.0,
							"faces": {
								"north": { "texture": "#skin", "uv": [ 8.5, 16.5, 10.5, 20.0 ] },
								"east": { "texture": "#skin", "uv": [ 7.5, 16.5, 8.5, 20.0 ] },
								"south": { "texture": "#skin", "uv": [ 11.5, 16.5, 13.5, 20.0 ] },
								"west": { "texture": "#skin", "uv": [ 10.5, 16.5, 11.5, 20.0 ] },
								"up": { "texture": "#skin", "uv": [ 8.5, 15.5, 10.5, 16.5 ], "rotation": 180 },
								"down": { "texture": "#skin", "uv": [ 8.5, 20.0, 10.5, 21.0 ] }
							},
							"children": [
								{
									"name": "R back Upper Arm",
									"from": [ -0.252, -1.902, 0.0528 ], 
									"to": [ 0.4872, 0.21, 0.6336 ], 
									"unwrapMode": 1,
									"uv": [ 11.0, 0.0 ],
									"rotationOrigin": [ 0.1152, 0.2112, 0.3696 ],
									"rotationX": -36.0,
									"rotationY": -17.0,
									"rotationZ": 73.0,
									"faces": {
										"north": { "texture": "#skin", "uv": [ 11.5, 0.5, 12.5, 4.0 ] },
										"east": { "texture": "#skin", "uv": [ 11.0, 0.5, 11.5, 4.0 ] },
										"south": { "texture": "#skin", "uv": [ 13.0, 0.5, 14.0, 4.0 ] },
										"west": { "texture": "#skin", "uv": [ 12.5, 0.5, 13.0, 4.0 ] },
										"up": { "texture": "#skin", "uv": [ 11.5, 0.0, 12.5, 0.5 ], "rotation": 180 },
										"down": { "texture": "#skin", "uv": [ 11.5, 4.0, 12.5, 4.5 ] }
									},
									"children": [
										{
											"name": "R back lower arm",
											"from": [ 0.1056, -2.1648, 0.1056 ], 
											"to": [ 0.528, 0.3696, 0.4752 ], 
											"unwrapMode": 1,
											"uv": [ 12.5, 4.5 ],
											"rotationOrigin": [ 0.3696, 0.3696, 0.3168 ],
											"rotationX": 4.0,
											"rotationZ": -60.0,
											"faces": {
												"north": { "texture": "#skin", "uv": [ 13.0, 5.0, 13.5, 9.0 ] },
												"east": { "texture": "#skin", "uv": [ 12.5, 5.0, 13.0, 9.0 ] },
												"south": { "texture": "#skin", "uv": [ 14.0, 5.0, 14.5, 9.0 ] },
												"west": { "texture": "#skin", "uv": [ 13.5, 5.0, 14.0, 9.0 ] },
												"up": { "texture": "#skin", "uv": [ 13.0, 4.5, 13.5, 5.0 ], "rotation": 180 },
												"down": { "texture": "#skin", "uv": [ 13.0, 9.0, 13.5, 9.5 ] }
											},
											"children": [
												{
													"name": "R back pastern",
													"from": [ 0.0264, -0.4224, 0.0 ], 
													"to": [ 0.396, 0.528, 0.3696 ], 
													"unwrapMode": 1,
													"uv": [ 0.0, 15.33 ],
													"rotationOrigin": [ 0.264, 0.4752, 0.1584 ],
													"rotationZ": -10.0,
													"faces": {
														"north": { "texture": "#skin", "uv": [ 0.5, 16.0, 1.0, 17.5 ] },
														"east": { "texture": "#skin", "uv": [ 0.0, 16.0, 0.5, 17.5 ] },
														"south": { "texture": "#skin", "uv": [ 1.5, 16.0, 2.0, 17.5 ] },
														"west": { "texture": "#skin", "uv": [ 1.0, 16.0, 1.5, 17.5 ] },
														"up": { "texture": "#skin", "uv": [ 0.5, 15.5, 1.0, 16.0 ], "rotation": 180 },
														"down": { "texture": "#skin", "uv": [ 0.5, 17.5, 1.0, 18.0 ] }
													},
													"children": [
														{
															"name": "R origin hind hoof",
															"from": [ 0.2112, 0.264, 0.1848 ], 
															"to": [ 0.2112, 0.264, 0.1848 ], 
															"uv": [ 0.0, 0.0 ],
															"rotationOrigin": [ 0.2112, 0.264, 0.2112 ],
															"faces": {
																"north": { "texture": "#skin", "uv": [ 0.0, 0.5, 0.3168, 0.8168 ], "enabled": false },
																"east": { "texture": "#skin", "uv": [ 0.5, 0.5, 0.8168, 0.8168 ], "enabled": false },
																"south": { "texture": "#skin", "uv": [ 1.0, 0.5, 1.3168, 0.8168 ], "enabled": false },
																"west": { "texture": "#skin", "uv": [ 1.5, 0.5, 1.8168, 0.8168 ], "enabled": false },
																"up": { "texture": "#skin", "uv": [ 0.0, 0.0, 0.3168, 0.3168 ], "enabled": false },
																"down": { "texture": "#skin", "uv": [ 0.5, 0.0, 0.8168, 0.3168 ], "enabled": false }
															},
															"children": [
																{
																	"name": "R hind hoof 1",
																	"from": [ -0.5808, -0.1056, -0.1584 ], 
																	"to": [ -0.1584, 0.0528, 0.1584 ], 
																	"unwrapMode": 4,
																	"uv": [ 10.0, 28.5 ],
																	"rotationOrigin": [ -0.0528, 0.0, 0.1056 ],
																	"rotationZ": 55.0,
																	"faces": {
																		"north": { "texture": "#skin", "uv": [ 10.0, 29.0, 10.5, 29.5 ] },
																		"east": { "texture": "#skin", "uv": [ 11.5, 29.0, 12.0, 29.5 ] },
																		"south": { "texture": "#skin", "uv": [ 11.0, 29.0, 11.5, 29.5 ] },
																		"west": { "texture": "#skin", "uv": [ 10.5, 29.0, 11.0, 29.5 ] },
																		"up": { "texture": "#skin", "uv": [ 10.5, 28.5, 11.0, 29.0 ], "rotation": 90 },
																		"down": { "texture": "#skin", "uv": [ 10.5, 29.5, 11.0, 30.0 ], "rotation": 90 }
																	}
																},
																{
																	"name": "R hind hoof 2",
																	"from": [ -0.4224, -0.3168, -0.1584 ], 
																	"to": [ 0.1056, -0.1584, 0.1584 ], 
																	"unwrapMode": 4,
																	"uv": [ 10.5, 29.5 ],
																	"rotationOrigin": [ 0.0528, -0.1056, 0.0528 ],
																	"rotationZ": 27.0,
																	"faces": {
																		"north": { "texture": "#skin", "uv": [ 10.5, 30.0, 11.0, 30.5 ] },
																		"east": { "texture": "#skin", "uv": [ 12.0, 30.0, 12.5, 30.5 ] },
																		"south": { "texture": "#skin", "uv": [ 11.5, 30.0, 12.0, 30.5 ] },
																		"west": { "texture": "#skin", "uv": [ 11.0, 30.0, 11.5, 30.5 ] },
																		"up": { "texture": "#skin", "uv": [ 11.0, 29.5, 11.5, 30.0 ], "rotation": 90 },
																		"down": { "texture": "#skin", "uv": [ 11.0, 30.5, 11.5, 31.0 ], "rotation": 90 }
																	}
																}
															]
														}
													]
												}
											]
										}
									]
								}
							]
						}
					]
				},
				{
					"name": "L front Thigh",
					"from": [ 0.264, -0.6, 1.2144 ], 
					"to": [ 1.32, 1.1952, 1.7952 ], 
					"unwrapMode": 3,
					"uv": [ 0.0, 27.5 ],
					"rotationOrigin": [ 0.8448, 0.5088, 1.584 ],
					"rotationX": 3.0,
					"rotationZ": 58.0,
					"faces": {
						"north": { "texture": "#skin", "uv": [ 2.5, 28.0, 4.0, 30.5 ] },
						"east": { "texture": "#skin", "uv": [ 2.0, 28.0, 2.5, 30.5 ] },
						"south": { "texture": "#skin", "uv": [ 0.5, 28.0, 2.0, 30.5 ] },
						"west": { "texture": "#skin", "uv": [ 0.0, 28.0, 0.5, 30.5 ] },
						"up": { "texture": "#skin", "uv": [ 0.5, 27.5, 2.0, 28.0 ], "windMode": [-1,-1,-1,-1] },
						"down": { "texture": "#skin", "uv": [ 0.5, 30.5, 2.0, 31.0 ], "rotation": 180 }
					},
					"children": [
						{
							"name": "L front Upper Arm",
							"from": [ -0.204, -1.266, 0.1056 ], 
							"to": [ 0.2712, 0.3708, 0.528 ], 
							"unwrapMode": 3,
							"uv": [ 5.5, 15.5 ],
							"rotationOrigin": [ 0.168, 0.1584, 0.2112 ],
							"rotationX": 1.0,
							"rotationZ": -145.0,
							"faces": {
								"north": { "texture": "#skin", "uv": [ 7.0, 16.0, 7.5, 18.5 ] },
								"east": { "texture": "#skin", "uv": [ 6.5, 16.0, 7.0, 18.5 ] },
								"south": { "texture": "#skin", "uv": [ 6.0, 16.0, 6.5, 18.5 ] },
								"west": { "texture": "#skin", "uv": [ 5.5, 16.0, 6.0, 18.5 ] },
								"up": { "texture": "#skin", "uv": [ 6.0, 15.5, 6.5, 16.0 ] },
								"down": { "texture": "#skin", "uv": [ 6.0, 18.5, 6.5, 19.0 ], "rotation": 180 }
							},
							"children": [
								{
									"name": "L front lower arm",
									"from": [ 0.114, -1.4784, 0.0264 ], 
									"to": [ 0.4836, 0.4224, 0.396 ], 
									"unwrapMode": 3,
									"uv": [ 13.0, 11.0 ],
									"rotationOrigin": [ 0.4296, 0.1584, 0.2112 ],
									"rotationX": -3.0,
									"rotationZ": 180.0,
									"faces": {
										"north": { "texture": "#skin", "uv": [ 14.5, 11.5, 15.0, 14.5 ] },
										"east": { "texture": "#skin", "uv": [ 14.0, 11.5, 14.5, 14.5 ] },
										"south": { "texture": "#skin", "uv": [ 13.5, 11.5, 14.0, 14.5 ] },
										"west": { "texture": "#skin", "uv": [ 13.0, 11.5, 13.5, 14.5 ] },
										"up": { "texture": "#skin", "uv": [ 13.5, 11.0, 14.0, 11.5 ] },
										"down": { "texture": "#skin", "uv": [ 13.5, 14.5, 14.0, 15.0 ], "rotation": 180 }
									},
									"children": [
										{
											"name": "L front pastern",
											"from": [ 0.0, -0.6336, 0.0 ], 
											"to": [ 0.3696, 0.3168, 0.3696 ], 
											"unwrapMode": 3,
											"uv": [ 0.0, 19.5 ],
											"rotationOrigin": [ 0.0, 0.2112, 0.1584 ],
											"rotationX": -1.0,
											"rotationZ": 8.0,
											"faces": {
												"north": { "texture": "#skin", "uv": [ 1.5, 20.0, 2.0, 21.5 ] },
												"east": { "texture": "#skin", "uv": [ 1.0, 20.0, 1.5, 21.5 ] },
												"south": { "texture": "#skin", "uv": [ 0.5, 20.0, 1.0, 21.5 ] },
												"west": { "texture": "#skin", "uv": [ 0.0, 20.0, 0.5, 21.5 ] },
												"up": { "texture": "#skin", "uv": [ 0.5, 19.5, 1.0, 20.0 ] },
												"down": { "texture": "#skin", "uv": [ 0.5, 21.5, 1.0, 22.0 ], "rotation": 180 }
											},
											"children": [
												{
													"name": "L origin hoof",
													"from": [ 0.1584, 0.264, 0.1848 ], 
													"to": [ 0.1584, 0.264, 0.1848 ], 
													"uv": [ 0.0, 0.0 ],
													"rotationOrigin": [ 0.1584, 0.264, 0.2112 ],
													"rotationZ": 30.0,
													"faces": {
														"north": { "texture": "#skin", "uv": [ 0.0, 0.5, 0.3168, 0.8168 ], "enabled": false },
														"east": { "texture": "#skin", "uv": [ 0.5, 0.5, 0.8168, 0.8168 ], "enabled": false },
														"south": { "texture": "#skin", "uv": [ 1.0, 0.5, 1.3168, 0.8168 ], "enabled": false },
														"west": { "texture": "#skin", "uv": [ 1.5, 0.5, 1.8168, 0.8168 ], "enabled": false },
														"up": { "texture": "#skin", "uv": [ 0.0, 0.0, 0.3168, 0.3168 ], "enabled": false },
														"down": { "texture": "#skin", "uv": [ 0.5, 0.0, 0.8168, 0.3168 ], "enabled": false }
													},
													"children": [
														{
															"name": "L front hoof 1",
															"from": [ -0.5808, -0.1056, -0.1584 ], 
															"to": [ -0.1584, 0.0528, 0.1584 ], 
															"unwrapMode": 4,
															"uv": [ 7.5, 27.0 ],
															"rotationOrigin": [ -0.0528, 0.0, 0.1056 ],
															"rotationZ": 55.0,
															"faces": {
																"north": { "texture": "#skin", "uv": [ 7.5, 27.5, 8.0, 28.0 ] },
																"east": { "texture": "#skin", "uv": [ 9.0, 27.5, 9.5, 28.0 ] },
																"south": { "texture": "#skin", "uv": [ 8.5, 27.5, 9.0, 28.0 ] },
																"west": { "texture": "#skin", "uv": [ 8.0, 27.5, 8.5, 28.0 ] },
																"up": { "texture": "#skin", "uv": [ 8.0, 27.0, 8.5, 27.5 ], "rotation": 90 },
																"down": { "texture": "#skin", "uv": [ 8.0, 28.0, 8.5, 28.5 ], "rotation": 90 }
															}
														},
														{
															"name": "L front hoof 2",
															"from": [ -0.4224, -0.3168, -0.1584 ], 
															"to": [ 0.1056, -0.1584, 0.1584 ], 
															"unwrapMode": 4,
															"uv": [ 8.0, 28.0 ],
															"rotationOrigin": [ 0.0528, -0.1056, 0.0528 ],
															"rotationZ": 27.0,
															"faces": {
																"north": { "texture": "#skin", "uv": [ 8.0, 28.5, 8.5, 29.0 ] },
																"east": { "texture": "#skin", "uv": [ 9.5, 28.5, 10.0, 29.0 ] },
																"south": { "texture": "#skin", "uv": [ 9.0, 28.5, 9.5, 29.0 ] },
																"west": { "texture": "#skin", "uv": [ 8.5, 28.5, 9.0, 29.0 ] },
																"up": { "texture": "#skin", "uv": [ 8.5, 28.0, 9.0, 28.5 ], "rotation": 90 },
																"down": { "texture": "#skin", "uv": [ 8.5, 29.0, 9.0, 29.5 ], "rotation": 90 }
															}
														}
													]
												}
											]
										}
									]
								}
							]
						}
					]
				},
				{
					"name": "R front Thigh",
					"from": [ 0.264, -0.126, -0.45 ], 
					"to": [ 1.32, 1.6692, 0.1308 ], 
					"unwrapMode": 1,
					"uv": [ 4.0, 27.5 ],
					"rotationOrigin": [ 0.8448, 0.9816, -0.24 ],
					"rotationX": 14.0,
					"rotationZ": 83.0,
					"faces": {
						"north": { "texture": "#skin", "uv": [ 4.5, 28.0, 6.0, 30.5 ] },
						"east": { "texture": "#skin", "uv": [ 4.0, 28.0, 4.5, 30.5 ] },
						"south": { "texture": "#skin", "uv": [ 6.5, 28.0, 8.0, 30.5 ] },
						"west": { "texture": "#skin", "uv": [ 6.0, 28.0, 6.5, 30.5 ] },
						"up": { "texture": "#skin", "uv": [ 4.5, 27.5, 6.0, 28.0 ], "rotation": 180 },
						"down": { "texture": "#skin", "uv": [ 4.5, 30.5, 6.0, 31.0 ] }
					},
					"children": [
						{
							"name": "R front Upper Arm",
							"from": [ -0.504, -1.326, 0.0528 ], 
							"to": [ -0.0288, 0.3108, 0.4752 ], 
							"unwrapMode": 1,
							"uv": [ 10.5, 6.0 ],
							"rotationOrigin": [ -0.132, 0.0984, 0.3696 ],
							"rotationX": -1.0,
							"rotationZ": -172.0,
							"faces": {
								"north": { "texture": "#skin", "uv": [ 11.0, 6.5, 11.5, 9.0 ] },
								"east": { "texture": "#skin", "uv": [ 10.5, 6.5, 11.0, 9.0 ] },
								"south": { "texture": "#skin", "uv": [ 12.0, 6.5, 12.5, 9.0 ] },
								"west": { "texture": "#skin", "uv": [ 11.5, 6.5, 12.0, 9.0 ] },
								"up": { "texture": "#skin", "uv": [ 11.0, 6.0, 11.5, 6.5 ], "rotation": 180 },
								"down": { "texture": "#skin", "uv": [ 11.0, 9.0, 11.5, 9.5 ] }
							},
							"children": [
								{
									"name": "R front lower arm",
									"from": [ 0.0528, -1.4784, 0.0264 ], 
									"to": [ 0.4224, 0.4224, 0.396 ], 
									"unwrapMode": 1,
									"uv": [ 11.0, 11.0 ],
									"rotationOrigin": [ 0.3696, 0.1584, 0.3168 ],
									"rotationX": 3.0,
									"rotationZ": 180.0,
									"faces": {
										"north": { "texture": "#skin", "uv": [ 11.5, 11.5, 12.0, 14.5 ] },
										"east": { "texture": "#skin", "uv": [ 11.0, 11.5, 11.5, 14.5 ] },
										"south": { "texture": "#skin", "uv": [ 12.5, 11.5, 13.0, 14.5 ] },
										"west": { "texture": "#skin", "uv": [ 12.0, 11.5, 12.5, 14.5 ] },
										"up": { "texture": "#skin", "uv": [ 11.5, 11.0, 12.0, 11.5 ], "rotation": 180 },
										"down": { "texture": "#skin", "uv": [ 11.5, 14.5, 12.0, 15.0 ] }
									},
									"children": [
										{
											"name": "R front pastern",
											"from": [ 0.0, -0.6336, 0.0 ], 
											"to": [ 0.3696, 0.3168, 0.3696 ], 
											"unwrapMode": 1,
											"uv": [ 0.5, 21.5 ],
											"rotationOrigin": [ 0.0, 0.2112, 0.1584 ],
											"rotationX": -1.0,
											"rotationZ": 11.0,
											"faces": {
												"north": { "texture": "#skin", "uv": [ 1.0, 22.0, 1.5, 23.5 ] },
												"east": { "texture": "#skin", "uv": [ 0.5, 22.0, 1.0, 23.5 ] },
												"south": { "texture": "#skin", "uv": [ 2.0, 22.0, 2.5, 23.5 ] },
												"west": { "texture": "#skin", "uv": [ 1.5, 22.0, 2.0, 23.5 ] },
												"up": { "texture": "#skin", "uv": [ 1.0, 21.5, 1.5, 22.0 ], "rotation": 180 },
												"down": { "texture": "#skin", "uv": [ 1.0, 23.5, 1.5, 24.0 ] }
											},
											"children": [
												{
													"name": "R origin hoof",
													"from": [ 0.1584, 0.264, 0.1848 ], 
													"to": [ 0.1584, 0.264, 0.1848 ], 
													"uv": [ 0.0, 0.0 ],
													"rotationOrigin": [ 0.1584, 0.264, 0.2112 ],
													"rotationZ": 25.0,
													"faces": {
														"north": { "texture": "#skin", "uv": [ 0.0, 0.5, 0.3168, 0.8168 ], "enabled": false },
														"east": { "texture": "#skin", "uv": [ 0.5, 0.5, 0.8168, 0.8168 ], "enabled": false },
														"south": { "texture": "#skin", "uv": [ 1.0, 0.5, 1.3168, 0.8168 ], "enabled": false },
														"west": { "texture": "#skin", "uv": [ 1.5, 0.5, 1.8168, 0.8168 ], "enabled": false },
														"up": { "texture": "#skin", "uv": [ 0.0, 0.0, 0.3168, 0.3168 ], "enabled": false },
														"down": { "texture": "#skin", "uv": [ 0.5, 0.0, 0.8168, 0.3168 ], "enabled": false }
													},
													"children": [
														{
															"name": "R front hoof 1",
															"from": [ -0.5808, -0.1056, -0.1584 ], 
															"to": [ -0.1584, 0.0528, 0.1584 ], 
															"unwrapMode": 4,
															"uv": [ 9.0, 26.5 ],
															"rotationOrigin": [ -0.0528, 0.0, 0.1056 ],
															"rotationZ": 55.0,
															"faces": {
																"north": { "texture": "#skin", "uv": [ 9.0, 27.0, 9.5, 27.5 ] },
																"east": { "texture": "#skin", "uv": [ 10.5, 27.0, 11.0, 27.5 ] },
																"south": { "texture": "#skin", "uv": [ 10.0, 27.0, 10.5, 27.5 ] },
																"west": { "texture": "#skin", "uv": [ 9.5, 27.0, 10.0, 27.5 ] },
																"up": { "texture": "#skin", "uv": [ 9.5, 26.5, 10.0, 27.0 ], "rotation": 90 },
																"down": { "texture": "#skin", "uv": [ 9.5, 27.5, 10.0, 28.0 ], "rotation": 90 }
															}
														},
														{
															"name": "R front hoof 2",
															"from": [ -0.4224, -0.3168, -0.1584 ], 
															"to": [ 0.1056, -0.1584, 0.1584 ], 
															"unwrapMode": 4,
															"uv": [ 9.5, 27.5 ],
															"rotationOrigin": [ 0.0528, -0.1056, 0.0528 ],
															"rotationZ": 27.0,
															"faces": {
																"north": { "texture": "#skin", "uv": [ 9.5, 28.0, 10.0, 28.5 ] },
																"east": { "texture": "#skin", "uv": [ 11.0, 28.0, 11.5, 28.5 ] },
																"south": { "texture": "#skin", "uv": [ 10.5, 28.0, 11.0, 28.5 ] },
																"west": { "texture": "#skin", "uv": [ 10.0, 28.0, 10.5, 28.5 ] },
																"up": { "texture": "#skin", "uv": [ 10.0, 27.5, 10.5, 28.0 ], "rotation": 90 },
																"down": { "texture": "#skin", "uv": [ 10.0, 28.5, 10.5, 29.0 ], "rotation": 90 }
															}
														}
													]
												}
											]
										}
									]
								}
							]
						}
					]
				}
			],
			"attachmentpoints": [
				{
					"code": "Center",
					"posX": "9.0","posY": "4.0","posZ": "5.0",
					"rotationX": "0.0","rotationY": "0.0","rotationZ": "0.0"
				}
			]
		}
	]}