{
	"editor": {
		"allAngles": true,
		"entityTextureMode": true
	},
	"textureWidth": 64,
	"textureHeight": 32,
	"textureSizes": {
		"skin": [64,32]
	},
	"textures": {
	},
	"elements": [
		{
			"name": "Body",
			"from": [ 2.09, 8.58, 5.03 ], 
			"to": [ 10.01, 15.51, 10.31 ], 
			"unwrapMode": 3,
			"unwrapRotation": 1,
			"uv": [ 0.0, 0.0 ],
			"rotationOrigin": [ 10.01, 12.045, 8.0 ],
			"rotationZ": -6.0,
			"faces": {
				"north": { "texture": "#skin", "uv": [ 16.5, 5.0, 23.0, 12.5 ], "rotation": 270 },
				"east": { "texture": "#skin", "uv": [ 5.0, 0.0, 11.5, 5.0 ], "rotation": 90 },
				"south": { "texture": "#skin", "uv": [ 5.0, 5.0, 11.5, 12.5 ], "rotation": 90 },
				"west": { "texture": "#skin", "uv": [ 5.0, 12.5, 11.5, 17.5 ], "rotation": 90 },
				"up": { "texture": "#skin", "uv": [ 0.0, 5.0, 5.0, 12.5 ], "rotation": 90 },
				"down": { "texture": "#skin", "uv": [ 11.5, 5.0, 16.5, 12.5 ], "rotation": 270 }
			},
			"children": [
				{
					"name": "neck",
					"from": [ -0.495, 3.3825, 1.4025 ], 
					"to": [ 3.3825, 8.4975, 3.8775 ], 
					"unwrapMode": 3,
					"unwrapRotation": 1,
					"uv": [ 23.0, 0.0 ],
					"rotationOrigin": [ 3.135, 3.3825, 2.64 ],
					"rotationZ": 40.0,
					"faces": {
						"north": { "texture": "#skin", "uv": [ 30.0, 2.0, 35.0, 5.5 ], "rotation": 270, "windMode": [-1,-1,-1,-1], "windData": [0,0,1,0] },
						"east": { "texture": "#skin", "uv": [ 25.0, 0.0, 30.0, 2.0 ], "rotation": 90, "windMode": [-1,-1,-1,-1], "windData": [1,0,0,1] },
						"south": { "texture": "#skin", "uv": [ 25.0, 2.0, 30.0, 5.5 ], "rotation": 90 },
						"west": { "texture": "#skin", "uv": [ 25.0, 5.5, 30.0, 7.5 ], "rotation": 90 },
						"up": { "texture": "#skin", "uv": [ 23.0, 2.0, 25.0, 5.5 ], "rotation": 90 },
						"down": { "texture": "#skin", "uv": [ 30.0, 2.0, 32.0, 5.5 ], "rotation": 270, "enabled": false, "windMode": [-1,-1,-1,-1], "windData": [0,1,1,0] }
					},
					"children": [
						{
							"name": "neck2",
							"from": [ 0.33, 3.29, 0.0825 ], 
							"to": [ 3.795, 8.24, 2.3925 ], 
							"unwrapMode": 3,
							"uv": [ 35.0, 0.0 ],
							"rotationOrigin": [ 3.63, 4.9375, 1.2375 ],
							"rotationZ": 3.0,
							"faces": {
								"north": { "texture": "#skin", "uv": [ 42.0, 2.0, 45.0, 6.5 ], "windMode": [-1,-1,-1,-1], "windData": [1,1,1,1] },
								"east": { "texture": "#skin", "uv": [ 40.0, 2.0, 42.0, 6.5 ], "windMode": [-1,-1,-1,-1], "windData": [1,1,1,1] },
								"south": { "texture": "#skin", "uv": [ 37.0, 2.0, 40.0, 6.5 ], "windMode": [-1,-1,-1,-1], "windData": [1,1,1,1] },
								"west": { "texture": "#skin", "uv": [ 35.0, 2.0, 37.0, 6.5 ], "windMode": [-1,-1,-1,-1], "windData": [1,1,1,1] },
								"up": { "texture": "#skin", "uv": [ 37.0, 0.0, 40.0, 2.0 ], "windMode": [-1,-1,-1,-1], "windData": [1,1,1,1] },
								"down": { "texture": "#skin", "uv": [ 37.0, 6.5, 40.0, 8.5 ], "rotation": 180, "enabled": false, "windMode": [-1,-1,-1,-1], "windData": [1,1,1,1] }
							},
							"children": [
								{
									"name": "head",
									"from": [ 1.65, 1.32, -0.33 ], 
									"to": [ 3.465, 5.0325, 2.64 ], 
									"unwrapMode": 4,
									"uv": [ 52.5, 19.0 ],
									"rotationOrigin": [ 3.465, 4.95, 1.2375 ],
									"rotationZ": -60.0,
									"faces": {
										"north": { "texture": "#skin", "uv": [ 52.5, 20.5, 54.0, 24.0 ] },
										"east": { "texture": "#skin", "uv": [ 58.0, 20.5, 60.5, 24.0 ] },
										"south": { "texture": "#skin", "uv": [ 56.5, 20.5, 58.0, 24.0 ] },
										"west": { "texture": "#skin", "uv": [ 54.0, 20.5, 56.5, 24.0 ] },
										"up": { "texture": "#skin", "uv": [ 54.0, 19.0, 56.5, 20.5 ], "rotation": 90 },
										"down": { "texture": "#skin", "uv": [ 54.0, 24.0, 56.5, 25.5 ], "rotation": 90 }
									},
									"children": [
										{
											"name": "mouth up",
											"from": [ -1.98, 0.495, 0.66 ], 
											"to": [ 0.495, 1.0725, 2.31 ], 
											"unwrapMode": 5,
											"unwrapRotation": 1,
											"uv": [ 0.0, 0.0 ],
											"rotationOrigin": [ 0.4125, 1.0725, 1.485 ],
											"rotationZ": 55.0,
											"faces": {
												"north": { "texture": "#skin", "uv": [ 0.0, 0.0, 0.5, 2.0 ], "rotation": 270 },
												"east": { "texture": "#skin", "uv": [ 0.5, 0.0, 2.0, 0.5 ], "rotation": 180, "enabled": false },
												"south": { "texture": "#skin", "uv": [ 2.0, 0.0, 2.5, 2.0 ], "rotation": 90 },
												"west": { "texture": "#skin", "uv": [ 0.5, 2.0, 2.0, 2.5 ] },
												"up": { "texture": "#skin", "uv": [ 0.5, 0.0, 2.0, 2.0 ], "rotation": 90 },
												"down": { "texture": "#skin", "uv": [ 2.5, 0.0, 4.0, 2.0 ], "rotation": 270 }
											},
											"children": [
												{
													"name": "nose",
													"from": [ -0.33, 0.165, 0.21 ], 
													"to": [ 0.77, 0.99, 1.435 ], 
													"unwrapMode": 4,
													"uv": [ 0.0, 2.5 ],
													"rotationOrigin": [ -0.33, 0.99, 0.93 ],
													"rotationZ": 16.0,
													"faces": {
														"north": { "texture": "#skin", "uv": [ 0.0, 3.5, 1.0, 4.0 ], "windMode": [-1,-1,-1,-1], "windData": [1,1,1,1] },
														"east": { "texture": "#skin", "uv": [ 3.0, 3.5, 4.0, 4.0 ], "windMode": [-1,-1,-1,-1], "windData": [1,1,1,1] },
														"south": { "texture": "#skin", "uv": [ 2.0, 3.5, 3.0, 4.0 ], "windMode": [-1,-1,-1,-1], "windData": [1,1,1,1] },
														"west": { "texture": "#skin", "uv": [ 1.0, 3.5, 2.0, 4.0 ], "windMode": [-1,-1,-1,-1], "windData": [1,1,1,1] },
														"up": { "texture": "#skin", "uv": [ 1.0, 2.5, 2.0, 3.5 ], "rotation": 90, "windMode": [-1,-1,-1,-1], "windData": [1,1,1,1] },
														"down": { "texture": "#skin", "uv": [ 1.0, 4.0, 2.0, 5.0 ], "rotation": 90, "windMode": [-1,-1,-1,-1], "windData": [1,1,1,1] }
													}
												},
												{
													"name": "nose bridge",
													"from": [ 0.495, 0.0, 0.27 ], 
													"to": [ 4.5375, 1.2375, 1.39 ], 
													"unwrapMode": 5,
													"unwrapRotation": 1,
													"uv": [ 1.5, 14.5 ],
													"rotationOrigin": [ 0.495, 0.0, 0.76 ],
													"rotationZ": 16.0,
													"faces": {
														"north": { "texture": "#skin", "uv": [ 1.5, 14.5, 2.5, 18.5 ], "rotation": 270 },
														"east": { "texture": "#skin", "uv": [ 2.5, 14.5, 3.5, 15.5 ], "rotation": 180, "enabled": false, "windMode": [-1,-1,-1,-1], "windData": [1,1,1,1] },
														"south": { "texture": "#skin", "uv": [ 3.5, 14.5, 4.5, 18.5 ], "rotation": 90 },
														"west": { "texture": "#skin", "uv": [ 2.5, 18.5, 3.5, 19.5 ], "windMode": [-1,-1,-1,-1], "windData": [1,1,1,1] },
														"up": { "texture": "#skin", "uv": [ 2.5, 14.5, 3.5, 18.5 ], "rotation": 90 },
														"down": { "texture": "#skin", "uv": [ 4.5, 14.5, 5.5, 18.5 ], "rotation": 270, "enabled": false }
													}
												}
											]
										},
										{
											"name": "R ear",
											"from": [ 0.99, 2.5575, -2.475 ], 
											"to": [ 1.32, 4.0425, 0.495 ], 
											"unwrapMode": 4,
											"uv": [ 36.0, 21.0 ],
											"rotationOrigin": [ 1.2375, 3.135, 0.495 ],
											"rotationX": 45.0,
											"rotationZ": 22.0,
											"faces": {
												"north": { "texture": "#skin", "uv": [ 36.0, 21.5, 36.5, 22.5 ] },
												"east": { "texture": "#skin", "uv": [ 39.0, 21.5, 41.5, 22.5 ] },
												"south": { "texture": "#skin", "uv": [ 39.0, 21.5, 39.5, 22.5 ], "enabled": false, "windMode": [-1,-1,-1,-1], "windData": [1,1,1,1] },
												"west": { "texture": "#skin", "uv": [ 36.5, 21.5, 39.0, 22.5 ] },
												"up": { "texture": "#skin", "uv": [ 36.5, 21.0, 39.0, 21.5 ], "rotation": 90 },
												"down": { "texture": "#skin", "uv": [ 36.5, 22.5, 39.0, 23.0 ], "rotation": 90 }
											}
										},
										{
											"name": "L ear",
											"from": [ 0.99, 2.5575, 2.475 ], 
											"to": [ 1.32, 4.0425, 5.445 ], 
											"unwrapMode": 4,
											"uv": [ 36.5, 18.5 ],
											"rotationOrigin": [ 1.2375, 3.135, 2.475 ],
											"rotationX": -45.0,
											"rotationZ": 22.0,
											"faces": {
												"north": { "texture": "#skin", "uv": [ 36.5, 19.0, 37.0, 20.0 ], "enabled": false },
												"east": { "texture": "#skin", "uv": [ 39.5, 19.0, 42.0, 20.0 ] },
												"south": { "texture": "#skin", "uv": [ 39.0, 19.0, 39.5, 20.0 ] },
												"west": { "texture": "#skin", "uv": [ 36.5, 19.0, 39.0, 20.0 ] },
												"up": { "texture": "#skin", "uv": [ 36.5, 18.5, 39.0, 19.0 ], "rotation": 90 },
												"down": { "texture": "#skin", "uv": [ 36.5, 20.0, 39.0, 20.5 ], "rotation": 90 }
											}
										},
										{
											"name": "jaw",
											"from": [ -1.2375, 0.0, 0.7425 ], 
											"to": [ 1.2375, 0.495, 2.2275 ], 
											"unwrapMode": 5,
											"unwrapRotation": 1,
											"uv": [ 0.0, 12.5 ],
											"rotationOrigin": [ 0.9075, 0.495, 1.485 ],
											"rotationZ": 42.0,
											"faces": {
												"north": { "texture": "#skin", "uv": [ 0.0, 12.5, 0.5, 14.5 ], "rotation": 270 },
												"east": { "texture": "#skin", "uv": [ 0.5, 12.5, 1.5, 13.0 ], "rotation": 180, "enabled": false },
												"south": { "texture": "#skin", "uv": [ 1.5, 12.5, 2.0, 14.5 ], "rotation": 90 },
												"west": { "texture": "#skin", "uv": [ 0.5, 14.5, 1.5, 15.0 ] },
												"up": { "texture": "#skin", "uv": [ 0.5, 12.5, 1.5, 14.5 ], "rotation": 90 },
												"down": { "texture": "#skin", "uv": [ 2.0, 12.5, 3.0, 14.5 ], "rotation": 270 }
											}
										},
										{
											"name": "Horn attachment",
											"from": [ 0.0, 2.97, 1.485 ], 
											"to": [ 0.99, 3.96, 2.475 ], 
											"uv": [ 0.0, 0.0 ],
											"rotationOrigin": [ 0.0, 2.97, 1.485 ],
											"faces": {
												"north": { "texture": "#skin", "uv": [ 0.0, 1.0, 0.99, 1.99 ], "enabled": false },
												"east": { "texture": "#skin", "uv": [ 1.0, 1.0, 1.99, 1.99 ], "enabled": false, "windMode": [-1,-1,-1,-1], "windData": [1,1,1,1] },
												"south": { "texture": "#skin", "uv": [ 1.0, 1.0, 1.99, 1.99 ], "enabled": false, "windMode": [-1,-1,-1,-1], "windData": [1,1,1,1] },
												"west": { "texture": "#skin", "uv": [ 1.0, 1.0, 1.99, 1.99 ], "enabled": false, "windMode": [-1,-1,-1,-1], "windData": [1,1,1,1] },
												"up": { "texture": "#skin", "uv": [ 0.0, 0.0, 0.99, 0.99 ], "enabled": false, "windMode": [-1,-1,-1,-1], "windData": [1,1,1,1] },
												"down": { "texture": "#skin", "uv": [ 1.0, 0.0, 1.99, 0.99 ], "enabled": false, "windMode": [-1,-1,-1,-1], "windData": [1,1,1,1] }
											},
											"children": [
												{
													"name": "R antler base",
													"from": [ 0.0825, -0.0825, -1.0725 ], 
													"to": [ 0.7425, 1.4025, -0.4125 ], 
													"unwrapMode": 4,
													"uv": [ 0.0, 30.0 ],
													"rotationOrigin": [ 0.0825, 0.7425, -0.4125 ],
													"rotationY": -25.0,
													"rotationZ": 25.0,
													"faces": {
														"north": { "texture": "#skin", "uv": [ 0.0, 30.5, 0.5, 31.5 ] },
														"east": { "texture": "#skin", "uv": [ 1.5, 30.5, 2.0, 31.5 ] },
														"south": { "texture": "#skin", "uv": [ 1.0, 30.5, 1.5, 31.5 ] },
														"west": { "texture": "#skin", "uv": [ 0.5, 30.5, 1.0, 31.5 ] },
														"up": { "texture": "#skin", "uv": [ 0.5, 30.0, 1.0, 30.5 ], "rotation": 90 },
														"down": { "texture": "#skin", "uv": [ 0.5, 31.5, 1.0, 32.0 ], "rotation": 90 }
													},
													"children": [
														{
															"name": "R antler branch 1",
															"from": [ 0.0825, 1.485, 0.0413 ], 
															"to": [ 0.66, 3.135, 0.6188 ], 
															"unwrapMode": 4,
															"uv": [ 0.0, 25.0 ],
															"rotationOrigin": [ 0.0825, 1.485, 0.66 ],
															"rotationZ": -15.0,
															"faces": {
																"north": { "texture": "#skin", "uv": [ 0.0, 25.5, 0.5, 27.0 ] },
																"east": { "texture": "#skin", "uv": [ 1.5, 25.5, 2.0, 27.0 ] },
																"south": { "texture": "#skin", "uv": [ 1.0, 25.5, 1.5, 27.0 ] },
																"west": { "texture": "#skin", "uv": [ 0.5, 25.5, 1.0, 27.0 ] },
																"up": { "texture": "#skin", "uv": [ 0.5, 25.0, 1.0, 25.5 ], "rotation": 90 },
																"down": { "texture": "#skin", "uv": [ 0.5, 27.0, 1.0, 27.5 ], "rotation": 90 }
															},
															"children": [
																{
																	"name": "R antler point 1",
																	"from": [ 0.0825, 1.5675, 0.0825 ], 
																	"to": [ 0.495, 4.0425, 0.495 ], 
																	"unwrapMode": 4,
																	"uv": [ 0.0, 22.0 ],
																	"rotationOrigin": [ 0.0825, 1.5675, 0.495 ],
																	"rotationX": 5.0,
																	"rotationY": -2.0,
																	"rotationZ": 5.0,
																	"faces": {
																		"north": { "texture": "#skin", "uv": [ 0.0, 22.5, 0.5, 24.5 ] },
																		"east": { "texture": "#skin", "uv": [ 1.5, 22.5, 2.0, 24.5 ] },
																		"south": { "texture": "#skin", "uv": [ 1.0, 22.5, 1.5, 24.5 ] },
																		"west": { "texture": "#skin", "uv": [ 0.5, 22.5, 1.0, 24.5 ] },
																		"up": { "texture": "#skin", "uv": [ 0.5, 22.0, 1.0, 22.5 ], "rotation": 90 },
																		"down": { "texture": "#skin", "uv": [ 0.5, 24.5, 1.0, 25.0 ], "rotation": 90 }
																	}
																}
															]
														},
														{
															"name": "R antler branch 2",
															"from": [ 0.0, 1.0725, 0.0413 ], 
															"to": [ 0.5775, 2.7225, 0.6188 ], 
															"unwrapMode": 4,
															"uv": [ 0.0, 27.5 ],
															"rotationOrigin": [ 0.0, 1.0502, 0.04 ],
															"rotationZ": 45.0,
															"faces": {
																"north": { "texture": "#skin", "uv": [ 0.0, 28.0, 0.5, 29.5 ] },
																"east": { "texture": "#skin", "uv": [ 1.5, 28.0, 2.0, 29.5 ] },
																"south": { "texture": "#skin", "uv": [ 1.0, 28.0, 1.5, 29.5 ] },
																"west": { "texture": "#skin", "uv": [ 0.5, 28.0, 1.0, 29.5 ] },
																"up": { "texture": "#skin", "uv": [ 0.5, 27.5, 1.0, 28.0 ], "rotation": 90 },
																"down": { "texture": "#skin", "uv": [ 0.5, 29.5, 1.0, 30.0 ], "rotation": 90 }
															},
															"children": [
																{
																	"name": "R antler point 2",
																	"from": [ 0.0825, 1.65, 0.0825 ], 
																	"to": [ 0.495, 3.27, 0.495 ], 
																	"unwrapMode": 4,
																	"uv": [ 0.0, 19.5 ],
																	"rotationOrigin": [ 0.0825, 1.6277, 0.0813 ],
																	"rotationX": 2.0,
																	"rotationZ": -25.0,
																	"faces": {
																		"north": { "texture": "#skin", "uv": [ 0.0, 20.0, 0.5, 21.5 ] },
																		"east": { "texture": "#skin", "uv": [ 1.5, 20.0, 2.0, 21.5 ] },
																		"south": { "texture": "#skin", "uv": [ 1.0, 20.0, 1.5, 21.5 ] },
																		"west": { "texture": "#skin", "uv": [ 0.5, 20.0, 1.0, 21.5 ] },
																		"up": { "texture": "#skin", "uv": [ 0.5, 19.5, 1.0, 20.0 ], "rotation": 90 },
																		"down": { "texture": "#skin", "uv": [ 0.5, 21.5, 1.0, 22.0 ], "rotation": 90 }
																	}
																}
															]
														}
													]
												},
												{
													"name": "L antler base",
													"from": [ 0.0825, -0.0825, 0.4125 ], 
													"to": [ 0.7425, 1.4025, 1.0725 ], 
													"unwrapMode": 4,
													"uv": [ 2.0, 30.0 ],
													"rotationOrigin": [ 0.0825, 0.7425, 0.4125 ],
													"rotationY": 25.0,
													"rotationZ": 25.0,
													"faces": {
														"north": { "texture": "#skin", "uv": [ 2.0, 30.5, 2.5, 31.5 ] },
														"east": { "texture": "#skin", "uv": [ 3.5, 30.5, 4.0, 31.5 ] },
														"south": { "texture": "#skin", "uv": [ 3.0, 30.5, 3.5, 31.5 ] },
														"west": { "texture": "#skin", "uv": [ 2.5, 30.5, 3.0, 31.5 ] },
														"up": { "texture": "#skin", "uv": [ 2.5, 30.0, 3.0, 30.5 ], "rotation": 90, "windMode": [-1,-1,-1,-1], "windData": [1,1,1,1] },
														"down": { "texture": "#skin", "uv": [ 2.5, 31.5, 3.0, 32.0 ], "rotation": 90, "windMode": [-1,-1,-1,-1], "windData": [1,1,1,1] }
													},
													"children": [
														{
															"name": "L antler branch 1",
															"from": [ 0.0825, 1.485, 0.0413 ], 
															"to": [ 0.66, 3.135, 0.6188 ], 
															"unwrapMode": 4,
															"uv": [ 2.0, 25.0 ],
															"rotationOrigin": [ 0.0825, 1.485, 0.0825 ],
															"rotationZ": -15.0,
															"faces": {
																"north": { "texture": "#skin", "uv": [ 2.0, 25.5, 2.5, 27.0 ] },
																"east": { "texture": "#skin", "uv": [ 3.5, 25.5, 4.0, 27.0 ] },
																"south": { "texture": "#skin", "uv": [ 3.0, 25.5, 3.5, 27.0 ] },
																"west": { "texture": "#skin", "uv": [ 2.5, 25.5, 3.0, 27.0 ] },
																"up": { "texture": "#skin", "uv": [ 2.5, 25.0, 3.0, 25.5 ], "rotation": 90 },
																"down": { "texture": "#skin", "uv": [ 2.5, 27.0, 3.0, 27.5 ], "rotation": 90 }
															},
															"children": [
																{
																	"name": "L antler point 1",
																	"from": [ 0.0825, 1.5675, 0.0825 ], 
																	"to": [ 0.495, 4.0425, 0.495 ], 
																	"unwrapMode": 4,
																	"uv": [ 2.0, 22.0 ],
																	"rotationOrigin": [ 0.0825, 1.5675, 0.1238 ],
																	"rotationX": -4.0,
																	"rotationY": 1.0,
																	"rotationZ": 9.0,
																	"faces": {
																		"north": { "texture": "#skin", "uv": [ 2.0, 22.5, 2.5, 24.5 ] },
																		"east": { "texture": "#skin", "uv": [ 3.5, 22.5, 4.0, 24.5 ] },
																		"south": { "texture": "#skin", "uv": [ 3.0, 22.5, 3.5, 24.5 ] },
																		"west": { "texture": "#skin", "uv": [ 2.5, 22.5, 3.0, 24.5 ] },
																		"up": { "texture": "#skin", "uv": [ 2.5, 22.0, 3.0, 22.5 ], "rotation": 90 },
																		"down": { "texture": "#skin", "uv": [ 2.5, 24.5, 3.0, 25.0 ], "rotation": 90 }
																	}
																}
															]
														},
														{
															"name": "L antlerbranch 2",
															"from": [ 0.0, 1.0725, 0.0413 ], 
															"to": [ 0.5775, 2.7225, 0.6188 ], 
															"unwrapMode": 4,
															"uv": [ 2.0, 27.5 ],
															"rotationOrigin": [ 0.0, 1.1041, 0.825 ],
															"rotationZ": 45.0,
															"faces": {
																"north": { "texture": "#skin", "uv": [ 2.0, 28.0, 2.5, 29.5 ] },
																"east": { "texture": "#skin", "uv": [ 3.5, 28.0, 4.0, 29.5 ] },
																"south": { "texture": "#skin", "uv": [ 3.0, 28.0, 3.5, 29.5 ] },
																"west": { "texture": "#skin", "uv": [ 2.5, 28.0, 3.0, 29.5 ] },
																"up": { "texture": "#skin", "uv": [ 2.5, 27.5, 3.0, 28.0 ], "rotation": 90 },
																"down": { "texture": "#skin", "uv": [ 2.5, 29.5, 3.0, 30.0 ], "rotation": 90 }
															},
															"children": [
																{
																	"name": "L antler point 2",
																	"from": [ 0.0825, 1.65, 0.0825 ], 
																	"to": [ 0.495, 3.27, 0.495 ], 
																	"unwrapMode": 4,
																	"uv": [ 2.0, 19.5 ],
																	"rotationOrigin": [ 0.0825, 1.6817, 0.495 ],
																	"rotationY": 4.0,
																	"rotationZ": -25.0,
																	"faces": {
																		"north": { "texture": "#skin", "uv": [ 2.0, 20.0, 2.5, 21.5 ] },
																		"east": { "texture": "#skin", "uv": [ 3.5, 20.0, 4.0, 21.5 ] },
																		"south": { "texture": "#skin", "uv": [ 3.0, 20.0, 3.5, 21.5 ] },
																		"west": { "texture": "#skin", "uv": [ 2.5, 20.0, 3.0, 21.5 ] },
																		"up": { "texture": "#skin", "uv": [ 2.5, 19.5, 3.0, 20.0 ], "rotation": 90 },
																		"down": { "texture": "#skin", "uv": [ 2.5, 21.5, 3.0, 22.0 ], "rotation": 90 }
																	}
																}
															]
														}
													]
												}
											]
										}
									]
								}
							]
						}
					]
				},
				{
					"name": "abdomen",
					"from": [ 7.26, 0.0, 0.165 ], 
					"to": [ 15.345, 6.93, 5.115 ], 
					"unwrapMode": 3,
					"unwrapRotation": 1,
					"uv": [ 7.0, 13.0 ],
					"rotationOrigin": [ 7.26, 3.465, 2.64 ],
					"rotationZ": 8.0,
					"faces": {
						"north": { "texture": "#skin", "uv": [ 22.5, 17.5, 29.0, 25.5 ], "rotation": 270 },
						"east": { "texture": "#skin", "uv": [ 11.5, 13.0, 18.0, 17.5 ], "rotation": 90 },
						"south": { "texture": "#skin", "uv": [ 11.5, 17.5, 18.0, 25.5 ], "rotation": 90 },
						"west": { "texture": "#skin", "uv": [ 11.5, 25.5, 18.0, 30.0 ], "rotation": 90 },
						"up": { "texture": "#skin", "uv": [ 7.0, 17.5, 11.5, 25.5 ], "rotation": 90 },
						"down": { "texture": "#skin", "uv": [ 18.0, 17.5, 22.5, 25.5 ], "rotation": 270 }
					},
					"children": [
						{
							"name": "L back Thigh",
							"from": [ 3.63, -0.33, 3.63 ], 
							"to": [ 8.58, 5.61, 5.61 ], 
							"unwrapMode": 3,
							"uv": [ 35.0, 7.5 ],
							"rotationOrigin": [ 5.61, 4.0425, 4.62 ],
							"rotationX": 3.0,
							"rotationZ": -23.0,
							"faces": {
								"north": { "texture": "#skin", "uv": [ 42.5, 9.0, 47.0, 14.5 ] },
								"east": { "texture": "#skin", "uv": [ 41.0, 9.0, 42.5, 14.5 ] },
								"south": { "texture": "#skin", "uv": [ 36.5, 9.0, 41.0, 14.5 ] },
								"west": { "texture": "#skin", "uv": [ 35.0, 9.0, 36.5, 14.5 ] },
								"up": { "texture": "#skin", "uv": [ 36.5, 7.5, 41.0, 9.0 ], "windMode": [-1,-1,-1,-1], "windData": [0,0,1,1] },
								"down": { "texture": "#skin", "uv": [ 36.5, 14.5, 41.0, 16.0 ], "rotation": 180 }
							},
							"children": [
								{
									"name": "L back Upper Arm",
									"from": [ 0.33, -4.95, 0.165 ], 
									"to": [ 2.31, 0.66, 1.7325 ], 
									"unwrapMode": 3,
									"uv": [ 29.5, 15.0 ],
									"rotationOrigin": [ 1.32, 0.5775, 0.99 ],
									"rotationX": 1.0,
									"rotationZ": 86.0,
									"faces": {
										"north": { "texture": "#skin", "uv": [ 34.0, 16.5, 35.5, 22.0 ] },
										"east": { "texture": "#skin", "uv": [ 32.5, 16.5, 34.0, 22.0 ] },
										"south": { "texture": "#skin", "uv": [ 31.0, 16.5, 32.5, 22.0 ] },
										"west": { "texture": "#skin", "uv": [ 29.5, 16.5, 31.0, 22.0 ] },
										"up": { "texture": "#skin", "uv": [ 31.0, 15.0, 32.5, 16.5 ] },
										"down": { "texture": "#skin", "uv": [ 31.0, 22.0, 32.5, 23.5 ], "rotation": 180 }
									},
									"children": [
										{
											"name": "L back lower arm",
											"from": [ 0.03, -5.22, 0.165 ], 
											"to": [ 1.185, 0.39, 1.155 ], 
											"unwrapMode": 3,
											"uv": [ 22.0, 25.5 ],
											"rotationOrigin": [ 0.7725, 0.39, 0.7425 ],
											"rotationX": -4.0,
											"rotationZ": -63.0,
											"faces": {
												"north": { "texture": "#skin", "uv": [ 24.0, 26.0, 25.0, 31.5 ] },
												"east": { "texture": "#skin", "uv": [ 23.5, 26.0, 24.0, 31.5 ] },
												"south": { "texture": "#skin", "uv": [ 22.5, 26.0, 23.5, 31.5 ] },
												"west": { "texture": "#skin", "uv": [ 22.0, 26.0, 22.5, 31.5 ] },
												"up": { "texture": "#skin", "uv": [ 22.5, 25.5, 23.5, 26.0 ] },
												"down": { "texture": "#skin", "uv": [ 22.5, 31.5, 23.5, 32.0 ], "rotation": 180 }
											},
											"children": [
												{
													"name": "L back pastern",
													"from": [ 0.0825, -1.56, 0.0 ], 
													"to": [ 1.0725, 0.915, 0.99 ], 
													"unwrapMode": 3,
													"uv": [ 25.5, 29.0 ],
													"rotationOrigin": [ 0.66, 0.8375, 0.495 ],
													"rotationZ": -17.0,
													"faces": {
														"north": { "texture": "#skin", "uv": [ 27.0, 29.5, 27.5, 31.5 ] },
														"east": { "texture": "#skin", "uv": [ 26.5, 29.5, 27.0, 31.5 ] },
														"south": { "texture": "#skin", "uv": [ 26.0, 29.5, 26.5, 31.5 ] },
														"west": { "texture": "#skin", "uv": [ 25.5, 29.5, 26.0, 31.5 ] },
														"up": { "texture": "#skin", "uv": [ 26.0, 29.0, 26.5, 29.5 ] },
														"down": { "texture": "#skin", "uv": [ 26.0, 31.5, 26.5, 32.0 ], "rotation": 180 }
													},
													"children": [
														{
															"name": "L origin hind hoof",
															"from": [ 0.5775, 0.7425, 0.5775 ], 
															"to": [ 0.5775, 0.7425, 0.5775 ], 
															"uv": [ 0.0, 0.0 ],
															"rotationOrigin": [ 0.5775, 0.7425, 0.5775 ],
															"rotationZ": -6.0,
															"faces": {
																"north": { "texture": "#skin", "uv": [ 0.0, 0.5, 0.495, 0.995 ], "enabled": false },
																"east": { "texture": "#skin", "uv": [ 0.5, 0.5, 0.995, 0.995 ], "enabled": false },
																"south": { "texture": "#skin", "uv": [ 1.0, 0.5, 1.495, 0.995 ], "enabled": false },
																"west": { "texture": "#skin", "uv": [ 1.5, 0.5, 1.995, 0.995 ], "enabled": false },
																"up": { "texture": "#skin", "uv": [ 0.0, 0.0, 0.495, 0.495 ], "enabled": false },
																"down": { "texture": "#skin", "uv": [ 0.5, 0.0, 0.995, 0.495 ], "enabled": false }
															},
															"children": [
																{
																	"name": "L hind hoof 1",
																	"from": [ -1.65, -0.33, -0.495 ], 
																	"to": [ -0.33, 0.165, 0.33 ], 
																	"unwrapMode": 4,
																	"uv": [ 40.0, 28.0 ],
																	"rotationOrigin": [ -0.2475, 0.0825, 0.33 ],
																	"rotationZ": 55.0,
																	"faces": {
																		"north": { "texture": "#skin", "uv": [ 40.0, 29.0, 41.0, 29.5 ] },
																		"east": { "texture": "#skin", "uv": [ 42.5, 29.0, 43.0, 29.5 ] },
																		"south": { "texture": "#skin", "uv": [ 41.5, 29.0, 42.5, 29.5 ] },
																		"west": { "texture": "#skin", "uv": [ 41.0, 29.0, 41.5, 29.5 ] },
																		"up": { "texture": "#skin", "uv": [ 41.0, 28.0, 41.5, 29.0 ], "rotation": 90 },
																		"down": { "texture": "#skin", "uv": [ 41.0, 29.5, 41.5, 30.5 ], "rotation": 90 }
																	}
																},
																{
																	"name": "L hind hoof 2",
																	"from": [ -0.99, -0.825, -0.495 ], 
																	"to": [ 0.33, -0.33, 0.33 ], 
																	"unwrapMode": 4,
																	"uv": [ 39.5, 29.5 ],
																	"rotationOrigin": [ 0.165, -0.33, 0.2475 ],
																	"rotationZ": 27.0,
																	"faces": {
																		"north": { "texture": "#skin", "uv": [ 39.5, 30.5, 40.5, 31.0 ] },
																		"east": { "texture": "#skin", "uv": [ 42.0, 30.5, 42.5, 31.0 ] },
																		"south": { "texture": "#skin", "uv": [ 41.0, 30.5, 42.0, 31.0 ] },
																		"west": { "texture": "#skin", "uv": [ 40.5, 30.5, 41.0, 31.0 ] },
																		"up": { "texture": "#skin", "uv": [ 40.5, 29.5, 41.0, 30.5 ], "rotation": 90 },
																		"down": { "texture": "#skin", "uv": [ 40.5, 31.0, 41.0, 32.0 ], "rotation": 90 }
																	}
																}
															]
														}
													]
												}
											]
										}
									]
								}
							]
						},
						{
							"name": "tail",
							"from": [ 7.1775, 4.455, 1.65 ], 
							"to": [ 8.1675, 6.435, 3.135 ], 
							"unwrapMode": 3,
							"unwrapRotation": 1,
							"uv": [ 11.5, 0.0 ],
							"rotationOrigin": [ 7.1775, 6.435, 2.31 ],
							"rotationZ": 28.0,
							"faces": {
								"north": { "texture": "#skin", "uv": [ 15.0, 1.0, 16.5, 1.5 ], "rotation": 270, "windMode": [-1,-1,-1,-1], "windData": [0,1,1,0] },
								"east": { "texture": "#skin", "uv": [ 12.5, 0.0, 14.0, 1.0 ], "rotation": 90, "windMode": [-1,-1,-1,-1], "windData": [0,1,1,0] },
								"south": { "texture": "#skin", "uv": [ 12.5, 1.0, 14.0, 1.5 ], "rotation": 90 },
								"west": { "texture": "#skin", "uv": [ 12.5, 1.5, 14.0, 2.5 ], "rotation": 90, "windMode": [-1,-1,-1,-1], "windData": [0,0,1,1] },
								"up": { "texture": "#skin", "uv": [ 11.5, 1.0, 12.5, 1.5 ], "rotation": 90, "windMode": [-1,-1,-1,-1], "windData": [1,1,1,1] },
								"down": { "texture": "#skin", "uv": [ 14.0, 1.0, 15.0, 1.5 ], "rotation": 270, "windMode": [-1,-1,-1,-1] }
							},
							"children": [
								{
									"name": "tail-end",
									"from": [ 0.0, -2.2275, 0.0825 ], 
									"to": [ 1.155, 0.4125, 1.4025 ], 
									"unwrapMode": 3,
									"unwrapRotation": 1,
									"uv": [ 13.0, 2.0 ],
									"rotationOrigin": [ 0.0, 0.33, 0.7425 ],
									"rotationZ": -22.0,
									"faces": {
										"north": { "texture": "#skin", "uv": [ 17.5, 3.0, 20.0, 4.0 ], "rotation": 270 },
										"east": { "texture": "#skin", "uv": [ 14.0, 2.0, 16.5, 3.0 ], "rotation": 90 },
										"south": { "texture": "#skin", "uv": [ 14.0, 3.0, 16.5, 4.0 ], "rotation": 90 },
										"west": { "texture": "#skin", "uv": [ 14.0, 4.0, 16.5, 5.0 ], "rotation": 90 },
										"up": { "texture": "#skin", "uv": [ 13.0, 3.0, 14.0, 4.0 ], "rotation": 90, "windMode": [-1,-1,-1,-1], "windData": [1,1,1,1] },
										"down": { "texture": "#skin", "uv": [ 16.5, 3.0, 17.5, 4.0 ], "rotation": 270 }
									}
								}
							]
						},
						{
							"name": "R back Thigh",
							"from": [ 3.63, -0.33, -0.7425 ], 
							"to": [ 8.58, 5.61, 1.2375 ], 
							"unwrapMode": 1,
							"uv": [ 23.0, 7.5 ],
							"rotationOrigin": [ 5.61, 4.0425, 0.2475 ],
							"rotationX": -3.0,
							"rotationZ": -23.0,
							"faces": {
								"north": { "texture": "#skin", "uv": [ 24.5, 9.0, 29.0, 14.5 ] },
								"east": { "texture": "#skin", "uv": [ 23.0, 9.0, 24.5, 14.5 ] },
								"south": { "texture": "#skin", "uv": [ 30.5, 9.0, 35.0, 14.5 ] },
								"west": { "texture": "#skin", "uv": [ 29.0, 9.0, 30.5, 14.5 ] },
								"up": { "texture": "#skin", "uv": [ 24.5, 7.5, 29.0, 9.0 ], "rotation": 180 },
								"down": { "texture": "#skin", "uv": [ 24.5, 14.5, 29.0, 16.0 ] }
							},
							"children": [
								{
									"name": "R back Upper Arm",
									"from": [ 0.33, -4.95, 0.165 ], 
									"to": [ 2.31, 0.66, 1.7325 ], 
									"unwrapMode": 1,
									"uv": [ 29.5, 23.5 ],
									"rotationOrigin": [ 1.32, 0.5775, 0.99 ],
									"rotationX": -1.0,
									"rotationZ": 55.0,
									"faces": {
										"north": { "texture": "#skin", "uv": [ 31.0, 25.0, 32.5, 30.5 ] },
										"east": { "texture": "#skin", "uv": [ 29.5, 25.0, 31.0, 30.5 ] },
										"south": { "texture": "#skin", "uv": [ 34.0, 25.0, 35.5, 30.5 ] },
										"west": { "texture": "#skin", "uv": [ 32.5, 25.0, 34.0, 30.5 ] },
										"up": { "texture": "#skin", "uv": [ 31.0, 23.5, 32.5, 25.0 ], "rotation": 180 },
										"down": { "texture": "#skin", "uv": [ 31.0, 30.5, 32.5, 32.0 ] }
									},
									"children": [
										{
											"name": "R back lower arm",
											"from": [ 0.33, -4.62, 0.33 ], 
											"to": [ 1.485, 0.99, 1.32 ], 
											"unwrapMode": 1,
											"uv": [ 18.5, 25.5 ],
											"rotationOrigin": [ 1.0725, 0.99, 0.9075 ],
											"rotationX": 4.0,
											"rotationZ": -63.0,
											"faces": {
												"north": { "texture": "#skin", "uv": [ 19.0, 26.0, 20.0, 31.5 ] },
												"east": { "texture": "#skin", "uv": [ 18.5, 26.0, 19.0, 31.5 ] },
												"south": { "texture": "#skin", "uv": [ 20.5, 26.0, 21.5, 31.5 ] },
												"west": { "texture": "#skin", "uv": [ 20.0, 26.0, 20.5, 31.5 ] },
												"up": { "texture": "#skin", "uv": [ 19.0, 25.5, 20.0, 26.0 ], "rotation": 180 },
												"down": { "texture": "#skin", "uv": [ 19.0, 31.5, 20.0, 32.0 ] }
											},
											"children": [
												{
													"name": "R back pastern",
													"from": [ 0.0825, -1.155, 0.0 ], 
													"to": [ 1.0725, 1.32, 0.99 ], 
													"unwrapMode": 1,
													"uv": [ 25.5, 25.83 ],
													"rotationOrigin": [ 0.66, 1.2375, 0.495 ],
													"rotationZ": 1.0,
													"faces": {
														"north": { "texture": "#skin", "uv": [ 26.0, 26.5, 26.5, 28.5 ] },
														"east": { "texture": "#skin", "uv": [ 25.5, 26.5, 26.0, 28.5 ] },
														"south": { "texture": "#skin", "uv": [ 27.0, 26.5, 27.5, 28.5 ] },
														"west": { "texture": "#skin", "uv": [ 26.5, 26.5, 27.0, 28.5 ] },
														"up": { "texture": "#skin", "uv": [ 26.0, 26.0, 26.5, 26.5 ], "rotation": 180 },
														"down": { "texture": "#skin", "uv": [ 26.0, 28.5, 26.5, 29.0 ] }
													},
													"children": [
														{
															"name": "R origin hind hoof",
															"from": [ 0.5775, 0.7425, 0.5775 ], 
															"to": [ 0.5775, 0.7425, 0.5775 ], 
															"uv": [ 0.0, 0.0 ],
															"rotationOrigin": [ 0.5775, 0.7425, 0.5775 ],
															"faces": {
																"north": { "texture": "#skin", "uv": [ 0.0, 0.5, 0.495, 0.995 ], "enabled": false },
																"east": { "texture": "#skin", "uv": [ 0.5, 0.5, 0.995, 0.995 ], "enabled": false },
																"south": { "texture": "#skin", "uv": [ 1.0, 0.5, 1.495, 0.995 ], "enabled": false },
																"west": { "texture": "#skin", "uv": [ 1.5, 0.5, 1.995, 0.995 ], "enabled": false },
																"up": { "texture": "#skin", "uv": [ 0.0, 0.0, 0.495, 0.495 ], "enabled": false },
																"down": { "texture": "#skin", "uv": [ 0.5, 0.0, 0.995, 0.495 ], "enabled": false }
															},
															"children": [
																{
																	"name": "R hind hoof 1",
																	"from": [ -1.65, -0.33, -0.495 ], 
																	"to": [ -0.33, 0.165, 0.33 ], 
																	"unwrapMode": 4,
																	"uv": [ 36.5, 29.5 ],
																	"rotationOrigin": [ -0.2475, 0.0825, 0.33 ],
																	"rotationZ": 55.0,
																	"faces": {
																		"north": { "texture": "#skin", "uv": [ 36.5, 30.5, 37.5, 31.0 ] },
																		"east": { "texture": "#skin", "uv": [ 39.0, 30.5, 39.5, 31.0 ] },
																		"south": { "texture": "#skin", "uv": [ 38.0, 30.5, 39.0, 31.0 ] },
																		"west": { "texture": "#skin", "uv": [ 37.5, 30.5, 38.0, 31.0 ] },
																		"up": { "texture": "#skin", "uv": [ 37.5, 29.5, 38.0, 30.5 ], "rotation": 90 },
																		"down": { "texture": "#skin", "uv": [ 37.5, 31.0, 38.0, 32.0 ], "rotation": 90 }
																	}
																},
																{
																	"name": "R hind hoof 2",
																	"from": [ -0.99, -0.825, -0.495 ], 
																	"to": [ 0.33, -0.33, 0.33 ], 
																	"unwrapMode": 4,
																	"uv": [ 37.0, 28.0 ],
																	"rotationOrigin": [ 0.165, -0.33, 0.2475 ],
																	"rotationZ": 27.0,
																	"faces": {
																		"north": { "texture": "#skin", "uv": [ 37.0, 29.0, 38.0, 29.5 ] },
																		"east": { "texture": "#skin", "uv": [ 39.5, 29.0, 40.0, 29.5 ] },
																		"south": { "texture": "#skin", "uv": [ 38.5, 29.0, 39.5, 29.5 ] },
																		"west": { "texture": "#skin", "uv": [ 38.0, 29.0, 38.5, 29.5 ] },
																		"up": { "texture": "#skin", "uv": [ 38.0, 28.0, 38.5, 29.0 ], "rotation": 90 },
																		"down": { "texture": "#skin", "uv": [ 38.0, 29.5, 38.5, 30.5 ], "rotation": 90 }
																	}
																}
															]
														}
													]
												}
											]
										}
									]
								}
							]
						}
					]
				},
				{
					"name": "L front Thigh",
					"from": [ 0.7425, 0.0, 4.455 ], 
					"to": [ 4.0425, 5.775, 6.0225 ], 
					"unwrapMode": 3,
					"uv": [ 46.0, 0.0 ],
					"rotationOrigin": [ 2.2275, 2.97, 5.445 ],
					"rotationX": 3.0,
					"rotationZ": 15.0,
					"faces": {
						"north": { "texture": "#skin", "uv": [ 52.0, 1.5, 55.0, 7.0 ] },
						"east": { "texture": "#skin", "uv": [ 50.5, 1.5, 52.0, 7.0 ] },
						"south": { "texture": "#skin", "uv": [ 47.5, 1.5, 50.5, 7.0 ] },
						"west": { "texture": "#skin", "uv": [ 46.0, 1.5, 47.5, 7.0 ] },
						"up": { "texture": "#skin", "uv": [ 47.5, 0.0, 50.5, 1.5 ], "windMode": [-1,-1,-1,-1] },
						"down": { "texture": "#skin", "uv": [ 47.5, 7.0, 50.5, 8.5 ], "rotation": 180 }
					},
					"children": [
						{
							"name": "L front Upper Arm",
							"from": [ 0.495, -3.3, 0.165 ], 
							"to": [ 2.145, 0.99, 1.32 ], 
							"unwrapMode": 3,
							"uv": [ 47.5, 9.0 ],
							"rotationOrigin": [ 1.485, 0.495, 0.99 ],
							"rotationX": 1.0,
							"rotationZ": 6.0,
							"faces": {
								"north": { "texture": "#skin", "uv": [ 51.0, 10.0, 52.5, 14.0 ] },
								"east": { "texture": "#skin", "uv": [ 50.0, 10.0, 51.0, 14.0 ] },
								"south": { "texture": "#skin", "uv": [ 48.5, 10.0, 50.0, 14.0 ] },
								"west": { "texture": "#skin", "uv": [ 47.5, 10.0, 48.5, 14.0 ] },
								"up": { "texture": "#skin", "uv": [ 48.5, 9.0, 50.0, 10.0 ] },
								"down": { "texture": "#skin", "uv": [ 48.5, 14.0, 50.0, 15.0 ], "rotation": 180 }
							},
							"children": [
								{
									"name": "L front lower arm",
									"from": [ 0.2475, -3.96, 0.0825 ], 
									"to": [ 1.2375, 0.99, 1.0725 ], 
									"unwrapMode": 3,
									"uv": [ 53.5, 7.5 ],
									"rotationOrigin": [ 0.99, 0.495, 0.66 ],
									"rotationX": -3.0,
									"rotationZ": -6.0,
									"faces": {
										"north": { "texture": "#skin", "uv": [ 55.0, 8.0, 55.5, 12.5 ] },
										"east": { "texture": "#skin", "uv": [ 54.5, 8.0, 55.0, 12.5 ] },
										"south": { "texture": "#skin", "uv": [ 54.0, 8.0, 54.5, 12.5 ] },
										"west": { "texture": "#skin", "uv": [ 53.5, 8.0, 54.0, 12.5 ] },
										"up": { "texture": "#skin", "uv": [ 54.0, 7.5, 54.5, 8.0 ] },
										"down": { "texture": "#skin", "uv": [ 54.0, 12.5, 54.5, 13.0 ], "rotation": 180 }
									},
									"children": [
										{
											"name": "L front pastern",
											"from": [ 0.0, -1.93, 0.0 ], 
											"to": [ 0.99, 0.545, 0.99 ], 
											"unwrapMode": 3,
											"uv": [ 50.5, 14.5 ],
											"rotationOrigin": [ 0.0825, 0.46, 0.495 ],
											"rotationX": -1.0,
											"rotationZ": -14.0,
											"faces": {
												"north": { "texture": "#skin", "uv": [ 52.0, 15.0, 52.5, 17.0 ] },
												"east": { "texture": "#skin", "uv": [ 51.5, 15.0, 52.0, 17.0 ] },
												"south": { "texture": "#skin", "uv": [ 51.0, 15.0, 51.5, 17.0 ] },
												"west": { "texture": "#skin", "uv": [ 50.5, 15.0, 51.0, 17.0 ] },
												"up": { "texture": "#skin", "uv": [ 51.0, 14.5, 51.5, 15.0 ] },
												"down": { "texture": "#skin", "uv": [ 51.0, 17.0, 51.5, 17.5 ], "rotation": 180 }
											},
											"children": [
												{
													"name": "L origin hoof",
													"from": [ 0.495, 0.7425, 0.5775 ], 
													"to": [ 0.495, 0.7425, 0.5775 ], 
													"uv": [ 0.0, 0.0 ],
													"rotationOrigin": [ 0.495, 0.7425, 0.5775 ],
													"rotationZ": -17.0,
													"faces": {
														"north": { "texture": "#skin", "uv": [ 0.0, 0.5, 0.495, 0.995 ], "enabled": false },
														"east": { "texture": "#skin", "uv": [ 0.5, 0.5, 0.995, 0.995 ], "enabled": false },
														"south": { "texture": "#skin", "uv": [ 1.0, 0.5, 1.495, 0.995 ], "enabled": false },
														"west": { "texture": "#skin", "uv": [ 1.5, 0.5, 1.995, 0.995 ], "enabled": false },
														"up": { "texture": "#skin", "uv": [ 0.0, 0.0, 0.495, 0.495 ], "enabled": false },
														"down": { "texture": "#skin", "uv": [ 0.5, 0.0, 0.995, 0.495 ], "enabled": false }
													},
													"children": [
														{
															"name": "L front hoof 1",
															"from": [ -1.65, -0.33, -0.495 ], 
															"to": [ -0.33, 0.0825, 0.33 ], 
															"unwrapMode": 4,
															"uv": [ 40.5, 26.5 ],
															"rotationOrigin": [ -0.2475, 0.0825, 0.33 ],
															"rotationZ": 55.0,
															"faces": {
																"north": { "texture": "#skin", "uv": [ 40.5, 27.5, 41.5, 28.0 ] },
																"east": { "texture": "#skin", "uv": [ 43.0, 27.5, 43.5, 28.0 ] },
																"south": { "texture": "#skin", "uv": [ 42.0, 27.5, 43.0, 28.0 ] },
																"west": { "texture": "#skin", "uv": [ 41.5, 27.5, 42.0, 28.0 ] },
																"up": { "texture": "#skin", "uv": [ 41.5, 26.5, 42.0, 27.5 ], "rotation": 90 },
																"down": { "texture": "#skin", "uv": [ 41.5, 28.0, 42.0, 29.0 ], "rotation": 90 }
															}
														},
														{
															"name": "L front hoof 2",
															"from": [ -0.99, -0.825, -0.495 ], 
															"to": [ 0.33, -0.33, 0.33 ], 
															"unwrapMode": 4,
															"uv": [ 41.0, 25.0 ],
															"rotationOrigin": [ 0.165, -0.33, 0.2475 ],
															"rotationZ": 27.0,
															"faces": {
																"north": { "texture": "#skin", "uv": [ 41.0, 26.0, 42.0, 26.5 ] },
																"east": { "texture": "#skin", "uv": [ 43.5, 26.0, 44.0, 26.5 ] },
																"south": { "texture": "#skin", "uv": [ 42.5, 26.0, 43.5, 26.5 ] },
																"west": { "texture": "#skin", "uv": [ 42.0, 26.0, 42.5, 26.5 ] },
																"up": { "texture": "#skin", "uv": [ 42.0, 25.0, 42.5, 26.0 ], "rotation": 90 },
																"down": { "texture": "#skin", "uv": [ 42.0, 26.5, 42.5, 27.5 ], "rotation": 90 }
															}
														}
													]
												}
											]
										}
									]
								}
							]
						}
					]
				},
				{
					"name": "R front Thigh",
					"from": [ 0.7425, 0.0, -0.5775 ], 
					"to": [ 4.0425, 5.775, 0.99 ], 
					"unwrapMode": 1,
					"uv": [ 55.0, 0.0 ],
					"rotationOrigin": [ 2.2275, 2.97, 0.0 ],
					"rotationX": -3.0,
					"rotationZ": 15.0,
					"faces": {
						"north": { "texture": "#skin", "uv": [ 56.5, 1.5, 59.5, 7.0 ] },
						"east": { "texture": "#skin", "uv": [ 55.0, 1.5, 56.5, 7.0 ] },
						"south": { "texture": "#skin", "uv": [ 61.0, 1.5, 64.0, 7.0 ] },
						"west": { "texture": "#skin", "uv": [ 59.5, 1.5, 61.0, 7.0 ] },
						"up": { "texture": "#skin", "uv": [ 56.5, 0.0, 59.5, 1.5 ], "rotation": 180 },
						"down": { "texture": "#skin", "uv": [ 56.5, 7.0, 59.5, 8.5 ] }
					},
					"children": [
						{
							"name": "R front Upper Arm",
							"from": [ 0.495, -3.3, 0.165 ], 
							"to": [ 2.145, 0.99, 1.32 ], 
							"unwrapMode": 1,
							"uv": [ 56.0, 9.0 ],
							"rotationOrigin": [ 1.485, 0.495, 0.99 ],
							"rotationX": -1.0,
							"rotationZ": 11.0,
							"faces": {
								"north": { "texture": "#skin", "uv": [ 57.0, 10.0, 58.5, 14.0 ] },
								"east": { "texture": "#skin", "uv": [ 56.0, 10.0, 57.0, 14.0 ] },
								"south": { "texture": "#skin", "uv": [ 59.5, 10.0, 61.0, 14.0 ] },
								"west": { "texture": "#skin", "uv": [ 58.5, 10.0, 59.5, 14.0 ] },
								"up": { "texture": "#skin", "uv": [ 57.0, 9.0, 58.5, 10.0 ], "rotation": 180 },
								"down": { "texture": "#skin", "uv": [ 57.0, 14.0, 58.5, 15.0 ] }
							},
							"children": [
								{
									"name": "R front lower arm",
									"from": [ 0.2475, -4.16, 0.0825 ], 
									"to": [ 1.2375, 0.79, 1.0725 ], 
									"unwrapMode": 1,
									"uv": [ 61.5, 7.5 ],
									"rotationOrigin": [ 0.99, 0.295, 0.825 ],
									"rotationX": 3.0,
									"rotationZ": -6.0,
									"faces": {
										"north": { "texture": "#skin", "uv": [ 62.0, 8.0, 62.5, 12.5 ] },
										"east": { "texture": "#skin", "uv": [ 61.5, 8.0, 62.0, 12.5 ] },
										"south": { "texture": "#skin", "uv": [ 63.0, 8.0, 63.5, 12.5 ] },
										"west": { "texture": "#skin", "uv": [ 62.5, 8.0, 63.0, 12.5 ] },
										"up": { "texture": "#skin", "uv": [ 62.0, 7.5, 62.5, 8.0 ], "rotation": 180 },
										"down": { "texture": "#skin", "uv": [ 62.0, 12.5, 62.5, 13.0 ] }
									},
									"children": [
										{
											"name": "R front pastern",
											"from": [ 0.0, -1.83, 0.0 ], 
											"to": [ 0.99, 0.645, 0.99 ], 
											"unwrapMode": 1,
											"uv": [ 59.0, 14.5 ],
											"rotationOrigin": [ 0.0825, 0.56, 0.495 ],
											"rotationX": -1.0,
											"rotationZ": -19.0,
											"faces": {
												"north": { "texture": "#skin", "uv": [ 59.5, 15.0, 60.0, 17.0 ] },
												"east": { "texture": "#skin", "uv": [ 59.0, 15.0, 59.5, 17.0 ] },
												"south": { "texture": "#skin", "uv": [ 60.5, 15.0, 61.0, 17.0 ] },
												"west": { "texture": "#skin", "uv": [ 60.0, 15.0, 60.5, 17.0 ] },
												"up": { "texture": "#skin", "uv": [ 59.5, 14.5, 60.0, 15.0 ], "rotation": 180 },
												"down": { "texture": "#skin", "uv": [ 59.5, 17.0, 60.0, 17.5 ] }
											},
											"children": [
												{
													"name": "R origin hoof",
													"from": [ 0.495, 0.7425, 0.5775 ], 
													"to": [ 0.495, 0.7425, 0.5775 ], 
													"uv": [ 0.0, 0.0 ],
													"rotationOrigin": [ 0.495, 0.7425, 0.5775 ],
													"rotationZ": -19.0,
													"faces": {
														"north": { "texture": "#skin", "uv": [ 0.0, 0.5, 0.495, 0.995 ], "enabled": false },
														"east": { "texture": "#skin", "uv": [ 0.5, 0.5, 0.995, 0.995 ], "enabled": false },
														"south": { "texture": "#skin", "uv": [ 1.0, 0.5, 1.495, 0.995 ], "enabled": false },
														"west": { "texture": "#skin", "uv": [ 1.5, 0.5, 1.995, 0.995 ], "enabled": false },
														"up": { "texture": "#skin", "uv": [ 0.0, 0.0, 0.495, 0.495 ], "enabled": false },
														"down": { "texture": "#skin", "uv": [ 0.5, 0.0, 0.995, 0.495 ], "enabled": false }
													},
													"children": [
														{
															"name": "R front hoof 1",
															"from": [ -1.65, -0.33, -0.495 ], 
															"to": [ -0.33, 0.0825, 0.33 ], 
															"unwrapMode": 4,
															"uv": [ 37.5, 26.5 ],
															"rotationOrigin": [ -0.2475, 0.0825, 0.33 ],
															"rotationZ": 55.0,
															"faces": {
																"north": { "texture": "#skin", "uv": [ 37.5, 27.5, 38.5, 28.0 ] },
																"east": { "texture": "#skin", "uv": [ 40.0, 27.5, 40.5, 28.0 ] },
																"south": { "texture": "#skin", "uv": [ 39.0, 27.5, 40.0, 28.0 ] },
																"west": { "texture": "#skin", "uv": [ 38.5, 27.5, 39.0, 28.0 ] },
																"up": { "texture": "#skin", "uv": [ 38.5, 26.5, 39.0, 27.5 ], "rotation": 90 },
																"down": { "texture": "#skin", "uv": [ 38.5, 28.0, 39.0, 29.0 ], "rotation": 90 }
															}
														},
														{
															"name": "R front hoof 2",
															"from": [ -0.99, -0.825, -0.495 ], 
															"to": [ 0.33, -0.33, 0.33 ], 
															"unwrapMode": 4,
															"uv": [ 38.0, 25.0 ],
															"rotationOrigin": [ 0.165, -0.33, 0.2475 ],
															"rotationZ": 27.0,
															"faces": {
																"north": { "texture": "#skin", "uv": [ 38.0, 26.0, 39.0, 26.5 ] },
																"east": { "texture": "#skin", "uv": [ 40.5, 26.0, 41.0, 26.5 ] },
																"south": { "texture": "#skin", "uv": [ 39.5, 26.0, 40.5, 26.5 ] },
																"west": { "texture": "#skin", "uv": [ 39.0, 26.0, 39.5, 26.5 ] },
																"up": { "texture": "#skin", "uv": [ 39.0, 25.0, 39.5, 26.0 ], "rotation": 90 },
																"down": { "texture": "#skin", "uv": [ 39.0, 26.5, 39.5, 27.5 ], "rotation": 90 }
															}
														}
													]
												}
											]
										}
									]
								}
							]
						}
					]
				}
			],
			"attachmentpoints": [
				{
					"code": "Center",
					"posX": "9.0","posY": "4.0","posZ": "5.0",
					"rotationX": "0.0","rotationY": "0.0","rotationZ": "0.0"
				}
			]
		}
	]}