{
	"editor": {
		"allAngles": true,
		"entityTextureMode": false
	},
	"textureWidth": 16,
	"textureHeight": 16,
	"textureSizes": {
	},
	"textures": {
		"mycelium1": "game:block/plant/mushroom/mycelium1",
		"elfinsaddle": "game:block/plant/mushroom/elfinsaddle/elfinsaddle"
	},
	"elements": [
		{
			"name": "origin",
			"from": [ 8.0, 0.0, 8.0 ], 
			"to": [ 8.0, 0.0, 8.0 ], 
			"rotationOrigin": [ 8.0, 0.0, 8.0 ],
			"faces": {
				"north": { "texture": "#null", "uv": [ 0.0, 0.0, 0.5, 0.5 ], "enabled": false },
				"east": { "texture": "#null", "uv": [ 0.0, 0.0, 0.5, 0.5 ], "enabled": false },
				"south": { "texture": "#null", "uv": [ 0.0, 0.0, 0.5, 0.5 ], "enabled": false },
				"west": { "texture": "#null", "uv": [ 0.0, 0.0, 0.5, 0.5 ], "enabled": false },
				"up": { "texture": "#null", "uv": [ 0.0, 0.0, 0.5, 0.5 ], "enabled": false },
				"down": { "texture": "#null", "uv": [ 0.0, 0.0, 0.5, 0.5 ], "enabled": false }
			},
			"children": [
				{
					"name": "stem1",
					"from": [ -1.1, -0.3, -0.5 ], 
					"to": [ -0.1, 1.7, 0.5 ], 
					"rotationOrigin": [ -0.6, -0.2, 0.0 ],
					"rotationY": 28.0,
					"rotationZ": 14.0,
					"faces": {
						"north": { "texture": "#elfinsaddle", "uv": [ 1.0, 14.0, 2.0, 16.0 ] },
						"east": { "texture": "#elfinsaddle", "uv": [ 0.5, 13.0, 1.5, 15.0 ] },
						"south": { "texture": "#elfinsaddle", "uv": [ 0.5, 13.5, 1.5, 15.5 ] },
						"west": { "texture": "#elfinsaddle", "uv": [ 1.5, 13.5, 2.5, 15.5 ] },
						"up": { "texture": "#elfinsaddle", "uv": [ 0.0, 0.0, 1.0, 1.0 ], "enabled": false },
						"down": { "texture": "#elfinsaddle", "uv": [ 1.0, 15.0, 2.0, 16.0 ] }
					},
					"children": [
						{
							"name": "cap1",
							"from": [ -0.5, 1.8, -0.5 ], 
							"to": [ 1.5, 3.8, 1.5 ], 
							"rotationOrigin": [ 0.5, 1.8, 0.5 ],
							"rotationZ": -19.0,
							"faces": {
								"north": { "texture": "#elfinsaddle", "uv": [ 7.5, 1.5, 9.5, 3.5 ] },
								"east": { "texture": "#elfinsaddle", "uv": [ 6.0, 4.5, 8.0, 6.5 ] },
								"south": { "texture": "#elfinsaddle", "uv": [ 7.5, 3.5, 9.5, 5.5 ] },
								"west": { "texture": "#elfinsaddle", "uv": [ 7.0, 5.0, 9.0, 7.0 ] },
								"up": { "texture": "#elfinsaddle", "uv": [ 8.0, 4.5, 10.0, 6.5 ] },
								"down": { "texture": "#elfinsaddle", "uv": [ 7.5, 4.5, 9.5, 6.5 ] }
							},
							"children": [
								{
									"name": "tip1",
									"from": [ -0.2, 0.6, -0.2 ], 
									"to": [ 1.2, 2.4, 1.2 ], 
									"rotationOrigin": [ 1.0, 2.0, 1.0 ],
									"faces": {
										"north": { "texture": "#elfinsaddle", "uv": [ 8.0, 1.5, 9.0, 3.0 ] },
										"east": { "texture": "#elfinsaddle", "uv": [ 7.5, 0.0, 8.5, 1.5 ] },
										"south": { "texture": "#elfinsaddle", "uv": [ 8.5, 3.0, 9.5, 4.5 ] },
										"west": { "texture": "#elfinsaddle", "uv": [ 7.5, 6.0, 8.5, 7.5 ] },
										"up": { "texture": "#elfinsaddle", "uv": [ 9.5, 4.5, 10.5, 5.5 ] },
										"down": { "texture": "#elfinsaddle", "uv": [ 6.5, 4.0, 7.5, 5.0 ] }
									}
								}
							]
						}
					]
				},
				{
					"name": "stem5",
					"from": [ 2.5, -0.4, -4.5 ], 
					"to": [ 3.5, 1.6, -3.5 ], 
					"rotationOrigin": [ 3.0, -0.3, -4.0 ],
					"rotationX": 14.0,
					"rotationZ": -3.0,
					"faces": {
						"north": { "texture": "#elfinsaddle", "uv": [ 1.0, 14.0, 2.0, 16.0 ] },
						"east": { "texture": "#elfinsaddle", "uv": [ 0.5, 13.0, 1.5, 15.0 ] },
						"south": { "texture": "#elfinsaddle", "uv": [ 0.5, 13.5, 1.5, 15.5 ] },
						"west": { "texture": "#elfinsaddle", "uv": [ 1.5, 13.5, 2.5, 15.5 ] },
						"up": { "texture": "#elfinsaddle", "uv": [ 0.0, 0.0, 1.0, 1.0 ], "enabled": false },
						"down": { "texture": "#elfinsaddle", "uv": [ 1.0, 15.0, 2.0, 16.0 ] }
					},
					"children": [
						{
							"name": "cap6",
							"from": [ -0.5, 1.6, -0.5 ], 
							"to": [ 1.5, 3.6, 1.5 ], 
							"rotationOrigin": [ 0.5, 1.6, 0.5 ],
							"rotationX": -14.0,
							"rotationZ": 17.0,
							"faces": {
								"north": { "texture": "#elfinsaddle", "uv": [ 6.5, 10.5, 8.5, 12.5 ] },
								"east": { "texture": "#elfinsaddle", "uv": [ 6.5, 8.5, 8.5, 10.5 ] },
								"south": { "texture": "#elfinsaddle", "uv": [ 7.5, 10.0, 9.5, 12.0 ] },
								"west": { "texture": "#elfinsaddle", "uv": [ 7.0, 10.5, 9.0, 12.5 ] },
								"up": { "texture": "#elfinsaddle", "uv": [ 7.5, 10.5, 9.5, 12.5 ] },
								"down": { "texture": "#elfinsaddle", "uv": [ 7.0, 10.5, 9.0, 12.5 ] }
							},
							"children": [
								{
									"name": "tip7",
									"from": [ 0.9, 0.5, -0.2 ], 
									"to": [ 2.4, 2.5, 1.3 ], 
									"rotationOrigin": [ 1.0, 2.0, 1.0 ],
									"rotationX": 0.0,
									"rotationY": 0.0,
									"rotationZ": 0.0,
									"faces": {
										"north": { "texture": "#elfinsaddle", "uv": [ 8.0, 10.0, 9.5, 12.0 ] },
										"east": { "texture": "#elfinsaddle", "uv": [ 7.5, 8.5, 9.0, 10.5 ] },
										"south": { "texture": "#elfinsaddle", "uv": [ 7.0, 9.5, 8.5, 11.5 ] },
										"west": { "texture": "#elfinsaddle", "uv": [ 7.5, 8.5, 9.0, 10.5 ] },
										"up": { "texture": "#elfinsaddle", "uv": [ 7.0, 11.0, 8.5, 12.5 ] },
										"down": { "texture": "#elfinsaddle", "uv": [ 0.0, 0.0, 1.0, 1.0 ], "enabled": false, "autoUv": false }
									}
								}
							]
						}
					]
				},
				{
					"name": "stem8",
					"from": [ -3.5, -0.1, 0.5 ], 
					"to": [ -2.5, 0.9, 1.5 ], 
					"rotationOrigin": [ -3.0, 0.0, 1.0 ],
					"rotationY": 6.0,
					"rotationZ": 8.0,
					"faces": {
						"north": { "texture": "#elfinsaddle", "uv": [ 1.0, 14.0, 2.0, 15.0 ] },
						"east": { "texture": "#elfinsaddle", "uv": [ 0.5, 13.0, 1.5, 14.0 ] },
						"south": { "texture": "#elfinsaddle", "uv": [ 0.5, 13.5, 1.5, 14.5 ] },
						"west": { "texture": "#elfinsaddle", "uv": [ 1.5, 13.5, 2.5, 14.5 ] },
						"up": { "texture": "#elfinsaddle", "uv": [ 0.0, 0.0, 1.0, 1.0 ], "enabled": false },
						"down": { "texture": "#elfinsaddle", "uv": [ 1.0, 15.0, 2.0, 16.0 ] }
					},
					"children": [
						{
							"name": "cap9",
							"from": [ -0.8, 0.8, -0.8 ], 
							"to": [ 1.7, 2.8, 1.7 ], 
							"rotationOrigin": [ 0.5, 0.8, 0.5 ],
							"rotationX": 6.0,
							"rotationY": 19.0,
							"rotationZ": -8.0,
							"faces": {
								"north": { "texture": "#elfinsaddle", "uv": [ 7.5, 9.5, 10.0, 11.5 ] },
								"east": { "texture": "#elfinsaddle", "uv": [ 6.0, 10.0, 8.5, 12.0 ] },
								"south": { "texture": "#elfinsaddle", "uv": [ 7.0, 9.0, 9.5, 11.0 ] },
								"west": { "texture": "#elfinsaddle", "uv": [ 6.0, 13.5, 8.5, 15.5 ] },
								"up": { "texture": "#elfinsaddle", "uv": [ 7.5, 10.0, 10.0, 12.5 ] },
								"down": { "texture": "#elfinsaddle", "uv": [ 8.0, 10.0, 10.5, 12.5 ] }
							}
						}
					]
				},
				{
					"name": "stem10",
					"from": [ 1.5, -0.2, 2.5 ], 
					"to": [ 2.5, 1.3, 3.5 ], 
					"rotationOrigin": [ 2.0, -0.1, 3.0 ],
					"rotationY": 36.0,
					"rotationZ": -6.0,
					"faces": {
						"north": { "texture": "#elfinsaddle", "uv": [ 4.0, 14.0, 5.0, 15.5 ] },
						"east": { "texture": "#elfinsaddle", "uv": [ 3.0, 13.5, 4.0, 15.0 ] },
						"south": { "texture": "#elfinsaddle", "uv": [ 3.0, 13.5, 4.0, 15.0 ] },
						"west": { "texture": "#elfinsaddle", "uv": [ 3.0, 14.5, 4.0, 16.0 ] },
						"up": { "texture": "#elfinsaddle", "uv": [ 0.0, 0.0, 1.0, 1.0 ], "enabled": false },
						"down": { "texture": "#elfinsaddle", "uv": [ 4.0, 14.0, 5.0, 15.0 ] }
					},
					"children": [
						{
							"name": "cap11",
							"from": [ -0.5, 1.3, -0.5 ], 
							"to": [ 1.5, 2.8, 1.5 ], 
							"rotationOrigin": [ 0.5, 1.3, 0.5 ],
							"rotationX": -11.0,
							"rotationZ": 8.0,
							"faces": {
								"north": { "texture": "#elfinsaddle", "uv": [ 11.5, 2.0, 13.5, 3.5 ] },
								"east": { "texture": "#elfinsaddle", "uv": [ 12.0, 4.5, 14.0, 6.0 ] },
								"south": { "texture": "#elfinsaddle", "uv": [ 11.0, 3.5, 13.0, 5.0 ] },
								"west": { "texture": "#elfinsaddle", "uv": [ 12.0, 2.5, 14.0, 4.0 ] },
								"up": { "texture": "#elfinsaddle", "uv": [ 11.0, 4.5, 13.0, 6.5 ] },
								"down": { "texture": "#elfinsaddle", "uv": [ 11.5, 4.0, 13.5, 6.0 ] }
							},
							"children": [
								{
									"name": "tip12",
									"from": [ 0.7, 0.5, -0.3 ], 
									"to": [ 2.2, 2.0, 1.2 ], 
									"rotationOrigin": [ 1.0, 1.5, 1.0 ],
									"faces": {
										"north": { "texture": "#elfinsaddle", "uv": [ 13.5, 4.5, 15.0, 6.0 ] },
										"east": { "texture": "#elfinsaddle", "uv": [ 11.0, 3.0, 12.5, 4.5 ] },
										"south": { "texture": "#elfinsaddle", "uv": [ 12.5, 5.0, 14.0, 6.5 ] },
										"west": { "texture": "#elfinsaddle", "uv": [ 13.0, 4.5, 14.5, 6.0 ] },
										"up": { "texture": "#elfinsaddle", "uv": [ 12.5, 5.0, 14.0, 6.5 ] },
										"down": { "texture": "#elfinsaddle", "uv": [ 11.0, 1.5, 12.5, 3.0 ] }
									}
								},
								{
									"name": "tip23",
									"from": [ -0.3, 0.5, 0.7 ], 
									"to": [ 0.7, 2.5, 1.7 ], 
									"rotationOrigin": [ 1.0, 1.5, 1.0 ],
									"faces": {
										"north": { "texture": "#elfinsaddle", "uv": [ 13.5, 4.5, 14.5, 6.5 ] },
										"east": { "texture": "#elfinsaddle", "uv": [ 11.0, 3.0, 12.0, 5.0 ] },
										"south": { "texture": "#elfinsaddle", "uv": [ 12.5, 5.0, 13.5, 7.0 ] },
										"west": { "texture": "#elfinsaddle", "uv": [ 13.0, 4.5, 14.0, 6.5 ] },
										"up": { "texture": "#elfinsaddle", "uv": [ 12.5, 5.0, 13.5, 6.0 ] },
										"down": { "texture": "#elfinsaddle", "uv": [ 11.0, 1.5, 12.0, 2.5 ] }
									}
								}
							]
						}
					]
				},
				{
					"name": "stem13",
					"from": [ -2.5, -0.2, -2.5 ], 
					"to": [ -1.5, 0.8, -1.5 ], 
					"rotationOrigin": [ -2.0, -0.1, -2.0 ],
					"rotationX": -6.0,
					"rotationY": 3.0,
					"rotationZ": 14.0,
					"faces": {
						"north": { "texture": "#elfinsaddle", "uv": [ 3.0, 6.0, 4.0, 7.0 ] },
						"east": { "texture": "#elfinsaddle", "uv": [ 2.0, 5.0, 3.0, 6.0 ] },
						"south": { "texture": "#elfinsaddle", "uv": [ 2.0, 6.0, 3.0, 7.0 ] },
						"west": { "texture": "#elfinsaddle", "uv": [ 1.5, 6.0, 2.5, 7.0 ] },
						"up": { "texture": "#elfinsaddle", "uv": [ 0.0, 0.0, 1.0, 1.0 ], "enabled": false },
						"down": { "texture": "#elfinsaddle", "uv": [ 1.5, 6.5, 2.5, 7.5 ] }
					},
					"children": [
						{
							"name": "cap14",
							"from": [ -0.5, 0.9, -0.5 ], 
							"to": [ 1.5, 1.9, 1.5 ], 
							"rotationOrigin": [ 0.5, 0.9, 0.5 ],
							"rotationY": 14.0,
							"rotationZ": -14.0,
							"faces": {
								"north": { "texture": "#elfinsaddle", "uv": [ 13.0, 9.0, 15.0, 10.0 ] },
								"east": { "texture": "#elfinsaddle", "uv": [ 11.0, 11.0, 13.0, 12.0 ] },
								"south": { "texture": "#elfinsaddle", "uv": [ 11.5, 9.0, 13.5, 10.0 ] },
								"west": { "texture": "#elfinsaddle", "uv": [ 12.0, 10.5, 14.0, 11.5 ] },
								"up": { "texture": "#elfinsaddle", "uv": [ 12.5, 9.5, 14.5, 11.5 ] },
								"down": { "texture": "#elfinsaddle", "uv": [ 10.5, 9.5, 12.5, 11.5 ] }
							},
							"children": [
								{
									"name": "tip15",
									"from": [ 1.0, 0.5, 0.3 ], 
									"to": [ 2.5, 1.5, 1.8 ], 
									"rotationOrigin": [ 1.0, 1.0, 1.0 ],
									"faces": {
										"north": { "texture": "#elfinsaddle", "uv": [ 12.0, 13.5, 13.5, 14.5 ] },
										"east": { "texture": "#elfinsaddle", "uv": [ 12.0, 11.0, 13.5, 12.0 ] },
										"south": { "texture": "#elfinsaddle", "uv": [ 11.5, 9.5, 13.0, 10.5 ] },
										"west": { "texture": "#elfinsaddle", "uv": [ 10.5, 13.0, 12.0, 14.0 ] },
										"up": { "texture": "#elfinsaddle", "uv": [ 12.5, 8.5, 14.0, 10.0 ] },
										"down": { "texture": "#elfinsaddle", "uv": [ 12.5, 12.0, 14.0, 13.5 ] }
									}
								},
								{
									"name": "tip22",
									"from": [ -0.1, 0.5, -0.4 ], 
									"to": [ 1.4, 2.0, 1.1 ], 
									"rotationOrigin": [ 1.0, 1.0, 1.0 ],
									"faces": {
										"north": { "texture": "#elfinsaddle", "uv": [ 12.0, 13.5, 13.5, 15.0 ] },
										"east": { "texture": "#elfinsaddle", "uv": [ 12.0, 11.0, 13.5, 12.5 ] },
										"south": { "texture": "#elfinsaddle", "uv": [ 11.5, 9.5, 13.0, 11.0 ] },
										"west": { "texture": "#elfinsaddle", "uv": [ 10.5, 13.0, 12.0, 14.5 ] },
										"up": { "texture": "#elfinsaddle", "uv": [ 12.5, 8.5, 14.0, 10.0 ] },
										"down": { "texture": "#elfinsaddle", "uv": [ 12.5, 12.0, 14.0, 13.5 ] }
									}
								}
							]
						}
					]
				},
				{
					"name": "stem16",
					"from": [ -1.5, -0.2, 3.5 ], 
					"to": [ -0.5, 0.8, 4.5 ], 
					"rotationOrigin": [ -1.0, -0.1, 4.0 ],
					"rotationX": -6.0,
					"rotationY": 44.0,
					"rotationZ": 3.0,
					"faces": {
						"north": { "texture": "#elfinsaddle", "uv": [ 0.5, 15.0, 1.5, 16.0 ] },
						"east": { "texture": "#elfinsaddle", "uv": [ 0.5, 14.5, 1.5, 15.5 ] },
						"south": { "texture": "#elfinsaddle", "uv": [ 0.5, 14.0, 1.5, 15.0 ] },
						"west": { "texture": "#elfinsaddle", "uv": [ 0.5, 13.5, 1.5, 14.5 ] },
						"up": { "texture": "#elfinsaddle", "uv": [ 0.0, 0.0, 1.0, 1.0 ], "enabled": false },
						"down": { "texture": "#elfinsaddle", "uv": [ 0.0, 11.5, 1.0, 12.5 ] }
					},
					"children": [
						{
							"name": "cap17",
							"from": [ -0.5, 0.9, -0.5 ], 
							"to": [ 1.5, 1.9, 1.5 ], 
							"rotationOrigin": [ 0.5, 0.9, 0.5 ],
							"rotationY": -42.0,
							"faces": {
								"north": { "texture": "#elfinsaddle", "uv": [ 7.0, 2.5, 9.0, 3.5 ] },
								"east": { "texture": "#elfinsaddle", "uv": [ 6.0, 3.5, 8.0, 4.5 ] },
								"south": { "texture": "#elfinsaddle", "uv": [ 6.5, 2.5, 8.5, 3.5 ] },
								"west": { "texture": "#elfinsaddle", "uv": [ 7.0, 5.0, 9.0, 6.0 ] },
								"up": { "texture": "#elfinsaddle", "uv": [ 6.0, 5.0, 8.0, 7.0 ] },
								"down": { "texture": "#elfinsaddle", "uv": [ 5.5, 3.0, 7.5, 5.0 ] }
							},
							"children": [
								{
									"name": "tip18",
									"from": [ 0.5, 1.0, 0.0 ], 
									"to": [ 2.0, 1.5, 1.5 ], 
									"rotationOrigin": [ 1.3, 1.0, 0.7 ],
									"faces": {
										"north": { "texture": "#elfinsaddle", "uv": [ 7.0, 3.0, 8.5, 3.5 ] },
										"east": { "texture": "#elfinsaddle", "uv": [ 8.0, 3.5, 9.5, 4.0 ] },
										"south": { "texture": "#elfinsaddle", "uv": [ 8.5, 2.0, 10.0, 2.5 ] },
										"west": { "texture": "#elfinsaddle", "uv": [ 8.0, 6.5, 9.5, 7.0 ] },
										"up": { "texture": "#elfinsaddle", "uv": [ 7.5, 4.0, 9.0, 5.5 ] },
										"down": { "texture": "#elfinsaddle", "uv": [ 0.0, 0.0, 1.5, 1.5 ], "enabled": false }
									}
								}
							]
						}
					]
				},
				{
					"name": "stem19",
					"from": [ 2.5, -0.2, -0.5 ], 
					"to": [ 3.5, 0.8, 0.5 ], 
					"rotationOrigin": [ 3.0, -0.1, 0.0 ],
					"rotationX": -6.0,
					"rotationY": 3.0,
					"rotationZ": 3.0,
					"faces": {
						"north": { "texture": "#elfinsaddle", "uv": [ 0.5, 15.0, 1.5, 16.0 ] },
						"east": { "texture": "#elfinsaddle", "uv": [ 0.5, 14.5, 1.5, 15.5 ] },
						"south": { "texture": "#elfinsaddle", "uv": [ 0.5, 14.0, 1.5, 15.0 ] },
						"west": { "texture": "#elfinsaddle", "uv": [ 0.5, 13.5, 1.5, 14.5 ] },
						"up": { "texture": "#elfinsaddle", "uv": [ 0.0, 0.0, 1.0, 1.0 ], "enabled": false },
						"down": { "texture": "#elfinsaddle", "uv": [ 0.0, 11.5, 1.0, 12.5 ] }
					},
					"children": [
						{
							"name": "cap20",
							"from": [ -0.5, 0.9, -0.5 ], 
							"to": [ 1.5, 1.9, 1.5 ], 
							"rotationOrigin": [ 0.5, 0.9, 0.5 ],
							"rotationY": -42.0,
							"faces": {
								"north": { "texture": "#elfinsaddle", "uv": [ 11.0, 2.0, 13.0, 3.0 ] },
								"east": { "texture": "#elfinsaddle", "uv": [ 12.0, 3.0, 14.0, 4.0 ] },
								"south": { "texture": "#elfinsaddle", "uv": [ 10.5, 2.5, 12.5, 3.5 ] },
								"west": { "texture": "#elfinsaddle", "uv": [ 11.5, 4.5, 13.5, 5.5 ] },
								"up": { "texture": "#elfinsaddle", "uv": [ 11.0, 3.5, 13.0, 5.5 ] },
								"down": { "texture": "#elfinsaddle", "uv": [ 12.5, 4.0, 14.5, 6.0 ] }
							},
							"children": [
								{
									"name": "tip21",
									"from": [ 0.0, 1.0, 0.0 ], 
									"to": [ 1.5, 1.5, 1.5 ], 
									"rotationOrigin": [ 1.0, 1.0, 1.0 ],
									"faces": {
										"north": { "texture": "#elfinsaddle", "uv": [ 11.0, 3.0, 12.5, 3.5 ] },
										"east": { "texture": "#elfinsaddle", "uv": [ 11.5, 3.5, 13.0, 4.0 ] },
										"south": { "texture": "#elfinsaddle", "uv": [ 12.5, 2.0, 14.0, 2.5 ] },
										"west": { "texture": "#elfinsaddle", "uv": [ 12.0, 5.0, 13.5, 5.5 ] },
										"up": { "texture": "#elfinsaddle", "uv": [ 13.5, 2.5, 15.0, 4.0 ] },
										"down": { "texture": "#elfinsaddle", "uv": [ 0.0, 0.0, 1.5, 1.5 ], "enabled": false }
									}
								},
								{
									"name": "tip24",
									"from": [ 1.2, 0.8, 1.2 ], 
									"to": [ 2.2, 1.8, 2.2 ], 
									"rotationOrigin": [ 1.0, 1.0, 1.0 ],
									"faces": {
										"north": { "texture": "#elfinsaddle", "uv": [ 11.0, 3.0, 12.0, 4.0 ] },
										"east": { "texture": "#elfinsaddle", "uv": [ 11.5, 3.5, 12.5, 4.5 ] },
										"south": { "texture": "#elfinsaddle", "uv": [ 12.5, 2.0, 13.5, 3.0 ] },
										"west": { "texture": "#elfinsaddle", "uv": [ 12.0, 5.0, 13.0, 6.0 ] },
										"up": { "texture": "#elfinsaddle", "uv": [ 13.5, 2.5, 14.5, 3.5 ] },
										"down": { "texture": "#elfinsaddle", "uv": [ 12.0, 2.0, 13.0, 3.0 ] }
									}
								}
							]
						}
					]
				},
				{
					"name": "mycelium",
					"from": [ -5.0, 0.1, -5.0 ], 
					"to": [ 5.0, 0.1, 5.0 ], 
					"renderPass": 3,
					"rotationOrigin": [ 0.0, 0.1, 0.0 ],
					"faces": {
						"north": { "texture": "#elfinsaddle", "uv": [ 0.0, 0.0, 10.0, 0.5 ], "enabled": false },
						"east": { "texture": "#elfinsaddle", "uv": [ 0.0, 0.0, 10.0, 0.5 ], "enabled": false },
						"south": { "texture": "#elfinsaddle", "uv": [ 0.0, 0.0, 10.0, 0.5 ], "enabled": false },
						"west": { "texture": "#elfinsaddle", "uv": [ 0.0, 0.0, 10.0, 0.5 ], "enabled": false },
						"up": { "texture": "#mycelium1", "uv": [ 3.0, 3.0, 13.0, 13.0 ] },
						"down": { "texture": "#elfinsaddle", "uv": [ 0.0, 0.0, 10.0, 10.0 ], "enabled": false }
					}
				}
			]
		},
		{
			"name": "origin26",
			"from": [ 24.0, 0.0, 8.0 ], 
			"to": [ 24.0, 0.0, 8.0 ], 
			"rotationOrigin": [ 24.0, 0.0, 8.0 ],
			"rotationY": -180.0,
			"faces": {
				"north": { "texture": "#null", "uv": [ 0.0, 0.0, 0.5, 0.5 ], "enabled": false },
				"east": { "texture": "#null", "uv": [ 0.0, 0.0, 0.5, 0.5 ], "enabled": false },
				"south": { "texture": "#null", "uv": [ 0.0, 0.0, 0.5, 0.5 ], "enabled": false },
				"west": { "texture": "#null", "uv": [ 0.0, 0.0, 0.5, 0.5 ], "enabled": false },
				"up": { "texture": "#null", "uv": [ 0.0, 0.0, 0.5, 0.5 ], "enabled": false },
				"down": { "texture": "#null", "uv": [ 0.0, 0.0, 0.5, 0.5 ], "enabled": false }
			},
			"children": [
				{
					"name": "stem27",
					"from": [ -1.1, -0.3, -0.5 ], 
					"to": [ -0.1, 1.7, 0.5 ], 
					"rotationOrigin": [ -0.6, -0.2, 0.0 ],
					"rotationY": 28.0,
					"rotationZ": 14.0,
					"faces": {
						"north": { "texture": "#elfinsaddle", "uv": [ 1.0, 14.0, 2.0, 16.0 ] },
						"east": { "texture": "#elfinsaddle", "uv": [ 0.5, 13.0, 1.5, 15.0 ] },
						"south": { "texture": "#elfinsaddle", "uv": [ 0.5, 13.5, 1.5, 15.5 ] },
						"west": { "texture": "#elfinsaddle", "uv": [ 1.5, 13.5, 2.5, 15.5 ] },
						"up": { "texture": "#elfinsaddle", "uv": [ 0.0, 0.0, 1.0, 1.0 ], "enabled": false },
						"down": { "texture": "#elfinsaddle", "uv": [ 1.0, 15.0, 2.0, 16.0 ] }
					},
					"children": [
						{
							"name": "cap28",
							"from": [ -0.5, 1.8, -0.5 ], 
							"to": [ 1.5, 3.8, 1.5 ], 
							"rotationOrigin": [ 0.5, 1.8, 0.5 ],
							"rotationZ": -19.0,
							"faces": {
								"north": { "texture": "#elfinsaddle", "uv": [ 7.5, 1.5, 9.5, 3.5 ] },
								"east": { "texture": "#elfinsaddle", "uv": [ 6.0, 4.5, 8.0, 6.5 ] },
								"south": { "texture": "#elfinsaddle", "uv": [ 7.5, 3.5, 9.5, 5.5 ] },
								"west": { "texture": "#elfinsaddle", "uv": [ 7.0, 5.0, 9.0, 7.0 ] },
								"up": { "texture": "#elfinsaddle", "uv": [ 8.0, 4.5, 10.0, 6.5 ] },
								"down": { "texture": "#elfinsaddle", "uv": [ 7.5, 4.5, 9.5, 6.5 ] }
							},
							"children": [
								{
									"name": "tip29",
									"from": [ -0.2, 0.6, -0.2 ], 
									"to": [ 1.2, 2.4, 1.2 ], 
									"rotationOrigin": [ 1.0, 2.0, 1.0 ],
									"faces": {
										"north": { "texture": "#elfinsaddle", "uv": [ 8.0, 1.5, 9.0, 3.0 ] },
										"east": { "texture": "#elfinsaddle", "uv": [ 7.5, 0.0, 8.5, 1.5 ] },
										"south": { "texture": "#elfinsaddle", "uv": [ 8.5, 3.0, 9.5, 4.5 ] },
										"west": { "texture": "#elfinsaddle", "uv": [ 7.5, 6.0, 8.5, 7.5 ] },
										"up": { "texture": "#elfinsaddle", "uv": [ 9.5, 4.5, 10.5, 5.5 ] },
										"down": { "texture": "#elfinsaddle", "uv": [ 6.5, 4.0, 7.5, 5.0 ] }
									}
								}
							]
						}
					]
				},
				{
					"name": "stem30",
					"from": [ 2.5, -0.4, -4.5 ], 
					"to": [ 3.5, 1.6, -3.5 ], 
					"rotationOrigin": [ 3.0, -0.3, -4.0 ],
					"rotationX": 14.0,
					"rotationZ": -3.0,
					"faces": {
						"north": { "texture": "#elfinsaddle", "uv": [ 1.0, 14.0, 2.0, 16.0 ] },
						"east": { "texture": "#elfinsaddle", "uv": [ 0.5, 13.0, 1.5, 15.0 ] },
						"south": { "texture": "#elfinsaddle", "uv": [ 0.5, 13.5, 1.5, 15.5 ] },
						"west": { "texture": "#elfinsaddle", "uv": [ 1.5, 13.5, 2.5, 15.5 ] },
						"up": { "texture": "#elfinsaddle", "uv": [ 0.0, 0.0, 1.0, 1.0 ], "enabled": false },
						"down": { "texture": "#elfinsaddle", "uv": [ 1.0, 15.0, 2.0, 16.0 ] }
					},
					"children": [
						{
							"name": "cap31",
							"from": [ -0.5, 1.6, -0.5 ], 
							"to": [ 1.5, 3.6, 1.5 ], 
							"rotationOrigin": [ 0.5, 1.6, 0.5 ],
							"rotationX": -14.0,
							"rotationZ": 17.0,
							"faces": {
								"north": { "texture": "#elfinsaddle", "uv": [ 6.5, 10.5, 8.5, 12.5 ] },
								"east": { "texture": "#elfinsaddle", "uv": [ 6.5, 8.5, 8.5, 10.5 ] },
								"south": { "texture": "#elfinsaddle", "uv": [ 7.5, 10.0, 9.5, 12.0 ] },
								"west": { "texture": "#elfinsaddle", "uv": [ 7.0, 10.5, 9.0, 12.5 ] },
								"up": { "texture": "#elfinsaddle", "uv": [ 7.5, 10.5, 9.5, 12.5 ] },
								"down": { "texture": "#elfinsaddle", "uv": [ 7.0, 10.5, 9.0, 12.5 ] }
							},
							"children": [
								{
									"name": "tip32",
									"from": [ 0.9, 0.5, -0.2 ], 
									"to": [ 2.4, 2.5, 1.3 ], 
									"rotationOrigin": [ 1.0, 2.0, 1.0 ],
									"rotationX": 0.0,
									"rotationY": 0.0,
									"rotationZ": 0.0,
									"faces": {
										"north": { "texture": "#elfinsaddle", "uv": [ 8.0, 10.0, 9.5, 12.0 ] },
										"east": { "texture": "#elfinsaddle", "uv": [ 7.5, 8.5, 9.0, 10.5 ] },
										"south": { "texture": "#elfinsaddle", "uv": [ 7.0, 9.5, 8.5, 11.5 ] },
										"west": { "texture": "#elfinsaddle", "uv": [ 7.5, 8.5, 9.0, 10.5 ] },
										"up": { "texture": "#elfinsaddle", "uv": [ 7.0, 11.0, 8.5, 12.5 ] },
										"down": { "texture": "#elfinsaddle", "uv": [ 0.0, 0.0, 1.0, 1.0 ], "enabled": false, "autoUv": false }
									}
								}
							]
						}
					]
				},
				{
					"name": "stem33",
					"from": [ -3.5, -0.1, 0.5 ], 
					"to": [ -2.5, 0.9, 1.5 ], 
					"rotationOrigin": [ -3.0, 0.0, 1.0 ],
					"rotationY": 6.0,
					"rotationZ": 8.0,
					"faces": {
						"north": { "texture": "#elfinsaddle", "uv": [ 1.0, 14.0, 2.0, 15.0 ] },
						"east": { "texture": "#elfinsaddle", "uv": [ 0.5, 13.0, 1.5, 14.0 ] },
						"south": { "texture": "#elfinsaddle", "uv": [ 0.5, 13.5, 1.5, 14.5 ] },
						"west": { "texture": "#elfinsaddle", "uv": [ 1.5, 13.5, 2.5, 14.5 ] },
						"up": { "texture": "#elfinsaddle", "uv": [ 0.0, 0.0, 1.0, 1.0 ], "enabled": false },
						"down": { "texture": "#elfinsaddle", "uv": [ 1.0, 15.0, 2.0, 16.0 ] }
					},
					"children": [
						{
							"name": "cap34",
							"from": [ -0.8, 0.8, -0.8 ], 
							"to": [ 1.7, 2.8, 1.7 ], 
							"rotationOrigin": [ 0.5, 0.8, 0.5 ],
							"rotationX": 6.0,
							"rotationY": 19.0,
							"rotationZ": -8.0,
							"faces": {
								"north": { "texture": "#elfinsaddle", "uv": [ 7.5, 9.5, 10.0, 11.5 ] },
								"east": { "texture": "#elfinsaddle", "uv": [ 6.0, 10.0, 8.5, 12.0 ] },
								"south": { "texture": "#elfinsaddle", "uv": [ 7.0, 9.0, 9.5, 11.0 ] },
								"west": { "texture": "#elfinsaddle", "uv": [ 6.0, 13.5, 8.5, 15.5 ] },
								"up": { "texture": "#elfinsaddle", "uv": [ 7.5, 10.0, 10.0, 12.5 ] },
								"down": { "texture": "#elfinsaddle", "uv": [ 8.0, 10.0, 10.5, 12.5 ] }
							}
						}
					]
				},
				{
					"name": "stem35",
					"from": [ 1.5, -0.2, 2.5 ], 
					"to": [ 2.5, 1.3, 3.5 ], 
					"rotationOrigin": [ 2.0, -0.1, 3.0 ],
					"rotationY": 36.0,
					"rotationZ": -6.0,
					"faces": {
						"north": { "texture": "#elfinsaddle", "uv": [ 4.0, 14.0, 5.0, 15.5 ] },
						"east": { "texture": "#elfinsaddle", "uv": [ 3.0, 13.5, 4.0, 15.0 ] },
						"south": { "texture": "#elfinsaddle", "uv": [ 3.0, 13.5, 4.0, 15.0 ] },
						"west": { "texture": "#elfinsaddle", "uv": [ 3.0, 14.5, 4.0, 16.0 ] },
						"up": { "texture": "#elfinsaddle", "uv": [ 0.0, 0.0, 1.0, 1.0 ], "enabled": false },
						"down": { "texture": "#elfinsaddle", "uv": [ 4.0, 14.0, 5.0, 15.0 ] }
					},
					"children": [
						{
							"name": "cap36",
							"from": [ -0.5, 1.3, -0.5 ], 
							"to": [ 1.5, 2.8, 1.5 ], 
							"rotationOrigin": [ 0.5, 1.3, 0.5 ],
							"rotationX": -11.0,
							"rotationZ": 8.0,
							"faces": {
								"north": { "texture": "#elfinsaddle", "uv": [ 11.5, 2.0, 13.5, 3.5 ] },
								"east": { "texture": "#elfinsaddle", "uv": [ 12.0, 4.5, 14.0, 6.0 ] },
								"south": { "texture": "#elfinsaddle", "uv": [ 11.0, 3.5, 13.0, 5.0 ] },
								"west": { "texture": "#elfinsaddle", "uv": [ 12.0, 2.5, 14.0, 4.0 ] },
								"up": { "texture": "#elfinsaddle", "uv": [ 11.0, 4.5, 13.0, 6.5 ] },
								"down": { "texture": "#elfinsaddle", "uv": [ 11.5, 4.0, 13.5, 6.0 ] }
							},
							"children": [
								{
									"name": "tip37",
									"from": [ 0.7, 0.5, -0.3 ], 
									"to": [ 2.2, 2.0, 1.2 ], 
									"rotationOrigin": [ 1.0, 1.5, 1.0 ],
									"faces": {
										"north": { "texture": "#elfinsaddle", "uv": [ 13.5, 4.5, 15.0, 6.0 ] },
										"east": { "texture": "#elfinsaddle", "uv": [ 11.0, 3.0, 12.5, 4.5 ] },
										"south": { "texture": "#elfinsaddle", "uv": [ 12.5, 5.0, 14.0, 6.5 ] },
										"west": { "texture": "#elfinsaddle", "uv": [ 13.0, 4.5, 14.5, 6.0 ] },
										"up": { "texture": "#elfinsaddle", "uv": [ 12.5, 5.0, 14.0, 6.5 ] },
										"down": { "texture": "#elfinsaddle", "uv": [ 11.0, 1.5, 12.5, 3.0 ] }
									}
								},
								{
									"name": "tip38",
									"from": [ -0.3, 0.5, 0.7 ], 
									"to": [ 0.7, 2.5, 1.7 ], 
									"rotationOrigin": [ 1.0, 1.5, 1.0 ],
									"faces": {
										"north": { "texture": "#elfinsaddle", "uv": [ 13.5, 4.5, 14.5, 6.5 ] },
										"east": { "texture": "#elfinsaddle", "uv": [ 11.0, 3.0, 12.0, 5.0 ] },
										"south": { "texture": "#elfinsaddle", "uv": [ 12.5, 5.0, 13.5, 7.0 ] },
										"west": { "texture": "#elfinsaddle", "uv": [ 13.0, 4.5, 14.0, 6.5 ] },
										"up": { "texture": "#elfinsaddle", "uv": [ 12.5, 5.0, 13.5, 6.0 ] },
										"down": { "texture": "#elfinsaddle", "uv": [ 11.0, 1.5, 12.0, 2.5 ] }
									}
								}
							]
						}
					]
				},
				{
					"name": "stem39",
					"from": [ -2.5, -0.2, -2.5 ], 
					"to": [ -1.5, 0.8, -1.5 ], 
					"rotationOrigin": [ -2.0, -0.1, -2.0 ],
					"rotationX": -6.0,
					"rotationY": 3.0,
					"rotationZ": 14.0,
					"faces": {
						"north": { "texture": "#elfinsaddle", "uv": [ 3.0, 6.0, 4.0, 7.0 ] },
						"east": { "texture": "#elfinsaddle", "uv": [ 2.0, 5.0, 3.0, 6.0 ] },
						"south": { "texture": "#elfinsaddle", "uv": [ 2.0, 6.0, 3.0, 7.0 ] },
						"west": { "texture": "#elfinsaddle", "uv": [ 1.5, 6.0, 2.5, 7.0 ] },
						"up": { "texture": "#elfinsaddle", "uv": [ 0.0, 0.0, 1.0, 1.0 ], "enabled": false },
						"down": { "texture": "#elfinsaddle", "uv": [ 1.5, 6.5, 2.5, 7.5 ] }
					},
					"children": [
						{
							"name": "cap40",
							"from": [ -0.5, 0.9, -0.5 ], 
							"to": [ 1.5, 1.9, 1.5 ], 
							"rotationOrigin": [ 0.5, 0.9, 0.5 ],
							"rotationY": 14.0,
							"rotationZ": -14.0,
							"faces": {
								"north": { "texture": "#elfinsaddle", "uv": [ 13.0, 9.0, 15.0, 10.0 ] },
								"east": { "texture": "#elfinsaddle", "uv": [ 11.0, 11.0, 13.0, 12.0 ] },
								"south": { "texture": "#elfinsaddle", "uv": [ 11.5, 9.0, 13.5, 10.0 ] },
								"west": { "texture": "#elfinsaddle", "uv": [ 12.0, 10.5, 14.0, 11.5 ] },
								"up": { "texture": "#elfinsaddle", "uv": [ 12.5, 9.5, 14.5, 11.5 ] },
								"down": { "texture": "#elfinsaddle", "uv": [ 10.5, 9.5, 12.5, 11.5 ] }
							},
							"children": [
								{
									"name": "tip41",
									"from": [ 1.0, 0.5, 0.3 ], 
									"to": [ 2.5, 1.5, 1.8 ], 
									"rotationOrigin": [ 1.0, 1.0, 1.0 ],
									"faces": {
										"north": { "texture": "#elfinsaddle", "uv": [ 12.0, 13.5, 13.5, 14.5 ] },
										"east": { "texture": "#elfinsaddle", "uv": [ 12.0, 11.0, 13.5, 12.0 ] },
										"south": { "texture": "#elfinsaddle", "uv": [ 11.5, 9.5, 13.0, 10.5 ] },
										"west": { "texture": "#elfinsaddle", "uv": [ 10.5, 13.0, 12.0, 14.0 ] },
										"up": { "texture": "#elfinsaddle", "uv": [ 12.5, 8.5, 14.0, 10.0 ] },
										"down": { "texture": "#elfinsaddle", "uv": [ 12.5, 12.0, 14.0, 13.5 ] }
									}
								},
								{
									"name": "tip42",
									"from": [ -0.1, 0.5, -0.4 ], 
									"to": [ 1.4, 2.0, 1.1 ], 
									"rotationOrigin": [ 1.0, 1.0, 1.0 ],
									"faces": {
										"north": { "texture": "#elfinsaddle", "uv": [ 12.0, 13.5, 13.5, 15.0 ] },
										"east": { "texture": "#elfinsaddle", "uv": [ 12.0, 11.0, 13.5, 12.5 ] },
										"south": { "texture": "#elfinsaddle", "uv": [ 11.5, 9.5, 13.0, 11.0 ] },
										"west": { "texture": "#elfinsaddle", "uv": [ 10.5, 13.0, 12.0, 14.5 ] },
										"up": { "texture": "#elfinsaddle", "uv": [ 12.5, 8.5, 14.0, 10.0 ] },
										"down": { "texture": "#elfinsaddle", "uv": [ 12.5, 12.0, 14.0, 13.5 ] }
									}
								}
							]
						}
					]
				},
				{
					"name": "stem43",
					"from": [ -1.5, -0.2, 3.5 ], 
					"to": [ -0.5, 0.8, 4.5 ], 
					"rotationOrigin": [ -1.0, -0.1, 4.0 ],
					"rotationX": -6.0,
					"rotationY": 44.0,
					"rotationZ": 3.0,
					"faces": {
						"north": { "texture": "#elfinsaddle", "uv": [ 0.5, 15.0, 1.5, 16.0 ] },
						"east": { "texture": "#elfinsaddle", "uv": [ 0.5, 14.5, 1.5, 15.5 ] },
						"south": { "texture": "#elfinsaddle", "uv": [ 0.5, 14.0, 1.5, 15.0 ] },
						"west": { "texture": "#elfinsaddle", "uv": [ 0.5, 13.5, 1.5, 14.5 ] },
						"up": { "texture": "#elfinsaddle", "uv": [ 0.0, 0.0, 1.0, 1.0 ], "enabled": false },
						"down": { "texture": "#elfinsaddle", "uv": [ 0.0, 11.5, 1.0, 12.5 ] }
					},
					"children": [
						{
							"name": "cap44",
							"from": [ -0.5, 0.9, -0.5 ], 
							"to": [ 1.5, 1.9, 1.5 ], 
							"rotationOrigin": [ 0.5, 0.9, 0.5 ],
							"rotationY": -42.0,
							"faces": {
								"north": { "texture": "#elfinsaddle", "uv": [ 7.0, 2.5, 9.0, 3.5 ] },
								"east": { "texture": "#elfinsaddle", "uv": [ 6.0, 3.5, 8.0, 4.5 ] },
								"south": { "texture": "#elfinsaddle", "uv": [ 6.5, 2.5, 8.5, 3.5 ] },
								"west": { "texture": "#elfinsaddle", "uv": [ 7.0, 5.0, 9.0, 6.0 ] },
								"up": { "texture": "#elfinsaddle", "uv": [ 6.0, 5.0, 8.0, 7.0 ] },
								"down": { "texture": "#elfinsaddle", "uv": [ 5.5, 3.0, 7.5, 5.0 ] }
							},
							"children": [
								{
									"name": "tip45",
									"from": [ 0.5, 1.0, 0.0 ], 
									"to": [ 2.0, 1.5, 1.5 ], 
									"rotationOrigin": [ 1.3, 1.0, 0.7 ],
									"faces": {
										"north": { "texture": "#elfinsaddle", "uv": [ 7.0, 3.0, 8.5, 3.5 ] },
										"east": { "texture": "#elfinsaddle", "uv": [ 8.0, 3.5, 9.5, 4.0 ] },
										"south": { "texture": "#elfinsaddle", "uv": [ 8.5, 2.0, 10.0, 2.5 ] },
										"west": { "texture": "#elfinsaddle", "uv": [ 8.0, 6.5, 9.5, 7.0 ] },
										"up": { "texture": "#elfinsaddle", "uv": [ 7.5, 4.0, 9.0, 5.5 ] },
										"down": { "texture": "#elfinsaddle", "uv": [ 0.0, 0.0, 1.5, 1.5 ], "enabled": false }
									}
								}
							]
						}
					]
				},
				{
					"name": "stem46",
					"from": [ 2.5, -0.2, -0.5 ], 
					"to": [ 3.5, 0.8, 0.5 ], 
					"rotationOrigin": [ 3.0, -0.1, 0.0 ],
					"rotationX": -6.0,
					"rotationY": 3.0,
					"rotationZ": 3.0,
					"faces": {
						"north": { "texture": "#elfinsaddle", "uv": [ 0.5, 15.0, 1.5, 16.0 ] },
						"east": { "texture": "#elfinsaddle", "uv": [ 0.5, 14.5, 1.5, 15.5 ] },
						"south": { "texture": "#elfinsaddle", "uv": [ 0.5, 14.0, 1.5, 15.0 ] },
						"west": { "texture": "#elfinsaddle", "uv": [ 0.5, 13.5, 1.5, 14.5 ] },
						"up": { "texture": "#elfinsaddle", "uv": [ 0.0, 0.0, 1.0, 1.0 ], "enabled": false },
						"down": { "texture": "#elfinsaddle", "uv": [ 0.0, 11.5, 1.0, 12.5 ] }
					},
					"children": [
						{
							"name": "cap47",
							"from": [ -0.5, 0.9, -0.5 ], 
							"to": [ 1.5, 1.9, 1.5 ], 
							"rotationOrigin": [ 0.5, 0.9, 0.5 ],
							"rotationY": -42.0,
							"faces": {
								"north": { "texture": "#elfinsaddle", "uv": [ 11.0, 2.0, 13.0, 3.0 ] },
								"east": { "texture": "#elfinsaddle", "uv": [ 12.0, 3.0, 14.0, 4.0 ] },
								"south": { "texture": "#elfinsaddle", "uv": [ 10.5, 2.5, 12.5, 3.5 ] },
								"west": { "texture": "#elfinsaddle", "uv": [ 11.5, 4.5, 13.5, 5.5 ] },
								"up": { "texture": "#elfinsaddle", "uv": [ 11.0, 3.5, 13.0, 5.5 ] },
								"down": { "texture": "#elfinsaddle", "uv": [ 12.5, 4.0, 14.5, 6.0 ] }
							},
							"children": [
								{
									"name": "tip48",
									"from": [ 0.0, 1.0, 0.0 ], 
									"to": [ 1.5, 1.5, 1.5 ], 
									"rotationOrigin": [ 1.0, 1.0, 1.0 ],
									"faces": {
										"north": { "texture": "#elfinsaddle", "uv": [ 11.0, 3.0, 12.5, 3.5 ] },
										"east": { "texture": "#elfinsaddle", "uv": [ 11.5, 3.5, 13.0, 4.0 ] },
										"south": { "texture": "#elfinsaddle", "uv": [ 12.5, 2.0, 14.0, 2.5 ] },
										"west": { "texture": "#elfinsaddle", "uv": [ 12.0, 5.0, 13.5, 5.5 ] },
										"up": { "texture": "#elfinsaddle", "uv": [ 13.5, 2.5, 15.0, 4.0 ] },
										"down": { "texture": "#elfinsaddle", "uv": [ 0.0, 0.0, 1.5, 1.5 ], "enabled": false }
									}
								},
								{
									"name": "tip49",
									"from": [ 1.2, 0.8, 1.2 ], 
									"to": [ 2.2, 1.8, 2.2 ], 
									"rotationOrigin": [ 1.0, 1.0, 1.0 ],
									"faces": {
										"north": { "texture": "#elfinsaddle", "uv": [ 11.0, 3.0, 12.0, 4.0 ] },
										"east": { "texture": "#elfinsaddle", "uv": [ 11.5, 3.5, 12.5, 4.5 ] },
										"south": { "texture": "#elfinsaddle", "uv": [ 12.5, 2.0, 13.5, 3.0 ] },
										"west": { "texture": "#elfinsaddle", "uv": [ 12.0, 5.0, 13.0, 6.0 ] },
										"up": { "texture": "#elfinsaddle", "uv": [ 13.5, 2.5, 14.5, 3.5 ] },
										"down": { "texture": "#elfinsaddle", "uv": [ 12.0, 2.0, 13.0, 3.0 ] }
									}
								}
							]
						}
					]
				},
				{
					"name": "mycelium50",
					"from": [ -5.0, 0.1, -5.0 ], 
					"to": [ 5.0, 0.1, 5.0 ], 
					"renderPass": 3,
					"rotationOrigin": [ 0.0, 0.1, 0.0 ],
					"faces": {
						"north": { "texture": "#elfinsaddle", "uv": [ 0.0, 0.0, 10.0, 0.5 ], "enabled": false },
						"east": { "texture": "#elfinsaddle", "uv": [ 0.0, 0.0, 10.0, 0.5 ], "enabled": false },
						"south": { "texture": "#elfinsaddle", "uv": [ 0.0, 0.0, 10.0, 0.5 ], "enabled": false },
						"west": { "texture": "#elfinsaddle", "uv": [ 0.0, 0.0, 10.0, 0.5 ], "enabled": false },
						"up": { "texture": "#mycelium1", "uv": [ 3.0, 3.0, 13.0, 13.0 ] },
						"down": { "texture": "#elfinsaddle", "uv": [ 0.0, 0.0, 10.0, 10.0 ], "enabled": false }
					}
				}
			]
		}
	]}