{
    "code": "knifehead-dao",
    "heldTpUseAnimation": "interactstatic",
    "maxstacksize": 4,
    "shapeByType": {
        "*": { "base": "item/daoknifehead" }
    },
    "attributes": {
        "onTongTransform": {
            "translation": {
                "x": -1,
                "y": -1.1,
                "z": -0.37
            },
            "rotation": {
                "x": 99,
                "y": -22,
                "z": -60
            }
        }
    },
    "creativeinventory": {
        "general": [ "*" ],
        "items": [ "*" ]
    },
    "guiTransform": {
        "translation": {
            "x": 0,
            "y": 0,
            "z": 0
        },
        "rotation": {
            "x": -89,
            "y": -50,
            "z": 35
        },
        "origin": {
            "x": 0.88,
            "y": 0.58,
            "z": 0.45
        },
        "scale": 3.21
    },
    "groundTransform": {
        "translation": {
            "x": 0,
            "y": 0,
            "z": 0
        },
        "rotation": {
            "x": -180,
            "y": 7,
            "z": 0
        },
        "origin": {
            "x": 0.5,
            "y": 0.1,
            "z": 0.5299
        },
        "scale": 3.95
    },
    "tpHandTransform": {
        "translation": {
            "x": 0,
            "y": 0,
            "z": 0
        },
        "rotation": {
            "x": 0,
            "y": -8,
            "z": 0
        },
        "origin": {
            "x": 0.2,
            "y": -0.3,
            "z": 0.21
        },
        "scale": 0.69
    }
}