{
	"code": "knife",
	"class": "ItemKnife",
	"damagedby": [ "blockbreaking", "attacking" ],
	"tool": "knife",
	"attributes": {
		"heldItemPitchFollow": 1,
		"knifeHitBlockAnimation": "knifecut",
		"knifeHitEntityAnimation": "falx",
		"handbook": {
			"groupBy": [ "knife-*" ]
		},
		"toolrackTransform": {
			"rotation": {
				"x": 0,
				"y": 180,
				"z": -1
			},
			"origin": {
				"x": 0.43,
				"y": -0.6,
				"z": 0.5
			},
			"scale": 1.8
		},
		"groundStorageTransformByType": {
			"*": {
				"translation": {
					"x": 0,
					"y": 0.04,
					"z": -0.054
				},
				"rotation": {
					"x": 26,
					"y": 88,
					"z": -87
				},
				"scale": 1
			}
		}
	},
	"behaviors": [
		{
			"name": "GroundStorable",
			"properties": {
				"layout": "WallHalves",
				"wallOffY": 1,
				"ctrlKey": true,
				"selectionBox": {
					"x1": 0,
					"y1": 0,
					"z1": 0,
					"x2": 1,
					"y2": 0.1,
					"z2": 1
				},
				"collisionBox": {
					"x1": 0,
					"y1": 0,
					"z1": 0,
					"x2": 0,
					"y2": 0,
					"z2": 0
				}
			}
		},
		{ "name": "AnimationAuthoritative" }
	],
	"variantgroups": [
		{
			"code": "type",
			"states": [ "gaolbird" ]
		}
	],
	"shapeByType": {
		"*": { "base": "item/gaolbirdknife" }
	},
	"heldTpHitAnimation": "knifestab",
	"durabilitybytype": {
		"*": 1100
	},
	"miningspeedbytype": {
		"*": {
			"plant": 2
		}
	},
	"attackpowerbytype": {
		"*": 4
	},
	"attackRangebytype": {
		"*": 2
	},
	"creativeinventory": {
		"general": [ "*" ],
		"items": [ "*" ],
		"tools": [ "*" ]
	},
	"fpHandTransformByType": {
		"*": {
			"translation": {
				"x": 0.2,
				"y": 0.1,
				"z": 0.5
			},
			"rotation": {
				"x": 140,
				"y": 93,
				"z": -75
			},
			"scale": 2.5
		}
	},
	"guiTransform": {
		"translation": {
			"x": 0,
			"y": 0,
			"z": 0
		},
		"rotation": {
			"x": -121,
			"y": 45,
			"z": -8
		},
		"origin": {
			"x": 0.48,
			"y": 0,
			"z": 0.4
		},
		"scale": 2.41
	},
	"groundTransform": {
		"translation": {
			"x": 0,
			"y": 0,
			"z": 0
		},
		"rotation": {
			"x": -90,
			"y": 0,
			"z": 0
		},
		"origin": {
			"x": 0.5,
			"y": 0.5,
			"z": 0.45
		},
		"scale": 3.6
	},
	"tpHandTransform": {
		"translation": {
			"x": -0.84,
			"y": -0.6,
			"z": -0.94
		},
		"rotation": {
			"x": -90,
			"y": -20,
			"z": 0
		},
		"scale": 1
	}
}