[
  {
    "ingredientPattern": "CC",
    "ingredients": {
      "C": { "type": "block", "code": "bricklayers:saltglazedplanter-burnt-pale-none-*-plain", "name": "color" }
    },
    "width": 2,
    "height": 1,
    "output": { "type": "block", "code": "bl_saltglazedplanter2x1-burnt-pale-none-{color}-plain-north" }
  },
  {
    "ingredientPattern": "CC",
    "ingredients": {
      "C": { "type": "block", "code": "bricklayers:saltglazedplanter-burnt-pale-copper-*-plain", "name": "color" }
    },
    "width": 2,
    "height": 1,
    "output": { "type": "block", "code": "bl_saltglazedplanter2x1-burnt-pale-copper-{color}-plain-north" }
  },

  {
    "ingredientPattern": "CC",
    "ingredients": {
      "C": { "type": "block", "code": "bricklayers:saltglazedplanter-burnt-orange-none-*-plain", "name": "color" }
    },
    "width": 2,
    "height": 1,
    "output": { "type": "block", "code": "bl_saltglazedplanter2x1-burnt-orange-none-{color}-plain-north" }
  },
  {
    "ingredientPattern": "CC",
    "ingredients": {
      "C": { "type": "block", "code": "bricklayers:saltglazedplanter-burnt-orange-copper-*-plain", "name": "color" }
    },
    "width": 2,
    "height": 1,
    "output": { "type": "block", "code": "bl_saltglazedplanter2x1-burnt-orange-copper-{color}-plain-north" }
  }
]
