{"GameVersion":"1.20.3","SizeX":5,"SizeY":6,"SizeZ":4,"BlockCodes":{"9700":"game:supportbeam-veryagedrotten","9344":"game:metalblock-corroded-plain-iron","9320":"game:metalblock-corroded-plain-rusty-iron","6175":"game:rock-chert","3916":"game:crackedrock-chert","8611":"game:meta-filler","456":"game:chiseledblock","8622":"th3dungeon:th3doorway-north","8624":"th3dungeon:th3doorway-south","2022":"game:glowworms-end1","8606":"game:clutter","2023":"game:glowworms-end2"},"ItemCodes":{},"Indices":[0,1048576,1049600,1050624,1051648,2097152,2098176,2099200,2100224,3145728,3146752,3147776,3148800,4194304,4195328,4196352,4197376,5242880,5243904,5244928,5245952,1,1025,2049,3073,1048577,1049601,1050625,1051649,2097153,2098177,2099201,2100225,3145729,3146753,3147777,3148801,4194305,4195329,4196353,4197377,5242881,5243905,5244929,5245953,2,1026,2050,3074,1048578,1049602,1050626,1051650,2097154,2098178,2099202,2100226,3145730,3146754,3147778,3148802,4194306,4195330,4196354,4197378,5242882,5243906,5244930,5245954,3,1027,2051,3075,1048579,1049603,1050627,1051651,2097155,2098179,2099203,2100227,3145731,3146755,3147779,3148803,4194307,4195331,4196355,4197379,5242883,5243907,5244931,5245955,1048580,1049604,1050628,1051652,2097156,2098180,2099204,2100228,3145732,3146756,3147780,3148804,4194308,4195332,4196356,4197380,5242884,5243908,5244932,5245956],"BlockIds":[6175,6175,6175,6175,6175,6175,6175,6175,6175,6175,6175,6175,6175,6175,6175,6175,6175,6175,6175,6175,6175,6175,6175,6175,6175,3916,3916,3916,3916,8611,8611,9700,8611,8611,8611,8611,8611,8611,8611,8611,8611,6175,6175,6175,6175,6175,6175,6175,6175,3916,3916,3916,3916,456,456,456,456,8622,8611,8611,8624,8611,8611,2022,8611,6175,6175,6175,6175,6175,6175,6175,6175,3916,3916,3916,3916,3916,8606,9700,8611,8606,8611,8611,8611,2023,8611,9700,8611,6175,6175,6175,6175,6175,6175,6175,6175,6175,6175,6175,6175,6175,6175,6175,6175,6175,6175,6175,6175,6175,6175,6175,6175],"DecorIndices":[],"DecorIds":[],"BlockEntities":{"2099201":"!<d@[F*KLu#64c-E,TfC\"TSN&!<d@[F*a,$#64o6@VfsmCI<#NAK#W4E,]`9FCJfiD(TpBEd;)+ARoh\"FED)3#R+[K@;U'-!\"'_R\"W[RCJ3FSV%0-BY4r\"%t5X6=i!!#5#j@^Tu!!","2097154":"!<d@[F*KP!#64c-E,TfC\"TSN&!<d@[F*a&\"#64o6@VfsmCI<#NAIW-_Bldj%ARo7dDe!Pj$#O*mATDKnCi]XX!!%Np!!$[X!!!$*A7]7hE`-gtz!=3^aFCB9*Df,QJ\"TSo8@s)7!Bk28p!!!!\"'L2[\")3=k\"*oI&#+RoF61dD'D3KO7D52ZGM`'=>3acHN3cJS^4d.%)Gj?N_Ul&YoUmbe*O$>\"'gFAlmaAO158!!!92F(o/r;f?JdA,uZ1#S1ujA7\\&CD/XK;;f?JdA,uZ1\"USXSDe!QX@;TQh6Z7!cDe*Ei+DGk7DBND)De!Pj(L_JqBl$LPFCfK,@;Je`@;^1$FD5<-!WW3#!\"],1!\"],1!!","2098178":"!<d@[F*KP!#64c-E,TfC\"TSN&!<d@[F*a)##64o6@VfsmCI<#NAIW-_Bldj%ARo7dDe!Pj$Zg3(G@Pc)DeWa'\"98E%&g6]E*RO<V!>Id!%)bC2$P@#lDfor.;f6Mt6ZljVBk28gz&24(d^b>`k[.\"&*n1XhQo^Dhg$#O*mATDKnCi]XX!!%Np!!$[X!!!$*A7]7hE`-gtz!=3^aFCB9*Df,QJ\"TSo8@s)7!Bk28p!!!!\"'L2[\")3=k\"*oI&#+RoF61dD'D3KO7D52ZGM`'=>3acHN3cJS^4d.%)Gj?N_Ul&YoUmbe*O$>\"'gFAlmaAO158!!!92F(o/r;f?JdA,uZ1#S1ujA7\\&CD/XK;;f?JdA,uZ1\"USXSDe!QX@;TQh6Z7!cDe*Ei+DGk7DBND)De!Pj(L_JqBl$LPFCfK,@;Je`@;^1$FD5<-!WW3#!\"],1!\"],1!!","2099202":"!<d@[F*KP!#64c-E,TfC\"TSN&!<d@[F*a,$#64o6@VfsmCI<#NAIW-_Bldj%ARo7dDe!Pj$Zg3(G@Pc)DeWa'\"98E%&g6]E*RO<V!>Id!%)bC2$P@#lDfor.;f6Mt6ZljVBk28gz&24(d^b>`k[.\"&*n1XhQo^Dhg$#O*mATDKnCi]XX!!%Np!!$[X!!!$*A7]7hE`-gtz!=3^aFCB9*Df,QJ\"TSo8@s)7!Bk28p!!!!\"'L2[\")3=k\"*oI&#+RoF61dD'D3KO7D52ZGM`'=>3acHN3cJS^4d.%)Gj?N_Ul&YoUmbe*O$>\"'gFAlmaAO158!!!92F(o/r;f?JdA,uZ1#S1ujA7\\&CD/XK;;f?JdA,uZ1\"USXSDe!QX@;TQh6Z7!cDe*Ei+DGk7DBND)De!Pj(L_JqBl$LPFCfK,@;Je`@;^1$FD5<-!WW3#!\"],1!\"],1!!","2100226":"!<d@[F*KP!#64c-E,TfC\"TSN&!<d@[F*a/%#64o6@VfsmCI<#NAIW-_Bldj%ARo7dDe!Pj$#O*mATDKnCi]XX!!%Np!!$[X!!!$*A7]7hE`-gtz!=3^aFCB9*Df,QJ\"TSo8@s)7!Bk28p!!!!\"'L2[\")3=k\"*oI&#+RoF61dD'D3KO7D52ZGM`'=>3acHN3cJS^4d.%)Gj?N_Ul&YoUmbe*O$>\"'gFAlmaAO158!!!92F(o/r;f?JdA,uZ1#S1ujA7\\&CD/XK;;f?JdA,uZ1\"USXSDe!QX@;TQh6Z7!cDe*Ei+DGk7DBND)De!Pj(L_JqBl$LPFCfK,@;Je`@;^1$FD5<-!WW3#!\"],1!\"],1!!","2098179":"!<d@[F*KS\"#64c-E,TfC\"TSN&!<d@[F*a)##64o6@VfsmCI<#NAHu^]F`__:EWlSfH#R=4@rc\"\"AM7P6@<?'4F)>?%Cb9[MBl7Km1B[r'DffE0AQSp4!!!-.D.Rd%6#L=OA_Ra;^'\"[]DffE0AQf'6!!!<3@rH1\"ARfgnA,l`?Eb02uBl[-o@<?&\\!!!!%#B+3dF(KGqz\":&jWAohO*=TAF%!!EOFAnH*qFBSYE!!!!","2099203":"!<d@[F*KS\"#64c-E,TfC\"TSN&!<d@[F*a,$#64o6@VfsmCI<#NAK#W4E,]`9FCJfiD(TpBEd;)+ARoh\"FED)3#R+[K@;U'2!\"'nW$4Qt8J3P%S!.[6G%h/L=J3ObK!'idi!!!!`)!\"=4\"98","3145731":"!<d@[F*KS\"#64c-E,TfC\"onW'!<d@[F*a&\"#64o6@VfsmCI<#NAHu^]F`__:EWlSfH#R=#FDl)6/TY?E\":&scFCB9&=9&=$!!EUFATMNNDJ*csi9`25\":&scFCB9&=o\\O&!!rsADes6$@ru9m!!E[MAT2'lE`7'gFCbFP!!!-,De<U&ATV#S!!!!%#B+3dF(KGrz\":&jWAohO*=o\\O&!!!","4196355":"!<d@[F*KS\"#64c-E,TfC#64`(!<d@[F*a,$#64o6@VfsmCI<#NAK#W4E,]`9FCJfiD(TpBEd;)+ARoh\"FED)3#R+[K@;U'7!\"((\\%h/L=J3ObK!.[9S!!!!`&e>EO!!'eL!<<*a*<Z?B58`HS+9_`"},"Entities":[],"ReplaceMode":2,"EntranceRotation":-1,"OriginalPos":{"X":515890,"Z":513171,"InternalY":3}}