{"GameVersion":"1.20.3","SizeX":5,"SizeY":6,"SizeZ":3,"BlockCodes":{"9700":"game:supportbeam-veryagedrotten","9344":"game:metalblock-corroded-plain-iron","9320":"game:metalblock-corroded-plain-rusty-iron","6175":"game:rock-chert","3916":"game:crackedrock-chert","8611":"game:meta-filler","4106":"game:crystal-olivine-small1-east","2023":"game:glowworms-end2","456":"game:chiseledblock","8622":"th3dungeon:th3doorway-north","8624":"th3dungeon:th3doorway-south","4051":"game:crystal-olivine-cluster1-west"},"ItemCodes":{},"Indices":[1048576,1049600,1050624,2097152,2098176,2099200,3145728,3146752,3147776,4194304,4195328,4196352,5242880,5243904,5244928,1,1025,2049,1048577,1049601,1050625,2097153,2098177,2099201,3145729,3146753,3147777,4194305,4195329,4196353,5242881,5243905,5244929,2,1026,2050,1048578,1049602,1050626,2097154,2098178,2099202,3145730,3146754,3147778,4194306,4195330,4196354,5242882,5243906,5244930,3,1027,2051,1048579,1049603,1050627,2097155,2098179,2099203,3145731,3146755,3147779,4194307,4195331,4196355,5242883,5243907,5244931,1048580,1049604,1050628,2097156,2098180,2099204,3145732,3146756,3147780,4194308,4195332,4196356,5242884,5243908,5244932],"BlockIds":[6175,6175,6175,6175,6175,6175,6175,6175,6175,6175,6175,6175,6175,6175,6175,6175,6175,6175,3916,3916,3916,8611,9700,8611,4106,8611,8611,8611,8611,2023,6175,6175,6175,6175,6175,6175,3916,3916,3916,456,456,456,8622,8611,8624,8611,8611,8611,6175,6175,6175,6175,6175,6175,3916,3916,3916,8611,9700,8611,8611,8611,4051,8611,9700,8611,6175,6175,6175,6175,6175,6175,6175,6175,6175,6175,6175,6175,6175,6175,6175,6175,6175,6175],"DecorIndices":[],"DecorIds":[],"BlockEntities":{"2098177":"!<d@[F*KIt#64c-E,TfC\"TSN&!<d@[F*b1B#64o6@VfsmCI<#NAK#W4E,]`9FCJfiD(TpBEd;)+ARoh\"FED)3#R+[K@;U'-!\"'_R\"W[RCJ3FSV%0-BY4r\"%t5X6=i!.[6Mj@^Tu!!","2097154":"!<d@[F*KLu#64c-E,TfC\"TSN&!<d@[F*b.A#64o6@VfsmCI<#NAIW-_Bldj%ARo7dDe!Pj$#O*mATDKnCi]XX!!%Np!!$[X!!!$*A7]7hE`-gtz!=3^aFCB9*Df,QJ\"TSo8@s)7!Bk28p!!!!\"'L2[\")3=k\"*oI&#+RoF61dD'D3KO7D52ZGM`'=>3acHN3cJS^4d.%)Gj?N_Ul&YoUmbe*O$>\"'gFAlmaAO158!!!92F(o/r;f?JdA,uZ1#S1ujA7\\&CD/XK;;f?JdA,uZ1\"USXSDe!QX@;TQh6Z7!cDe*Ei+DGk7DBND)De!Pj(L_JqBl$LPFCfK,@;Je`@;^1$FD5<-!WW3#!\"],1!\"],1!!","2098178":"!<d@[F*KLu#64c-E,TfC\"TSN&!<d@[F*b1B#64o6@VfsmCI<#NAIW-_Bldj%ARo7dDe!Pj$Zg3(G@Pc)DeWa'\"98E%&g6]E*RO<V!>Id!%)bC2$P@#lDfor.;f6Mt6ZljVBk28gz&24(d^b>`k[.\"&*n1XhQo^Dhg$#O*mATDKnCi]XX!!%Np!!$[X!!!$*A7]7hE`-gtz!=3^aFCB9*Df,QJ\"TSo8@s)7!Bk28p!!!!\"'L2[\")3=k\"*oI&#+RoF61dD'D3KO7D52ZGM`'=>3acHN3cJS^4d.%)Gj?N_Ul&YoUmbe*O$>\"'gFAlmaAO158!!!92F(o/r;f?JdA,uZ1#S1ujA7\\&CD/XK;;f?JdA,uZ1\"USXSDe!QX@;TQh6Z7!cDe*Ei+DGk7DBND)De!Pj(L_JqBl$LPFCfK,@;Je`@;^1$FD5<-!WW3#!\"],1!\"],1!!","2099202":"!<d@[F*KLu#64c-E,TfC\"TSN&!<d@[F*b4C#64o6@VfsmCI<#NAIW-_Bldj%ARo7dDe!Pj$#O*mATDKnCi]XX!!%Np!!$[X!!!$*A7]7hE`-gtz!=3^aFCB9*Df,QJ\"TSo8@s)7!Bk28p!!!!\"'L2[\")3=k\"*oI&#+RoF61dD'D3KO7D52ZGM`'=>3acHN3cJS^4d.%)Gj?N_Ul&YoUmbe*O$>\"'gFAlmaAO158!!!92F(o/r;f?JdA,uZ1#S1ujA7\\&CD/XK;;f?JdA,uZ1\"USXSDe!QX@;TQh6Z7!cDe*Ei+DGk7DBND)De!Pj(L_JqBl$LPFCfK,@;Je`@;^1$FD5<-!WW3#!\"],1!\"],1!!","2098179":"!<d@[F*KP!#64c-E,TfC\"TSN&!<d@[F*b1B#64o6@VfsmCI<#NAK#W4E,]`9FCJfiD(TpBEd;)+ARoh\"FED)3#R+[K@;U'2!\"'nW$4Qt85X-7h!.[6G%h/L=5X,t`!'idi!!%O5)!\"=4\"98","4195331":"!<d@[F*KP!#64c-E,TfC#64`(!<d@[F*b1B#64o6@VfsmCI<#NAK#W4E,]`9FCJfiD(TpBEd;)+ARoh\"FED)3#R+[K@;U'7!\"((\\%h/L=J3ObK!'iah!!%O5&e>EO!!'eLrr52I*=2^r4rE?R+9MT"},"Entities":[],"ReplaceMode":2,"EntranceRotation":-1,"OriginalPos":{"X":515889,"Z":513202,"InternalY":3}}