{
  "code": "metaltongs",
  "class": "Sergsmetaltongs.itemMetalTong",
  "creativeinventory": {
    "general": [ "*" ]

  },
  "textures": {
    "metal": {
      "base": "game:block/metal/ingot/{metal}"
    }
  },

  "shape": { "base": "item/metaltong" },
  "behaviors": [
    {
      "name": "GroundStorable",
      "properties": {
        "layout": "WallHalves",
        "wallOffY": 2,
        "ctrlKey": true
      }
    }
  ],
  "variantgroups": [
    {
      "code": "metal",
      "states": [
        "copper",
        "tinbronze",
        "bismuthbronze",
        "blackbronze",
        "iron",
        "steel"
      ]
    }
  ],
  "durabilitybytype": {
    "*-copper": 100,
    "*-tinbronze": 250,
    "*-bismuthbronze": 300,
    "*-blackbronze": 300,
    "*-iron": 400,
    "*-steel": 800

  },
  "attributes": {
    "rackable": true,
    "heatResistant": true,
    "groundStorageTransform": {
      "translation": {
        "x": 0.03,
        "y": 0.14,
        "z": 0.21
      },
      "rotation": {
        "x": -86,
        "y": -180,
        "z": 0
      },
      "scale": 1.1
    },
    "toolrackTransform": {
      "translation": {
        "x": -0,
        "y": 0.4,
        "z": -0.1
      },
      "rotation": {
        "x": 0,
        "y": -90,
        "z": 0
      },
      "scale": 1.52
    }
  },
  "storageFlags": 257,
  "heldTpIdleAnimation": "crudeOarIdle",
  "guiTransform": {
    "translation": {
      "x": -14,
      "y": -21,
      "z": 0
    },
    "rotation": {
      "x": -90,
      "y": 45,
      "z": 0
    },
    "scale": 2.25
  },
  "tpHandTransform": {
    "translation": {
      "x": -0.5,
      "y": -0.3,
      "z": -0.6
    },
    "rotation": {
      "x": -25,
      "y": 89,
      "z": 18
    },
    "scale": 1.1
  },
  "groundTransform": {
    "translation": {
      "x": 0,
      "y": 0.23,
      "z": 0
    },
    "rotation": {
      "x": 0,
      "y": 0,
      "z": 0
    },
    "origin": {
      "x": 0.5,
      "y": 0.5,
      "z": 0.5299
    },
    "scale": 5
  },
  "tpOffHandTransform": {
    "translation": {
      "x": -0.7,
      "y": -0.65,
      "z": -0.44
    },
    "rotation": {
      "x": 98,
      "y": 0,
      "z": -90
    },
    "scale": 1.1
  }
}
