{
  "code": "hangingwoodenholderempty",
  "class": "ndlwoodentorchholder.HangingHolderEmpty",

  "behaviors": [
    {
      "name": "Unstable",
      "properties": {
        "attachedToFaces": [ "up" ]
      }
    }
  ],

  "drops": [
    {
      "type": "item",
      "code": "basewoodenholder"
    }
  ],

  "shape": { "base": "hangingwoodenholderempty" },

  "doNotRenderAtLod2": true,
  "sidesolid": {
    "all": false
  },
  "sideopaque": {
    "all": false
  },
  "creativeinventory": {
    "general": [ "*" ],
    "decorative": [ "*" ],
    "NDLWoodenTorchHolder": [ "*" ]
  },
  "replaceable": 5001,
  "resistance": 0.5,
  "maxStackSize": 999,
  "lightAbsorption": 0,

  "collisionbox": null,
  "selectionbox": {
    "x1": 0.75,
    "y1": 1.0, //up-down
    "z1": 0.75,
    "x2": 0.25,
    "y2": 0.25,
    "z2": 0.25
  },
  "guiTransform": {
    "rotation": {
      "x": -23,
      "y": 137,
      "z": 0
    },
    "origin": {
      "x": 0.25,
      "y": 0.25,
      "z": 0.18
    },
    "scale": 1.5
  },
  "fpHandTransform": {
    "translation": {
      "x": 0.29,
      "y": -0.1,
      "z": 0
    },
    "rotation": {
      "x": 0,
      "y": -130,
      "z": 2
    },
    "scale": 2.5
  },
  "groundTransform": {
    "rotation": {
      "x": 0,
      "y": 0,
      "z": 90
    },
    "origin": {
      "x": 0.39,
      "y": 0.6,
      "z": 0.1
    },
    "scale": 4.5
  },
  "tpHandTransform": {
    "translation": {
      "x": -4.2,
      "y": -1.8,
      "z": 2.3
    },
    "rotation": {
      "x": 85,
      "y": 130,
      "z": 69
    },
    "origin": {
      "x": 2.8,
      "y": 1.3,
      "z": 0.1
    },
    "scale": 0.66
  },
  "rainPermeable": true,
  "materialDensity": 600
}