[
    {
      "file": "substrate:blocktypes/sporepaperprinted.json",
      "dependsOn": [{ "modid": "substrate" }],
      "op": "addmerge",
      "path": "/variantgroups/0/states",
      "value": [
        "aniseedfunnel",
	"aspenbolete", 
	"birchbolete", 
	"blewit", 
	"bluechanterelle", 
	"candycap", 
	"coccora", 
	"desertshaggymane", 
	"destroyingangel", 
	"dyerspolypore", 
	"falseearthstar", 
	"flattoppedclubcoral", 
	"friedchickenmushroom", 
	"greenearthtongue", 
	"hawkwing", 
	"hedgehogmushroom", 
	"honeymushroom", 
	"matsutake",
	"northernreddye", 
	"parasol", 
	"purplefairyclub", 
	"queenbolete", 
	"questionablestropharia", 
	"redramaria", 
	"shaggymane", 
	"shrimpmushroom", 
	"slipperyjack", 
	"stinkhorn", 
	"sulfurtuft", 
	"winterchanterelle", 
	"yellowramaria", 
	"yellowstainer",
        "artistsconk",
	"beefsteakfungus", 
	"redbeltedconk", 
	"turkeytail", 
	"westernvarnishedconk"
      ]
    },
    {
      "file": "substrate:itemtypes/sporeprint.json",
      "dependsOn": [{ "modid": "substrate" }],
      "op": "addmerge",
      "path": "/variantgroups/0/states",
      "value": [
        "aniseedfunnel",
	"aspenbolete", 
	"birchbolete", 
	"blewit", 
	"bluechanterelle", 
	"candycap", 
	"coccora", 
	"desertshaggymane", 
	"destroyingangel", 
	"dyerspolypore", 
	"falseearthstar", 
	"flattoppedclubcoral", 
	"friedchickenmushroom", 
	"greenearthtongue", 
	"hawkwing", 
	"hedgehogmushroom", 
	"honeymushroom", 
	"matsutake",
	"northernreddye", 
	"parasol", 
	"purplefairyclub", 
	"queenbolete", 
	"questionablestropharia", 
	"redramaria", 
	"shaggymane", 
	"shrimpmushroom", 
	"slipperyjack", 
	"stinkhorn", 
	"sulfurtuft", 
	"winterchanterelle", 
	"yellowramaria", 
	"yellowstainer",
        "artistsconk",
	"beefsteakfungus", 
	"redbeltedconk", 
	"turkeytail", 
	"westernvarnishedconk"
      ]
    }
  ]