{
	"textures": {
		"mycelium2": "game:block/plant/mushroom/mycelium2",
		"deathcap": "game:block/plant/mushroom/deathcap/deathcap",
		"pores": "game:block/plant/mushroom/pores"
	},
	"elements": [
		{
			"name": "origin",
			"from": [ 8.0, 0.0, 8.0 ], 
			"to": [ 8.0, 0.0, 8.0 ], 
			"rotationOrigin": [ 8.0, 0.0, 8.0 ],
			"faces": {
				"north": { "texture": "#null", "uv": [ 0.0, 0.0, 0.5, 0.5 ], "enabled": false },
				"east": { "texture": "#null", "uv": [ 0.0, 0.0, 0.5, 0.5 ], "enabled": false },
				"south": { "texture": "#null", "uv": [ 0.0, 0.0, 0.5, 0.5 ], "enabled": false },
				"west": { "texture": "#null", "uv": [ 0.0, 0.0, 0.5, 0.5 ], "enabled": false },
				"up": { "texture": "#null", "uv": [ 0.0, 0.0, 0.5, 0.5 ], "enabled": false },
				"down": { "texture": "#null", "uv": [ 0.0, 0.0, 0.5, 0.5 ], "enabled": false }
			},
			"children": [
				{
					"name": "stem3",
					"from": [ -0.8, -0.7, -0.8 ], 
					"to": [ 0.6, 1.8, 0.6 ], 
					"rotationOrigin": [ -0.1, -0.7, -0.1 ],
					"rotationX": -28.0,
					"rotationZ": -19.0,
					"faces": {
						"north": { "texture": "#deathcap", "uv": [ 0.5, 4.0, 1.5, 6.5 ] },
						"east": { "texture": "#deathcap", "uv": [ 1.0, 5.5, 2.0, 8.0 ] },
						"south": { "texture": "#deathcap", "uv": [ 1.0, 5.0, 2.0, 7.5 ] },
						"west": { "texture": "#deathcap", "uv": [ 1.0, 4.0, 2.0, 6.5 ] },
						"up": { "texture": "#deathcap", "uv": [ 0.0, 0.0, 1.0, 1.0 ], "enabled": false },
						"down": { "texture": "#deathcap", "uv": [ 1.5, 6.0, 2.5, 7.0 ], "enabled": false }
					},
					"children": [
						{
							"name": "foot",
							"from": [ -0.4, -0.1, -0.4 ], 
							"to": [ 1.8, 2.9, 1.8 ], 
							"rotationOrigin": [ 0.8, -0.1, 0.8 ],
							"faces": {
								"north": { "texture": "#deathcap", "uv": [ 4.5, 12.5, 6.5, 15.5 ] },
								"east": { "texture": "#deathcap", "uv": [ 6.0, 12.5, 8.0, 15.5 ] },
								"south": { "texture": "#deathcap", "uv": [ 3.5, 12.5, 5.5, 15.5 ] },
								"west": { "texture": "#deathcap", "uv": [ 5.0, 12.5, 7.0, 15.5 ] },
								"up": { "texture": "#deathcap", "uv": [ 0.0, 0.0, 2.0, 2.0 ], "enabled": false },
								"down": { "texture": "#deathcap", "uv": [ 0.0, 13.5, 2.0, 15.5 ] }
							}
						},
						{
							"name": "stemup",
							"from": [ 0.0, 2.4, 0.0 ], 
							"to": [ 1.4, 3.9, 1.4 ], 
							"rotationOrigin": [ 0.7, 2.4, 0.7 ],
							"rotationX": 5.0,
							"rotationZ": 3.0,
							"faces": {
								"north": { "texture": "#deathcap", "uv": [ 2.0, 7.0, 3.0, 8.5 ] },
								"east": { "texture": "#deathcap", "uv": [ 1.5, 6.5, 2.5, 8.0 ] },
								"south": { "texture": "#deathcap", "uv": [ 1.5, 6.5, 2.5, 8.0 ] },
								"west": { "texture": "#deathcap", "uv": [ 0.5, 5.5, 1.5, 7.0 ] },
								"up": { "texture": "#deathcap", "uv": [ 0.0, 0.0, 1.0, 1.0 ], "enabled": false },
								"down": { "texture": "#deathcap", "uv": [ 0.0, 0.0, 1.0, 1.0 ], "enabled": false }
							},
							"children": [
								{
									"name": "cap4",
									"from": [ -1.5, 1.3, -1.5 ], 
									"to": [ 3.0, 2.8, 3.0 ], 
									"rotationOrigin": [ 0.8, 1.3, 0.8 ],
									"rotationX": 19.0,
									"rotationZ": 22.0,
									"faces": {
										"north": { "texture": "#deathcap", "uv": [ 9.5, 12.0, 14.0, 13.5 ] },
										"east": { "texture": "#deathcap", "uv": [ 9.0, 11.5, 13.5, 13.0 ] },
										"south": { "texture": "#deathcap", "uv": [ 10.5, 12.0, 15.0, 13.5 ] },
										"west": { "texture": "#deathcap", "uv": [ 10.5, 10.5, 15.0, 12.0 ] },
										"up": { "texture": "#deathcap", "uv": [ 10.0, 10.0, 14.5, 14.5 ] },
										"down": { "texture": "#pores", "uv": [ 0.5, 10.0, 5.0, 14.5 ] }
									},
									"children": [
										{
											"name": "cap5",
											"from": [ 0.5, 1.5, 0.5 ], 
											"to": [ 4.0, 2.5, 4.0 ], 
											"rotationOrigin": [ 0.0, 0.5, 0.0 ],
											"faces": {
												"north": { "texture": "#deathcap", "uv": [ 11.0, 4.5, 14.5, 5.5 ] },
												"east": { "texture": "#deathcap", "uv": [ 11.0, 5.0, 14.5, 6.0 ] },
												"south": { "texture": "#deathcap", "uv": [ 11.0, 4.5, 14.5, 5.5 ] },
												"west": { "texture": "#deathcap", "uv": [ 10.5, 4.5, 14.0, 5.5 ] },
												"up": { "texture": "#deathcap", "uv": [ 11.0, 1.5, 14.5, 5.0 ] },
												"down": { "texture": "#deathcap", "uv": [ 7.0, 12.0, 10.5, 15.5 ], "enabled": false }
											}
										}
									]
								}
							]
						}
					]
				},
				{
					"name": "stem15",
					"from": [ -3.8, -0.3, -3.8 ], 
					"to": [ -2.4, 2.2, -2.4 ], 
					"rotationOrigin": [ -3.1, -0.3, -3.1 ],
					"rotationX": 6.0,
					"rotationY": -22.0,
					"faces": {
						"north": { "texture": "#deathcap", "uv": [ 0.5, 4.0, 1.5, 6.5 ] },
						"east": { "texture": "#deathcap", "uv": [ 1.0, 5.5, 2.0, 8.0 ] },
						"south": { "texture": "#deathcap", "uv": [ 1.0, 5.0, 2.0, 7.5 ] },
						"west": { "texture": "#deathcap", "uv": [ 1.0, 4.0, 2.0, 6.5 ] },
						"up": { "texture": "#deathcap", "uv": [ 0.0, 0.0, 1.0, 1.0 ], "enabled": false },
						"down": { "texture": "#deathcap", "uv": [ 1.5, 6.0, 2.5, 7.0 ], "enabled": false }
					},
					"children": [
						{
							"name": "foot16",
							"from": [ -0.4, -0.1, -0.4 ], 
							"to": [ 1.8, 1.9, 1.8 ], 
							"rotationOrigin": [ 0.8, -0.1, 0.8 ],
							"faces": {
								"north": { "texture": "#deathcap", "uv": [ 4.5, 12.5, 6.5, 14.5 ] },
								"east": { "texture": "#deathcap", "uv": [ 6.0, 12.5, 8.0, 14.5 ] },
								"south": { "texture": "#deathcap", "uv": [ 3.5, 12.5, 5.5, 14.5 ] },
								"west": { "texture": "#deathcap", "uv": [ 5.0, 12.5, 7.0, 14.5 ] },
								"up": { "texture": "#deathcap", "uv": [ 0.0, 0.0, 2.0, 2.0 ], "enabled": false },
								"down": { "texture": "#deathcap", "uv": [ 0.0, 13.5, 2.0, 15.5 ] }
							}
						},
						{
							"name": "stemup17",
							"from": [ 0.0, 2.2, 0.0 ], 
							"to": [ 1.4, 3.7, 1.4 ], 
							"rotationOrigin": [ 0.7, 2.2, 0.7 ],
							"rotationX": 4.0,
							"rotationZ": 6.0,
							"faces": {
								"north": { "texture": "#deathcap", "uv": [ 2.0, 7.0, 3.0, 8.5 ] },
								"east": { "texture": "#deathcap", "uv": [ 1.5, 6.5, 2.5, 8.0 ] },
								"south": { "texture": "#deathcap", "uv": [ 1.5, 6.5, 2.5, 8.0 ] },
								"west": { "texture": "#deathcap", "uv": [ 0.5, 5.5, 1.5, 7.0 ] },
								"up": { "texture": "#deathcap", "uv": [ 0.0, 0.0, 1.0, 1.0 ], "enabled": false },
								"down": { "texture": "#deathcap", "uv": [ 0.0, 0.0, 1.0, 1.0 ], "enabled": false }
							},
							"children": [
								{
									"name": "cap18",
									"from": [ -1.0, 1.3, -1.0 ], 
									"to": [ 2.5, 2.8, 2.5 ], 
									"rotationOrigin": [ 0.8, 1.3, 0.8 ],
									"rotationX": 3.0,
									"rotationY": 14.0,
									"faces": {
										"north": { "texture": "#deathcap", "uv": [ 10.0, 6.5, 13.5, 8.0 ] },
										"east": { "texture": "#deathcap", "uv": [ 9.5, 6.5, 13.0, 8.0 ] },
										"south": { "texture": "#deathcap", "uv": [ 9.5, 6.5, 13.0, 8.0 ] },
										"west": { "texture": "#deathcap", "uv": [ 9.5, 6.5, 13.0, 8.0 ] },
										"up": { "texture": "#deathcap", "uv": [ 11.5, 2.0, 15.0, 5.5 ] },
										"down": { "texture": "#pores", "uv": [ 3.0, 8.0, 6.5, 11.5 ] }
									},
									"children": [
										{
											"name": "cap19",
											"from": [ 0.5, 1.5, 0.5 ], 
											"to": [ 3.0, 3.0, 3.0 ], 
											"rotationOrigin": [ 0.0, 0.5, 0.0 ],
											"faces": {
												"north": { "texture": "#deathcap", "uv": [ 11.0, 4.5, 13.5, 6.0 ] },
												"east": { "texture": "#deathcap", "uv": [ 11.0, 5.0, 13.5, 6.5 ] },
												"south": { "texture": "#deathcap", "uv": [ 11.0, 4.5, 13.5, 6.0 ] },
												"west": { "texture": "#deathcap", "uv": [ 10.5, 4.5, 13.0, 6.0 ] },
												"up": { "texture": "#deathcap", "uv": [ 11.0, 1.5, 13.5, 4.0 ] },
												"down": { "texture": "#deathcap", "uv": [ 7.0, 12.0, 9.5, 14.5 ], "enabled": false }
											}
										}
									]
								}
							]
						}
					]
				},
				{
					"name": "stem20",
					"from": [ -1.8, -0.2, 2.2 ], 
					"to": [ -0.4, 2.3, 3.6 ], 
					"rotationOrigin": [ -1.1, -0.2, 2.9 ],
					"rotationX": 8.0,
					"rotationY": -6.0,
					"rotationZ": 3.0,
					"faces": {
						"north": { "texture": "#deathcap", "uv": [ 0.5, 4.0, 1.5, 6.5 ] },
						"east": { "texture": "#deathcap", "uv": [ 1.0, 5.5, 2.0, 8.0 ] },
						"south": { "texture": "#deathcap", "uv": [ 1.0, 5.0, 2.0, 7.5 ] },
						"west": { "texture": "#deathcap", "uv": [ 1.0, 4.0, 2.0, 6.5 ] },
						"up": { "texture": "#deathcap", "uv": [ 0.0, 0.0, 1.0, 1.0 ], "enabled": false },
						"down": { "texture": "#deathcap", "uv": [ 1.5, 6.0, 2.5, 7.0 ], "enabled": false }
					},
					"children": [
						{
							"name": "foot21",
							"from": [ -0.4, -0.1, -0.4 ], 
							"to": [ 1.8, 2.9, 1.8 ], 
							"rotationOrigin": [ 0.8, -0.1, 0.8 ],
							"faces": {
								"north": { "texture": "#deathcap", "uv": [ 4.5, 12.5, 6.5, 15.5 ] },
								"east": { "texture": "#deathcap", "uv": [ 6.0, 12.5, 8.0, 15.5 ] },
								"south": { "texture": "#deathcap", "uv": [ 3.5, 12.5, 5.5, 15.5 ] },
								"west": { "texture": "#deathcap", "uv": [ 5.0, 12.5, 7.0, 15.5 ] },
								"up": { "texture": "#deathcap", "uv": [ 0.0, 0.0, 2.0, 2.0 ], "enabled": false },
								"down": { "texture": "#deathcap", "uv": [ 0.0, 13.5, 2.0, 15.5 ] }
							}
						},
						{
							"name": "stemup22",
							"from": [ 0.1, 2.1, 0.0 ], 
							"to": [ 1.5, 3.6, 1.4 ], 
							"rotationOrigin": [ 0.8, 2.1, 0.7 ],
							"rotationX": -8.0,
							"faces": {
								"north": { "texture": "#deathcap", "uv": [ 2.0, 7.0, 3.0, 8.5 ] },
								"east": { "texture": "#deathcap", "uv": [ 1.5, 6.5, 2.5, 8.0 ] },
								"south": { "texture": "#deathcap", "uv": [ 1.5, 6.5, 2.5, 8.0 ] },
								"west": { "texture": "#deathcap", "uv": [ 0.5, 5.5, 1.5, 7.0 ] },
								"up": { "texture": "#deathcap", "uv": [ 0.0, 0.0, 1.0, 1.0 ], "enabled": false },
								"down": { "texture": "#deathcap", "uv": [ 0.0, 0.0, 1.0, 1.0 ], "enabled": false }
							},
							"children": [
								{
									"name": "cap23",
									"from": [ -0.5, 1.3, -0.5 ], 
									"to": [ 2.0, 3.3, 2.0 ], 
									"rotationOrigin": [ 0.8, 1.3, 0.8 ],
									"rotationY": -22.0,
									"rotationZ": 6.0,
									"faces": {
										"north": { "texture": "#deathcap", "uv": [ 12.0, 6.0, 14.5, 8.0 ] },
										"east": { "texture": "#deathcap", "uv": [ 12.0, 6.0, 14.5, 8.0 ] },
										"south": { "texture": "#deathcap", "uv": [ 11.5, 6.0, 14.0, 8.0 ] },
										"west": { "texture": "#deathcap", "uv": [ 12.0, 6.0, 14.5, 8.0 ] },
										"up": { "texture": "#deathcap", "uv": [ 12.0, 9.0, 14.5, 11.5 ] },
										"down": { "texture": "#pores", "uv": [ 3.0, 9.0, 5.5, 11.5 ] }
									},
									"children": [
										{
											"name": "cap24",
											"from": [ 0.5, 2.0, 0.5 ], 
											"to": [ 2.0, 3.5, 2.0 ], 
											"rotationOrigin": [ 0.0, 1.0, 0.0 ],
											"faces": {
												"north": { "texture": "#deathcap", "uv": [ 11.0, 4.5, 12.5, 6.0 ] },
												"east": { "texture": "#deathcap", "uv": [ 11.0, 5.0, 12.5, 6.5 ] },
												"south": { "texture": "#deathcap", "uv": [ 11.0, 4.5, 12.5, 6.0 ] },
												"west": { "texture": "#deathcap", "uv": [ 11.0, 4.0, 12.5, 5.5 ] },
												"up": { "texture": "#deathcap", "uv": [ 11.0, 1.5, 12.5, 3.0 ] },
												"down": { "texture": "#deathcap", "uv": [ 7.0, 12.0, 8.5, 13.5 ], "enabled": false }
											}
										}
									]
								}
							]
						}
					]
				},
				{
					"name": "small",
					"from": [ -4.0, -1.0, -1.0 ], 
					"to": [ -2.0, 1.0, 1.0 ], 
					"rotationOrigin": [ -3.0, -1.0, 0.0 ],
					"rotationX": 25.0,
					"rotationY": 14.0,
					"faces": {
						"north": { "texture": "#deathcap", "uv": [ 0.5, 9.5, 2.5, 11.5 ] },
						"east": { "texture": "#deathcap", "uv": [ 0.5, 10.0, 2.5, 12.0 ] },
						"south": { "texture": "#deathcap", "uv": [ 0.5, 10.0, 2.5, 12.0 ] },
						"west": { "texture": "#deathcap", "uv": [ 1.0, 10.0, 3.0, 12.0 ] },
						"up": { "texture": "#deathcap", "uv": [ 6.0, 8.0, 8.0, 10.0 ] },
						"down": { "texture": "#deathcap", "uv": [ 0.0, 13.5, 2.0, 15.5 ] }
					},
					"children": [
						{
							"name": "Cube1",
							"from": [ 0.4, 2.0, 0.4 ], 
							"to": [ 1.6, 3.0, 1.6 ], 
							"rotationOrigin": [ 1.0, 2.0, 0.9 ],
							"faces": {
								"north": { "texture": "#deathcap", "uv": [ 1.0, 7.0, 2.0, 8.0 ] },
								"east": { "texture": "#deathcap", "uv": [ 0.5, 7.5, 1.5, 8.5 ] },
								"south": { "texture": "#deathcap", "uv": [ 0.0, 6.5, 1.0, 7.5 ] },
								"west": { "texture": "#deathcap", "uv": [ 0.0, 6.5, 1.0, 7.5 ] },
								"up": { "texture": "#deathcap", "uv": [ 2.5, 6.5, 3.5, 7.5 ] },
								"down": { "texture": "#deathcap", "uv": [ 0.0, 0.0, 1.0, 1.0 ], "enabled": false }
							}
						}
					]
				},
				{
					"name": "small23",
					"from": [ 2.0, -0.4, 0.0 ], 
					"to": [ 4.0, 1.6, 2.0 ], 
					"rotationOrigin": [ 3.0, -0.4, 1.0 ],
					"rotationX": -3.0,
					"rotationY": -14.0,
					"faces": {
						"north": { "texture": "#deathcap", "uv": [ 0.5, 9.5, 2.5, 11.5 ] },
						"east": { "texture": "#deathcap", "uv": [ 0.5, 10.0, 2.5, 12.0 ] },
						"south": { "texture": "#deathcap", "uv": [ 0.5, 10.0, 2.5, 12.0 ] },
						"west": { "texture": "#deathcap", "uv": [ 1.0, 10.0, 3.0, 12.0 ] },
						"up": { "texture": "#deathcap", "uv": [ 6.0, 8.0, 8.0, 10.0 ] },
						"down": { "texture": "#deathcap", "uv": [ 0.0, 13.5, 2.0, 15.5 ] }
					},
					"children": [
						{
							"name": "Cube24",
							"from": [ 0.4, 2.0, 0.4 ], 
							"to": [ 1.6, 3.0, 1.6 ], 
							"rotationOrigin": [ 1.0, 2.0, 0.9 ],
							"faces": {
								"north": { "texture": "#deathcap", "uv": [ 1.0, 7.0, 2.0, 8.0 ] },
								"east": { "texture": "#deathcap", "uv": [ 0.5, 7.5, 1.5, 8.5 ] },
								"south": { "texture": "#deathcap", "uv": [ 0.0, 6.5, 1.0, 7.5 ] },
								"west": { "texture": "#deathcap", "uv": [ 0.0, 6.5, 1.0, 7.5 ] },
								"up": { "texture": "#deathcap", "uv": [ 2.5, 6.5, 3.5, 7.5 ] },
								"down": { "texture": "#deathcap", "uv": [ 0.0, 0.0, 1.0, 1.0 ], "enabled": false }
							}
						}
					]
				},
				{
					"name": "small24",
					"from": [ 2.1, -0.4, -5.0 ], 
					"to": [ 4.1, 1.1, -3.0 ], 
					"rotationOrigin": [ 3.1, -0.4, -4.0 ],
					"rotationX": -3.0,
					"rotationY": -8.0,
					"faces": {
						"north": { "texture": "#deathcap", "uv": [ 0.5, 9.5, 2.5, 11.0 ] },
						"east": { "texture": "#deathcap", "uv": [ 0.5, 10.0, 2.5, 11.5 ] },
						"south": { "texture": "#deathcap", "uv": [ 0.5, 10.0, 2.5, 11.5 ] },
						"west": { "texture": "#deathcap", "uv": [ 1.0, 10.0, 3.0, 11.5 ] },
						"up": { "texture": "#deathcap", "uv": [ 6.0, 8.0, 8.0, 10.0 ] },
						"down": { "texture": "#deathcap", "uv": [ 0.0, 13.5, 2.0, 15.5 ] }
					},
					"children": [
						{
							"name": "Cube25",
							"from": [ 0.4, 1.5, 0.4 ], 
							"to": [ 1.6, 2.5, 1.6 ], 
							"rotationOrigin": [ 1.0, 1.5, 0.9 ],
							"faces": {
								"north": { "texture": "#deathcap", "uv": [ 1.0, 7.0, 2.0, 8.0 ] },
								"east": { "texture": "#deathcap", "uv": [ 0.5, 7.5, 1.5, 8.5 ] },
								"south": { "texture": "#deathcap", "uv": [ 0.0, 6.5, 1.0, 7.5 ] },
								"west": { "texture": "#deathcap", "uv": [ 0.0, 6.5, 1.0, 7.5 ] },
								"up": { "texture": "#deathcap", "uv": [ 2.5, 6.5, 3.5, 7.5 ] },
								"down": { "texture": "#deathcap", "uv": [ 0.0, 0.0, 1.0, 1.0 ], "enabled": false }
							}
						}
					]
				},
				{
					"name": "voxel1",
					"from": [ -4.0, 0.0, 4.0 ], 
					"to": [ -3.0, 1.0, 5.0 ], 
					"rotationOrigin": [ -3.5, 0.0, 4.5 ],
					"rotationY": 22.0,
					"faces": {
						"north": { "texture": "#deathcap", "uv": [ 2.0, 13.5, 3.0, 14.5 ] },
						"east": { "texture": "#deathcap", "uv": [ 1.5, 12.0, 2.5, 13.0 ] },
						"south": { "texture": "#deathcap", "uv": [ 0.5, 12.5, 1.5, 13.5 ] },
						"west": { "texture": "#deathcap", "uv": [ 1.0, 11.5, 2.0, 12.5 ] },
						"up": { "texture": "#deathcap", "uv": [ 1.5, 11.0, 2.5, 12.0 ] },
						"down": { "texture": "#deathcap", "uv": [ 1.5, 13.0, 2.5, 14.0 ] }
					}
				},
				{
					"name": "voxel23",
					"from": [ 4.0, 0.0, -2.0 ], 
					"to": [ 5.0, 1.0, -1.0 ], 
					"rotationOrigin": [ 4.5, 0.0, -1.5 ],
					"rotationY": -6.0,
					"faces": {
						"north": { "texture": "#deathcap", "uv": [ 2.0, 13.5, 3.0, 14.5 ] },
						"east": { "texture": "#deathcap", "uv": [ 1.5, 12.0, 2.5, 13.0 ] },
						"south": { "texture": "#deathcap", "uv": [ 0.5, 12.5, 1.5, 13.5 ] },
						"west": { "texture": "#deathcap", "uv": [ 1.0, 11.5, 2.0, 12.5 ] },
						"up": { "texture": "#deathcap", "uv": [ 1.5, 11.0, 2.5, 12.0 ] },
						"down": { "texture": "#deathcap", "uv": [ 1.5, 13.0, 2.5, 14.0 ] }
					}
				},
				{
					"name": "voxel27",
					"from": [ 3.0, 0.0, 3.0 ], 
					"to": [ 4.0, 1.0, 4.0 ], 
					"rotationOrigin": [ 3.5, 0.0, 3.5 ],
					"rotationY": -6.0,
					"faces": {
						"north": { "texture": "#deathcap", "uv": [ 2.0, 13.5, 3.0, 14.5 ] },
						"east": { "texture": "#deathcap", "uv": [ 1.5, 12.0, 2.5, 13.0 ] },
						"south": { "texture": "#deathcap", "uv": [ 0.5, 12.5, 1.5, 13.5 ] },
						"west": { "texture": "#deathcap", "uv": [ 1.0, 11.5, 2.0, 12.5 ] },
						"up": { "texture": "#deathcap", "uv": [ 1.5, 11.0, 2.5, 12.0 ] },
						"down": { "texture": "#deathcap", "uv": [ 1.5, 13.0, 2.5, 14.0 ] }
					}
				},
				{
					"name": "voxel26",
					"from": [ 0.0, -0.1, -5.0 ], 
					"to": [ 1.0, 0.9, -4.0 ], 
					"rotationOrigin": [ 0.5, -0.1, -4.5 ],
					"rotationX": 9.0,
					"rotationY": 22.0,
					"rotationZ": 4.0,
					"faces": {
						"north": { "texture": "#deathcap", "uv": [ 2.0, 13.5, 3.0, 14.5 ] },
						"east": { "texture": "#deathcap", "uv": [ 1.5, 12.0, 2.5, 13.0 ] },
						"south": { "texture": "#deathcap", "uv": [ 0.5, 12.5, 1.5, 13.5 ] },
						"west": { "texture": "#deathcap", "uv": [ 1.0, 11.5, 2.0, 12.5 ] },
						"up": { "texture": "#deathcap", "uv": [ 1.5, 11.0, 2.5, 12.0 ] },
						"down": { "texture": "#deathcap", "uv": [ 1.5, 13.0, 2.5, 14.0 ] }
					}
				},
				{
					"name": "mycelium",
					"from": [ -5.0, 0.1, -5.0 ], 
					"to": [ 5.0, 0.1, 5.0 ], 
					"renderPass": 3,
					"rotationOrigin": [ 0.0, 0.1, 0.0 ],
					"faces": {
						"north": { "texture": "#deathcap", "uv": [ 0.0, 0.0, 10.0, 0.5 ], "enabled": false },
						"east": { "texture": "#deathcap", "uv": [ 0.0, 0.0, 10.0, 0.5 ], "enabled": false },
						"south": { "texture": "#deathcap", "uv": [ 0.0, 0.0, 10.0, 0.5 ], "enabled": false },
						"west": { "texture": "#deathcap", "uv": [ 0.0, 0.0, 10.0, 0.5 ], "enabled": false },
						"up": { "texture": "#mycelium2", "uv": [ 3.0, 3.0, 13.0, 13.0 ] },
						"down": { "texture": "#deathcap", "uv": [ 0.0, 0.0, 10.0, 10.0 ], "enabled": false }
					}
				}
			]
		},
		{
			"name": "origin28",
			"from": [ 24.0, 0.0, 8.0 ], 
			"to": [ 24.0, 0.0, 8.0 ], 
			"rotationOrigin": [ 24.0, 0.0, 8.0 ],
			"rotationY": -180.0,
			"faces": {
				"north": { "texture": "#null", "uv": [ 0.0, 0.0, 0.5, 0.5 ], "enabled": false },
				"east": { "texture": "#null", "uv": [ 0.0, 0.0, 0.5, 0.5 ], "enabled": false },
				"south": { "texture": "#null", "uv": [ 0.0, 0.0, 0.5, 0.5 ], "enabled": false },
				"west": { "texture": "#null", "uv": [ 0.0, 0.0, 0.5, 0.5 ], "enabled": false },
				"up": { "texture": "#null", "uv": [ 0.0, 0.0, 0.5, 0.5 ], "enabled": false },
				"down": { "texture": "#null", "uv": [ 0.0, 0.0, 0.5, 0.5 ], "enabled": false }
			},
			"children": [
				{
					"name": "stem29",
					"from": [ -0.8, -0.7, -0.8 ], 
					"to": [ 0.6, 1.8, 0.6 ], 
					"rotationOrigin": [ -0.1, -0.7, -0.1 ],
					"rotationX": -28.0,
					"rotationZ": -19.0,
					"faces": {
						"north": { "texture": "#deathcap", "uv": [ 0.5, 4.0, 1.5, 6.5 ] },
						"east": { "texture": "#deathcap", "uv": [ 1.0, 5.5, 2.0, 8.0 ] },
						"south": { "texture": "#deathcap", "uv": [ 1.0, 5.0, 2.0, 7.5 ] },
						"west": { "texture": "#deathcap", "uv": [ 1.0, 4.0, 2.0, 6.5 ] },
						"up": { "texture": "#deathcap", "uv": [ 0.0, 0.0, 1.0, 1.0 ], "enabled": false },
						"down": { "texture": "#deathcap", "uv": [ 1.5, 6.0, 2.5, 7.0 ], "enabled": false }
					},
					"children": [
						{
							"name": "foot30",
							"from": [ -0.4, -0.1, -0.4 ], 
							"to": [ 1.8, 2.9, 1.8 ], 
							"rotationOrigin": [ 0.8, -0.1, 0.8 ],
							"faces": {
								"north": { "texture": "#deathcap", "uv": [ 4.5, 12.5, 6.5, 15.5 ] },
								"east": { "texture": "#deathcap", "uv": [ 6.0, 12.5, 8.0, 15.5 ] },
								"south": { "texture": "#deathcap", "uv": [ 3.5, 12.5, 5.5, 15.5 ] },
								"west": { "texture": "#deathcap", "uv": [ 5.0, 12.5, 7.0, 15.5 ] },
								"up": { "texture": "#deathcap", "uv": [ 0.0, 0.0, 2.0, 2.0 ], "enabled": false },
								"down": { "texture": "#deathcap", "uv": [ 0.0, 13.5, 2.0, 15.5 ] }
							}
						},
						{
							"name": "stemup31",
							"from": [ 0.0, 2.4, 0.0 ], 
							"to": [ 1.4, 3.9, 1.4 ], 
							"rotationOrigin": [ 0.7, 2.4, 0.7 ],
							"rotationX": 5.0,
							"rotationZ": 3.0,
							"faces": {
								"north": { "texture": "#deathcap", "uv": [ 2.0, 7.0, 3.0, 8.5 ] },
								"east": { "texture": "#deathcap", "uv": [ 1.5, 6.5, 2.5, 8.0 ] },
								"south": { "texture": "#deathcap", "uv": [ 1.5, 6.5, 2.5, 8.0 ] },
								"west": { "texture": "#deathcap", "uv": [ 0.5, 5.5, 1.5, 7.0 ] },
								"up": { "texture": "#deathcap", "uv": [ 0.0, 0.0, 1.0, 1.0 ], "enabled": false },
								"down": { "texture": "#deathcap", "uv": [ 0.0, 0.0, 1.0, 1.0 ], "enabled": false }
							},
							"children": [
								{
									"name": "cap32",
									"from": [ -1.5, 1.3, -1.5 ], 
									"to": [ 3.0, 2.8, 3.0 ], 
									"rotationOrigin": [ 0.8, 1.3, 0.8 ],
									"rotationX": 19.0,
									"rotationZ": 22.0,
									"faces": {
										"north": { "texture": "#deathcap", "uv": [ 9.5, 12.0, 14.0, 13.5 ] },
										"east": { "texture": "#deathcap", "uv": [ 9.0, 11.5, 13.5, 13.0 ] },
										"south": { "texture": "#deathcap", "uv": [ 10.5, 12.0, 15.0, 13.5 ] },
										"west": { "texture": "#deathcap", "uv": [ 10.5, 10.5, 15.0, 12.0 ] },
										"up": { "texture": "#deathcap", "uv": [ 10.0, 10.0, 14.5, 14.5 ] },
										"down": { "texture": "#pores", "uv": [ 0.5, 10.0, 5.0, 14.5 ] }
									},
									"children": [
										{
											"name": "cap33",
											"from": [ 0.5, 1.5, 0.5 ], 
											"to": [ 4.0, 2.5, 4.0 ], 
											"rotationOrigin": [ 0.0, 0.5, 0.0 ],
											"faces": {
												"north": { "texture": "#deathcap", "uv": [ 11.0, 4.5, 14.5, 5.5 ] },
												"east": { "texture": "#deathcap", "uv": [ 11.0, 5.0, 14.5, 6.0 ] },
												"south": { "texture": "#deathcap", "uv": [ 11.0, 4.5, 14.5, 5.5 ] },
												"west": { "texture": "#deathcap", "uv": [ 10.5, 4.5, 14.0, 5.5 ] },
												"up": { "texture": "#deathcap", "uv": [ 11.0, 1.5, 14.5, 5.0 ] },
												"down": { "texture": "#deathcap", "uv": [ 7.0, 12.0, 10.5, 15.5 ], "enabled": false }
											}
										}
									]
								}
							]
						}
					]
				},
				{
					"name": "stem34",
					"from": [ -3.8, -0.3, -3.8 ], 
					"to": [ -2.4, 2.2, -2.4 ], 
					"rotationOrigin": [ -3.1, -0.3, -3.1 ],
					"rotationX": 6.0,
					"rotationY": -22.0,
					"faces": {
						"north": { "texture": "#deathcap", "uv": [ 0.5, 4.0, 1.5, 6.5 ] },
						"east": { "texture": "#deathcap", "uv": [ 1.0, 5.5, 2.0, 8.0 ] },
						"south": { "texture": "#deathcap", "uv": [ 1.0, 5.0, 2.0, 7.5 ] },
						"west": { "texture": "#deathcap", "uv": [ 1.0, 4.0, 2.0, 6.5 ] },
						"up": { "texture": "#deathcap", "uv": [ 0.0, 0.0, 1.0, 1.0 ], "enabled": false },
						"down": { "texture": "#deathcap", "uv": [ 1.5, 6.0, 2.5, 7.0 ], "enabled": false }
					},
					"children": [
						{
							"name": "foot35",
							"from": [ -0.4, -0.1, -0.4 ], 
							"to": [ 1.8, 1.9, 1.8 ], 
							"rotationOrigin": [ 0.8, -0.1, 0.8 ],
							"faces": {
								"north": { "texture": "#deathcap", "uv": [ 4.5, 12.5, 6.5, 14.5 ] },
								"east": { "texture": "#deathcap", "uv": [ 6.0, 12.5, 8.0, 14.5 ] },
								"south": { "texture": "#deathcap", "uv": [ 3.5, 12.5, 5.5, 14.5 ] },
								"west": { "texture": "#deathcap", "uv": [ 5.0, 12.5, 7.0, 14.5 ] },
								"up": { "texture": "#deathcap", "uv": [ 0.0, 0.0, 2.0, 2.0 ], "enabled": false },
								"down": { "texture": "#deathcap", "uv": [ 0.0, 13.5, 2.0, 15.5 ] }
							}
						},
						{
							"name": "stemup36",
							"from": [ 0.0, 2.2, 0.0 ], 
							"to": [ 1.4, 3.7, 1.4 ], 
							"rotationOrigin": [ 0.7, 2.2, 0.7 ],
							"rotationX": 4.0,
							"rotationZ": 6.0,
							"faces": {
								"north": { "texture": "#deathcap", "uv": [ 2.0, 7.0, 3.0, 8.5 ] },
								"east": { "texture": "#deathcap", "uv": [ 1.5, 6.5, 2.5, 8.0 ] },
								"south": { "texture": "#deathcap", "uv": [ 1.5, 6.5, 2.5, 8.0 ] },
								"west": { "texture": "#deathcap", "uv": [ 0.5, 5.5, 1.5, 7.0 ] },
								"up": { "texture": "#deathcap", "uv": [ 0.0, 0.0, 1.0, 1.0 ], "enabled": false },
								"down": { "texture": "#deathcap", "uv": [ 0.0, 0.0, 1.0, 1.0 ], "enabled": false }
							},
							"children": [
								{
									"name": "cap37",
									"from": [ -1.0, 1.3, -1.0 ], 
									"to": [ 2.5, 2.8, 2.5 ], 
									"rotationOrigin": [ 0.8, 1.3, 0.8 ],
									"rotationX": 3.0,
									"rotationY": 14.0,
									"faces": {
										"north": { "texture": "#deathcap", "uv": [ 10.0, 6.5, 13.5, 8.0 ] },
										"east": { "texture": "#deathcap", "uv": [ 9.5, 6.5, 13.0, 8.0 ] },
										"south": { "texture": "#deathcap", "uv": [ 9.5, 6.5, 13.0, 8.0 ] },
										"west": { "texture": "#deathcap", "uv": [ 9.5, 6.5, 13.0, 8.0 ] },
										"up": { "texture": "#deathcap", "uv": [ 11.5, 2.0, 15.0, 5.5 ] },
										"down": { "texture": "#pores", "uv": [ 3.0, 8.0, 6.5, 11.5 ] }
									},
									"children": [
										{
											"name": "cap38",
											"from": [ 0.5, 1.5, 0.5 ], 
											"to": [ 3.0, 3.0, 3.0 ], 
											"rotationOrigin": [ 0.0, 0.5, 0.0 ],
											"faces": {
												"north": { "texture": "#deathcap", "uv": [ 11.0, 4.5, 13.5, 6.0 ] },
												"east": { "texture": "#deathcap", "uv": [ 11.0, 5.0, 13.5, 6.5 ] },
												"south": { "texture": "#deathcap", "uv": [ 11.0, 4.5, 13.5, 6.0 ] },
												"west": { "texture": "#deathcap", "uv": [ 10.5, 4.5, 13.0, 6.0 ] },
												"up": { "texture": "#deathcap", "uv": [ 11.0, 1.5, 13.5, 4.0 ] },
												"down": { "texture": "#deathcap", "uv": [ 7.0, 12.0, 9.5, 14.5 ], "enabled": false }
											}
										}
									]
								}
							]
						}
					]
				},
				{
					"name": "stem39",
					"from": [ -1.8, -0.2, 2.2 ], 
					"to": [ -0.4, 2.3, 3.6 ], 
					"rotationOrigin": [ -1.1, -0.2, 2.9 ],
					"rotationX": 8.0,
					"rotationY": -6.0,
					"rotationZ": 3.0,
					"faces": {
						"north": { "texture": "#deathcap", "uv": [ 0.5, 4.0, 1.5, 6.5 ] },
						"east": { "texture": "#deathcap", "uv": [ 1.0, 5.5, 2.0, 8.0 ] },
						"south": { "texture": "#deathcap", "uv": [ 1.0, 5.0, 2.0, 7.5 ] },
						"west": { "texture": "#deathcap", "uv": [ 1.0, 4.0, 2.0, 6.5 ] },
						"up": { "texture": "#deathcap", "uv": [ 0.0, 0.0, 1.0, 1.0 ], "enabled": false },
						"down": { "texture": "#deathcap", "uv": [ 1.5, 6.0, 2.5, 7.0 ], "enabled": false }
					},
					"children": [
						{
							"name": "foot40",
							"from": [ -0.4, -0.1, -0.4 ], 
							"to": [ 1.8, 2.9, 1.8 ], 
							"rotationOrigin": [ 0.8, -0.1, 0.8 ],
							"faces": {
								"north": { "texture": "#deathcap", "uv": [ 4.5, 12.5, 6.5, 15.5 ] },
								"east": { "texture": "#deathcap", "uv": [ 6.0, 12.5, 8.0, 15.5 ] },
								"south": { "texture": "#deathcap", "uv": [ 3.5, 12.5, 5.5, 15.5 ] },
								"west": { "texture": "#deathcap", "uv": [ 5.0, 12.5, 7.0, 15.5 ] },
								"up": { "texture": "#deathcap", "uv": [ 0.0, 0.0, 2.0, 2.0 ], "enabled": false },
								"down": { "texture": "#deathcap", "uv": [ 0.0, 13.5, 2.0, 15.5 ] }
							}
						},
						{
							"name": "stemup41",
							"from": [ 0.1, 2.1, 0.0 ], 
							"to": [ 1.5, 3.6, 1.4 ], 
							"rotationOrigin": [ 0.8, 2.1, 0.7 ],
							"rotationX": -8.0,
							"faces": {
								"north": { "texture": "#deathcap", "uv": [ 2.0, 7.0, 3.0, 8.5 ] },
								"east": { "texture": "#deathcap", "uv": [ 1.5, 6.5, 2.5, 8.0 ] },
								"south": { "texture": "#deathcap", "uv": [ 1.5, 6.5, 2.5, 8.0 ] },
								"west": { "texture": "#deathcap", "uv": [ 0.5, 5.5, 1.5, 7.0 ] },
								"up": { "texture": "#deathcap", "uv": [ 0.0, 0.0, 1.0, 1.0 ], "enabled": false },
								"down": { "texture": "#deathcap", "uv": [ 0.0, 0.0, 1.0, 1.0 ], "enabled": false }
							},
							"children": [
								{
									"name": "cap42",
									"from": [ -0.5, 1.3, -0.5 ], 
									"to": [ 2.0, 3.3, 2.0 ], 
									"rotationOrigin": [ 0.8, 1.3, 0.8 ],
									"rotationY": -22.0,
									"rotationZ": 6.0,
									"faces": {
										"north": { "texture": "#deathcap", "uv": [ 12.0, 6.0, 14.5, 8.0 ] },
										"east": { "texture": "#deathcap", "uv": [ 12.0, 6.0, 14.5, 8.0 ] },
										"south": { "texture": "#deathcap", "uv": [ 11.5, 6.0, 14.0, 8.0 ] },
										"west": { "texture": "#deathcap", "uv": [ 12.0, 6.0, 14.5, 8.0 ] },
										"up": { "texture": "#deathcap", "uv": [ 12.0, 9.0, 14.5, 11.5 ] },
										"down": { "texture": "#pores", "uv": [ 3.0, 9.0, 5.5, 11.5 ] }
									},
									"children": [
										{
											"name": "cap43",
											"from": [ 0.5, 2.0, 0.5 ], 
											"to": [ 2.0, 3.5, 2.0 ], 
											"rotationOrigin": [ 0.0, 1.0, 0.0 ],
											"faces": {
												"north": { "texture": "#deathcap", "uv": [ 11.0, 4.5, 12.5, 6.0 ] },
												"east": { "texture": "#deathcap", "uv": [ 11.0, 5.0, 12.5, 6.5 ] },
												"south": { "texture": "#deathcap", "uv": [ 11.0, 4.5, 12.5, 6.0 ] },
												"west": { "texture": "#deathcap", "uv": [ 11.0, 4.0, 12.5, 5.5 ] },
												"up": { "texture": "#deathcap", "uv": [ 11.0, 1.5, 12.5, 3.0 ] },
												"down": { "texture": "#deathcap", "uv": [ 7.0, 12.0, 8.5, 13.5 ], "enabled": false }
											}
										}
									]
								}
							]
						}
					]
				},
				{
					"name": "small44",
					"from": [ -4.0, -1.0, -1.0 ], 
					"to": [ -2.0, 1.0, 1.0 ], 
					"rotationOrigin": [ -3.0, -1.0, 0.0 ],
					"rotationX": 25.0,
					"rotationY": 14.0,
					"faces": {
						"north": { "texture": "#deathcap", "uv": [ 0.5, 9.5, 2.5, 11.5 ] },
						"east": { "texture": "#deathcap", "uv": [ 0.5, 10.0, 2.5, 12.0 ] },
						"south": { "texture": "#deathcap", "uv": [ 0.5, 10.0, 2.5, 12.0 ] },
						"west": { "texture": "#deathcap", "uv": [ 1.0, 10.0, 3.0, 12.0 ] },
						"up": { "texture": "#deathcap", "uv": [ 6.0, 8.0, 8.0, 10.0 ] },
						"down": { "texture": "#deathcap", "uv": [ 0.0, 13.5, 2.0, 15.5 ] }
					},
					"children": [
						{
							"name": "Cube45",
							"from": [ 0.4, 2.0, 0.4 ], 
							"to": [ 1.6, 3.0, 1.6 ], 
							"rotationOrigin": [ 1.0, 2.0, 0.9 ],
							"faces": {
								"north": { "texture": "#deathcap", "uv": [ 1.0, 7.0, 2.0, 8.0 ] },
								"east": { "texture": "#deathcap", "uv": [ 0.5, 7.5, 1.5, 8.5 ] },
								"south": { "texture": "#deathcap", "uv": [ 0.0, 6.5, 1.0, 7.5 ] },
								"west": { "texture": "#deathcap", "uv": [ 0.0, 6.5, 1.0, 7.5 ] },
								"up": { "texture": "#deathcap", "uv": [ 2.5, 6.5, 3.5, 7.5 ] },
								"down": { "texture": "#deathcap", "uv": [ 0.0, 0.0, 1.0, 1.0 ], "enabled": false }
							}
						}
					]
				},
				{
					"name": "small46",
					"from": [ 2.0, -0.4, 0.0 ], 
					"to": [ 4.0, 1.6, 2.0 ], 
					"rotationOrigin": [ 3.0, -0.4, 1.0 ],
					"rotationX": -3.0,
					"rotationY": -14.0,
					"faces": {
						"north": { "texture": "#deathcap", "uv": [ 0.5, 9.5, 2.5, 11.5 ] },
						"east": { "texture": "#deathcap", "uv": [ 0.5, 10.0, 2.5, 12.0 ] },
						"south": { "texture": "#deathcap", "uv": [ 0.5, 10.0, 2.5, 12.0 ] },
						"west": { "texture": "#deathcap", "uv": [ 1.0, 10.0, 3.0, 12.0 ] },
						"up": { "texture": "#deathcap", "uv": [ 6.0, 8.0, 8.0, 10.0 ] },
						"down": { "texture": "#deathcap", "uv": [ 0.0, 13.5, 2.0, 15.5 ] }
					},
					"children": [
						{
							"name": "Cube47",
							"from": [ 0.4, 2.0, 0.4 ], 
							"to": [ 1.6, 3.0, 1.6 ], 
							"rotationOrigin": [ 1.0, 2.0, 0.9 ],
							"faces": {
								"north": { "texture": "#deathcap", "uv": [ 1.0, 7.0, 2.0, 8.0 ] },
								"east": { "texture": "#deathcap", "uv": [ 0.5, 7.5, 1.5, 8.5 ] },
								"south": { "texture": "#deathcap", "uv": [ 0.0, 6.5, 1.0, 7.5 ] },
								"west": { "texture": "#deathcap", "uv": [ 0.0, 6.5, 1.0, 7.5 ] },
								"up": { "texture": "#deathcap", "uv": [ 2.5, 6.5, 3.5, 7.5 ] },
								"down": { "texture": "#deathcap", "uv": [ 0.0, 0.0, 1.0, 1.0 ], "enabled": false }
							}
						}
					]
				},
				{
					"name": "small48",
					"from": [ 2.1, -0.4, -5.0 ], 
					"to": [ 4.1, 1.1, -3.0 ], 
					"rotationOrigin": [ 3.1, -0.4, -4.0 ],
					"rotationX": -3.0,
					"rotationY": -8.0,
					"faces": {
						"north": { "texture": "#deathcap", "uv": [ 0.5, 9.5, 2.5, 11.0 ] },
						"east": { "texture": "#deathcap", "uv": [ 0.5, 10.0, 2.5, 11.5 ] },
						"south": { "texture": "#deathcap", "uv": [ 0.5, 10.0, 2.5, 11.5 ] },
						"west": { "texture": "#deathcap", "uv": [ 1.0, 10.0, 3.0, 11.5 ] },
						"up": { "texture": "#deathcap", "uv": [ 6.0, 8.0, 8.0, 10.0 ] },
						"down": { "texture": "#deathcap", "uv": [ 0.0, 13.5, 2.0, 15.5 ] }
					},
					"children": [
						{
							"name": "Cube49",
							"from": [ 0.4, 1.5, 0.4 ], 
							"to": [ 1.6, 2.5, 1.6 ], 
							"rotationOrigin": [ 1.0, 1.5, 0.9 ],
							"faces": {
								"north": { "texture": "#deathcap", "uv": [ 1.0, 7.0, 2.0, 8.0 ] },
								"east": { "texture": "#deathcap", "uv": [ 0.5, 7.5, 1.5, 8.5 ] },
								"south": { "texture": "#deathcap", "uv": [ 0.0, 6.5, 1.0, 7.5 ] },
								"west": { "texture": "#deathcap", "uv": [ 0.0, 6.5, 1.0, 7.5 ] },
								"up": { "texture": "#deathcap", "uv": [ 2.5, 6.5, 3.5, 7.5 ] },
								"down": { "texture": "#deathcap", "uv": [ 0.0, 0.0, 1.0, 1.0 ], "enabled": false }
							}
						}
					]
				},
				{
					"name": "voxel50",
					"from": [ -4.0, 0.0, 4.0 ], 
					"to": [ -3.0, 1.0, 5.0 ], 
					"rotationOrigin": [ -3.5, 0.0, 4.5 ],
					"rotationY": 22.0,
					"faces": {
						"north": { "texture": "#deathcap", "uv": [ 2.0, 13.5, 3.0, 14.5 ] },
						"east": { "texture": "#deathcap", "uv": [ 1.5, 12.0, 2.5, 13.0 ] },
						"south": { "texture": "#deathcap", "uv": [ 0.5, 12.5, 1.5, 13.5 ] },
						"west": { "texture": "#deathcap", "uv": [ 1.0, 11.5, 2.0, 12.5 ] },
						"up": { "texture": "#deathcap", "uv": [ 1.5, 11.0, 2.5, 12.0 ] },
						"down": { "texture": "#deathcap", "uv": [ 1.5, 13.0, 2.5, 14.0 ] }
					}
				},
				{
					"name": "voxel51",
					"from": [ 4.0, 0.0, -2.0 ], 
					"to": [ 5.0, 1.0, -1.0 ], 
					"rotationOrigin": [ 4.5, 0.0, -1.5 ],
					"rotationY": -6.0,
					"faces": {
						"north": { "texture": "#deathcap", "uv": [ 2.0, 13.5, 3.0, 14.5 ] },
						"east": { "texture": "#deathcap", "uv": [ 1.5, 12.0, 2.5, 13.0 ] },
						"south": { "texture": "#deathcap", "uv": [ 0.5, 12.5, 1.5, 13.5 ] },
						"west": { "texture": "#deathcap", "uv": [ 1.0, 11.5, 2.0, 12.5 ] },
						"up": { "texture": "#deathcap", "uv": [ 1.5, 11.0, 2.5, 12.0 ] },
						"down": { "texture": "#deathcap", "uv": [ 1.5, 13.0, 2.5, 14.0 ] }
					}
				},
				{
					"name": "voxel52",
					"from": [ 3.0, 0.0, 3.0 ], 
					"to": [ 4.0, 1.0, 4.0 ], 
					"rotationOrigin": [ 3.5, 0.0, 3.5 ],
					"rotationY": -6.0,
					"faces": {
						"north": { "texture": "#deathcap", "uv": [ 2.0, 13.5, 3.0, 14.5 ] },
						"east": { "texture": "#deathcap", "uv": [ 1.5, 12.0, 2.5, 13.0 ] },
						"south": { "texture": "#deathcap", "uv": [ 0.5, 12.5, 1.5, 13.5 ] },
						"west": { "texture": "#deathcap", "uv": [ 1.0, 11.5, 2.0, 12.5 ] },
						"up": { "texture": "#deathcap", "uv": [ 1.5, 11.0, 2.5, 12.0 ] },
						"down": { "texture": "#deathcap", "uv": [ 1.5, 13.0, 2.5, 14.0 ] }
					}
				},
				{
					"name": "voxel53",
					"from": [ 0.0, -0.1, -5.0 ], 
					"to": [ 1.0, 0.9, -4.0 ], 
					"rotationOrigin": [ 0.5, -0.1, -4.5 ],
					"rotationX": 9.0,
					"rotationY": 22.0,
					"rotationZ": 4.0,
					"faces": {
						"north": { "texture": "#deathcap", "uv": [ 2.0, 13.5, 3.0, 14.5 ] },
						"east": { "texture": "#deathcap", "uv": [ 1.5, 12.0, 2.5, 13.0 ] },
						"south": { "texture": "#deathcap", "uv": [ 0.5, 12.5, 1.5, 13.5 ] },
						"west": { "texture": "#deathcap", "uv": [ 1.0, 11.5, 2.0, 12.5 ] },
						"up": { "texture": "#deathcap", "uv": [ 1.5, 11.0, 2.5, 12.0 ] },
						"down": { "texture": "#deathcap", "uv": [ 1.5, 13.0, 2.5, 14.0 ] }
					}
				},
				{
					"name": "mycelium54",
					"from": [ -5.0, 0.1, -5.0 ], 
					"to": [ 5.0, 0.1, 5.0 ], 
					"renderPass": 3,
					"rotationOrigin": [ 0.0, 0.1, 0.0 ],
					"faces": {
						"north": { "texture": "#deathcap", "uv": [ 0.0, 0.0, 10.0, 0.5 ], "enabled": false },
						"east": { "texture": "#deathcap", "uv": [ 0.0, 0.0, 10.0, 0.5 ], "enabled": false },
						"south": { "texture": "#deathcap", "uv": [ 0.0, 0.0, 10.0, 0.5 ], "enabled": false },
						"west": { "texture": "#deathcap", "uv": [ 0.0, 0.0, 10.0, 0.5 ], "enabled": false },
						"up": { "texture": "#mycelium2", "uv": [ 3.0, 3.0, 13.0, 13.0 ] },
						"down": { "texture": "#deathcap", "uv": [ 0.0, 0.0, 10.0, 10.0 ], "enabled": false }
					}
				}
			]
		}
	]}