{
  "code": "stonechunks",
  "class": "CombatOverhaul:Projectile",
  "variantgroups": [{"code": "material", "states": ["granite"]}],
  "hitboxSize": {"x": 0.125, "y": 0.125},
  "client": {
    "size": 0.5,
    "renderer": "Shape",
    "shape": {"base": "game:item/stone"},
    "textures": { "material": { "base": "game:block/stone/rock/{material}1" } },
    "behaviors": [{"code": "passivephysics", "groundDragFactor": 1, "airDragFactor": 0.1, "gravityFactor": 0.2}, {"code": "interpolateposition"}]
  },
  "server": {"behaviors": [{"code": "passivephysics", "groundDragFactor": 1, "airDragFactor": 0.1, "gravityFactor": 0.2}, {"code": "despawn", "minSeconds": 600}]},
  "sounds": {}
}