[
  {
    "ingredient": {"type": "item", "code": "game:ingot-steel"},
    "pattern": [
      [
        "______________",
        "_#############",
        "_#############",
        "_#############",
        "______________"
      ],
      [
        "______________",
        "_#############",
        "##____________",
        "_#############",
        "______________"
      ],
      [
        "______________",
        "_#############",
        "_#############",
        "_#############",
        "______________"
      ]
    ],
    "name": "Barrel (arquebus)",
    "output": {"type": "item", "code": "extrafirearms:barrel-arquebus-steel"}
  }
]