[
    {
        "ingredient": {
            "type": "item",
            "code": "game:ingot-steel"
        },
        "pattern": [
            [ "########" ]
        ],
        "name": "Ramrod (arquebus)",
        "output": {
            "type": "item",
            "code": "extrafirearms:ramrod-arquebus-steel"
        }
    },
    {
        "ingredient": {
            "type": "item",
            "code": "game:ingot-iron"
        },
        "pattern": [
            [ "########" ]
        ],
        "name": "Ramrod (pistol)",
        "output": {
            "type": "item",
            "code": "maltiezfirearms:ramrod-pistol-iron"
        }
    }
]