[
  {
    "ingredientPattern": "LBB,PWR,W__",
    "ingredients": {
      "B": {"type": "item", "code": "maltiezfirearms:barrel-blunderbuss-steel", "quantity": 1},
      "P": {"type": "item", "code": "game:metalplate-brass", "quantity": 1},
      "L": {"type": "item", "code": "maltiezfirearms:lock-flintlock-steel", "quantity": 1},
      "W": {"type": "item", "code": "game:plank-*", "quantity": 1},
      "R": {"type": "item", "code": "maltiezfirearms:ramrod-carbine-steel", "quantity": 1}
    },
    "width": 3,
    "height": 3,
    "output": {"type": "item", "code": "extrafirearms:firearm-blunderbussdb-steel"}
  },
  {
    "ingredientPattern": "_PP,NF_,_P_",
    "ingredients": {
      "P": {"type": "item", "code": "game:metalplate-steel", "quantity": 1},
      "N": {"type": "item", "code": "game:metalnailsandstrips-steel", "quantity": 1},
      "F": {"type": "item", "code": "game:powder-borax", "quantity": 2}
    },
    "width": 3,
    "height": 3,
    "output": {"type": "item", "code": "maltiezfirearms:barrel-blunderbuss-steel"}
  }
]