﻿[
  {
    "ingredientPattern": "WLB,_WR",
    "ingredients": {
      "B": {"type": "item", "code": "extrafirearms:barrel-arquebus-steel", "quantity": 1},
      "L": {"type": "item", "code": "maltiezfirearms:lock-flintlock-steel", "quantity": 1},
      "W": {"type": "item", "code": "game:plank-*", "quantity": 1},
      "R": {"type": "item", "code": "extrafirearms:ramrod-arquebus-steel", "quantity": 1}
    },
    "width": 3,
    "height": 2,
    "output": {"type": "item", "code": "extrafirearms:firearm-arquebusflintlock-steel"}
  }

]