[
    {
        "ingredientPattern": "_F_,NGP",
        "ingredients": {
            "P": {
                "type": "item",
                "code": "game:metalplate-iron",
                "quantity": 1
            },
            "N": {
                "type": "item",
                "code": "game:metalplate-brass",
                "quantity": 1
            },
            "G": {
                "type": "item",
                "code": "game:gear-rusty",
                "quantity": 1
            },
            "F": {
                "type": "item",
                "code": "game:flint",
                "quantity": 1
            }
        },
        "width": 3,
        "height": 2,
        "requiresTrait": "tinkerer",
        "output": {
            "type": "item",
            "code": "maltiezfirearms:lock-wheellock-iron"
        }
    },
    {
        "ingredientPattern": "_F_,NGP",
        "ingredients": {
            "P": {
                "type": "item",
                "code": "game:metalplate-steel",
                "quantity": 1
            },
            "N": {
                "type": "item",
                "code": "game:metalplate-brass",
                "quantity": 1
            },
            "G": {
                "type": "item",
                "code": "game:gear-rusty",
                "quantity": 1
            },
            "F": {
                "type": "item",
                "code": "game:flint",
                "quantity": 1
            }
        },
        "width": 3,
        "height": 2,
        "requiresTrait": "tinkerer",
        "output": {
            "type": "item",
            "code": "maltiezfirearms:lock-wheellock-steel"
        }
    }
]