[
  {
    "ingredientPattern": "LLB,MWR",
    "ingredients": {
      "B": {"type": "item", "code": "maltiezfirearms:barrel-pistol-steel", "quantity": 1},
      "M": {"type": "item", "code": "game:metalplate-brass", "quantity": 2},
      "L": {"type": "item", "code": "maltiezfirearms:lock-wheellock-steel", "quantity": 1},
      "W": {"type": "item", "code": "game:plank-*", "quantity": 2},
      "R": {"type": "item", "code": "maltiezfirearms:ramrod-pistol-steel", "quantity": 1}
    },
    "width": 3,
    "height": 2,
    "output": {"type": "item", "code": "extrafirearms:firearm-superimposed-steel"}
  },
  {
    "ingredientPattern": "LLB,MWR",
    "ingredients": {
      "B": {"type": "item", "code": "maltiezfirearms:barrel-pistol-iron", "quantity": 1},
      "M": {"type": "item", "code": "game:metalplate-brass", "quantity": 2},
      "L": {"type": "item", "code": "maltiezfirearms:lock-wheellock-iron", "quantity": 1},
      "W": {"type": "item", "code": "game:plank-*", "quantity": 2},
      "R": {"type": "item", "code": "maltiezfirearms:ramrod-pistol-iron", "quantity": 1}
    },
    "width": 3,
    "height": 2,
    "output": {"type": "item", "code": "extrafirearms:firearm-superimposed-iron"}
  }


]