{
	"editor": {
		"allAngles": false,
		"entityTextureMode": false
	},
	"textureWidth": 16,
	"textureHeight": 16,
	"textureSizes": {
		"skin": [16,16]
	},
	"textures": {
		"skin": "entity/rallidae/tribonyxmortierii-egg"
	},
	"elements": [
		{
			"name": "origin",
			"from": [ 8.0, 0.0, 8.0 ],
			"to": [ 8.0, 0.0, 8.0 ],
			"rotationOrigin": [ 8.0, 0.0, 8.0 ],
			"faces": {
			},
			"children": [
				{
					"name": "Center Egg",
					"from": [ -2.0, 0.0, -2.0 ],
					"to": [ 1.5, 4.0, 2.0 ],
					"faces": {
						"north": { "texture": "#skin", "uv": [ 0.0, 1.5, 3.0, 5.5 ] },
						"east": { "texture": "#skin", "uv": [ 0.5, 3.5, 4.5, 7.5 ] },
						"south": { "texture": "#skin", "uv": [ 1.5, 0.5, 4.5, 4.5 ] },
						"west": { "texture": "#skin", "uv": [ 3.5, 0.0, 7.5, 4.0 ] },
						"up": { "texture": "#skin", "uv": [ 2.5, 1.5, 5.5, 5.5 ] },
						"down": { "texture": "#skin", "uv": [ 0.5, 2.5, 3.5, 6.5 ] }
					},
					"attachmentpoints": [
						{
							"code": "Center",
							"posX": "1.7","posY": "2.0","posZ": "2.0",
							"rotationX": "0.0","rotationY": "0.0","rotationZ": "0.0"
						}
					]
				},
				{
					"name": "Center Egg2",
					"from": [ -2.7, 0.3, -1.7 ],
					"to": [ 2.3, 3.7, 1.7 ],
					"rotationOrigin": [ -0.7, 0.3, 0.0 ],
					"faces": {
						"north": { "texture": "#skin", "uv": [ 1.5, 4.5, 6.5, 7.5 ] },
						"east": { "texture": "#skin", "uv": [ 3.5, 2.5, 6.5, 5.5 ] },
						"south": { "texture": "#skin", "uv": [ 2.5, 3.0, 7.5, 6.0 ] },
						"west": { "texture": "#skin", "uv": [ 3.5, 2.5, 6.5, 5.5 ] },
						"up": { "texture": "#skin", "uv": [ 2.0, 2.0, 7.0, 5.0 ] },
						"down": { "texture": "#skin", "uv": [ 1.0, 4.0, 6.0, 7.0 ] }
					},
					"children": [
						{
							"name": "Egg bottom",
							"from": [ -0.4, 0.2, 0.2 ],
							"to": [ 0.6, 3.2, 3.2 ],
							"rotationOrigin": [ -0.4, 0.2, 0.2 ],
							"faces": {
								"north": { "texture": "#skin", "uv": [ 0.0, 4.0, 1.0, 7.0 ] },
								"south": { "texture": "#skin", "uv": [ 3.5, 3.5, 4.5, 6.5 ] },
								"west": { "texture": "#skin", "uv": [ 4.0, 2.0, 7.0, 5.0 ], "windMode": [-1,-1,-1,-1] },
								"up": { "texture": "#skin", "uv": [ 0.0, 0.0, 1.0, 3.0 ] },
								"down": { "texture": "#skin", "uv": [ 5.0, 0.5, 6.0, 3.5 ] }
							}
						},
						{
							"name": "Egg top",
							"from": [ 4.5, 0.4, 0.4 ],
							"to": [ 5.5, 3.0, 3.0 ],
							"rotationOrigin": [ 4.5, 0.4, 0.4 ],
							"faces": {
								"north": { "texture": "#skin", "uv": [ 5.0, 0.5, 6.0, 2.5 ] },
								"east": { "texture": "#skin", "uv": [ 3.5, 4.5, 5.5, 6.5 ] },
								"south": { "texture": "#skin", "uv": [ 1.5, 2.0, 2.5, 4.0 ] },
								"up": { "texture": "#skin", "uv": [ 0.5, 0.5, 1.5, 2.5 ] },
								"down": { "texture": "#skin", "uv": [ 2.5, 1.5, 3.5, 3.5 ] }
							},
							"children": [
								{
									"name": "Egg tip",
									"from": [ 0.5, 0.3, 0.3 ],
									"to": [ 1.5, 2.3, 2.3 ],
									"rotationOrigin": [ 0.5, 0.3, 0.3 ],
									"faces": {
										"north": { "texture": "#skin", "uv": [ 0.0, 3.0, 1.0, 5.0 ] },
										"east": { "texture": "#skin", "uv": [ 0.5, 4.0, 2.5, 6.0 ] },
										"south": { "texture": "#skin", "uv": [ 4.5, 1.0, 5.5, 3.0 ] },
										"up": { "texture": "#skin", "uv": [ 1.0, 2.0, 2.0, 4.0 ] },
										"down": { "texture": "#skin", "uv": [ 6.0, 5.0, 7.0, 7.0 ] }
									}
								}
							]
						}
					]
				}
			]
		}
	]}