[
  {
    "op": "replace",
    "path": "/server/spawnconditionsByType/deer-caribou-*-adult/runtime/maxQuantityByGroup/maxQuantity",
    "value": 0,
    "file": "game:entities/land/hooved/deer.json",
    "side": "Server"
  },
  {
    "op": "replace",
    "path": "/server/spawnconditionsByType/deer-caribou-*-adult/worldgen/triesPerChunk/avg",
    "value": 0.0,
    "file": "game:entities/land/hooved/deer.json",
    "side": "Server"
  },
  {
    "op": "replace",
    "path": "/server/spawnconditionsByType/deer-guemal-*-adult/runtime/maxQuantityByGroup/maxQuantity",
    "value": 0,
    "file": "game:entities/land/hooved/deer.json",
    "side": "Server"
  },
  {
    "op": "replace",
    "path": "/server/spawnconditionsByType/deer-guemal-*-adult/worldgen/triesPerChunk/avg",
    "value": 0.0,
    "file": "game:entities/land/hooved/deer.json",
    "side": "Server"
  },
  {
    "op": "replace",
    "path": "/server/spawnconditionsByType/deer-marsh-*-adult/runtime/maxQuantityByGroup/maxQuantity",
    "value": 0,
    "file": "game:entities/land/hooved/deer.json",
    "side": "Server"
  },
  {
    "op": "replace",
    "path": "/server/spawnconditionsByType/deer-marsh-*-adult/worldgen/triesPerChunk/avg",
    "value": 0.0,
    "file": "game:entities/land/hooved/deer.json",
    "side": "Server"
  },
  {
    "op": "replace",
    "path": "/server/spawnconditionsByType/deer-pampas-*-adult/runtime/maxQuantityByGroup/maxQuantity",
    "value": 0,
    "file": "game:entities/land/hooved/deer.json",
    "side": "Server"
  },
  {
    "op": "replace",
    "path": "/server/spawnconditionsByType/deer-pampas-*-adult/worldgen/triesPerChunk/avg",
    "value": 0.0,
    "file": "game:entities/land/hooved/deer.json",
    "side": "Server"
  },
  {
    "op": "replace",
    "path": "/server/spawnconditionsByType/deer-pudu-*-adult/runtime/maxQuantityByGroup/maxQuantity",
    "value": 0,
    "file": "game:entities/land/hooved/deer.json",
    "side": "Server"
  },
  {
    "op": "replace",
    "path": "/server/spawnconditionsByType/deer-pudu-*-adult/worldgen/triesPerChunk/avg",
    "value": 0.0,
    "file": "game:entities/land/hooved/deer.json",
    "side": "Server"
  },
  {
    "op": "replace",
    "path": "/server/spawnconditionsByType/deer-redbrocket-*-adult/runtime/maxQuantityByGroup/maxQuantity",
    "value": 0,
    "file": "game:entities/land/hooved/deer.json",
    "side": "Server"
  },
  {
    "op": "replace",
    "path": "/server/spawnconditionsByType/deer-redbrocket-*-adult/worldgen/triesPerChunk/avg",
    "value": 0.0,
    "file": "game:entities/land/hooved/deer.json",
    "side": "Server"
  },
  {
    "op": "replace",
    "path": "/server/spawnconditionsByType/deer-taruca-*-adult/runtime/maxQuantityByGroup/maxQuantity",
    "value": 0,
    "file": "game:entities/land/hooved/deer.json",
    "side": "Server"
  },
  {
    "op": "replace",
    "path": "/server/spawnconditionsByType/deer-taruca-*-adult/worldgen/triesPerChunk/avg",
    "value": 0.0,
    "file": "game:entities/land/hooved/deer.json",
    "side": "Server"
  },
  {
    "op": "replace",
    "path": "/server/spawnconditionsByType/deer-water-*-adult/runtime/maxQuantityByGroup/maxQuantity",
    "value": 0,
    "file": "game:entities/land/hooved/deer.json",
    "side": "Server"
  },
  {
    "op": "replace",
    "path": "/server/spawnconditionsByType/deer-water-*-adult/worldgen/triesPerChunk/avg",
    "value": 0.0,
    "file": "game:entities/land/hooved/deer.json",
    "side": "Server"
  },
  {
    "op": "replace",
    "path": "/server/spawnconditionsByType/deer-whitetail-*-adult/runtime/maxQuantityByGroup/maxQuantity",
    "value": 0,
    "file": "game:entities/land/hooved/deer.json",
    "side": "Server"
  },
  {
    "op": "replace",
    "path": "/server/spawnconditionsByType/deer-whitetail-*-adult/worldgen/triesPerChunk/avg",
    "value": 0.0,
    "file": "game:entities/land/hooved/deer.json",
    "side": "Server"
  }
]