{
	"editor": {
		"allAngles": false,
		"entityTextureMode": false
	},
	"textureWidth": 16,
	"textureHeight": 16,
	"textureSizes": {
	},
	"textures": {
		"aniseedfunnel": "mycodiversity:block/plant/mushroom/aniseedfunnel/aniseedfunnel"
	},
	"elements": [
		{
			"name": "origin",
			"from": [ 8.0, 0.0, 8.0 ],
			"to": [ 8.0, 0.0, 8.0 ],
			"rotationOrigin": [ 8.0, 0.0, 8.0 ],
			"faces": {
			},
			"children": [
				{
					"name": "stem1",
					"from": [ -0.5, 0.0, -0.5 ],
					"to": [ 0.5, 2.5, 0.5 ],
					"faces": {
						"north": { "texture": "#aniseedfunnel", "uv": [ 1.0, 10.0, 2.0, 12.5 ] },
						"east": { "texture": "#aniseedfunnel", "uv": [ 1.5, 11.0, 2.5, 13.5 ] },
						"south": { "texture": "#aniseedfunnel", "uv": [ 1.0, 11.0, 2.0, 13.5 ] },
						"west": { "texture": "#aniseedfunnel", "uv": [ 1.0, 11.0, 2.0, 13.5 ] },
						"down": { "texture": "#aniseedfunnel", "uv": [ 0.5, 14.5, 1.5, 15.5 ] }
					},
					"children": [
						{
							"name": "Cap1",
							"from": [ -1.5, 4.0, -1.5 ],
							"to": [ 2.5, 5.0, 2.5 ],
							"rotationOrigin": [ 0.5, 4.0, 0.5 ],
							"faces": {
								"north": { "texture": "#aniseedfunnel", "uv": [ 4.5, 10.5, 8.5, 11.5 ] },
								"east": { "texture": "#aniseedfunnel", "uv": [ 5.5, 10.5, 9.5, 11.5 ] },
								"south": { "texture": "#aniseedfunnel", "uv": [ 5.0, 9.5, 9.0, 10.5 ] },
								"west": { "texture": "#aniseedfunnel", "uv": [ 6.0, 10.5, 10.0, 11.5 ] },
								"up": { "texture": "#aniseedfunnel", "uv": [ 5.5, 1.0, 9.5, 5.0 ] },
								"down": { "texture": "#aniseedfunnel", "uv": [ 3.0, 3.5, 7.0, 7.5 ] }
							}
						},
						{
							"name": "gillsE",
							"from": [ 0.6, 2.6, 0.0 ],
							"to": [ 2.6, 3.1, 1.0 ],
							"rotationOrigin": [ 0.6, 2.6, 0.5 ],
							"rotationZ": 45.0,
							"faces": {
								"north": { "texture": "#aniseedfunnel", "uv": [ 3.5, 5.5, 5.5, 6.0 ] },
								"south": { "texture": "#aniseedfunnel", "uv": [ 4.0, 4.5, 6.0, 5.0 ] },
								"down": { "texture": "#aniseedfunnel", "uv": [ 3.0, 3.5, 5.0, 4.5 ] }
							}
						},
						{
							"name": "gillsW",
							"from": [ -1.6, 2.6, 0.0 ],
							"to": [ 0.4, 3.1, 1.0 ],
							"rotationOrigin": [ 0.4, 2.6, 0.5 ],
							"rotationZ": -45.0,
							"faces": {
								"north": { "texture": "#aniseedfunnel", "uv": [ 4.0, 6.0, 6.0, 6.5 ] },
								"south": { "texture": "#aniseedfunnel", "uv": [ 4.0, 4.5, 6.0, 5.0 ] },
								"down": { "texture": "#aniseedfunnel", "uv": [ 3.5, 4.5, 5.5, 5.5 ] }
							}
						},
						{
							"name": "gillsS",
							"from": [ 0.0, 2.6, 0.6 ],
							"to": [ 1.0, 3.1, 2.6 ],
							"rotationOrigin": [ 0.5, 2.6, 0.6 ],
							"rotationX": -45.0,
							"faces": {
								"east": { "texture": "#aniseedfunnel", "uv": [ 3.5, 4.5, 5.5, 5.0 ] },
								"west": { "texture": "#aniseedfunnel", "uv": [ 4.5, 5.0, 6.5, 5.5 ] },
								"down": { "texture": "#aniseedfunnel", "uv": [ 4.5, 3.0, 5.5, 5.0 ] }
							}
						},
						{
							"name": "gillsN",
							"from": [ 0.0, 2.6, -1.6 ],
							"to": [ 1.0, 3.1, 0.4 ],
							"rotationOrigin": [ 0.5, 2.6, 0.4 ],
							"rotationX": 45.0,
							"faces": {
								"east": { "texture": "#aniseedfunnel", "uv": [ 3.5, 3.0, 5.5, 3.5 ] },
								"west": { "texture": "#aniseedfunnel", "uv": [ 4.5, 5.0, 6.5, 5.5 ] },
								"down": { "texture": "#aniseedfunnel", "uv": [ 3.0, 2.5, 4.0, 4.5 ] }
							}
						},
						{
							"name": "ring1",
							"from": [ -0.1, 2.5, -0.1 ],
							"to": [ 1.1, 4.0, 1.1 ],
							"rotationOrigin": [ 0.5, 2.5, 0.5 ],
							"faces": {
								"north": { "texture": "#aniseedfunnel", "uv": [ 0.5, 7.5, 1.5, 9.0 ] },
								"east": { "texture": "#aniseedfunnel", "uv": [ 1.0, 8.0, 2.0, 9.5 ] },
								"south": { "texture": "#aniseedfunnel", "uv": [ 1.5, 7.0, 2.5, 8.5 ] },
								"west": { "texture": "#aniseedfunnel", "uv": [ 0.5, 5.0, 1.5, 6.5 ] },
								"down": { "texture": "#aniseedfunnel", "uv": [ 0.0, 0.0, 1.0, 1.0 ] }
							}
						}
					]
				}
			]
		}
	]}