{
	"editor": {
		"allAngles": false,
		"entityTextureMode": false
	},
	"textureWidth": 16,
	"textureHeight": 16,
	"textureSizes": {
	},
	"textures": {
		"desertshaggymane": "mycodiversity:block/plant/mushroom/desertshaggymane/desertshaggymane"
	},
	"elements": [
		{
			"name": "origin",
			"from": [ 14.0, 0.0, 7.0 ],
			"to": [ 14.0, 0.0, 7.0 ],
			"rotationOrigin": [ 8.0, 0.0, 8.0 ],
			"faces": {
				"north": { "texture": "#desertshaggymane", "uv": [ 0.0, 0.0, 0.5, 0.5 ] },
				"east": { "texture": "#desertshaggymane", "uv": [ 0.0, 0.0, 0.5, 0.5 ] },
				"south": { "texture": "#desertshaggymane", "uv": [ 0.0, 0.0, 0.5, 0.5 ] },
				"west": { "texture": "#desertshaggymane", "uv": [ 0.0, 0.0, 0.5, 0.5 ] },
				"up": { "texture": "#desertshaggymane", "uv": [ 0.0, 0.0, 0.5, 0.5 ] },
				"down": { "texture": "#desertshaggymane", "uv": [ 0.0, 0.0, 0.5, 0.5 ] }
			},
			"children": [
				{
					"name": "Cube17",
					"from": [ -6.5, -1.0, 0.5 ],
					"to": [ -5.8, 1.0, 1.2 ],
					"rotationOrigin": [ -6.0, -1.0, 1.0 ],
					"faces": {
						"north": { "texture": "#desertshaggymane", "uv": [ 14.0, 1.0, 14.5, 3.0 ] },
						"east": { "texture": "#desertshaggymane", "uv": [ 14.0, 0.5, 14.5, 2.5 ] },
						"south": { "texture": "#desertshaggymane", "uv": [ 14.0, 2.0, 14.5, 4.0 ] },
						"west": { "texture": "#desertshaggymane", "uv": [ 15.0, 3.0, 15.5, 5.0 ] },
						"up": { "texture": "#desertshaggymane", "uv": [ 0.0, 0.0, 0.5, 0.5 ] },
						"down": { "texture": "#desertshaggymane", "uv": [ 0.0, 0.0, 0.5, 0.5 ] }
					},
					"children": [
						{
							"name": "Cube18",
							"from": [ 0.0, 2.0, 0.0 ],
							"to": [ 0.7, 4.0, 0.7 ],
							"rotationOrigin": [ 0.0, 2.0, 0.0 ],
							"faces": {
								"north": { "texture": "#desertshaggymane", "uv": [ 14.5, 3.5, 15.0, 5.5 ] },
								"east": { "texture": "#desertshaggymane", "uv": [ 14.5, 6.5, 15.0, 8.5 ] },
								"south": { "texture": "#desertshaggymane", "uv": [ 14.5, 7.0, 15.0, 9.0 ] },
								"west": { "texture": "#desertshaggymane", "uv": [ 14.5, 6.0, 15.0, 8.0 ] },
								"up": { "texture": "#desertshaggymane", "uv": [ 14.5, 4.5, 15.0, 5.0 ] },
								"down": { "texture": "#desertshaggymane", "uv": [ 14.5, 5.0, 15.0, 5.5 ] }
							},
							"children": [
								{
									"name": "Cube19",
									"from": [ -0.6, 2.0, -0.5 ],
									"to": [ 1.4, 6.0, 1.5 ],
									"rotationOrigin": [ -0.6, 2.0, -0.5 ],
									"faces": {
										"north": { "texture": "#desertshaggymane", "uv": [ 7.5, 12.0, 9.5, 16.0 ] },
										"east": { "texture": "#desertshaggymane", "uv": [ 9.5, 12.0, 11.5, 16.0 ] },
										"south": { "texture": "#desertshaggymane", "uv": [ 3.5, 12.0, 5.5, 16.0 ] },
										"west": { "texture": "#desertshaggymane", "uv": [ 0.0, 12.0, 2.0, 16.0 ] },
										"up": { "texture": "#desertshaggymane", "uv": [ 6.5, 12.5, 8.5, 14.5 ] },
										"down": { "texture": "#desertshaggymane", "uv": [ 9.0, 12.0, 11.0, 14.0 ] }
									},
									"children": [
										{
											"name": "Cube20",
											"from": [ 0.25, 3.6, 0.25 ],
											"to": [ 1.75, 4.3, 1.75 ],
											"rotationOrigin": [ 0.4, 3.6, 0.4 ],
											"faces": {
												"north": { "texture": "#desertshaggymane", "uv": [ 6.0, 12.5, 7.5, 13.0 ] },
												"east": { "texture": "#desertshaggymane", "uv": [ 6.0, 13.5, 7.5, 14.0 ] },
												"south": { "texture": "#desertshaggymane", "uv": [ 8.5, 13.5, 10.0, 14.0 ] },
												"west": { "texture": "#desertshaggymane", "uv": [ 4.5, 14.0, 6.0, 14.5 ] },
												"up": { "texture": "#desertshaggymane", "uv": [ 5.0, 13.5, 6.5, 15.0 ] },
												"down": { "texture": "#desertshaggymane", "uv": [ 0.0, 0.0, 1.5, 1.5 ] }
											}
										},
										{
											"name": "Cube21",
											"from": [ 0.25, -0.3, 0.25 ],
											"to": [ 1.75, 0.0, 1.75 ],
											"rotationOrigin": [ 0.3, -0.3, 0.5 ],
											"faces": {
												"north": { "texture": "#desertshaggymane", "uv": [ 10.5, 13.5, 12.0, 14.0 ] },
												"east": { "texture": "#desertshaggymane", "uv": [ 9.5, 13.0, 11.0, 13.5 ] },
												"south": { "texture": "#desertshaggymane", "uv": [ 9.5, 13.0, 11.0, 13.5 ] },
												"west": { "texture": "#desertshaggymane", "uv": [ 11.0, 14.0, 12.5, 14.5 ] },
												"up": { "texture": "#desertshaggymane", "uv": [ 9.0, 13.0, 10.5, 14.5 ] },
												"down": { "texture": "#desertshaggymane", "uv": [ 8.5, 12.5, 10.0, 14.0 ] }
											}
										}
									]
								}
							]
						}
					]
				}
			]
		}
	]}