{
	"editor": {
		"allAngles": true,
		"entityTextureMode": false
	},
	"textureWidth": 16,
	"textureHeight": 16,
	"textureSizes": {
	},
	"textures": {
		"falseearthstar": "mycodiversity:block/plant/mushroom/falseearthstar/falseearthstar"
	},
	"elements": [
		{
			"name": "origin",
			"from": [ 8.0, 0.0, 8.0 ],
			"to": [ 8.0, 0.0, 8.0 ],
			"rotationOrigin": [ 8.0, 0.0, 8.0 ],
			"faces": {
				"north": { "texture": "#falseearthstar", "uv": [ 0.0, 0.0, 0.5, 0.5 ] },
				"east": { "texture": "#falseearthstar", "uv": [ 0.0, 0.0, 0.5, 0.5 ] },
				"south": { "texture": "#falseearthstar", "uv": [ 0.0, 0.0, 0.5, 0.5 ] },
				"west": { "texture": "#falseearthstar", "uv": [ 0.0, 0.0, 0.5, 0.5 ] },
				"up": { "texture": "#falseearthstar", "uv": [ 0.0, 0.0, 0.5, 0.5 ] },
				"down": { "texture": "#falseearthstar", "uv": [ 0.0, 0.0, 0.5, 0.5 ] }
			},
			"children": [
				{
					"name": "Cube3",
					"from": [ -1.0, 0.0, -1.0 ],
					"to": [ 0.8, 1.4, 0.8 ],
					"rotationOrigin": [ -1.0, 0.0, -1.0 ],
					"faces": {
						"north": { "texture": "#falseearthstar", "uv": [ 10.0, 4.5, 11.5, 5.5 ] },
						"east": { "texture": "#falseearthstar", "uv": [ 13.0, 3.0, 14.5, 4.0 ] },
						"south": { "texture": "#falseearthstar", "uv": [ 10.0, 3.0, 11.5, 4.0 ] },
						"west": { "texture": "#falseearthstar", "uv": [ 13.5, 4.0, 15.0, 5.0 ] },
						"up": { "texture": "#falseearthstar", "uv": [ 13.0, 10.0, 14.5, 11.5 ] },
						"down": { "texture": "#falseearthstar", "uv": [ 8.0, 6.0, 9.5, 7.5 ] }
					},
					"children": [
						{
							"name": "Cube4",
							"from": [ 0.5, 0.0, 1.3 ],
							"to": [ 1.5, 0.5, 3.8 ],
							"rotationOrigin": [ 1.0, 0.0, 1.3 ],
							"rotationX": 6.0,
							"faces": {
								"north": { "texture": "#falseearthstar", "uv": [ 0.0, 0.0, 1.0, 0.5 ] },
								"east": { "texture": "#falseearthstar", "uv": [ 0.0, 0.0, 2.5, 0.5 ] },
								"south": { "texture": "#falseearthstar", "uv": [ 0.0, 0.0, 1.0, 0.5 ] },
								"west": { "texture": "#falseearthstar", "uv": [ 0.0, 0.0, 2.5, 0.5 ] },
								"up": { "texture": "#falseearthstar", "uv": [ 0.0, 1.5, 1.0, 4.0 ] },
								"down": { "texture": "#falseearthstar", "uv": [ 0.0, 0.0, 1.0, 2.5 ] }
							}
						},
						{
							"name": "Cube5",
							"from": [ 0.5, 0.0, 0.3 ],
							"to": [ 1.5, 0.5, 2.8 ],
							"rotationOrigin": [ 1.0, 0.0, 0.3 ],
							"rotationX": 17.0,
							"rotationY": 180.0,
							"faces": {
								"north": { "texture": "#falseearthstar", "uv": [ 0.0, 0.0, 1.0, 0.5 ] },
								"east": { "texture": "#falseearthstar", "uv": [ 0.0, 3.0, 2.5, 3.5 ] },
								"south": { "texture": "#falseearthstar", "uv": [ 0.0, 0.0, 1.0, 0.5 ] },
								"west": { "texture": "#falseearthstar", "uv": [ 0.0, 5.0, 2.5, 5.5 ] },
								"up": { "texture": "#falseearthstar", "uv": [ 0.0, 3.5, 1.0, 6.0 ] },
								"down": { "texture": "#falseearthstar", "uv": [ 1.0, 2.0, 2.0, 4.5 ] }
							}
						},
						{
							"name": "Cube6",
							"from": [ 1.5, 0.0, 0.3 ],
							"to": [ 4.0, 0.5, 1.3 ],
							"rotationOrigin": [ 1.5, 0.0, 0.8 ],
							"rotationZ": 8.0,
							"faces": {
								"north": { "texture": "#falseearthstar", "uv": [ 0.0, 0.0, 2.5, 0.5 ] },
								"east": { "texture": "#falseearthstar", "uv": [ 0.0, 0.0, 1.0, 0.5 ] },
								"south": { "texture": "#falseearthstar", "uv": [ 0.0, 0.0, 2.5, 0.5 ] },
								"west": { "texture": "#falseearthstar", "uv": [ 0.0, 0.0, 1.0, 0.5 ] },
								"up": { "texture": "#falseearthstar", "uv": [ 1.0, 3.0, 3.5, 4.0 ] },
								"down": { "texture": "#falseearthstar", "uv": [ 0.0, 0.0, 2.5, 1.0 ] }
							}
						},
						{
							"name": "Cube7",
							"from": [ 0.5, 0.0, 0.3 ],
							"to": [ 3.0, 0.5, 1.3 ],
							"rotationOrigin": [ 0.5, 0.0, 0.8 ],
							"rotationY": 180.0,
							"rotationZ": 19.0,
							"faces": {
								"north": { "texture": "#falseearthstar", "uv": [ 0.0, 0.0, 2.5, 0.5 ] },
								"east": { "texture": "#falseearthstar", "uv": [ 0.0, 0.0, 1.0, 0.5 ] },
								"south": { "texture": "#falseearthstar", "uv": [ 0.0, 0.0, 2.5, 0.5 ] },
								"west": { "texture": "#falseearthstar", "uv": [ 0.0, 0.0, 1.0, 0.5 ] },
								"up": { "texture": "#falseearthstar", "uv": [ 0.5, 3.0, 3.0, 4.0 ] },
								"down": { "texture": "#falseearthstar", "uv": [ 0.0, 0.0, 2.5, 1.0 ] }
							}
						},
						{
							"name": "Cube8",
							"from": [ 0.6, 0.0, 0.0 ],
							"to": [ 3.1, 0.5, 1.0 ],
							"rotationOrigin": [ 0.6, 0.0, 0.5 ],
							"rotationX": 14.0,
							"rotationY": 130.0,
							"rotationZ": 6.0,
							"faces": {
								"north": { "texture": "#falseearthstar", "uv": [ 0.0, 0.0, 2.5, 0.5 ] },
								"east": { "texture": "#falseearthstar", "uv": [ 0.0, 0.0, 1.0, 0.5 ] },
								"south": { "texture": "#falseearthstar", "uv": [ 0.0, 0.0, 2.5, 0.5 ] },
								"west": { "texture": "#falseearthstar", "uv": [ 0.0, 0.0, 1.0, 0.5 ] },
								"up": { "texture": "#falseearthstar", "uv": [ 0.5, 3.0, 3.0, 4.0 ] },
								"down": { "texture": "#falseearthstar", "uv": [ 0.0, 2.0, 2.5, 3.0 ] }
							}
						},
						{
							"name": "Cube9",
							"from": [ 1.5, 0.0, 0.6 ],
							"to": [ 4.0, 0.5, 1.6 ],
							"rotationOrigin": [ 1.5, 0.0, 1.1 ],
							"rotationX": 14.0,
							"rotationY": -47.0,
							"rotationZ": 19.0,
							"faces": {
								"north": { "texture": "#falseearthstar", "uv": [ 0.0, 0.0, 2.5, 0.5 ] },
								"east": { "texture": "#falseearthstar", "uv": [ 0.0, 0.0, 1.0, 0.5 ] },
								"south": { "texture": "#falseearthstar", "uv": [ 0.0, 0.0, 2.5, 0.5 ] },
								"west": { "texture": "#falseearthstar", "uv": [ 0.0, 0.0, 1.0, 0.5 ] },
								"up": { "texture": "#falseearthstar", "uv": [ 0.5, 4.5, 3.0, 5.5 ] },
								"down": { "texture": "#falseearthstar", "uv": [ 0.0, 0.0, 2.5, 1.0 ] }
							}
						},
						{
							"name": "Cube10",
							"from": [ 1.5, 0.0, 0.0 ],
							"to": [ 4.0, 0.5, 1.0 ],
							"rotationOrigin": [ 1.5, 0.0, 0.5 ],
							"rotationX": 14.0,
							"rotationY": 44.0,
							"rotationZ": 3.0,
							"faces": {
								"north": { "texture": "#falseearthstar", "uv": [ 0.0, 0.0, 2.5, 0.5 ] },
								"east": { "texture": "#falseearthstar", "uv": [ 0.0, 0.0, 1.0, 0.5 ] },
								"south": { "texture": "#falseearthstar", "uv": [ 0.0, 0.0, 2.5, 0.5 ] },
								"west": { "texture": "#falseearthstar", "uv": [ 0.0, 0.0, 1.0, 0.5 ] },
								"up": { "texture": "#falseearthstar", "uv": [ 0.0, 3.0, 2.5, 4.0 ] },
								"down": { "texture": "#falseearthstar", "uv": [ 0.0, 0.0, 2.5, 1.0 ] }
							}
						},
						{
							"name": "Cube11",
							"from": [ 0.6, 0.0, 0.6 ],
							"to": [ 3.1, 0.5, 1.6 ],
							"rotationOrigin": [ 0.6, 0.0, 1.1 ],
							"rotationX": 14.0,
							"rotationY": -127.0,
							"rotationZ": 19.0,
							"faces": {
								"north": { "texture": "#falseearthstar", "uv": [ 0.0, 0.0, 2.5, 0.5 ] },
								"east": { "texture": "#falseearthstar", "uv": [ 0.0, 0.0, 1.0, 0.5 ] },
								"south": { "texture": "#falseearthstar", "uv": [ 0.0, 0.0, 2.5, 0.5 ] },
								"west": { "texture": "#falseearthstar", "uv": [ 0.0, 0.0, 1.0, 0.5 ] },
								"up": { "texture": "#falseearthstar", "uv": [ 1.0, 6.5, 3.5, 7.5 ] },
								"down": { "texture": "#falseearthstar", "uv": [ 0.0, 0.0, 2.5, 1.0 ] }
							}
						}
					]
				}
			]
		}
	]}