{
	"editor": {
		"collapsedPaths": "Root/origin/Stem24",
		"allAngles": true,
		"entityTextureMode": false
	},
	"textureWidth": 16,
	"textureHeight": 16,
	"textureSizes": {
	},
	"textures": {
		"parasol": "mycodiversity:block/plant/mushroom/parasol/parasol"
	},
	"elements": [
		{
			"name": "origin2",
			"from": [ 8.0, 0.0, 8.0 ],
			"to": [ 8.0, 0.0, 8.0 ],
			"rotationOrigin": [ 8.0, 0.0, 8.0 ],
			"faces": {
				"north": { "texture": "#parasol", "uv": [ 0.0, 0.0, 0.5, 0.5 ], "autoUv": false },
				"east": { "texture": "#parasol", "uv": [ 0.0, 0.0, 0.5, 0.5 ], "autoUv": false },
				"south": { "texture": "#parasol", "uv": [ 0.0, 0.0, 0.5, 0.5 ], "autoUv": false },
				"west": { "texture": "#parasol", "uv": [ 0.0, 0.0, 0.5, 0.5 ], "autoUv": false },
				"up": { "texture": "#parasol", "uv": [ 0.0, 0.0, 0.5, 0.5 ], "autoUv": false },
				"down": { "texture": "#parasol", "uv": [ 0.0, 0.0, 0.5, 0.5 ], "autoUv": false }
			},
			"children": [
				{
					"name": "Cube2",
					"from": [ 0.0, -0.25, 0.0 ],
					"to": [ 0.5, 2.8, 0.5 ],
					"rotationOrigin": [ 0.0, -0.25, 0.0 ],
					"rotationX": 3.0,
					"rotationY": 125.0,
					"faces": {
						"north": { "texture": "#parasol", "uv": [ 0.0, 0.0, 1.0, 6.0 ], "autoUv": false },
						"east": { "texture": "#parasol", "uv": [ 0.0, 0.0, 1.0, 6.0 ], "autoUv": false },
						"south": { "texture": "#parasol", "uv": [ 0.0, 0.0, 1.0, 6.0 ], "autoUv": false },
						"west": { "texture": "#parasol", "uv": [ 0.0, 0.0, 1.0, 6.0 ], "autoUv": false },
						"up": { "texture": "#parasol", "uv": [ 0.0, 0.0, 1.0, 1.0 ], "autoUv": false },
						"down": { "texture": "#parasol", "uv": [ 0.0, 0.0, 1.0, 1.0 ], "autoUv": false }
					},
					"children": [
						{
							"name": "stem22",
							"from": [ 0.0, 3.0, 0.0 ],
							"to": [ 0.5, 6.0, 0.5 ],
							"rotationOrigin": [ 0.0, 3.0, 0.0 ],
							"rotationX": -3.0,
							"faces": {
								"north": { "texture": "#parasol", "uv": [ 0.0, 0.0, 1.0, 6.0 ], "autoUv": false },
								"east": { "texture": "#parasol", "uv": [ 0.0, 0.0, 1.0, 6.0 ], "autoUv": false },
								"south": { "texture": "#parasol", "uv": [ 0.0, 0.0, 1.0, 6.0 ], "autoUv": false },
								"west": { "texture": "#parasol", "uv": [ 0.0, 0.0, 1.0, 6.0 ], "autoUv": false },
								"up": { "texture": "#parasol", "uv": [ 0.0, 0.0, 1.0, 1.0 ], "autoUv": false },
								"down": { "texture": "#parasol", "uv": [ 0.0, 0.0, 1.0, 1.0 ], "autoUv": false }
							},
							"children": [
								{
									"name": "Cube3",
									"from": [ -1.5, 2.5, -1.5 ],
									"to": [ 2.0, 3.0, 2.0 ],
									"rotationOrigin": [ -1.5, 2.5, -1.5 ],
									"rotationX": 2.0,
									"faces": {
										"north": { "texture": "#parasol", "uv": [ 0.0, 0.0, 7.0, 1.0 ], "autoUv": false },
										"east": { "texture": "#parasol", "uv": [ 0.0, 0.0, 7.0, 1.0 ], "autoUv": false },
										"south": { "texture": "#parasol", "uv": [ 0.0, 0.0, 7.0, 1.0 ], "autoUv": false },
										"west": { "texture": "#parasol", "uv": [ 0.0, 0.0, 7.0, 1.0 ], "autoUv": false },
										"up": { "texture": "#parasol", "uv": [ 4.0, 0.5, 11.0, 7.5 ], "autoUv": false },
										"down": { "texture": "#parasol", "uv": [ 9.0, 9.0, 16.0, 16.0 ], "autoUv": false }
									},
									"children": [
										{
											"name": "Cube4",
											"from": [ 0.0, 0.0, -0.5 ],
											"to": [ 3.5, 0.5, 0.0 ],
											"rotationOrigin": [ 0.0, 0.5, 0.0 ],
											"rotationX": -30.0,
											"faces": {
												"north": { "texture": "#parasol", "uv": [ 7.0, 0.0, 14.0, 1.0 ], "autoUv": false },
												"east": { "texture": "#parasol", "uv": [ 5.5, 0.0, 6.5, 1.0 ], "autoUv": false },
												"south": { "texture": "#parasol", "uv": [ 6.5, 0.0, 13.5, 1.0 ], "autoUv": false },
												"west": { "texture": "#parasol", "uv": [ 10.5, 1.5, 11.5, 2.5 ], "autoUv": false },
												"up": { "texture": "#parasol", "uv": [ 5.0, 0.0, 12.0, 1.0 ], "autoUv": false },
												"down": { "texture": "#parasol", "uv": [ 8.5, 11.0, 15.5, 12.0 ], "autoUv": false }
											}
										},
										{
											"name": "Cube5",
											"from": [ 0.0, 0.0, 3.5 ],
											"to": [ 3.5, 0.5, 4.0 ],
											"rotationOrigin": [ 0.0, 0.5, 3.5 ],
											"rotationX": 33.0,
											"faces": {
												"north": { "texture": "#parasol", "uv": [ 5.5, 0.0, 12.5, 1.0 ], "autoUv": false },
												"east": { "texture": "#parasol", "uv": [ 5.5, 0.0, 6.5, 1.0 ], "autoUv": false },
												"south": { "texture": "#parasol", "uv": [ 4.5, 0.0, 11.5, 1.0 ], "autoUv": false },
												"west": { "texture": "#parasol", "uv": [ 5.0, 9.0, 6.0, 10.0 ], "autoUv": false },
												"up": { "texture": "#parasol", "uv": [ 4.5, 0.5, 11.5, 1.5 ], "autoUv": false },
												"down": { "texture": "#parasol", "uv": [ 8.5, 10.0, 15.5, 11.0 ], "autoUv": false }
											}
										},
										{
											"name": "Cube6",
											"from": [ -0.5, 0.0, 0.0 ],
											"to": [ 0.0, 0.5, 3.5 ],
											"rotationOrigin": [ 0.0, 0.5, 0.0 ],
											"rotationZ": 33.0,
											"faces": {
												"north": { "texture": "#parasol", "uv": [ 9.5, 1.0, 10.5, 2.0 ], "autoUv": false },
												"east": { "texture": "#parasol", "uv": [ 7.5, 0.0, 14.5, 1.0 ], "autoUv": false },
												"south": { "texture": "#parasol", "uv": [ 4.0, 5.0, 5.0, 6.0 ], "autoUv": false },
												"west": { "texture": "#parasol", "uv": [ 3.5, 0.0, 10.5, 1.0 ], "autoUv": false },
												"up": { "texture": "#parasol", "uv": [ 3.5, 0.0, 4.5, 7.0 ], "autoUv": false },
												"down": { "texture": "#parasol", "uv": [ 10.5, 9.0, 11.5, 16.0 ], "autoUv": false }
											}
										},
										{
											"name": "Cube7",
											"from": [ 3.5, 0.0, 0.0 ],
											"to": [ 4.0, 0.5, 3.5 ],
											"rotationOrigin": [ 3.5, 0.5, 0.0 ],
											"rotationZ": -33.0,
											"faces": {
												"north": { "texture": "#parasol", "uv": [ 7.0, 0.0, 8.0, 1.0 ], "autoUv": false },
												"east": { "texture": "#parasol", "uv": [ 5.5, 0.0, 12.5, 1.0 ], "autoUv": false },
												"south": { "texture": "#parasol", "uv": [ 5.5, 0.0, 6.5, 1.0 ], "autoUv": false },
												"west": { "texture": "#parasol", "uv": [ 6.5, 0.0, 13.5, 1.0 ], "autoUv": false },
												"up": { "texture": "#parasol", "uv": [ 10.5, 1.0, 11.5, 8.0 ], "autoUv": false },
												"down": { "texture": "#parasol", "uv": [ 11.5, 8.5, 12.5, 15.5 ], "autoUv": false }
											}
										},
										{
											"name": "Cube8",
											"from": [ 0.25, 0.5, 0.25 ],
											"to": [ 3.25, 0.7, 3.25 ],
											"rotationOrigin": [ 0.25, 0.5, 0.25 ],
											"faces": {
												"north": { "texture": "#parasol", "uv": [ 4.5, 0.0, 10.5, 0.5 ], "autoUv": false },
												"east": { "texture": "#parasol", "uv": [ 4.5, 0.0, 10.5, 0.5 ], "autoUv": false },
												"south": { "texture": "#parasol", "uv": [ 5.0, 0.0, 11.0, 0.5 ], "autoUv": false },
												"west": { "texture": "#parasol", "uv": [ 6.0, 0.0, 12.0, 0.5 ], "autoUv": false },
												"up": { "texture": "#parasol", "uv": [ 4.5, 0.5, 10.5, 6.5 ], "autoUv": false },
												"down": { "texture": "#parasol", "uv": [ 0.0, 0.0, 6.0, 6.0 ], "autoUv": false }
											}
										}
									]
								},
								{
									"name": "Cube9",
									"from": [ -0.125, 1.5, -0.125 ],
									"to": [ 0.625, 1.7, 0.625 ],
									"rotationOrigin": [ -0.15, 1.5, -0.15 ],
									"faces": {
										"north": { "texture": "#parasol", "uv": [ 10.5, 11.0, 12.0, 11.5 ], "autoUv": false },
										"east": { "texture": "#parasol", "uv": [ 11.0, 10.5, 12.5, 11.0 ], "autoUv": false },
										"south": { "texture": "#parasol", "uv": [ 10.5, 10.0, 12.0, 10.5 ], "autoUv": false },
										"west": { "texture": "#parasol", "uv": [ 12.0, 11.0, 13.5, 11.5 ], "autoUv": false },
										"up": { "texture": "#parasol", "uv": [ 9.0, 10.0, 10.5, 11.5 ], "autoUv": false },
										"down": { "texture": "#parasol", "uv": [ 12.5, 9.5, 14.0, 11.0 ], "autoUv": false }
									}
								}
							]
						}
					]
				}
			]
		}
	]}