{
	"editor": {
		"collapsedPaths": "Root,Root/origin/beeg/medium2,Root/origin/beeg/medium3,Root/origin/beeg/medium4",
		"allAngles": true,
		"entityTextureMode": false
	},
	"textureWidth": 16,
	"textureHeight": 16,
	"textureSizes": {
	},
	"textures": {
		"club": "mycodiversity:block/plant/mushroom/club"
	},
	"elements": [
		{
			"name": "origin",
			"from": [ 8.0, 0.0, 8.0 ],
			"to": [ 8.0, 0.0, 8.0 ],
			"rotationOrigin": [ 8.0, 0.0, 8.0 ],
			"faces": {
				"north": { "texture": "#club", "uv": [ 0.0, 0.0, 0.5, 0.5 ] },
				"east": { "texture": "#club", "uv": [ 0.0, 0.0, 0.5, 0.5 ] },
				"south": { "texture": "#club", "uv": [ 0.0, 0.0, 0.5, 0.5 ] },
				"west": { "texture": "#club", "uv": [ 0.0, 0.0, 0.5, 0.5 ] },
				"up": { "texture": "#club", "uv": [ 0.0, 0.0, 0.5, 0.5 ] },
				"down": { "texture": "#club", "uv": [ 0.0, 0.0, 0.5, 0.5 ] }
			},
			"children": [
				{
					"name": "medium2",
					"from": [ -0.6, -0.6, 0.5 ],
					"to": [ 0.3, 0.4, 1.4 ],
					"rotationOrigin": [ -0.6, -0.6, 0.5 ],
					"rotationY": 11.0,
					"rotationZ": 3.0,
					"faces": {
						"north": { "texture": "#club", "uv": [ 6.0, 12.0, 6.5, 13.0 ] },
						"east": { "texture": "#club", "uv": [ 7.0, 11.5, 7.5, 12.5 ] },
						"south": { "texture": "#club", "uv": [ 6.5, 12.5, 7.0, 13.5 ] },
						"west": { "texture": "#club", "uv": [ 7.5, 12.0, 8.0, 13.0 ] },
						"up": { "texture": "#club", "uv": [ 7.0, 11.5, 7.5, 12.0 ] },
						"down": { "texture": "#club", "uv": [ 7.0, 14.5, 7.5, 15.0 ] }
					},
					"children": [
						{
							"name": "Cube128",
							"from": [ 0.0, 1.6, 0.0 ],
							"to": [ 0.5, 3.1, 0.5 ],
							"rotationOrigin": [ 0.0, 1.6, 0.0 ],
							"rotationY": 30.0,
							"rotationZ": 11.0,
							"faces": {
								"north": { "texture": "#club", "uv": [ 6.5, 7.5, 7.0, 9.0 ] },
								"east": { "texture": "#club", "uv": [ 6.0, 7.5, 6.5, 9.0 ] },
								"south": { "texture": "#club", "uv": [ 7.0, 7.5, 7.5, 9.0 ] },
								"west": { "texture": "#club", "uv": [ 7.5, 6.5, 8.0, 8.0 ] },
								"up": { "texture": "#club", "uv": [ 6.0, 2.0, 6.5, 2.5 ] },
								"down": { "texture": "#club", "uv": [ 6.0, 2.0, 6.5, 2.5 ] }
							},
							"children": [
								{
									"name": "Cube129",
									"from": [ 0.0, 1.2, 0.0 ],
									"to": [ 0.5, 2.2, 0.5 ],
									"rotationOrigin": [ 0.0, 1.2, 0.0 ],
									"rotationZ": 30.0,
									"faces": {
										"north": { "texture": "#club", "uv": [ 6.0, 2.0, 6.5, 3.0 ] },
										"east": { "texture": "#club", "uv": [ 6.5, 2.5, 7.0, 3.5 ] },
										"south": { "texture": "#club", "uv": [ 7.0, 2.5, 7.5, 3.5 ] },
										"west": { "texture": "#club", "uv": [ 7.5, 3.0, 8.0, 4.0 ] },
										"up": { "texture": "#club", "uv": [ 6.0, 2.0, 6.5, 2.5 ] },
										"down": { "texture": "#club", "uv": [ 6.5, 1.0, 7.0, 1.5 ] }
									}
								},
								{
									"name": "Cube130",
									"from": [ 0.0, 1.4, 0.0 ],
									"to": [ 0.5, 2.4, 0.5 ],
									"rotationOrigin": [ 0.0, 1.4, 0.0 ],
									"rotationZ": -22.0,
									"faces": {
										"north": { "texture": "#club", "uv": [ 6.0, 3.0, 6.5, 4.0 ] },
										"east": { "texture": "#club", "uv": [ 7.0, 4.0, 7.5, 5.0 ] },
										"south": { "texture": "#club", "uv": [ 6.5, 4.0, 7.0, 5.0 ] },
										"west": { "texture": "#club", "uv": [ 7.5, 5.0, 8.0, 6.0 ] },
										"up": { "texture": "#club", "uv": [ 6.5, 2.0, 7.0, 2.5 ] },
										"down": { "texture": "#club", "uv": [ 6.0, 2.0, 6.5, 2.5 ] }
									}
								}
							]
						},
						{
							"name": "Cube131",
							"from": [ 1.0, 1.2, 0.0 ],
							"to": [ 1.5, 2.7, 0.5 ],
							"rotationOrigin": [ 1.0, 1.2, 0.0 ],
							"rotationX": -25.0,
							"rotationY": -91.0,
							"rotationZ": 11.0,
							"faces": {
								"north": { "texture": "#club", "uv": [ 6.5, 7.5, 7.0, 9.0 ] },
								"east": { "texture": "#club", "uv": [ 7.0, 7.5, 7.5, 9.0 ] },
								"south": { "texture": "#club", "uv": [ 6.5, 7.5, 7.0, 9.0 ] },
								"west": { "texture": "#club", "uv": [ 7.5, 6.5, 8.0, 8.0 ] },
								"up": { "texture": "#club", "uv": [ 6.5, 2.0, 7.0, 2.5 ] },
								"down": { "texture": "#club", "uv": [ 6.5, 2.0, 7.0, 2.5 ] }
							},
							"children": [
								{
									"name": "Cube132",
									"from": [ 0.0, 1.2, 0.0 ],
									"to": [ 0.5, 2.2, 0.5 ],
									"rotationOrigin": [ 0.0, 1.2, 0.0 ],
									"rotationZ": 30.0,
									"faces": {
										"north": { "texture": "#club", "uv": [ 6.0, 2.0, 6.5, 3.0 ] },
										"east": { "texture": "#club", "uv": [ 6.5, 2.5, 7.0, 3.5 ] },
										"south": { "texture": "#club", "uv": [ 7.0, 2.5, 7.5, 3.5 ] },
										"west": { "texture": "#club", "uv": [ 7.0, 3.0, 7.5, 4.0 ] },
										"up": { "texture": "#club", "uv": [ 6.5, 2.5, 7.0, 3.0 ] },
										"down": { "texture": "#club", "uv": [ 7.0, 1.0, 7.5, 1.5 ] }
									}
								},
								{
									"name": "Cube133",
									"from": [ 0.0, 1.4, 0.05 ],
									"to": [ 0.5, 2.4, 0.45 ],
									"rotationOrigin": [ 0.0, 1.4, 0.1 ],
									"rotationZ": -22.0,
									"faces": {
										"north": { "texture": "#club", "uv": [ 6.0, 3.0, 6.5, 4.0 ] },
										"east": { "texture": "#club", "uv": [ 7.0, 4.5, 7.5, 5.5 ] },
										"south": { "texture": "#club", "uv": [ 6.5, 4.0, 7.0, 5.0 ] },
										"west": { "texture": "#club", "uv": [ 7.5, 5.0, 8.0, 6.0 ] },
										"up": { "texture": "#club", "uv": [ 6.5, 2.0, 7.0, 2.5 ] },
										"down": { "texture": "#club", "uv": [ 6.5, 2.0, 7.0, 2.5 ] }
									}
								}
							]
						},
						{
							"name": "Cube134",
							"from": [ 0.2, 1.4, 0.3 ],
							"to": [ 0.7, 2.9, 0.8 ],
							"rotationOrigin": [ 0.2, 1.4, 0.3 ],
							"rotationX": -78.0,
							"rotationY": 39.0,
							"rotationZ": 50.0,
							"faces": {
								"north": { "texture": "#club", "uv": [ 6.0, 7.5, 6.5, 9.0 ] },
								"east": { "texture": "#club", "uv": [ 6.5, 7.5, 7.0, 9.0 ] },
								"south": { "texture": "#club", "uv": [ 7.0, 7.5, 7.5, 9.0 ] },
								"west": { "texture": "#club", "uv": [ 7.5, 6.5, 8.0, 8.0 ] },
								"up": { "texture": "#club", "uv": [ 6.0, 2.0, 6.5, 2.5 ] },
								"down": { "texture": "#club", "uv": [ 6.0, 2.0, 6.5, 2.5 ] }
							},
							"children": [
								{
									"name": "Cube135",
									"from": [ 0.0, 1.2, 0.0 ],
									"to": [ 0.5, 2.2, 0.5 ],
									"rotationOrigin": [ 0.0, 1.2, 0.0 ],
									"rotationZ": 30.0,
									"faces": {
										"north": { "texture": "#club", "uv": [ 6.0, 2.0, 6.5, 3.0 ] },
										"east": { "texture": "#club", "uv": [ 6.5, 2.5, 7.0, 3.5 ] },
										"south": { "texture": "#club", "uv": [ 7.0, 2.5, 7.5, 3.5 ] },
										"west": { "texture": "#club", "uv": [ 7.5, 3.0, 8.0, 4.0 ] },
										"up": { "texture": "#club", "uv": [ 6.0, 2.0, 6.5, 2.5 ] },
										"down": { "texture": "#club", "uv": [ 6.5, 1.5, 7.0, 2.0 ] }
									}
								},
								{
									"name": "Cube136",
									"from": [ 0.0, 1.4, 0.0 ],
									"to": [ 0.5, 2.4, 0.5 ],
									"rotationOrigin": [ 0.0, 1.4, 0.0 ],
									"rotationZ": -22.0,
									"faces": {
										"north": { "texture": "#club", "uv": [ 6.0, 3.0, 6.5, 4.0 ] },
										"east": { "texture": "#club", "uv": [ 6.5, 4.0, 7.0, 5.0 ] },
										"south": { "texture": "#club", "uv": [ 7.0, 4.0, 7.5, 5.0 ] },
										"west": { "texture": "#club", "uv": [ 7.5, 5.0, 8.0, 6.0 ] },
										"up": { "texture": "#club", "uv": [ 7.0, 2.0, 7.5, 2.5 ] },
										"down": { "texture": "#club", "uv": [ 6.5, 2.0, 7.0, 2.5 ] }
									}
								}
							]
						},
						{
							"name": "Cube137",
							"from": [ 0.5, 0.9, 0.1 ],
							"to": [ 1.0, 2.4, 0.6 ],
							"rotationOrigin": [ 0.5, 0.9, 0.1 ],
							"rotationX": 94.0,
							"rotationY": -53.0,
							"rotationZ": 97.0,
							"faces": {
								"north": { "texture": "#club", "uv": [ 6.0, 7.5, 6.5, 9.0 ] },
								"east": { "texture": "#club", "uv": [ 6.5, 7.5, 7.0, 9.0 ] },
								"south": { "texture": "#club", "uv": [ 7.0, 7.5, 7.5, 9.0 ] },
								"west": { "texture": "#club", "uv": [ 7.5, 6.5, 8.0, 8.0 ] },
								"up": { "texture": "#club", "uv": [ 6.5, 2.0, 7.0, 2.5 ] },
								"down": { "texture": "#club", "uv": [ 7.0, 2.0, 7.5, 2.5 ] }
							},
							"children": [
								{
									"name": "Cube138",
									"from": [ 0.0, 1.2, 0.0 ],
									"to": [ 0.5, 2.2, 0.5 ],
									"rotationOrigin": [ 0.0, 1.2, 0.0 ],
									"rotationZ": 30.0,
									"faces": {
										"north": { "texture": "#club", "uv": [ 6.0, 2.0, 6.5, 3.0 ] },
										"east": { "texture": "#club", "uv": [ 6.5, 2.5, 7.0, 3.5 ] },
										"south": { "texture": "#club", "uv": [ 7.0, 2.5, 7.5, 3.5 ] },
										"west": { "texture": "#club", "uv": [ 7.5, 3.0, 8.0, 4.0 ] },
										"up": { "texture": "#club", "uv": [ 7.5, 2.0, 8.0, 2.5 ] },
										"down": { "texture": "#club", "uv": [ 6.5, 1.0, 7.0, 1.5 ] }
									}
								},
								{
									"name": "Cube139",
									"from": [ 0.0, 1.4, 0.0 ],
									"to": [ 0.5, 2.4, 0.5 ],
									"rotationOrigin": [ 0.0, 1.4, 0.0 ],
									"rotationZ": -22.0,
									"faces": {
										"north": { "texture": "#club", "uv": [ 6.0, 2.5, 6.5, 3.5 ] },
										"east": { "texture": "#club", "uv": [ 7.0, 4.0, 7.5, 5.0 ] },
										"south": { "texture": "#club", "uv": [ 6.5, 4.0, 7.0, 5.0 ] },
										"west": { "texture": "#club", "uv": [ 7.5, 5.0, 8.0, 6.0 ] },
										"up": { "texture": "#club", "uv": [ 6.0, 2.0, 6.5, 2.5 ] },
										"down": { "texture": "#club", "uv": [ 6.5, 2.0, 7.0, 2.5 ] }
									}
								}
							]
						},
						{
							"name": "Cube140",
							"from": [ 0.4, 1.3, 0.3 ],
							"to": [ 0.9, 2.8, 0.8 ],
							"rotationOrigin": [ 0.65, 1.3, 0.55 ],
							"rotationZ": -11.0,
							"faces": {
								"north": { "texture": "#club", "uv": [ 6.0, 7.5, 6.5, 9.0 ] },
								"east": { "texture": "#club", "uv": [ 7.0, 7.5, 7.5, 9.0 ] },
								"south": { "texture": "#club", "uv": [ 6.5, 7.5, 7.0, 9.0 ] },
								"west": { "texture": "#club", "uv": [ 7.5, 6.5, 8.0, 8.0 ] },
								"up": { "texture": "#club", "uv": [ 7.0, 2.0, 7.5, 2.5 ] },
								"down": { "texture": "#club", "uv": [ 6.0, 2.0, 6.5, 2.5 ] }
							},
							"children": [
								{
									"name": "Cube141",
									"from": [ 0.0, 1.2, 0.0 ],
									"to": [ 0.5, 2.2, 0.5 ],
									"rotationOrigin": [ 0.0, 1.2, 0.0 ],
									"rotationZ": 30.0,
									"faces": {
										"north": { "texture": "#club", "uv": [ 6.0, 2.0, 6.5, 3.0 ] },
										"east": { "texture": "#club", "uv": [ 6.5, 2.5, 7.0, 3.5 ] },
										"south": { "texture": "#club", "uv": [ 7.0, 2.5, 7.5, 3.5 ] },
										"west": { "texture": "#club", "uv": [ 7.5, 3.0, 8.0, 4.0 ] },
										"up": { "texture": "#club", "uv": [ 6.0, 2.0, 6.5, 2.5 ] },
										"down": { "texture": "#club", "uv": [ 6.5, 1.0, 7.0, 1.5 ] }
									}
								},
								{
									"name": "Cube142",
									"from": [ 0.0, 1.4, 0.0 ],
									"to": [ 0.5, 2.4, 0.5 ],
									"rotationOrigin": [ 0.0, 1.4, 0.0 ],
									"rotationZ": -22.0,
									"faces": {
										"north": { "texture": "#club", "uv": [ 6.0, 3.0, 6.5, 4.0 ] },
										"east": { "texture": "#club", "uv": [ 7.0, 4.0, 7.5, 5.0 ] },
										"south": { "texture": "#club", "uv": [ 6.5, 4.0, 7.0, 5.0 ] },
										"west": { "texture": "#club", "uv": [ 7.0, 5.0, 7.5, 6.0 ] },
										"up": { "texture": "#club", "uv": [ 6.5, 2.0, 7.0, 2.5 ] },
										"down": { "texture": "#club", "uv": [ 6.5, 2.0, 7.0, 2.5 ] }
									}
								}
							]
						},
						{
							"name": "Cube143",
							"from": [ 0.2, 0.9, 0.1 ],
							"to": [ 0.7, 2.4, 0.6 ],
							"rotationOrigin": [ 0.45, 0.9, 0.35 ],
							"rotationX": 44.0,
							"rotationY": -53.0,
							"rotationZ": -8.0,
							"faces": {
								"north": { "texture": "#club", "uv": [ 6.0, 7.5, 6.5, 9.0 ] },
								"east": { "texture": "#club", "uv": [ 6.5, 7.5, 7.0, 9.0 ] },
								"south": { "texture": "#club", "uv": [ 7.0, 7.5, 7.5, 9.0 ] },
								"west": { "texture": "#club", "uv": [ 7.5, 6.5, 8.0, 8.0 ] },
								"up": { "texture": "#club", "uv": [ 6.0, 2.0, 6.5, 2.5 ] },
								"down": { "texture": "#club", "uv": [ 6.0, 2.0, 6.5, 2.5 ] }
							},
							"children": [
								{
									"name": "Cube144",
									"from": [ 0.0, 1.2, 0.0 ],
									"to": [ 0.5, 2.2, 0.5 ],
									"rotationOrigin": [ 0.0, 1.2, 0.0 ],
									"rotationZ": 30.0,
									"faces": {
										"north": { "texture": "#club", "uv": [ 6.5, 2.0, 7.0, 3.0 ] },
										"east": { "texture": "#club", "uv": [ 7.0, 2.0, 7.5, 3.0 ] },
										"south": { "texture": "#club", "uv": [ 6.5, 2.5, 7.0, 3.5 ] },
										"west": { "texture": "#club", "uv": [ 7.5, 3.0, 8.0, 4.0 ] },
										"up": { "texture": "#club", "uv": [ 7.0, 2.0, 7.5, 2.5 ] },
										"down": { "texture": "#club", "uv": [ 6.0, 1.0, 6.5, 1.5 ] }
									}
								},
								{
									"name": "Cube145",
									"from": [ 0.0, 1.4, 0.0 ],
									"to": [ 0.5, 2.4, 0.5 ],
									"rotationOrigin": [ 0.0, 1.4, 0.0 ],
									"rotationZ": -22.0,
									"faces": {
										"north": { "texture": "#club", "uv": [ 6.0, 3.0, 6.5, 4.0 ] },
										"east": { "texture": "#club", "uv": [ 6.5, 4.0, 7.0, 5.0 ] },
										"south": { "texture": "#club", "uv": [ 7.5, 4.0, 8.0, 5.0 ] },
										"west": { "texture": "#club", "uv": [ 7.0, 5.0, 7.5, 6.0 ] },
										"up": { "texture": "#club", "uv": [ 6.5, 1.5, 7.0, 2.0 ] },
										"down": { "texture": "#club", "uv": [ 6.0, 2.0, 6.5, 2.5 ] }
									}
								}
							]
						},
						{
							"name": "Cube146",
							"from": [ 0.0, 1.6, 0.5 ],
							"to": [ 0.5, 3.1, 1.0 ],
							"rotationOrigin": [ 0.25, 1.6, 0.75 ],
							"rotationX": -163.0,
							"rotationZ": 152.0,
							"faces": {
								"north": { "texture": "#club", "uv": [ 6.0, 7.5, 6.5, 9.0 ] },
								"east": { "texture": "#club", "uv": [ 7.0, 7.5, 7.5, 9.0 ] },
								"south": { "texture": "#club", "uv": [ 6.5, 7.5, 7.0, 9.0 ] },
								"west": { "texture": "#club", "uv": [ 7.5, 6.5, 8.0, 8.0 ] },
								"up": { "texture": "#club", "uv": [ 7.5, 2.0, 8.0, 2.5 ] },
								"down": { "texture": "#club", "uv": [ 7.0, 2.0, 7.5, 2.5 ] }
							},
							"children": [
								{
									"name": "Cube147",
									"from": [ 0.0, 1.2, 0.0 ],
									"to": [ 0.5, 2.2, 0.5 ],
									"rotationOrigin": [ 0.0, 1.2, 0.0 ],
									"rotationZ": 30.0,
									"faces": {
										"north": { "texture": "#club", "uv": [ 6.5, 2.0, 7.0, 3.0 ] },
										"east": { "texture": "#club", "uv": [ 6.0, 2.5, 6.5, 3.5 ] },
										"south": { "texture": "#club", "uv": [ 7.5, 2.5, 8.0, 3.5 ] },
										"west": { "texture": "#club", "uv": [ 7.0, 3.0, 7.5, 4.0 ] },
										"up": { "texture": "#club", "uv": [ 7.0, 2.0, 7.5, 2.5 ] },
										"down": { "texture": "#club", "uv": [ 6.0, 1.0, 6.5, 1.5 ] }
									}
								},
								{
									"name": "Cube148",
									"from": [ 0.0, 1.4, 0.0 ],
									"to": [ 0.5, 2.4, 0.5 ],
									"rotationOrigin": [ 0.0, 1.4, 0.0 ],
									"rotationZ": -22.0,
									"faces": {
										"north": { "texture": "#club", "uv": [ 6.0, 3.0, 6.5, 4.0 ] },
										"east": { "texture": "#club", "uv": [ 6.5, 4.5, 7.0, 5.5 ] },
										"south": { "texture": "#club", "uv": [ 7.0, 3.5, 7.5, 4.5 ] },
										"west": { "texture": "#club", "uv": [ 7.5, 5.5, 8.0, 6.5 ] },
										"up": { "texture": "#club", "uv": [ 6.5, 2.5, 7.0, 3.0 ] },
										"down": { "texture": "#club", "uv": [ 6.0, 2.0, 6.5, 2.5 ] }
									}
								}
							]
						},
						{
							"name": "Cube149",
							"from": [ 0.1, 1.3, 0.3 ],
							"to": [ 0.6, 2.8, 0.8 ],
							"rotationOrigin": [ 0.35, 1.3, 0.55 ],
							"rotationX": 14.0,
							"rotationY": -17.0,
							"rotationZ": -47.0,
							"faces": {
								"north": { "texture": "#club", "uv": [ 6.0, 7.5, 6.5, 9.0 ] },
								"east": { "texture": "#club", "uv": [ 7.0, 7.5, 7.5, 9.0 ] },
								"south": { "texture": "#club", "uv": [ 6.5, 8.0, 7.0, 9.5 ] },
								"west": { "texture": "#club", "uv": [ 7.0, 6.5, 7.5, 8.0 ] },
								"up": { "texture": "#club", "uv": [ 6.5, 2.0, 7.0, 2.5 ] },
								"down": { "texture": "#club", "uv": [ 6.0, 2.0, 6.5, 2.5 ] }
							},
							"children": [
								{
									"name": "Cube150",
									"from": [ 0.0, 1.2, 0.0 ],
									"to": [ 0.5, 2.2, 0.5 ],
									"rotationOrigin": [ 0.0, 1.2, 0.0 ],
									"rotationZ": 30.0,
									"faces": {
										"north": { "texture": "#club", "uv": [ 6.0, 2.0, 6.5, 3.0 ] },
										"east": { "texture": "#club", "uv": [ 7.0, 2.5, 7.5, 3.5 ] },
										"south": { "texture": "#club", "uv": [ 6.5, 2.5, 7.0, 3.5 ] },
										"west": { "texture": "#club", "uv": [ 7.0, 3.0, 7.5, 4.0 ] },
										"up": { "texture": "#club", "uv": [ 6.5, 2.0, 7.0, 2.5 ] },
										"down": { "texture": "#club", "uv": [ 6.5, 1.0, 7.0, 1.5 ] }
									}
								},
								{
									"name": "Cube151",
									"from": [ 0.0, 1.4, 0.0 ],
									"to": [ 0.5, 2.4, 0.5 ],
									"rotationOrigin": [ 0.0, 1.4, 0.0 ],
									"rotationZ": -22.0,
									"faces": {
										"north": { "texture": "#club", "uv": [ 6.0, 3.0, 6.5, 4.0 ] },
										"east": { "texture": "#club", "uv": [ 6.5, 4.0, 7.0, 5.0 ] },
										"south": { "texture": "#club", "uv": [ 7.0, 4.0, 7.5, 5.0 ] },
										"west": { "texture": "#club", "uv": [ 7.5, 5.0, 8.0, 6.0 ] },
										"up": { "texture": "#club", "uv": [ 6.5, 2.0, 7.0, 2.5 ] },
										"down": { "texture": "#club", "uv": [ 6.0, 2.0, 6.5, 2.5 ] }
									}
								}
							]
						},
						{
							"name": "Cube152",
							"from": [ 0.2, 1.2, 0.1 ],
							"to": [ 0.7, 2.7, 0.6 ],
							"rotationOrigin": [ 0.45, 1.2, 0.35 ],
							"rotationX": -150.0,
							"rotationY": -47.0,
							"rotationZ": 144.0,
							"faces": {
								"north": { "texture": "#club", "uv": [ 6.5, 7.5, 7.0, 9.0 ] },
								"east": { "texture": "#club", "uv": [ 6.0, 7.5, 6.5, 9.0 ] },
								"south": { "texture": "#club", "uv": [ 7.5, 7.5, 8.0, 9.0 ] },
								"west": { "texture": "#club", "uv": [ 7.0, 6.5, 7.5, 8.0 ] },
								"up": { "texture": "#club", "uv": [ 6.5, 2.0, 7.0, 2.5 ] },
								"down": { "texture": "#club", "uv": [ 6.5, 2.0, 7.0, 2.5 ] }
							},
							"children": [
								{
									"name": "Cube153",
									"from": [ 0.0, 1.2, 0.0 ],
									"to": [ 0.5, 2.2, 0.5 ],
									"rotationOrigin": [ 0.0, 1.2, 0.0 ],
									"rotationZ": 30.0,
									"faces": {
										"north": { "texture": "#club", "uv": [ 6.5, 2.0, 7.0, 3.0 ] },
										"east": { "texture": "#club", "uv": [ 6.0, 2.5, 6.5, 3.5 ] },
										"south": { "texture": "#club", "uv": [ 7.5, 3.0, 8.0, 4.0 ] },
										"west": { "texture": "#club", "uv": [ 7.0, 3.0, 7.5, 4.0 ] },
										"up": { "texture": "#club", "uv": [ 6.0, 2.0, 6.5, 2.5 ] },
										"down": { "texture": "#club", "uv": [ 6.5, 1.0, 7.0, 1.5 ] }
									}
								},
								{
									"name": "Cube154",
									"from": [ 0.0, 1.4, 0.0 ],
									"to": [ 0.5, 2.4, 0.5 ],
									"rotationOrigin": [ 0.0, 1.4, 0.0 ],
									"rotationZ": -22.0,
									"faces": {
										"north": { "texture": "#club", "uv": [ 6.5, 2.5, 7.0, 3.5 ] },
										"east": { "texture": "#club", "uv": [ 6.0, 4.0, 6.5, 5.0 ] },
										"south": { "texture": "#club", "uv": [ 7.0, 4.0, 7.5, 5.0 ] },
										"west": { "texture": "#club", "uv": [ 7.5, 4.5, 8.0, 5.5 ] },
										"up": { "texture": "#club", "uv": [ 7.0, 2.0, 7.5, 2.5 ] },
										"down": { "texture": "#club", "uv": [ 6.0, 2.0, 6.5, 2.5 ] }
									}
								}
							]
						},
						{
							"name": "Cube155",
							"from": [ 0.4, 0.8, 0.3 ],
							"to": [ 0.9, 2.3, 0.8 ],
							"rotationOrigin": [ 0.65, 0.8, 0.55 ],
							"rotationX": 86.0,
							"rotationY": 53.0,
							"rotationZ": -94.0,
							"faces": {
								"north": { "texture": "#club", "uv": [ 6.0, 7.5, 6.5, 9.0 ] },
								"east": { "texture": "#club", "uv": [ 7.0, 7.5, 7.5, 9.0 ] },
								"south": { "texture": "#club", "uv": [ 6.5, 7.5, 7.0, 9.0 ] },
								"west": { "texture": "#club", "uv": [ 7.5, 6.5, 8.0, 8.0 ] },
								"up": { "texture": "#club", "uv": [ 6.0, 2.0, 6.5, 2.5 ] },
								"down": { "texture": "#club", "uv": [ 6.0, 2.0, 6.5, 2.5 ] }
							},
							"children": [
								{
									"name": "Cube156",
									"from": [ 0.0, 1.2, 0.0 ],
									"to": [ 0.5, 2.2, 0.5 ],
									"rotationOrigin": [ 0.0, 1.2, 0.0 ],
									"rotationZ": 30.0,
									"faces": {
										"north": { "texture": "#club", "uv": [ 6.0, 2.0, 6.5, 3.0 ] },
										"east": { "texture": "#club", "uv": [ 7.0, 2.5, 7.5, 3.5 ] },
										"south": { "texture": "#club", "uv": [ 6.5, 2.5, 7.0, 3.5 ] },
										"west": { "texture": "#club", "uv": [ 7.5, 3.0, 8.0, 4.0 ] },
										"up": { "texture": "#club", "uv": [ 6.5, 2.0, 7.0, 2.5 ] },
										"down": { "texture": "#club", "uv": [ 6.0, 1.0, 6.5, 1.5 ] }
									}
								},
								{
									"name": "Cube157",
									"from": [ 0.0, 1.4, 0.0 ],
									"to": [ 0.5, 2.4, 0.5 ],
									"rotationOrigin": [ 0.0, 1.4, 0.0 ],
									"rotationZ": -22.0,
									"faces": {
										"north": { "texture": "#club", "uv": [ 6.0, 3.0, 6.5, 4.0 ] },
										"east": { "texture": "#club", "uv": [ 7.0, 4.0, 7.5, 5.0 ] },
										"south": { "texture": "#club", "uv": [ 6.5, 4.0, 7.0, 5.0 ] },
										"west": { "texture": "#club", "uv": [ 7.5, 5.0, 8.0, 6.0 ] },
										"up": { "texture": "#club", "uv": [ 6.5, 2.0, 7.0, 2.5 ] },
										"down": { "texture": "#club", "uv": [ 6.5, 2.0, 7.0, 2.5 ] }
									}
								}
							]
						},
						{
							"name": "Cube158",
							"from": [ 0.05, 0.7, 0.05 ],
							"to": [ 0.85, 1.7, 0.85 ],
							"rotationOrigin": [ 0.0, 0.7, 0.1 ],
							"rotationZ": -11.0,
							"faces": {
								"north": { "texture": "#club", "uv": [ 6.0, 12.5, 6.5, 13.5 ] },
								"east": { "texture": "#club", "uv": [ 6.5, 11.5, 7.0, 12.5 ] },
								"south": { "texture": "#club", "uv": [ 7.0, 11.5, 7.5, 12.5 ] },
								"west": { "texture": "#club", "uv": [ 7.5, 11.0, 8.0, 12.0 ] },
								"up": { "texture": "#club", "uv": [ 7.0, 11.0, 7.5, 11.5 ] },
								"down": { "texture": "#club", "uv": [ 6.5, 11.5, 7.0, 12.0 ] }
							}
						}
					]
				}
			]
		}
	]}