{
	"editor": {
		"collapsedPaths": "Root/origin/Stem24",
		"allAngles": true,
		"entityTextureMode": false
	},
	"textureWidth": 16,
	"textureHeight": 16,
	"textureSizes": {
	},
	"textures": {
		"slipperyjack": "mycodiversity:block/plant/mushroom/slipperyjack/slipperyjack"
	},
	"elements": [
		{
			"name": "origin",
			"from": [ 8.0, 0.0, 8.0 ],
			"to": [ 8.0, 0.0, 8.0 ],
			"rotationOrigin": [ 8.0, 0.0, 8.0 ],
			"faces": {
			},
			"children": [
				{
					"name": "large",
					"from": [ 1.4, 0.0, 0.5 ],
					"to": [ 2.9, 2.0, 2.0 ],
					"rotationOrigin": [ 1.0175, 0.0, 0.6412 ],
					"rotationY": -180.0,
					"faces": {
						"north": { "texture": "#slipperyjack", "uv": [ 12.5, 13.0, 14.0, 15.0 ] },
						"east": { "texture": "#slipperyjack", "uv": [ 9.0, 12.5, 10.5, 14.5 ] },
						"south": { "texture": "#slipperyjack", "uv": [ 12.0, 13.0, 13.5, 15.0 ] },
						"west": { "texture": "#slipperyjack", "uv": [ 12.0, 13.0, 13.5, 15.0 ] },
						"down": { "texture": "#slipperyjack", "uv": [ 11.5, 14.0, 13.0, 15.5 ] }
					},
					"children": [
						{
							"name": "cap4",
							"from": [ -1.8, 3.5, -1.0 ],
							"to": [ 2.7, 4.5, 3.5 ],
							"rotationOrigin": [ 0.3, 3.5, 1.3 ],
							"rotationX": 19.0,
							"rotationZ": 8.0,
							"faces": {
								"up": { "texture": "#slipperyjack", "uv": [ 1.0, 1.5, 5.5, 6.0 ] },
								"down": { "texture": "#slipperyjack", "uv": [ 3.0, 8.5, 7.5, 13.0 ] }
							},
							"children": [
								{
									"name": "Cube1",
									"from": [ 0.0, 0.0, -1.0 ],
									"to": [ 4.5, 1.0, 0.0 ],
									"rotationOrigin": [ 2.0, 1.0, 0.0 ],
									"rotationX": -19.0,
									"faces": {
										"north": { "texture": "#slipperyjack", "uv": [ 9.5, 7.0, 14.0, 8.0 ] },
										"east": { "texture": "#slipperyjack", "uv": [ 8.0, 7.0, 9.0, 8.0 ] },
										"west": { "texture": "#slipperyjack", "uv": [ 10.0, 5.0, 11.0, 6.0 ] },
										"up": { "texture": "#slipperyjack", "uv": [ 8.5, 1.0, 13.0, 2.0 ] },
										"down": { "texture": "#slipperyjack", "uv": [ 2.0, 13.5, 6.5, 14.5 ] }
									}
								},
								{
									"name": "Cube22",
									"from": [ 0.0, 0.0, 4.5 ],
									"to": [ 4.5, 1.0, 5.5 ],
									"rotationOrigin": [ 2.0, 1.0, 4.5 ],
									"rotationX": 11.0,
									"faces": {
										"east": { "texture": "#slipperyjack", "uv": [ 8.5, 5.5, 9.5, 6.5 ] },
										"south": { "texture": "#slipperyjack", "uv": [ 9.0, 6.5, 13.5, 7.5 ] },
										"west": { "texture": "#slipperyjack", "uv": [ 8.5, 5.0, 9.5, 6.0 ] },
										"up": { "texture": "#slipperyjack", "uv": [ 1.0, 6.0, 5.5, 7.0 ] },
										"down": { "texture": "#slipperyjack", "uv": [ 0.0, 14.0, 4.5, 15.0 ] }
									}
								},
								{
									"name": "Cube23",
									"from": [ -1.0, 0.0, 0.0 ],
									"to": [ 0.0, 1.0, 4.5 ],
									"rotationOrigin": [ 0.0, 1.0, 2.5 ],
									"rotationZ": 36.0,
									"faces": {
										"north": { "texture": "#slipperyjack", "uv": [ 6.0, 6.5, 7.0, 7.5 ] },
										"south": { "texture": "#slipperyjack", "uv": [ 8.0, 6.5, 9.0, 7.5 ] },
										"west": { "texture": "#slipperyjack", "uv": [ 11.5, 7.0, 16.0, 8.0 ] },
										"up": { "texture": "#slipperyjack", "uv": [ 8.5, 2.0, 9.5, 6.5 ] },
										"down": { "texture": "#slipperyjack", "uv": [ 3.0, 10.5, 4.0, 15.0 ] }
									}
								},
								{
									"name": "Cube24",
									"from": [ 4.5, 0.0, 0.0 ],
									"to": [ 5.5, 1.0, 4.5 ],
									"rotationOrigin": [ 4.5, 1.0, 2.5 ],
									"rotationZ": -36.0,
									"faces": {
										"north": { "texture": "#slipperyjack", "uv": [ 9.0, 6.5, 10.0, 7.5 ] },
										"east": { "texture": "#slipperyjack", "uv": [ 8.5, 7.0, 13.0, 8.0 ] },
										"south": { "texture": "#slipperyjack", "uv": [ 9.5, 2.5, 10.5, 3.5 ] },
										"up": { "texture": "#slipperyjack", "uv": [ 4.5, 1.5, 5.5, 6.0 ] },
										"down": { "texture": "#slipperyjack", "uv": [ 3.5, 10.0, 4.5, 14.5 ] }
									}
								}
							]
						},
						{
							"name": "stem3",
							"from": [ 0.0, 1.8, 0.0 ],
							"to": [ 1.5, 3.8, 1.5 ],
							"rotationOrigin": [ 0.7, 1.8, 0.7 ],
							"rotationX": 10.0,
							"rotationZ": 8.0,
							"faces": {
								"north": { "texture": "#slipperyjack", "uv": [ 12.0, 11.5, 13.5, 13.5 ] },
								"east": { "texture": "#slipperyjack", "uv": [ 12.0, 10.0, 13.5, 12.0 ] },
								"south": { "texture": "#slipperyjack", "uv": [ 12.0, 9.5, 13.5, 11.5 ] },
								"west": { "texture": "#slipperyjack", "uv": [ 11.0, 10.0, 12.5, 12.0 ] }
							}
						},
						{
							"name": "Cube2",
							"from": [ -0.2, 1.6, -0.1 ],
							"to": [ 1.7, 2.1, 1.8 ],
							"rotationOrigin": [ -1.2, 1.6, -0.1 ],
							"faces": {
								"north": { "texture": "#slipperyjack", "uv": [ 13.0, 15.5, 14.5, 16.0 ] },
								"east": { "texture": "#slipperyjack", "uv": [ 11.0, 14.0, 12.5, 14.5 ] },
								"south": { "texture": "#slipperyjack", "uv": [ 11.5, 15.0, 13.0, 15.5 ] },
								"west": { "texture": "#slipperyjack", "uv": [ 10.5, 14.5, 12.0, 15.0 ] },
								"up": { "texture": "#slipperyjack", "uv": [ 9.5, 14.0, 11.0, 15.5 ] },
								"down": { "texture": "#slipperyjack", "uv": [ 8.5, 13.5, 10.0, 15.0 ] }
							}
						}
					]
				}
			]
		}
	]}