{
	"editor": {
		"allAngles": false,
		"entityTextureMode": false
	},
	"textureWidth": 16,
	"textureHeight": 16,
	"textureSizes": {
	},
	"textures": {
		"orangeoakbolete": "game:block/plant/mushroom/orangeoakbolete/orangeoakbolete",
		"mycelium2": "game:block/plant/mushroom/mycelium2",
		"pores": "game:block/plant/mushroom/pores"
	},
	"elements": [
		{
			"name": "origin",
			"from": [ 8.0, 0.0, 8.0 ], 
			"to": [ 8.0, 0.0, 8.0 ], 
			"rotationOrigin": [ 8.0, 0.0, 8.0 ],
			"faces": {
				"north": { "texture": "#orangeoakbolete", "uv": [ 0.0, 0.0, 0.5, 0.5 ], "enabled": false },
				"east": { "texture": "#orangeoakbolete", "uv": [ 0.0, 0.0, 0.5, 0.5 ], "enabled": false },
				"south": { "texture": "#orangeoakbolete", "uv": [ 0.0, 0.0, 0.5, 0.5 ], "enabled": false },
				"west": { "texture": "#orangeoakbolete", "uv": [ 0.0, 0.0, 0.5, 0.5 ], "enabled": false },
				"up": { "texture": "#orangeoakbolete", "uv": [ 0.0, 0.0, 0.5, 0.5 ], "enabled": false },
				"down": { "texture": "#orangeoakbolete", "uv": [ 0.0, 0.0, 0.5, 0.5 ], "enabled": false }
			},
			"children": [
				{
					"name": "single voxel25",
					"from": [ 2.1, 0.0, 3.6 ], 
					"to": [ 3.1, 0.5, 4.6 ], 
					"rotationOrigin": [ 2.6, 0.0, 4.1 ],
					"rotationY": 22.5,
					"faces": {
						"north": { "texture": "#orangeoakbolete", "uv": [ 1.5, 10.5, 2.5, 11.0 ] },
						"east": { "texture": "#orangeoakbolete", "uv": [ 3.0, 10.5, 4.0, 11.0 ] },
						"south": { "texture": "#orangeoakbolete", "uv": [ 0.0, 10.5, 1.0, 11.0 ] },
						"west": { "texture": "#orangeoakbolete", "uv": [ 4.0, 14.0, 5.0, 14.5 ] },
						"up": { "texture": "#orangeoakbolete", "uv": [ 2.5, 11.0, 3.5, 12.0 ] },
						"down": { "texture": "#orangeoakbolete", "uv": [ 2.0, 10.5, 3.0, 11.5 ] }
					}
				},
				{
					"name": "tiny22",
					"from": [ 1.8, -0.1, -3.2 ], 
					"to": [ 2.8, 0.4, -2.2 ], 
					"rotationOrigin": [ 2.3, -0.1, -2.7 ],
					"rotationX": -3.0,
					"rotationY": -14.0,
					"rotationZ": -5.0,
					"faces": {
						"north": { "texture": "#orangeoakbolete", "uv": [ 3.0, 13.0, 4.0, 13.5 ] },
						"east": { "texture": "#orangeoakbolete", "uv": [ 7.0, 14.0, 8.0, 14.5 ] },
						"south": { "texture": "#orangeoakbolete", "uv": [ 8.0, 9.5, 9.0, 10.0 ] },
						"west": { "texture": "#orangeoakbolete", "uv": [ 9.0, 9.0, 10.0, 9.5 ] },
						"up": { "texture": "#orangeoakbolete", "uv": [ 4.0, 5.0, 5.0, 6.0 ], "enabled": false },
						"down": { "texture": "#orangeoakbolete", "uv": [ 2.0, 14.0, 3.0, 15.0 ] }
					},
					"children": [
						{
							"name": "Cube26",
							"from": [ -0.2, 0.5, -0.2 ], 
							"to": [ 1.3, 2.0, 1.3 ], 
							"faces": {
								"north": { "texture": "#orangeoakbolete", "uv": [ 2.5, 2.0, 4.0, 3.5 ] },
								"east": { "texture": "#orangeoakbolete", "uv": [ 5.5, 2.5, 7.0, 4.0 ] },
								"south": { "texture": "#orangeoakbolete", "uv": [ 1.5, 3.5, 3.0, 5.0 ] },
								"west": { "texture": "#orangeoakbolete", "uv": [ 4.5, 3.0, 6.0, 4.5 ] },
								"up": { "texture": "#orangeoakbolete", "uv": [ 4.5, 4.5, 6.0, 6.0 ] },
								"down": { "texture": "#pores", "uv": [ 1.0, 3.0, 2.5, 4.5 ] }
							}
						}
					]
				},
				{
					"name": "tiny20",
					"from": [ -3.5, 0.0, -2.6 ], 
					"to": [ -2.5, 0.5, -1.6 ], 
					"rotationOrigin": [ -3.0, 0.0, -2.1 ],
					"rotationX": -3.0,
					"rotationY": 45.0,
					"rotationZ": 5.0,
					"faces": {
						"north": { "texture": "#orangeoakbolete", "uv": [ 3.0, 13.0, 4.0, 13.5 ] },
						"east": { "texture": "#orangeoakbolete", "uv": [ 8.5, 12.5, 9.5, 13.0 ] },
						"south": { "texture": "#orangeoakbolete", "uv": [ 3.5, 9.0, 4.5, 9.5 ] },
						"west": { "texture": "#orangeoakbolete", "uv": [ 9.0, 9.0, 10.0, 9.5 ] },
						"up": { "texture": "#orangeoakbolete", "uv": [ 4.0, 5.0, 5.0, 6.0 ], "enabled": false },
						"down": { "texture": "#orangeoakbolete", "uv": [ 2.0, 14.0, 3.0, 15.0 ] }
					},
					"children": [
						{
							"name": "Cube21",
							"from": [ -0.2, 0.5, -0.2 ], 
							"to": [ 1.3, 1.5, 1.3 ], 
							"faces": {
								"north": { "texture": "#orangeoakbolete", "uv": [ 4.0, 5.5, 5.5, 6.5 ] },
								"east": { "texture": "#orangeoakbolete", "uv": [ 4.0, 3.5, 5.5, 4.5 ] },
								"south": { "texture": "#orangeoakbolete", "uv": [ 4.5, 4.5, 6.0, 5.5 ] },
								"west": { "texture": "#orangeoakbolete", "uv": [ 3.5, 6.5, 5.0, 7.5 ] },
								"up": { "texture": "#orangeoakbolete", "uv": [ 3.0, 5.0, 4.5, 6.5 ] },
								"down": { "texture": "#pores", "uv": [ 5.5, 2.5, 7.0, 4.0 ] }
							}
						}
					]
				},
				{
					"name": "tiny24",
					"from": [ 2.7, 0.0, 2.0 ], 
					"to": [ 4.2, 0.5, 3.5 ], 
					"rotationOrigin": [ 3.7, 0.0, 3.0 ],
					"rotationX": 1.0,
					"rotationY": -22.5,
					"rotationZ": 2.0,
					"faces": {
						"north": { "texture": "#orangeoakbolete", "uv": [ 3.0, 13.0, 4.5, 13.5 ] },
						"east": { "texture": "#orangeoakbolete", "uv": [ 7.0, 11.5, 8.5, 12.0 ] },
						"south": { "texture": "#orangeoakbolete", "uv": [ 4.0, 11.5, 5.5, 12.0 ] },
						"west": { "texture": "#orangeoakbolete", "uv": [ 2.5, 13.5, 4.0, 14.0 ] },
						"up": { "texture": "#orangeoakbolete", "uv": [ 4.0, 5.0, 5.5, 6.5 ], "enabled": false },
						"down": { "texture": "#orangeoakbolete", "uv": [ 2.0, 14.0, 3.5, 15.5 ] }
					},
					"children": [
						{
							"name": "Cube25",
							"from": [ -0.2, 0.5, -0.2 ], 
							"to": [ 1.8, 2.0, 1.8 ], 
							"faces": {
								"north": { "texture": "#orangeoakbolete", "uv": [ 4.0, 4.0, 6.0, 5.5 ] },
								"east": { "texture": "#orangeoakbolete", "uv": [ 3.0, 2.5, 5.0, 4.0 ] },
								"south": { "texture": "#orangeoakbolete", "uv": [ 3.5, 4.0, 5.5, 5.5 ] },
								"west": { "texture": "#orangeoakbolete", "uv": [ 5.0, 3.5, 7.0, 5.0 ] },
								"up": { "texture": "#orangeoakbolete", "uv": [ 4.0, 5.0, 6.0, 7.0 ] },
								"down": { "texture": "#pores", "uv": [ 2.5, 5.0, 4.5, 7.0 ] }
							}
						}
					]
				},
				{
					"name": "tiny21",
					"from": [ 0.9, 0.0, 0.6 ], 
					"to": [ 1.9, 0.5, 1.6 ], 
					"rotationOrigin": [ 1.4, 0.0, 1.1 ],
					"rotationX": 3.0,
					"rotationZ": 2.0,
					"faces": {
						"north": { "texture": "#orangeoakbolete", "uv": [ 3.0, 13.0, 4.0, 13.5 ] },
						"east": { "texture": "#orangeoakbolete", "uv": [ 4.5, 14.0, 5.5, 14.5 ] },
						"south": { "texture": "#orangeoakbolete", "uv": [ 3.0, 9.0, 4.0, 9.5 ] },
						"west": { "texture": "#orangeoakbolete", "uv": [ 5.5, 14.5, 6.5, 15.0 ] },
						"up": { "texture": "#orangeoakbolete", "uv": [ 4.0, 5.0, 5.0, 6.0 ], "enabled": false },
						"down": { "texture": "#orangeoakbolete", "uv": [ 2.0, 14.5, 3.0, 15.5 ] }
					},
					"children": [
						{
							"name": "Cube22",
							"from": [ -0.2, 0.5, -0.2 ], 
							"to": [ 1.3, 1.0, 1.3 ], 
							"faces": {
								"north": { "texture": "#orangeoakbolete", "uv": [ 4.5, 5.0, 6.0, 5.5 ] },
								"east": { "texture": "#orangeoakbolete", "uv": [ 5.0, 6.5, 6.5, 7.0 ] },
								"south": { "texture": "#orangeoakbolete", "uv": [ 5.0, 2.5, 6.5, 3.0 ] },
								"west": { "texture": "#orangeoakbolete", "uv": [ 2.5, 5.5, 4.0, 6.0 ] },
								"up": { "texture": "#orangeoakbolete", "uv": [ 4.0, 5.0, 5.5, 6.5 ] },
								"down": { "texture": "#pores", "uv": [ 6.0, 4.0, 7.5, 5.5 ] }
							}
						}
					]
				},
				{
					"name": "large",
					"from": [ -1.0, 0.0, -2.4 ], 
					"to": [ 1.5, 4.0, 0.1 ], 
					"rotationOrigin": [ 0.0, 0.0, -1.4 ],
					"rotationX": -3.0,
					"rotationY": 23.0,
					"rotationZ": -2.0,
					"faces": {
						"north": { "texture": "#orangeoakbolete", "uv": [ 6.0, 10.5, 8.5, 14.5 ] },
						"east": { "texture": "#orangeoakbolete", "uv": [ 10.5, 10.0, 13.0, 14.0 ] },
						"south": { "texture": "#orangeoakbolete", "uv": [ 5.0, 12.0, 7.5, 16.0 ] },
						"west": { "texture": "#orangeoakbolete", "uv": [ 1.5, 11.0, 4.0, 15.0 ] },
						"up": { "texture": "#orangeoakbolete", "uv": [ 11.0, 0.0, 13.5, 2.5 ], "enabled": false },
						"down": { "texture": "#orangeoakbolete", "uv": [ 5.5, 11.0, 8.0, 13.5 ] }
					},
					"children": [
						{
							"name": "Cube16",
							"from": [ -1.2, 4.0, -1.2 ], 
							"to": [ 3.8, 6.0, 3.8 ], 
							"faces": {
								"north": { "texture": "#orangeoakbolete", "uv": [ 1.0, 5.5, 6.0, 7.5 ] },
								"east": { "texture": "#orangeoakbolete", "uv": [ 2.0, 2.0, 7.0, 4.0 ] },
								"south": { "texture": "#orangeoakbolete", "uv": [ 1.5, 4.0, 6.5, 6.0 ] },
								"west": { "texture": "#orangeoakbolete", "uv": [ 3.5, 4.5, 8.5, 6.5 ] },
								"up": { "texture": "#orangeoakbolete", "uv": [ 2.0, 3.0, 7.0, 8.0 ] },
								"down": { "texture": "#pores", "uv": [ 2.0, 2.0, 7.0, 7.0 ] }
							},
							"children": [
								{
									"name": "Cube23",
									"from": [ 0.5, 2.0, 0.5 ], 
									"to": [ 4.5, 2.5, 4.5 ], 
									"rotationOrigin": [ -4.0, 0.0, -4.0 ],
									"faces": {
										"north": { "texture": "#orangeoakbolete", "uv": [ 0.5, 6.0, 4.5, 6.5 ] },
										"east": { "texture": "#orangeoakbolete", "uv": [ 2.0, 4.5, 6.0, 5.0 ] },
										"south": { "texture": "#orangeoakbolete", "uv": [ 3.0, 5.0, 7.0, 5.5 ] },
										"west": { "texture": "#orangeoakbolete", "uv": [ 2.5, 7.0, 6.5, 7.5 ] },
										"up": { "texture": "#orangeoakbolete", "uv": [ 1.5, 1.0, 5.5, 5.0 ] },
										"down": { "texture": "#orangeoakbolete", "uv": [ 7.0, 12.0, 11.0, 16.0 ], "enabled": false }
									},
									"children": [
										{
											"name": "Cube24",
											"from": [ 1.0, 0.5, 1.0 ], 
											"to": [ 3.0, 1.0, 3.0 ], 
											"rotationOrigin": [ 4.0, 0.0, 4.0 ],
											"faces": {
												"north": { "texture": "#orangeoakbolete", "uv": [ 4.5, 4.5, 6.5, 5.0 ] },
												"east": { "texture": "#orangeoakbolete", "uv": [ 2.5, 4.5, 4.5, 5.0 ] },
												"south": { "texture": "#orangeoakbolete", "uv": [ 5.0, 2.5, 7.0, 3.0 ] },
												"west": { "texture": "#orangeoakbolete", "uv": [ 2.5, 6.5, 4.5, 7.0 ] },
												"up": { "texture": "#orangeoakbolete", "uv": [ 2.0, 3.0, 4.0, 5.0 ] },
												"down": { "texture": "#orangeoakbolete", "uv": [ 0.0, 0.0, 2.0, 2.0 ], "enabled": false }
											}
										}
									]
								}
							]
						}
					]
				},
				{
					"name": "medium",
					"from": [ -3.2, 0.0, 0.3 ], 
					"to": [ -1.2, 1.0, 2.3 ], 
					"rotationOrigin": [ -2.2, 0.0, 1.3 ],
					"rotationX": -4.0,
					"rotationY": -20.0,
					"rotationZ": -2.0,
					"faces": {
						"north": { "texture": "#orangeoakbolete", "uv": [ 3.0, 13.0, 5.0, 14.0 ] },
						"east": { "texture": "#orangeoakbolete", "uv": [ 5.0, 12.5, 7.0, 13.5 ] },
						"south": { "texture": "#orangeoakbolete", "uv": [ 4.0, 13.0, 6.0, 14.0 ] },
						"west": { "texture": "#orangeoakbolete", "uv": [ 3.0, 14.5, 5.0, 15.5 ] },
						"up": { "texture": "#orangeoakbolete", "uv": [ 4.0, 5.0, 6.0, 7.0 ], "enabled": false },
						"down": { "texture": "#orangeoakbolete", "uv": [ 3.5, 13.0, 5.5, 15.0 ] }
					},
					"children": [
						{
							"name": "Cube2",
							"from": [ -0.5, 1.0, -0.5 ], 
							"to": [ 2.5, 2.5, 2.5 ], 
							"faces": {
								"north": { "texture": "#orangeoakbolete", "uv": [ 12.5, 4.5, 15.5, 6.0 ] },
								"east": { "texture": "#orangeoakbolete", "uv": [ 10.0, 4.0, 13.0, 5.5 ] },
								"south": { "texture": "#orangeoakbolete", "uv": [ 10.5, 5.0, 13.5, 6.5 ] },
								"west": { "texture": "#orangeoakbolete", "uv": [ 10.0, 3.5, 13.0, 5.0 ] },
								"up": { "texture": "#orangeoakbolete", "uv": [ 10.0, 2.0, 13.0, 5.0 ] },
								"down": { "texture": "#pores", "uv": [ 4.0, 2.0, 7.0, 5.0 ] }
							},
							"children": [
								{
									"name": "Cube3",
									"from": [ 0.5, 1.5, 0.5 ], 
									"to": [ 2.5, 2.0, 2.5 ], 
									"faces": {
										"north": { "texture": "#orangeoakbolete", "uv": [ 10.0, 3.5, 12.0, 4.0 ] },
										"east": { "texture": "#orangeoakbolete", "uv": [ 11.0, 4.5, 13.0, 5.0 ] },
										"south": { "texture": "#orangeoakbolete", "uv": [ 12.5, 3.0, 14.5, 3.5 ] },
										"west": { "texture": "#orangeoakbolete", "uv": [ 11.0, 4.0, 13.0, 4.5 ] },
										"up": { "texture": "#orangeoakbolete", "uv": [ 11.0, 3.0, 13.0, 5.0 ] },
										"down": { "texture": "#orangeoakbolete", "uv": [ 0.0, 0.0, 2.0, 2.0 ], "enabled": false }
									}
								}
							]
						}
					]
				},
				{
					"name": "mycelium",
					"from": [ -5.0, 0.1, -5.0 ], 
					"to": [ 5.0, 0.1, 5.0 ], 
					"rotationOrigin": [ 0.0, 0.1, 0.0 ],
					"faces": {
						"north": { "texture": "#orangeoakbolete", "uv": [ 0.0, 0.0, 10.0, 0.5 ], "enabled": false },
						"east": { "texture": "#orangeoakbolete", "uv": [ 0.0, 0.0, 10.0, 0.5 ], "enabled": false },
						"south": { "texture": "#orangeoakbolete", "uv": [ 0.0, 0.0, 10.0, 0.5 ], "enabled": false },
						"west": { "texture": "#orangeoakbolete", "uv": [ 0.0, 0.0, 10.0, 0.5 ], "enabled": false },
						"up": { "texture": "#mycelium2", "uv": [ 3.0, 3.0, 13.0, 13.0 ] },
						"down": { "texture": "#orangeoakbolete", "uv": [ 0.0, 0.0, 10.0, 10.0 ], "enabled": false }
					}
				}
			]
		},
		{
			"name": "origin19",
			"from": [ 24.0, 0.0, 8.0 ], 
			"to": [ 24.0, 0.0, 8.0 ], 
			"rotationOrigin": [ 24.0, 0.0, 8.0 ],
			"rotationY": -180.0,
			"faces": {
				"north": { "texture": "#orangeoakbolete", "uv": [ 0.0, 0.0, 0.5, 0.5 ], "enabled": false },
				"east": { "texture": "#orangeoakbolete", "uv": [ 0.0, 0.0, 0.5, 0.5 ], "enabled": false },
				"south": { "texture": "#orangeoakbolete", "uv": [ 0.0, 0.0, 0.5, 0.5 ], "enabled": false },
				"west": { "texture": "#orangeoakbolete", "uv": [ 0.0, 0.0, 0.5, 0.5 ], "enabled": false },
				"up": { "texture": "#orangeoakbolete", "uv": [ 0.0, 0.0, 0.5, 0.5 ], "enabled": false },
				"down": { "texture": "#orangeoakbolete", "uv": [ 0.0, 0.0, 0.5, 0.5 ], "enabled": false }
			},
			"children": [
				{
					"name": "single voxel20",
					"from": [ 2.1, 0.0, 3.6 ], 
					"to": [ 3.1, 0.5, 4.6 ], 
					"rotationOrigin": [ 2.6, 0.0, 4.1 ],
					"rotationY": 22.5,
					"faces": {
						"north": { "texture": "#orangeoakbolete", "uv": [ 1.5, 10.5, 2.5, 11.0 ] },
						"east": { "texture": "#orangeoakbolete", "uv": [ 3.0, 10.5, 4.0, 11.0 ] },
						"south": { "texture": "#orangeoakbolete", "uv": [ 0.0, 10.5, 1.0, 11.0 ] },
						"west": { "texture": "#orangeoakbolete", "uv": [ 4.0, 14.0, 5.0, 14.5 ] },
						"up": { "texture": "#orangeoakbolete", "uv": [ 2.5, 11.0, 3.5, 12.0 ] },
						"down": { "texture": "#orangeoakbolete", "uv": [ 2.0, 10.5, 3.0, 11.5 ] }
					}
				},
				{
					"name": "tiny23",
					"from": [ 1.8, -0.1, -3.2 ], 
					"to": [ 2.8, 0.4, -2.2 ], 
					"rotationOrigin": [ 2.3, -0.1, -2.7 ],
					"rotationX": -3.0,
					"rotationY": -14.0,
					"rotationZ": -5.0,
					"faces": {
						"north": { "texture": "#orangeoakbolete", "uv": [ 3.0, 13.0, 4.0, 13.5 ] },
						"east": { "texture": "#orangeoakbolete", "uv": [ 7.0, 14.0, 8.0, 14.5 ] },
						"south": { "texture": "#orangeoakbolete", "uv": [ 8.0, 9.5, 9.0, 10.0 ] },
						"west": { "texture": "#orangeoakbolete", "uv": [ 9.0, 9.0, 10.0, 9.5 ] },
						"up": { "texture": "#orangeoakbolete", "uv": [ 4.0, 5.0, 5.0, 6.0 ], "enabled": false },
						"down": { "texture": "#orangeoakbolete", "uv": [ 2.0, 14.0, 3.0, 15.0 ] }
					},
					"children": [
						{
							"name": "Cube27",
							"from": [ -0.2, 0.5, -0.2 ], 
							"to": [ 1.3, 2.0, 1.3 ], 
							"faces": {
								"north": { "texture": "#orangeoakbolete", "uv": [ 2.5, 2.0, 4.0, 3.5 ] },
								"east": { "texture": "#orangeoakbolete", "uv": [ 5.5, 2.5, 7.0, 4.0 ] },
								"south": { "texture": "#orangeoakbolete", "uv": [ 1.5, 3.5, 3.0, 5.0 ] },
								"west": { "texture": "#orangeoakbolete", "uv": [ 4.5, 3.0, 6.0, 4.5 ] },
								"up": { "texture": "#orangeoakbolete", "uv": [ 4.5, 4.5, 6.0, 6.0 ] },
								"down": { "texture": "#pores", "uv": [ 1.0, 3.0, 2.5, 4.5 ] }
							}
						}
					]
				},
				{
					"name": "tiny23",
					"from": [ -3.5, 0.0, -2.6 ], 
					"to": [ -2.5, 0.5, -1.6 ], 
					"rotationOrigin": [ -3.0, 0.0, -2.1 ],
					"rotationX": -3.0,
					"rotationY": 45.0,
					"rotationZ": 5.0,
					"faces": {
						"north": { "texture": "#orangeoakbolete", "uv": [ 3.0, 13.0, 4.0, 13.5 ] },
						"east": { "texture": "#orangeoakbolete", "uv": [ 8.5, 12.5, 9.5, 13.0 ] },
						"south": { "texture": "#orangeoakbolete", "uv": [ 3.5, 9.0, 4.5, 9.5 ] },
						"west": { "texture": "#orangeoakbolete", "uv": [ 9.0, 9.0, 10.0, 9.5 ] },
						"up": { "texture": "#orangeoakbolete", "uv": [ 4.0, 5.0, 5.0, 6.0 ], "enabled": false },
						"down": { "texture": "#orangeoakbolete", "uv": [ 2.0, 14.0, 3.0, 15.0 ] }
					},
					"children": [
						{
							"name": "Cube27",
							"from": [ -0.2, 0.5, -0.2 ], 
							"to": [ 1.3, 1.5, 1.3 ], 
							"faces": {
								"north": { "texture": "#orangeoakbolete", "uv": [ 4.0, 5.5, 5.5, 6.5 ] },
								"east": { "texture": "#orangeoakbolete", "uv": [ 4.0, 3.5, 5.5, 4.5 ] },
								"south": { "texture": "#orangeoakbolete", "uv": [ 4.5, 4.5, 6.0, 5.5 ] },
								"west": { "texture": "#orangeoakbolete", "uv": [ 3.5, 6.5, 5.0, 7.5 ] },
								"up": { "texture": "#orangeoakbolete", "uv": [ 3.0, 5.0, 4.5, 6.5 ] },
								"down": { "texture": "#pores", "uv": [ 5.5, 2.5, 7.0, 4.0 ] }
							}
						}
					]
				},
				{
					"name": "tiny25",
					"from": [ 2.7, 0.0, 2.0 ], 
					"to": [ 4.2, 0.5, 3.5 ], 
					"rotationOrigin": [ 3.7, 0.0, 3.0 ],
					"rotationX": 1.0,
					"rotationY": -22.5,
					"rotationZ": 2.0,
					"faces": {
						"north": { "texture": "#orangeoakbolete", "uv": [ 3.0, 13.0, 4.5, 13.5 ] },
						"east": { "texture": "#orangeoakbolete", "uv": [ 7.0, 11.5, 8.5, 12.0 ] },
						"south": { "texture": "#orangeoakbolete", "uv": [ 4.0, 11.5, 5.5, 12.0 ] },
						"west": { "texture": "#orangeoakbolete", "uv": [ 2.5, 13.5, 4.0, 14.0 ] },
						"up": { "texture": "#orangeoakbolete", "uv": [ 4.0, 5.0, 5.5, 6.5 ], "enabled": false },
						"down": { "texture": "#orangeoakbolete", "uv": [ 2.0, 14.0, 3.5, 15.5 ] }
					},
					"children": [
						{
							"name": "Cube27",
							"from": [ -0.2, 0.5, -0.2 ], 
							"to": [ 1.8, 2.0, 1.8 ], 
							"faces": {
								"north": { "texture": "#orangeoakbolete", "uv": [ 4.0, 4.0, 6.0, 5.5 ] },
								"east": { "texture": "#orangeoakbolete", "uv": [ 3.0, 2.5, 5.0, 4.0 ] },
								"south": { "texture": "#orangeoakbolete", "uv": [ 3.5, 4.0, 5.5, 5.5 ] },
								"west": { "texture": "#orangeoakbolete", "uv": [ 5.0, 3.5, 7.0, 5.0 ] },
								"up": { "texture": "#orangeoakbolete", "uv": [ 4.0, 5.0, 6.0, 7.0 ] },
								"down": { "texture": "#pores", "uv": [ 2.5, 5.0, 4.5, 7.0 ] }
							}
						}
					]
				},
				{
					"name": "tiny27",
					"from": [ 0.9, 0.0, 0.6 ], 
					"to": [ 1.9, 0.5, 1.6 ], 
					"rotationOrigin": [ 1.4, 0.0, 1.1 ],
					"rotationX": 3.0,
					"rotationZ": 2.0,
					"faces": {
						"north": { "texture": "#orangeoakbolete", "uv": [ 3.0, 13.0, 4.0, 13.5 ] },
						"east": { "texture": "#orangeoakbolete", "uv": [ 4.5, 14.0, 5.5, 14.5 ] },
						"south": { "texture": "#orangeoakbolete", "uv": [ 3.0, 9.0, 4.0, 9.5 ] },
						"west": { "texture": "#orangeoakbolete", "uv": [ 5.5, 14.5, 6.5, 15.0 ] },
						"up": { "texture": "#orangeoakbolete", "uv": [ 4.0, 5.0, 5.0, 6.0 ], "enabled": false },
						"down": { "texture": "#orangeoakbolete", "uv": [ 2.0, 14.5, 3.0, 15.5 ] }
					},
					"children": [
						{
							"name": "Cube28",
							"from": [ -0.2, 0.5, -0.2 ], 
							"to": [ 1.3, 1.0, 1.3 ], 
							"faces": {
								"north": { "texture": "#orangeoakbolete", "uv": [ 4.5, 5.0, 6.0, 5.5 ] },
								"east": { "texture": "#orangeoakbolete", "uv": [ 5.0, 6.5, 6.5, 7.0 ] },
								"south": { "texture": "#orangeoakbolete", "uv": [ 5.0, 2.5, 6.5, 3.0 ] },
								"west": { "texture": "#orangeoakbolete", "uv": [ 2.5, 5.5, 4.0, 6.0 ] },
								"up": { "texture": "#orangeoakbolete", "uv": [ 4.0, 5.0, 5.5, 6.5 ] },
								"down": { "texture": "#pores", "uv": [ 6.0, 4.0, 7.5, 5.5 ] }
							}
						}
					]
				},
				{
					"name": "large29",
					"from": [ -1.0, 0.0, -2.4 ], 
					"to": [ 1.5, 4.0, 0.1 ], 
					"rotationOrigin": [ 0.0, 0.0, -1.4 ],
					"rotationX": -3.0,
					"rotationY": 23.0,
					"rotationZ": -2.0,
					"faces": {
						"north": { "texture": "#orangeoakbolete", "uv": [ 6.0, 10.5, 8.5, 14.5 ] },
						"east": { "texture": "#orangeoakbolete", "uv": [ 10.5, 10.0, 13.0, 14.0 ] },
						"south": { "texture": "#orangeoakbolete", "uv": [ 5.0, 12.0, 7.5, 16.0 ] },
						"west": { "texture": "#orangeoakbolete", "uv": [ 1.5, 11.0, 4.0, 15.0 ] },
						"up": { "texture": "#orangeoakbolete", "uv": [ 11.0, 0.0, 13.5, 2.5 ], "enabled": false },
						"down": { "texture": "#orangeoakbolete", "uv": [ 5.5, 11.0, 8.0, 13.5 ] }
					},
					"children": [
						{
							"name": "Cube30",
							"from": [ -1.2, 4.0, -1.2 ], 
							"to": [ 3.8, 6.0, 3.8 ], 
							"faces": {
								"north": { "texture": "#orangeoakbolete", "uv": [ 1.0, 5.5, 6.0, 7.5 ] },
								"east": { "texture": "#orangeoakbolete", "uv": [ 2.0, 2.0, 7.0, 4.0 ] },
								"south": { "texture": "#orangeoakbolete", "uv": [ 1.5, 4.0, 6.5, 6.0 ] },
								"west": { "texture": "#orangeoakbolete", "uv": [ 3.5, 4.5, 8.5, 6.5 ] },
								"up": { "texture": "#orangeoakbolete", "uv": [ 2.0, 3.0, 7.0, 8.0 ] },
								"down": { "texture": "#pores", "uv": [ 2.0, 2.0, 7.0, 7.0 ] }
							},
							"children": [
								{
									"name": "Cube31",
									"from": [ 0.5, 2.0, 0.5 ], 
									"to": [ 4.5, 2.5, 4.5 ], 
									"rotationOrigin": [ -4.0, 0.0, -4.0 ],
									"faces": {
										"north": { "texture": "#orangeoakbolete", "uv": [ 0.5, 6.0, 4.5, 6.5 ] },
										"east": { "texture": "#orangeoakbolete", "uv": [ 2.0, 4.5, 6.0, 5.0 ] },
										"south": { "texture": "#orangeoakbolete", "uv": [ 3.0, 5.0, 7.0, 5.5 ] },
										"west": { "texture": "#orangeoakbolete", "uv": [ 2.5, 7.0, 6.5, 7.5 ] },
										"up": { "texture": "#orangeoakbolete", "uv": [ 1.5, 1.0, 5.5, 5.0 ] },
										"down": { "texture": "#orangeoakbolete", "uv": [ 7.0, 12.0, 11.0, 16.0 ], "enabled": false }
									},
									"children": [
										{
											"name": "Cube32",
											"from": [ 1.0, 0.5, 1.0 ], 
											"to": [ 3.0, 1.0, 3.0 ], 
											"rotationOrigin": [ 4.0, 0.0, 4.0 ],
											"faces": {
												"north": { "texture": "#orangeoakbolete", "uv": [ 4.5, 4.5, 6.5, 5.0 ] },
												"east": { "texture": "#orangeoakbolete", "uv": [ 2.5, 4.5, 4.5, 5.0 ] },
												"south": { "texture": "#orangeoakbolete", "uv": [ 5.0, 2.5, 7.0, 3.0 ] },
												"west": { "texture": "#orangeoakbolete", "uv": [ 2.5, 6.5, 4.5, 7.0 ] },
												"up": { "texture": "#orangeoakbolete", "uv": [ 2.0, 3.0, 4.0, 5.0 ] },
												"down": { "texture": "#orangeoakbolete", "uv": [ 0.0, 0.0, 2.0, 2.0 ], "enabled": false }
											}
										}
									]
								}
							]
						}
					]
				},
				{
					"name": "medium33",
					"from": [ -3.2, 0.0, 0.3 ], 
					"to": [ -1.2, 1.0, 2.3 ], 
					"rotationOrigin": [ -2.2, 0.0, 1.3 ],
					"rotationX": -4.0,
					"rotationY": -20.0,
					"rotationZ": -2.0,
					"faces": {
						"north": { "texture": "#orangeoakbolete", "uv": [ 3.0, 13.0, 5.0, 14.0 ] },
						"east": { "texture": "#orangeoakbolete", "uv": [ 5.0, 12.5, 7.0, 13.5 ] },
						"south": { "texture": "#orangeoakbolete", "uv": [ 4.0, 13.0, 6.0, 14.0 ] },
						"west": { "texture": "#orangeoakbolete", "uv": [ 3.0, 14.5, 5.0, 15.5 ] },
						"up": { "texture": "#orangeoakbolete", "uv": [ 4.0, 5.0, 6.0, 7.0 ], "enabled": false },
						"down": { "texture": "#orangeoakbolete", "uv": [ 3.5, 13.0, 5.5, 15.0 ] }
					},
					"children": [
						{
							"name": "Cube34",
							"from": [ -0.5, 1.0, -0.5 ], 
							"to": [ 2.5, 2.5, 2.5 ], 
							"faces": {
								"north": { "texture": "#orangeoakbolete", "uv": [ 12.5, 4.5, 15.5, 6.0 ] },
								"east": { "texture": "#orangeoakbolete", "uv": [ 10.0, 4.0, 13.0, 5.5 ] },
								"south": { "texture": "#orangeoakbolete", "uv": [ 10.5, 5.0, 13.5, 6.5 ] },
								"west": { "texture": "#orangeoakbolete", "uv": [ 10.0, 3.5, 13.0, 5.0 ] },
								"up": { "texture": "#orangeoakbolete", "uv": [ 10.0, 2.0, 13.0, 5.0 ] },
								"down": { "texture": "#pores", "uv": [ 4.0, 2.0, 7.0, 5.0 ] }
							},
							"children": [
								{
									"name": "Cube35",
									"from": [ 0.5, 1.5, 0.5 ], 
									"to": [ 2.5, 2.0, 2.5 ], 
									"faces": {
										"north": { "texture": "#orangeoakbolete", "uv": [ 10.0, 3.5, 12.0, 4.0 ] },
										"east": { "texture": "#orangeoakbolete", "uv": [ 11.0, 4.5, 13.0, 5.0 ] },
										"south": { "texture": "#orangeoakbolete", "uv": [ 12.5, 3.0, 14.5, 3.5 ] },
										"west": { "texture": "#orangeoakbolete", "uv": [ 11.0, 4.0, 13.0, 4.5 ] },
										"up": { "texture": "#orangeoakbolete", "uv": [ 11.0, 3.0, 13.0, 5.0 ] },
										"down": { "texture": "#orangeoakbolete", "uv": [ 0.0, 0.0, 2.0, 2.0 ], "enabled": false }
									}
								}
							]
						}
					]
				},
				{
					"name": "mycelium36",
					"from": [ -5.0, 0.1, -5.0 ], 
					"to": [ 5.0, 0.1, 5.0 ], 
					"rotationOrigin": [ 0.0, 0.1, 0.0 ],
					"faces": {
						"north": { "texture": "#orangeoakbolete", "uv": [ 0.0, 0.0, 10.0, 0.5 ], "enabled": false },
						"east": { "texture": "#orangeoakbolete", "uv": [ 0.0, 0.0, 10.0, 0.5 ], "enabled": false },
						"south": { "texture": "#orangeoakbolete", "uv": [ 0.0, 0.0, 10.0, 0.5 ], "enabled": false },
						"west": { "texture": "#orangeoakbolete", "uv": [ 0.0, 0.0, 10.0, 0.5 ], "enabled": false },
						"up": { "texture": "#mycelium2", "uv": [ 3.0, 3.0, 13.0, 13.0 ] },
						"down": { "texture": "#orangeoakbolete", "uv": [ 0.0, 0.0, 10.0, 10.0 ], "enabled": false }
					}
				}
			]
		}
	]}