{
	code: "vegetable",
	maxstacksize: 64,
	attributesByType: {
		"atwatersedge:*-cookedhalvedcattailroot": {},
		"atwatersedge:*-cookedhalvedpapyrusroot": {},
	},
	variantgroups: [
		{ code: "type", states: ["cookedhalvedcattailroot"]},
	],
	texturebytype: {
		"*": {  base: "atwatersedge:items/resource/cookedhalvedcattailroot" }
	},
	creativeinventory: { "general": ["*"], "items": ["*"] },
	nutritionPropsByType: {
		"*": { satiety: 50, foodcategory: "Vegetable" },
	},
	transitionablePropsByType: {
		"*": [{
			type: "Perish",
			freshHours: { avg: 48 },
			transitionHours: { avg: 18 },
			transitionedStack: { type: "item", code: "game:rot" },
			transitionRatio: 0.25
		}]
	},
	materialDensity: 600,
	guiTransform: {
		translation: { x: -4, y: 0, z: 0 },
		rotation: { x: -5, y: 164, z: 95 },
		origin: { x: 0.5299, y: 0.43, z: 0.55 },
		scale: 1.5
	},
	fpHandTransformByType: {
		"*": {
			translation: { x: 0.15, y: -0.2, z: 0 },
			rotation: { x: 155, y: -87, z: -30 },
			scale: 1
		}
	},
		groundTransformByType: {
		"*-cookedhalvedcattailroot": {
			scale: 2
		}
	}
}
	
