{
	"editor": {
		"allAngles": true,
		"entityTextureMode": false
	},
	"textureWidth": 16,
	"textureHeight": 16,
	"textureSizes": {
	},
	"textures": {
		"slipperyjack": "mycodiversity:block/plant/mushroom/slipperyjack/slipperyjack"
	},
	"elements": [
		{
			"name": "origin",
			"from": [ 8.0, 0.0, 8.0 ],
			"to": [ 8.0, 0.0, 8.0 ],
			"rotationOrigin": [ 8.0, 0.0, 8.0 ],
			"faces": {
			},
			"children": [
				{
					"name": "tiny20",
					"from": [ 2.0, 0.0, 2.0 ],
					"to": [ 3.0, 0.5, 3.0 ],
					"rotationOrigin": [ 2.5, 0.0, 2.5 ],
					"rotationY": -39.0,
					"faces": {
						"north": { "texture": "#slipperyjack", "uv": [ 12.5, 12.5, 13.5, 13.0 ] },
						"east": { "texture": "#slipperyjack", "uv": [ 11.0, 13.0, 12.0, 13.5 ] },
						"south": { "texture": "#slipperyjack", "uv": [ 12.0, 9.5, 13.0, 10.0 ] },
						"west": { "texture": "#slipperyjack", "uv": [ 9.0, 9.0, 10.0, 9.5 ] },
						"down": { "texture": "#slipperyjack", "uv": [ 13.0, 9.5, 14.0, 10.5 ] }
					},
					"children": [
						{
							"name": "cap6",
							"from": [ -0.2, 0.4, -0.3 ],
							"to": [ 1.3, 0.9, 1.2 ],
							"rotationOrigin": [ 0.5, 0.4, 0.4 ],
							"rotationX": 5.0,
							"rotationZ": 3.0,
							"faces": {
								"north": { "texture": "#slipperyjack", "uv": [ 4.0, 3.5, 5.5, 4.0 ] },
								"east": { "texture": "#slipperyjack", "uv": [ 3.0, 2.5, 4.5, 3.0 ] },
								"south": { "texture": "#slipperyjack", "uv": [ 5.0, 4.0, 6.5, 4.5 ] },
								"west": { "texture": "#slipperyjack", "uv": [ 3.0, 5.0, 4.5, 5.5 ] },
								"up": { "texture": "#slipperyjack", "uv": [ 11.0, 2.5, 12.5, 4.0 ] },
								"down": { "texture": "#slipperyjack", "uv": [ 1.0, 10.0, 2.5, 11.5 ] }
							}
						}
					]
				},
				{
					"name": "tiny",
					"from": [ 2.0, 0.0, -1.5001 ],
					"to": [ 3.0, 1.0, -0.5001 ],
					"rotationOrigin": [ 2.0, 0.0, -1.0001 ],
					"rotationY": 34.0,
					"faces": {
						"north": { "texture": "#slipperyjack", "uv": [ 12.0, 12.0, 13.0, 13.0 ] },
						"east": { "texture": "#slipperyjack", "uv": [ 12.5, 13.5, 13.5, 14.5 ] },
						"south": { "texture": "#slipperyjack", "uv": [ 12.0, 12.0, 13.0, 13.0 ] },
						"west": { "texture": "#slipperyjack", "uv": [ 12.0, 13.5, 13.0, 14.5 ] },
						"down": { "texture": "#slipperyjack", "uv": [ 12.0, 12.5, 13.0, 13.5 ] }
					},
					"children": [
						{
							"name": "cap2",
							"from": [ -0.5, 0.8, -0.5 ],
							"to": [ 1.5, 1.3, 1.5 ],
							"rotationOrigin": [ 0.5, 0.8, 0.5 ],
							"rotationX": 6.0,
							"rotationZ": -19.0,
							"faces": {
								"north": { "texture": "#slipperyjack", "uv": [ 7.0, 3.5, 9.0, 4.0 ] },
								"east": { "texture": "#slipperyjack", "uv": [ 3.0, 6.0, 5.0, 6.5 ] },
								"south": { "texture": "#slipperyjack", "uv": [ 2.0, 5.5, 4.0, 6.0 ] },
								"west": { "texture": "#slipperyjack", "uv": [ 9.0, 6.5, 11.0, 7.0 ] },
								"up": { "texture": "#slipperyjack", "uv": [ 9.5, 3.0, 11.5, 5.0 ] },
								"down": { "texture": "#slipperyjack", "uv": [ 1.0, 9.0, 3.0, 11.0 ] }
							}
						}
					]
				},
				{
					"name": "large",
					"from": [ -2.28, 0.0, -1.66 ],
					"to": [ -0.78, 2.0, -0.16 ],
					"rotationOrigin": [ -1.5825, 0.0, -0.9588 ],
					"rotationY": 24.0,
					"faces": {
						"north": { "texture": "#slipperyjack", "uv": [ 11.5, 13.0, 13.0, 15.0 ] },
						"east": { "texture": "#slipperyjack", "uv": [ 11.5, 13.0, 13.0, 15.0 ] },
						"south": { "texture": "#slipperyjack", "uv": [ 12.0, 12.5, 13.5, 14.5 ] },
						"west": { "texture": "#slipperyjack", "uv": [ 9.5, 12.0, 11.0, 14.0 ] },
						"down": { "texture": "#slipperyjack", "uv": [ 11.5, 13.0, 13.0, 14.5 ] }
					},
					"children": [
						{
							"name": "cap4",
							"from": [ -1.8, 3.5, -1.0 ],
							"to": [ 2.7, 4.5, 3.5 ],
							"rotationOrigin": [ 0.3, 3.5, 1.3 ],
							"rotationX": 19.0,
							"rotationZ": 8.0,
							"faces": {
								"up": { "texture": "#slipperyjack", "uv": [ 0.5, 1.0, 5.0, 5.5 ] },
								"down": { "texture": "#slipperyjack", "uv": [ 3.0, 8.5, 7.5, 13.0 ] }
							},
							"children": [
								{
									"name": "Cube1",
									"from": [ 0.0, 0.0, -1.0 ],
									"to": [ 4.5, 1.0, 0.0 ],
									"rotationOrigin": [ 2.0, 1.0, 0.0 ],
									"rotationX": -19.0,
									"faces": {
										"north": { "texture": "#slipperyjack", "uv": [ 3.5, 5.0, 8.0, 6.0 ] },
										"east": { "texture": "#slipperyjack", "uv": [ 5.0, 5.5, 6.0, 6.5 ] },
										"west": { "texture": "#slipperyjack", "uv": [ 6.0, 6.5, 7.0, 7.5 ] },
										"up": { "texture": "#slipperyjack", "uv": [ 3.0, 2.5, 7.5, 3.5 ] },
										"down": { "texture": "#slipperyjack", "uv": [ 2.0, 13.5, 6.5, 14.5 ] }
									}
								},
								{
									"name": "Cube22",
									"from": [ 0.0, 0.0, 4.5 ],
									"to": [ 4.5, 1.0, 5.5 ],
									"rotationOrigin": [ 2.0, 1.0, 4.5 ],
									"rotationX": 11.0,
									"faces": {
										"east": { "texture": "#slipperyjack", "uv": [ 5.0, 5.5, 6.0, 6.5 ] },
										"south": { "texture": "#slipperyjack", "uv": [ 0.5, 2.0, 5.0, 3.0 ] },
										"west": { "texture": "#slipperyjack", "uv": [ 6.0, 6.5, 7.0, 7.5 ] },
										"up": { "texture": "#slipperyjack", "uv": [ 4.5, 3.5, 9.0, 4.5 ] },
										"down": { "texture": "#slipperyjack", "uv": [ 1.5, 13.5, 6.0, 14.5 ] }
									}
								},
								{
									"name": "Cube23",
									"from": [ -1.0, 0.0, 0.0 ],
									"to": [ 0.0, 1.0, 4.5 ],
									"rotationOrigin": [ 0.0, 1.0, 2.5 ],
									"rotationZ": 36.0,
									"faces": {
										"north": { "texture": "#slipperyjack", "uv": [ 0.0, 0.0, 1.0, 1.0 ] },
										"south": { "texture": "#slipperyjack", "uv": [ 0.0, 0.0, 1.0, 1.0 ] },
										"west": { "texture": "#slipperyjack", "uv": [ 0.0, 0.0, 4.5, 1.0 ] },
										"up": { "texture": "#slipperyjack", "uv": [ 0.0, 0.0, 1.0, 4.5 ] },
										"down": { "texture": "#slipperyjack", "uv": [ 2.5, 9.5, 3.5, 14.0 ] }
									}
								},
								{
									"name": "Cube24",
									"from": [ 4.5, 0.0, 0.0 ],
									"to": [ 5.5, 1.0, 4.5 ],
									"rotationOrigin": [ 4.5, 1.0, 2.5 ],
									"rotationZ": -36.0,
									"faces": {
										"north": { "texture": "#slipperyjack", "uv": [ 0.0, 0.0, 1.0, 1.0 ] },
										"east": { "texture": "#slipperyjack", "uv": [ 0.0, 0.0, 4.5, 1.0 ] },
										"south": { "texture": "#slipperyjack", "uv": [ 0.0, 0.0, 1.0, 1.0 ] },
										"up": { "texture": "#slipperyjack", "uv": [ 0.0, 0.0, 1.0, 4.5 ] },
										"down": { "texture": "#slipperyjack", "uv": [ 3.0, 8.5, 4.0, 13.0 ] }
									}
								}
							]
						},
						{
							"name": "stem3",
							"from": [ 0.0, 1.8, 0.0 ],
							"to": [ 1.5, 3.8, 1.5 ],
							"rotationOrigin": [ 0.7, 1.8, 0.7 ],
							"rotationX": 10.0,
							"rotationZ": 8.0,
							"faces": {
								"north": { "texture": "#slipperyjack", "uv": [ 13.0, 11.5, 14.5, 13.5 ] },
								"east": { "texture": "#slipperyjack", "uv": [ 12.0, 10.0, 13.5, 12.0 ] },
								"south": { "texture": "#slipperyjack", "uv": [ 12.0, 10.5, 13.5, 12.5 ] },
								"west": { "texture": "#slipperyjack", "uv": [ 12.0, 9.5, 13.5, 11.5 ] }
							}
						},
						{
							"name": "Cube2",
							"from": [ -0.3, 1.7, -0.2 ],
							"to": [ 1.7, 2.1, 1.8 ],
							"rotationOrigin": [ -0.3, 1.7, -0.2 ],
							"faces": {
								"north": { "texture": "#slipperyjack", "uv": [ 12.5, 11.0, 14.5, 11.5 ] },
								"east": { "texture": "#slipperyjack", "uv": [ 12.0, 11.0, 14.0, 11.5 ] },
								"south": { "texture": "#slipperyjack", "uv": [ 10.0, 10.0, 12.0, 10.5 ] },
								"west": { "texture": "#slipperyjack", "uv": [ 11.0, 9.5, 13.0, 10.0 ] },
								"up": { "texture": "#slipperyjack", "uv": [ 11.0, 10.5, 13.0, 12.5 ] },
								"down": { "texture": "#slipperyjack", "uv": [ 11.0, 9.0, 13.0, 11.0 ] }
							}
						}
					]
				},
				{
					"name": "single voxel",
					"from": [ -0.1, 0.0, -4.8 ],
					"to": [ 0.9, 0.5, -3.8 ],
					"rotationOrigin": [ 0.4, 0.0, -4.2 ],
					"rotationY": -16.0,
					"faces": {
						"north": { "texture": "#slipperyjack", "uv": [ 9.0, 4.0, 10.0, 4.5 ] },
						"east": { "texture": "#slipperyjack", "uv": [ 12.0, 7.0, 13.0, 7.5 ] },
						"south": { "texture": "#slipperyjack", "uv": [ 5.0, 6.0, 6.0, 6.5 ] },
						"west": { "texture": "#slipperyjack", "uv": [ 4.0, 3.0, 5.0, 3.5 ] },
						"up": { "texture": "#slipperyjack", "uv": [ 4.5, 3.0, 5.5, 4.0 ] },
						"down": { "texture": "#slipperyjack", "uv": [ 12.5, 10.5, 13.5, 11.5 ] }
					}
				},
				{
					"name": "single voxel25",
					"from": [ 4.0, 0.0, 1.0 ],
					"to": [ 5.0, 0.5, 2.0 ],
					"rotationOrigin": [ 4.0, 0.0, 1.0 ],
					"rotationY": 20.0,
					"faces": {
						"north": { "texture": "#slipperyjack", "uv": [ 12.0, 3.0, 13.0, 3.5 ] },
						"east": { "texture": "#slipperyjack", "uv": [ 7.0, 2.0, 8.0, 2.5 ] },
						"south": { "texture": "#slipperyjack", "uv": [ 10.0, 1.0, 11.0, 1.5 ] },
						"west": { "texture": "#slipperyjack", "uv": [ 7.0, 4.0, 8.0, 4.5 ] },
						"up": { "texture": "#slipperyjack", "uv": [ 9.0, 4.0, 10.0, 5.0 ] },
						"down": { "texture": "#slipperyjack", "uv": [ 11.5, 11.5, 12.5, 12.5 ] }
					}
				},
				{
					"name": "tiny13",
					"from": [ -4.75, -0.2, 3.16 ],
					"to": [ -3.75, 1.3, 4.16 ],
					"rotationOrigin": [ -4.2534, -0.2, 3.6601 ],
					"rotationX": 9.0,
					"rotationY": 24.0,
					"faces": {
						"north": { "texture": "#slipperyjack", "uv": [ 12.5, 12.5, 13.5, 14.0 ] },
						"east": { "texture": "#slipperyjack", "uv": [ 12.0, 11.0, 13.0, 12.5 ] },
						"south": { "texture": "#slipperyjack", "uv": [ 14.0, 8.5, 15.0, 10.0 ] },
						"west": { "texture": "#slipperyjack", "uv": [ 13.0, 9.5, 14.0, 11.0 ] },
						"down": { "texture": "#slipperyjack", "uv": [ 11.5, 10.5, 12.5, 11.5 ] }
					},
					"children": [
						{
							"name": "cap3",
							"from": [ -1.1, 2.6, -1.1 ],
							"to": [ 1.9, 3.1, 1.9 ],
							"rotationOrigin": [ 0.4, 2.6, 0.4 ],
							"rotationZ": 22.0,
							"faces": {
								"north": { "texture": "#slipperyjack", "uv": [ 2.0, 4.5, 5.0, 5.0 ] },
								"east": { "texture": "#slipperyjack", "uv": [ 1.0, 3.5, 4.0, 4.0 ] },
								"south": { "texture": "#slipperyjack", "uv": [ 2.5, 4.0, 5.5, 4.5 ] },
								"west": { "texture": "#slipperyjack", "uv": [ 3.0, 4.0, 6.0, 4.5 ] },
								"up": { "texture": "#slipperyjack", "uv": [ 9.5, 2.0, 12.5, 5.0 ] },
								"down": { "texture": "#slipperyjack", "uv": [ 3.5, 9.0, 6.5, 12.0 ] }
							}
						},
						{
							"name": "stem2",
							"from": [ 0.0, 1.4, 0.0 ],
							"to": [ 1.0, 2.9, 1.0 ],
							"rotationOrigin": [ 0.5, 1.4, 0.5 ],
							"rotationX": -5.0,
							"rotationZ": 8.0,
							"faces": {
								"north": { "texture": "#slipperyjack", "uv": [ 12.5, 10.5, 13.5, 12.0 ] },
								"east": { "texture": "#slipperyjack", "uv": [ 11.0, 9.5, 12.0, 11.0 ] },
								"south": { "texture": "#slipperyjack", "uv": [ 11.0, 9.0, 12.0, 10.5 ] },
								"west": { "texture": "#slipperyjack", "uv": [ 13.0, 10.0, 14.0, 11.5 ] }
							}
						},
						{
							"name": "Cube3",
							"from": [ -0.2, 1.4, -0.2 ],
							"to": [ 1.2, 1.7, 1.2 ],
							"rotationOrigin": [ -0.2, 1.4, -0.2 ],
							"faces": {
								"north": { "texture": "#slipperyjack", "uv": [ 10.5, 11.5, 11.5, 12.0 ] },
								"east": { "texture": "#slipperyjack", "uv": [ 12.0, 12.5, 13.0, 13.0 ] },
								"south": { "texture": "#slipperyjack", "uv": [ 10.5, 9.5, 11.5, 10.0 ] },
								"west": { "texture": "#slipperyjack", "uv": [ 12.5, 10.5, 13.5, 11.0 ] },
								"up": { "texture": "#slipperyjack", "uv": [ 11.0, 9.5, 12.0, 10.5 ] },
								"down": { "texture": "#slipperyjack", "uv": [ 11.0, 9.0, 12.0, 10.0 ] }
							}
						}
					]
				},
				{
					"name": "medium small",
					"from": [ -4.75, 0.0, -3.84 ],
					"to": [ -3.75, 1.0, -2.84 ],
					"rotationOrigin": [ -4.25, 0.0, -3.34 ],
					"rotationY": -22.0,
					"rotationZ": 4.0,
					"faces": {
						"north": { "texture": "#slipperyjack", "uv": [ 11.0, 13.0, 12.0, 14.0 ] },
						"east": { "texture": "#slipperyjack", "uv": [ 12.0, 13.5, 13.0, 14.5 ] },
						"south": { "texture": "#slipperyjack", "uv": [ 11.5, 13.5, 12.5, 14.5 ] },
						"west": { "texture": "#slipperyjack", "uv": [ 12.0, 13.0, 13.0, 14.0 ] },
						"down": { "texture": "#slipperyjack", "uv": [ 11.5, 13.0, 12.5, 14.0 ] }
					},
					"children": [
						{
							"name": "cap",
							"from": [ -1.0, 1.7, -1.0 ],
							"to": [ 2.0, 2.2, 2.0 ],
							"rotationOrigin": [ 0.5, 1.7, 0.5 ],
							"rotationX": -9.0,
							"rotationZ": 14.0,
							"faces": {
								"up": { "texture": "#slipperyjack", "uv": [ 3.0, 3.0, 6.0, 6.0 ] },
								"down": { "texture": "#slipperyjack", "uv": [ 4.0, 9.5, 7.0, 12.5 ] }
							},
							"children": [
								{
									"name": "Cube25",
									"from": [ 0.0, 0.0, 3.0 ],
									"to": [ 3.0, 0.5, 3.5 ],
									"rotationOrigin": [ 1.5, 0.5, 3.0 ],
									"rotationX": 10.0,
									"faces": {
										"east": { "texture": "#slipperyjack", "uv": [ 2.5, 4.0, 3.0, 4.5 ] },
										"south": { "texture": "#slipperyjack", "uv": [ 4.5, 7.0, 7.5, 7.5 ] },
										"west": { "texture": "#slipperyjack", "uv": [ 4.0, 6.5, 4.5, 7.0 ] },
										"up": { "texture": "#slipperyjack", "uv": [ 3.0, 3.0, 6.0, 3.5 ] },
										"down": { "texture": "#slipperyjack", "uv": [ 3.0, 11.5, 6.0, 12.0 ] }
									}
								},
								{
									"name": "Cube26",
									"from": [ 0.0, 0.0, -0.5 ],
									"to": [ 3.0, 0.5, 0.0 ],
									"rotationOrigin": [ 1.5, 0.5, 0.0 ],
									"rotationX": -8.0,
									"faces": {
										"north": { "texture": "#slipperyjack", "uv": [ 0.0, 0.0, 3.0, 0.5 ] },
										"east": { "texture": "#slipperyjack", "uv": [ 0.0, 0.0, 0.5, 0.5 ] },
										"west": { "texture": "#slipperyjack", "uv": [ 0.0, 0.0, 0.5, 0.5 ] },
										"up": { "texture": "#slipperyjack", "uv": [ 0.0, 0.0, 3.0, 0.5 ] },
										"down": { "texture": "#slipperyjack", "uv": [ 4.0, 14.5, 7.0, 15.0 ] }
									}
								},
								{
									"name": "Cube27",
									"from": [ 3.0, 0.0, 0.0 ],
									"to": [ 3.5, 0.5, 3.0 ],
									"rotationOrigin": [ 3.0, 0.5, 1.5 ],
									"rotationZ": -19.0,
									"faces": {
										"north": { "texture": "#slipperyjack", "uv": [ 6.5, 4.0, 7.0, 4.5 ] },
										"east": { "texture": "#slipperyjack", "uv": [ 4.5, 4.5, 7.5, 5.0 ] },
										"south": { "texture": "#slipperyjack", "uv": [ 5.0, 5.5, 5.5, 6.0 ] },
										"up": { "texture": "#slipperyjack", "uv": [ 6.0, 1.0, 6.5, 4.0 ] },
										"down": { "texture": "#slipperyjack", "uv": [ 4.0, 8.5, 4.5, 11.5 ] }
									}
								},
								{
									"name": "Cube28",
									"from": [ -0.5, 0.0, 0.0 ],
									"to": [ 0.0, 0.5, 3.0 ],
									"rotationOrigin": [ 0.0, 0.5, 1.5 ],
									"rotationZ": 17.0,
									"faces": {
										"north": { "texture": "#slipperyjack", "uv": [ 3.0, 6.0, 3.5, 6.5 ] },
										"south": { "texture": "#slipperyjack", "uv": [ 4.0, 0.5, 4.5, 1.0 ] },
										"west": { "texture": "#slipperyjack", "uv": [ 12.0, 2.5, 15.0, 3.0 ] },
										"up": { "texture": "#slipperyjack", "uv": [ 3.5, 2.0, 4.0, 5.0 ] },
										"down": { "texture": "#slipperyjack", "uv": [ 2.5, 9.5, 3.0, 12.5 ] }
									}
								}
							]
						},
						{
							"name": "stem",
							"from": [ 0.0, 0.8, 0.0 ],
							"to": [ 1.0, 1.8, 1.0 ],
							"rotationOrigin": [ 0.5, 0.8, 0.5 ],
							"rotationX": -6.0,
							"rotationZ": 4.0,
							"faces": {
								"north": { "texture": "#slipperyjack", "uv": [ 12.0, 10.5, 13.0, 11.5 ] },
								"east": { "texture": "#slipperyjack", "uv": [ 13.0, 10.0, 14.0, 11.0 ] },
								"south": { "texture": "#slipperyjack", "uv": [ 11.0, 10.0, 12.0, 11.0 ] },
								"west": { "texture": "#slipperyjack", "uv": [ 12.0, 10.5, 13.0, 11.5 ] }
							}
						},
						{
							"name": "Cube4",
							"from": [ -0.2, 0.8, -0.2 ],
							"to": [ 1.2, 1.1, 1.2 ],
							"rotationOrigin": [ -0.2, 0.8, -0.2 ],
							"faces": {
								"north": { "texture": "#slipperyjack", "uv": [ 12.0, 12.0, 13.0, 12.5 ] },
								"east": { "texture": "#slipperyjack", "uv": [ 12.0, 10.0, 13.0, 10.5 ] },
								"south": { "texture": "#slipperyjack", "uv": [ 11.0, 10.5, 12.0, 11.0 ] },
								"west": { "texture": "#slipperyjack", "uv": [ 11.0, 11.0, 12.0, 11.5 ] },
								"up": { "texture": "#slipperyjack", "uv": [ 12.5, 11.0, 13.5, 12.0 ] },
								"down": { "texture": "#slipperyjack", "uv": [ 12.0, 10.5, 13.0, 11.5 ] }
							}
						}
					]
				},
				{
					"name": "tiny19",
					"from": [ 1.0, -0.3, 3.5 ],
					"to": [ 2.0, 1.2, 4.5 ],
					"rotationOrigin": [ 1.5, -0.3, 3.9999 ],
					"rotationX": 10.0,
					"rotationZ": 6.0,
					"faces": {
						"north": { "texture": "#slipperyjack", "uv": [ 11.0, 10.0, 12.0, 11.5 ] },
						"east": { "texture": "#slipperyjack", "uv": [ 12.0, 9.5, 13.0, 11.0 ] },
						"south": { "texture": "#slipperyjack", "uv": [ 11.5, 11.0, 12.5, 12.5 ] },
						"west": { "texture": "#slipperyjack", "uv": [ 10.5, 13.0, 11.5, 14.5 ] },
						"down": { "texture": "#slipperyjack", "uv": [ 13.0, 11.0, 14.0, 12.0 ] }
					},
					"children": [
						{
							"name": "cap20",
							"from": [ -0.5, 1.3, -0.5 ],
							"to": [ 1.5, 1.8, 1.5 ],
							"rotationOrigin": [ 0.5, 1.3, 0.5 ],
							"rotationX": 25.0,
							"rotationZ": -3.0,
							"faces": {
								"north": { "texture": "#slipperyjack", "uv": [ 8.5, 6.5, 10.5, 7.0 ] },
								"east": { "texture": "#slipperyjack", "uv": [ 3.0, 4.0, 5.0, 4.5 ] },
								"south": { "texture": "#slipperyjack", "uv": [ 3.0, 5.0, 5.0, 5.5 ] },
								"west": { "texture": "#slipperyjack", "uv": [ 4.0, 4.0, 6.0, 4.5 ] },
								"up": { "texture": "#slipperyjack", "uv": [ 10.5, 2.0, 12.5, 4.0 ] },
								"down": { "texture": "#slipperyjack", "uv": [ 0.5, 10.0, 2.5, 12.0 ] }
							}
						}
					]
				}
			]
		}
	]}