{
	"editor": {
		"collapsedPaths": "Root,Root/origin/beeg/medium2,Root/origin/beeg/medium3,Root/origin/beeg/medium4",
		"allAngles": true,
		"entityTextureMode": false
	},
	"textureWidth": 16,
	"textureHeight": 16,
	"textureSizes": {
	},
	"textures": {
		"club": "mycodiversity:block/plant/mushroom/club"
	},
	"elements": [
		{
			"name": "origin",
			"from": [ 8.0, 0.0, 8.0 ],
			"to": [ 8.0, 0.0, 8.0 ],
			"rotationOrigin": [ 8.0, 0.0, 8.0 ],
			"faces": {
				"north": { "texture": "#club", "uv": [ 0.0, 0.0, 0.5, 0.5 ] },
				"east": { "texture": "#club", "uv": [ 0.0, 0.0, 0.5, 0.5 ] },
				"south": { "texture": "#club", "uv": [ 0.0, 0.0, 0.5, 0.5 ] },
				"west": { "texture": "#club", "uv": [ 0.0, 0.0, 0.5, 0.5 ] },
				"up": { "texture": "#club", "uv": [ 0.0, 0.0, 0.5, 0.5 ] },
				"down": { "texture": "#club", "uv": [ 0.0, 0.0, 0.5, 0.5 ] }
			},
			"children": [
				{
					"name": "smol3",
					"from": [ -3.0, -0.6, -4.0 ],
					"to": [ -2.2, 0.4, -3.2 ],
					"rotationOrigin": [ -3.0, -0.6, -4.0 ],
					"rotationX": 8.0,
					"rotationY": 3.0,
					"rotationZ": -8.0,
					"faces": {
						"north": { "texture": "#club", "uv": [ 5.5, 12.0, 6.0, 13.0 ] },
						"east": { "texture": "#club", "uv": [ 5.0, 11.5, 5.5, 12.5 ] },
						"south": { "texture": "#club", "uv": [ 5.5, 11.5, 6.0, 12.5 ] },
						"west": { "texture": "#club", "uv": [ 5.0, 11.5, 5.5, 12.5 ] },
						"up": { "texture": "#club", "uv": [ 5.0, 7.5, 5.5, 8.0 ] },
						"down": { "texture": "#club", "uv": [ 4.5, 14.0, 5.0, 14.5 ] }
					},
					"children": [
						{
							"name": "Cube174",
							"from": [ 0.1, 0.4, 0.0 ],
							"to": [ 0.6, 1.9, 0.5 ],
							"rotationOrigin": [ 0.35, 0.4, 0.25 ],
							"rotationY": -8.0,
							"rotationZ": 19.0,
							"faces": {
								"north": { "texture": "#club", "uv": [ 4.5, 7.5, 5.0, 9.0 ] },
								"east": { "texture": "#club", "uv": [ 4.5, 7.5, 5.0, 9.0 ] },
								"south": { "texture": "#club", "uv": [ 4.5, 7.5, 5.0, 9.0 ] },
								"west": { "texture": "#club", "uv": [ 4.5, 6.5, 5.0, 8.0 ] },
								"up": { "texture": "#club", "uv": [ 5.5, 2.0, 6.0, 2.5 ] },
								"down": { "texture": "#club", "uv": [ 6.0, 2.0, 6.5, 2.5 ] }
							},
							"children": [
								{
									"name": "Cube175",
									"from": [ 0.0, 1.2, 0.0 ],
									"to": [ 0.5, 2.2, 0.5 ],
									"rotationOrigin": [ 0.0, 1.2, 0.0 ],
									"rotationZ": 30.0,
									"faces": {
										"north": { "texture": "#club", "uv": [ 5.0, 2.0, 5.5, 3.0 ] },
										"east": { "texture": "#club", "uv": [ 5.0, 2.5, 5.5, 3.5 ] },
										"south": { "texture": "#club", "uv": [ 4.5, 2.5, 5.0, 3.5 ] },
										"west": { "texture": "#club", "uv": [ 5.0, 3.0, 5.5, 4.0 ] },
										"up": { "texture": "#club", "uv": [ 5.5, 2.0, 6.0, 2.5 ] },
										"down": { "texture": "#club", "uv": [ 5.0, 1.0, 5.5, 1.5 ] }
									}
								},
								{
									"name": "Cube176",
									"from": [ 0.0, 1.4, 0.0 ],
									"to": [ 0.5, 2.4, 0.5 ],
									"rotationOrigin": [ 0.0, 1.4, 0.0 ],
									"rotationZ": -22.0,
									"faces": {
										"north": { "texture": "#club", "uv": [ 5.5, 3.0, 6.0, 4.0 ] },
										"east": { "texture": "#club", "uv": [ 5.0, 4.0, 5.5, 5.0 ] },
										"south": { "texture": "#club", "uv": [ 5.5, 4.5, 6.0, 5.5 ] },
										"west": { "texture": "#club", "uv": [ 5.5, 5.0, 6.0, 6.0 ] },
										"up": { "texture": "#club", "uv": [ 5.0, 2.0, 5.5, 2.5 ] },
										"down": { "texture": "#club", "uv": [ 5.5, 2.0, 6.0, 2.5 ] }
									}
								}
							]
						},
						{
							"name": "Cube177",
							"from": [ 0.1, 0.4, 0.0 ],
							"to": [ 0.6, 1.9, 0.5 ],
							"rotationOrigin": [ 0.35, 0.4, 0.25 ],
							"rotationX": 28.0,
							"rotationY": 166.0,
							"rotationZ": 14.0,
							"faces": {
								"north": { "texture": "#club", "uv": [ 4.5, 7.5, 5.0, 9.0 ] },
								"east": { "texture": "#club", "uv": [ 4.5, 7.5, 5.0, 9.0 ] },
								"south": { "texture": "#club", "uv": [ 4.5, 7.5, 5.0, 9.0 ] },
								"west": { "texture": "#club", "uv": [ 4.5, 6.5, 5.0, 8.0 ] },
								"up": { "texture": "#club", "uv": [ 5.5, 2.0, 6.0, 2.5 ] },
								"down": { "texture": "#club", "uv": [ 6.0, 2.0, 6.5, 2.5 ] }
							},
							"children": [
								{
									"name": "Cube178",
									"from": [ 0.0, 1.2, 0.0 ],
									"to": [ 0.5, 2.2, 0.5 ],
									"rotationOrigin": [ 0.0, 1.2, 0.0 ],
									"rotationZ": 30.0,
									"faces": {
										"north": { "texture": "#club", "uv": [ 5.0, 2.0, 5.5, 3.0 ] },
										"east": { "texture": "#club", "uv": [ 5.5, 2.5, 6.0, 3.5 ] },
										"south": { "texture": "#club", "uv": [ 5.0, 2.5, 5.5, 3.5 ] },
										"west": { "texture": "#club", "uv": [ 5.5, 3.0, 6.0, 4.0 ] },
										"up": { "texture": "#club", "uv": [ 5.5, 2.0, 6.0, 2.5 ] },
										"down": { "texture": "#club", "uv": [ 5.0, 1.0, 5.5, 1.5 ] }
									}
								},
								{
									"name": "Cube179",
									"from": [ 0.0, 1.4, 0.0 ],
									"to": [ 0.5, 2.4, 0.5 ],
									"rotationOrigin": [ 0.0, 1.4, 0.0 ],
									"rotationZ": -22.0,
									"faces": {
										"north": { "texture": "#club", "uv": [ 5.0, 3.0, 5.5, 4.0 ] },
										"east": { "texture": "#club", "uv": [ 5.0, 4.0, 5.5, 5.0 ] },
										"south": { "texture": "#club", "uv": [ 5.5, 4.0, 6.0, 5.0 ] },
										"west": { "texture": "#club", "uv": [ 5.5, 5.0, 6.0, 6.0 ] },
										"up": { "texture": "#club", "uv": [ 5.0, 2.0, 5.5, 2.5 ] },
										"down": { "texture": "#club", "uv": [ 5.5, 2.0, 6.0, 2.5 ] }
									}
								}
							]
						},
						{
							"name": "Cube180",
							"from": [ 0.1, 0.4, 0.2 ],
							"to": [ 0.6, 1.9, 0.7 ],
							"rotationOrigin": [ 0.35, 0.4, 0.45 ],
							"rotationX": -14.0,
							"rotationY": 47.0,
							"rotationZ": -25.0,
							"faces": {
								"north": { "texture": "#club", "uv": [ 4.5, 7.5, 5.0, 9.0 ] },
								"east": { "texture": "#club", "uv": [ 4.5, 7.5, 5.0, 9.0 ] },
								"south": { "texture": "#club", "uv": [ 4.5, 7.5, 5.0, 9.0 ] },
								"west": { "texture": "#club", "uv": [ 4.5, 6.5, 5.0, 8.0 ] },
								"up": { "texture": "#club", "uv": [ 5.5, 2.0, 6.0, 2.5 ] },
								"down": { "texture": "#club", "uv": [ 6.0, 2.0, 6.5, 2.5 ] }
							},
							"children": [
								{
									"name": "Cube181",
									"from": [ 0.0, 1.2, 0.0 ],
									"to": [ 0.5, 2.2, 0.5 ],
									"rotationOrigin": [ 0.0, 1.2, 0.0 ],
									"rotationZ": 30.0,
									"faces": {
										"north": { "texture": "#club", "uv": [ 5.0, 2.0, 5.5, 3.0 ] },
										"east": { "texture": "#club", "uv": [ 5.0, 2.5, 5.5, 3.5 ] },
										"south": { "texture": "#club", "uv": [ 5.0, 2.5, 5.5, 3.5 ] },
										"west": { "texture": "#club", "uv": [ 5.5, 3.0, 6.0, 4.0 ] },
										"up": { "texture": "#club", "uv": [ 4.5, 2.5, 5.0, 3.0 ] },
										"down": { "texture": "#club", "uv": [ 5.0, 1.0, 5.5, 1.5 ] }
									}
								},
								{
									"name": "Cube182",
									"from": [ 0.0, 1.4, 0.0 ],
									"to": [ 0.5, 2.4, 0.5 ],
									"rotationOrigin": [ 0.0, 1.4, 0.0 ],
									"rotationZ": -22.0,
									"faces": {
										"north": { "texture": "#club", "uv": [ 5.0, 3.0, 5.5, 4.0 ] },
										"east": { "texture": "#club", "uv": [ 5.0, 4.0, 5.5, 5.0 ] },
										"south": { "texture": "#club", "uv": [ 5.0, 4.0, 5.5, 5.0 ] },
										"west": { "texture": "#club", "uv": [ 5.5, 5.0, 6.0, 6.0 ] },
										"up": { "texture": "#club", "uv": [ 5.0, 2.0, 5.5, 2.5 ] },
										"down": { "texture": "#club", "uv": [ 5.5, 2.0, 6.0, 2.5 ] }
									}
								}
							]
						},
						{
							"name": "Cube183",
							"from": [ 0.1, 0.5, 0.1 ],
							"to": [ 0.6, 2.0, 0.6 ],
							"rotationOrigin": [ 0.35, 0.5, 0.35 ],
							"rotationX": 3.0,
							"rotationY": 47.0,
							"rotationZ": 30.0,
							"faces": {
								"north": { "texture": "#club", "uv": [ 4.5, 7.5, 5.0, 9.0 ] },
								"east": { "texture": "#club", "uv": [ 4.5, 7.5, 5.0, 9.0 ] },
								"south": { "texture": "#club", "uv": [ 4.5, 7.5, 5.0, 9.0 ] },
								"west": { "texture": "#club", "uv": [ 4.5, 6.5, 5.0, 8.0 ] },
								"up": { "texture": "#club", "uv": [ 5.5, 2.0, 6.0, 2.5 ] },
								"down": { "texture": "#club", "uv": [ 6.0, 2.0, 6.5, 2.5 ] }
							},
							"children": [
								{
									"name": "Cube184",
									"from": [ 0.0, 1.2, 0.0 ],
									"to": [ 0.5, 2.2, 0.5 ],
									"rotationOrigin": [ 0.0, 1.2, 0.0 ],
									"rotationZ": 30.0,
									"faces": {
										"north": { "texture": "#club", "uv": [ 5.0, 2.0, 5.5, 3.0 ] },
										"east": { "texture": "#club", "uv": [ 5.5, 2.5, 6.0, 3.5 ] },
										"south": { "texture": "#club", "uv": [ 5.0, 2.5, 5.5, 3.5 ] },
										"west": { "texture": "#club", "uv": [ 5.5, 3.0, 6.0, 4.0 ] },
										"up": { "texture": "#club", "uv": [ 5.0, 2.0, 5.5, 2.5 ] },
										"down": { "texture": "#club", "uv": [ 5.0, 1.0, 5.5, 1.5 ] }
									}
								},
								{
									"name": "Cube185",
									"from": [ 0.0, 1.4, 0.0 ],
									"to": [ 0.5, 2.4, 0.5 ],
									"rotationOrigin": [ 0.0, 1.4, 0.0 ],
									"rotationZ": -22.0,
									"faces": {
										"north": { "texture": "#club", "uv": [ 5.0, 3.0, 5.5, 4.0 ] },
										"east": { "texture": "#club", "uv": [ 4.5, 4.0, 5.0, 5.0 ] },
										"south": { "texture": "#club", "uv": [ 5.5, 4.0, 6.0, 5.0 ] },
										"west": { "texture": "#club", "uv": [ 5.5, 5.0, 6.0, 6.0 ] },
										"up": { "texture": "#club", "uv": [ 5.0, 2.0, 5.5, 2.5 ] },
										"down": { "texture": "#club", "uv": [ 5.5, 2.0, 6.0, 2.5 ] }
									}
								}
							]
						},
						{
							"name": "Cube186",
							"from": [ 0.0, 0.4, 0.2 ],
							"to": [ 0.5, 1.9, 0.7 ],
							"rotationOrigin": [ 0.25, 0.4, 0.45 ],
							"rotationX": -22.0,
							"rotationY": -28.0,
							"rotationZ": -42.0,
							"faces": {
								"north": { "texture": "#club", "uv": [ 4.5, 7.5, 5.0, 9.0 ] },
								"east": { "texture": "#club", "uv": [ 4.5, 7.5, 5.0, 9.0 ] },
								"south": { "texture": "#club", "uv": [ 4.5, 7.5, 5.0, 9.0 ] },
								"west": { "texture": "#club", "uv": [ 4.5, 6.5, 5.0, 8.0 ] },
								"up": { "texture": "#club", "uv": [ 5.5, 2.0, 6.0, 2.5 ] },
								"down": { "texture": "#club", "uv": [ 6.0, 2.0, 6.5, 2.5 ] }
							},
							"children": [
								{
									"name": "Cube187",
									"from": [ 0.0, 1.2, 0.0 ],
									"to": [ 0.5, 2.2, 0.5 ],
									"rotationOrigin": [ 0.0, 1.2, 0.0 ],
									"rotationZ": 30.0,
									"faces": {
										"north": { "texture": "#club", "uv": [ 5.0, 2.0, 5.5, 3.0 ] },
										"east": { "texture": "#club", "uv": [ 5.5, 2.5, 6.0, 3.5 ] },
										"south": { "texture": "#club", "uv": [ 5.0, 2.5, 5.5, 3.5 ] },
										"west": { "texture": "#club", "uv": [ 5.5, 3.0, 6.0, 4.0 ] },
										"up": { "texture": "#club", "uv": [ 5.0, 2.0, 5.5, 2.5 ] },
										"down": { "texture": "#club", "uv": [ 5.0, 1.0, 5.5, 1.5 ] }
									}
								},
								{
									"name": "Cube188",
									"from": [ 0.0, 1.4, 0.0 ],
									"to": [ 0.5, 2.4, 0.5 ],
									"rotationOrigin": [ 0.0, 1.4, 0.0 ],
									"rotationZ": -22.0,
									"faces": {
										"north": { "texture": "#club", "uv": [ 5.5, 3.0, 6.0, 4.0 ] },
										"east": { "texture": "#club", "uv": [ 5.0, 4.0, 5.5, 5.0 ] },
										"south": { "texture": "#club", "uv": [ 5.5, 4.5, 6.0, 5.5 ] },
										"west": { "texture": "#club", "uv": [ 5.5, 5.0, 6.0, 6.0 ] },
										"up": { "texture": "#club", "uv": [ 5.5, 2.0, 6.0, 2.5 ] },
										"down": { "texture": "#club", "uv": [ 5.5, 2.0, 6.0, 2.5 ] }
									}
								}
							]
						}
					]
				},
				{
					"name": "medium3",
					"from": [ -4.6, -1.0, -6.0 ],
					"to": [ -3.7, 0.0, -5.1 ],
					"rotationOrigin": [ -4.6, -1.0, -6.0 ],
					"rotationX": -14.0,
					"rotationY": -44.0,
					"faces": {
						"north": { "texture": "#club", "uv": [ 5.0, 13.0, 5.5, 14.0 ] },
						"east": { "texture": "#club", "uv": [ 4.5, 12.5, 5.0, 13.5 ] },
						"south": { "texture": "#club", "uv": [ 4.5, 13.5, 5.0, 14.5 ] },
						"west": { "texture": "#club", "uv": [ 5.0, 13.0, 5.5, 14.0 ] },
						"up": { "texture": "#club", "uv": [ 5.5, 12.0, 6.0, 12.5 ] },
						"down": { "texture": "#club", "uv": [ 4.5, 14.5, 5.0, 15.0 ] }
					},
					"children": [
						{
							"name": "Cube189",
							"from": [ 0.0, 1.6, 0.0 ],
							"to": [ 0.5, 3.1, 0.5 ],
							"rotationOrigin": [ 0.0, 1.6, 0.0 ],
							"rotationY": 30.0,
							"rotationZ": 11.0,
							"faces": {
								"north": { "texture": "#club", "uv": [ 4.5, 7.5, 5.0, 9.0 ] },
								"east": { "texture": "#club", "uv": [ 4.5, 7.5, 5.0, 9.0 ] },
								"south": { "texture": "#club", "uv": [ 4.5, 7.5, 5.0, 9.0 ] },
								"west": { "texture": "#club", "uv": [ 4.5, 6.5, 5.0, 8.0 ] },
								"up": { "texture": "#club", "uv": [ 5.5, 2.0, 6.0, 2.5 ] },
								"down": { "texture": "#club", "uv": [ 6.0, 2.0, 6.5, 2.5 ] }
							},
							"children": [
								{
									"name": "Cube190",
									"from": [ 0.0, 1.2, 0.0 ],
									"to": [ 0.5, 2.2, 0.5 ],
									"rotationOrigin": [ 0.0, 1.2, 0.0 ],
									"rotationZ": 30.0,
									"faces": {
										"north": { "texture": "#club", "uv": [ 5.0, 2.0, 5.5, 3.0 ] },
										"east": { "texture": "#club", "uv": [ 5.0, 2.5, 5.5, 3.5 ] },
										"south": { "texture": "#club", "uv": [ 5.0, 2.5, 5.5, 3.5 ] },
										"west": { "texture": "#club", "uv": [ 5.5, 3.0, 6.0, 4.0 ] },
										"up": { "texture": "#club", "uv": [ 4.5, 2.0, 5.0, 2.5 ] },
										"down": { "texture": "#club", "uv": [ 5.0, 1.0, 5.5, 1.5 ] }
									}
								},
								{
									"name": "Cube191",
									"from": [ 0.0, 1.4, 0.0 ],
									"to": [ 0.5, 2.4, 0.5 ],
									"rotationOrigin": [ 0.0, 1.4, 0.0 ],
									"rotationZ": -22.0,
									"faces": {
										"north": { "texture": "#club", "uv": [ 5.0, 3.0, 5.5, 4.0 ] },
										"east": { "texture": "#club", "uv": [ 5.5, 4.0, 6.0, 5.0 ] },
										"south": { "texture": "#club", "uv": [ 4.5, 4.0, 5.0, 5.0 ] },
										"west": { "texture": "#club", "uv": [ 5.5, 5.0, 6.0, 6.0 ] },
										"up": { "texture": "#club", "uv": [ 5.0, 2.0, 5.5, 2.5 ] },
										"down": { "texture": "#club", "uv": [ 5.5, 2.0, 6.0, 2.5 ] }
									}
								}
							]
						},
						{
							"name": "Cube192",
							"from": [ 1.0, 1.2, 0.0 ],
							"to": [ 1.5, 2.7, 0.5 ],
							"rotationOrigin": [ 1.0, 1.2, 0.0 ],
							"rotationX": -25.0,
							"rotationY": -91.0,
							"rotationZ": 11.0,
							"faces": {
								"north": { "texture": "#club", "uv": [ 4.5, 7.5, 5.0, 9.0 ] },
								"east": { "texture": "#club", "uv": [ 4.5, 7.5, 5.0, 9.0 ] },
								"south": { "texture": "#club", "uv": [ 4.5, 7.5, 5.0, 9.0 ] },
								"west": { "texture": "#club", "uv": [ 4.5, 6.5, 5.0, 8.0 ] },
								"up": { "texture": "#club", "uv": [ 5.5, 2.0, 6.0, 2.5 ] },
								"down": { "texture": "#club", "uv": [ 6.0, 2.0, 6.5, 2.5 ] }
							},
							"children": [
								{
									"name": "Cube193",
									"from": [ 0.0, 1.2, 0.0 ],
									"to": [ 0.5, 2.2, 0.5 ],
									"rotationOrigin": [ 0.0, 1.2, 0.0 ],
									"rotationZ": 30.0,
									"faces": {
										"north": { "texture": "#club", "uv": [ 5.0, 2.0, 5.5, 3.0 ] },
										"east": { "texture": "#club", "uv": [ 5.0, 2.5, 5.5, 3.5 ] },
										"south": { "texture": "#club", "uv": [ 5.0, 2.5, 5.5, 3.5 ] },
										"west": { "texture": "#club", "uv": [ 5.5, 3.0, 6.0, 4.0 ] },
										"up": { "texture": "#club", "uv": [ 4.5, 2.5, 5.0, 3.0 ] },
										"down": { "texture": "#club", "uv": [ 5.0, 1.0, 5.5, 1.5 ] }
									}
								},
								{
									"name": "Cube194",
									"from": [ 0.0, 1.4, 0.0 ],
									"to": [ 0.5, 2.4, 0.5 ],
									"rotationOrigin": [ 0.0, 1.4, 0.0 ],
									"rotationZ": -22.0,
									"faces": {
										"north": { "texture": "#club", "uv": [ 5.0, 3.0, 5.5, 4.0 ] },
										"east": { "texture": "#club", "uv": [ 5.0, 4.0, 5.5, 5.0 ] },
										"south": { "texture": "#club", "uv": [ 4.5, 4.0, 5.0, 5.0 ] },
										"west": { "texture": "#club", "uv": [ 5.5, 5.0, 6.0, 6.0 ] },
										"up": { "texture": "#club", "uv": [ 4.5, 2.0, 5.0, 2.5 ] },
										"down": { "texture": "#club", "uv": [ 5.5, 2.0, 6.0, 2.5 ] }
									}
								}
							]
						},
						{
							"name": "Cube195",
							"from": [ 0.2, 1.4, 0.3 ],
							"to": [ 0.7, 2.9, 0.8 ],
							"rotationOrigin": [ 0.2, 1.4, 0.3 ],
							"rotationX": -78.0,
							"rotationY": 39.0,
							"rotationZ": 50.0,
							"faces": {
								"north": { "texture": "#club", "uv": [ 4.5, 7.5, 5.0, 9.0 ] },
								"east": { "texture": "#club", "uv": [ 4.5, 7.5, 5.0, 9.0 ] },
								"south": { "texture": "#club", "uv": [ 4.5, 7.5, 5.0, 9.0 ] },
								"west": { "texture": "#club", "uv": [ 4.5, 6.5, 5.0, 8.0 ] },
								"up": { "texture": "#club", "uv": [ 5.5, 2.0, 6.0, 2.5 ] },
								"down": { "texture": "#club", "uv": [ 6.0, 2.0, 6.5, 2.5 ] }
							},
							"children": [
								{
									"name": "Cube196",
									"from": [ 0.0, 1.2, 0.0 ],
									"to": [ 0.5, 2.2, 0.5 ],
									"rotationOrigin": [ 0.0, 1.2, 0.0 ],
									"rotationZ": 30.0,
									"faces": {
										"north": { "texture": "#club", "uv": [ 5.0, 2.0, 5.5, 3.0 ] },
										"east": { "texture": "#club", "uv": [ 5.0, 2.5, 5.5, 3.5 ] },
										"south": { "texture": "#club", "uv": [ 4.5, 2.5, 5.0, 3.5 ] },
										"west": { "texture": "#club", "uv": [ 5.0, 3.0, 5.5, 4.0 ] },
										"up": { "texture": "#club", "uv": [ 5.0, 2.0, 5.5, 2.5 ] },
										"down": { "texture": "#club", "uv": [ 5.0, 1.0, 5.5, 1.5 ] }
									}
								},
								{
									"name": "Cube197",
									"from": [ 0.0, 1.4, 0.0 ],
									"to": [ 0.5, 2.4, 0.5 ],
									"rotationOrigin": [ 0.0, 1.4, 0.0 ],
									"rotationZ": -22.0,
									"faces": {
										"north": { "texture": "#club", "uv": [ 5.0, 3.0, 5.5, 4.0 ] },
										"east": { "texture": "#club", "uv": [ 5.5, 4.0, 6.0, 5.0 ] },
										"south": { "texture": "#club", "uv": [ 4.5, 4.0, 5.0, 5.0 ] },
										"west": { "texture": "#club", "uv": [ 5.5, 5.0, 6.0, 6.0 ] },
										"up": { "texture": "#club", "uv": [ 4.5, 2.0, 5.0, 2.5 ] },
										"down": { "texture": "#club", "uv": [ 5.5, 2.0, 6.0, 2.5 ] }
									}
								}
							]
						},
						{
							"name": "Cube198",
							"from": [ 0.5, 0.9, 0.1 ],
							"to": [ 1.0, 2.4, 0.6 ],
							"rotationOrigin": [ 0.5, 0.9, 0.1 ],
							"rotationX": 94.0,
							"rotationY": -53.0,
							"rotationZ": 97.0,
							"faces": {
								"north": { "texture": "#club", "uv": [ 4.5, 7.5, 5.0, 9.0 ] },
								"east": { "texture": "#club", "uv": [ 4.5, 7.5, 5.0, 9.0 ] },
								"south": { "texture": "#club", "uv": [ 4.5, 7.5, 5.0, 9.0 ] },
								"west": { "texture": "#club", "uv": [ 4.5, 6.5, 5.0, 8.0 ] },
								"up": { "texture": "#club", "uv": [ 5.5, 2.0, 6.0, 2.5 ] },
								"down": { "texture": "#club", "uv": [ 6.0, 2.0, 6.5, 2.5 ] }
							},
							"children": [
								{
									"name": "Cube199",
									"from": [ 0.0, 1.2, 0.0 ],
									"to": [ 0.5, 2.2, 0.5 ],
									"rotationOrigin": [ 0.0, 1.2, 0.0 ],
									"rotationZ": 30.0,
									"faces": {
										"north": { "texture": "#club", "uv": [ 5.0, 2.0, 5.5, 3.0 ] },
										"east": { "texture": "#club", "uv": [ 5.0, 2.5, 5.5, 3.5 ] },
										"south": { "texture": "#club", "uv": [ 5.0, 2.5, 5.5, 3.5 ] },
										"west": { "texture": "#club", "uv": [ 5.0, 3.0, 5.5, 4.0 ] },
										"up": { "texture": "#club", "uv": [ 5.0, 2.0, 5.5, 2.5 ] },
										"down": { "texture": "#club", "uv": [ 5.0, 1.0, 5.5, 1.5 ] }
									}
								},
								{
									"name": "Cube200",
									"from": [ 0.0, 1.4, 0.0 ],
									"to": [ 0.5, 2.4, 0.5 ],
									"rotationOrigin": [ 0.0, 1.4, 0.0 ],
									"rotationZ": -22.0,
									"faces": {
										"north": { "texture": "#club", "uv": [ 5.0, 2.5, 5.5, 3.5 ] },
										"east": { "texture": "#club", "uv": [ 4.5, 4.0, 5.0, 5.0 ] },
										"south": { "texture": "#club", "uv": [ 5.5, 4.0, 6.0, 5.0 ] },
										"west": { "texture": "#club", "uv": [ 5.5, 5.0, 6.0, 6.0 ] },
										"up": { "texture": "#club", "uv": [ 5.0, 2.0, 5.5, 2.5 ] },
										"down": { "texture": "#club", "uv": [ 5.5, 2.0, 6.0, 2.5 ] }
									}
								}
							]
						},
						{
							"name": "Cube201",
							"from": [ 0.4, 1.3, 0.3 ],
							"to": [ 0.9, 2.8, 0.8 ],
							"rotationOrigin": [ 0.65, 1.3, 0.55 ],
							"rotationZ": -11.0,
							"faces": {
								"north": { "texture": "#club", "uv": [ 4.5, 7.5, 5.0, 9.0 ] },
								"east": { "texture": "#club", "uv": [ 4.5, 7.5, 5.0, 9.0 ] },
								"south": { "texture": "#club", "uv": [ 4.5, 7.5, 5.0, 9.0 ] },
								"west": { "texture": "#club", "uv": [ 4.5, 6.5, 5.0, 8.0 ] },
								"up": { "texture": "#club", "uv": [ 5.5, 2.0, 6.0, 2.5 ] },
								"down": { "texture": "#club", "uv": [ 6.0, 2.0, 6.5, 2.5 ] }
							},
							"children": [
								{
									"name": "Cube202",
									"from": [ 0.0, 1.2, 0.0 ],
									"to": [ 0.5, 2.2, 0.5 ],
									"rotationOrigin": [ 0.0, 1.2, 0.0 ],
									"rotationZ": 30.0,
									"faces": {
										"north": { "texture": "#club", "uv": [ 5.0, 2.0, 5.5, 3.0 ] },
										"east": { "texture": "#club", "uv": [ 5.0, 2.5, 5.5, 3.5 ] },
										"south": { "texture": "#club", "uv": [ 5.0, 2.5, 5.5, 3.5 ] },
										"west": { "texture": "#club", "uv": [ 5.5, 3.0, 6.0, 4.0 ] },
										"up": { "texture": "#club", "uv": [ 4.5, 2.0, 5.0, 2.5 ] },
										"down": { "texture": "#club", "uv": [ 5.0, 1.0, 5.5, 1.5 ] }
									}
								},
								{
									"name": "Cube203",
									"from": [ 0.0, 1.4, 0.0 ],
									"to": [ 0.5, 2.4, 0.5 ],
									"rotationOrigin": [ 0.0, 1.4, 0.0 ],
									"rotationZ": -22.0,
									"faces": {
										"north": { "texture": "#club", "uv": [ 5.5, 3.0, 6.0, 4.0 ] },
										"east": { "texture": "#club", "uv": [ 5.0, 4.0, 5.5, 5.0 ] },
										"south": { "texture": "#club", "uv": [ 4.5, 4.0, 5.0, 5.0 ] },
										"west": { "texture": "#club", "uv": [ 5.5, 5.0, 6.0, 6.0 ] },
										"up": { "texture": "#club", "uv": [ 4.5, 2.0, 5.0, 2.5 ] },
										"down": { "texture": "#club", "uv": [ 5.5, 2.0, 6.0, 2.5 ] }
									}
								}
							]
						},
						{
							"name": "Cube204",
							"from": [ 0.2, 0.9, 0.1 ],
							"to": [ 0.7, 2.4, 0.6 ],
							"rotationOrigin": [ 0.45, 0.9, 0.35 ],
							"rotationX": 44.0,
							"rotationY": -53.0,
							"rotationZ": -8.0,
							"faces": {
								"north": { "texture": "#club", "uv": [ 4.5, 7.5, 5.0, 9.0 ] },
								"east": { "texture": "#club", "uv": [ 4.5, 7.5, 5.0, 9.0 ] },
								"south": { "texture": "#club", "uv": [ 4.5, 7.5, 5.0, 9.0 ] },
								"west": { "texture": "#club", "uv": [ 4.5, 6.5, 5.0, 8.0 ] },
								"up": { "texture": "#club", "uv": [ 5.5, 2.0, 6.0, 2.5 ] },
								"down": { "texture": "#club", "uv": [ 6.0, 2.0, 6.5, 2.5 ] }
							},
							"children": [
								{
									"name": "Cube205",
									"from": [ 0.0, 1.2, 0.0 ],
									"to": [ 0.5, 2.2, 0.5 ],
									"rotationOrigin": [ 0.0, 1.2, 0.0 ],
									"rotationZ": 30.0,
									"faces": {
										"north": { "texture": "#club", "uv": [ 5.0, 2.0, 5.5, 3.0 ] },
										"east": { "texture": "#club", "uv": [ 5.0, 2.5, 5.5, 3.5 ] },
										"south": { "texture": "#club", "uv": [ 5.0, 2.5, 5.5, 3.5 ] },
										"west": { "texture": "#club", "uv": [ 5.5, 3.0, 6.0, 4.0 ] },
										"up": { "texture": "#club", "uv": [ 5.5, 2.0, 6.0, 2.5 ] },
										"down": { "texture": "#club", "uv": [ 5.0, 1.0, 5.5, 1.5 ] }
									}
								},
								{
									"name": "Cube206",
									"from": [ 0.0, 1.4, 0.0 ],
									"to": [ 0.5, 2.4, 0.5 ],
									"rotationOrigin": [ 0.0, 1.4, 0.0 ],
									"rotationZ": -22.0,
									"faces": {
										"north": { "texture": "#club", "uv": [ 5.0, 3.0, 5.5, 4.0 ] },
										"east": { "texture": "#club", "uv": [ 5.0, 4.0, 5.5, 5.0 ] },
										"south": { "texture": "#club", "uv": [ 5.0, 4.0, 5.5, 5.0 ] },
										"west": { "texture": "#club", "uv": [ 5.5, 5.0, 6.0, 6.0 ] },
										"up": { "texture": "#club", "uv": [ 4.5, 1.5, 5.0, 2.0 ] },
										"down": { "texture": "#club", "uv": [ 5.5, 2.0, 6.0, 2.5 ] }
									}
								}
							]
						},
						{
							"name": "Cube207",
							"from": [ 0.0, 1.6, 0.5 ],
							"to": [ 0.5, 3.1, 1.0 ],
							"rotationOrigin": [ 0.25, 1.6, 0.75 ],
							"rotationX": -163.0,
							"rotationZ": 152.0,
							"faces": {
								"north": { "texture": "#club", "uv": [ 4.5, 7.5, 5.0, 9.0 ] },
								"east": { "texture": "#club", "uv": [ 4.5, 7.5, 5.0, 9.0 ] },
								"south": { "texture": "#club", "uv": [ 4.5, 7.5, 5.0, 9.0 ] },
								"west": { "texture": "#club", "uv": [ 4.5, 6.5, 5.0, 8.0 ] },
								"up": { "texture": "#club", "uv": [ 5.5, 2.0, 6.0, 2.5 ] },
								"down": { "texture": "#club", "uv": [ 6.0, 2.0, 6.5, 2.5 ] }
							},
							"children": [
								{
									"name": "Cube208",
									"from": [ 0.0, 1.2, 0.0 ],
									"to": [ 0.5, 2.2, 0.5 ],
									"rotationOrigin": [ 0.0, 1.2, 0.0 ],
									"rotationZ": 30.0,
									"faces": {
										"north": { "texture": "#club", "uv": [ 5.0, 2.0, 5.5, 3.0 ] },
										"east": { "texture": "#club", "uv": [ 5.0, 2.5, 5.5, 3.5 ] },
										"south": { "texture": "#club", "uv": [ 5.0, 2.5, 5.5, 3.5 ] },
										"west": { "texture": "#club", "uv": [ 4.5, 3.0, 5.0, 4.0 ] },
										"up": { "texture": "#club", "uv": [ 4.5, 2.0, 5.0, 2.5 ] },
										"down": { "texture": "#club", "uv": [ 5.0, 1.0, 5.5, 1.5 ] }
									}
								},
								{
									"name": "Cube209",
									"from": [ 0.0, 1.4, 0.0 ],
									"to": [ 0.5, 2.4, 0.5 ],
									"rotationOrigin": [ 0.0, 1.4, 0.0 ],
									"rotationZ": -22.0,
									"faces": {
										"north": { "texture": "#club", "uv": [ 5.0, 3.0, 5.5, 4.0 ] },
										"east": { "texture": "#club", "uv": [ 4.5, 4.0, 5.0, 5.0 ] },
										"south": { "texture": "#club", "uv": [ 4.5, 4.0, 5.0, 5.0 ] },
										"west": { "texture": "#club", "uv": [ 5.0, 5.5, 5.5, 6.5 ] },
										"up": { "texture": "#club", "uv": [ 4.5, 2.5, 5.0, 3.0 ] },
										"down": { "texture": "#club", "uv": [ 5.5, 2.0, 6.0, 2.5 ] }
									}
								}
							]
						},
						{
							"name": "Cube210",
							"from": [ 0.1, 1.3, 0.3 ],
							"to": [ 0.6, 2.8, 0.8 ],
							"rotationOrigin": [ 0.35, 1.3, 0.55 ],
							"rotationX": 14.0,
							"rotationY": -17.0,
							"rotationZ": -47.0,
							"faces": {
								"north": { "texture": "#club", "uv": [ 4.5, 7.5, 5.0, 9.0 ] },
								"east": { "texture": "#club", "uv": [ 4.5, 7.5, 5.0, 9.0 ] },
								"south": { "texture": "#club", "uv": [ 4.5, 7.5, 5.0, 9.0 ] },
								"west": { "texture": "#club", "uv": [ 4.5, 6.5, 5.0, 8.0 ] },
								"up": { "texture": "#club", "uv": [ 5.5, 2.0, 6.0, 2.5 ] },
								"down": { "texture": "#club", "uv": [ 6.0, 2.0, 6.5, 2.5 ] }
							},
							"children": [
								{
									"name": "Cube211",
									"from": [ 0.0, 1.2, 0.0 ],
									"to": [ 0.5, 2.2, 0.5 ],
									"rotationOrigin": [ 0.0, 1.2, 0.0 ],
									"rotationZ": 30.0,
									"faces": {
										"north": { "texture": "#club", "uv": [ 5.0, 2.0, 5.5, 3.0 ] },
										"east": { "texture": "#club", "uv": [ 5.0, 2.5, 5.5, 3.5 ] },
										"south": { "texture": "#club", "uv": [ 5.0, 2.5, 5.5, 3.5 ] },
										"west": { "texture": "#club", "uv": [ 5.5, 3.0, 6.0, 4.0 ] },
										"up": { "texture": "#club", "uv": [ 5.0, 2.0, 5.5, 2.5 ] },
										"down": { "texture": "#club", "uv": [ 5.0, 1.0, 5.5, 1.5 ] }
									}
								},
								{
									"name": "Cube212",
									"from": [ 0.0, 1.4, 0.0 ],
									"to": [ 0.5, 2.4, 0.5 ],
									"rotationOrigin": [ 0.0, 1.4, 0.0 ],
									"rotationZ": -22.0,
									"faces": {
										"north": { "texture": "#club", "uv": [ 5.0, 3.0, 5.5, 4.0 ] },
										"east": { "texture": "#club", "uv": [ 5.5, 4.0, 6.0, 5.0 ] },
										"south": { "texture": "#club", "uv": [ 4.5, 4.0, 5.0, 5.0 ] },
										"west": { "texture": "#club", "uv": [ 5.5, 5.0, 6.0, 6.0 ] },
										"up": { "texture": "#club", "uv": [ 4.0, 2.0, 4.5, 2.5 ] },
										"down": { "texture": "#club", "uv": [ 5.5, 2.0, 6.0, 2.5 ] }
									}
								}
							]
						},
						{
							"name": "Cube213",
							"from": [ 0.2, 1.2, 0.1 ],
							"to": [ 0.7, 2.7, 0.6 ],
							"rotationOrigin": [ 0.45, 1.2, 0.35 ],
							"rotationX": -150.0,
							"rotationY": -47.0,
							"rotationZ": 144.0,
							"faces": {
								"north": { "texture": "#club", "uv": [ 4.5, 7.5, 5.0, 9.0 ] },
								"east": { "texture": "#club", "uv": [ 4.5, 7.5, 5.0, 9.0 ] },
								"south": { "texture": "#club", "uv": [ 4.5, 7.5, 5.0, 9.0 ] },
								"west": { "texture": "#club", "uv": [ 4.5, 6.5, 5.0, 8.0 ] },
								"up": { "texture": "#club", "uv": [ 5.5, 2.0, 6.0, 2.5 ] },
								"down": { "texture": "#club", "uv": [ 6.0, 2.0, 6.5, 2.5 ] }
							},
							"children": [
								{
									"name": "Cube214",
									"from": [ 0.0, 1.2, 0.0 ],
									"to": [ 0.5, 2.2, 0.5 ],
									"rotationOrigin": [ 0.0, 1.2, 0.0 ],
									"rotationZ": 30.0,
									"faces": {
										"north": { "texture": "#club", "uv": [ 5.0, 2.0, 5.5, 3.0 ] },
										"east": { "texture": "#club", "uv": [ 5.0, 2.5, 5.5, 3.5 ] },
										"south": { "texture": "#club", "uv": [ 5.0, 2.5, 5.5, 3.5 ] },
										"west": { "texture": "#club", "uv": [ 5.5, 3.0, 6.0, 4.0 ] },
										"up": { "texture": "#club", "uv": [ 5.5, 2.0, 6.0, 2.5 ] },
										"down": { "texture": "#club", "uv": [ 5.0, 1.0, 5.5, 1.5 ] }
									}
								},
								{
									"name": "Cube215",
									"from": [ 0.0, 1.4, 0.0 ],
									"to": [ 0.5, 2.4, 0.5 ],
									"rotationOrigin": [ 0.0, 1.4, 0.0 ],
									"rotationZ": -22.0,
									"faces": {
										"north": { "texture": "#club", "uv": [ 5.5, 3.0, 6.0, 4.0 ] },
										"east": { "texture": "#club", "uv": [ 5.5, 4.0, 6.0, 5.0 ] },
										"south": { "texture": "#club", "uv": [ 4.5, 4.0, 5.0, 5.0 ] },
										"west": { "texture": "#club", "uv": [ 5.5, 5.0, 6.0, 6.0 ] },
										"up": { "texture": "#club", "uv": [ 5.0, 2.0, 5.5, 2.5 ] },
										"down": { "texture": "#club", "uv": [ 5.5, 2.0, 6.0, 2.5 ] }
									}
								}
							]
						},
						{
							"name": "Cube216",
							"from": [ 0.4, 0.8, 0.3 ],
							"to": [ 0.9, 2.3, 0.8 ],
							"rotationOrigin": [ 0.65, 0.8, 0.55 ],
							"rotationX": 86.0,
							"rotationY": 53.0,
							"rotationZ": -94.0,
							"faces": {
								"north": { "texture": "#club", "uv": [ 4.5, 7.5, 5.0, 9.0 ] },
								"east": { "texture": "#club", "uv": [ 4.5, 7.5, 5.0, 9.0 ] },
								"south": { "texture": "#club", "uv": [ 4.5, 7.5, 5.0, 9.0 ] },
								"west": { "texture": "#club", "uv": [ 4.5, 6.5, 5.0, 8.0 ] },
								"up": { "texture": "#club", "uv": [ 5.5, 2.0, 6.0, 2.5 ] },
								"down": { "texture": "#club", "uv": [ 6.0, 2.0, 6.5, 2.5 ] }
							},
							"children": [
								{
									"name": "Cube217",
									"from": [ 0.0, 1.2, 0.0 ],
									"to": [ 0.5, 2.2, 0.5 ],
									"rotationOrigin": [ 0.0, 1.2, 0.0 ],
									"rotationZ": 30.0,
									"faces": {
										"north": { "texture": "#club", "uv": [ 5.0, 2.0, 5.5, 3.0 ] },
										"east": { "texture": "#club", "uv": [ 4.5, 2.5, 5.0, 3.5 ] },
										"south": { "texture": "#club", "uv": [ 5.0, 2.5, 5.5, 3.5 ] },
										"west": { "texture": "#club", "uv": [ 5.5, 3.0, 6.0, 4.0 ] },
										"up": { "texture": "#club", "uv": [ 5.0, 2.0, 5.5, 2.5 ] },
										"down": { "texture": "#club", "uv": [ 5.0, 1.0, 5.5, 1.5 ] }
									}
								},
								{
									"name": "Cube218",
									"from": [ 0.0, 1.4, 0.0 ],
									"to": [ 0.5, 2.4, 0.5 ],
									"rotationOrigin": [ 0.0, 1.4, 0.0 ],
									"rotationZ": -22.0,
									"faces": {
										"north": { "texture": "#club", "uv": [ 5.5, 3.0, 6.0, 4.0 ] },
										"east": { "texture": "#club", "uv": [ 5.0, 4.0, 5.5, 5.0 ] },
										"south": { "texture": "#club", "uv": [ 4.5, 4.0, 5.0, 5.0 ] },
										"west": { "texture": "#club", "uv": [ 5.5, 5.0, 6.0, 6.0 ] },
										"up": { "texture": "#club", "uv": [ 4.5, 2.0, 5.0, 2.5 ] },
										"down": { "texture": "#club", "uv": [ 5.5, 2.0, 6.0, 2.5 ] }
									}
								}
							]
						},
						{
							"name": "Cube219",
							"from": [ 0.0, 0.7, 0.0 ],
							"to": [ 0.9, 1.7, 0.9 ],
							"rotationOrigin": [ 0.0, 0.7, 0.0 ],
							"rotationZ": -11.0,
							"faces": {
								"north": { "texture": "#club", "uv": [ 4.5, 13.5, 5.0, 14.5 ] },
								"east": { "texture": "#club", "uv": [ 4.5, 13.0, 5.0, 14.0 ] },
								"south": { "texture": "#club", "uv": [ 5.0, 13.0, 5.5, 14.0 ] },
								"west": { "texture": "#club", "uv": [ 5.0, 13.5, 5.5, 14.5 ] },
								"up": { "texture": "#club", "uv": [ 5.0, 13.0, 5.5, 13.5 ] },
								"down": { "texture": "#club", "uv": [ 5.5, 13.5, 6.0, 14.0 ] }
							}
						}
					]
				},
				{
					"name": "Cube220",
					"from": [ 5.0, -1.0, 4.0 ],
					"to": [ 5.5, 0.5, 4.5 ],
					"rotationOrigin": [ 5.25, -1.0, 4.25 ],
					"rotationX": 8.0,
					"rotationY": -147.0,
					"rotationZ": -8.0,
					"faces": {
						"north": { "texture": "#club", "uv": [ 4.5, 7.5, 5.0, 9.0 ] },
						"east": { "texture": "#club", "uv": [ 4.5, 7.5, 5.0, 9.0 ] },
						"south": { "texture": "#club", "uv": [ 4.5, 7.5, 5.0, 9.0 ] },
						"west": { "texture": "#club", "uv": [ 4.5, 6.5, 5.0, 8.0 ] },
						"up": { "texture": "#club", "uv": [ 5.5, 2.0, 6.0, 2.5 ] },
						"down": { "texture": "#club", "uv": [ 5.5, 2.0, 6.0, 2.5 ] }
					},
					"children": [
						{
							"name": "Cube221",
							"from": [ 0.0, 1.2, 0.0 ],
							"to": [ 0.5, 2.2, 0.5 ],
							"rotationOrigin": [ 0.0, 1.2, 0.0 ],
							"rotationZ": 30.0,
							"faces": {
								"north": { "texture": "#club", "uv": [ 5.0, 2.0, 5.5, 3.0 ] },
								"east": { "texture": "#club", "uv": [ 5.0, 2.5, 5.5, 3.5 ] },
								"south": { "texture": "#club", "uv": [ 5.0, 2.5, 5.5, 3.5 ] },
								"west": { "texture": "#club", "uv": [ 5.5, 3.0, 6.0, 4.0 ] },
								"up": { "texture": "#club", "uv": [ 5.5, 2.0, 6.0, 2.5 ] },
								"down": { "texture": "#club", "uv": [ 5.0, 1.0, 5.5, 1.5 ] }
							}
						},
						{
							"name": "Cube222",
							"from": [ 0.0, 1.4, 0.0 ],
							"to": [ 0.5, 2.4, 0.5 ],
							"rotationOrigin": [ 0.0, 1.4, 0.0 ],
							"rotationZ": -22.0,
							"faces": {
								"north": { "texture": "#club", "uv": [ 5.0, 3.0, 5.5, 4.0 ] },
								"east": { "texture": "#club", "uv": [ 5.5, 4.0, 6.0, 5.0 ] },
								"south": { "texture": "#club", "uv": [ 5.0, 4.0, 5.5, 5.0 ] },
								"west": { "texture": "#club", "uv": [ 5.5, 5.0, 6.0, 6.0 ] },
								"up": { "texture": "#club", "uv": [ 5.0, 2.0, 5.5, 2.5 ] },
								"down": { "texture": "#club", "uv": [ 5.5, 2.0, 6.0, 2.5 ] }
							}
						}
					]
				},
				{
					"name": "Cube223",
					"from": [ 5.6, -0.8, 1.2 ],
					"to": [ 6.1, 0.7, 1.7 ],
					"rotationOrigin": [ 5.85, -0.8, 1.45 ],
					"rotationX": 3.0,
					"rotationY": -94.0,
					"rotationZ": -8.0,
					"faces": {
						"north": { "texture": "#club", "uv": [ 4.5, 7.5, 5.0, 9.0 ] },
						"east": { "texture": "#club", "uv": [ 4.5, 7.5, 5.0, 9.0 ] },
						"south": { "texture": "#club", "uv": [ 4.5, 7.5, 5.0, 9.0 ] },
						"west": { "texture": "#club", "uv": [ 4.5, 6.5, 5.0, 8.0 ] },
						"up": { "texture": "#club", "uv": [ 5.5, 2.0, 6.0, 2.5 ] },
						"down": { "texture": "#club", "uv": [ 5.5, 2.0, 6.0, 2.5 ] }
					},
					"children": [
						{
							"name": "Cube224",
							"from": [ 0.0, 1.2, 0.0 ],
							"to": [ 0.5, 2.2, 0.5 ],
							"rotationOrigin": [ 0.0, 1.2, 0.0 ],
							"rotationZ": 30.0,
							"faces": {
								"north": { "texture": "#club", "uv": [ 5.0, 2.0, 5.5, 3.0 ] },
								"east": { "texture": "#club", "uv": [ 5.0, 2.5, 5.5, 3.5 ] },
								"south": { "texture": "#club", "uv": [ 5.0, 2.5, 5.5, 3.5 ] },
								"west": { "texture": "#club", "uv": [ 5.5, 3.0, 6.0, 4.0 ] },
								"up": { "texture": "#club", "uv": [ 5.5, 2.0, 6.0, 2.5 ] },
								"down": { "texture": "#club", "uv": [ 5.0, 1.0, 5.5, 1.5 ] }
							}
						},
						{
							"name": "Cube225",
							"from": [ 0.0, 1.4, 0.0 ],
							"to": [ 0.5, 2.4, 0.5 ],
							"rotationOrigin": [ 0.0, 1.4, 0.0 ],
							"rotationZ": -22.0,
							"faces": {
								"north": { "texture": "#club", "uv": [ 5.0, 3.0, 5.5, 4.0 ] },
								"east": { "texture": "#club", "uv": [ 5.5, 4.0, 6.0, 5.0 ] },
								"south": { "texture": "#club", "uv": [ 5.0, 4.0, 5.5, 5.0 ] },
								"west": { "texture": "#club", "uv": [ 5.5, 5.0, 6.0, 6.0 ] },
								"up": { "texture": "#club", "uv": [ 5.0, 2.0, 5.5, 2.5 ] },
								"down": { "texture": "#club", "uv": [ 5.5, 2.0, 6.0, 2.5 ] }
							}
						}
					]
				},
				{
					"name": "Cube5",
					"from": [ 3.0, 0.0, 4.4 ],
					"to": [ 3.5, 1.0, 4.9 ],
					"rotationOrigin": [ 3.25, 0.0, 4.65 ],
					"rotationY": 14.0,
					"faces": {
						"north": { "texture": "#club", "uv": [ 4.5, 7.5, 5.0, 8.5 ] },
						"east": { "texture": "#club", "uv": [ 4.5, 7.5, 5.0, 8.5 ] },
						"south": { "texture": "#club", "uv": [ 4.5, 7.5, 5.0, 8.5 ] },
						"west": { "texture": "#club", "uv": [ 4.5, 6.5, 5.0, 7.5 ] },
						"up": { "texture": "#club", "uv": [ 5.5, 2.0, 6.0, 2.5 ] },
						"down": { "texture": "#club", "uv": [ 5.0, 2.0, 5.5, 2.5 ] }
					},
					"children": [
						{
							"name": "Cube226",
							"from": [ 0.0, 0.8, 0.0 ],
							"to": [ 0.5, 1.7, 0.5 ],
							"rotationOrigin": [ 0.0, 0.8, 0.0 ],
							"rotationX": -11.0,
							"rotationY": 6.0,
							"rotationZ": 14.0,
							"faces": {
								"north": { "texture": "#club", "uv": [ 5.0, 2.0, 5.5, 2.5 ] },
								"east": { "texture": "#club", "uv": [ 5.0, 2.5, 5.5, 3.0 ] },
								"south": { "texture": "#club", "uv": [ 5.0, 2.5, 5.5, 3.0 ] },
								"west": { "texture": "#club", "uv": [ 5.5, 3.0, 6.0, 3.5 ] },
								"up": { "texture": "#club", "uv": [ 4.5, 2.0, 5.0, 2.5 ] },
								"down": { "texture": "#club", "uv": [ 5.0, 1.0, 5.5, 1.5 ] }
							}
						}
					]
				},
				{
					"name": "Cube228",
					"from": [ -5.0, 0.0, -2.0 ],
					"to": [ -4.5, 0.5, -1.5 ],
					"rotationOrigin": [ -4.75, 0.0, -1.75 ],
					"rotationY": -53.0,
					"faces": {
						"north": { "texture": "#club", "uv": [ 5.0, 7.5, 5.5, 8.0 ] },
						"east": { "texture": "#club", "uv": [ 5.0, 7.5, 5.5, 8.0 ] },
						"south": { "texture": "#club", "uv": [ 5.0, 8.0, 5.5, 8.5 ] },
						"west": { "texture": "#club", "uv": [ 5.0, 6.5, 5.5, 7.0 ] },
						"up": { "texture": "#club", "uv": [ 5.5, 2.0, 6.0, 2.5 ] },
						"down": { "texture": "#club", "uv": [ 5.0, 2.0, 5.5, 2.5 ] }
					}
				},
				{
					"name": "Cube227",
					"from": [ -2.4, 0.0, -6.9 ],
					"to": [ -1.9, 1.0, -6.4 ],
					"rotationOrigin": [ -2.15, 0.0, -6.65 ],
					"rotationY": -83.0,
					"faces": {
						"north": { "texture": "#club", "uv": [ 4.5, 7.5, 5.0, 8.5 ] },
						"east": { "texture": "#club", "uv": [ 4.5, 7.5, 5.0, 8.5 ] },
						"south": { "texture": "#club", "uv": [ 4.5, 7.5, 5.0, 8.5 ] },
						"west": { "texture": "#club", "uv": [ 4.5, 6.5, 5.0, 7.5 ] },
						"up": { "texture": "#club", "uv": [ 5.5, 2.0, 6.0, 2.5 ] },
						"down": { "texture": "#club", "uv": [ 5.0, 2.0, 5.5, 2.5 ] }
					},
					"children": [
						{
							"name": "Cube229",
							"from": [ 0.0, 0.8, 0.1 ],
							"to": [ 0.5, 1.7, 0.6 ],
							"rotationOrigin": [ 0.0, 0.8, 0.1 ],
							"rotationX": -11.0,
							"rotationY": 6.0,
							"rotationZ": 14.0,
							"faces": {
								"north": { "texture": "#club", "uv": [ 5.0, 2.0, 5.5, 2.5 ] },
								"east": { "texture": "#club", "uv": [ 5.0, 2.5, 5.5, 3.0 ] },
								"south": { "texture": "#club", "uv": [ 5.0, 2.5, 5.5, 3.0 ] },
								"west": { "texture": "#club", "uv": [ 5.5, 3.0, 6.0, 3.5 ] },
								"up": { "texture": "#club", "uv": [ 4.5, 2.0, 5.0, 2.5 ] },
								"down": { "texture": "#club", "uv": [ 5.0, 1.0, 5.5, 1.5 ] }
							}
						}
					]
				},
				{
					"name": "Cube6",
					"from": [ 4.0, 0.0, 2.4 ],
					"to": [ 4.5, 1.0, 2.9 ],
					"rotationOrigin": [ 4.25, 0.0, 2.65 ],
					"rotationX": -8.0,
					"rotationY": -80.0,
					"rotationZ": 3.0,
					"faces": {
						"north": { "texture": "#club", "uv": [ 4.5, 7.5, 5.0, 8.5 ] },
						"east": { "texture": "#club", "uv": [ 4.5, 7.5, 5.0, 8.5 ] },
						"south": { "texture": "#club", "uv": [ 4.5, 7.5, 5.0, 8.5 ] },
						"west": { "texture": "#club", "uv": [ 4.5, 6.5, 5.0, 7.5 ] },
						"up": { "texture": "#club", "uv": [ 5.5, 2.0, 6.0, 2.5 ] },
						"down": { "texture": "#club", "uv": [ 5.0, 2.0, 5.5, 2.5 ] }
					},
					"children": [
						{
							"name": "Cube230",
							"from": [ 0.0, 0.8, 0.0 ],
							"to": [ 0.5, 1.7, 0.5 ],
							"rotationOrigin": [ 0.0, 0.8, 0.0 ],
							"rotationX": -11.0,
							"rotationY": 6.0,
							"rotationZ": 14.0,
							"faces": {
								"north": { "texture": "#club", "uv": [ 5.0, 2.0, 5.5, 2.5 ] },
								"east": { "texture": "#club", "uv": [ 5.0, 2.5, 5.5, 3.0 ] },
								"south": { "texture": "#club", "uv": [ 5.0, 2.5, 5.5, 3.0 ] },
								"west": { "texture": "#club", "uv": [ 5.5, 3.0, 6.0, 3.5 ] },
								"up": { "texture": "#club", "uv": [ 4.5, 2.0, 5.0, 2.5 ] },
								"down": { "texture": "#club", "uv": [ 5.0, 1.0, 5.5, 1.5 ] }
							}
						}
					]
				},
				{
					"name": "Cube231",
					"from": [ 3.0, 0.0, 2.0 ],
					"to": [ 3.5, 0.5, 2.5 ],
					"rotationOrigin": [ 3.25, 0.0, 2.25 ],
					"rotationY": 25.0,
					"faces": {
						"north": { "texture": "#club", "uv": [ 5.0, 7.5, 5.5, 8.0 ] },
						"east": { "texture": "#club", "uv": [ 5.0, 7.5, 5.5, 8.0 ] },
						"south": { "texture": "#club", "uv": [ 5.0, 8.0, 5.5, 8.5 ] },
						"west": { "texture": "#club", "uv": [ 5.0, 6.5, 5.5, 7.0 ] },
						"up": { "texture": "#club", "uv": [ 5.5, 2.0, 6.0, 2.5 ] },
						"down": { "texture": "#club", "uv": [ 5.0, 2.0, 5.5, 2.5 ] }
					}
				},
				{
					"name": "Cube232",
					"from": [ 0.0, 0.0, 6.0 ],
					"to": [ 0.5, 0.5, 6.5 ],
					"rotationOrigin": [ 0.25, 0.0, 6.25 ],
					"rotationY": -30.0,
					"faces": {
						"north": { "texture": "#club", "uv": [ 5.0, 7.5, 5.5, 8.0 ] },
						"east": { "texture": "#club", "uv": [ 5.0, 7.5, 5.5, 8.0 ] },
						"south": { "texture": "#club", "uv": [ 5.0, 8.0, 5.5, 8.5 ] },
						"west": { "texture": "#club", "uv": [ 5.0, 6.5, 5.5, 7.0 ] },
						"up": { "texture": "#club", "uv": [ 5.5, 2.0, 6.0, 2.5 ] },
						"down": { "texture": "#club", "uv": [ 5.0, 2.0, 5.5, 2.5 ] }
					}
				}
			]
		}
	]}