{
	"code": "machairodontinae",
	"class": "EntityAgent",
	"fallDamageMultiplierByType": {"*-baby-*" :0.75},
	"canClimb": true,
	"variantgroups": [
    {"code": "age","states": [ "baby"]},
    {"code": "gender","states": [ "female","male"]},
		{"code": "genus","states": [ "homotherium", "smilodon" ]},
		{"code": "species","states": [ "fatalis", "populator","serum" ]}
	],	
	"allowedVariants": [
		"*-homotherium-serum",
		"*-smilodon-fatalis",
		"*-smilodon-populator"
	],
	"collisionBoxSizeByType": {
		"*": {	"x": 0.5,"y": 0.4}
	},
	"deadCollisionBoxSizeByType": {
		"*": {"x": 0.5,"y": 0.2}
	},
	"selectionBoxSizeByType": {
		"*": {"x": 0.5,"y": 0.5}
	},
	"deadSelectionBoxSizeByType": {
		"*": {"x": 0.5,"y": 0.5}
	},
	"eyeHeight": 0.6,
	"weight": 20,
	"drops": [],
	"attributes": {	
		"creatureDiet": {
			"foodTags": ["fish","meat"]},
		"handbook": {"groupcode": "creaturegroup-machairodontinae"}
	},
	"client": {
		"renderer": "Shape",
		"shape": { "base": "entity/land/smilodon-baby" },
		"textureByType": {
			"*": { "base": "entity/machairodontinae/{species}-baby" }
		},
		"sizeByType": {
			"*": 0.5
		},
		"sizeGrowthFactor": 0.2,
		"behaviors": [
			{ "code": "repulseagents" },
			{
				"code": "controlledphysics",
				"stepHeight": 2.1251
			},
			{
				"code": "floatupwhenstuck",
				"onlyWhenDead": true
			},
			{ "code": "interpolateposition" },
			{ "code": "harvestable","quantitySlots": 8 },
			{
				"code": "despawn",
				"minPlayerDistance": 8,
				"belowLightLevel": 8,
				"minSeconds": 300
			},
			{
				"code": "ropetieable",
				"minGeneration": 2
			}
		],
		"animations": [
			{
				"code": "hurt",
				"animation": "hurt",
				"animationSpeed": 2.2,
				"weight": 10,
				"blendMode": "AddAverage"
			},
			{
				"code": "die",
				"animation": "death",
				"animationSpeed": 2.25,
				"weight": 10,
				"blendMode": "Average",
				"triggeredBy": { "onControls": [ "dead" ] }
			},
			{
				"code": "idle",
				"animation": "idle",
				"blendMode": "AddAverage",
				"easeOutSpeed": 4,
				"triggeredBy": { "defaultAnim": true }
			},
			{
				"code": "sleep",
				"animation": "sleep",
				"easeInSpeed": 4,
				"easeOutSpeed": 4,
				"blendMode": "Average"
			},
				{
					"code": "sit",
					"animation": "sit",
					"easeInSpeed": 4,
					"easeOutSpeed": 4,
					"blendMode": "Average"
				},
				{
					"code": "lie",
					"animation": "lie",
					"blendMode": "Average"
				},
				{
					"code": "loaf",
					"animation": "loaf",
					"blendMode": "Average"
				},
				{
					"code": "lick",
					"animation": "lick",
					"blendMode": "Average"
				},
				{
					"code": "swim",
					"animation": "swim",
					"blendMode": "Average"
				},
				{
					"code": "walk",
					"animation": "walk",
					"supressDefaultAnimation": true,
					"blendMode": "Average"
				},
				{
					"code": "run",
					"animation": "run",
					"supressDefaultAnimation": true,
					"blendMode": "Average"
				}
		]
	},
	"server": {
		"attributes": {
			"pathfinder": {
				"minTurnAnglePerSec": 180,
				"maxTurnAnglePerSec": 360
			}
		},
		"behaviors": [
			{ "code": "repulseagents" },
			{
				"code": "controlledphysics",
				"stepHeight": 2.1251
			},
			{
				"code": "despawn",
				"minPlayerDistance": 8,
				"belowLightLevel": 8,
				"minSeconds": 300
			},
			{
				"code": "health",
				"maxhealthByType": {
					"*": 6
				}
			},
			{
				"code": "deaddecay",
				"hoursToDecay": 96,
				"decayedBlock": "carcass-small"
			},
			{
				"code": "floatupwhenstuck",
				"onlyWhenDead": true
			},
			{
				"code": "harvestable","quantitySlots": 8,
				"drops": [
					{
						"type": "item",
						"code": "game:bushmeat-raw",
						"quantityByType": {
							"*": {
								"avg": 2,
								"var": 1
							}
						}
					},
					{
						"type": "item",
						"code": "game:fat",
						"quantityByType": {
							"*": {
								"avg": 0.5,
								"var": 0.3
							}
						}
					},
					{
						"type": "item",
						"code": "machairodontinae:pelt-baby-{genus}-{species}",
						"quantityByType": {
							"*": {"avg": 1.0,"var": 0.0}
						}
					}
				]
			},
			{ "code": "breathe" },
			{
				"code": "emotionstates",
				"states": [
					{
						"code": "fleeondamage",
						"duration": 60,
						"chanceByType": {
							"*": 0.99
						},
						"slot": 2,
						"priority": 5,
						"accumType": "max",
						"whenHealthRelBelow": 0.99
					},
					{
						"code": "alarmherdondamage",
						"chance": 1,
						"slot": 1,
						"priority": 1,
						"accumType": "max"
					}
				]
			},
			{
				"code": "grow",
				"hoursToGrowByType": {
					"*": 584
				},
				"adultEntityCodes": [ "machairodontinae:machairodontinae-adult-{gender}-{genus}-{species}" ]
			},
			{
				"code": "taskai",
				"aiCreatureType": "LandCreature",
				"aitasks": [
					{
						"code": "fleeentity",
						"entityCodes": [ "bear-*","hyena-*","moose-*","wolf-male", "wolf-female","bovinae-adult-*","caninae-canina-adult-*","caninae-cerdocyonina-adult-*","dasyuridae-adult-*","diprotodontidae-adult-*","dinornithidae-adult-*","dromornithidae-adult-*","elephantidae-adult-*","hyaenidae-adult-*","pantherinae-neofelis-adult-*","pantherinae-panthera-adult-*","rhinocerotidae-adult-*","thylacoleonidae-adult-*", "ursidae-adult-*" ],
						"priority": 1.5,
						"movespeedByType": {
							"*": 0.033
						},
						"seekingRange": 11,
						"animationSpeed": 2.2,
						"animation": "Run",
						"sound": "machairodontinae:creature/machairodontinae/cubhurt"
					},
					{
						"code": "fleeentity",
						"entityCodesByType": {
							"*": [ "player","bear-*","hyena-*","moose-*","wolf-male", "wolf-female","bovinae-adult-*","caninae-canina-adult-*","caninae-cerdocyonina-adult-*","dasyuridae-adult-*","diprotodontidae-adult-*","dinornithidae-adult-*","dromornithidae-adult-*","elephantidae-adult-*","hyaenidae-adult-*","pantherinae-neofelis-adult-*","pantherinae-panthera-adult-*","thylacoleonidae-adult-*","ursidae-adult-*" ]
						},
						"priority": 1.53,
						"movespeedByType": {
							"*": 0.033
						},
						"seekingRange": 20,
						"animation": "Run",
						"whenInEmotionState": "fleeondamage",
						"animationSpeed": 2.0,
						"sound": "machairodontinae:creature/machairodontinae/cubhurt"
					},
					{
						"code": "getoutofwater",
						"priority": 1.4,
						"movespeed": 0.01,
						"animation": "Swim",
						"animationSpeed": 1.5
					},
					{
						"code": "stayclosetoentity",
						"priority": 1.4,
						"entityCode": "machairodontinae-adult-female-{genus}-{species}",
						"movespeedByType": {
							"*": 0.033
						},
						"maxDistance": 7,
						"searchRange": 25,
						"animation": "Run",
						"animationSpeed": 2.2
					},
					{
						"code": "idle",
						"priority": 1.35,
						"priorityForCancel": 1.35,
						"minduration": 5000000,
						"maxduration": 5000000,
						"mincooldown": 10000,
						"maxcooldown": 30000,
						"animation": "Sleep",
						"whenNotInEmotionState": "fleeondamage",
						"duringDayTimeFramesByType": {
							"*-fatalis": [{"fromHour": 8,"toHour": 18},{"fromHour": 0,"toHour": 5}],
							"*-populator": [{"fromHour": 9,"toHour": 17},{"fromHour": 0,"toHour": 4}],
							"*-serum": [{"fromHour": 0,"toHour": 9},{"fromHour": 17,"toHour": 24}]
						},
						"stopOnNearbyEntityCodes": [ "player", "wolf-male", "wolf-female", "bear-*", "hyena-*" ],
						"stopRange": 8,
						"stopOnHurt": true
					},
					{
						"code": "idle",
						"priority": 1.3,
						"priorityForCancel": 1.35,
						"minduration": 4667,
						"maxduration": 4667,
						"chance": 0.25,
						"mincooldown": 80000,
						"maxcooldown": 500000,
						"animation": "Roar",
						"animationSpeed": 0.25,
						"soundByType": {
							"*": "machairodontinae:creature/machairodontinae/cubidle"
						},
						"soundRangeByType": {
							"*": 20
						},
						"whenNotInEmotionState": "fleeondamage"
					},
					{
						"code": "wander",
						"priority": 0.95,
						"priorityForCancel": 1.35,
						"movespeedByType": {
							"*": 0.005
						},
						"animationSpeed": 1.05,
						"animation": "Walk",
						"preferredLightLevel": 10,
						"whenNotInEmotionState": "fleeondamage"
					},
					{
						"code": "idle",
						"priority": 1,
						"minduration": 6000,
						"maxduration": 45000,
						"mincooldown": 6000,
						"maxcooldown": 120000,
						"priorityForCancel": 1.28,
						"stopOnNearbyEntityCodes": [ "player", "wolf-male", "wolf-female", "bear-*", "hyena-*" ],
						"stopRange": 15,
						"stopOnHurt": true,
						"animation": "Sit",
						"whenNotInEmotionState": "fleeondamage"
					},
					{
						"code": "idle",
						"priority": 1,
						"minduration": 6000,
						"maxduration": 45000,
						"chance": 0.25,
						"mincooldown": 6000,
						"maxcooldown": 120000,
						"priorityForCancel": 1.28,
						"stopOnNearbyEntityCodes": [ "player", "wolf-male", "wolf-female", "bear-*", "hyena-*" ],
						"stopRange": 15,
						"stopOnHurt": true,
						"animation": "Lick",
						"whenNotInEmotionState": "fleeondamage"
					},
					{
						"code": "idle",
						"priority": 1,
						"minduration": 6000,
						"maxduration": 45000,
						"mincooldown": 6000,
						"maxcooldown": 120000,
						"priorityForCancel": 1.28,
						"stopOnNearbyEntityCodes": [ "player", "wolf-male", "wolf-female", "bear-*", "hyena-*" ],
						"stopRange": 15,
						"stopOnHurt": true,
						"animation": "Lie",
						"whenNotInEmotionState": "fleeondamage"
					},
					{
						"code": "idle",
						"priority": 0.9,
						"minduration": 6000,
						"maxduration": 45000,
						"chance": 0.1,
						"mincooldown": 6000,
						"maxcooldown": 120000,
						"priorityForCancel": 1.28,
						"stopOnNearbyEntityCodes": [ "player", "wolf-male", "wolf-female", "bear-*", "hyena-*" ],
						"stopRange": 15,
						"stopOnHurt": true,
						"animation": "Loaf",
						"whenNotInEmotionState": "fleeondamage"
					},
					{
						"code": "seekfoodandeat",
						"movespeedByType": {
							"*": 0.005
						},
						"priority": 1.34,
						"eatSoundByType": {"*": "game:creature/animal-eat-small"},
						"animationSpeed": 0.95,
						"eatTime": 2,
						"eatItemCategories": [ "protein" ],
						"animation": "Walk",
						"eatAnimation": "Eat",
						"eatAnimationLooseItems": "Eat",
						"whenNotInEmotionState": "fleeondamage"
					},
					{
						"code": "lookaround",
						"priority": 0.5,
						"whenNotInEmotionState": "fleeondamage"
					}
				]
			},
			{
				"code": "ropetieable",
				"minGeneration": 2
			}
		],
		"spawnconditions": {
			"runtime": {
				"group": "hostile",
				"tryOnlySurface": true,
				"maxQuantity": 1,
				"spawnCapPlayerScaling": 0.0,
				"maxQuantityByGroup": {
					"code": "machairodontinae-*",
					"maxQuantity": 1
				},
				"chanceByType": {
					"*": 0
				}
			}
		}
	},
	"sounds": {
		"hurt": "machairodontinae:creature/machairodontinae/cubhurt",
		"death": "machairodontinae:creature/machairodontinae/cubdeath",
		"idle": "machairodontinae:creature/machairodontinae/cubidle"
	},
	"idleSoundChance": 0.04
}