{
    "code": "brasscandleshelf",
    "creativeinventory": { "general": ["*-north"], "decorative": ["*-north"], "decorbazaar": ["*-north"] },
    "behaviors": [{ "name": "HorizontalOrientable" }],
    "variantgroups": [{ "code": "side", "loadFromProperties": "abstract/horizontalorientation" }],
    "shape": {
        "base": "block/brasscandleshelf",
        "rotateYByType": {
            "*-north": 0,
            "*-east": 270,
            "*-south": 180,
            "*-west": 90
        }
    },
    "blockmaterial": "Wood",
  "lightAbsorption": 0,
    "sidesolid": {
        "all": "false"
    },
    "sideopaque": {
        "all": "false"
    },
    "drawtype": "json",
"textures": {
		"0": { "base": "block/bazaar/metal/brassshelf" },
		"candle2": { "base": "game:block/candle" },
		"candle": { "base": "game:block/candle-unlit" },
		"candle-unlit": { "base": "game:block/candle-unlit" },
		"1": { "base": "game:block/metal/ingot/brass" },
		"2": { "base": "game:block/metal/ingot/tinbronze" }
	},
    "resistance": 3.5,
    "collisionBox": { 
			x1: 0, y1: 0, z1: 0, x2: 1, y2: 1, z2: 0.25,
			rotateYByType: {
			"*-east": 270,
			"*-west": 90,
			"*-south": 180
			}
},
    "selectionBox": { 
			x1: 0, y1: 0, z1: 0, x2: 1, y2: 1, z2: 0.25,
			rotateYByType: {
			"*-east": 270,
			"*-west": 90,
			"*-south": 180
			}
},
    "sounds": {
        "place": "game:block/planks",
        "walk": "game:walk/stone"
    },
	guiTransform: {
		rotation: { x: -22.6, y: 147, z: 0 }
	}
}
