{
    "code": "brassmirror",
    "creativeinventory": { "general": ["*-north"], "decorative": ["*-north"], "decorbazaar": ["*-north"] },
    "behaviors": [{ "name": "HorizontalOrientable" }],
    "variantgroups": [{ "code": "side", "loadFromProperties": "abstract/horizontalorientation" }],
    "shape": {
        "base": "block/brassmirror",
        "rotateYByType": {
            "*-north": 0,
            "*-east": 270,
            "*-south": 180,
            "*-west": 90
        }
    },
    "blockmaterial": "Wood",
  "lightAbsorption": 0,
    "sidesolid": {
        "all": "false"
    },
    "sideopaque": {
        "all": "false"
    },
	collisionbox: null,
    "drawtype": "json",
"textures": {
		"brass3": { "base": "game:block/metal/ingot/brass" },
		"mirror": { "base": "block/bazaar/paintings/mirror" }
	},
    "resistance": 3.5,
    "sounds": {
        "place": "game:block/planks",
        "walk": "game:walk/stone"
    },
    "selectionBox": { 
			x1: 0.0001, y1: 0, z1: 0, x2: 1, y2: 1, z2: 0.0625,
			rotateYByType: {
			"*-east": 270,
			"*-west": 90,
			"*-south": 180
			}
},
	guiTransform: {
		rotation: { x: -22.6, y: 147, z: 0 }
	}
}