{
  "code": "clawfoottub",
  "class": "BlockBucket",
  "entityClass": "Bucket",
  "creativeinventory": {
    "general": [ "*-north" ],
    "decorative": [ "*-north" ],
    "decorbazaar": [ "*-north" ]
  },
  "behaviors": [ { "name": "HorizontalOrientable" } ],
  "variantgroups": [
    {
      "code": "side",
      "loadFromProperties": "abstract/horizontalorientation"
    }
  ],
  "shape": {
    "base": "block/clawfoottub",
    "rotateYByType": {
      "*-north": 0,
      "*-east": 270,
      "*-south": 180,
      "*-west": 90
    }
  },
  "blockmaterial": "stone",
  "lightAbsorption": 0,
  "sidesolid": {
    "all": "false"
  },
  "sideopaque": {
    "all": "false"
  },
  "drawtype": "json",
  "textures": {
    "bismuthbronze": { "base": "game:block/metal/plate/bismuthbronze" },
    "blackbronze": { "base": "game:block/metal/plate/blackbronze" },
    "rusty-iron": { "base": "game:block/metal/tarnished/rusty-iron" },
    "plain": { "base": "game:block/stone/plaster/plain" },
    "whitemarble3": { "base": "game:block/stone/rock/whitemarble3" }
  },
  "resistance": 3.5,
  "sounds": {
    "place": "game:block/planks",
    "walk": "game:walk/stone"
  },
	selectionBox: { x1: 0, y1: 0, z1: 0.125, x2: 1, y2: 0.75, z2: 0.875 },
  "liquidSelectable": 1,
  "attributes": {
    "liquidContainerProps": {
      "capacityLitres": 100,
      "transferSizeLitres": 10,
      "emptyShapeLoc": "decor:shapes/block/clawfoottub",
      "opaqueContentShapeLoc": "decor:shapes/block/clawfoottub_contents",
      "liquidContentShapeLoc": "decor:shapes/block/clawfoottub_liquidcontents",
      "liquidMaxYTranslate": 0.3
    }
  }
}
