{
	code: "witchyitems",
"attributes": {
		"handbook": { groupBy: ["witchyitems-*"] },
},
	behaviors: [ {name: "HorizontalOrientable"},
		{
			name: "ExchangeOnInteract",
			properties: {
				exchangeStates: ["*-1-*", "*-2-*" ],
				sound: "block/special/click",
				actionLangCode: "decor:blockhelp-creative-switch"
			}
		} ],
	variantgroups: [
		{ code:"state", states: ["1", "2"] },
		{ code: "side", loadFromProperties: "abstract/horizontalorientation" }
	],
	shapeByType: {
		"*-north": { base: "block/witchyitems-{state}", rotateY: 0 },
		"*-west": { base: "block/witchyitems-{state}", rotateY: 90 },
		"*-south": { base: "block/witchyitems-{state}", rotateY: 180 },
		"*-east": { base: "block/witchyitems-{state}", rotateY: 270 }
	},
	creativeinventoryByType: {
		"*": { "general": ["*-{state}-north"], "decorative": ["*-{state}-north"], "decorbazaar": ["*-{state}-north"] }	
	},
	blockmaterial: "Wood",
	replaceable: 900,
	resistance: 1.5,
	lightAbsorption: 1,
	emitSideAo: {all: false },
	sidesolid: {
		all: false,
		up: true
	},	
	sideopaque: {
		all: false
	},
	combustibleProps: {
		burnTemperature: 600,
		burnDuration: 30,
	},
	sounds: {
		"place": "game:block/planks",
		"hit": "game:block/planks",
		"break": "game:block/planks",
		"walk": "game:walk/wood"
	},
    "drawtype": "json",
    "resistance": 3.5,
	collisionBox: { x1: 0, y1: 0, z1: 0, x2: 1, y2: 0.125, z2: 1 },
	selectionBox: { x1: 0, y1: 0, z1: 0, x2: 1, y2: 0.125, z2: 1 },
    "sounds": {
        "place": "game:block/planks",
        "walk": "game:walk/stone"
    }
}