{
	"code": "anatidae",
	"class": "EntityAgent",
	"fallDamageMultiplier": 0.0,
	"variantgroups": [
		{ "code": "age", "states": ["adult"] },
		{ "code": "gender", "states": ["male", "female"] },
		{ "code": "type", "states": ["cereopsisnovaehollandiae" ] }
	],
	"hitBoxSizeByType": {
		"*-adult-*-cereopsisnovaehollandiae": { "x": 0.75,"y": 1.0}
	},
	"deadhitBoxSizeByType": {
		"*-adult-*-cereopsisnovaehollandiae": { "x": 0.75,"y": 0.5}
	},
	"eyeHeightByType": {
		"*-adult-*-cereopsisnovaehollandiae": 1.0
	},
	"weightByType": {
		"*-adult-female-cereopsisnovaehollandiae":5,
		"*-adult-male-cereopsisnovaehollandiae":5
	},	
	"knockbackResistanceByType": {
		"*-adult-*-cereopsisnovaehollandiae": 0.3
	},	
	"drops": [],
	"attributes": {
		"killedByInfoText": "deadcreature-killed",
		"basketCatchable": true,
		"trapChance": 0.5,
		"trapDestroy": 0.25,
		"creatureDiet": {
			"foodCategoriesByType": {"*-cereopsisnovaehollandiae":["Vegetable"]},
			"foodTagsByType": {"*-cereopsisnovaehollandiae":["grass","nibblecrops"]}
		},
		"handbook": {
			"groupcode": "creaturegroup-anatidae"
		}
	},
	"client": {
		"renderer": "Shape",
		"shapeByType": {
			"*-adult-*-cereopsisnovaehollandiae": { "base": "entity/land/anatidae/cereopsisnovaehollandiae-adult" }
		},
		"textureByType": {
			"*": { "base": "entity/anatidae/{type}-{age}" }   
		},
		"sizeByType": {
			"*-adult-male-cereopsisnovaehollandiae": 1.0,
			"*-adult-female-cereopsisnovaehollandiae": 0.95
		},
		"behaviors": [
			{ "code": "repulseagents" },
			{ "code": "controlledphysics","stepHeight": 1.1251},
			{ "code": "interpolateposition" },
			{ "code": "floatupwhenstuck", "onlyWhenDead": true },
			{ "code": "harvestable","quantitySlots": 8 },
			{ "code": "multiply", "enabledByType": { "*-adult-female-*": true, "*": false } },
			{ "code": "despawn", "minPlayerDistance": 16, "belowLightLevel": 8, "minSeconds": 300 }
		],
		"animations": [
			{
				"code": "attack",
				"animation": "Attack",
				"animationSpeed": 2.2,
				"weight": 10,
				"blendMode": "AddAverage"
			},
			{
				"code": "charge",
				"animation": "Charge",
				"animationSpeed": 2.2,
				"weight": 10,
				"blendMode": "Average"
			},
			{
				"code": "call",
				"animation": "Call",
				"weight": 5,
				"blendMode": "AddAverage"
			},
			{
				"code": "threat",
				"animation": "Threat",
				"easeInSpeed": 2,
				"easeOutSpeed": 2,
				"weight": 10,
				"blendMode": "AddAverage"
			},
			{
				"code": "hurt",
				"animation": "Hurt",
				"animationSpeed": 2.2,
				"weight": 10,
				"blendMode": "AddAverage"
			},
			{
				"code": "die",
				"animation": "Die",
				"easeInSpeed": 10,
				"animationSpeedByType": {
					"*-adult": 0.8,
					"*-baby": 1.0
				},
				"weight": 10,
				"blendMode": "Average",
				"triggeredBy": { "onControls": [ "dead" ] }
			},
			{
				"code": "idle",
				"animation": "Idle",
				"blendMode": "AddAverage",
				"easeOutSpeed": 4,
				"triggeredBy": { "defaultAnim": true }
			},
			{
				"code": "sleep",
				"animation": "Sleep",
				"easeInSpeed": 2,
				"easeOutSpeed": 4,
				"blendMode": "Average"
			},
			{
				"code": "sit",
				"animation": "Sit",
				"easeInSpeed": 1,
				"easeOutSpeed": 2,
				"blendMode": "Average"
			},
			{
				"code": "eat",
				"animation": "Eat",
				"easeInSpeed": 2,
				"easeOutSpeed": 2,
				"blendMode": "AddAverage"
			},
			{
				"code": "scratch",
				"animation": "Scratch",
				"easeInSpeed": 2,
				"easeOutSpeed": 2,
				"weight": 5,
				"blendMode": "AddAverage"
			},
			{
				"code": "swim",
				"animation": "Swim",
				"supressDefaultAnimation": true,
				"blendMode": "Average"
			},
			{
				"code": "walk",
				"animation": "Walk",
				"supressDefaultAnimation": true,
				"weight": 10,
				"blendMode": "Average"
			},
			{
				"code": "highwalk",
				"animation": "Highwalk",
				"supressDefaultAnimation": true,
				"weight": 10,
				"blendMode": "Average"
			},
			{
				"code": "run",
				"animation": "Run",
				"supressDefaultAnimation": true,
				"weight": 10,
				"blendMode": "Average"
			}
		]
	},
	"server": {
		"attributes": {
			"pathfinder": {
				"minTurnAnglePerSec": 90,
				"maxTurnAnglePerSec": 360
			}
		},
		"behaviors": [
			{ "code": "repulseagents" },
      { "code": "controlledphysics","stepHeight": 1.1251},
			{"code": "despawn","minPlayerDistance": 8,"belowLightLevel": 8,"minSeconds": 300},
			{"code": "health",
				"currenthealthByType": {
				"anatidae-adult-*-cereopsisnovaehollandiae": 4
				},
				"maxhealthByType": {
				"anatidae-adult-*-cereopsisnovaehollandiae": 4
				}
			},
			{
				"code": "deaddecay",
				"hoursToDecay": 96,
				"decayedBlockByType": {
					"*-adult-*-cereopsisnovaehollandiae": "carcass-small"
				}
			},
			{
				"code": "floatupwhenstuck",
				"onlyWhenDead": true
			},
			{
				"code": "harvestable","quantitySlots": 8,
				"drops": [
					{
						"type": "item",
						"code": "game:poultry-raw",
						"quantityByType": {
							"anatidae-adult-*-cereopsisnovaehollandiae": {"avg": 1.5,"var": 0.5},
							"*": {"avg": 0.0,"var": 0.0}
						}
					},
					{
						"type": "item",
						"code": "casuariidae:pelt-{gender}-{type}",
						"quantityByType": {
							"*-adult-*": {"avg": 1.0,"var": 0.0},
							"*": {"avg": 0.0,"var": 0.0}
						}
					},
					{
						"type": "item",
						"code": "game:feather",
						"quantityByType": {
							"anatidae-adult-*-cereopsisnovaehollandiae": {"avg": 15,"var": 7},
							"*": {"avg": 5.0,"var": 4.0}
						}
					}
				]
			},		
			{
				"code": "multiply",
				"enabledByType": {
					"*-adult-female-*": true,
					"*": false
				},
				"spawnEntityCodesByType": {
				"*-adult-female-*": [ { "code":"casuariidae:anatidae-nest-incubating-{type}"} ]
				},
				"requiresNearbyEntityCodeByType": {"*-adult-female-*": "casuariidae:anatidae-adult-male-{type}"},
				"requiresNearbyEntityRange": 10,
				"spawnQuantityMinByType": {"*": 1},
				"spawnQuantityMaxByType": {"*": 1},
				"eatAnyway": true,
				"pregnancyDaysByType": {"*":9},
				"multiplyCooldownDaysMin": 73,
				"multiplyCooldownDaysMax": 81,
				"portionsEatenForMultiplyByType": {"*-cereopsisnovaehollandiae":4,"*": 2}
			}, 
			{
				"code": "emotionstates",
				"states": [
					{"code": "fleeondamage","whenHealthRelBelow": 0.5,"duration": 60,"chanceByType": {"*-adult-*": 1.0,"*": 1.0},"slot": 2,"priority": 5,"accumType": "max"},
					{"code": "fleeondamage","duration": 40,"chanceByType": {"*-adult-*": 1.0,"*": 1.0},"slot": 2,"priority": 1,"accumType": "max"},
					{"code": "alarmherdondamage","chance": 1,"slot": 1,"priority": 1,"accumType": "max"},
					{"code": "aggressiveondamage","duration": 10,"chanceByType": {"*-cereopsisnovaehollandiae": 0.05,"*-cnemiornisgracilis": 0.05,"*": 0.0},"slot": 2,"priority": 2,"accumType": "noaccum"},
					{"code": "saturated","duration": 1200,"chance": 1,"slot": 0,"priority": 1,"accumType": "sum"},
					{ "code": "aggressivearoundentities", "duration": 5, "chanceByType": {"*-cereopsisnovaehollandiae": 1.0,"*": 0.0}, "slot": 2, "priority": 1, "entityCodes": ["casuariidae:anatidae-baby-female-cereopsisnovaehollandiae","casuariidae:anatidae-baby-male-cereopsisnovaehollandiae","casuariidae:anatidae-egg-cereopsisnovaehollandiae-raw","casuariidae:anatidae-nest-incubating-cereopsisnovaehollandiae"], "maxGeneration": 2 }
				]
			},
			{
				"code": "taskai",
				"aiCreatureType": "LandCreature",
				"aitasks": [
					{
						"code": "meleeattack",
						"animation": "Attack",
						"entityCodes": [ "player","bear-*", "fox-*", "hyena-male", "hyena-female", "wolf-male", "wolf-female", "caninae-*","dasyuridae-adult-*","felinae-*","hyaenidae-*","machairodontinae-*", "pantherinae-*","thylacoleonidae-*", "ursidae-*","viverridae-*" ],
						"priority": 3,
						"damageByType": {
							"anatidae-adult-*-cereopsisnovaehollandiae": 3
						},
						"damageTierByType": {"*":1},
						"damageType": "SlashingAttack",
						"slot": 1,
						"mincooldown": 1500,
						"maxcooldown": 2500,
						"attackDurationMs": 1250,
						"damagePlayerAtMs": 500,
						"animationSpeed": 1.5,
						"soundByType": {
							"*-adult-*-cereopsisnovaehollandiae": "creature/anatidae/goose-call*"
						},
						"whenInEmotionState": "aggressiveondamage|aggressivearoundentities"
					},
					{
						"code": "fleeentity",
						"animation": "Run",
						"entityCodesByType": {
							"@.*-(cereopsisnovaehollandiae)": [  "player","bear-*", "fox-*", "hyena-male", "hyena-female", "wolf-male", "wolf-female", "caninae-canina-adult-*","caninae-cerdocyonina-adult-*","caninae-vulpini-adult-*","caninae-urocyonini-adult-*","dasyuridae-adult-*","felinae-adult-*","hyaenidae-adult-*","machairodontinae-adult-*", "pantherinae-panthera-adult-*","thylacoleonidae-adult-*", "ursidae-adult-*","viverridae-*"]
							},
						"priority": 1.51,
						"movespeedByType": {
							"anatidae-adult-*": 0.03
						},
						"seekingRange": 40,
						"animationSpeedByType": {
							"*-adult-female-cereopsisnovaehollandiae": 2.1,
							"*-adult-male-cereopsisnovaehollandiae": 2.0
						},
						"whenInEmotionState": "fleeondamage",
						"soundByType": {
							"*-adult-*-cereopsisnovaehollandiae": "creature/anatidae/goose-call*"
						}
					},
					{
						"code": "fleeentity",
						"animation": "Run",
						"entityCodesByType": {
							"@.*-(cereopsisnovaehollandiae)": [  "bear-*", "fox-*", "hyena-male", "hyena-female", "wolf-male", "wolf-female", "caninae-canina-adult-*","caninae-cerdocyonina-adult-*","caninae-vulpini-adult-*","caninae-urocyonini-adult-*","dasyuridae-adult-*","felinae-adult-*","hyaenidae-adult-*","machairodontinae-adult-*", "pantherinae-panthera-adult-*","thylacoleonidae-adult-*", "ursidae-adult-*","viverridae-*"]
						},
						"priority": 1.51,
						"movespeedByType": {
							"anatidae-adult-*": 0.03
						},
						"seekingRange": 24,
						"animationSpeedByType": {
							"*-adult-female-cereopsisnovaehollandiae": 2.1,
							"*-adult-male-cereopsisnovaehollandiae": 2.0
						}
					},
					{
						"code": "seekentity",
						"animation": "Charge",
						"entityCodesByType": {
							"@.*-(cereopsisnovaehollandiae)": [  "player","bear-*", "fox-*", "hyena-male", "hyena-female", "wolf-male", "wolf-female", "caninae-canina-adult-*","caninae-cerdocyonina-adult-*","caninae-vulpini-adult-*","caninae-urocyonini-adult-*","dasyuridae-adult-*","felinae-adult-*","hyaenidae-adult-*","machairodontinae-adult-*", "pantherinae-panthera-adult-*","thylacoleonidae-adult-*", "ursidae-adult-*","viverridae-*"]},
						"priority": 1.6,
						"mincooldown": 600,
						"maxcooldown": 650,
						"movespeedByType": {
							"anatidae-adult-*": 0.03
						},
						"animationSpeedByType": {
							"*-adult-female-cereopsisnovaehollandiae": 2.1,
							"*-adult-male-cereopsisnovaehollandiae": 2.0
						},
						"seekingRange": 2,
						"soundByType": {
							"*-adult-*-cereopsisnovaehollandiae": "creature/anatidae/goose-call*"
						},
						"whenInEmotionState": "aggressiveondamage|aggressivearoundentities"
					},
					{
						"code": "stayclosetoentity",
						"animationByType": {
							"*-adult-*": "Walk",
							"*": "Run"
						},
						"priority": 1.4,
						"entityCodeByType": {
							"*-adult-female-*": "anatidae-nest-{type}-incubating",
							"*-adult-male-*": "anatidae-adult-female-{type}"
						},
						"movespeedByType": {
							"anatidae-adult-*": 0.003,
							"*": 0.015
						},
						"animationSpeedByType": {
							"*-adult-female-cereopsisnovaehollandiae": 1.05,
							"*-adult-male-cereopsisnovaehollandiae": 1.0
						},
						"maxDistanceByType": {
							"*-adult-male-*": 10,
							"*": 1.5
						},
						"searchRange": 25
					},
					{
						"code": "getoutofwater",
						"animation": "Swim",
						"priority": 1.4,
						"movespeedByType": {
							"anatidae-adult-*": 0.03,
							"*": 0.03
						},
						"animationSpeedByType": {
							"*-adult-female-cereopsisnovaehollandiae": 1.05,
							"*-adult-male-cereopsisnovaehollandiae": 1.0
						}
					},
					{
						"code": "idle",
						"animation": "Idle",
						"priority": 0.9,
						"minduration": 1600,
						"maxduration": 4500,
						"mincooldown": 6000,
						"maxcooldown": 120000,
						"priorityForCancel": 1.28,
						"whenNotInEmotionState": "aggressiveondamage|fleeondamage",
						"stopOnNearbyEntityCodes": [ "player", "bear-*", "fox-*", "hyena-male", "hyena-female", "wolf-male", "wolf-female", "caninae-*","hyaenidae-*","felinae-*","machairodontinae-*", "pantherinae-*","thylacoleonidae-*", "ursidae-*" ],
						"stopRange": 10,
						"stopOnHurt": true,
						"soundByType": {
							"*-adult-*-cereopsisnovaehollandiae": "creature/anatidae/goose-call*"
						}
					},
					{
						"code": "idle",
						"animation": "Sleep",
						"priority": 1.38,
						"minduration": 200000,
						"maxduration": 800000,
						"mincooldown": 10000,
						"maxcooldown": 30000,
						"priorityForCancel": 1.38,
						"whenNotInEmotionState": "aggressiveondamage|fleeondamage",
						"duringDayTimeFramesByType": {
							"*":[{"fromHour": 20,"toHour": 24},{"fromHour": 0,"toHour": 4}]},
						"stopOnNearbyEntityCodes": [ "player", "bear-*","fox-*", "hyena-male", "hyena-female", "wolf-male", "wolf-female", "caninae-*","felinae-*","hyaenidae-*","machairodontinae-*", "pantherinae-*","thylacoleonidae-*", "ursidae-*"  ],
						"stopRange": 8,
						"stopOnHurt": true,
						"whenSwimming": false
					},
					{
						"code": "idle",
						"animation": "Sit",
						"priority": 0.9,
						"minduration": 15000,
						"maxduration": 45000,
						"mincooldown": 6000,
						"maxcooldown": 120000,
						"priorityForCancel": 1.28,
						"whenNotInEmotionState": "aggressiveondamage|fleeondamage",
						"stopOnNearbyEntityCodes": [ "player", "bear-*","fox-*", "hyena-male", "hyena-female", "wolf-male", "wolf-female", "caninae-*","felinae-*","hyaenidae-*","machairodontinae-*", "pantherinae-*","thylacoleonidae-*", "ursidae-*"  ],
						"stopRange": 10,
						"stopOnHurt": true,
						"whenSwimming": false
					},
					{
						"code": "idle",
						"animation": "Call",
						"priority": 1.0,
						"priorityForCancel": 1.35,
						"whenNotInEmotionState": "aggressiveondamage|fleeondamage",
						"stopOnNearbyEntityCodes": [ "player", "bear-*","fox-*", "hyena-male", "hyena-female", "wolf-male", "wolf-female", "caninae-*","felinae-*","hyaenidae-*","machairodontinae-*", "pantherinae-*","thylacoleonidae-*", "ursidae-*"  ],
						"stopRange": 10,
						"minduration": 2000,
						"maxduration": 2000,
						"chance": 0.2,
						"mincooldown": 8000,
						"maxcooldown": 50000,
						"animationSpeed": 0.5,
						"soundByType": {
							"*-adult-*-cereopsisnovaehollandiae": "creature/anatidae/goose-call*"
						},
						"soundRangeByType": {
						"*-adult-*-cereopsisnovaehollandiae":48
						},
						"whenSwimming": false
					},
					{
						"code": "idle",
						"animation": "Scratch",
						"priority": 1.0,
						"priorityForCancel": 1.35,
						"whenNotInEmotionState": "aggressiveondamage|fleeondamage",
						"stopOnNearbyEntityCodes": [  "player", "bear-*","fox-*", "hyena-male", "hyena-female", "wolf-male", "wolf-female", "caninae-*","felinae-*","hyaenidae-*","machairodontinae-*", "pantherinae-*","thylacoleonidae-*", "ursidae-*"  ],
						"stopRange": 10,
						"minduration": 4000,
						"maxduration": 4000,
						"mincooldown": 8000,
						"maxcooldown": 50000,
						"chance": 0.1,
						"animationSpeed": 1.0,
						"whenSwimming": false
					},
					{
						"code": "idle",
						"animation": "Eat",
						"priority": 1.2,
						"priorityForCancel": 1.35,
						"whenNotInEmotionState": "aggressiveondamage|fleeondamage",
						"stopOnNearbyEntityCodes": [  "player", "bear-*","fox-*", "hyena-male", "hyena-female", "wolf-male", "wolf-female", "caninae-*","felinae-*","hyaenidae-*","machairodontinae-*", "pantherinae-*","thylacoleonidae-*", "ursidae-*" ],
						"stopRange": 10,
						"minduration": 2000,
						"maxduration": 2000,
						"mincooldown": 6000,
						"maxcooldown": 20000,
						"chance": 0.1,
						"animationSpeed": 0.5,
						"whenSwimming": false
					},
					{
						"code": "idle",
						"animation": "Threat",
						"priority": 1.2,
						"priorityForCancel": 1.35,
						"whenNotInEmotionState": "aggressiveondamage|fleeondamage",
						"stopOnNearbyEntityCodes": [  "player", "bear-*","fox-*", "hyena-male", "hyena-female", "wolf-male", "wolf-female", "caninae-*","felinae-*","hyaenidae-*","machairodontinae-*", "pantherinae-*","thylacoleonidae-*", "ursidae-*"  ],
						"stopRange": 10,
						"chance": 0.1,
						"minduration": 4000,
						"maxduration": 4000,
						"mincooldown": 6000,
						"maxcooldown": 20000,
						"animationSpeed": 0.25,
						"whenSwimming": false
					},
					{
						"code": "wander",
						"animation": "Walk",
						"priority": 1.0,
						"priorityForCancel": 1.35,
						"whenNotInEmotionState": "aggressiveondamage|fleeondamage",
						"stopOnNearbyEntityCodes": [ "player", "bear-*","fox-*", "hyena-male", "hyena-female", "wolf-male", "wolf-female", "caninae-*","felinae-*","hyaenidae-*","machairodontinae-*", "pantherinae-*","thylacoleonidae-*", "ursidae-*"  ],
						"stopRange": 10,
						"movespeedByType": {
							"anatidae-adult-*": 0.003,
							"anatidae-baby-*": 0.003
						},
						"animationSpeedByType": {
							"*-adult-female-cereopsisnovaehollandiae": 1.05,
							"*-adult-male-cereopsisnovaehollandiae": 1.0,
							"*-baby-*-cereopsisnovaehollandiae": 2.0
						},
						"preferredLightLevel": 12,
						"whenSwimming": false
					},
					{
						"code": "wander",
						"animation": "Highwalk",
						"priority": 1.0,
						"priorityForCancel": 1.35,
						"whenNotInEmotionState": "aggressiveondamage|fleeondamage",
						"stopOnNearbyEntityCodes": [  "player", "bear-*","fox-*", "hyena-male", "hyena-female", "wolf-male", "wolf-female", "caninae-*","felinae-*","hyaenidae-*","machairodontinae-*", "pantherinae-*","thylacoleonidae-*", "ursidae-*" ],
						"stopRange": 10,
						"movespeedByType": {
							"anatidae-adult-*": 0.003
						},
						"animationSpeedByType": {
							"*-adult-female-cereopsisnovaehollandiae": 1.05,
							"*-adult-male-cereopsisnovaehollandiae": 1.0
						},
						"preferredLightLevel": 12,
						"whenSwimming": false
					},
					{
						"code": "seekfoodandeat",
						"animation": "Walk",
						"eatAnimation": "Eat",
						"priority": 1.25,
						"whenNotInEmotionState": "aggressiveondamage|fleeondamage",
						"eatSoundByType": {
							"*": "game:creature/animal-eat-small"
						},
						"eatTime": 1.5,
						"eatLooseItems": true,
						"movespeedByType": {
							"anatidae-adult-*": 0.003
						},
						"animationSpeedByType": {
							"*-adult-female-cereopsisnovaehollandiae": 1.05,
							"*-adult-male-cereopsisnovaehollandiae": 1.0
						},
						"mincooldownHours": 1,
						"maxcooldownHours": 4,
						"whenSwimming": false
					},
					{
						"code": "lookaround",
						"whenNotInEmotionState": "aggressiveondamage|fleeondamage",
						"priority": 0.5,
						"whenSwimming": false
					}
				]
			},
			{
				"code": "pettable",
				"minGeneration": 1
			},
			{
				"code": "ropetieable",
				"minGeneration": 2
			}
		],
		"spawnconditions": {
			"worldgen": {
				"tryOnlySurface": true,
				"triesPerChunk": { "avg": 0, "var": 0 },
				"groupSizeByType": {
					"*-adult-male-cereopsisnovaehollandiae": { "dist": "invexp", "avg": 1.5, "var": 0.5 },"*-adult-female-cereopsisnovaehollandiae": { "dist": "invexp", "avg": 23, "var": 17 }
				},
				"insideBlockCodes": [ "game:air", "game:gravel-*",  "game:sand-*","game:snowlayer-1","game:soil-*","game:tallgrass-*" ],
				"companionsByType": {
				"*-adult-female-cereopsisnovaehollandiae":["casuariidae:anatidae-adult-female-{type}","casuariidae:anatidae-adult-male-{type}","casuariidae:anatidae-baby-female-{type}","casuariidae:anatidae-baby-male-{type}"],
				"*":["casuariidae:anatidae-adult-female-{type}","casuariidae:anatidae-adult-male-{type}"]}
			},
			"runtime": {
				"group": "neutral",
				"tryOnlySurface": true,
				"chanceByType": {
					"anatidae-adult-female-cereopsisnovaehollandiae": 0.0001, "anatidae-adult-male-cereopsisnovaehollandiae": 0.0001,
					"*": 0.0
				},
				"mindistancetoplayer": 50,
				"maxLightLevel": 7,
				"lightLevelType": "onlyBlockLight",	
				"spawnCapPlayerScaling": 0.0,	
				"groupSizeByType": {
					"*-adult-male-cereopsisnovaehollandiae": { "dist": "invexp", "avg": 1.5, "var": 0.5 },"*-adult-female-cereopsisnovaehollandiae": { "dist": "invexp", "avg": 23, "var": 17 }
				},
				"insideBlockCodes": [ "game:air", "game:soil-*","game:gravel-*", "game:tallgrass-*", "game:snowlayer-1", "game:sand-*"],
				"companionsByType": {
				"*-adult-female-cereopsisnovaehollandiae":["casuariidae:anatidae-adult-female-{type}","casuariidae:anatidae-adult-male-{type}","casuariidae:anatidae-baby-female-{type}","casuariidae:anatidae-baby-male-{type}"],
				"*":["casuariidae:anatidae-adult-female-{type}","casuariidae:anatidae-adult-male-{type}"]}
			}
		},
		"spawnconditionsByType": {
			"anatidae-adult-*-cereopsisnovaehollandiae": {
				"climate": {
					"minTemp": 10,
					"maxTemp": 18,
					"minRain": 0.30,
					"maxRain": 0.6,
					"minForestOrShrubs": 0.0,
					"maxForest": 4.0,
					"maxShrubs": 1.0,
					"minY": 1.0,
					"maxY": 1.2					
				},
				"worldgen": {
					"triesPerChunk": { "avg": 0.001, "var": 0}
				},
				"runtime": {
					"maxQuantityByGroup": { "code": "anatidae-*", "maxQuantity": 4 }
				}
			}
		}
	},
	"soundsByType": {
		"anatidae-adult-*-cereopsisnovaehollandiae":{
			"hurt": "creature/anatidae/goose-call3",
			"death": "creature/anatidae/goose-call3",
			"idle": "creature/anatidae/goose-call*"
		}
	},
	"idleSoundRangeByType": {
		"*-adult-*-cereopsisnovaehollandiae":48
	},
	"idleSoundChanceByType": {
		"*-adult-*": 0.75
	}
}