{
	"code": "dromornithidae",
	"class": "EntityAgent",
	"fallDamageMultiplier": 0.75,
	"variantgroups": [
		{ "code": "age", "states": ["adult"] },
		{ "code": "gender", "states": ["male", "female"] },
		{ "code": "type", "states": ["genyornisnewtoni"] }
	],
	"hitBoxSizeByType": {
		"*-adult-*": { "x": 1.25,"y": 1.5}
	},
	"deadhitBoxSizeByType": {
		"*-adult-*": { "x": 1.25,"y": 0.75}
	},
	"eyeHeightByType": {
		"*": 1.9
	},
	"weightByType": {
		"*-adult-*-genyornisnewtoni": 230
	},	
	"knockbackResistanceByType": {
		"*": 1.5
	},	
	"drops": [],
	"attributes": {
		"killedByInfoText": "deadcreature-killed",
		"basketCatchable": true,
		"trapChance": 0.0,
		"trapDestroyChance": 0.5,
		"creatureDiet": {
			"foodCategories": ["Grain", "Vegetable"],
			"foodTags": ["grass","nibbleCrop"]
		},
		"handbook": {
			"groupcode": "creaturegroup-dromornithidae"
		}
	},
	"client": {
		"renderer": "Shape",
		"shapeByType": {
			"*-adult-*-genyornisnewtoni": { "base": "entity/land/dromornithidae/genyornisnewtoni-adult" }
		},
		"textureByType": {
			"*": { "base": "entity/dromornithidae/{type}-{gender}" } 
		},
		"sizeByType": {
			"*-adult-female-genyornisnewtoni": 1.0,
			"*-adult-male-genyornisnewtoni": 0.95
		},
		"behaviors": [
			{ "code": "repulseagents" },
			{ "code": "controlledphysics","stepHeight": 2.1251 },
			{ "code": "interpolateposition" },
			{ "code": "floatupwhenstuck", "onlyWhenDead": true },
			{ "code": "harvestable","quantitySlots": 8 },
			{ "code": "multiply", "enabledByType": { "*-adult-female-*": true, "*": false } },
			{ "code": "despawn", "minPlayerDistance": 16, "belowLightLevel": 8, "minSeconds": 300 }
		],
		"animations": [
			{
				"code": "attack",
				"animation": "Attack",
				"animationSpeed": 2.2,
				"weight": 10,
				"blendMode": "AddAverage"
			},
			{
				"code": "charge",
				"animation": "Charge",
				"animationSpeed": 2.2,
				"weight": 10,
				"blendMode": "Average"
			},
			{
				"code": "call",
				"animation": "Call",
				"weight": 5,
				"blendMode": "AddAverage"
			},
			{
				"code": "threat",
				"animation": "Threat",
				"easeInSpeed": 2,
				"easeOutSpeed": 2,
				"weight": 10,
				"blendMode": "AddAverage"
			},
			{
				"code": "hurt",
				"animation": "Hurt",
				"animationSpeed": 2.2,
				"weight": 10,
				"blendMode": "AddAverage"
			},
			{
				"code": "die",
				"animation": "Die",
				"easeInSpeed": 3,
				"animationSpeed": 0.8,
				"weight": 10,
				"blendMode": "Average",
				"triggeredBy": { "onControls": [ "dead" ] }
			},
			{
				"code": "idle",
				"animation": "Idle",
				"blendMode": "AddAverage",
				"easeOutSpeed": 4,
				"triggeredBy": { "defaultAnim": true }
			},
			{
				"code": "sleep",
				"animation": "Sleep",
				"easeInSpeed": 2,
				"easeOutSpeed": 4,
				"blendMode": "Average"
			},
			{
				"code": "sit",
				"animation": "Sit",
				"easeInSpeed": 1,
				"easeOutSpeed": 2,
				"blendMode": "Average"
			},
			{
				"code": "eat",
				"animation": "Eat",
				"easeInSpeed": 2,
				"easeOutSpeed": 2,
				"blendMode": "AddAverage"
			},
			{
				"code": "scratch",
				"animation": "Scratch",
				"easeInSpeed": 2,
				"easeOutSpeed": 2,
				"weight": 5,
				"blendMode": "AddAverage"
			},
			{
				"code": "swim",
				"animation": "Swim",
				"supressDefaultAnimation": true,
				"blendMode": "Average"
			},
			{
				"code": "walk",
				"animation": "Walk",
				"supressDefaultAnimation": true,
				"weight": 10,
				"blendMode": "Average"
			},
			{
				"code": "highwalk",
				"animation": "Highwalk",
				"supressDefaultAnimation": true,
				"weight": 10,
				"blendMode": "Average"
			},
			{
				"code": "run",
				"animation": "Run",
				"supressDefaultAnimation": true,
				"weight": 10,
				"blendMode": "Average"
			}
		]
	},
	"server": {
		"attributes": {
			"pathfinder": {
				"minTurnAnglePerSec": 90,
				"maxTurnAnglePerSec": 180
			}
		},
		"behaviors": [
			{ "code": "repulseagents" },
      { "code": "controlledphysics","stepHeight": 2.1251},
			{"code": "despawn","minPlayerDistance": 8,"belowLightLevel": 8,"minSeconds": 300},
			{"code": "health",
				"currenthealthByType": {
				"dromornithidae-adult-*": 20
				},
				"maxhealthByType": {
				"dromornithidae-adult-*": 20
				}
			},
			{
				"code": "deaddecay",
				"hoursToDecay": 96,
				"decayedBlockByType": {
					"*": "carcass-medium"
				}
			},
			{
				"code": "floatupwhenstuck",
				"onlyWhenDead": true
			},
			{
				"code": "harvestable","quantitySlots": 8,
				"drops": [
					{
						"type": "item",
						"code": "game:redmeat-raw",
						"quantityByType": {
							"dromornithidae-adult-*-genyornisnewtoni": {"avg": 11.5,"var": 1},
							"*": {"avg": 1.5,"var": 0.5}
						}
					},
					{
						"type": "item",
						"code": "game:poultry-raw",
						"quantityByType": {
							"dromornithidae-adult-*-genyornisnewtoni": {"avg": 11.5,"var": 1},
							"*": {"avg": 1.5,"var": 0.5}
						}
					},
					{
						"type": "item",
						"code": "casuariidae:pelt-{gender}-{type}",
						"quantityByType": {
							"*-adult-*": {"avg": 1.0,"var": 0.0},
							"*": {"avg": 0.0,"var": 0.0}
						}
					},
					{
						"type": "item",
						"code": "game:feather",
						"quantityByType": {
							"*": {"avg": 15.0,"var": 7.0}
						}
					},
					{
						"type": "item",
						"code": "game:fat",
						"quantityByType": {
							"dromornithidae-adult-*": {"avg": 3,"var": 1},
							"*": {"avg": 0,"var": 0}
						}
					}
				]
			},
			{ "code": "breathe" },			
			{
				"code": "multiply",
				"enabledByType": {
					"*-adult-female-*": true,
					"*": false
				},
				"spawnEntityCodesByType": {
				"*-adult-female-*": [ { "code":"casuariidae:dromornithidae-nest-incubating-{type}"} ]
				},
				"requiresNearbyEntityCodeByType": {"*-adult-female-*": "casuariidae:dromornithidae-adult-male-{type}"},
				"requiresNearbyEntityRange": 10,
				"spawnQuantityMinByType": {"*": 1},
				"spawnQuantityMaxByType": {"*": 1},
				"eatAnyway": true,
				"pregnancyDaysByType": {"*-genyornisnewtoni":18},
				"multiplyCooldownDaysMin": 73,
				"multiplyCooldownDaysMax": 81,
				"portionsEatenForMultiplyByType": {"*-genyornisnewtoni":17}
			}, 
			{
				"code": "emotionstates",
				"states": [
					{"code": "fleeondamage","whenHealthRelBelow": 0.5,"duration": 60,"chanceByType": {"*-adult-*": 1.0,"*": 1.0},"slot": 2,"priority": 5,"accumType": "max"},
					{"code": "fleeondamage","duration": 40,"chanceByType": {"*-adult-*": 0.75,"*": 1.0},"slot": 2,"priority": 1,"accumType": "max"},
					{"code": "alarmherdondamage","chance": 1,"slot": 1,"priority": 1,"accumType": "max"},
					{"code": "aggressiveondamage","duration": 30,"chanceByType": {"*": 1.0},"slot": 2,"priority": 2,"accumType": "noaccum"},
					{"code": "saturated","duration": 1200,"chance": 1,"slot": 0,"priority": 1,"accumType": "sum"},
					{"code": "aggressivearoundentities", "duration": 60, "chanceByType": {"*-adult-male-*": 1.0,"*": 0.0}, "slot": 2, "priority": 1, "entityCodes": ["casuariidae:dromornithidae-adult-female-{type}"], "maxGeneration": 4 },
					{"code": "aggressivearoundentities", "duration": 60, "chanceByType": {"*-adult-*": 1.0,"*": 0.0}, "slot": 2, "priority": 1, "entityCodes": ["casuariidae:dromornithidae-baby-female-{type}","casuariidae:dromornithidae-baby-male-{type}"], "maxGeneration": 2 }
				]
			},
			{
				"code": "taskai",
				"aiCreatureType": "LandCreature",
				"aitasks": [
					{
						"code": "meleeattack",
						"animation": "Attack",
						"entityCodes": [ "player","bear-*", "fox-male", "fox-female",  "hyena-male", "hyena-female", "wolf-male", "wolf-female", "caninae-*","dasyuridae-*","felinae-*","hyaenidae-*","machairodontinae-*", "pantherinae-*","thylacoleonidae-*","ursidae-*" ],
						"priority": 3,
						"damageByType": {
							"dromornithidae-adult-*-genyornisnewtoni": 10
						},
						"damageTier": 2,
						"damageType": "SlashingAttack",
						"slot": 1,
						"mincooldown": 1500,
						"maxcooldown": 2500,
						"attackDurationMs": 1250,
						"damagePlayerAtMs": 500,
						"animationSpeed": 1.5,
						"soundByType": {
							"*-adult-*": "creature/dromornithidae/call1"
						},
						"whenInEmotionState": "aggressiveondamage|aggressivearoundentities"
					},
					{
						"code": "fleeentity",
						"animation": "Run",
						"entityCodesByType": {
							"@.*-(genyornisnewtoni)": [  "player","bear-*", "hyena-male", "hyena-female", "wolf-male", "wolf-female", "caninae-canina-adult*","felinae-adult-*","hyaenidae-adult-*","machairodontinae-adult-*", "pantherinae-panthera-adult-*","thylacoleonidae-*","ursidae-adult-*"]},
						"priority": 1.51,
						"movespeedByType": {
							"dromornithidae-adult-*-genyornisnewtoni": 0.06
						},
						"seekingRange": 40,
						"animationSpeedByType": {
							"*-adult-*": 1.8
						},
						"whenInEmotionState": "fleeondamage"
					},
					{
						"code": "fleeentity",
						"animation": "Run",
						"entityCodesByType": {
							"@.*-(genyornisnewtoni)": [  "bear-*", "hyena-male", "hyena-female", "wolf-male", "wolf-female", "caninae-canina-adult*","diprotodontidae-adult-*","elephantidae-*","felinae-adult-*","hyaenidae-adult-*","machairodontinae-adult-*", "pantherinae-panthera-adult-*","thylacoleonidae-*","ursidae-adult-*"]},
						"priority": 1.51,
						"movespeedByType": {
							"dromornithidae-adult-*-genyornisnewtoni": 0.03
						},
						"seekingRange": 24,
						"animationSpeedByType": {
							"*-adult-*": 0.9
						}
					},
					{
						"code": "seekentity",
						"animation": "Charge",
						"entityCodes": [ "player", "hyena-male", "hyena-female", "wolf-male", "wolf-female", "caninae-*","dasyuridae-adult-*","felinae-*","hyaenidae-*","machairodontinae-*", "pantherinae-*","thylacoleonidae-*","ursidae-*"  ],
						"priority": 1.6,
						"mincooldown": 600,
						"maxcooldown": 650,
						"movespeedByType": {
							"dromornithidae-adult-*-genyornisnewtoni": 0.06
						},
						"animationSpeedByType": {
							"dromornithidae-adult-*-genyornisnewtoni": 1.8,
							"*": 1.2
						},
						"seekingRange": 20,
						"soundByType": {
							"*-adult-*": "creature/dromornithidae/call1"
						},
						"whenInEmotionState": "aggressiveondamage|aggressivearoundentities"
					},
					{
						"code": "stayclosetoentity",
						"animation": "Walk",
						"priority": 1.4,
						"entityCodeByType": {
							"*-adult-female-*": "dromornithidae-adult-male-{type}",
							"*-adult-male-*": "dromornithidae-nest-{type}-incubating"
						},
						"movespeedByType": {
							"dromornithidae-adult-*-genyornisnewtoni": 0.0075,
							"*": 0.006
						},
						"animationSpeedByType": {
							"dromornithidae-adult-*-genyornisnewtoni": 0.75
						},
						"maxDistance": 3,
						"searchRange": 25
					},
					{
						"code": "getoutofwater",
						"animation": "Swim",
						"priority": 1.4,
						"movespeedByType": {
							"dromornithidae-adult-*-genyornisnewtoni": 0.01,
							"*": 0.045
						},
						"animationSpeedByType": {
							"dromornithidae-adult-*-genyornisnewtoni": 0.75
						}
					},
					{
						"code": "idle",
						"animation": "Idle",
						"priority": 0.9,
						"minduration": 1600,
						"maxduration": 4500,
						"mincooldown": 6000,
						"maxcooldown": 120000,
						"priorityForCancel": 1.28,
						"whenNotInEmotionState": "aggressiveondamage|fleeondamage",
						"stopOnNearbyEntityCodes": [ "player", "bear-*", "hyena-male", "hyena-female", "wolf-male", "wolf-female", "caninae-*","felinae-*","hyaenidae-*","machairodontinae-*", "pantherinae-*","thylacoleonidae-*","ursidae-*" ],
						"stopRange": 10,
						"stopOnHurt": true,
						"soundByType": {
							"*-genyornisnewtoni": "creature/dromornithidae/call*"
						}
					},
					{
						"code": "idle",
						"animation": "Sleep",
						"priority": 1.38,
						"minduration": 200000,
						"maxduration": 800000,
						"mincooldown": 10000,
						"maxcooldown": 30000,
						"priorityForCancel": 1.38,
						"whenNotInEmotionState": "aggressiveondamage|fleeondamage",
						"duringDayTimeFrames": [
							{"fromHour": 0,"toHour": 6},{"fromHour": 20,"toHour": 24}
						],
						"stopOnNearbyEntityCodes": [ "player", "bear-*", "hyena-male", "hyena-female", "wolf-male", "wolf-female", "caninae-*","felinae-*","hyaenidae-*","machairodontinae-*", "pantherinae-*","thylacoleonidae-*","ursidae-*"  ],
						"stopRange": 8,
						"stopOnHurt": true
					},
					{
						"code": "idle",
						"animation": "Sit",
						"priority": 0.9,
						"minduration": 15000,
						"maxduration": 45000,
						"mincooldown": 6000,
						"maxcooldown": 120000,
						"priorityForCancel": 1.35,
						"whenNotInEmotionState": "aggressiveondamage|fleeondamage",
						"stopOnNearbyEntityCodes": [ "player", "bear-*", "hyena-male", "hyena-female", "wolf-male", "wolf-female", "caninae-*","felinae-*","hyaenidae-*","machairodontinae-*", "pantherinae-*","thylacoleonidae-*","ursidae-*"  ],
						"stopRange": 10,
						"stopOnHurt": true
					},
					{
						"code": "idle",
						"animation": "Call",
						"priority": 1.0,
						"priorityForCancel": 1.35,
						"whenNotInEmotionState": "aggressiveondamage|fleeondamage",
						"stopOnNearbyEntityCodes": [ "player", "bear-*", "hyena-male", "hyena-female", "wolf-male", "wolf-female", "caninae-*","felinae-*","hyaenidae-*","machairodontinae-*", "pantherinae-*","thylacoleonidae-*","ursidae-*"  ],
						"stopRange": 10,
						"minduration": 2000,
						"maxduration": 2000,
						"chance": 0.2,
						"mincooldown": 8000,
						"maxcooldown": 50000,
						"animationSpeed": 0.5,
						"soundByType": {
							"*-genyornisnewtoni": "creature/dromornithidae/call*"
						},
						"soundRangeByType": {
							"*-adult-*": 120
						}
					},
					{
						"code": "idle",
						"animation": "Scratch",
						"priority": 1.0,
						"priorityForCancel": 1.35,
						"whenNotInEmotionState": "aggressiveondamage|fleeondamage",
						"stopOnNearbyEntityCodes": [  "player", "bear-*", "hyena-male", "hyena-female", "wolf-male", "wolf-female", "caninae-*","felinae-*","hyaenidae-*","machairodontinae-*", "pantherinae-*","thylacoleonidae-*","ursidae-*"  ],
						"stopRange": 10,
						"minduration": 4000,
						"maxduration": 4000,
						"mincooldown": 8000,
						"maxcooldown": 50000,
						"chance": 0.1,
						"animationSpeed": 1.0
					},
					{
						"code": "idle",
						"animation": "Eat",
						"priority": 1.2,
						"priorityForCancel": 1.35,
						"whenNotInEmotionState": "aggressiveondamage|fleeondamage",
						"stopOnNearbyEntityCodes": [  "player", "bear-*", "hyena-male", "hyena-female", "wolf-male", "wolf-female", "caninae-*","felinae-*","hyaenidae-*","machairodontinae-*", "pantherinae-*","thylacoleonidae-*","ursidae-*" ],
						"stopRange": 10,
						"minduration": 2000,
						"maxduration": 2000,
						"mincooldown": 6000,
						"maxcooldown": 20000,
						"chance": 0.1,
						"animationSpeed": 0.5
					},
					{
						"code": "idle",
						"animation": "Threat",
						"priority": 1.2,
						"priorityForCancel": 1.35,
						"whenNotInEmotionState": "aggressiveondamage|fleeondamage",
						"stopOnNearbyEntityCodes": [  "player", "bear-*", "hyena-male", "hyena-female", "wolf-male", "wolf-female", "caninae-*","felinae-*","hyaenidae-*","machairodontinae-*", "pantherinae-*","thylacoleonidae-*","ursidae-*"  ],
						"stopRange": 10,
						"chance": 0.1,
						"minduration": 4000,
						"maxduration": 4000,
						"mincooldown": 6000,
						"maxcooldown": 20000,
						"animationSpeed": 0.25
					},
					{
						"code": "wander",
						"animation": "Walk",
						"priority": 1.0,
						"priorityForCancel": 1.35,
						"whenNotInEmotionState": "aggressiveondamage|fleeondamage",
						"stopOnNearbyEntityCodes": [ "player", "bear-*", "hyena-male", "hyena-female", "wolf-male", "wolf-female", "caninae-*","felinae-*","hyaenidae-*","machairodontinae-*", "pantherinae-*","thylacoleonidae-*","ursidae-*"  ],
						"stopRange": 10,
						"chance": 0.5,
						"movespeedByType": {
							"dromornithidae-adult-*": 0.0075
						},
						"animationSpeedByType": {
							"dromornithidae-adult-*-genyornisnewtoni": 0.75
						},
						"preferredLightLevel": 18
					},
					{
						"code": "wander",
						"animation": "Highwalk",
						"priority": 1.0,
						"priorityForCancel": 1.35,
						"whenNotInEmotionState": "aggressiveondamage|fleeondamage",
						"stopOnNearbyEntityCodes": [  "player", "bear-*", "hyena-male", "hyena-female", "wolf-male", "wolf-female", "caninae-*","felinae-*","hyaenidae-*","machairodontinae-*", "pantherinae-*","thylacoleonidae-*","ursidae-*" ],
						"stopRange": 10,
						"chance": 0.25,
						"movespeedByType": {
							"dromornithidae-adult-*": 0.0075
						},
						"animationSpeedByType": {
							"dromornithidae-adult-*-genyornisnewtoni": 0.75
						},
						"preferredLightLevel": 18
					},
					{
						"code": "seekfoodandeat",
						"animation": "Walk",
						"eatAnimation": "Eat",
						"movespeedByType": {
							"dromornithidae-adult-*": 0.0075
						},
						"priority": 1.25,
						"whenNotInEmotionState": "aggressiveondamage|fleeondamage",
						"eatSoundByType": {
							"*": "game:creature/animal-eat-small"
						},
						"eatTime": 1.5,
						"eatLooseItems": true,
						"animationSpeedByType": {
							"dromornithidae-adult-*-genyornisnewtoni": 0.75
						},
						"mincooldownHours": 1,
						"maxcooldownHours": 4
					},
					{
						"code": "lookaround",
						"whenNotInEmotionState": "aggressiveondamage|fleeondamage",
						"priority": 0.5
					}
				]
			},
			{"code": "ropetieable","minGeneration": 2},
			{
				"code": "pettable",
				"minGeneration": 1
			}
		],
		"spawnconditions": {
			"worldgen": {
			"tryOnlySurface": true,	
			"groupSizeByType": {
					"*-adult-*": { "dist": "invexp", "avg": 1.5, "var": 0.5 }
			},
			"insideBlockCodes":["game:air", "game:gravel-*","game:leaves-*", "game:sand-*", "game:snow-*","game:soil-*","game:tallgrass-*"],
			"companionsByType": {
				"*":["casuariidae:dromornithidae-adult-female-{type}","casuariidae:dromornithidae-adult-male-{type}"]}
		},
			"runtime": {
				"group": "neutral",
				"maxQuantityByGroup": { "code": "dromornithidae-*", "maxQuantity": 1 },
				"tryOnlySurface": true,
				"chanceByType": {
					"dromornithidae-adult-female-genyornisnewtoni": 0.00001, "dromornithidae-adult-male-genyornisnewtoni": 0.00001,
					"*": 0.0
				},
				"mindistancetoplayer": 50,
				"maxLightLevel": 7,
				"lightLevelType": "onlyBlockLight",	
				"spawnCapPlayerScaling": 0.0,	
				"groupSizeByType": {
					"*-adult-female-*": { "dist": "invexp", "avg": 7, "var": 5 },
					"*-adult-male-*": { "dist": "invexp", "avg": 3.5, "var": 1.5 }
				},
				"insideBlockCodes": [ "game:air", "game:soil-*","game:gravel-*", "game:tallgrass-*", "game:snowlayer-1", "game:sand-*"],
				"companionsByType": {
				"*-adult-female-*":["casuariidae:dromornithidae-adult-female-{type}","casuariidae:dromornithidae-adult-male-{type}","casuariidae:dromornithidae-baby-female-{type}","casuariidae:dromornithidae-baby-male-{type}"],
				"*":["casuariidae:dromornithidae-adult-female-{type}","casuariidae:dromornithidae-adult-male-{type}"]}
			}
		},
		"spawnconditionsByType": {
			"dromornithidae-adult-*-genyornisnewtoni": {
				"climate": {
					"minTemp": 12,
					"maxTemp": 22,
					"minRain": 0.4,
					"maxRain": 0.85,
					"minForestOrShrubs": 0.2,
					"maxForest": 0.9,
					"maxShrubs": 0.9,
					"minY": 1.0,
					"maxY": 1.3					
				},
				"worldgen": {
					"triesPerChunk": { "avg": 0.001, "var": 0}
				}
			}
		}
	},
	"soundsByType": {
		"dromornithidae-adult-*-genyornisnewtoni":{
			"hurt": "creature/dromornithidae/call1",
			"death": "creature/dromornithidae/call1"
		}
	},
	"idleSoundRangeByType": {
		"*-adult-*":120
	},
	"idleSoundChanceByType": {
		"*-adult-*": 0.15
	}
}