{
	"editor": {
		"allAngles": true,
		"entityTextureMode": false
	},
	"textureWidth": 16,
	"textureHeight": 16,
	"textureSizes": {
	},
	"textures": {
		"club": "mycodiversity:block/plant/mushroom/club"
	},
	"elements": [
		{
			"name": "origin",
			"from": [ 8.0, 0.0, 8.0 ],
			"to": [ 8.0, 0.0, 8.0 ],
			"rotationOrigin": [ 8.0, 0.0, 8.0 ],
			"faces": {
				"north": { "texture": "#club", "uv": [ 0.0, 0.0, 0.5, 0.5 ] },
				"east": { "texture": "#club", "uv": [ 0.0, 0.0, 0.5, 0.5 ] },
				"south": { "texture": "#club", "uv": [ 0.0, 0.0, 0.5, 0.5 ] },
				"west": { "texture": "#club", "uv": [ 0.0, 0.0, 0.5, 0.5 ] },
				"up": { "texture": "#club", "uv": [ 0.0, 0.0, 0.5, 0.5 ] },
				"down": { "texture": "#club", "uv": [ 0.0, 0.0, 0.5, 0.5 ] }
			},
			"children": [
				{
					"name": "Cube10",
					"from": [ 1.0, 0.0, -1.0 ],
					"to": [ 1.3, 0.8, -0.7 ],
					"rotationOrigin": [ 1.0, 0.0, -1.0 ],
					"rotationY": -14.0,
					"rotationZ": -6.0,
					"faces": {
						"north": { "texture": "#club", "uv": [ 0.0, 11.0, 0.5, 11.5 ] },
						"east": { "texture": "#club", "uv": [ 0.0, 11.0, 0.5, 11.5 ] },
						"south": { "texture": "#club", "uv": [ 0.0, 10.5, 0.5, 11.0 ] },
						"west": { "texture": "#club", "uv": [ 0.0, 9.5, 0.5, 10.0 ] },
						"up": { "texture": "#club", "uv": [ 0.0, 0.0, 0.5, 0.5 ] },
						"down": { "texture": "#club", "uv": [ 0.0, 0.0, 0.5, 0.5 ] }
					},
					"children": [
						{
							"name": "Cube36",
							"from": [ 0.0, 0.7, 0.0 ],
							"to": [ 0.3, 2.5, 0.3 ],
							"rotationOrigin": [ 0.0, 0.7, 0.0 ],
							"rotationZ": 8.0,
							"faces": {
								"north": { "texture": "#club", "uv": [ 1.0, 8.0, 1.5, 9.5 ] },
								"east": { "texture": "#club", "uv": [ 1.0, 7.5, 1.5, 9.0 ] },
								"south": { "texture": "#club", "uv": [ 1.0, 8.0, 1.5, 9.5 ] },
								"west": { "texture": "#club", "uv": [ 1.0, 8.0, 1.5, 9.5 ] },
								"up": { "texture": "#club", "uv": [ 0.0, 0.0, 0.5, 0.5 ] },
								"down": { "texture": "#club", "uv": [ 0.0, 0.0, 0.5, 0.5 ] }
							},
							"children": [
								{
									"name": "Cube37",
									"from": [ 0.0, 1.8, 0.0 ],
									"to": [ 0.3, 2.7, 0.3 ],
									"rotationOrigin": [ 0.0, 1.8, 0.0 ],
									"rotationZ": -6.0,
									"faces": {
										"north": { "texture": "#club", "uv": [ 0.0, 0.0, 0.5, 0.5 ] },
										"east": { "texture": "#club", "uv": [ 0.0, 0.0, 0.5, 0.5 ] },
										"south": { "texture": "#club", "uv": [ 0.0, 0.0, 0.5, 0.5 ] },
										"west": { "texture": "#club", "uv": [ 0.0, 0.0, 0.5, 0.5 ] },
										"up": { "texture": "#club", "uv": [ 0.0, 0.0, 0.5, 0.5 ] },
										"down": { "texture": "#club", "uv": [ 0.0, 0.0, 0.5, 0.5 ] }
									},
									"children": [
										{
											"name": "Cube11",
											"from": [ 0.05, 0.9, 0.05 ],
											"to": [ 0.25, 1.0, 0.25 ],
											"rotationOrigin": [ 0.1, 0.9, 0.1 ],
											"faces": {
												"north": { "texture": "#club", "uv": [ 0.0, 0.0, 0.5, 0.5 ] },
												"east": { "texture": "#club", "uv": [ 0.0, 0.0, 0.5, 0.5 ] },
												"south": { "texture": "#club", "uv": [ 0.0, 0.0, 0.5, 0.5 ] },
												"west": { "texture": "#club", "uv": [ 0.0, 0.0, 0.5, 0.5 ] },
												"up": { "texture": "#club", "uv": [ 0.0, 0.0, 0.5, 0.5 ] },
												"down": { "texture": "#club", "uv": [ 0.0, 0.0, 0.5, 0.5 ] }
											}
										}
									]
								}
							]
						}
					]
				},
				{
					"name": "Cube38",
					"from": [ 1.5, 0.0, -1.6 ],
					"to": [ 1.8, 0.6, -1.3 ],
					"rotationOrigin": [ 1.5, 0.0, -1.6 ],
					"rotationY": 91.0,
					"rotationZ": -11.0,
					"faces": {
						"north": { "texture": "#club", "uv": [ 0.0, 9.0, 0.5, 9.5 ] },
						"east": { "texture": "#club", "uv": [ 0.0, 9.5, 0.5, 10.0 ] },
						"south": { "texture": "#club", "uv": [ 0.0, 10.0, 0.5, 10.5 ] },
						"west": { "texture": "#club", "uv": [ 0.0, 10.0, 0.5, 10.5 ] },
						"up": { "texture": "#club", "uv": [ 0.0, 10.0, 0.5, 10.5 ] },
						"down": { "texture": "#club", "uv": [ 0.0, 8.5, 0.5, 9.0 ] }
					},
					"children": [
						{
							"name": "Cube39",
							"from": [ 0.0, 0.5, 0.0 ],
							"to": [ 0.3, 1.7, 0.3 ],
							"rotationOrigin": [ 0.0, 0.5, 0.0 ],
							"rotationZ": 11.0,
							"faces": {
								"north": { "texture": "#club", "uv": [ 0.0, 7.0, 0.5, 8.0 ] },
								"east": { "texture": "#club", "uv": [ 0.0, 7.0, 0.5, 8.0 ] },
								"south": { "texture": "#club", "uv": [ 0.0, 7.0, 0.5, 8.0 ] },
								"west": { "texture": "#club", "uv": [ 0.0, 7.0, 0.5, 8.0 ] },
								"up": { "texture": "#club", "uv": [ 0.0, 8.0, 0.5, 8.5 ] },
								"down": { "texture": "#club", "uv": [ 0.0, 0.0, 0.5, 0.5 ] }
							},
							"children": [
								{
									"name": "Cube40",
									"from": [ 0.0, 1.2, 0.0 ],
									"to": [ 0.3, 1.9, 0.3 ],
									"rotationOrigin": [ 0.0, 1.2, 0.0 ],
									"rotationZ": -3.0,
									"faces": {
										"north": { "texture": "#club", "uv": [ 0.0, 0.0, 0.5, 0.5 ] },
										"east": { "texture": "#club", "uv": [ 0.0, 0.0, 0.5, 0.5 ] },
										"south": { "texture": "#club", "uv": [ 0.0, 0.0, 0.5, 0.5 ] },
										"west": { "texture": "#club", "uv": [ 0.0, 0.0, 0.5, 0.5 ] },
										"up": { "texture": "#club", "uv": [ 0.0, 0.0, 0.5, 0.5 ] },
										"down": { "texture": "#club", "uv": [ 0.0, 0.0, 0.5, 0.5 ] }
									},
									"children": [
										{
											"name": "Cube41",
											"from": [ 0.05, 0.7, 0.05 ],
											"to": [ 0.25, 0.8, 0.25 ],
											"rotationOrigin": [ 0.1, 0.7, 0.1 ],
											"faces": {
												"north": { "texture": "#club", "uv": [ 0.0, 0.0, 0.5, 0.5 ] },
												"east": { "texture": "#club", "uv": [ 0.0, 0.0, 0.5, 0.5 ] },
												"south": { "texture": "#club", "uv": [ 0.0, 0.0, 0.5, 0.5 ] },
												"west": { "texture": "#club", "uv": [ 0.0, 0.0, 0.5, 0.5 ] },
												"up": { "texture": "#club", "uv": [ 0.0, 0.0, 0.5, 0.5 ] },
												"down": { "texture": "#club", "uv": [ 0.0, 0.0, 0.5, 0.5 ] }
											}
										}
									]
								}
							]
						}
					]
				},
				{
					"name": "Cube42",
					"from": [ 0.9, 0.0, -0.4 ],
					"to": [ 1.2, 0.4, -0.1 ],
					"rotationOrigin": [ 0.9, 0.0, -0.4 ],
					"rotationY": -78.0,
					"rotationZ": -3.0,
					"faces": {
						"north": { "texture": "#club", "uv": [ 0.0, 7.5, 0.5, 8.0 ] },
						"east": { "texture": "#club", "uv": [ 0.0, 7.5, 0.5, 8.0 ] },
						"south": { "texture": "#club", "uv": [ 0.0, 7.5, 0.5, 8.0 ] },
						"west": { "texture": "#club", "uv": [ 0.0, 7.5, 0.5, 8.0 ] },
						"up": { "texture": "#club", "uv": [ 0.0, 7.5, 0.5, 8.0 ] },
						"down": { "texture": "#club", "uv": [ 0.0, 0.0, 0.5, 0.5 ] }
					},
					"children": [
						{
							"name": "Cube43",
							"from": [ 0.0, 0.4, 0.0 ],
							"to": [ 0.3, 1.1, 0.3 ],
							"rotationOrigin": [ 0.0, 0.4, 0.0 ],
							"rotationZ": 3.0,
							"faces": {
								"north": { "texture": "#club", "uv": [ 0.0, 5.5, 0.5, 6.0 ] },
								"east": { "texture": "#club", "uv": [ 0.0, 6.0, 0.5, 6.5 ] },
								"south": { "texture": "#club", "uv": [ 0.0, 6.0, 0.5, 6.5 ] },
								"west": { "texture": "#club", "uv": [ 0.0, 6.0, 0.5, 6.5 ] },
								"up": { "texture": "#club", "uv": [ 0.0, 6.5, 0.5, 7.0 ] },
								"down": { "texture": "#club", "uv": [ 0.0, 6.0, 0.5, 6.5 ] }
							},
							"children": [
								{
									"name": "Cube44",
									"from": [ 0.0, 0.7, 0.0 ],
									"to": [ 0.3, 1.1, 0.3 ],
									"rotationOrigin": [ 0.0, 0.7, 0.0 ],
									"faces": {
										"north": { "texture": "#club", "uv": [ 0.0, 0.0, 0.5, 0.5 ] },
										"east": { "texture": "#club", "uv": [ 0.0, 0.0, 0.5, 0.5 ] },
										"south": { "texture": "#club", "uv": [ 0.0, 0.0, 0.5, 0.5 ] },
										"west": { "texture": "#club", "uv": [ 0.0, 0.0, 0.5, 0.5 ] },
										"up": { "texture": "#club", "uv": [ 0.0, 0.0, 0.5, 0.5 ] },
										"down": { "texture": "#club", "uv": [ 0.0, 0.0, 0.5, 0.5 ] }
									},
									"children": [
										{
											"name": "Cube45",
											"from": [ 0.05, 0.4, 0.05 ],
											"to": [ 0.25, 0.5, 0.25 ],
											"rotationOrigin": [ 0.1, 0.4, 0.1 ],
											"faces": {
												"north": { "texture": "#club", "uv": [ 0.0, 0.0, 0.5, 0.5 ] },
												"east": { "texture": "#club", "uv": [ 0.0, 0.0, 0.5, 0.5 ] },
												"south": { "texture": "#club", "uv": [ 0.0, 0.0, 0.5, 0.5 ] },
												"west": { "texture": "#club", "uv": [ 0.0, 0.0, 0.5, 0.5 ] },
												"up": { "texture": "#club", "uv": [ 0.0, 0.0, 0.5, 0.5 ] },
												"down": { "texture": "#club", "uv": [ 0.0, 0.0, 0.5, 0.5 ] }
											}
										}
									]
								}
							]
						}
					]
				},
				{
					"name": "Cube12",
					"from": [ 1.7, 0.0, -1.0 ],
					"to": [ 2.0, 0.8, -0.7 ],
					"rotationOrigin": [ 1.7, 0.0, -1.0 ],
					"rotationY": 33.0,
					"rotationZ": -6.0,
					"faces": {
						"north": { "texture": "#club", "uv": [ 0.0, 11.0, 0.5, 11.5 ] },
						"east": { "texture": "#club", "uv": [ 0.0, 11.0, 0.5, 11.5 ] },
						"south": { "texture": "#club", "uv": [ 0.0, 10.5, 0.5, 11.0 ] },
						"west": { "texture": "#club", "uv": [ 0.0, 9.5, 0.5, 10.0 ] },
						"up": { "texture": "#club", "uv": [ 0.0, 0.0, 0.5, 0.5 ] },
						"down": { "texture": "#club", "uv": [ 0.0, 0.0, 0.5, 0.5 ] }
					},
					"children": [
						{
							"name": "Cube46",
							"from": [ 0.0, 0.7, 0.0 ],
							"to": [ 0.3, 2.5, 0.3 ],
							"rotationOrigin": [ 0.0, 0.7, 0.0 ],
							"rotationZ": 8.0,
							"faces": {
								"north": { "texture": "#club", "uv": [ 1.0, 8.0, 1.5, 9.5 ] },
								"east": { "texture": "#club", "uv": [ 1.0, 7.5, 1.5, 9.0 ] },
								"south": { "texture": "#club", "uv": [ 1.0, 8.0, 1.5, 9.5 ] },
								"west": { "texture": "#club", "uv": [ 1.0, 8.0, 1.5, 9.5 ] },
								"up": { "texture": "#club", "uv": [ 0.0, 0.0, 0.5, 0.5 ] },
								"down": { "texture": "#club", "uv": [ 0.0, 0.0, 0.5, 0.5 ] }
							},
							"children": [
								{
									"name": "Cube47",
									"from": [ 0.0, 1.8, 0.0 ],
									"to": [ 0.3, 2.7, 0.3 ],
									"rotationOrigin": [ 0.0, 1.8, 0.0 ],
									"rotationZ": -6.0,
									"faces": {
										"north": { "texture": "#club", "uv": [ 0.0, 0.0, 0.5, 0.5 ] },
										"east": { "texture": "#club", "uv": [ 0.0, 0.0, 0.5, 0.5 ] },
										"south": { "texture": "#club", "uv": [ 0.0, 0.0, 0.5, 0.5 ] },
										"west": { "texture": "#club", "uv": [ 0.0, 0.0, 0.5, 0.5 ] },
										"up": { "texture": "#club", "uv": [ 0.0, 0.0, 0.5, 0.5 ] },
										"down": { "texture": "#club", "uv": [ 0.0, 0.0, 0.5, 0.5 ] }
									},
									"children": [
										{
											"name": "Cube13",
											"from": [ 0.05, 0.9, 0.05 ],
											"to": [ 0.25, 1.0, 0.25 ],
											"rotationOrigin": [ 0.1, 0.9, 0.1 ],
											"faces": {
												"north": { "texture": "#club", "uv": [ 0.0, 0.0, 0.5, 0.5 ] },
												"east": { "texture": "#club", "uv": [ 0.0, 0.0, 0.5, 0.5 ] },
												"south": { "texture": "#club", "uv": [ 0.0, 0.0, 0.5, 0.5 ] },
												"west": { "texture": "#club", "uv": [ 0.0, 0.0, 0.5, 0.5 ] },
												"up": { "texture": "#club", "uv": [ 0.0, 0.0, 0.5, 0.5 ] },
												"down": { "texture": "#club", "uv": [ 0.0, 0.0, 0.5, 0.5 ] }
											}
										}
									]
								}
							]
						}
					]
				},
				{
					"name": "Cube48",
					"from": [ 0.5, 0.0, -1.0 ],
					"to": [ 0.8, 0.6, -0.7 ],
					"rotationOrigin": [ 0.5, 0.0, -1.0 ],
					"rotationY": 33.0,
					"rotationZ": -3.0,
					"faces": {
						"north": { "texture": "#club", "uv": [ 0.0, 9.0, 0.5, 9.5 ] },
						"east": { "texture": "#club", "uv": [ 0.0, 9.5, 0.5, 10.0 ] },
						"south": { "texture": "#club", "uv": [ 0.0, 10.0, 0.5, 10.5 ] },
						"west": { "texture": "#club", "uv": [ 0.0, 10.0, 0.5, 10.5 ] },
						"up": { "texture": "#club", "uv": [ 0.0, 10.0, 0.5, 10.5 ] },
						"down": { "texture": "#club", "uv": [ 0.0, 8.5, 0.5, 9.0 ] }
					},
					"children": [
						{
							"name": "Cube49",
							"from": [ 0.0, 0.5, 0.0 ],
							"to": [ 0.3, 1.7, 0.3 ],
							"rotationOrigin": [ 0.0, 0.5, 0.0 ],
							"rotationZ": 8.0,
							"faces": {
								"north": { "texture": "#club", "uv": [ 0.0, 7.0, 0.5, 8.0 ] },
								"east": { "texture": "#club", "uv": [ 0.0, 7.0, 0.5, 8.0 ] },
								"south": { "texture": "#club", "uv": [ 0.0, 7.0, 0.5, 8.0 ] },
								"west": { "texture": "#club", "uv": [ 0.0, 7.0, 0.5, 8.0 ] },
								"up": { "texture": "#club", "uv": [ 0.0, 8.0, 0.5, 8.5 ] },
								"down": { "texture": "#club", "uv": [ 0.0, 0.0, 0.5, 0.5 ] }
							},
							"children": [
								{
									"name": "Cube50",
									"from": [ 0.0, 1.2, 0.0 ],
									"to": [ 0.3, 1.9, 0.3 ],
									"rotationOrigin": [ 0.0, 1.2, 0.0 ],
									"rotationZ": -3.0,
									"faces": {
										"north": { "texture": "#club", "uv": [ 0.0, 0.0, 0.5, 0.5 ] },
										"east": { "texture": "#club", "uv": [ 0.0, 0.0, 0.5, 0.5 ] },
										"south": { "texture": "#club", "uv": [ 0.0, 0.0, 0.5, 0.5 ] },
										"west": { "texture": "#club", "uv": [ 0.0, 0.0, 0.5, 0.5 ] },
										"up": { "texture": "#club", "uv": [ 0.0, 0.0, 0.5, 0.5 ] },
										"down": { "texture": "#club", "uv": [ 0.0, 0.0, 0.5, 0.5 ] }
									},
									"children": [
										{
											"name": "Cube51",
											"from": [ 0.05, 0.7, 0.05 ],
											"to": [ 0.25, 0.8, 0.25 ],
											"rotationOrigin": [ 0.1, 0.7, 0.1 ],
											"faces": {
												"north": { "texture": "#club", "uv": [ 0.0, 0.0, 0.5, 0.5 ] },
												"east": { "texture": "#club", "uv": [ 0.0, 0.0, 0.5, 0.5 ] },
												"south": { "texture": "#club", "uv": [ 0.0, 0.0, 0.5, 0.5 ] },
												"west": { "texture": "#club", "uv": [ 0.0, 0.0, 0.5, 0.5 ] },
												"up": { "texture": "#club", "uv": [ 0.0, 0.0, 0.5, 0.5 ] },
												"down": { "texture": "#club", "uv": [ 0.0, 0.0, 0.5, 0.5 ] }
											}
										}
									]
								}
							]
						}
					]
				},
				{
					"name": "Cube24",
					"from": [ 1.5, 0.0, -0.3 ],
					"to": [ 1.8, 0.8, 0.0 ],
					"rotationOrigin": [ 1.5, 0.0, -0.3 ],
					"rotationY": -58.0,
					"rotationZ": -6.0,
					"faces": {
						"north": { "texture": "#club", "uv": [ 0.0, 11.0, 0.5, 11.5 ] },
						"east": { "texture": "#club", "uv": [ 0.0, 11.0, 0.5, 11.5 ] },
						"south": { "texture": "#club", "uv": [ 0.0, 10.5, 0.5, 11.0 ] },
						"west": { "texture": "#club", "uv": [ 0.0, 9.5, 0.5, 10.0 ] },
						"up": { "texture": "#club", "uv": [ 0.0, 0.0, 0.5, 0.5 ] },
						"down": { "texture": "#club", "uv": [ 0.0, 0.0, 0.5, 0.5 ] }
					},
					"children": [
						{
							"name": "Cube52",
							"from": [ 0.0, 0.7, 0.0 ],
							"to": [ 0.3, 2.5, 0.3 ],
							"rotationOrigin": [ 0.0, 0.7, 0.0 ],
							"rotationZ": 8.0,
							"faces": {
								"north": { "texture": "#club", "uv": [ 1.0, 8.0, 1.5, 9.5 ] },
								"east": { "texture": "#club", "uv": [ 1.0, 7.5, 1.5, 9.0 ] },
								"south": { "texture": "#club", "uv": [ 1.0, 8.0, 1.5, 9.5 ] },
								"west": { "texture": "#club", "uv": [ 1.0, 8.0, 1.5, 9.5 ] },
								"up": { "texture": "#club", "uv": [ 0.0, 0.0, 0.5, 0.5 ] },
								"down": { "texture": "#club", "uv": [ 0.0, 0.0, 0.5, 0.5 ] }
							},
							"children": [
								{
									"name": "Cube53",
									"from": [ 0.0, 1.8, 0.0 ],
									"to": [ 0.3, 2.8, 0.3 ],
									"rotationOrigin": [ 0.0, 1.8, 0.0 ],
									"rotationZ": -6.0,
									"faces": {
										"north": { "texture": "#club", "uv": [ 0.0, 0.0, 0.5, 1.0 ] },
										"east": { "texture": "#club", "uv": [ 0.0, 0.0, 0.5, 1.0 ] },
										"south": { "texture": "#club", "uv": [ 0.0, 0.0, 0.5, 1.0 ] },
										"west": { "texture": "#club", "uv": [ 0.0, 0.0, 0.5, 1.0 ] },
										"up": { "texture": "#club", "uv": [ 0.0, 0.0, 0.5, 0.5 ] },
										"down": { "texture": "#club", "uv": [ 0.0, 0.0, 0.5, 0.5 ] }
									},
									"children": [
										{
											"name": "Cube25",
											"from": [ 0.05, 1.0, 0.05 ],
											"to": [ 0.25, 1.1, 0.25 ],
											"rotationOrigin": [ 0.1, 1.0, 0.1 ],
											"faces": {
												"north": { "texture": "#club", "uv": [ 0.0, 0.0, 0.5, 0.5 ] },
												"east": { "texture": "#club", "uv": [ 0.0, 0.0, 0.5, 0.5 ] },
												"south": { "texture": "#club", "uv": [ 0.0, 0.0, 0.5, 0.5 ] },
												"west": { "texture": "#club", "uv": [ 0.0, 0.0, 0.5, 0.5 ] },
												"up": { "texture": "#club", "uv": [ 0.0, 0.0, 0.5, 0.5 ] },
												"down": { "texture": "#club", "uv": [ 0.0, 0.0, 0.5, 0.5 ] }
											}
										}
									]
								}
							]
						}
					]
				},
				{
					"name": "Cube54",
					"from": [ 2.4, 0.0, -0.1 ],
					"to": [ 2.7, 0.6, 0.2 ],
					"rotationOrigin": [ 2.4, 0.0, -0.1 ],
					"rotationY": 180.0,
					"rotationZ": -3.0,
					"faces": {
						"north": { "texture": "#club", "uv": [ 0.0, 9.0, 0.5, 9.5 ] },
						"east": { "texture": "#club", "uv": [ 0.0, 9.5, 0.5, 10.0 ] },
						"south": { "texture": "#club", "uv": [ 0.0, 10.0, 0.5, 10.5 ] },
						"west": { "texture": "#club", "uv": [ 0.0, 10.0, 0.5, 10.5 ] },
						"up": { "texture": "#club", "uv": [ 0.0, 10.0, 0.5, 10.5 ] },
						"down": { "texture": "#club", "uv": [ 0.0, 8.5, 0.5, 9.0 ] }
					},
					"children": [
						{
							"name": "Cube55",
							"from": [ 0.0, 0.5, 0.0 ],
							"to": [ 0.3, 1.7, 0.3 ],
							"rotationOrigin": [ 0.0, 0.5, 0.0 ],
							"rotationZ": 8.0,
							"faces": {
								"north": { "texture": "#club", "uv": [ 0.0, 7.0, 0.5, 8.0 ] },
								"east": { "texture": "#club", "uv": [ 0.0, 7.0, 0.5, 8.0 ] },
								"south": { "texture": "#club", "uv": [ 0.0, 7.0, 0.5, 8.0 ] },
								"west": { "texture": "#club", "uv": [ 0.0, 7.0, 0.5, 8.0 ] },
								"up": { "texture": "#club", "uv": [ 0.0, 8.0, 0.5, 8.5 ] },
								"down": { "texture": "#club", "uv": [ 0.0, 0.0, 0.5, 0.5 ] }
							},
							"children": [
								{
									"name": "Cube56",
									"from": [ 0.0, 1.2, 0.0 ],
									"to": [ 0.3, 1.9, 0.3 ],
									"rotationOrigin": [ 0.0, 1.2, 0.0 ],
									"rotationZ": -3.0,
									"faces": {
										"north": { "texture": "#club", "uv": [ 0.0, 0.0, 0.5, 0.5 ] },
										"east": { "texture": "#club", "uv": [ 0.0, 0.0, 0.5, 0.5 ] },
										"south": { "texture": "#club", "uv": [ 0.0, 0.0, 0.5, 0.5 ] },
										"west": { "texture": "#club", "uv": [ 0.0, 0.0, 0.5, 0.5 ] },
										"up": { "texture": "#club", "uv": [ 0.0, 0.0, 0.5, 0.5 ] },
										"down": { "texture": "#club", "uv": [ 0.0, 0.0, 0.5, 0.5 ] }
									},
									"children": [
										{
											"name": "Cube57",
											"from": [ 0.05, 0.7, 0.05 ],
											"to": [ 0.25, 0.8, 0.25 ],
											"rotationOrigin": [ 0.1, 0.7, 0.1 ],
											"faces": {
												"north": { "texture": "#club", "uv": [ 0.0, 0.0, 0.5, 0.5 ] },
												"east": { "texture": "#club", "uv": [ 0.0, 0.0, 0.5, 0.5 ] },
												"south": { "texture": "#club", "uv": [ 0.0, 0.0, 0.5, 0.5 ] },
												"west": { "texture": "#club", "uv": [ 0.0, 0.0, 0.5, 0.5 ] },
												"up": { "texture": "#club", "uv": [ 0.0, 0.0, 0.5, 0.5 ] },
												"down": { "texture": "#club", "uv": [ 0.0, 0.0, 0.5, 0.5 ] }
											}
										}
									]
								}
							]
						}
					]
				},
				{
					"name": "Cube58",
					"from": [ 2.4, 0.0, -1.4 ],
					"to": [ 2.7, 0.4, -1.1 ],
					"rotationOrigin": [ 2.4, 0.0, -1.4 ],
					"rotationY": 6.0,
					"rotationZ": -3.0,
					"faces": {
						"north": { "texture": "#club", "uv": [ 0.0, 7.5, 0.5, 8.0 ] },
						"east": { "texture": "#club", "uv": [ 0.0, 7.5, 0.5, 8.0 ] },
						"south": { "texture": "#club", "uv": [ 0.0, 7.5, 0.5, 8.0 ] },
						"west": { "texture": "#club", "uv": [ 0.0, 7.5, 0.5, 8.0 ] },
						"up": { "texture": "#club", "uv": [ 0.0, 7.5, 0.5, 8.0 ] },
						"down": { "texture": "#club", "uv": [ 0.0, 0.0, 0.5, 0.5 ] }
					},
					"children": [
						{
							"name": "Cube59",
							"from": [ 0.0, 0.4, 0.0 ],
							"to": [ 0.3, 1.1, 0.3 ],
							"rotationOrigin": [ 0.0, 0.4, 0.0 ],
							"rotationZ": 3.0,
							"faces": {
								"north": { "texture": "#club", "uv": [ 0.0, 5.5, 0.5, 6.0 ] },
								"east": { "texture": "#club", "uv": [ 0.0, 6.0, 0.5, 6.5 ] },
								"south": { "texture": "#club", "uv": [ 0.0, 6.0, 0.5, 6.5 ] },
								"west": { "texture": "#club", "uv": [ 0.0, 6.0, 0.5, 6.5 ] },
								"up": { "texture": "#club", "uv": [ 0.0, 6.5, 0.5, 7.0 ] },
								"down": { "texture": "#club", "uv": [ 0.0, 6.0, 0.5, 6.5 ] }
							},
							"children": [
								{
									"name": "Cube60",
									"from": [ 0.0, 0.7, 0.0 ],
									"to": [ 0.3, 1.1, 0.3 ],
									"rotationOrigin": [ 0.0, 0.7, 0.0 ],
									"faces": {
										"north": { "texture": "#club", "uv": [ 0.0, 0.0, 0.5, 0.5 ] },
										"east": { "texture": "#club", "uv": [ 0.0, 0.0, 0.5, 0.5 ] },
										"south": { "texture": "#club", "uv": [ 0.0, 0.0, 0.5, 0.5 ] },
										"west": { "texture": "#club", "uv": [ 0.0, 0.0, 0.5, 0.5 ] },
										"up": { "texture": "#club", "uv": [ 0.0, 0.0, 0.5, 0.5 ] },
										"down": { "texture": "#club", "uv": [ 0.0, 0.0, 0.5, 0.5 ] }
									},
									"children": [
										{
											"name": "Cube61",
											"from": [ 0.05, 0.4, 0.05 ],
											"to": [ 0.25, 0.5, 0.25 ],
											"rotationOrigin": [ 0.1, 0.4, 0.1 ],
											"faces": {
												"north": { "texture": "#club", "uv": [ 0.0, 0.0, 0.5, 0.5 ] },
												"east": { "texture": "#club", "uv": [ 0.0, 0.0, 0.5, 0.5 ] },
												"south": { "texture": "#club", "uv": [ 0.0, 0.0, 0.5, 0.5 ] },
												"west": { "texture": "#club", "uv": [ 0.0, 0.0, 0.5, 0.5 ] },
												"up": { "texture": "#club", "uv": [ 0.0, 0.0, 0.5, 0.5 ] },
												"down": { "texture": "#club", "uv": [ 0.0, 0.0, 0.5, 0.5 ] }
											}
										}
									]
								}
							]
						}
					]
				},
				{
					"name": "Cube62",
					"from": [ -3.7, 0.0, 4.2 ],
					"to": [ -3.4, 0.4, 4.5 ],
					"rotationOrigin": [ -3.7, 0.0, 4.2 ],
					"rotationY": -36.0,
					"rotationZ": -3.0,
					"faces": {
						"north": { "texture": "#club", "uv": [ 0.0, 7.5, 0.5, 8.0 ] },
						"east": { "texture": "#club", "uv": [ 0.0, 7.5, 0.5, 8.0 ] },
						"south": { "texture": "#club", "uv": [ 0.0, 7.5, 0.5, 8.0 ] },
						"west": { "texture": "#club", "uv": [ 0.0, 7.5, 0.5, 8.0 ] },
						"up": { "texture": "#club", "uv": [ 0.0, 7.5, 0.5, 8.0 ] },
						"down": { "texture": "#club", "uv": [ 0.0, 0.0, 0.5, 0.5 ] }
					},
					"children": [
						{
							"name": "Cube63",
							"from": [ 0.0, 0.4, 0.0 ],
							"to": [ 0.3, 1.1, 0.3 ],
							"rotationOrigin": [ 0.0, 0.4, 0.0 ],
							"rotationZ": 3.0,
							"faces": {
								"north": { "texture": "#club", "uv": [ 0.0, 5.5, 0.5, 6.0 ] },
								"east": { "texture": "#club", "uv": [ 0.0, 6.0, 0.5, 6.5 ] },
								"south": { "texture": "#club", "uv": [ 0.0, 6.0, 0.5, 6.5 ] },
								"west": { "texture": "#club", "uv": [ 0.0, 6.0, 0.5, 6.5 ] },
								"up": { "texture": "#club", "uv": [ 0.0, 6.5, 0.5, 7.0 ] },
								"down": { "texture": "#club", "uv": [ 0.0, 6.0, 0.5, 6.5 ] }
							},
							"children": [
								{
									"name": "Cube64",
									"from": [ 0.0, 0.7, 0.0 ],
									"to": [ 0.3, 1.1, 0.3 ],
									"rotationOrigin": [ 0.0, 0.7, 0.0 ],
									"faces": {
										"north": { "texture": "#club", "uv": [ 0.0, 0.0, 0.5, 0.5 ] },
										"east": { "texture": "#club", "uv": [ 0.0, 0.0, 0.5, 0.5 ] },
										"south": { "texture": "#club", "uv": [ 0.0, 0.0, 0.5, 0.5 ] },
										"west": { "texture": "#club", "uv": [ 0.0, 0.0, 0.5, 0.5 ] },
										"up": { "texture": "#club", "uv": [ 0.0, 0.0, 0.5, 0.5 ] },
										"down": { "texture": "#club", "uv": [ 0.0, 0.0, 0.5, 0.5 ] }
									},
									"children": [
										{
											"name": "Cube65",
											"from": [ 0.05, 0.4, 0.05 ],
											"to": [ 0.25, 0.5, 0.25 ],
											"rotationOrigin": [ 0.1, 0.4, 0.1 ],
											"faces": {
												"north": { "texture": "#club", "uv": [ 0.0, 0.0, 0.5, 0.5 ] },
												"east": { "texture": "#club", "uv": [ 0.0, 0.0, 0.5, 0.5 ] },
												"south": { "texture": "#club", "uv": [ 0.0, 0.0, 0.5, 0.5 ] },
												"west": { "texture": "#club", "uv": [ 0.0, 0.0, 0.5, 0.5 ] },
												"up": { "texture": "#club", "uv": [ 0.0, 0.0, 0.5, 0.5 ] },
												"down": { "texture": "#club", "uv": [ 0.0, 0.0, 0.5, 0.5 ] }
											}
										}
									]
								}
							]
						}
					]
				},
				{
					"name": "Cube66",
					"from": [ -4.6, 0.0, 4.6 ],
					"to": [ -4.3, 0.4, 4.9 ],
					"rotationOrigin": [ -4.6, 0.0, 4.6 ],
					"rotationY": -108.0,
					"rotationZ": -3.0,
					"faces": {
						"north": { "texture": "#club", "uv": [ 0.0, 7.5, 0.5, 8.0 ] },
						"east": { "texture": "#club", "uv": [ 0.0, 7.5, 0.5, 8.0 ] },
						"south": { "texture": "#club", "uv": [ 0.0, 7.5, 0.5, 8.0 ] },
						"west": { "texture": "#club", "uv": [ 0.0, 7.5, 0.5, 8.0 ] },
						"up": { "texture": "#club", "uv": [ 0.0, 7.5, 0.5, 8.0 ] },
						"down": { "texture": "#club", "uv": [ 0.0, 0.0, 0.5, 0.5 ] }
					},
					"children": [
						{
							"name": "Cube67",
							"from": [ 0.0, 0.4, 0.0 ],
							"to": [ 0.3, 1.1, 0.3 ],
							"rotationOrigin": [ 0.0, 0.4, 0.0 ],
							"rotationZ": 3.0,
							"faces": {
								"north": { "texture": "#club", "uv": [ 0.0, 5.5, 0.5, 6.0 ] },
								"east": { "texture": "#club", "uv": [ 0.0, 6.0, 0.5, 6.5 ] },
								"south": { "texture": "#club", "uv": [ 0.0, 6.0, 0.5, 6.5 ] },
								"west": { "texture": "#club", "uv": [ 0.0, 6.0, 0.5, 6.5 ] },
								"up": { "texture": "#club", "uv": [ 0.0, 6.5, 0.5, 7.0 ] },
								"down": { "texture": "#club", "uv": [ 0.0, 6.0, 0.5, 6.5 ] }
							},
							"children": [
								{
									"name": "Cube68",
									"from": [ 0.0, 0.7, 0.0 ],
									"to": [ 0.3, 1.1, 0.3 ],
									"rotationOrigin": [ 0.0, 0.7, 0.0 ],
									"faces": {
										"north": { "texture": "#club", "uv": [ 0.0, 0.0, 0.5, 0.5 ] },
										"east": { "texture": "#club", "uv": [ 0.0, 0.0, 0.5, 0.5 ] },
										"south": { "texture": "#club", "uv": [ 0.0, 0.0, 0.5, 0.5 ] },
										"west": { "texture": "#club", "uv": [ 0.0, 0.0, 0.5, 0.5 ] },
										"up": { "texture": "#club", "uv": [ 0.0, 0.0, 0.5, 0.5 ] },
										"down": { "texture": "#club", "uv": [ 0.0, 0.0, 0.5, 0.5 ] }
									},
									"children": [
										{
											"name": "Cube69",
											"from": [ 0.05, 0.4, 0.05 ],
											"to": [ 0.25, 0.5, 0.25 ],
											"rotationOrigin": [ 0.1, 0.4, 0.1 ],
											"faces": {
												"north": { "texture": "#club", "uv": [ 0.0, 0.0, 0.5, 0.5 ] },
												"east": { "texture": "#club", "uv": [ 0.0, 0.0, 0.5, 0.5 ] },
												"south": { "texture": "#club", "uv": [ 0.0, 0.0, 0.5, 0.5 ] },
												"west": { "texture": "#club", "uv": [ 0.0, 0.0, 0.5, 0.5 ] },
												"up": { "texture": "#club", "uv": [ 0.0, 0.0, 0.5, 0.5 ] },
												"down": { "texture": "#club", "uv": [ 0.0, 0.0, 0.5, 0.5 ] }
											}
										}
									]
								}
							]
						}
					]
				},
				{
					"name": "Cube70",
					"from": [ -4.6, 0.0, 4.4 ],
					"to": [ -4.3, 0.6, 4.7 ],
					"rotationOrigin": [ -4.6, 0.0, 4.4 ],
					"rotationY": 180.0,
					"rotationZ": -3.0,
					"faces": {
						"north": { "texture": "#club", "uv": [ 0.0, 9.0, 0.5, 9.5 ] },
						"east": { "texture": "#club", "uv": [ 0.0, 9.5, 0.5, 10.0 ] },
						"south": { "texture": "#club", "uv": [ 0.0, 10.0, 0.5, 10.5 ] },
						"west": { "texture": "#club", "uv": [ 0.0, 10.0, 0.5, 10.5 ] },
						"up": { "texture": "#club", "uv": [ 0.0, 10.0, 0.5, 10.5 ] },
						"down": { "texture": "#club", "uv": [ 0.0, 8.5, 0.5, 9.0 ] }
					},
					"children": [
						{
							"name": "Cube71",
							"from": [ 0.0, 0.5, 0.0 ],
							"to": [ 0.3, 1.7, 0.3 ],
							"rotationOrigin": [ 0.0, 0.5, 0.0 ],
							"rotationZ": 8.0,
							"faces": {
								"north": { "texture": "#club", "uv": [ 0.0, 7.0, 0.5, 8.0 ] },
								"east": { "texture": "#club", "uv": [ 0.0, 7.0, 0.5, 8.0 ] },
								"south": { "texture": "#club", "uv": [ 0.0, 7.0, 0.5, 8.0 ] },
								"west": { "texture": "#club", "uv": [ 0.0, 7.0, 0.5, 8.0 ] },
								"up": { "texture": "#club", "uv": [ 0.0, 8.0, 0.5, 8.5 ] },
								"down": { "texture": "#club", "uv": [ 0.0, 0.0, 0.5, 0.5 ] }
							},
							"children": [
								{
									"name": "Cube72",
									"from": [ 0.0, 1.2, 0.0 ],
									"to": [ 0.3, 1.9, 0.3 ],
									"rotationOrigin": [ 0.0, 1.2, 0.0 ],
									"rotationZ": -3.0,
									"faces": {
										"north": { "texture": "#club", "uv": [ 0.0, 0.0, 0.5, 0.5 ] },
										"east": { "texture": "#club", "uv": [ 0.0, 0.0, 0.5, 0.5 ] },
										"south": { "texture": "#club", "uv": [ 0.0, 0.0, 0.5, 0.5 ] },
										"west": { "texture": "#club", "uv": [ 0.0, 0.0, 0.5, 0.5 ] },
										"up": { "texture": "#club", "uv": [ 0.0, 0.0, 0.5, 0.5 ] },
										"down": { "texture": "#club", "uv": [ 0.0, 0.0, 0.5, 0.5 ] }
									},
									"children": [
										{
											"name": "Cube73",
											"from": [ 0.05, 0.7, 0.05 ],
											"to": [ 0.25, 0.8, 0.25 ],
											"rotationOrigin": [ 0.1, 0.7, 0.1 ],
											"faces": {
												"north": { "texture": "#club", "uv": [ 0.0, 0.0, 0.5, 0.5 ] },
												"east": { "texture": "#club", "uv": [ 0.0, 0.0, 0.5, 0.5 ] },
												"south": { "texture": "#club", "uv": [ 0.0, 0.0, 0.5, 0.5 ] },
												"west": { "texture": "#club", "uv": [ 0.0, 0.0, 0.5, 0.5 ] },
												"up": { "texture": "#club", "uv": [ 0.0, 0.0, 0.5, 0.5 ] },
												"down": { "texture": "#club", "uv": [ 0.0, 0.0, 0.5, 0.5 ] }
											}
										}
									]
								}
							]
						}
					]
				},
				{
					"name": "Cube74",
					"from": [ -3.9, 0.0, 3.7 ],
					"to": [ -3.6, 0.6, 4.0 ],
					"rotationOrigin": [ -3.9, 0.0, 3.7 ],
					"rotationY": -130.0,
					"rotationZ": -3.0,
					"faces": {
						"north": { "texture": "#club", "uv": [ 0.0, 9.0, 0.5, 9.5 ] },
						"east": { "texture": "#club", "uv": [ 0.0, 9.5, 0.5, 10.0 ] },
						"south": { "texture": "#club", "uv": [ 0.0, 10.0, 0.5, 10.5 ] },
						"west": { "texture": "#club", "uv": [ 0.0, 10.0, 0.5, 10.5 ] },
						"up": { "texture": "#club", "uv": [ 0.0, 10.0, 0.5, 10.5 ] },
						"down": { "texture": "#club", "uv": [ 0.0, 8.5, 0.5, 9.0 ] }
					},
					"children": [
						{
							"name": "Cube75",
							"from": [ 0.0, 0.5, 0.0 ],
							"to": [ 0.3, 1.7, 0.3 ],
							"rotationOrigin": [ 0.0, 0.5, 0.0 ],
							"rotationZ": 8.0,
							"faces": {
								"north": { "texture": "#club", "uv": [ 0.0, 7.0, 0.5, 8.0 ] },
								"east": { "texture": "#club", "uv": [ 0.0, 7.0, 0.5, 8.0 ] },
								"south": { "texture": "#club", "uv": [ 0.0, 7.0, 0.5, 8.0 ] },
								"west": { "texture": "#club", "uv": [ 0.0, 7.0, 0.5, 8.0 ] },
								"up": { "texture": "#club", "uv": [ 0.0, 8.0, 0.5, 8.5 ] },
								"down": { "texture": "#club", "uv": [ 0.0, 0.0, 0.5, 0.5 ] }
							},
							"children": [
								{
									"name": "Cube76",
									"from": [ 0.0, 1.2, 0.0 ],
									"to": [ 0.3, 1.9, 0.3 ],
									"rotationOrigin": [ 0.0, 1.2, 0.0 ],
									"rotationZ": -3.0,
									"faces": {
										"north": { "texture": "#club", "uv": [ 0.0, 0.0, 0.5, 0.5 ] },
										"east": { "texture": "#club", "uv": [ 0.0, 0.0, 0.5, 0.5 ] },
										"south": { "texture": "#club", "uv": [ 0.0, 0.0, 0.5, 0.5 ] },
										"west": { "texture": "#club", "uv": [ 0.0, 0.0, 0.5, 0.5 ] },
										"up": { "texture": "#club", "uv": [ 0.0, 0.0, 0.5, 0.5 ] },
										"down": { "texture": "#club", "uv": [ 0.0, 0.0, 0.5, 0.5 ] }
									},
									"children": [
										{
											"name": "Cube77",
											"from": [ 0.05, 0.7, 0.05 ],
											"to": [ 0.25, 0.8, 0.25 ],
											"rotationOrigin": [ 0.1, 0.7, 0.1 ],
											"faces": {
												"north": { "texture": "#club", "uv": [ 0.0, 0.0, 0.5, 0.5 ] },
												"east": { "texture": "#club", "uv": [ 0.0, 0.0, 0.5, 0.5 ] },
												"south": { "texture": "#club", "uv": [ 0.0, 0.0, 0.5, 0.5 ] },
												"west": { "texture": "#club", "uv": [ 0.0, 0.0, 0.5, 0.5 ] },
												"up": { "texture": "#club", "uv": [ 0.0, 0.0, 0.5, 0.5 ] },
												"down": { "texture": "#club", "uv": [ 0.0, 0.0, 0.5, 0.5 ] }
											}
										}
									]
								}
							]
						}
					]
				},
				{
					"name": "Cube78",
					"from": [ -3.7, 0.0, 3.3 ],
					"to": [ -3.4, 0.4, 3.6 ],
					"rotationOrigin": [ -3.7, 0.0, 3.3 ],
					"rotationY": -36.0,
					"rotationZ": -3.0,
					"faces": {
						"north": { "texture": "#club", "uv": [ 0.0, 6.0, 0.5, 6.5 ] },
						"east": { "texture": "#club", "uv": [ 0.5, 6.0, 1.0, 6.5 ] },
						"south": { "texture": "#club", "uv": [ 1.0, 6.0, 1.5, 6.5 ] },
						"west": { "texture": "#club", "uv": [ 1.0, 5.5, 1.5, 6.0 ] },
						"up": { "texture": "#club", "uv": [ 1.0, 5.5, 1.5, 6.0 ] },
						"down": { "texture": "#club", "uv": [ 0.0, 0.0, 0.5, 0.5 ] }
					}
				},
				{
					"name": "Cube79",
					"from": [ 1.3, 0.0, 0.3 ],
					"to": [ 1.6, 0.4, 0.6 ],
					"rotationOrigin": [ 1.3, 0.0, 0.3 ],
					"rotationY": -80.0,
					"rotationZ": -3.0,
					"faces": {
						"north": { "texture": "#club", "uv": [ 0.0, 6.0, 0.5, 6.5 ] },
						"east": { "texture": "#club", "uv": [ 0.5, 6.0, 1.0, 6.5 ] },
						"south": { "texture": "#club", "uv": [ 1.0, 6.0, 1.5, 6.5 ] },
						"west": { "texture": "#club", "uv": [ 1.0, 5.5, 1.5, 6.0 ] },
						"up": { "texture": "#club", "uv": [ 1.0, 5.5, 1.5, 6.0 ] },
						"down": { "texture": "#club", "uv": [ 0.0, 0.0, 0.5, 0.5 ] }
					}
				},
				{
					"name": "Cube80",
					"from": [ 3.3, 0.0, -1.7 ],
					"to": [ 3.6, 0.4, -1.4 ],
					"rotationOrigin": [ 3.3, 0.0, -1.7 ],
					"rotationY": -55.0,
					"rotationZ": -3.0,
					"faces": {
						"north": { "texture": "#club", "uv": [ 0.0, 6.0, 0.5, 6.5 ] },
						"east": { "texture": "#club", "uv": [ 0.5, 6.0, 1.0, 6.5 ] },
						"south": { "texture": "#club", "uv": [ 1.0, 6.0, 1.5, 6.5 ] },
						"west": { "texture": "#club", "uv": [ 1.0, 5.5, 1.5, 6.0 ] },
						"up": { "texture": "#club", "uv": [ 1.0, 5.5, 1.5, 6.0 ] },
						"down": { "texture": "#club", "uv": [ 0.0, 0.0, 0.5, 0.5 ] }
					}
				},
				{
					"name": "Cube81",
					"from": [ 0.3, 0.0, -1.7 ],
					"to": [ 0.6, 0.4, -1.4 ],
					"rotationOrigin": [ 0.3, 0.0, -1.7 ],
					"rotationY": -55.0,
					"rotationZ": -3.0,
					"faces": {
						"north": { "texture": "#club", "uv": [ 0.0, 6.0, 0.5, 6.5 ] },
						"east": { "texture": "#club", "uv": [ 0.5, 6.0, 1.0, 6.5 ] },
						"south": { "texture": "#club", "uv": [ 1.0, 6.0, 1.5, 6.5 ] },
						"west": { "texture": "#club", "uv": [ 1.0, 5.5, 1.5, 6.0 ] },
						"up": { "texture": "#club", "uv": [ 1.0, 5.5, 1.5, 6.0 ] },
						"down": { "texture": "#club", "uv": [ 0.0, 0.0, 0.5, 0.5 ] }
					}
				}
			]
		}
	]}