{
	"editor": {
		"allAngles": true,
		"entityTextureMode": false
	},
	"textureWidth": 16,
	"textureHeight": 16,
	"textureSizes": {
	},
	"textures": {
		"club": "mycodiversity:block/plant/mushroom/club"
	},
	"elements": [
		{
			"name": "origin",
			"from": [ 8.0, 0.0, 8.0 ],
			"to": [ 8.0, 0.0, 8.0 ],
			"rotationOrigin": [ 8.0, 0.0, 8.0 ],
			"faces": {
				"north": { "texture": "#club", "uv": [ 0.0, 0.0, 0.5, 0.5 ] },
				"east": { "texture": "#club", "uv": [ 0.0, 0.0, 0.5, 0.5 ] },
				"south": { "texture": "#club", "uv": [ 0.0, 0.0, 0.5, 0.5 ] },
				"west": { "texture": "#club", "uv": [ 0.0, 0.0, 0.5, 0.5 ] },
				"up": { "texture": "#club", "uv": [ 0.0, 0.0, 0.5, 0.5 ] },
				"down": { "texture": "#club", "uv": [ 0.0, 0.0, 0.5, 0.5 ] }
			},
			"children": [
				{
					"name": "Cube10",
					"from": [ 3.0, 0.0, 2.0 ],
					"to": [ 3.3, 0.8, 2.3 ],
					"rotationOrigin": [ 3.0, 0.0, 2.0 ],
					"rotationY": 42.0,
					"faces": {
						"north": { "texture": "#club", "uv": [ 0.0, 11.0, 0.5, 11.5 ] },
						"east": { "texture": "#club", "uv": [ 0.0, 11.0, 0.5, 11.5 ] },
						"south": { "texture": "#club", "uv": [ 0.0, 10.5, 0.5, 11.0 ] },
						"west": { "texture": "#club", "uv": [ 0.0, 9.5, 0.5, 10.0 ] },
						"up": { "texture": "#club", "uv": [ 0.0, 0.0, 0.5, 0.5 ] },
						"down": { "texture": "#club", "uv": [ 0.0, 0.0, 0.5, 0.5 ] }
					},
					"children": [
						{
							"name": "Cube36",
							"from": [ 0.0, 0.8, 0.0 ],
							"to": [ 0.3, 2.6, 0.3 ],
							"rotationOrigin": [ 0.0, 0.8, 0.0 ],
							"faces": {
								"north": { "texture": "#club", "uv": [ 1.0, 8.0, 1.5, 9.5 ] },
								"east": { "texture": "#club", "uv": [ 1.0, 7.5, 1.5, 9.0 ] },
								"south": { "texture": "#club", "uv": [ 1.0, 8.0, 1.5, 9.5 ] },
								"west": { "texture": "#club", "uv": [ 1.0, 8.0, 1.5, 9.5 ] },
								"up": { "texture": "#club", "uv": [ 0.0, 0.0, 0.5, 0.5 ] },
								"down": { "texture": "#club", "uv": [ 0.0, 0.0, 0.5, 0.5 ] }
							},
							"children": [
								{
									"name": "Cube37",
									"from": [ 0.0, 1.8, 0.0 ],
									"to": [ 0.3, 2.7, 0.3 ],
									"rotationOrigin": [ 0.0, 1.8, 0.0 ],
									"faces": {
										"north": { "texture": "#club", "uv": [ 0.0, 0.0, 0.5, 0.5 ] },
										"east": { "texture": "#club", "uv": [ 0.0, 0.0, 0.5, 0.5 ] },
										"south": { "texture": "#club", "uv": [ 0.0, 0.0, 0.5, 0.5 ] },
										"west": { "texture": "#club", "uv": [ 0.0, 0.0, 0.5, 0.5 ] },
										"up": { "texture": "#club", "uv": [ 0.0, 0.0, 0.5, 0.5 ] },
										"down": { "texture": "#club", "uv": [ 0.0, 0.0, 0.5, 0.5 ] }
									},
									"children": [
										{
											"name": "Cube11",
											"from": [ 0.05, 0.9, 0.05 ],
											"to": [ 0.25, 1.0, 0.25 ],
											"rotationOrigin": [ 0.1, 0.9, 0.1 ],
											"faces": {
												"north": { "texture": "#club", "uv": [ 0.0, 0.0, 0.5, 0.5 ] },
												"east": { "texture": "#club", "uv": [ 0.0, 0.0, 0.5, 0.5 ] },
												"south": { "texture": "#club", "uv": [ 0.0, 0.0, 0.5, 0.5 ] },
												"west": { "texture": "#club", "uv": [ 0.0, 0.0, 0.5, 0.5 ] },
												"up": { "texture": "#club", "uv": [ 0.0, 0.0, 0.5, 0.5 ] },
												"down": { "texture": "#club", "uv": [ 0.0, 0.0, 0.5, 0.5 ] }
											}
										}
									]
								}
							]
						}
					]
				},
				{
					"name": "Cube24",
					"from": [ -0.5, 0.0, -1.0 ],
					"to": [ -0.2, 0.6, -0.7 ],
					"rotationOrigin": [ -0.5, 0.0, -1.0 ],
					"rotationY": -44.0,
					"faces": {
						"north": { "texture": "#club", "uv": [ 0.0, 9.0, 0.5, 9.5 ] },
						"east": { "texture": "#club", "uv": [ 0.0, 9.5, 0.5, 10.0 ] },
						"south": { "texture": "#club", "uv": [ 0.0, 10.0, 0.5, 10.5 ] },
						"west": { "texture": "#club", "uv": [ 0.0, 10.0, 0.5, 10.5 ] },
						"up": { "texture": "#club", "uv": [ 0.0, 10.0, 0.5, 10.5 ] },
						"down": { "texture": "#club", "uv": [ 0.0, 8.5, 0.5, 9.0 ] }
					},
					"children": [
						{
							"name": "Cube25",
							"from": [ 0.0, 0.6, 0.0 ],
							"to": [ 0.3, 1.8, 0.3 ],
							"rotationOrigin": [ 0.0, 0.6, 0.0 ],
							"faces": {
								"north": { "texture": "#club", "uv": [ 0.0, 7.0, 0.5, 8.0 ] },
								"east": { "texture": "#club", "uv": [ 0.0, 7.0, 0.5, 8.0 ] },
								"south": { "texture": "#club", "uv": [ 0.0, 7.0, 0.5, 8.0 ] },
								"west": { "texture": "#club", "uv": [ 0.0, 7.0, 0.5, 8.0 ] },
								"up": { "texture": "#club", "uv": [ 0.0, 8.0, 0.5, 8.5 ] },
								"down": { "texture": "#club", "uv": [ 0.0, 0.0, 0.5, 0.5 ] }
							},
							"children": [
								{
									"name": "Cube26",
									"from": [ 0.0, 1.2, 0.0 ],
									"to": [ 0.3, 1.9, 0.3 ],
									"rotationOrigin": [ 0.0, 1.2, 0.0 ],
									"faces": {
										"north": { "texture": "#club", "uv": [ 0.0, 0.0, 0.5, 0.5 ] },
										"east": { "texture": "#club", "uv": [ 0.0, 0.0, 0.5, 0.5 ] },
										"south": { "texture": "#club", "uv": [ 0.0, 0.0, 0.5, 0.5 ] },
										"west": { "texture": "#club", "uv": [ 0.0, 0.0, 0.5, 0.5 ] },
										"up": { "texture": "#club", "uv": [ 0.0, 0.0, 0.5, 0.5 ] },
										"down": { "texture": "#club", "uv": [ 0.0, 0.0, 0.5, 0.5 ] }
									},
									"children": [
										{
											"name": "Cube27",
											"from": [ 0.05, 0.7, 0.05 ],
											"to": [ 0.25, 0.8, 0.25 ],
											"rotationOrigin": [ 0.1, 0.7, 0.1 ],
											"faces": {
												"north": { "texture": "#club", "uv": [ 0.0, 0.0, 0.5, 0.5 ] },
												"east": { "texture": "#club", "uv": [ 0.0, 0.0, 0.5, 0.5 ] },
												"south": { "texture": "#club", "uv": [ 0.0, 0.0, 0.5, 0.5 ] },
												"west": { "texture": "#club", "uv": [ 0.0, 0.0, 0.5, 0.5 ] },
												"up": { "texture": "#club", "uv": [ 0.0, 0.0, 0.5, 0.5 ] },
												"down": { "texture": "#club", "uv": [ 0.0, 0.0, 0.5, 0.5 ] }
											}
										}
									]
								}
							]
						}
					]
				},
				{
					"name": "Cube28",
					"from": [ 4.0, 0.0, -2.0 ],
					"to": [ 4.3, 0.4, -1.7 ],
					"rotationOrigin": [ 4.0, 0.0, -2.0 ],
					"rotationX": 8.0,
					"rotationY": -25.0,
					"faces": {
						"north": { "texture": "#club", "uv": [ 0.0, 7.5, 0.5, 8.0 ] },
						"east": { "texture": "#club", "uv": [ 0.0, 7.5, 0.5, 8.0 ] },
						"south": { "texture": "#club", "uv": [ 0.0, 7.5, 0.5, 8.0 ] },
						"west": { "texture": "#club", "uv": [ 0.0, 7.5, 0.5, 8.0 ] },
						"up": { "texture": "#club", "uv": [ 0.0, 7.5, 0.5, 8.0 ] },
						"down": { "texture": "#club", "uv": [ 0.0, 0.0, 0.5, 0.5 ] }
					},
					"children": [
						{
							"name": "Cube29",
							"from": [ 0.0, 0.4, 0.0 ],
							"to": [ 0.3, 1.1, 0.3 ],
							"rotationOrigin": [ 0.0, 0.4, 0.0 ],
							"faces": {
								"north": { "texture": "#club", "uv": [ 0.0, 5.5, 0.5, 6.0 ] },
								"east": { "texture": "#club", "uv": [ 0.0, 6.0, 0.5, 6.5 ] },
								"south": { "texture": "#club", "uv": [ 0.0, 6.0, 0.5, 6.5 ] },
								"west": { "texture": "#club", "uv": [ 0.0, 6.0, 0.5, 6.5 ] },
								"up": { "texture": "#club", "uv": [ 0.0, 6.5, 0.5, 7.0 ] },
								"down": { "texture": "#club", "uv": [ 0.0, 6.0, 0.5, 6.5 ] }
							},
							"children": [
								{
									"name": "Cube30",
									"from": [ 0.0, 0.7, 0.0 ],
									"to": [ 0.3, 1.1, 0.3 ],
									"rotationOrigin": [ 0.0, 0.7, 0.0 ],
									"faces": {
										"north": { "texture": "#club", "uv": [ 0.0, 0.0, 0.5, 0.5 ] },
										"east": { "texture": "#club", "uv": [ 0.0, 0.0, 0.5, 0.5 ] },
										"south": { "texture": "#club", "uv": [ 0.0, 0.0, 0.5, 0.5 ] },
										"west": { "texture": "#club", "uv": [ 0.0, 0.0, 0.5, 0.5 ] },
										"up": { "texture": "#club", "uv": [ 0.0, 0.0, 0.5, 0.5 ] },
										"down": { "texture": "#club", "uv": [ 0.0, 0.0, 0.5, 0.5 ] }
									},
									"children": [
										{
											"name": "Cube31",
											"from": [ 0.05, 0.4, 0.05 ],
											"to": [ 0.25, 0.5, 0.25 ],
											"rotationOrigin": [ 0.1, 0.4, 0.1 ],
											"faces": {
												"north": { "texture": "#club", "uv": [ 0.0, 0.0, 0.5, 0.5 ] },
												"east": { "texture": "#club", "uv": [ 0.0, 0.0, 0.5, 0.5 ] },
												"south": { "texture": "#club", "uv": [ 0.0, 0.0, 0.5, 0.5 ] },
												"west": { "texture": "#club", "uv": [ 0.0, 0.0, 0.5, 0.5 ] },
												"up": { "texture": "#club", "uv": [ 0.0, 0.0, 0.5, 0.5 ] },
												"down": { "texture": "#club", "uv": [ 0.0, 0.0, 0.5, 0.5 ] }
											}
										}
									]
								}
							]
						}
					]
				},
				{
					"name": "Cube12",
					"from": [ -4.0, 0.0, 4.0 ],
					"to": [ -3.7, 0.8, 4.3 ],
					"rotationOrigin": [ -4.0, 0.0, 4.0 ],
					"rotationY": -53.0,
					"faces": {
						"north": { "texture": "#club", "uv": [ 0.0, 11.0, 0.5, 11.5 ] },
						"east": { "texture": "#club", "uv": [ 0.0, 11.0, 0.5, 11.5 ] },
						"south": { "texture": "#club", "uv": [ 0.0, 10.5, 0.5, 11.0 ] },
						"west": { "texture": "#club", "uv": [ 0.0, 9.5, 0.5, 10.0 ] },
						"up": { "texture": "#club", "uv": [ 0.0, 0.0, 0.5, 0.5 ] },
						"down": { "texture": "#club", "uv": [ 0.0, 0.0, 0.5, 0.5 ] }
					},
					"children": [
						{
							"name": "Cube38",
							"from": [ 0.0, 0.8, 0.0 ],
							"to": [ 0.3, 2.6, 0.3 ],
							"rotationOrigin": [ 0.0, 0.8, 0.0 ],
							"faces": {
								"north": { "texture": "#club", "uv": [ 1.0, 8.0, 1.5, 9.5 ] },
								"east": { "texture": "#club", "uv": [ 1.0, 7.5, 1.5, 9.0 ] },
								"south": { "texture": "#club", "uv": [ 1.0, 8.0, 1.5, 9.5 ] },
								"west": { "texture": "#club", "uv": [ 1.0, 8.0, 1.5, 9.5 ] },
								"up": { "texture": "#club", "uv": [ 0.0, 0.0, 0.5, 0.5 ] },
								"down": { "texture": "#club", "uv": [ 0.0, 0.0, 0.5, 0.5 ] }
							},
							"children": [
								{
									"name": "Cube39",
									"from": [ 0.0, 1.8, 0.0 ],
									"to": [ 0.3, 2.7, 0.3 ],
									"rotationOrigin": [ 0.0, 1.8, 0.0 ],
									"faces": {
										"north": { "texture": "#club", "uv": [ 0.0, 0.0, 0.5, 0.5 ] },
										"east": { "texture": "#club", "uv": [ 0.0, 0.0, 0.5, 0.5 ] },
										"south": { "texture": "#club", "uv": [ 0.0, 0.0, 0.5, 0.5 ] },
										"west": { "texture": "#club", "uv": [ 0.0, 0.0, 0.5, 0.5 ] },
										"up": { "texture": "#club", "uv": [ 0.0, 0.0, 0.5, 0.5 ] },
										"down": { "texture": "#club", "uv": [ 0.0, 0.0, 0.5, 0.5 ] }
									},
									"children": [
										{
											"name": "Cube13",
											"from": [ 0.05, 0.9, 0.05 ],
											"to": [ 0.25, 1.0, 0.25 ],
											"rotationOrigin": [ 0.1, 0.9, 0.1 ],
											"faces": {
												"north": { "texture": "#club", "uv": [ 0.0, 0.0, 0.5, 0.5 ] },
												"east": { "texture": "#club", "uv": [ 0.0, 0.0, 0.5, 0.5 ] },
												"south": { "texture": "#club", "uv": [ 0.0, 0.0, 0.5, 0.5 ] },
												"west": { "texture": "#club", "uv": [ 0.0, 0.0, 0.5, 0.5 ] },
												"up": { "texture": "#club", "uv": [ 0.0, 0.0, 0.5, 0.5 ] },
												"down": { "texture": "#club", "uv": [ 0.0, 0.0, 0.5, 0.5 ] }
											}
										}
									]
								}
							]
						}
					]
				},
				{
					"name": "Cube32",
					"from": [ -2.5, 0.0, 6.0 ],
					"to": [ -2.2, 0.6, 6.3 ],
					"rotationOrigin": [ -2.5, 0.0, 6.0 ],
					"rotationY": -44.0,
					"faces": {
						"north": { "texture": "#club", "uv": [ 0.0, 9.0, 0.5, 9.5 ] },
						"east": { "texture": "#club", "uv": [ 0.0, 9.5, 0.5, 10.0 ] },
						"south": { "texture": "#club", "uv": [ 0.0, 10.0, 0.5, 10.5 ] },
						"west": { "texture": "#club", "uv": [ 0.0, 10.0, 0.5, 10.5 ] },
						"up": { "texture": "#club", "uv": [ 0.0, 10.0, 0.5, 10.5 ] },
						"down": { "texture": "#club", "uv": [ 0.0, 8.5, 0.5, 9.0 ] }
					},
					"children": [
						{
							"name": "Cube33",
							"from": [ 0.0, 0.6, 0.0 ],
							"to": [ 0.3, 1.8, 0.3 ],
							"rotationOrigin": [ 0.0, 0.6, 0.0 ],
							"faces": {
								"north": { "texture": "#club", "uv": [ 0.0, 7.0, 0.5, 8.0 ] },
								"east": { "texture": "#club", "uv": [ 0.0, 7.0, 0.5, 8.0 ] },
								"south": { "texture": "#club", "uv": [ 0.0, 7.0, 0.5, 8.0 ] },
								"west": { "texture": "#club", "uv": [ 0.0, 7.0, 0.5, 8.0 ] },
								"up": { "texture": "#club", "uv": [ 0.0, 8.0, 0.5, 8.5 ] },
								"down": { "texture": "#club", "uv": [ 0.0, 0.0, 0.5, 0.5 ] }
							},
							"children": [
								{
									"name": "Cube40",
									"from": [ 0.0, 1.2, 0.0 ],
									"to": [ 0.3, 1.9, 0.3 ],
									"rotationOrigin": [ 0.0, 1.2, 0.0 ],
									"faces": {
										"north": { "texture": "#club", "uv": [ 0.0, 0.0, 0.5, 0.5 ] },
										"east": { "texture": "#club", "uv": [ 0.0, 0.0, 0.5, 0.5 ] },
										"south": { "texture": "#club", "uv": [ 0.0, 0.0, 0.5, 0.5 ] },
										"west": { "texture": "#club", "uv": [ 0.0, 0.0, 0.5, 0.5 ] },
										"up": { "texture": "#club", "uv": [ 0.0, 0.0, 0.5, 0.5 ] },
										"down": { "texture": "#club", "uv": [ 0.0, 0.0, 0.5, 0.5 ] }
									},
									"children": [
										{
											"name": "Cube41",
											"from": [ 0.05, 0.7, 0.05 ],
											"to": [ 0.25, 0.8, 0.25 ],
											"rotationOrigin": [ 0.1, 0.7, 0.1 ],
											"faces": {
												"north": { "texture": "#club", "uv": [ 0.0, 0.0, 0.5, 0.5 ] },
												"east": { "texture": "#club", "uv": [ 0.0, 0.0, 0.5, 0.5 ] },
												"south": { "texture": "#club", "uv": [ 0.0, 0.0, 0.5, 0.5 ] },
												"west": { "texture": "#club", "uv": [ 0.0, 0.0, 0.5, 0.5 ] },
												"up": { "texture": "#club", "uv": [ 0.0, 0.0, 0.5, 0.5 ] },
												"down": { "texture": "#club", "uv": [ 0.0, 0.0, 0.5, 0.5 ] }
											}
										}
									]
								}
							]
						}
					]
				},
				{
					"name": "Cube42",
					"from": [ 6.4, 0.0, -5.0 ],
					"to": [ 6.7, 0.4, -4.7 ],
					"rotationOrigin": [ 6.4, 0.0, -5.0 ],
					"rotationX": -6.0,
					"rotationY": -25.0,
					"faces": {
						"north": { "texture": "#club", "uv": [ 0.0, 7.5, 0.5, 8.0 ] },
						"east": { "texture": "#club", "uv": [ 0.0, 7.5, 0.5, 8.0 ] },
						"south": { "texture": "#club", "uv": [ 0.0, 7.5, 0.5, 8.0 ] },
						"west": { "texture": "#club", "uv": [ 0.0, 7.5, 0.5, 8.0 ] },
						"up": { "texture": "#club", "uv": [ 0.0, 7.5, 0.5, 8.0 ] },
						"down": { "texture": "#club", "uv": [ 0.0, 0.0, 0.5, 0.5 ] }
					},
					"children": [
						{
							"name": "Cube43",
							"from": [ 0.0, 0.4, 0.0 ],
							"to": [ 0.3, 1.1, 0.3 ],
							"rotationOrigin": [ 0.0, 0.4, 0.0 ],
							"faces": {
								"north": { "texture": "#club", "uv": [ 0.0, 5.5, 0.5, 6.0 ] },
								"east": { "texture": "#club", "uv": [ 0.0, 6.0, 0.5, 6.5 ] },
								"south": { "texture": "#club", "uv": [ 0.0, 6.0, 0.5, 6.5 ] },
								"west": { "texture": "#club", "uv": [ 0.0, 6.0, 0.5, 6.5 ] },
								"up": { "texture": "#club", "uv": [ 0.0, 6.5, 0.5, 7.0 ] },
								"down": { "texture": "#club", "uv": [ 0.0, 6.0, 0.5, 6.5 ] }
							},
							"children": [
								{
									"name": "Cube44",
									"from": [ 0.0, 0.7, 0.0 ],
									"to": [ 0.3, 1.1, 0.3 ],
									"rotationOrigin": [ 0.0, 0.7, 0.0 ],
									"faces": {
										"north": { "texture": "#club", "uv": [ 0.0, 0.0, 0.5, 0.5 ] },
										"east": { "texture": "#club", "uv": [ 0.0, 0.0, 0.5, 0.5 ] },
										"south": { "texture": "#club", "uv": [ 0.0, 0.0, 0.5, 0.5 ] },
										"west": { "texture": "#club", "uv": [ 0.0, 0.0, 0.5, 0.5 ] },
										"up": { "texture": "#club", "uv": [ 0.0, 0.0, 0.5, 0.5 ] },
										"down": { "texture": "#club", "uv": [ 0.0, 0.0, 0.5, 0.5 ] }
									},
									"children": [
										{
											"name": "Cube45",
											"from": [ 0.05, 0.4, 0.05 ],
											"to": [ 0.25, 0.5, 0.25 ],
											"rotationOrigin": [ 0.1, 0.4, 0.1 ],
											"faces": {
												"north": { "texture": "#club", "uv": [ 0.0, 0.0, 0.5, 0.5 ] },
												"east": { "texture": "#club", "uv": [ 0.0, 0.0, 0.5, 0.5 ] },
												"south": { "texture": "#club", "uv": [ 0.0, 0.0, 0.5, 0.5 ] },
												"west": { "texture": "#club", "uv": [ 0.0, 0.0, 0.5, 0.5 ] },
												"up": { "texture": "#club", "uv": [ 0.0, 0.0, 0.5, 0.5 ] },
												"down": { "texture": "#club", "uv": [ 0.0, 0.0, 0.5, 0.5 ] }
											}
										}
									]
								}
							]
						}
					]
				},
				{
					"name": "Cube46",
					"from": [ -2.6, 0.0, 4.0 ],
					"to": [ -2.3, 0.4, 4.3 ],
					"rotationOrigin": [ -2.6, 0.0, 4.0 ],
					"rotationY": -25.0,
					"faces": {
						"north": { "texture": "#club", "uv": [ 0.0, 7.5, 0.5, 8.0 ] },
						"east": { "texture": "#club", "uv": [ 0.0, 7.5, 0.5, 8.0 ] },
						"south": { "texture": "#club", "uv": [ 0.0, 7.5, 0.5, 8.0 ] },
						"west": { "texture": "#club", "uv": [ 0.0, 7.5, 0.5, 8.0 ] },
						"up": { "texture": "#club", "uv": [ 0.0, 7.5, 0.5, 8.0 ] },
						"down": { "texture": "#club", "uv": [ 0.0, 0.0, 0.5, 0.5 ] }
					},
					"children": [
						{
							"name": "Cube47",
							"from": [ 0.0, 0.4, 0.0 ],
							"to": [ 0.3, 1.1, 0.3 ],
							"rotationOrigin": [ 0.0, 0.4, 0.0 ],
							"faces": {
								"north": { "texture": "#club", "uv": [ 0.0, 5.5, 0.5, 6.0 ] },
								"east": { "texture": "#club", "uv": [ 0.0, 6.0, 0.5, 6.5 ] },
								"south": { "texture": "#club", "uv": [ 0.0, 6.0, 0.5, 6.5 ] },
								"west": { "texture": "#club", "uv": [ 0.0, 6.0, 0.5, 6.5 ] },
								"up": { "texture": "#club", "uv": [ 0.0, 6.5, 0.5, 7.0 ] },
								"down": { "texture": "#club", "uv": [ 0.0, 6.0, 0.5, 6.5 ] }
							},
							"children": [
								{
									"name": "Cube48",
									"from": [ 0.0, 0.7, 0.0 ],
									"to": [ 0.3, 1.1, 0.3 ],
									"rotationOrigin": [ 0.0, 0.7, 0.0 ],
									"faces": {
										"north": { "texture": "#club", "uv": [ 0.0, 0.0, 0.5, 0.5 ] },
										"east": { "texture": "#club", "uv": [ 0.0, 0.0, 0.5, 0.5 ] },
										"south": { "texture": "#club", "uv": [ 0.0, 0.0, 0.5, 0.5 ] },
										"west": { "texture": "#club", "uv": [ 0.0, 0.0, 0.5, 0.5 ] },
										"up": { "texture": "#club", "uv": [ 0.0, 0.0, 0.5, 0.5 ] },
										"down": { "texture": "#club", "uv": [ 0.0, 0.0, 0.5, 0.5 ] }
									},
									"children": [
										{
											"name": "Cube49",
											"from": [ 0.05, 0.4, 0.05 ],
											"to": [ 0.25, 0.5, 0.25 ],
											"rotationOrigin": [ 0.1, 0.4, 0.1 ],
											"faces": {
												"north": { "texture": "#club", "uv": [ 0.0, 0.0, 0.5, 0.5 ] },
												"east": { "texture": "#club", "uv": [ 0.0, 0.0, 0.5, 0.5 ] },
												"south": { "texture": "#club", "uv": [ 0.0, 0.0, 0.5, 0.5 ] },
												"west": { "texture": "#club", "uv": [ 0.0, 0.0, 0.5, 0.5 ] },
												"up": { "texture": "#club", "uv": [ 0.0, 0.0, 0.5, 0.5 ] },
												"down": { "texture": "#club", "uv": [ 0.0, 0.0, 0.5, 0.5 ] }
											}
										}
									]
								}
							]
						}
					]
				},
				{
					"name": "Cube50",
					"from": [ 5.0, 0.0, 1.0 ],
					"to": [ 5.3, 0.8, 1.3 ],
					"rotationOrigin": [ 5.0, 0.0, 1.0 ],
					"rotationY": -55.0,
					"faces": {
						"north": { "texture": "#club", "uv": [ 0.0, 11.0, 0.5, 11.5 ] },
						"east": { "texture": "#club", "uv": [ 0.0, 11.0, 0.5, 11.5 ] },
						"south": { "texture": "#club", "uv": [ 0.0, 10.5, 0.5, 11.0 ] },
						"west": { "texture": "#club", "uv": [ 0.0, 9.5, 0.5, 10.0 ] },
						"up": { "texture": "#club", "uv": [ 0.0, 0.0, 0.5, 0.5 ] },
						"down": { "texture": "#club", "uv": [ 0.0, 0.0, 0.5, 0.5 ] }
					},
					"children": [
						{
							"name": "Cube51",
							"from": [ 0.0, 0.8, 0.0 ],
							"to": [ 0.3, 2.6, 0.3 ],
							"rotationOrigin": [ 0.0, 0.8, 0.0 ],
							"faces": {
								"north": { "texture": "#club", "uv": [ 1.0, 8.0, 1.5, 9.5 ] },
								"east": { "texture": "#club", "uv": [ 1.0, 7.5, 1.5, 9.0 ] },
								"south": { "texture": "#club", "uv": [ 1.0, 8.0, 1.5, 9.5 ] },
								"west": { "texture": "#club", "uv": [ 1.0, 8.0, 1.5, 9.5 ] },
								"up": { "texture": "#club", "uv": [ 0.0, 0.0, 0.5, 0.5 ] },
								"down": { "texture": "#club", "uv": [ 0.0, 0.0, 0.5, 0.5 ] }
							},
							"children": [
								{
									"name": "Cube52",
									"from": [ 0.0, 1.8, 0.0 ],
									"to": [ 0.3, 2.7, 0.3 ],
									"rotationOrigin": [ 0.0, 1.8, 0.0 ],
									"faces": {
										"north": { "texture": "#club", "uv": [ 0.0, 0.0, 0.5, 0.5 ] },
										"east": { "texture": "#club", "uv": [ 0.0, 0.0, 0.5, 0.5 ] },
										"south": { "texture": "#club", "uv": [ 0.0, 0.0, 0.5, 0.5 ] },
										"west": { "texture": "#club", "uv": [ 0.0, 0.0, 0.5, 0.5 ] },
										"up": { "texture": "#club", "uv": [ 0.0, 0.0, 0.5, 0.5 ] },
										"down": { "texture": "#club", "uv": [ 0.0, 0.0, 0.5, 0.5 ] }
									},
									"children": [
										{
											"name": "Cube53",
											"from": [ 0.05, 0.9, 0.05 ],
											"to": [ 0.25, 1.0, 0.25 ],
											"rotationOrigin": [ 0.1, 0.9, 0.1 ],
											"faces": {
												"north": { "texture": "#club", "uv": [ 0.0, 0.0, 0.5, 0.5 ] },
												"east": { "texture": "#club", "uv": [ 0.0, 0.0, 0.5, 0.5 ] },
												"south": { "texture": "#club", "uv": [ 0.0, 0.0, 0.5, 0.5 ] },
												"west": { "texture": "#club", "uv": [ 0.0, 0.0, 0.5, 0.5 ] },
												"up": { "texture": "#club", "uv": [ 0.0, 0.0, 0.5, 0.5 ] },
												"down": { "texture": "#club", "uv": [ 0.0, 0.0, 0.5, 0.5 ] }
											}
										}
									]
								}
							]
						}
					]
				},
				{
					"name": "Cube54",
					"from": [ 0.5, 0.0, -2.0 ],
					"to": [ 0.8, 0.6, -1.7 ],
					"rotationOrigin": [ 0.5, 0.0, -2.0 ],
					"rotationY": -102.0,
					"faces": {
						"north": { "texture": "#club", "uv": [ 0.0, 9.0, 0.5, 9.5 ] },
						"east": { "texture": "#club", "uv": [ 0.0, 9.5, 0.5, 10.0 ] },
						"south": { "texture": "#club", "uv": [ 0.0, 10.0, 0.5, 10.5 ] },
						"west": { "texture": "#club", "uv": [ 0.0, 10.0, 0.5, 10.5 ] },
						"up": { "texture": "#club", "uv": [ 0.0, 10.0, 0.5, 10.5 ] },
						"down": { "texture": "#club", "uv": [ 0.0, 8.5, 0.5, 9.0 ] }
					},
					"children": [
						{
							"name": "Cube55",
							"from": [ 0.0, 0.6, 0.0 ],
							"to": [ 0.3, 1.8, 0.3 ],
							"rotationOrigin": [ 0.0, 0.6, 0.0 ],
							"faces": {
								"north": { "texture": "#club", "uv": [ 0.0, 7.0, 0.5, 8.0 ] },
								"east": { "texture": "#club", "uv": [ 0.0, 7.0, 0.5, 8.0 ] },
								"south": { "texture": "#club", "uv": [ 0.0, 7.0, 0.5, 8.0 ] },
								"west": { "texture": "#club", "uv": [ 0.0, 7.0, 0.5, 8.0 ] },
								"up": { "texture": "#club", "uv": [ 0.0, 8.0, 0.5, 8.5 ] },
								"down": { "texture": "#club", "uv": [ 0.0, 0.0, 0.5, 0.5 ] }
							},
							"children": [
								{
									"name": "Cube56",
									"from": [ 0.0, 1.2, 0.0 ],
									"to": [ 0.3, 1.9, 0.3 ],
									"rotationOrigin": [ 0.0, 1.2, 0.0 ],
									"faces": {
										"north": { "texture": "#club", "uv": [ 0.0, 0.0, 0.5, 0.5 ] },
										"east": { "texture": "#club", "uv": [ 0.0, 0.0, 0.5, 0.5 ] },
										"south": { "texture": "#club", "uv": [ 0.0, 0.0, 0.5, 0.5 ] },
										"west": { "texture": "#club", "uv": [ 0.0, 0.0, 0.5, 0.5 ] },
										"up": { "texture": "#club", "uv": [ 0.0, 0.0, 0.5, 0.5 ] },
										"down": { "texture": "#club", "uv": [ 0.0, 0.0, 0.5, 0.5 ] }
									},
									"children": [
										{
											"name": "Cube57",
											"from": [ 0.05, 0.7, 0.05 ],
											"to": [ 0.25, 0.8, 0.25 ],
											"rotationOrigin": [ 0.1, 0.7, 0.1 ],
											"faces": {
												"north": { "texture": "#club", "uv": [ 0.0, 0.0, 0.5, 0.5 ] },
												"east": { "texture": "#club", "uv": [ 0.0, 0.0, 0.5, 0.5 ] },
												"south": { "texture": "#club", "uv": [ 0.0, 0.0, 0.5, 0.5 ] },
												"west": { "texture": "#club", "uv": [ 0.0, 0.0, 0.5, 0.5 ] },
												"up": { "texture": "#club", "uv": [ 0.0, 0.0, 0.5, 0.5 ] },
												"down": { "texture": "#club", "uv": [ 0.0, 0.0, 0.5, 0.5 ] }
											}
										}
									]
								}
							]
						}
					]
				},
				{
					"name": "Cube58",
					"from": [ -1.5, 0.0, 2.0 ],
					"to": [ -1.2, 0.6, 2.3 ],
					"rotationOrigin": [ -1.5, 0.0, 2.0 ],
					"rotationY": -66.0,
					"faces": {
						"north": { "texture": "#club", "uv": [ 0.0, 9.0, 0.5, 9.5 ] },
						"east": { "texture": "#club", "uv": [ 0.0, 9.5, 0.5, 10.0 ] },
						"south": { "texture": "#club", "uv": [ 0.0, 10.0, 0.5, 10.5 ] },
						"west": { "texture": "#club", "uv": [ 0.0, 10.0, 0.5, 10.5 ] },
						"up": { "texture": "#club", "uv": [ 0.0, 10.0, 0.5, 10.5 ] },
						"down": { "texture": "#club", "uv": [ 0.0, 8.5, 0.5, 9.0 ] }
					},
					"children": [
						{
							"name": "Cube59",
							"from": [ 0.0, 0.6, 0.0 ],
							"to": [ 0.3, 1.8, 0.3 ],
							"rotationOrigin": [ 0.0, 0.6, 0.0 ],
							"faces": {
								"north": { "texture": "#club", "uv": [ 0.0, 7.0, 0.5, 8.0 ] },
								"east": { "texture": "#club", "uv": [ 0.0, 7.0, 0.5, 8.0 ] },
								"south": { "texture": "#club", "uv": [ 0.0, 7.0, 0.5, 8.0 ] },
								"west": { "texture": "#club", "uv": [ 0.0, 7.0, 0.5, 8.0 ] },
								"up": { "texture": "#club", "uv": [ 0.0, 8.0, 0.5, 8.5 ] },
								"down": { "texture": "#club", "uv": [ 0.0, 0.0, 0.5, 0.5 ] }
							},
							"children": [
								{
									"name": "Cube60",
									"from": [ 0.0, 1.2, 0.0 ],
									"to": [ 0.3, 1.9, 0.3 ],
									"rotationOrigin": [ 0.0, 1.2, 0.0 ],
									"faces": {
										"north": { "texture": "#club", "uv": [ 0.0, 0.0, 0.5, 0.5 ] },
										"east": { "texture": "#club", "uv": [ 0.0, 0.0, 0.5, 0.5 ] },
										"south": { "texture": "#club", "uv": [ 0.0, 0.0, 0.5, 0.5 ] },
										"west": { "texture": "#club", "uv": [ 0.0, 0.0, 0.5, 0.5 ] },
										"up": { "texture": "#club", "uv": [ 0.0, 0.0, 0.5, 0.5 ] },
										"down": { "texture": "#club", "uv": [ 0.0, 0.0, 0.5, 0.5 ] }
									},
									"children": [
										{
											"name": "Cube61",
											"from": [ 0.05, 0.7, 0.05 ],
											"to": [ 0.25, 0.8, 0.25 ],
											"rotationOrigin": [ 0.1, 0.7, 0.1 ],
											"faces": {
												"north": { "texture": "#club", "uv": [ 0.0, 0.0, 0.5, 0.5 ] },
												"east": { "texture": "#club", "uv": [ 0.0, 0.0, 0.5, 0.5 ] },
												"south": { "texture": "#club", "uv": [ 0.0, 0.0, 0.5, 0.5 ] },
												"west": { "texture": "#club", "uv": [ 0.0, 0.0, 0.5, 0.5 ] },
												"up": { "texture": "#club", "uv": [ 0.0, 0.0, 0.5, 0.5 ] },
												"down": { "texture": "#club", "uv": [ 0.0, 0.0, 0.5, 0.5 ] }
											}
										}
									]
								}
							]
						}
					]
				},
				{
					"name": "Cube62",
					"from": [ -0.8, 0.0, 3.0 ],
					"to": [ -0.5, 0.6, 3.3 ],
					"rotationOrigin": [ -0.8, 0.0, 3.0 ],
					"rotationX": 3.0,
					"rotationY": -22.0,
					"faces": {
						"north": { "texture": "#club", "uv": [ 0.0, 9.0, 0.5, 9.5 ] },
						"east": { "texture": "#club", "uv": [ 0.0, 9.5, 0.5, 10.0 ] },
						"south": { "texture": "#club", "uv": [ 0.0, 10.0, 0.5, 10.5 ] },
						"west": { "texture": "#club", "uv": [ 0.0, 10.0, 0.5, 10.5 ] },
						"up": { "texture": "#club", "uv": [ 0.0, 10.0, 0.5, 10.5 ] },
						"down": { "texture": "#club", "uv": [ 0.0, 8.5, 0.5, 9.0 ] }
					},
					"children": [
						{
							"name": "Cube63",
							"from": [ 0.0, 0.6, 0.0 ],
							"to": [ 0.3, 1.8, 0.3 ],
							"rotationOrigin": [ 0.0, 0.6, 0.0 ],
							"faces": {
								"north": { "texture": "#club", "uv": [ 0.0, 7.0, 0.5, 8.0 ] },
								"east": { "texture": "#club", "uv": [ 0.0, 7.0, 0.5, 8.0 ] },
								"south": { "texture": "#club", "uv": [ 0.0, 7.0, 0.5, 8.0 ] },
								"west": { "texture": "#club", "uv": [ 0.0, 7.0, 0.5, 8.0 ] },
								"up": { "texture": "#club", "uv": [ 0.0, 8.0, 0.5, 8.5 ] },
								"down": { "texture": "#club", "uv": [ 0.0, 0.0, 0.5, 0.5 ] }
							},
							"children": [
								{
									"name": "Cube64",
									"from": [ 0.0, 1.2, 0.0 ],
									"to": [ 0.3, 1.9, 0.3 ],
									"rotationOrigin": [ 0.0, 1.2, 0.0 ],
									"faces": {
										"north": { "texture": "#club", "uv": [ 0.0, 0.0, 0.5, 0.5 ] },
										"east": { "texture": "#club", "uv": [ 0.0, 0.0, 0.5, 0.5 ] },
										"south": { "texture": "#club", "uv": [ 0.0, 0.0, 0.5, 0.5 ] },
										"west": { "texture": "#club", "uv": [ 0.0, 0.0, 0.5, 0.5 ] },
										"up": { "texture": "#club", "uv": [ 0.0, 0.0, 0.5, 0.5 ] },
										"down": { "texture": "#club", "uv": [ 0.0, 0.0, 0.5, 0.5 ] }
									},
									"children": [
										{
											"name": "Cube65",
											"from": [ 0.05, 0.7, 0.05 ],
											"to": [ 0.25, 0.8, 0.25 ],
											"rotationOrigin": [ 0.1, 0.7, 0.1 ],
											"faces": {
												"north": { "texture": "#club", "uv": [ 0.0, 0.0, 0.5, 0.5 ] },
												"east": { "texture": "#club", "uv": [ 0.0, 0.0, 0.5, 0.5 ] },
												"south": { "texture": "#club", "uv": [ 0.0, 0.0, 0.5, 0.5 ] },
												"west": { "texture": "#club", "uv": [ 0.0, 0.0, 0.5, 0.5 ] },
												"up": { "texture": "#club", "uv": [ 0.0, 0.0, 0.5, 0.5 ] },
												"down": { "texture": "#club", "uv": [ 0.0, 0.0, 0.5, 0.5 ] }
											}
										}
									]
								}
							]
						}
					]
				},
				{
					"name": "Cube66",
					"from": [ 3.0, 0.0, -3.0 ],
					"to": [ 3.3, 0.8, -2.7 ],
					"rotationOrigin": [ 3.0, 0.0, -3.0 ],
					"rotationY": -55.0,
					"faces": {
						"north": { "texture": "#club", "uv": [ 0.0, 11.0, 0.5, 11.5 ] },
						"east": { "texture": "#club", "uv": [ 0.0, 11.0, 0.5, 11.5 ] },
						"south": { "texture": "#club", "uv": [ 0.0, 10.5, 0.5, 11.0 ] },
						"west": { "texture": "#club", "uv": [ 0.0, 9.5, 0.5, 10.0 ] },
						"up": { "texture": "#club", "uv": [ 0.0, 0.0, 0.5, 0.5 ] },
						"down": { "texture": "#club", "uv": [ 0.0, 0.0, 0.5, 0.5 ] }
					},
					"children": [
						{
							"name": "Cube67",
							"from": [ 0.0, 0.8, 0.0 ],
							"to": [ 0.3, 2.6, 0.3 ],
							"rotationOrigin": [ 0.0, 0.8, 0.0 ],
							"faces": {
								"north": { "texture": "#club", "uv": [ 1.0, 8.0, 1.5, 9.5 ] },
								"east": { "texture": "#club", "uv": [ 1.0, 7.5, 1.5, 9.0 ] },
								"south": { "texture": "#club", "uv": [ 1.0, 8.0, 1.5, 9.5 ] },
								"west": { "texture": "#club", "uv": [ 1.0, 8.0, 1.5, 9.5 ] },
								"up": { "texture": "#club", "uv": [ 0.0, 0.0, 0.5, 0.5 ] },
								"down": { "texture": "#club", "uv": [ 0.0, 0.0, 0.5, 0.5 ] }
							},
							"children": [
								{
									"name": "Cube68",
									"from": [ 0.0, 1.8, 0.0 ],
									"to": [ 0.3, 2.7, 0.3 ],
									"rotationOrigin": [ 0.0, 1.8, 0.0 ],
									"faces": {
										"north": { "texture": "#club", "uv": [ 0.0, 0.0, 0.5, 0.5 ] },
										"east": { "texture": "#club", "uv": [ 0.0, 0.0, 0.5, 0.5 ] },
										"south": { "texture": "#club", "uv": [ 0.0, 0.0, 0.5, 0.5 ] },
										"west": { "texture": "#club", "uv": [ 0.0, 0.0, 0.5, 0.5 ] },
										"up": { "texture": "#club", "uv": [ 0.0, 0.0, 0.5, 0.5 ] },
										"down": { "texture": "#club", "uv": [ 0.0, 0.0, 0.5, 0.5 ] }
									},
									"children": [
										{
											"name": "Cube69",
											"from": [ 0.05, 0.9, 0.05 ],
											"to": [ 0.25, 1.0, 0.25 ],
											"rotationOrigin": [ 0.1, 0.9, 0.1 ],
											"faces": {
												"north": { "texture": "#club", "uv": [ 0.0, 0.0, 0.5, 0.5 ] },
												"east": { "texture": "#club", "uv": [ 0.0, 0.0, 0.5, 0.5 ] },
												"south": { "texture": "#club", "uv": [ 0.0, 0.0, 0.5, 0.5 ] },
												"west": { "texture": "#club", "uv": [ 0.0, 0.0, 0.5, 0.5 ] },
												"up": { "texture": "#club", "uv": [ 0.0, 0.0, 0.5, 0.5 ] },
												"down": { "texture": "#club", "uv": [ 0.0, 0.0, 0.5, 0.5 ] }
											}
										}
									]
								}
							]
						}
					]
				},
				{
					"name": "Cube70",
					"from": [ -3.6, 0.0, 6.0 ],
					"to": [ -3.3, 0.4, 6.3 ],
					"rotationOrigin": [ -3.6, 0.0, 6.0 ],
					"rotationY": -25.0,
					"faces": {
						"north": { "texture": "#club", "uv": [ 0.0, 7.5, 0.5, 8.0 ] },
						"east": { "texture": "#club", "uv": [ 0.0, 7.5, 0.5, 8.0 ] },
						"south": { "texture": "#club", "uv": [ 0.0, 7.5, 0.5, 8.0 ] },
						"west": { "texture": "#club", "uv": [ 0.0, 7.5, 0.5, 8.0 ] },
						"up": { "texture": "#club", "uv": [ 0.0, 7.5, 0.5, 8.0 ] },
						"down": { "texture": "#club", "uv": [ 0.0, 0.0, 0.5, 0.5 ] }
					},
					"children": [
						{
							"name": "Cube71",
							"from": [ 0.0, 0.4, 0.0 ],
							"to": [ 0.3, 1.1, 0.3 ],
							"rotationOrigin": [ 0.0, 0.4, 0.0 ],
							"faces": {
								"north": { "texture": "#club", "uv": [ 0.0, 5.5, 0.5, 6.0 ] },
								"east": { "texture": "#club", "uv": [ 0.0, 6.0, 0.5, 6.5 ] },
								"south": { "texture": "#club", "uv": [ 0.0, 6.0, 0.5, 6.5 ] },
								"west": { "texture": "#club", "uv": [ 0.0, 6.0, 0.5, 6.5 ] },
								"up": { "texture": "#club", "uv": [ 0.0, 6.5, 0.5, 7.0 ] },
								"down": { "texture": "#club", "uv": [ 0.0, 6.0, 0.5, 6.5 ] }
							},
							"children": [
								{
									"name": "Cube72",
									"from": [ 0.0, 0.7, 0.0 ],
									"to": [ 0.3, 1.1, 0.3 ],
									"rotationOrigin": [ 0.0, 0.7, 0.0 ],
									"faces": {
										"north": { "texture": "#club", "uv": [ 0.0, 0.0, 0.5, 0.5 ] },
										"east": { "texture": "#club", "uv": [ 0.0, 0.0, 0.5, 0.5 ] },
										"south": { "texture": "#club", "uv": [ 0.0, 0.0, 0.5, 0.5 ] },
										"west": { "texture": "#club", "uv": [ 0.0, 0.0, 0.5, 0.5 ] },
										"up": { "texture": "#club", "uv": [ 0.0, 0.0, 0.5, 0.5 ] },
										"down": { "texture": "#club", "uv": [ 0.0, 0.0, 0.5, 0.5 ] }
									},
									"children": [
										{
											"name": "Cube73",
											"from": [ 0.05, 0.4, 0.05 ],
											"to": [ 0.25, 0.5, 0.25 ],
											"rotationOrigin": [ 0.1, 0.4, 0.1 ],
											"faces": {
												"north": { "texture": "#club", "uv": [ 0.0, 0.0, 0.5, 0.5 ] },
												"east": { "texture": "#club", "uv": [ 0.0, 0.0, 0.5, 0.5 ] },
												"south": { "texture": "#club", "uv": [ 0.0, 0.0, 0.5, 0.5 ] },
												"west": { "texture": "#club", "uv": [ 0.0, 0.0, 0.5, 0.5 ] },
												"up": { "texture": "#club", "uv": [ 0.0, 0.0, 0.5, 0.5 ] },
												"down": { "texture": "#club", "uv": [ 0.0, 0.0, 0.5, 0.5 ] }
											}
										}
									]
								}
							]
						}
					]
				},
				{
					"name": "Cube74",
					"from": [ 5.4, 0.0, -3.0 ],
					"to": [ 5.7, 0.4, -2.7 ],
					"rotationOrigin": [ 5.4, 0.0, -3.0 ],
					"rotationY": -119.0,
					"faces": {
						"north": { "texture": "#club", "uv": [ 0.0, 7.5, 0.5, 8.0 ] },
						"east": { "texture": "#club", "uv": [ 0.0, 7.5, 0.5, 8.0 ] },
						"south": { "texture": "#club", "uv": [ 0.0, 7.5, 0.5, 8.0 ] },
						"west": { "texture": "#club", "uv": [ 0.0, 7.5, 0.5, 8.0 ] },
						"up": { "texture": "#club", "uv": [ 0.0, 7.5, 0.5, 8.0 ] },
						"down": { "texture": "#club", "uv": [ 0.0, 0.0, 0.5, 0.5 ] }
					},
					"children": [
						{
							"name": "Cube75",
							"from": [ 0.0, 0.4, 0.0 ],
							"to": [ 0.3, 1.1, 0.3 ],
							"rotationOrigin": [ 0.0, 0.4, 0.0 ],
							"faces": {
								"north": { "texture": "#club", "uv": [ 0.0, 5.5, 0.5, 6.0 ] },
								"east": { "texture": "#club", "uv": [ 0.0, 6.0, 0.5, 6.5 ] },
								"south": { "texture": "#club", "uv": [ 0.0, 6.0, 0.5, 6.5 ] },
								"west": { "texture": "#club", "uv": [ 0.0, 6.0, 0.5, 6.5 ] },
								"up": { "texture": "#club", "uv": [ 0.0, 6.5, 0.5, 7.0 ] },
								"down": { "texture": "#club", "uv": [ 0.0, 6.0, 0.5, 6.5 ] }
							},
							"children": [
								{
									"name": "Cube76",
									"from": [ 0.0, 0.7, 0.0 ],
									"to": [ 0.3, 1.1, 0.3 ],
									"rotationOrigin": [ 0.0, 0.7, 0.0 ],
									"faces": {
										"north": { "texture": "#club", "uv": [ 0.0, 0.0, 0.5, 0.5 ] },
										"east": { "texture": "#club", "uv": [ 0.0, 0.0, 0.5, 0.5 ] },
										"south": { "texture": "#club", "uv": [ 0.0, 0.0, 0.5, 0.5 ] },
										"west": { "texture": "#club", "uv": [ 0.0, 0.0, 0.5, 0.5 ] },
										"up": { "texture": "#club", "uv": [ 0.0, 0.0, 0.5, 0.5 ] },
										"down": { "texture": "#club", "uv": [ 0.0, 0.0, 0.5, 0.5 ] }
									},
									"children": [
										{
											"name": "Cube77",
											"from": [ 0.05, 0.4, 0.05 ],
											"to": [ 0.25, 0.5, 0.25 ],
											"rotationOrigin": [ 0.1, 0.4, 0.1 ],
											"faces": {
												"north": { "texture": "#club", "uv": [ 0.0, 0.0, 0.5, 0.5 ] },
												"east": { "texture": "#club", "uv": [ 0.0, 0.0, 0.5, 0.5 ] },
												"south": { "texture": "#club", "uv": [ 0.0, 0.0, 0.5, 0.5 ] },
												"west": { "texture": "#club", "uv": [ 0.0, 0.0, 0.5, 0.5 ] },
												"up": { "texture": "#club", "uv": [ 0.0, 0.0, 0.5, 0.5 ] },
												"down": { "texture": "#club", "uv": [ 0.0, 0.0, 0.5, 0.5 ] }
											}
										}
									]
								}
							]
						}
					]
				},
				{
					"name": "Cube78",
					"from": [ -2.0, 0.0, 4.0 ],
					"to": [ -1.7, 0.8, 4.3 ],
					"rotationOrigin": [ -2.0, 0.0, 4.0 ],
					"rotationY": 17.0,
					"rotationZ": 3.0,
					"faces": {
						"north": { "texture": "#club", "uv": [ 0.0, 11.0, 0.5, 11.5 ] },
						"east": { "texture": "#club", "uv": [ 0.0, 11.0, 0.5, 11.5 ] },
						"south": { "texture": "#club", "uv": [ 0.0, 10.5, 0.5, 11.0 ] },
						"west": { "texture": "#club", "uv": [ 0.0, 9.5, 0.5, 10.0 ] },
						"up": { "texture": "#club", "uv": [ 0.0, 0.0, 0.5, 0.5 ] },
						"down": { "texture": "#club", "uv": [ 0.0, 0.0, 0.5, 0.5 ] }
					},
					"children": [
						{
							"name": "Cube79",
							"from": [ 0.0, 0.8, 0.0 ],
							"to": [ 0.3, 2.6, 0.3 ],
							"rotationOrigin": [ 0.0, 0.8, 0.0 ],
							"faces": {
								"north": { "texture": "#club", "uv": [ 1.0, 8.0, 1.5, 9.5 ] },
								"east": { "texture": "#club", "uv": [ 1.0, 7.5, 1.5, 9.0 ] },
								"south": { "texture": "#club", "uv": [ 1.0, 8.0, 1.5, 9.5 ] },
								"west": { "texture": "#club", "uv": [ 1.0, 8.0, 1.5, 9.5 ] },
								"up": { "texture": "#club", "uv": [ 0.0, 0.0, 0.5, 0.5 ] },
								"down": { "texture": "#club", "uv": [ 0.0, 0.0, 0.5, 0.5 ] }
							},
							"children": [
								{
									"name": "Cube80",
									"from": [ 0.0, 1.8, 0.0 ],
									"to": [ 0.3, 2.7, 0.3 ],
									"rotationOrigin": [ 0.0, 1.8, 0.0 ],
									"faces": {
										"north": { "texture": "#club", "uv": [ 0.0, 0.0, 0.5, 0.5 ] },
										"east": { "texture": "#club", "uv": [ 0.0, 0.0, 0.5, 0.5 ] },
										"south": { "texture": "#club", "uv": [ 0.0, 0.0, 0.5, 0.5 ] },
										"west": { "texture": "#club", "uv": [ 0.0, 0.0, 0.5, 0.5 ] },
										"up": { "texture": "#club", "uv": [ 0.0, 0.0, 0.5, 0.5 ] },
										"down": { "texture": "#club", "uv": [ 0.0, 0.0, 0.5, 0.5 ] }
									},
									"children": [
										{
											"name": "Cube81",
											"from": [ 0.05, 0.9, 0.05 ],
											"to": [ 0.25, 1.0, 0.25 ],
											"rotationOrigin": [ 0.1, 0.9, 0.1 ],
											"faces": {
												"north": { "texture": "#club", "uv": [ 0.0, 0.0, 0.5, 0.5 ] },
												"east": { "texture": "#club", "uv": [ 0.0, 0.0, 0.5, 0.5 ] },
												"south": { "texture": "#club", "uv": [ 0.0, 0.0, 0.5, 0.5 ] },
												"west": { "texture": "#club", "uv": [ 0.0, 0.0, 0.5, 0.5 ] },
												"up": { "texture": "#club", "uv": [ 0.0, 0.0, 0.5, 0.5 ] },
												"down": { "texture": "#club", "uv": [ 0.0, 0.0, 0.5, 0.5 ] }
											}
										}
									]
								}
							]
						}
					]
				}
			]
		},
		{
			"name": "origin2",
			"from": [ 8.0, 0.0, 8.0 ],
			"to": [ 8.0, 0.0, 8.0 ],
			"rotationOrigin": [ 8.0, 0.0, 8.0 ],
			"rotationY": -180.0,
			"faces": {
				"north": { "texture": "#club", "uv": [ 0.0, 0.0, 0.5, 0.5 ] },
				"east": { "texture": "#club", "uv": [ 0.0, 0.0, 0.5, 0.5 ] },
				"south": { "texture": "#club", "uv": [ 0.0, 0.0, 0.5, 0.5 ] },
				"west": { "texture": "#club", "uv": [ 0.0, 0.0, 0.5, 0.5 ] },
				"up": { "texture": "#club", "uv": [ 0.0, 0.0, 0.5, 0.5 ] },
				"down": { "texture": "#club", "uv": [ 0.0, 0.0, 0.5, 0.5 ] }
			},
			"children": [
				{
					"name": "Cube14",
					"from": [ 2.0, 0.0, 2.0 ],
					"to": [ 2.3, 0.8, 2.3 ],
					"rotationOrigin": [ 2.0, 0.0, 2.0 ],
					"rotationY": 42.0,
					"rotationZ": -3.0,
					"faces": {
						"north": { "texture": "#club", "uv": [ 0.0, 11.0, 0.5, 11.5 ] },
						"east": { "texture": "#club", "uv": [ 0.0, 11.0, 0.5, 11.5 ] },
						"south": { "texture": "#club", "uv": [ 0.0, 10.5, 0.5, 11.0 ] },
						"west": { "texture": "#club", "uv": [ 0.0, 9.5, 0.5, 10.0 ] },
						"up": { "texture": "#club", "uv": [ 0.0, 0.0, 0.5, 0.5 ] },
						"down": { "texture": "#club", "uv": [ 0.0, 0.0, 0.5, 0.5 ] }
					},
					"children": [
						{
							"name": "Cube82",
							"from": [ 0.0, 0.8, 0.0 ],
							"to": [ 0.3, 2.6, 0.3 ],
							"rotationOrigin": [ 0.0, 0.8, 0.0 ],
							"faces": {
								"north": { "texture": "#club", "uv": [ 1.0, 8.0, 1.5, 9.5 ] },
								"east": { "texture": "#club", "uv": [ 1.0, 7.5, 1.5, 9.0 ] },
								"south": { "texture": "#club", "uv": [ 1.0, 8.0, 1.5, 9.5 ] },
								"west": { "texture": "#club", "uv": [ 1.0, 8.0, 1.5, 9.5 ] },
								"up": { "texture": "#club", "uv": [ 0.0, 0.0, 0.5, 0.5 ] },
								"down": { "texture": "#club", "uv": [ 0.0, 0.0, 0.5, 0.5 ] }
							},
							"children": [
								{
									"name": "Cube83",
									"from": [ 0.0, 1.8, 0.0 ],
									"to": [ 0.3, 2.7, 0.3 ],
									"rotationOrigin": [ 0.0, 1.8, 0.0 ],
									"faces": {
										"north": { "texture": "#club", "uv": [ 0.0, 0.0, 0.5, 0.5 ] },
										"east": { "texture": "#club", "uv": [ 0.0, 0.0, 0.5, 0.5 ] },
										"south": { "texture": "#club", "uv": [ 0.0, 0.0, 0.5, 0.5 ] },
										"west": { "texture": "#club", "uv": [ 0.0, 0.0, 0.5, 0.5 ] },
										"up": { "texture": "#club", "uv": [ 0.0, 0.0, 0.5, 0.5 ] },
										"down": { "texture": "#club", "uv": [ 0.0, 0.0, 0.5, 0.5 ] }
									},
									"children": [
										{
											"name": "Cube15",
											"from": [ 0.05, 0.9, 0.05 ],
											"to": [ 0.25, 1.0, 0.25 ],
											"rotationOrigin": [ 0.1, 0.9, 0.1 ],
											"faces": {
												"north": { "texture": "#club", "uv": [ 0.0, 0.0, 0.5, 0.5 ] },
												"east": { "texture": "#club", "uv": [ 0.0, 0.0, 0.5, 0.5 ] },
												"south": { "texture": "#club", "uv": [ 0.0, 0.0, 0.5, 0.5 ] },
												"west": { "texture": "#club", "uv": [ 0.0, 0.0, 0.5, 0.5 ] },
												"up": { "texture": "#club", "uv": [ 0.0, 0.0, 0.5, 0.5 ] },
												"down": { "texture": "#club", "uv": [ 0.0, 0.0, 0.5, 0.5 ] }
											}
										}
									]
								}
							]
						}
					]
				},
				{
					"name": "Cube34",
					"from": [ -0.5, 0.0, -1.0 ],
					"to": [ -0.2, 0.6, -0.7 ],
					"rotationOrigin": [ -0.5, 0.0, -1.0 ],
					"rotationY": -44.0,
					"faces": {
						"north": { "texture": "#club", "uv": [ 0.0, 9.0, 0.5, 9.5 ] },
						"east": { "texture": "#club", "uv": [ 0.0, 9.5, 0.5, 10.0 ] },
						"south": { "texture": "#club", "uv": [ 0.0, 10.0, 0.5, 10.5 ] },
						"west": { "texture": "#club", "uv": [ 0.0, 10.0, 0.5, 10.5 ] },
						"up": { "texture": "#club", "uv": [ 0.0, 10.0, 0.5, 10.5 ] },
						"down": { "texture": "#club", "uv": [ 0.0, 8.5, 0.5, 9.0 ] }
					},
					"children": [
						{
							"name": "Cube35",
							"from": [ 0.0, 0.6, 0.0 ],
							"to": [ 0.3, 1.8, 0.3 ],
							"rotationOrigin": [ 0.0, 0.6, 0.0 ],
							"faces": {
								"north": { "texture": "#club", "uv": [ 0.0, 7.0, 0.5, 8.0 ] },
								"east": { "texture": "#club", "uv": [ 0.0, 7.0, 0.5, 8.0 ] },
								"south": { "texture": "#club", "uv": [ 0.0, 7.0, 0.5, 8.0 ] },
								"west": { "texture": "#club", "uv": [ 0.0, 7.0, 0.5, 8.0 ] },
								"up": { "texture": "#club", "uv": [ 0.0, 8.0, 0.5, 8.5 ] },
								"down": { "texture": "#club", "uv": [ 0.0, 0.0, 0.5, 0.5 ] }
							},
							"children": [
								{
									"name": "Cube84",
									"from": [ 0.0, 1.2, 0.0 ],
									"to": [ 0.3, 1.9, 0.3 ],
									"rotationOrigin": [ 0.0, 1.2, 0.0 ],
									"faces": {
										"north": { "texture": "#club", "uv": [ 0.0, 0.0, 0.5, 0.5 ] },
										"east": { "texture": "#club", "uv": [ 0.0, 0.0, 0.5, 0.5 ] },
										"south": { "texture": "#club", "uv": [ 0.0, 0.0, 0.5, 0.5 ] },
										"west": { "texture": "#club", "uv": [ 0.0, 0.0, 0.5, 0.5 ] },
										"up": { "texture": "#club", "uv": [ 0.0, 0.0, 0.5, 0.5 ] },
										"down": { "texture": "#club", "uv": [ 0.0, 0.0, 0.5, 0.5 ] }
									},
									"children": [
										{
											"name": "Cube85",
											"from": [ 0.05, 0.7, 0.05 ],
											"to": [ 0.25, 0.8, 0.25 ],
											"rotationOrigin": [ 0.1, 0.7, 0.1 ],
											"faces": {
												"north": { "texture": "#club", "uv": [ 0.0, 0.0, 0.5, 0.5 ] },
												"east": { "texture": "#club", "uv": [ 0.0, 0.0, 0.5, 0.5 ] },
												"south": { "texture": "#club", "uv": [ 0.0, 0.0, 0.5, 0.5 ] },
												"west": { "texture": "#club", "uv": [ 0.0, 0.0, 0.5, 0.5 ] },
												"up": { "texture": "#club", "uv": [ 0.0, 0.0, 0.5, 0.5 ] },
												"down": { "texture": "#club", "uv": [ 0.0, 0.0, 0.5, 0.5 ] }
											}
										}
									]
								}
							]
						}
					]
				},
				{
					"name": "Cube86",
					"from": [ 4.0, 0.0, -2.0 ],
					"to": [ 4.3, 0.4, -1.7 ],
					"rotationOrigin": [ 4.0, 0.0, -2.0 ],
					"rotationY": -25.0,
					"faces": {
						"north": { "texture": "#club", "uv": [ 0.0, 7.5, 0.5, 8.0 ] },
						"east": { "texture": "#club", "uv": [ 0.0, 7.5, 0.5, 8.0 ] },
						"south": { "texture": "#club", "uv": [ 0.0, 7.5, 0.5, 8.0 ] },
						"west": { "texture": "#club", "uv": [ 0.0, 7.5, 0.5, 8.0 ] },
						"up": { "texture": "#club", "uv": [ 0.0, 7.5, 0.5, 8.0 ] },
						"down": { "texture": "#club", "uv": [ 0.0, 0.0, 0.5, 0.5 ] }
					},
					"children": [
						{
							"name": "Cube87",
							"from": [ 0.0, 0.4, 0.0 ],
							"to": [ 0.3, 1.1, 0.3 ],
							"rotationOrigin": [ 0.0, 0.4, 0.0 ],
							"faces": {
								"north": { "texture": "#club", "uv": [ 0.0, 5.5, 0.5, 6.0 ] },
								"east": { "texture": "#club", "uv": [ 0.0, 6.0, 0.5, 6.5 ] },
								"south": { "texture": "#club", "uv": [ 0.0, 6.0, 0.5, 6.5 ] },
								"west": { "texture": "#club", "uv": [ 0.0, 6.0, 0.5, 6.5 ] },
								"up": { "texture": "#club", "uv": [ 0.0, 6.5, 0.5, 7.0 ] },
								"down": { "texture": "#club", "uv": [ 0.0, 6.0, 0.5, 6.5 ] }
							},
							"children": [
								{
									"name": "Cube88",
									"from": [ 0.0, 0.7, 0.0 ],
									"to": [ 0.3, 1.1, 0.3 ],
									"rotationOrigin": [ 0.0, 0.7, 0.0 ],
									"faces": {
										"north": { "texture": "#club", "uv": [ 0.0, 0.0, 0.5, 0.5 ] },
										"east": { "texture": "#club", "uv": [ 0.0, 0.0, 0.5, 0.5 ] },
										"south": { "texture": "#club", "uv": [ 0.0, 0.0, 0.5, 0.5 ] },
										"west": { "texture": "#club", "uv": [ 0.0, 0.0, 0.5, 0.5 ] },
										"up": { "texture": "#club", "uv": [ 0.0, 0.0, 0.5, 0.5 ] },
										"down": { "texture": "#club", "uv": [ 0.0, 0.0, 0.5, 0.5 ] }
									},
									"children": [
										{
											"name": "Cube89",
											"from": [ 0.05, 0.4, 0.05 ],
											"to": [ 0.25, 0.5, 0.25 ],
											"rotationOrigin": [ 0.1, 0.4, 0.1 ],
											"faces": {
												"north": { "texture": "#club", "uv": [ 0.0, 0.0, 0.5, 0.5 ] },
												"east": { "texture": "#club", "uv": [ 0.0, 0.0, 0.5, 0.5 ] },
												"south": { "texture": "#club", "uv": [ 0.0, 0.0, 0.5, 0.5 ] },
												"west": { "texture": "#club", "uv": [ 0.0, 0.0, 0.5, 0.5 ] },
												"up": { "texture": "#club", "uv": [ 0.0, 0.0, 0.5, 0.5 ] },
												"down": { "texture": "#club", "uv": [ 0.0, 0.0, 0.5, 0.5 ] }
											}
										}
									]
								}
							]
						}
					]
				},
				{
					"name": "Cube16",
					"from": [ -4.0, 0.0, 4.0 ],
					"to": [ -3.7, 0.8, 4.3 ],
					"rotationOrigin": [ -4.0, 0.0, 4.0 ],
					"rotationY": -53.0,
					"faces": {
						"north": { "texture": "#club", "uv": [ 0.0, 11.0, 0.5, 11.5 ] },
						"east": { "texture": "#club", "uv": [ 0.0, 11.0, 0.5, 11.5 ] },
						"south": { "texture": "#club", "uv": [ 0.0, 10.5, 0.5, 11.0 ] },
						"west": { "texture": "#club", "uv": [ 0.0, 9.5, 0.5, 10.0 ] },
						"up": { "texture": "#club", "uv": [ 0.0, 0.0, 0.5, 0.5 ] },
						"down": { "texture": "#club", "uv": [ 0.0, 0.0, 0.5, 0.5 ] }
					},
					"children": [
						{
							"name": "Cube90",
							"from": [ 0.0, 0.8, 0.0 ],
							"to": [ 0.3, 2.6, 0.3 ],
							"rotationOrigin": [ 0.0, 0.8, 0.0 ],
							"faces": {
								"north": { "texture": "#club", "uv": [ 1.0, 8.0, 1.5, 9.5 ] },
								"east": { "texture": "#club", "uv": [ 1.0, 7.5, 1.5, 9.0 ] },
								"south": { "texture": "#club", "uv": [ 1.0, 8.0, 1.5, 9.5 ] },
								"west": { "texture": "#club", "uv": [ 1.0, 8.0, 1.5, 9.5 ] },
								"up": { "texture": "#club", "uv": [ 0.0, 0.0, 0.5, 0.5 ] },
								"down": { "texture": "#club", "uv": [ 0.0, 0.0, 0.5, 0.5 ] }
							},
							"children": [
								{
									"name": "Cube91",
									"from": [ 0.0, 1.8, 0.0 ],
									"to": [ 0.3, 2.7, 0.3 ],
									"rotationOrigin": [ 0.0, 1.8, 0.0 ],
									"faces": {
										"north": { "texture": "#club", "uv": [ 0.0, 0.0, 0.5, 0.5 ] },
										"east": { "texture": "#club", "uv": [ 0.0, 0.0, 0.5, 0.5 ] },
										"south": { "texture": "#club", "uv": [ 0.0, 0.0, 0.5, 0.5 ] },
										"west": { "texture": "#club", "uv": [ 0.0, 0.0, 0.5, 0.5 ] },
										"up": { "texture": "#club", "uv": [ 0.0, 0.0, 0.5, 0.5 ] },
										"down": { "texture": "#club", "uv": [ 0.0, 0.0, 0.5, 0.5 ] }
									},
									"children": [
										{
											"name": "Cube17",
											"from": [ 0.05, 0.9, 0.05 ],
											"to": [ 0.25, 1.0, 0.25 ],
											"rotationOrigin": [ 0.1, 0.9, 0.1 ],
											"faces": {
												"north": { "texture": "#club", "uv": [ 0.0, 0.0, 0.5, 0.5 ] },
												"east": { "texture": "#club", "uv": [ 0.0, 0.0, 0.5, 0.5 ] },
												"south": { "texture": "#club", "uv": [ 0.0, 0.0, 0.5, 0.5 ] },
												"west": { "texture": "#club", "uv": [ 0.0, 0.0, 0.5, 0.5 ] },
												"up": { "texture": "#club", "uv": [ 0.0, 0.0, 0.5, 0.5 ] },
												"down": { "texture": "#club", "uv": [ 0.0, 0.0, 0.5, 0.5 ] }
											}
										}
									]
								}
							]
						}
					]
				},
				{
					"name": "Cube92",
					"from": [ -2.5, 0.0, 6.0 ],
					"to": [ -2.2, 0.6, 6.3 ],
					"rotationOrigin": [ -2.5, 0.0, 6.0 ],
					"rotationY": -44.0,
					"faces": {
						"north": { "texture": "#club", "uv": [ 0.0, 9.0, 0.5, 9.5 ] },
						"east": { "texture": "#club", "uv": [ 0.0, 9.5, 0.5, 10.0 ] },
						"south": { "texture": "#club", "uv": [ 0.0, 10.0, 0.5, 10.5 ] },
						"west": { "texture": "#club", "uv": [ 0.0, 10.0, 0.5, 10.5 ] },
						"up": { "texture": "#club", "uv": [ 0.0, 10.0, 0.5, 10.5 ] },
						"down": { "texture": "#club", "uv": [ 0.0, 8.5, 0.5, 9.0 ] }
					},
					"children": [
						{
							"name": "Cube93",
							"from": [ 0.0, 0.6, 0.0 ],
							"to": [ 0.3, 1.8, 0.3 ],
							"rotationOrigin": [ 0.0, 0.6, 0.0 ],
							"faces": {
								"north": { "texture": "#club", "uv": [ 0.0, 7.0, 0.5, 8.0 ] },
								"east": { "texture": "#club", "uv": [ 0.0, 7.0, 0.5, 8.0 ] },
								"south": { "texture": "#club", "uv": [ 0.0, 7.0, 0.5, 8.0 ] },
								"west": { "texture": "#club", "uv": [ 0.0, 7.0, 0.5, 8.0 ] },
								"up": { "texture": "#club", "uv": [ 0.0, 8.0, 0.5, 8.5 ] },
								"down": { "texture": "#club", "uv": [ 0.0, 0.0, 0.5, 0.5 ] }
							},
							"children": [
								{
									"name": "Cube94",
									"from": [ 0.0, 1.2, 0.0 ],
									"to": [ 0.3, 1.9, 0.3 ],
									"rotationOrigin": [ 0.0, 1.2, 0.0 ],
									"faces": {
										"north": { "texture": "#club", "uv": [ 0.0, 0.0, 0.5, 0.5 ] },
										"east": { "texture": "#club", "uv": [ 0.0, 0.0, 0.5, 0.5 ] },
										"south": { "texture": "#club", "uv": [ 0.0, 0.0, 0.5, 0.5 ] },
										"west": { "texture": "#club", "uv": [ 0.0, 0.0, 0.5, 0.5 ] },
										"up": { "texture": "#club", "uv": [ 0.0, 0.0, 0.5, 0.5 ] },
										"down": { "texture": "#club", "uv": [ 0.0, 0.0, 0.5, 0.5 ] }
									},
									"children": [
										{
											"name": "Cube95",
											"from": [ 0.05, 0.7, 0.05 ],
											"to": [ 0.25, 0.8, 0.25 ],
											"rotationOrigin": [ 0.1, 0.7, 0.1 ],
											"faces": {
												"north": { "texture": "#club", "uv": [ 0.0, 0.0, 0.5, 0.5 ] },
												"east": { "texture": "#club", "uv": [ 0.0, 0.0, 0.5, 0.5 ] },
												"south": { "texture": "#club", "uv": [ 0.0, 0.0, 0.5, 0.5 ] },
												"west": { "texture": "#club", "uv": [ 0.0, 0.0, 0.5, 0.5 ] },
												"up": { "texture": "#club", "uv": [ 0.0, 0.0, 0.5, 0.5 ] },
												"down": { "texture": "#club", "uv": [ 0.0, 0.0, 0.5, 0.5 ] }
											}
										}
									]
								}
							]
						}
					]
				},
				{
					"name": "Cube96",
					"from": [ 6.4, 0.0, -5.0 ],
					"to": [ 6.7, 0.4, -4.7 ],
					"rotationOrigin": [ 6.4, 0.0, -5.0 ],
					"rotationX": -6.0,
					"rotationY": -25.0,
					"faces": {
						"north": { "texture": "#club", "uv": [ 0.0, 7.5, 0.5, 8.0 ] },
						"east": { "texture": "#club", "uv": [ 0.0, 7.5, 0.5, 8.0 ] },
						"south": { "texture": "#club", "uv": [ 0.0, 7.5, 0.5, 8.0 ] },
						"west": { "texture": "#club", "uv": [ 0.0, 7.5, 0.5, 8.0 ] },
						"up": { "texture": "#club", "uv": [ 0.0, 7.5, 0.5, 8.0 ] },
						"down": { "texture": "#club", "uv": [ 0.0, 0.0, 0.5, 0.5 ] }
					},
					"children": [
						{
							"name": "Cube97",
							"from": [ 0.0, 0.4, 0.0 ],
							"to": [ 0.3, 1.1, 0.3 ],
							"rotationOrigin": [ 0.0, 0.4, 0.0 ],
							"faces": {
								"north": { "texture": "#club", "uv": [ 0.0, 5.5, 0.5, 6.0 ] },
								"east": { "texture": "#club", "uv": [ 0.0, 6.0, 0.5, 6.5 ] },
								"south": { "texture": "#club", "uv": [ 0.0, 6.0, 0.5, 6.5 ] },
								"west": { "texture": "#club", "uv": [ 0.0, 6.0, 0.5, 6.5 ] },
								"up": { "texture": "#club", "uv": [ 0.0, 6.5, 0.5, 7.0 ] },
								"down": { "texture": "#club", "uv": [ 0.0, 6.0, 0.5, 6.5 ] }
							},
							"children": [
								{
									"name": "Cube98",
									"from": [ 0.0, 0.7, 0.0 ],
									"to": [ 0.3, 1.1, 0.3 ],
									"rotationOrigin": [ 0.0, 0.7, 0.0 ],
									"faces": {
										"north": { "texture": "#club", "uv": [ 0.0, 0.0, 0.5, 0.5 ] },
										"east": { "texture": "#club", "uv": [ 0.0, 0.0, 0.5, 0.5 ] },
										"south": { "texture": "#club", "uv": [ 0.0, 0.0, 0.5, 0.5 ] },
										"west": { "texture": "#club", "uv": [ 0.0, 0.0, 0.5, 0.5 ] },
										"up": { "texture": "#club", "uv": [ 0.0, 0.0, 0.5, 0.5 ] },
										"down": { "texture": "#club", "uv": [ 0.0, 0.0, 0.5, 0.5 ] }
									},
									"children": [
										{
											"name": "Cube99",
											"from": [ 0.05, 0.4, 0.05 ],
											"to": [ 0.25, 0.5, 0.25 ],
											"rotationOrigin": [ 0.1, 0.4, 0.1 ],
											"faces": {
												"north": { "texture": "#club", "uv": [ 0.0, 0.0, 0.5, 0.5 ] },
												"east": { "texture": "#club", "uv": [ 0.0, 0.0, 0.5, 0.5 ] },
												"south": { "texture": "#club", "uv": [ 0.0, 0.0, 0.5, 0.5 ] },
												"west": { "texture": "#club", "uv": [ 0.0, 0.0, 0.5, 0.5 ] },
												"up": { "texture": "#club", "uv": [ 0.0, 0.0, 0.5, 0.5 ] },
												"down": { "texture": "#club", "uv": [ 0.0, 0.0, 0.5, 0.5 ] }
											}
										}
									]
								}
							]
						}
					]
				},
				{
					"name": "Cube100",
					"from": [ -2.6, 0.0, 4.0 ],
					"to": [ -2.3, 0.4, 4.3 ],
					"rotationOrigin": [ -2.6, 0.0, 4.0 ],
					"rotationY": -25.0,
					"faces": {
						"north": { "texture": "#club", "uv": [ 0.0, 7.5, 0.5, 8.0 ] },
						"east": { "texture": "#club", "uv": [ 0.0, 7.5, 0.5, 8.0 ] },
						"south": { "texture": "#club", "uv": [ 0.0, 7.5, 0.5, 8.0 ] },
						"west": { "texture": "#club", "uv": [ 0.0, 7.5, 0.5, 8.0 ] },
						"up": { "texture": "#club", "uv": [ 0.0, 7.5, 0.5, 8.0 ] },
						"down": { "texture": "#club", "uv": [ 0.0, 0.0, 0.5, 0.5 ] }
					},
					"children": [
						{
							"name": "Cube101",
							"from": [ 0.0, 0.4, 0.0 ],
							"to": [ 0.3, 1.1, 0.3 ],
							"rotationOrigin": [ 0.0, 0.4, 0.0 ],
							"faces": {
								"north": { "texture": "#club", "uv": [ 0.0, 5.5, 0.5, 6.0 ] },
								"east": { "texture": "#club", "uv": [ 0.0, 6.0, 0.5, 6.5 ] },
								"south": { "texture": "#club", "uv": [ 0.0, 6.0, 0.5, 6.5 ] },
								"west": { "texture": "#club", "uv": [ 0.0, 6.0, 0.5, 6.5 ] },
								"up": { "texture": "#club", "uv": [ 0.0, 6.5, 0.5, 7.0 ] },
								"down": { "texture": "#club", "uv": [ 0.0, 6.0, 0.5, 6.5 ] }
							},
							"children": [
								{
									"name": "Cube102",
									"from": [ 0.0, 0.7, 0.0 ],
									"to": [ 0.3, 1.1, 0.3 ],
									"rotationOrigin": [ 0.0, 0.7, 0.0 ],
									"faces": {
										"north": { "texture": "#club", "uv": [ 0.0, 0.0, 0.5, 0.5 ] },
										"east": { "texture": "#club", "uv": [ 0.0, 0.0, 0.5, 0.5 ] },
										"south": { "texture": "#club", "uv": [ 0.0, 0.0, 0.5, 0.5 ] },
										"west": { "texture": "#club", "uv": [ 0.0, 0.0, 0.5, 0.5 ] },
										"up": { "texture": "#club", "uv": [ 0.0, 0.0, 0.5, 0.5 ] },
										"down": { "texture": "#club", "uv": [ 0.0, 0.0, 0.5, 0.5 ] }
									},
									"children": [
										{
											"name": "Cube103",
											"from": [ 0.05, 0.4, 0.05 ],
											"to": [ 0.25, 0.5, 0.25 ],
											"rotationOrigin": [ 0.1, 0.4, 0.1 ],
											"faces": {
												"north": { "texture": "#club", "uv": [ 0.0, 0.0, 0.5, 0.5 ] },
												"east": { "texture": "#club", "uv": [ 0.0, 0.0, 0.5, 0.5 ] },
												"south": { "texture": "#club", "uv": [ 0.0, 0.0, 0.5, 0.5 ] },
												"west": { "texture": "#club", "uv": [ 0.0, 0.0, 0.5, 0.5 ] },
												"up": { "texture": "#club", "uv": [ 0.0, 0.0, 0.5, 0.5 ] },
												"down": { "texture": "#club", "uv": [ 0.0, 0.0, 0.5, 0.5 ] }
											}
										}
									]
								}
							]
						}
					]
				},
				{
					"name": "Cube104",
					"from": [ 2.9, 0.0, 0.0 ],
					"to": [ 3.2, 0.8, 0.3 ],
					"rotationOrigin": [ 2.9, 0.0, 0.0 ],
					"rotationY": -6.0,
					"faces": {
						"north": { "texture": "#club", "uv": [ 0.0, 11.0, 0.5, 11.5 ] },
						"east": { "texture": "#club", "uv": [ 0.0, 11.0, 0.5, 11.5 ] },
						"south": { "texture": "#club", "uv": [ 0.0, 10.5, 0.5, 11.0 ] },
						"west": { "texture": "#club", "uv": [ 0.0, 9.5, 0.5, 10.0 ] },
						"up": { "texture": "#club", "uv": [ 0.0, 0.0, 0.5, 0.5 ] },
						"down": { "texture": "#club", "uv": [ 0.0, 0.0, 0.5, 0.5 ] }
					},
					"children": [
						{
							"name": "Cube105",
							"from": [ 0.0, 0.8, 0.0 ],
							"to": [ 0.3, 2.6, 0.3 ],
							"rotationOrigin": [ 0.0, 0.8, 0.0 ],
							"faces": {
								"north": { "texture": "#club", "uv": [ 1.0, 8.0, 1.5, 9.5 ] },
								"east": { "texture": "#club", "uv": [ 1.0, 7.5, 1.5, 9.0 ] },
								"south": { "texture": "#club", "uv": [ 1.0, 8.0, 1.5, 9.5 ] },
								"west": { "texture": "#club", "uv": [ 1.0, 8.0, 1.5, 9.5 ] },
								"up": { "texture": "#club", "uv": [ 0.0, 0.0, 0.5, 0.5 ] },
								"down": { "texture": "#club", "uv": [ 0.0, 0.0, 0.5, 0.5 ] }
							},
							"children": [
								{
									"name": "Cube106",
									"from": [ 0.0, 1.8, 0.0 ],
									"to": [ 0.3, 2.7, 0.3 ],
									"rotationOrigin": [ 0.0, 1.8, 0.0 ],
									"faces": {
										"north": { "texture": "#club", "uv": [ 0.0, 0.0, 0.5, 0.5 ] },
										"east": { "texture": "#club", "uv": [ 0.0, 0.0, 0.5, 0.5 ] },
										"south": { "texture": "#club", "uv": [ 0.0, 0.0, 0.5, 0.5 ] },
										"west": { "texture": "#club", "uv": [ 0.0, 0.0, 0.5, 0.5 ] },
										"up": { "texture": "#club", "uv": [ 0.0, 0.0, 0.5, 0.5 ] },
										"down": { "texture": "#club", "uv": [ 0.0, 0.0, 0.5, 0.5 ] }
									},
									"children": [
										{
											"name": "Cube107",
											"from": [ 0.05, 0.9, 0.05 ],
											"to": [ 0.25, 1.0, 0.25 ],
											"rotationOrigin": [ 0.1, 0.9, 0.1 ],
											"faces": {
												"north": { "texture": "#club", "uv": [ 0.0, 0.0, 0.5, 0.5 ] },
												"east": { "texture": "#club", "uv": [ 0.0, 0.0, 0.5, 0.5 ] },
												"south": { "texture": "#club", "uv": [ 0.0, 0.0, 0.5, 0.5 ] },
												"west": { "texture": "#club", "uv": [ 0.0, 0.0, 0.5, 0.5 ] },
												"up": { "texture": "#club", "uv": [ 0.0, 0.0, 0.5, 0.5 ] },
												"down": { "texture": "#club", "uv": [ 0.0, 0.0, 0.5, 0.5 ] }
											}
										}
									]
								}
							]
						}
					]
				},
				{
					"name": "Cube108",
					"from": [ 0.5, 0.0, -2.0 ],
					"to": [ 0.8, 0.6, -1.7 ],
					"rotationOrigin": [ 0.5, 0.0, -2.0 ],
					"rotationY": -102.0,
					"faces": {
						"north": { "texture": "#club", "uv": [ 0.0, 9.0, 0.5, 9.5 ] },
						"east": { "texture": "#club", "uv": [ 0.0, 9.5, 0.5, 10.0 ] },
						"south": { "texture": "#club", "uv": [ 0.0, 10.0, 0.5, 10.5 ] },
						"west": { "texture": "#club", "uv": [ 0.0, 10.0, 0.5, 10.5 ] },
						"up": { "texture": "#club", "uv": [ 0.0, 10.0, 0.5, 10.5 ] },
						"down": { "texture": "#club", "uv": [ 0.0, 8.5, 0.5, 9.0 ] }
					},
					"children": [
						{
							"name": "Cube109",
							"from": [ 0.0, 0.6, 0.0 ],
							"to": [ 0.3, 1.8, 0.3 ],
							"rotationOrigin": [ 0.0, 0.6, 0.0 ],
							"faces": {
								"north": { "texture": "#club", "uv": [ 0.0, 7.0, 0.5, 8.0 ] },
								"east": { "texture": "#club", "uv": [ 0.0, 7.0, 0.5, 8.0 ] },
								"south": { "texture": "#club", "uv": [ 0.0, 7.0, 0.5, 8.0 ] },
								"west": { "texture": "#club", "uv": [ 0.0, 7.0, 0.5, 8.0 ] },
								"up": { "texture": "#club", "uv": [ 0.0, 8.0, 0.5, 8.5 ] },
								"down": { "texture": "#club", "uv": [ 0.0, 0.0, 0.5, 0.5 ] }
							},
							"children": [
								{
									"name": "Cube110",
									"from": [ 0.0, 1.2, 0.0 ],
									"to": [ 0.3, 1.9, 0.3 ],
									"rotationOrigin": [ 0.0, 1.2, 0.0 ],
									"faces": {
										"north": { "texture": "#club", "uv": [ 0.0, 0.0, 0.5, 0.5 ] },
										"east": { "texture": "#club", "uv": [ 0.0, 0.0, 0.5, 0.5 ] },
										"south": { "texture": "#club", "uv": [ 0.0, 0.0, 0.5, 0.5 ] },
										"west": { "texture": "#club", "uv": [ 0.0, 0.0, 0.5, 0.5 ] },
										"up": { "texture": "#club", "uv": [ 0.0, 0.0, 0.5, 0.5 ] },
										"down": { "texture": "#club", "uv": [ 0.0, 0.0, 0.5, 0.5 ] }
									},
									"children": [
										{
											"name": "Cube111",
											"from": [ 0.05, 0.7, 0.05 ],
											"to": [ 0.25, 0.8, 0.25 ],
											"rotationOrigin": [ 0.1, 0.7, 0.1 ],
											"faces": {
												"north": { "texture": "#club", "uv": [ 0.0, 0.0, 0.5, 0.5 ] },
												"east": { "texture": "#club", "uv": [ 0.0, 0.0, 0.5, 0.5 ] },
												"south": { "texture": "#club", "uv": [ 0.0, 0.0, 0.5, 0.5 ] },
												"west": { "texture": "#club", "uv": [ 0.0, 0.0, 0.5, 0.5 ] },
												"up": { "texture": "#club", "uv": [ 0.0, 0.0, 0.5, 0.5 ] },
												"down": { "texture": "#club", "uv": [ 0.0, 0.0, 0.5, 0.5 ] }
											}
										}
									]
								}
							]
						}
					]
				},
				{
					"name": "Cube112",
					"from": [ -1.5, 0.0, 2.0 ],
					"to": [ -1.2, 0.6, 2.3 ],
					"rotationOrigin": [ -1.5, 0.0, 2.0 ],
					"rotationY": -66.0,
					"rotationZ": 6.0,
					"faces": {
						"north": { "texture": "#club", "uv": [ 0.0, 9.0, 0.5, 9.5 ] },
						"east": { "texture": "#club", "uv": [ 0.0, 9.5, 0.5, 10.0 ] },
						"south": { "texture": "#club", "uv": [ 0.0, 10.0, 0.5, 10.5 ] },
						"west": { "texture": "#club", "uv": [ 0.0, 10.0, 0.5, 10.5 ] },
						"up": { "texture": "#club", "uv": [ 0.0, 10.0, 0.5, 10.5 ] },
						"down": { "texture": "#club", "uv": [ 0.0, 8.5, 0.5, 9.0 ] }
					},
					"children": [
						{
							"name": "Cube113",
							"from": [ 0.0, 0.6, 0.0 ],
							"to": [ 0.3, 1.8, 0.3 ],
							"rotationOrigin": [ 0.0, 0.6, 0.0 ],
							"faces": {
								"north": { "texture": "#club", "uv": [ 0.0, 7.0, 0.5, 8.0 ] },
								"east": { "texture": "#club", "uv": [ 0.0, 7.0, 0.5, 8.0 ] },
								"south": { "texture": "#club", "uv": [ 0.0, 7.0, 0.5, 8.0 ] },
								"west": { "texture": "#club", "uv": [ 0.0, 7.0, 0.5, 8.0 ] },
								"up": { "texture": "#club", "uv": [ 0.0, 8.0, 0.5, 8.5 ] },
								"down": { "texture": "#club", "uv": [ 0.0, 0.0, 0.5, 0.5 ] }
							},
							"children": [
								{
									"name": "Cube114",
									"from": [ 0.0, 1.2, 0.0 ],
									"to": [ 0.3, 1.9, 0.3 ],
									"rotationOrigin": [ 0.0, 1.2, 0.0 ],
									"faces": {
										"north": { "texture": "#club", "uv": [ 0.0, 0.0, 0.5, 0.5 ] },
										"east": { "texture": "#club", "uv": [ 0.0, 0.0, 0.5, 0.5 ] },
										"south": { "texture": "#club", "uv": [ 0.0, 0.0, 0.5, 0.5 ] },
										"west": { "texture": "#club", "uv": [ 0.0, 0.0, 0.5, 0.5 ] },
										"up": { "texture": "#club", "uv": [ 0.0, 0.0, 0.5, 0.5 ] },
										"down": { "texture": "#club", "uv": [ 0.0, 0.0, 0.5, 0.5 ] }
									},
									"children": [
										{
											"name": "Cube115",
											"from": [ 0.05, 0.7, 0.05 ],
											"to": [ 0.25, 0.8, 0.25 ],
											"rotationOrigin": [ 0.1, 0.7, 0.1 ],
											"faces": {
												"north": { "texture": "#club", "uv": [ 0.0, 0.0, 0.5, 0.5 ] },
												"east": { "texture": "#club", "uv": [ 0.0, 0.0, 0.5, 0.5 ] },
												"south": { "texture": "#club", "uv": [ 0.0, 0.0, 0.5, 0.5 ] },
												"west": { "texture": "#club", "uv": [ 0.0, 0.0, 0.5, 0.5 ] },
												"up": { "texture": "#club", "uv": [ 0.0, 0.0, 0.5, 0.5 ] },
												"down": { "texture": "#club", "uv": [ 0.0, 0.0, 0.5, 0.5 ] }
											}
										}
									]
								}
							]
						}
					]
				},
				{
					"name": "Cube116",
					"from": [ -0.8, 0.0, 3.0 ],
					"to": [ -0.5, 0.6, 3.3 ],
					"rotationOrigin": [ -0.8, 0.0, 3.0 ],
					"rotationY": -22.0,
					"faces": {
						"north": { "texture": "#club", "uv": [ 0.0, 9.0, 0.5, 9.5 ] },
						"east": { "texture": "#club", "uv": [ 0.0, 9.5, 0.5, 10.0 ] },
						"south": { "texture": "#club", "uv": [ 0.0, 10.0, 0.5, 10.5 ] },
						"west": { "texture": "#club", "uv": [ 0.0, 10.0, 0.5, 10.5 ] },
						"up": { "texture": "#club", "uv": [ 0.0, 10.0, 0.5, 10.5 ] },
						"down": { "texture": "#club", "uv": [ 0.0, 8.5, 0.5, 9.0 ] }
					},
					"children": [
						{
							"name": "Cube117",
							"from": [ 0.0, 0.6, 0.0 ],
							"to": [ 0.3, 1.8, 0.3 ],
							"rotationOrigin": [ 0.0, 0.6, 0.0 ],
							"faces": {
								"north": { "texture": "#club", "uv": [ 0.0, 7.0, 0.5, 8.0 ] },
								"east": { "texture": "#club", "uv": [ 0.0, 7.0, 0.5, 8.0 ] },
								"south": { "texture": "#club", "uv": [ 0.0, 7.0, 0.5, 8.0 ] },
								"west": { "texture": "#club", "uv": [ 0.0, 7.0, 0.5, 8.0 ] },
								"up": { "texture": "#club", "uv": [ 0.0, 8.0, 0.5, 8.5 ] },
								"down": { "texture": "#club", "uv": [ 0.0, 0.0, 0.5, 0.5 ] }
							},
							"children": [
								{
									"name": "Cube118",
									"from": [ 0.0, 1.2, 0.0 ],
									"to": [ 0.3, 1.9, 0.3 ],
									"rotationOrigin": [ 0.0, 1.2, 0.0 ],
									"faces": {
										"north": { "texture": "#club", "uv": [ 0.0, 0.0, 0.5, 0.5 ] },
										"east": { "texture": "#club", "uv": [ 0.0, 0.0, 0.5, 0.5 ] },
										"south": { "texture": "#club", "uv": [ 0.0, 0.0, 0.5, 0.5 ] },
										"west": { "texture": "#club", "uv": [ 0.0, 0.0, 0.5, 0.5 ] },
										"up": { "texture": "#club", "uv": [ 0.0, 0.0, 0.5, 0.5 ] },
										"down": { "texture": "#club", "uv": [ 0.0, 0.0, 0.5, 0.5 ] }
									},
									"children": [
										{
											"name": "Cube119",
											"from": [ 0.05, 0.7, 0.05 ],
											"to": [ 0.25, 0.8, 0.25 ],
											"rotationOrigin": [ 0.1, 0.7, 0.1 ],
											"faces": {
												"north": { "texture": "#club", "uv": [ 0.0, 0.0, 0.5, 0.5 ] },
												"east": { "texture": "#club", "uv": [ 0.0, 0.0, 0.5, 0.5 ] },
												"south": { "texture": "#club", "uv": [ 0.0, 0.0, 0.5, 0.5 ] },
												"west": { "texture": "#club", "uv": [ 0.0, 0.0, 0.5, 0.5 ] },
												"up": { "texture": "#club", "uv": [ 0.0, 0.0, 0.5, 0.5 ] },
												"down": { "texture": "#club", "uv": [ 0.0, 0.0, 0.5, 0.5 ] }
											}
										}
									]
								}
							]
						}
					]
				},
				{
					"name": "Cube120",
					"from": [ 3.0, 0.0, -3.0 ],
					"to": [ 3.3, 0.8, -2.7 ],
					"rotationOrigin": [ 3.0, 0.0, -3.0 ],
					"rotationY": -55.0,
					"faces": {
						"north": { "texture": "#club", "uv": [ 0.0, 11.0, 0.5, 11.5 ] },
						"east": { "texture": "#club", "uv": [ 0.0, 11.0, 0.5, 11.5 ] },
						"south": { "texture": "#club", "uv": [ 0.0, 10.5, 0.5, 11.0 ] },
						"west": { "texture": "#club", "uv": [ 0.0, 9.5, 0.5, 10.0 ] },
						"up": { "texture": "#club", "uv": [ 0.0, 0.0, 0.5, 0.5 ] },
						"down": { "texture": "#club", "uv": [ 0.0, 0.0, 0.5, 0.5 ] }
					},
					"children": [
						{
							"name": "Cube121",
							"from": [ 0.0, 0.8, 0.0 ],
							"to": [ 0.3, 2.6, 0.3 ],
							"rotationOrigin": [ 0.0, 0.8, 0.0 ],
							"faces": {
								"north": { "texture": "#club", "uv": [ 1.0, 8.0, 1.5, 9.5 ] },
								"east": { "texture": "#club", "uv": [ 1.0, 7.5, 1.5, 9.0 ] },
								"south": { "texture": "#club", "uv": [ 1.0, 8.0, 1.5, 9.5 ] },
								"west": { "texture": "#club", "uv": [ 1.0, 8.0, 1.5, 9.5 ] },
								"up": { "texture": "#club", "uv": [ 0.0, 0.0, 0.5, 0.5 ] },
								"down": { "texture": "#club", "uv": [ 0.0, 0.0, 0.5, 0.5 ] }
							},
							"children": [
								{
									"name": "Cube122",
									"from": [ 0.0, 1.8, 0.0 ],
									"to": [ 0.3, 2.7, 0.3 ],
									"rotationOrigin": [ 0.0, 1.8, 0.0 ],
									"faces": {
										"north": { "texture": "#club", "uv": [ 0.0, 0.0, 0.5, 0.5 ] },
										"east": { "texture": "#club", "uv": [ 0.0, 0.0, 0.5, 0.5 ] },
										"south": { "texture": "#club", "uv": [ 0.0, 0.0, 0.5, 0.5 ] },
										"west": { "texture": "#club", "uv": [ 0.0, 0.0, 0.5, 0.5 ] },
										"up": { "texture": "#club", "uv": [ 0.0, 0.0, 0.5, 0.5 ] },
										"down": { "texture": "#club", "uv": [ 0.0, 0.0, 0.5, 0.5 ] }
									},
									"children": [
										{
											"name": "Cube123",
											"from": [ 0.05, 0.9, 0.05 ],
											"to": [ 0.25, 1.0, 0.25 ],
											"rotationOrigin": [ 0.1, 0.9, 0.1 ],
											"faces": {
												"north": { "texture": "#club", "uv": [ 0.0, 0.0, 0.5, 0.5 ] },
												"east": { "texture": "#club", "uv": [ 0.0, 0.0, 0.5, 0.5 ] },
												"south": { "texture": "#club", "uv": [ 0.0, 0.0, 0.5, 0.5 ] },
												"west": { "texture": "#club", "uv": [ 0.0, 0.0, 0.5, 0.5 ] },
												"up": { "texture": "#club", "uv": [ 0.0, 0.0, 0.5, 0.5 ] },
												"down": { "texture": "#club", "uv": [ 0.0, 0.0, 0.5, 0.5 ] }
											}
										}
									]
								}
							]
						}
					]
				},
				{
					"name": "Cube124",
					"from": [ -3.6, 0.0, 6.0 ],
					"to": [ -3.3, 0.4, 6.3 ],
					"rotationOrigin": [ -3.6, 0.0, 6.0 ],
					"rotationY": -25.0,
					"faces": {
						"north": { "texture": "#club", "uv": [ 0.0, 7.5, 0.5, 8.0 ] },
						"east": { "texture": "#club", "uv": [ 0.0, 7.5, 0.5, 8.0 ] },
						"south": { "texture": "#club", "uv": [ 0.0, 7.5, 0.5, 8.0 ] },
						"west": { "texture": "#club", "uv": [ 0.0, 7.5, 0.5, 8.0 ] },
						"up": { "texture": "#club", "uv": [ 0.0, 7.5, 0.5, 8.0 ] },
						"down": { "texture": "#club", "uv": [ 0.0, 0.0, 0.5, 0.5 ] }
					},
					"children": [
						{
							"name": "Cube125",
							"from": [ 0.0, 0.4, 0.0 ],
							"to": [ 0.3, 1.1, 0.3 ],
							"rotationOrigin": [ 0.0, 0.4, 0.0 ],
							"faces": {
								"north": { "texture": "#club", "uv": [ 0.0, 5.5, 0.5, 6.0 ] },
								"east": { "texture": "#club", "uv": [ 0.0, 6.0, 0.5, 6.5 ] },
								"south": { "texture": "#club", "uv": [ 0.0, 6.0, 0.5, 6.5 ] },
								"west": { "texture": "#club", "uv": [ 0.0, 6.0, 0.5, 6.5 ] },
								"up": { "texture": "#club", "uv": [ 0.0, 6.5, 0.5, 7.0 ] },
								"down": { "texture": "#club", "uv": [ 0.0, 6.0, 0.5, 6.5 ] }
							},
							"children": [
								{
									"name": "Cube126",
									"from": [ 0.0, 0.7, 0.0 ],
									"to": [ 0.3, 1.1, 0.3 ],
									"rotationOrigin": [ 0.0, 0.7, 0.0 ],
									"faces": {
										"north": { "texture": "#club", "uv": [ 0.0, 0.0, 0.5, 0.5 ] },
										"east": { "texture": "#club", "uv": [ 0.0, 0.0, 0.5, 0.5 ] },
										"south": { "texture": "#club", "uv": [ 0.0, 0.0, 0.5, 0.5 ] },
										"west": { "texture": "#club", "uv": [ 0.0, 0.0, 0.5, 0.5 ] },
										"up": { "texture": "#club", "uv": [ 0.0, 0.0, 0.5, 0.5 ] },
										"down": { "texture": "#club", "uv": [ 0.0, 0.0, 0.5, 0.5 ] }
									},
									"children": [
										{
											"name": "Cube127",
											"from": [ 0.05, 0.4, 0.05 ],
											"to": [ 0.25, 0.5, 0.25 ],
											"rotationOrigin": [ 0.1, 0.4, 0.1 ],
											"faces": {
												"north": { "texture": "#club", "uv": [ 0.0, 0.0, 0.5, 0.5 ] },
												"east": { "texture": "#club", "uv": [ 0.0, 0.0, 0.5, 0.5 ] },
												"south": { "texture": "#club", "uv": [ 0.0, 0.0, 0.5, 0.5 ] },
												"west": { "texture": "#club", "uv": [ 0.0, 0.0, 0.5, 0.5 ] },
												"up": { "texture": "#club", "uv": [ 0.0, 0.0, 0.5, 0.5 ] },
												"down": { "texture": "#club", "uv": [ 0.0, 0.0, 0.5, 0.5 ] }
											}
										}
									]
								}
							]
						}
					]
				},
				{
					"name": "Cube128",
					"from": [ 5.4, 0.0, -3.0 ],
					"to": [ 5.7, 0.4, -2.7 ],
					"rotationOrigin": [ 5.4, 0.0, -3.0 ],
					"rotationY": -119.0,
					"faces": {
						"north": { "texture": "#club", "uv": [ 0.0, 7.5, 0.5, 8.0 ] },
						"east": { "texture": "#club", "uv": [ 0.0, 7.5, 0.5, 8.0 ] },
						"south": { "texture": "#club", "uv": [ 0.0, 7.5, 0.5, 8.0 ] },
						"west": { "texture": "#club", "uv": [ 0.0, 7.5, 0.5, 8.0 ] },
						"up": { "texture": "#club", "uv": [ 0.0, 7.5, 0.5, 8.0 ] },
						"down": { "texture": "#club", "uv": [ 0.0, 0.0, 0.5, 0.5 ] }
					},
					"children": [
						{
							"name": "Cube129",
							"from": [ 0.0, 0.4, 0.0 ],
							"to": [ 0.3, 1.1, 0.3 ],
							"rotationOrigin": [ 0.0, 0.4, 0.0 ],
							"faces": {
								"north": { "texture": "#club", "uv": [ 0.0, 5.5, 0.5, 6.0 ] },
								"east": { "texture": "#club", "uv": [ 0.0, 6.0, 0.5, 6.5 ] },
								"south": { "texture": "#club", "uv": [ 0.0, 6.0, 0.5, 6.5 ] },
								"west": { "texture": "#club", "uv": [ 0.0, 6.0, 0.5, 6.5 ] },
								"up": { "texture": "#club", "uv": [ 0.0, 6.5, 0.5, 7.0 ] },
								"down": { "texture": "#club", "uv": [ 0.0, 6.0, 0.5, 6.5 ] }
							},
							"children": [
								{
									"name": "Cube130",
									"from": [ 0.0, 0.7, 0.0 ],
									"to": [ 0.3, 1.1, 0.3 ],
									"rotationOrigin": [ 0.0, 0.7, 0.0 ],
									"faces": {
										"north": { "texture": "#club", "uv": [ 0.0, 0.0, 0.5, 0.5 ] },
										"east": { "texture": "#club", "uv": [ 0.0, 0.0, 0.5, 0.5 ] },
										"south": { "texture": "#club", "uv": [ 0.0, 0.0, 0.5, 0.5 ] },
										"west": { "texture": "#club", "uv": [ 0.0, 0.0, 0.5, 0.5 ] },
										"up": { "texture": "#club", "uv": [ 0.0, 0.0, 0.5, 0.5 ] },
										"down": { "texture": "#club", "uv": [ 0.0, 0.0, 0.5, 0.5 ] }
									},
									"children": [
										{
											"name": "Cube131",
											"from": [ 0.05, 0.4, 0.05 ],
											"to": [ 0.25, 0.5, 0.25 ],
											"rotationOrigin": [ 0.1, 0.4, 0.1 ],
											"faces": {
												"north": { "texture": "#club", "uv": [ 0.0, 0.0, 0.5, 0.5 ] },
												"east": { "texture": "#club", "uv": [ 0.0, 0.0, 0.5, 0.5 ] },
												"south": { "texture": "#club", "uv": [ 0.0, 0.0, 0.5, 0.5 ] },
												"west": { "texture": "#club", "uv": [ 0.0, 0.0, 0.5, 0.5 ] },
												"up": { "texture": "#club", "uv": [ 0.0, 0.0, 0.5, 0.5 ] },
												"down": { "texture": "#club", "uv": [ 0.0, 0.0, 0.5, 0.5 ] }
											}
										}
									]
								}
							]
						}
					]
				},
				{
					"name": "Cube132",
					"from": [ -2.0, 0.0, 4.0 ],
					"to": [ -1.7, 0.8, 4.3 ],
					"rotationOrigin": [ -2.0, 0.0, 4.0 ],
					"rotationY": 17.0,
					"faces": {
						"north": { "texture": "#club", "uv": [ 0.0, 11.0, 0.5, 11.5 ] },
						"east": { "texture": "#club", "uv": [ 0.0, 11.0, 0.5, 11.5 ] },
						"south": { "texture": "#club", "uv": [ 0.0, 10.5, 0.5, 11.0 ] },
						"west": { "texture": "#club", "uv": [ 0.0, 9.5, 0.5, 10.0 ] },
						"up": { "texture": "#club", "uv": [ 0.0, 0.0, 0.5, 0.5 ] },
						"down": { "texture": "#club", "uv": [ 0.0, 0.0, 0.5, 0.5 ] }
					},
					"children": [
						{
							"name": "Cube133",
							"from": [ 0.0, 0.8, 0.0 ],
							"to": [ 0.3, 2.6, 0.3 ],
							"rotationOrigin": [ 0.0, 0.8, 0.0 ],
							"faces": {
								"north": { "texture": "#club", "uv": [ 1.0, 8.0, 1.5, 9.5 ] },
								"east": { "texture": "#club", "uv": [ 1.0, 7.5, 1.5, 9.0 ] },
								"south": { "texture": "#club", "uv": [ 1.0, 8.0, 1.5, 9.5 ] },
								"west": { "texture": "#club", "uv": [ 1.0, 8.0, 1.5, 9.5 ] },
								"up": { "texture": "#club", "uv": [ 0.0, 0.0, 0.5, 0.5 ] },
								"down": { "texture": "#club", "uv": [ 0.0, 0.0, 0.5, 0.5 ] }
							},
							"children": [
								{
									"name": "Cube134",
									"from": [ 0.0, 1.8, 0.0 ],
									"to": [ 0.3, 2.7, 0.3 ],
									"rotationOrigin": [ 0.0, 1.8, 0.0 ],
									"faces": {
										"north": { "texture": "#club", "uv": [ 0.0, 0.0, 0.5, 0.5 ] },
										"east": { "texture": "#club", "uv": [ 0.0, 0.0, 0.5, 0.5 ] },
										"south": { "texture": "#club", "uv": [ 0.0, 0.0, 0.5, 0.5 ] },
										"west": { "texture": "#club", "uv": [ 0.0, 0.0, 0.5, 0.5 ] },
										"up": { "texture": "#club", "uv": [ 0.0, 0.0, 0.5, 0.5 ] },
										"down": { "texture": "#club", "uv": [ 0.0, 0.0, 0.5, 0.5 ] }
									},
									"children": [
										{
											"name": "Cube135",
											"from": [ 0.05, 0.9, 0.05 ],
											"to": [ 0.25, 1.0, 0.25 ],
											"rotationOrigin": [ 0.1, 0.9, 0.1 ],
											"faces": {
												"north": { "texture": "#club", "uv": [ 0.0, 0.0, 0.5, 0.5 ] },
												"east": { "texture": "#club", "uv": [ 0.0, 0.0, 0.5, 0.5 ] },
												"south": { "texture": "#club", "uv": [ 0.0, 0.0, 0.5, 0.5 ] },
												"west": { "texture": "#club", "uv": [ 0.0, 0.0, 0.5, 0.5 ] },
												"up": { "texture": "#club", "uv": [ 0.0, 0.0, 0.5, 0.5 ] },
												"down": { "texture": "#club", "uv": [ 0.0, 0.0, 0.5, 0.5 ] }
											}
										}
									]
								}
							]
						}
					]
				}
			]
		}
	]}