{
	"editor": {
		"allAngles": true,
		"entityTextureMode": false
	},
	"textureWidth": 16,
	"textureHeight": 16,
	"textureSizes": {
	},
	"textures": {
		"matsutake": "mycodiversity:block/plant/mushroom/matsutake/matsutake"
	},
	"elements": [
		{
			"name": "origin",
			"from": [ 8.0, 0.0, 8.0 ],
			"to": [ 8.0, 0.0, 8.0 ],
			"rotationOrigin": [ 8.0, 0.0, 8.0 ],
			"faces": {
			},
			"children": [
				{
					"name": "tiny20",
					"from": [ 4.2, 0.0, -1.8 ],
					"to": [ 5.2, 0.5, -0.8 ],
					"rotationOrigin": [ 4.7, 0.0, -1.3 ],
					"rotationY": 58.0,
					"faces": {
						"north": { "texture": "#matsutake", "uv": [ 8.0, 9.0, 9.0, 9.5 ] },
						"east": { "texture": "#matsutake", "uv": [ 8.0, 9.0, 9.0, 9.5 ] },
						"south": { "texture": "#matsutake", "uv": [ 8.0, 9.0, 9.0, 9.5 ] },
						"west": { "texture": "#matsutake", "uv": [ 7.5, 10.5, 8.5, 11.0 ] },
						"down": { "texture": "#matsutake", "uv": [ 0.5, 11.0, 1.5, 12.0 ] }
					},
					"children": [
						{
							"name": "cap6",
							"from": [ -0.2, 0.4, -0.3 ],
							"to": [ 1.3, 1.2, 1.2 ],
							"rotationOrigin": [ 0.5, 0.4, 0.4 ],
							"rotationX": 5.0,
							"rotationZ": 3.0,
							"faces": {
								"north": { "texture": "#matsutake", "uv": [ 2.0, 5.5, 3.5, 6.0 ] },
								"east": { "texture": "#matsutake", "uv": [ 1.5, 7.0, 3.0, 7.5 ] },
								"south": { "texture": "#matsutake", "uv": [ 3.0, 6.5, 4.5, 7.0 ] },
								"west": { "texture": "#matsutake", "uv": [ 1.0, 7.5, 2.5, 8.0 ] },
								"up": { "texture": "#matsutake", "uv": [ 3.5, 3.0, 5.0, 4.5 ] },
								"down": { "texture": "#matsutake", "uv": [ 3.0, 13.0, 4.5, 14.5 ] }
							}
						}
					]
				},
				{
					"name": "tiny",
					"from": [ 4.0, 0.0, -5.5 ],
					"to": [ 5.0, 1.0, -4.5 ],
					"rotationOrigin": [ 4.0, 0.0, -5.0001 ],
					"rotationY": -116.0,
					"faces": {
						"north": { "texture": "#matsutake", "uv": [ 7.0, 9.0, 8.0, 10.0 ] },
						"east": { "texture": "#matsutake", "uv": [ 8.0, 10.0, 9.0, 11.0 ] },
						"south": { "texture": "#matsutake", "uv": [ 8.5, 12.0, 9.5, 13.0 ] },
						"west": { "texture": "#matsutake", "uv": [ 7.5, 9.5, 8.5, 10.5 ] },
						"down": { "texture": "#matsutake", "uv": [ 3.5, 12.0, 4.5, 13.0 ] }
					},
					"children": [
						{
							"name": "cap2",
							"from": [ -0.5, 0.6, -0.5 ],
							"to": [ 1.5, 1.5, 1.5 ],
							"rotationOrigin": [ 0.5, 0.6, 0.5 ],
							"rotationX": 6.0,
							"rotationZ": -19.0,
							"faces": {
								"north": { "texture": "#matsutake", "uv": [ 6.5, 4.5, 8.5, 5.0 ] },
								"east": { "texture": "#matsutake", "uv": [ 6.5, 7.0, 8.5, 7.5 ] },
								"south": { "texture": "#matsutake", "uv": [ 5.0, 7.5, 7.0, 8.0 ] },
								"west": { "texture": "#matsutake", "uv": [ 4.5, 7.0, 6.5, 7.5 ] },
								"up": { "texture": "#matsutake", "uv": [ 5.0, 1.5, 7.0, 3.5 ] },
								"down": { "texture": "#matsutake", "uv": [ 2.0, 12.0, 4.0, 14.0 ] }
							}
						}
					]
				},
				{
					"name": "large",
					"from": [ -4.08, 0.0, 0.44 ],
					"to": [ -2.58, 2.0, 1.94 ],
					"rotationOrigin": [ -3.3825, 0.0, 1.1412 ],
					"rotationY": -122.0,
					"faces": {
						"north": { "texture": "#matsutake", "uv": [ 14.5, 13.5, 16.0, 15.5 ] },
						"east": { "texture": "#matsutake", "uv": [ 14.5, 12.5, 16.0, 14.5 ] },
						"south": { "texture": "#matsutake", "uv": [ 14.0, 13.0, 15.5, 15.0 ] },
						"west": { "texture": "#matsutake", "uv": [ 14.5, 9.0, 16.0, 11.0 ] },
						"down": { "texture": "#matsutake", "uv": [ 0.0, 13.0, 1.5, 14.5 ] }
					},
					"children": [
						{
							"name": "cap4",
							"from": [ -1.8, 3.5, -1.0 ],
							"to": [ 2.7, 4.5, 3.5 ],
							"rotationOrigin": [ 0.3, 3.5, 1.3 ],
							"rotationX": 19.0,
							"rotationZ": 8.0,
							"faces": {
								"up": { "texture": "#matsutake", "uv": [ 0.0, 3.5, 4.5, 8.0 ] },
								"down": { "texture": "#matsutake", "uv": [ 1.5, 9.5, 6.0, 14.0 ] }
							},
							"children": [
								{
									"name": "Cube1",
									"from": [ 0.0, 0.0, -1.0 ],
									"to": [ 4.5, 1.0, 0.0 ],
									"rotationOrigin": [ 2.0, 1.0, 0.0 ],
									"rotationX": -19.0,
									"faces": {
										"north": { "texture": "#matsutake", "uv": [ 9.5, 7.0, 14.0, 8.0 ] },
										"east": { "texture": "#matsutake", "uv": [ 8.0, 7.0, 9.0, 8.0 ] },
										"west": { "texture": "#matsutake", "uv": [ 10.0, 5.0, 11.0, 6.0 ] },
										"up": { "texture": "#matsutake", "uv": [ 8.5, 0.5, 13.0, 1.5 ] },
										"down": { "texture": "#matsutake", "uv": [ 2.0, 13.5, 6.5, 14.5 ] }
									}
								},
								{
									"name": "Cube22",
									"from": [ 0.0, 0.0, 4.5 ],
									"to": [ 4.5, 1.0, 5.5 ],
									"rotationOrigin": [ 2.0, 1.0, 4.5 ],
									"rotationX": 11.0,
									"faces": {
										"east": { "texture": "#matsutake", "uv": [ 8.5, 5.5, 9.5, 6.5 ] },
										"south": { "texture": "#matsutake", "uv": [ 9.0, 6.5, 13.5, 7.5 ] },
										"west": { "texture": "#matsutake", "uv": [ 8.5, 5.0, 9.5, 6.0 ] },
										"up": { "texture": "#matsutake", "uv": [ 8.0, 8.0, 12.5, 9.0 ] },
										"down": { "texture": "#matsutake", "uv": [ 0.0, 14.0, 4.5, 15.0 ] }
									}
								},
								{
									"name": "Cube23",
									"from": [ -1.0, 0.0, 0.0 ],
									"to": [ 0.0, 1.0, 4.5 ],
									"rotationOrigin": [ 0.0, 1.0, 2.5 ],
									"rotationZ": 36.0,
									"faces": {
										"north": { "texture": "#matsutake", "uv": [ 6.0, 6.5, 7.0, 7.5 ] },
										"south": { "texture": "#matsutake", "uv": [ 8.0, 6.5, 9.0, 7.5 ] },
										"west": { "texture": "#matsutake", "uv": [ 11.5, 7.0, 16.0, 8.0 ] },
										"up": { "texture": "#matsutake", "uv": [ 7.5, 0.5, 8.5, 5.0 ] },
										"down": { "texture": "#matsutake", "uv": [ 3.0, 10.5, 4.0, 15.0 ] }
									}
								},
								{
									"name": "Cube24",
									"from": [ 4.5, 0.0, 0.0 ],
									"to": [ 5.5, 1.0, 4.5 ],
									"rotationOrigin": [ 4.5, 1.0, 2.5 ],
									"rotationZ": -36.0,
									"faces": {
										"north": { "texture": "#matsutake", "uv": [ 9.0, 6.5, 10.0, 7.5 ] },
										"east": { "texture": "#matsutake", "uv": [ 8.5, 7.0, 13.0, 8.0 ] },
										"south": { "texture": "#matsutake", "uv": [ 9.5, 2.5, 10.5, 3.5 ] },
										"up": { "texture": "#matsutake", "uv": [ 4.5, 3.5, 5.5, 8.0 ] },
										"down": { "texture": "#matsutake", "uv": [ 3.5, 10.0, 4.5, 14.5 ] }
									}
								}
							]
						},
						{
							"name": "stem3",
							"from": [ 0.0, 1.8, 0.0 ],
							"to": [ 1.5, 3.8, 1.5 ],
							"rotationOrigin": [ 0.7, 1.8, 0.7 ],
							"rotationX": 10.0,
							"rotationZ": 8.0,
							"faces": {
								"north": { "texture": "#matsutake", "uv": [ 14.5, 4.5, 16.0, 6.5 ] },
								"east": { "texture": "#matsutake", "uv": [ 14.0, 3.5, 15.5, 5.5 ] },
								"south": { "texture": "#matsutake", "uv": [ 14.0, 4.0, 15.5, 6.0 ] },
								"west": { "texture": "#matsutake", "uv": [ 13.5, 4.0, 15.0, 6.0 ] }
							}
						},
						{
							"name": "Cube2",
							"from": [ -0.2, 1.6, -0.1 ],
							"to": [ 1.7, 2.1, 1.8 ],
							"rotationOrigin": [ -1.2, 1.6, -0.1 ],
							"faces": {
								"north": { "texture": "#matsutake", "uv": [ 0.0, 0.0, 1.5, 0.5 ] },
								"east": { "texture": "#matsutake", "uv": [ 0.0, 0.0, 1.5, 0.5 ] },
								"south": { "texture": "#matsutake", "uv": [ 0.0, 0.0, 1.5, 0.5 ] },
								"west": { "texture": "#matsutake", "uv": [ 0.0, 0.0, 1.5, 0.5 ] },
								"up": { "texture": "#matsutake", "uv": [ 0.0, 0.0, 1.5, 1.5 ] },
								"down": { "texture": "#matsutake", "uv": [ 0.0, 0.0, 1.5, 1.5 ] }
							}
						}
					]
				},
				{
					"name": "single voxel",
					"from": [ -0.1, 0.0, -4.8 ],
					"to": [ 0.9, 0.5, -3.8 ],
					"rotationOrigin": [ 0.4, 0.0, -4.2 ],
					"rotationY": -16.0,
					"faces": {
						"north": { "texture": "#matsutake", "uv": [ 5.0, 4.0, 6.0, 4.5 ] },
						"east": { "texture": "#matsutake", "uv": [ 5.0, 5.5, 6.0, 6.0 ] },
						"south": { "texture": "#matsutake", "uv": [ 5.0, 5.0, 6.0, 5.5 ] },
						"west": { "texture": "#matsutake", "uv": [ 4.0, 6.0, 5.0, 6.5 ] },
						"up": { "texture": "#matsutake", "uv": [ 2.5, 4.5, 3.5, 5.5 ] },
						"down": { "texture": "#matsutake", "uv": [ 3.0, 12.5, 4.0, 13.5 ] }
					}
				},
				{
					"name": "single voxel25",
					"from": [ 1.0, 0.0, 0.0 ],
					"to": [ 2.0, 0.5, 1.0 ],
					"rotationOrigin": [ 1.0, 0.0, 0.0 ],
					"rotationY": 20.0,
					"faces": {
						"north": { "texture": "#matsutake", "uv": [ 3.5, 11.0, 4.5, 11.5 ] },
						"east": { "texture": "#matsutake", "uv": [ 4.5, 11.0, 5.5, 11.5 ] },
						"south": { "texture": "#matsutake", "uv": [ 4.5, 10.5, 5.5, 11.0 ] },
						"west": { "texture": "#matsutake", "uv": [ 4.0, 10.5, 5.0, 11.0 ] },
						"up": { "texture": "#matsutake", "uv": [ 4.0, 10.5, 5.0, 11.5 ] },
						"down": { "texture": "#matsutake", "uv": [ 2.0, 12.5, 3.0, 13.5 ] }
					}
				},
				{
					"name": "tiny13",
					"from": [ 5.15, -0.2, 4.76 ],
					"to": [ 6.15, 1.3, 5.76 ],
					"rotationOrigin": [ 5.6466, -0.2, 5.2601 ],
					"rotationX": 9.0,
					"rotationY": -158.0,
					"faces": {
						"north": { "texture": "#matsutake", "uv": [ 7.5, 11.0, 8.5, 12.5 ] },
						"east": { "texture": "#matsutake", "uv": [ 7.5, 13.0, 8.5, 14.5 ] },
						"south": { "texture": "#matsutake", "uv": [ 8.0, 10.5, 9.0, 12.0 ] },
						"west": { "texture": "#matsutake", "uv": [ 7.5, 12.0, 8.5, 13.5 ] },
						"down": { "texture": "#matsutake", "uv": [ 3.0, 13.0, 4.0, 14.0 ] }
					},
					"children": [
						{
							"name": "cap3",
							"from": [ -1.1, 2.3, -1.1 ],
							"to": [ 1.9, 3.7, 1.9 ],
							"rotationOrigin": [ 0.4, 2.3, 0.4 ],
							"rotationZ": 22.0,
							"faces": {
								"north": { "texture": "#matsutake", "uv": [ 2.5, 6.5, 5.5, 7.5 ] },
								"east": { "texture": "#matsutake", "uv": [ 2.5, 1.0, 5.5, 2.0 ] },
								"south": { "texture": "#matsutake", "uv": [ 2.0, 6.0, 5.0, 7.0 ] },
								"west": { "texture": "#matsutake", "uv": [ 1.5, 2.0, 4.5, 3.0 ] },
								"up": { "texture": "#matsutake", "uv": [ 2.0, 2.5, 5.0, 5.5 ] },
								"down": { "texture": "#matsutake", "uv": [ 4.0, 12.0, 7.0, 15.0 ] }
							},
							"children": [
								{
									"name": "Face2",
									"from": [ 0.4, -0.9, 0.1 ],
									"to": [ 2.7, 0.3, 2.1 ],
									"renderPass": 2,
									"rotationOrigin": [ 1.4, -0.9, 2.1 ],
									"rotationX": 42.0,
									"faces": {
										"south": { "texture": "#matsutake", "uv": [ 9.5, 13.5, 12.5, 15.5 ], "rotation": 180, "autoUv": false }
									}
								},
								{
									"name": "Face3",
									"from": [ 0.4, 0.5, 2.4 ],
									"to": [ 2.7, 1.7, 4.4 ],
									"renderPass": 2,
									"rotationOrigin": [ 1.4, 0.5, 2.4 ],
									"rotationX": -42.0,
									"rotationY": 180.0,
									"faces": {
										"south": { "texture": "#matsutake", "uv": [ 9.5, 13.5, 12.5, 15.5 ], "rotation": 180, "autoUv": false }
									}
								},
								{
									"name": "Face4",
									"from": [ -0.6, -0.9, -0.6 ],
									"to": [ 1.7, 0.3, 1.4 ],
									"renderPass": 2,
									"rotationOrigin": [ 0.4, -0.9, 1.4 ],
									"rotationY": -90.0,
									"faces": {
										"south": { "texture": "#matsutake", "uv": [ 9.5, 13.5, 12.5, 15.5 ], "rotation": 180, "autoUv": false }
									}
								},
								{
									"name": "Face5",
									"from": [ -0.4, 0.3, 1.9 ],
									"to": [ 1.9, 1.5, 3.9 ],
									"renderPass": 2,
									"rotationOrigin": [ 0.6, 0.3, 1.9 ],
									"rotationX": -83.0,
									"rotationY": 127.0,
									"rotationZ": 80.0,
									"faces": {
										"south": { "texture": "#matsutake", "uv": [ 9.5, 13.5, 12.5, 15.5 ], "rotation": 180, "autoUv": false }
									}
								}
							]
						},
						{
							"name": "stem2",
							"from": [ 0.0, 1.4, 0.0 ],
							"to": [ 1.0, 2.9, 1.0 ],
							"rotationOrigin": [ 0.5, 1.4, 0.5 ],
							"rotationX": -5.0,
							"rotationZ": 8.0,
							"faces": {
								"north": { "texture": "#matsutake", "uv": [ 7.0, 11.0, 8.0, 12.5 ] },
								"east": { "texture": "#matsutake", "uv": [ 7.0, 10.5, 8.0, 12.0 ] },
								"south": { "texture": "#matsutake", "uv": [ 7.0, 10.0, 8.0, 11.5 ] },
								"west": { "texture": "#matsutake", "uv": [ 8.5, 9.0, 9.5, 10.5 ] }
							}
						}
					]
				},
				{
					"name": "medium small",
					"from": [ -4.15, 0.0, -5.94 ],
					"to": [ -3.15, 1.0, -4.94 ],
					"rotationOrigin": [ -3.65, 0.0, -5.44 ],
					"rotationY": -25.0,
					"rotationZ": 4.0,
					"faces": {
						"north": { "texture": "#matsutake", "uv": [ 14.0, 5.0, 15.0, 6.0 ] },
						"east": { "texture": "#matsutake", "uv": [ 14.5, 10.0, 15.5, 11.0 ] },
						"south": { "texture": "#matsutake", "uv": [ 14.0, 6.5, 15.0, 7.5 ] },
						"west": { "texture": "#matsutake", "uv": [ 15.0, 7.5, 16.0, 8.5 ] },
						"down": { "texture": "#matsutake", "uv": [ 1.0, 14.0, 2.0, 15.0 ] }
					},
					"children": [
						{
							"name": "cap",
							"from": [ -1.0, 1.7, -1.0 ],
							"to": [ 2.0, 2.2, 2.0 ],
							"rotationOrigin": [ 0.5, 1.7, 0.5 ],
							"rotationX": -9.0,
							"rotationZ": 14.0,
							"faces": {
								"up": { "texture": "#matsutake", "uv": [ 0.5, 0.0, 3.5, 3.0 ] },
								"down": { "texture": "#matsutake", "uv": [ 2.5, 11.0, 5.5, 14.0 ] }
							},
							"children": [
								{
									"name": "Cube25",
									"from": [ 0.0, 0.0, 3.0 ],
									"to": [ 3.0, 0.5, 3.5 ],
									"rotationOrigin": [ 1.5, 0.5, 3.0 ],
									"rotationX": 10.0,
									"faces": {
										"east": { "texture": "#matsutake", "uv": [ 4.5, 4.5, 5.0, 5.0 ] },
										"south": { "texture": "#matsutake", "uv": [ 2.5, 0.5, 5.5, 1.0 ] },
										"west": { "texture": "#matsutake", "uv": [ 4.0, 4.0, 4.5, 4.5 ] },
										"up": { "texture": "#matsutake", "uv": [ 1.0, 4.0, 4.0, 4.5 ] },
										"down": { "texture": "#matsutake", "uv": [ 13.0, 11.5, 16.0, 12.0 ] }
									}
								},
								{
									"name": "Cube26",
									"from": [ 0.0, 0.0, -0.5 ],
									"to": [ 3.0, 0.5, 0.0 ],
									"rotationOrigin": [ 1.5, 0.5, 0.0 ],
									"rotationX": -8.0,
									"faces": {
										"north": { "texture": "#matsutake", "uv": [ 2.0, 0.0, 5.0, 0.5 ] },
										"east": { "texture": "#matsutake", "uv": [ 4.0, 2.5, 4.5, 3.0 ] },
										"west": { "texture": "#matsutake", "uv": [ 4.0, 3.5, 4.5, 4.0 ] },
										"up": { "texture": "#matsutake", "uv": [ 2.5, 4.5, 5.5, 5.0 ] },
										"down": { "texture": "#matsutake", "uv": [ 12.0, 11.5, 15.0, 12.0 ] }
									}
								},
								{
									"name": "Cube27",
									"from": [ 3.0, 0.0, 0.0 ],
									"to": [ 3.5, 0.5, 3.0 ],
									"rotationOrigin": [ 3.0, 0.5, 1.5 ],
									"rotationZ": -19.0,
									"faces": {
										"north": { "texture": "#matsutake", "uv": [ 4.5, 5.0, 5.0, 5.5 ] },
										"east": { "texture": "#matsutake", "uv": [ 2.0, 1.5, 5.0, 2.0 ] },
										"south": { "texture": "#matsutake", "uv": [ 5.0, 6.5, 5.5, 7.0 ] },
										"up": { "texture": "#matsutake", "uv": [ 5.0, 3.0, 5.5, 6.0 ] },
										"down": { "texture": "#matsutake", "uv": [ 14.0, 10.5, 14.5, 13.5 ] }
									}
								},
								{
									"name": "Cube28",
									"from": [ -0.5, 0.0, 0.0 ],
									"to": [ 0.0, 0.5, 3.0 ],
									"rotationOrigin": [ 0.0, 0.5, 1.5 ],
									"rotationZ": 17.0,
									"faces": {
										"north": { "texture": "#matsutake", "uv": [ 4.0, 5.0, 4.5, 5.5 ] },
										"south": { "texture": "#matsutake", "uv": [ 4.0, 4.0, 4.5, 4.5 ] },
										"west": { "texture": "#matsutake", "uv": [ 2.0, 2.0, 5.0, 2.5 ] },
										"up": { "texture": "#matsutake", "uv": [ 4.5, 3.5, 5.0, 6.5 ] },
										"down": { "texture": "#matsutake", "uv": [ 11.0, 12.0, 11.5, 15.0 ] }
									}
								}
							]
						},
						{
							"name": "stem",
							"from": [ 0.0, 0.8, 0.0 ],
							"to": [ 1.0, 1.8, 1.0 ],
							"rotationOrigin": [ 0.5, 0.8, 0.5 ],
							"rotationX": -6.0,
							"rotationZ": 4.0,
							"faces": {
								"north": { "texture": "#matsutake", "uv": [ 14.5, 2.0, 15.5, 3.0 ] },
								"east": { "texture": "#matsutake", "uv": [ 15.0, 0.5, 16.0, 1.5 ] },
								"south": { "texture": "#matsutake", "uv": [ 14.0, 2.0, 15.0, 3.0 ] },
								"west": { "texture": "#matsutake", "uv": [ 15.0, 1.5, 16.0, 2.5 ] }
							}
						},
						{
							"name": "Cube3",
							"from": [ -0.2, 0.7, -0.2 ],
							"to": [ 1.2, 1.1, 1.2 ],
							"rotationOrigin": [ -0.2, 0.7, -0.2 ],
							"faces": {
								"north": { "texture": "#matsutake", "uv": [ 0.0, 0.0, 1.0, 0.5 ] },
								"east": { "texture": "#matsutake", "uv": [ 0.0, 0.0, 1.0, 0.5 ] },
								"south": { "texture": "#matsutake", "uv": [ 0.0, 0.0, 1.0, 0.5 ] },
								"west": { "texture": "#matsutake", "uv": [ 0.0, 0.0, 1.0, 0.5 ] },
								"up": { "texture": "#matsutake", "uv": [ 0.0, 0.0, 1.0, 1.0 ] },
								"down": { "texture": "#matsutake", "uv": [ 0.0, 0.0, 1.0, 1.0 ] }
							}
						}
					]
				}
			]
		},
		{
			"name": "mylittlemushroom",
			"from": [ 8.0, 0.0, 6.0 ],
			"to": [ 9.0, 1.5, 7.0 ],
			"rotationOrigin": [ 8.0, 0.0, 6.0 ],
			"rotationY": 33.0,
			"faces": {
				"north": { "texture": "#matsutake", "uv": [ 13.0, 0.5, 14.0, 2.0 ] },
				"east": { "texture": "#matsutake", "uv": [ 7.0, 9.5, 8.0, 11.0 ] },
				"south": { "texture": "#matsutake", "uv": [ 8.0, 10.0, 9.0, 11.5 ] },
				"west": { "texture": "#matsutake", "uv": [ 8.0, 9.5, 9.0, 11.0 ] },
				"up": { "texture": "#matsutake", "uv": [ 0.0, 0.0, 1.0, 1.0 ] },
				"down": { "texture": "#matsutake", "uv": [ 0.0, 0.0, 1.0, 1.0 ] }
			},
			"children": [
				{
					"name": "cap69",
					"from": [ -0.5, 1.3, -0.5 ],
					"to": [ 1.5, 2.3, 1.5 ],
					"rotationOrigin": [ -0.5, 1.3, -0.5 ],
					"faces": {
						"north": { "texture": "#matsutake", "uv": [ 3.0, 8.0, 5.0, 9.0 ] },
						"east": { "texture": "#matsutake", "uv": [ 4.5, 8.5, 6.5, 9.5 ] },
						"south": { "texture": "#matsutake", "uv": [ 1.5, 8.5, 3.5, 9.5 ] },
						"west": { "texture": "#matsutake", "uv": [ 0.5, 8.5, 2.5, 9.5 ] },
						"up": { "texture": "#matsutake", "uv": [ 5.5, 1.5, 7.5, 3.5 ] },
						"down": { "texture": "#matsutake", "uv": [ 1.5, 11.0, 3.5, 13.0 ] }
					},
					"children": [
						{
							"name": "Face6",
							"from": [ 0.0, -0.3, 0.6 ],
							"to": [ 2.0, 0.7, 1.6 ],
							"renderPass": 2,
							"rotationOrigin": [ 0.0, -0.3, 0.6 ],
							"rotationX": 30.0,
							"faces": {
								"south": { "texture": "#matsutake", "uv": [ 9.5, 9.5, 12.5, 11.5 ], "rotation": 180, "autoUv": false }
							}
						},
						{
							"name": "Face7",
							"from": [ 0.0, 0.6, 0.9 ],
							"to": [ 2.0, 1.6, 1.9 ],
							"renderPass": 2,
							"rotationOrigin": [ 0.0, 0.6, 0.9 ],
							"rotationX": 147.0,
							"faces": {
								"south": { "texture": "#matsutake", "uv": [ 9.5, 9.5, 12.5, 11.5 ], "autoUv": false }
							}
						},
						{
							"name": "Face8",
							"from": [ 0.0, -1.0, 1.0 ],
							"to": [ 1.0, 1.0, 2.0 ],
							"renderPass": 2,
							"rotationOrigin": [ 1.0, -0.5, 1.5 ],
							"rotationX": -89.0,
							"rotationY": 127.0,
							"faces": {
								"south": { "texture": "#matsutake", "uv": [ 9.5, 9.5, 12.5, 11.5 ], "rotation": 90, "autoUv": false, "windMode": [-1,-1,-1,-1] }
							}
						},
						{
							"name": "Face9",
							"from": [ -0.6, -0.2, 1.0 ],
							"to": [ 0.4, 1.8, 2.0 ],
							"renderPass": 2,
							"rotationOrigin": [ 0.4, 0.3, 1.5 ],
							"rotationX": -89.0,
							"rotationY": -127.0,
							"faces": {
								"south": { "texture": "#matsutake", "uv": [ 9.5, 9.5, 12.5, 11.5 ], "rotation": 270, "autoUv": false }
							}
						}
					]
				}
			]
		},
		{
			"name": "mylittlemushroom2",
			"from": [ 11.9, -0.1, 10.8 ],
			"to": [ 12.9, 1.3, 11.8 ],
			"rotationOrigin": [ 11.9, -0.1, 10.8 ],
			"rotationY": 147.0,
			"faces": {
				"north": { "texture": "#matsutake", "uv": [ 3.5, 7.0, 4.5, 8.0 ] },
				"east": { "texture": "#matsutake", "uv": [ 3.5, 7.5, 4.5, 8.5 ] },
				"south": { "texture": "#matsutake", "uv": [ 6.0, 7.5, 7.0, 8.5 ] },
				"west": { "texture": "#matsutake", "uv": [ 6.5, 7.0, 7.5, 8.0 ] },
				"up": { "texture": "#matsutake", "uv": [ 0.0, 0.0, 1.0, 1.0 ] },
				"down": { "texture": "#matsutake", "uv": [ 0.0, 0.0, 1.0, 1.0 ] }
			},
			"children": [
				{
					"name": "cap70",
					"from": [ -0.5, 1.3, -0.5 ],
					"to": [ 1.5, 2.3, 1.5 ],
					"rotationOrigin": [ -0.5, 1.3, -0.5 ],
					"rotationX": -17.0,
					"faces": {
						"north": { "texture": "#matsutake", "uv": [ 2.0, 3.5, 4.0, 4.5 ] },
						"east": { "texture": "#matsutake", "uv": [ 3.5, 3.5, 5.5, 4.5 ] },
						"south": { "texture": "#matsutake", "uv": [ 4.5, 3.5, 6.5, 4.5 ] },
						"west": { "texture": "#matsutake", "uv": [ 4.0, 7.5, 6.0, 8.5 ] },
						"up": { "texture": "#matsutake", "uv": [ 1.5, 1.0, 3.5, 3.0 ] },
						"down": { "texture": "#matsutake", "uv": [ 1.5, 11.0, 3.5, 13.0 ] }
					},
					"children": [
						{
							"name": "Face10",
							"from": [ 0.0, -0.3, 0.6 ],
							"to": [ 2.0, 0.7, 1.6 ],
							"renderPass": 2,
							"rotationOrigin": [ 0.0, -0.3, 0.6 ],
							"rotationX": 30.0,
							"faces": {
								"south": { "texture": "#matsutake", "uv": [ 9.5, 9.5, 12.5, 11.5 ], "rotation": 180, "autoUv": false }
							}
						},
						{
							"name": "Face11",
							"from": [ 0.0, 0.6, 0.9 ],
							"to": [ 2.0, 1.6, 1.9 ],
							"renderPass": 2,
							"rotationOrigin": [ 0.0, 0.6, 0.9 ],
							"rotationX": 147.0,
							"faces": {
								"south": { "texture": "#matsutake", "uv": [ 9.5, 9.5, 12.5, 11.5 ], "autoUv": false }
							}
						},
						{
							"name": "Face12",
							"from": [ 0.0, -1.0, 1.0 ],
							"to": [ 1.0, 1.0, 2.0 ],
							"renderPass": 2,
							"rotationOrigin": [ 1.0, -0.5, 1.5 ],
							"rotationX": -89.0,
							"rotationY": 127.0,
							"faces": {
								"south": { "texture": "#matsutake", "uv": [ 9.5, 9.5, 12.5, 11.5 ], "rotation": 90, "autoUv": false }
							}
						},
						{
							"name": "Face13",
							"from": [ -0.6, -0.2, 1.0 ],
							"to": [ 0.4, 1.8, 2.0 ],
							"renderPass": 2,
							"rotationOrigin": [ 0.4, 0.3, 1.5 ],
							"rotationX": -89.0,
							"rotationY": -127.0,
							"faces": {
								"south": { "texture": "#matsutake", "uv": [ 9.5, 9.5, 12.5, 11.5 ], "rotation": 270, "autoUv": false }
							}
						}
					]
				}
			]
		}
	]}