[
  {
    "op": "add",
    "path": "/attributes",
    "value": {
      "plantContainable": {
        "fplanter2x1Container": {
          "randomRotate": false,
          "shape": { "base": "fancyplanters/planted/crop/planter2x1-morecrops-cauliflower-stage12" },
          "textures": {
            "bottom12": { "base": "potatoes:block/plant/crop/cauliflower/bottom12" },
            "top": { "base": "potatoes:block/plant/crop/cauliflower/top" }
          }
        },
        "largeContainer": {
          "shape": { "base": "fancyplanters/planted/crop/planter-morecrops-cauliflower-stage12" },
          "textures": {
            "bottom12": { "base": "potatoes:block/plant/crop/cauliflower/bottom12" },
            "top": { "base": "potatoes:block/plant/crop/cauliflower/top" }
          }
        },
        "smallContainer": {
          "shape": { "base": "fancyplanters/planted/crop/flowerpot-morecrops-cauliflower-stage12" },
          "textures": {
            "bottom12": { "base": "potatoes:block/plant/crop/cauliflower/bottom12" },
            "top": { "base": "potatoes:block/plant/crop/cauliflower/top" }
          }
        }
      }
    },
    "file": "potatoes:itemtypes/resource/cauliflowerseeds.json",
    "dependsOn": [{ "modid": "potatoes" }],
    "side": "server"
  }
]
