[
  {
    "op": "add",
    "path": "/attributes",
    "value": {
      "plantContainable": {
        "fplanter2x1Container": {
          "randomRotate": false,
          "shape": { "base": "fancyplanters/planted/crop/planter2x1-morecrops-corn-stage9" },
          "textures": {
            "normal7-12": { "base": "potatoes:block/plant/crop/corn/normal7-12" },
            "normal1-6": { "base": "potatoes:block/plant/crop/corn/normal1-6" },
            "stem": { "base": "potatoes:block/plant/crop/corn/stem" }
          }
        },
        "largeContainer": {
          "randomRotate": false,
          "shape": { "base": "fancyplanters/planted/crop/planter-morecrops-corn-stage9" },
          "textures": {
            "normal7-12": { "base": "potatoes:block/plant/crop/corn/normal7-12" },
            "normal1-6": { "base": "potatoes:block/plant/crop/corn/normal1-6" },
            "stem": { "base": "potatoes:block/plant/crop/corn/stem" }
          }
        },
        "smallContainer": {
          "shape": { "base": "fancyplanters/planted/crop/flowerpot-morecrops-corn-stage9" },
          "textures": {
            "normal7-12": { "base": "potatoes:block/plant/crop/corn/normal7-12" },
            "normal1-6": { "base": "potatoes:block/plant/crop/corn/normal1-6" },
            "stem": { "base": "potatoes:block/plant/crop/corn/stem" }
          }
        }
      }
    },
    "file": "potatoes:itemtypes/resource/cornseeds.json",
    "dependsOn": [{ "modid": "potatoes" }],
    "side": "server"
  }
]
