[
  {
    "op": "add",
    "path": "/attributes",
    "value": {
      "plantContainable": {
        "fplanter2x1Container": {
          "randomRotate": false,
          "shape": { "base": "fancyplanters/planted/crop/planter2x1-morecrops-eggplant-stage6" },
          "textures": {
            "sproutsandstem": { "base": "potatoes:block/plant/crop/eggplant/sproutsandstem" },
            "eggplant": { "base": "potatoes:block/plant/crop/eggplant/eggplant" }
          }
        },
        "largeContainer": {
          "shape": { "base": "fancyplanters/planted/crop/planter-morecrops-eggplant-stage6" },
          "textures": {
            "sproutsandstem": { "base": "potatoes:block/plant/crop/eggplant/sproutsandstem" },
            "eggplant": { "base": "potatoes:block/plant/crop/eggplant/eggplant" }
          }
        },
        "smallContainer": {
          "shape": { "base": "fancyplanters/planted/crop/planter-morecrops-eggplant-stage6" },
          "textures": {
            "sproutsandstem": { "base": "potatoes:block/plant/crop/eggplant/sproutsandstem" },
            "eggplant": { "base": "potatoes:block/plant/crop/eggplant/eggplant" }
          }
        }
      }
    },
    "file": "potatoes:itemtypes/resource/eggplantseeds.json",
    "dependsOn": [{ "modid": "potatoes" }],
    "side": "server"
  }
]
