{
	"editor": {
		"allAngles": false,
		"entityTextureMode": false
	},
	"textureWidth": 16,
	"textureHeight": 16,
	"textureSizes": {
		"short": [24,24],
		"center1": [24,24],
		"tall": [24,32],
		"center2": [24,24]
	},
	"textures": {
		"short": "game:block/plant/fern/cinnamonfern/short",
		"center1": "game:block/plant/fern/cinnamonfern/center1",
		"tall": "game:block/plant/fern/cinnamonfern/tall"
	},
	"elements": [
		{
			"name": "origin 1",
			"from": [ 0.0, 0.0, 0.0 ], 
			"to": [ 0.0, 0.0, 0.0 ], 
			"rotationOrigin": [ 8.0, 0.0, 8.0 ],
			"faces": {
				"north": { "texture": "#shoots1", "uv": [ 0.0, 0.0, 0.3333, 0.1667 ], "enabled": false },
				"east": { "texture": "#shoots1", "uv": [ 0.0, 0.0, 0.3333, 0.1667 ], "enabled": false },
				"south": { "texture": "#shoots1", "uv": [ 4.3333, 5.8333, 4.6667, 6.0 ], "enabled": false },
				"west": { "texture": "#shoots1", "uv": [ 0.0, 0.0, 0.3333, 0.1667 ], "enabled": false },
				"up": { "texture": "#shoots1", "uv": [ 0.0, 0.0, 0.3333, 0.1667 ], "enabled": false },
				"down": { "texture": "#shoots1", "uv": [ 0.0, 0.0, 0.3333, 0.1667 ], "enabled": false }
			},
			"children": [
				{
					"name": "face 3",
					"from": [ -4.0, 0.0, 8.0 ], 
					"to": [ 20.0, 32.0, 8.0 ], 
					"shade": false,
					"climateColorMap": "climatePlantTint",
					"seasonColorMap": "seasonalGrass",
					"renderPass": 1,
					"rotationOrigin": [ 7.0, 0.0, 8.0 ],
					"rotationX": 67.5,
					"rotationY": 10.0,
					"faces": {
						"north": { "texture": "#tall", "uv": [ 0.0, 0.0, 24.0, 32.0 ], "windMode": [0,1,1,0], "windData": [0,0,0,0] },
						"east": { "texture": "#foliage1", "uv": [ 0.0, 0.0, 0.5, 32.0 ], "enabled": false },
						"south": { "texture": "#foliage1", "uv": [ 0.0, 0.0, 24.0, 32.0 ], "enabled": false },
						"west": { "texture": "#foliage1", "uv": [ 0.0, 0.0, 0.5, 32.0 ], "enabled": false },
						"up": { "texture": "#foliage1", "uv": [ 0.0, 0.0, 24.0, 0.5 ], "enabled": false },
						"down": { "texture": "#foliage1", "uv": [ 0.0, 0.0, 24.0, 0.5 ], "enabled": false }
					}
				},
				{
					"name": "face 4",
					"from": [ -4.0, 0.0, 8.0 ], 
					"to": [ 20.0, 32.0, 8.0 ], 
					"shade": false,
					"climateColorMap": "climatePlantTint",
					"seasonColorMap": "seasonalGrass",
					"renderPass": 1,
					"rotationOrigin": [ 7.0, 0.0, 8.0 ],
					"rotationX": -67.5,
					"rotationY": 10.0,
					"faces": {
						"north": { "texture": "#tall", "uv": [ 0.0, 0.0, 24.0, 32.0 ], "windMode": [0,1,1,0], "windData": [0,0,0,0] },
						"east": { "texture": "#foliage1", "uv": [ 0.0, 0.0, 0.5, 32.0 ], "enabled": false },
						"south": { "texture": "#foliage1", "uv": [ 0.0, 0.0, 24.0, 32.0 ], "enabled": false },
						"west": { "texture": "#foliage1", "uv": [ 0.0, 0.0, 0.5, 32.0 ], "enabled": false },
						"up": { "texture": "#foliage1", "uv": [ 0.0, 0.0, 24.0, 0.5 ], "enabled": false },
						"down": { "texture": "#foliage1", "uv": [ 0.0, 0.0, 24.0, 0.5 ], "enabled": false }
					}
				},
				{
					"name": "face 5",
					"from": [ -3.0, 0.0, 7.0 ], 
					"to": [ 21.0, 32.0, 7.0 ], 
					"shade": false,
					"climateColorMap": "climatePlantTint",
					"seasonColorMap": "seasonalGrass",
					"renderPass": 1,
					"rotationOrigin": [ 8.0, 0.0, 7.0 ],
					"rotationX": -80.0,
					"rotationY": -22.5,
					"rotationZ": -90.0,
					"faces": {
						"north": { "texture": "#tall", "uv": [ 0.0, 0.0, 24.0, 32.0 ], "windMode": [0,1,1,0], "windData": [0,0,0,0] },
						"east": { "texture": "#foliage1", "uv": [ 0.0, 0.0, 0.5, 32.0 ], "enabled": false },
						"south": { "texture": "#foliage1", "uv": [ 0.0, 0.0, 24.0, 32.0 ], "enabled": false },
						"west": { "texture": "#foliage1", "uv": [ 0.0, 0.0, 0.5, 32.0 ], "enabled": false },
						"up": { "texture": "#foliage1", "uv": [ 0.0, 0.0, 24.0, 0.5 ], "enabled": false },
						"down": { "texture": "#foliage1", "uv": [ 0.0, 0.0, 24.0, 0.5 ], "enabled": false }
					}
				},
				{
					"name": "face 6",
					"from": [ -3.0, 0.0, 7.5 ], 
					"to": [ 21.0, 32.0, 7.5 ], 
					"shade": false,
					"climateColorMap": "climatePlantTint",
					"seasonColorMap": "seasonalGrass",
					"renderPass": 1,
					"rotationOrigin": [ 8.0, 0.0, 7.5 ],
					"rotationX": -100.0,
					"rotationY": -157.5,
					"rotationZ": -90.0,
					"faces": {
						"north": { "texture": "#tall", "uv": [ 0.0, 0.0, 24.0, 32.0 ], "windMode": [0,1,1,0], "windData": [0,0,0,0] },
						"east": { "texture": "#foliage1", "uv": [ 0.0, 0.0, 0.5, 32.0 ], "enabled": false },
						"south": { "texture": "#foliage1", "uv": [ 0.0, 0.0, 24.0, 32.0 ], "enabled": false },
						"west": { "texture": "#foliage1", "uv": [ 0.0, 0.0, 0.5, 32.0 ], "enabled": false },
						"up": { "texture": "#foliage1", "uv": [ 0.0, 0.0, 24.0, 0.5 ], "enabled": false },
						"down": { "texture": "#foliage1", "uv": [ 0.0, 0.0, 24.0, 0.5 ], "enabled": false }
					}
				},
				{
					"name": "face 7",
					"from": [ -3.0, 0.0, 7.3 ], 
					"to": [ 21.0, 32.0, 7.3 ], 
					"shade": false,
					"climateColorMap": "climatePlantTint",
					"seasonColorMap": "seasonalGrass",
					"renderPass": 1,
					"rotationOrigin": [ 8.0, 0.0, 7.3 ],
					"rotationX": -67.5,
					"rotationY": -135.0,
					"rotationZ": -45.0,
					"faces": {
						"north": { "texture": "#tall", "uv": [ 0.0, 0.0, 24.0, 32.0 ], "windMode": [0,1,1,0], "windData": [0,1,1,0] },
						"east": { "texture": "#foliage1", "uv": [ 0.0, 0.0, 0.5, 32.0 ], "enabled": false },
						"south": { "texture": "#foliage1", "uv": [ 0.0, 0.0, 24.0, 32.0 ], "enabled": false },
						"west": { "texture": "#foliage1", "uv": [ 0.0, 0.0, 0.5, 32.0 ], "enabled": false },
						"up": { "texture": "#foliage1", "uv": [ 0.0, 0.0, 24.0, 0.5 ], "enabled": false },
						"down": { "texture": "#foliage1", "uv": [ 0.0, 0.0, 24.0, 0.5 ], "enabled": false }
					}
				},
				{
					"name": "face 8",
					"from": [ -2.6, 0.0, 7.8 ], 
					"to": [ 21.4, 32.0, 7.8 ], 
					"shade": false,
					"climateColorMap": "climatePlantTint",
					"seasonColorMap": "seasonalGrass",
					"renderPass": 1,
					"rotationOrigin": [ 8.4, 0.0, 7.8 ],
					"rotationX": -135.0,
					"rotationY": -22.5,
					"rotationZ": -157.5,
					"faces": {
						"north": { "texture": "#tall", "uv": [ 0.0, 0.0, 24.0, 32.0 ], "windMode": [0,1,1,0], "windData": [0,1,1,0] },
						"east": { "texture": "#foliage1", "uv": [ 0.0, 0.0, 0.5, 32.0 ], "enabled": false },
						"south": { "texture": "#foliage1", "uv": [ 0.0, 0.0, 24.0, 32.0 ], "enabled": false },
						"west": { "texture": "#foliage1", "uv": [ 0.0, 0.0, 0.5, 32.0 ], "enabled": false },
						"up": { "texture": "#foliage1", "uv": [ 0.0, 0.0, 24.0, 0.5 ], "enabled": false },
						"down": { "texture": "#foliage1", "uv": [ 0.0, 0.0, 24.0, 0.5 ], "enabled": false }
					}
				},
				{
					"name": "face 9",
					"from": [ -3.5, 0.0, 7.6 ], 
					"to": [ 20.5, 32.0, 7.6 ], 
					"shade": false,
					"climateColorMap": "climatePlantTint",
					"seasonColorMap": "seasonalGrass",
					"renderPass": 1,
					"rotationOrigin": [ 7.5, 0.0, 7.6 ],
					"rotationX": -45.0,
					"rotationY": -22.5,
					"rotationZ": -22.5,
					"faces": {
						"north": { "texture": "#tall", "uv": [ 0.0, 0.0, 24.0, 32.0 ], "windMode": [0,1,1,0], "windData": [0,1,1,0] },
						"east": { "texture": "#foliage1", "uv": [ 0.0, 0.0, 0.5, 32.0 ], "enabled": false },
						"south": { "texture": "#foliage1", "uv": [ 0.0, 0.0, 24.0, 32.0 ], "enabled": false },
						"west": { "texture": "#foliage1", "uv": [ 0.0, 0.0, 0.5, 32.0 ], "enabled": false },
						"up": { "texture": "#foliage1", "uv": [ 0.0, 0.0, 24.0, 0.5 ], "enabled": false },
						"down": { "texture": "#foliage1", "uv": [ 0.0, 0.0, 24.0, 0.5 ], "enabled": false }
					}
				},
				{
					"name": "face 10",
					"from": [ -3.3, 0.0, 7.7 ], 
					"to": [ 20.7, 32.0, 7.7 ], 
					"shade": false,
					"climateColorMap": "climatePlantTint",
					"seasonColorMap": "seasonalGrass",
					"renderPass": 1,
					"rotationOrigin": [ 7.7, 0.0, 7.7 ],
					"rotationX": 45.0,
					"rotationY": -22.5,
					"rotationZ": 22.5,
					"faces": {
						"north": { "texture": "#tall", "uv": [ 0.0, 0.0, 24.0, 32.0 ], "windMode": [0,1,1,0], "windData": [0,1,1,0] },
						"east": { "texture": "#foliage1", "uv": [ 0.0, 0.0, 0.5, 32.0 ], "enabled": false },
						"south": { "texture": "#foliage1", "uv": [ 0.0, 0.0, 24.0, 32.0 ], "enabled": false },
						"west": { "texture": "#foliage1", "uv": [ 0.0, 0.0, 0.5, 32.0 ], "enabled": false },
						"up": { "texture": "#foliage1", "uv": [ 0.0, 0.0, 24.0, 0.5 ], "enabled": false },
						"down": { "texture": "#foliage1", "uv": [ 0.0, 0.0, 24.0, 0.5 ], "enabled": false }
					}
				},
				{
					"name": "center",
					"from": [ 8.0, 0.0, 8.0 ], 
					"to": [ 8.0, 0.0, 8.0 ], 
					"rotationOrigin": [ 8.0, 0.0, 8.0 ],
					"faces": {
						"north": { "texture": "#short", "uv": [ 0.0, 0.0, 0.5, 0.5 ], "enabled": false },
						"east": { "texture": "#short", "uv": [ 0.0, 0.0, 0.5, 0.5 ], "enabled": false },
						"south": { "texture": "#short", "uv": [ 0.0, 0.0, 0.5, 0.5 ], "enabled": false },
						"west": { "texture": "#short", "uv": [ 0.0, 0.0, 0.5, 0.5 ], "enabled": false },
						"up": { "texture": "#short", "uv": [ 0.0, 0.0, 0.5, 0.5 ], "enabled": false },
						"down": { "texture": "#short", "uv": [ 0.0, 0.0, 0.5, 0.5 ], "enabled": false }
					},
					"children": [
						{
							"name": "middle1",
							"from": [ -12.0, 0.0, 0.0 ], 
							"to": [ 12.0, 24.0, 0.0 ], 
							"shade": false,
							"climateColorMap": "climatePlantTint",
							"seasonColorMap": "seasonalGrass",
							"renderPass": 1,
							"rotationOrigin": [ 0.0, 0.0, 0.0 ],
							"rotationY": -75.0,
							"faces": {
								"north": { "texture": "#short", "uv": [ 0.0, 0.0, 24.0, 24.0 ], "windMode": [0,1,1,0], "windData": [0,1,1,0] },
								"east": { "texture": "#short", "uv": [ 0.0, 0.0, 0.5, 24.0 ], "enabled": false },
								"south": { "texture": "#short", "uv": [ 0.0, 0.0, 24.0, 24.0 ], "enabled": false },
								"west": { "texture": "#short", "uv": [ 0.0, 0.0, 0.5, 24.0 ], "enabled": false },
								"up": { "texture": "#short", "uv": [ 0.0, 0.0, 24.0, 0.5 ], "enabled": false },
								"down": { "texture": "#short", "uv": [ 0.0, 0.0, 24.0, 0.5 ], "enabled": false }
							}
						},
						{
							"name": "middle2",
							"from": [ -12.0, 0.0, 0.0 ], 
							"to": [ 12.0, 24.0, 0.0 ], 
							"shade": false,
							"climateColorMap": "climatePlantTint",
							"seasonColorMap": "seasonalGrass",
							"renderPass": 1,
							"rotationOrigin": [ 0.0, 0.0, 0.0 ],
							"rotationY": -22.0,
							"faces": {
								"north": { "texture": "#short", "uv": [ 0.0, 0.0, 24.0, 24.0 ], "windMode": [0,1,1,0], "windData": [0,1,1,0] },
								"east": { "texture": "#short", "uv": [ 0.0, 0.0, 0.5, 24.0 ], "enabled": false },
								"south": { "texture": "#short", "uv": [ 0.0, 0.0, 24.0, 24.0 ], "enabled": false },
								"west": { "texture": "#short", "uv": [ 0.0, 0.0, 0.5, 24.0 ], "enabled": false },
								"up": { "texture": "#short", "uv": [ 0.0, 0.0, 24.0, 0.5 ], "enabled": false },
								"down": { "texture": "#short", "uv": [ 0.0, 0.0, 24.0, 0.5 ], "enabled": false }
							}
						},
						{
							"name": "middle3",
							"from": [ -12.0, 0.0, 0.0 ], 
							"to": [ 12.0, 24.0, 0.0 ], 
							"shade": false,
							"climateColorMap": "climatePlantTint",
							"seasonColorMap": "seasonalGrass",
							"renderPass": 1,
							"rotationOrigin": [ 0.0, 0.0, 0.0 ],
							"rotationX": -180.0,
							"rotationY": -45.0,
							"rotationZ": -180.0,
							"faces": {
								"north": { "texture": "#short", "uv": [ 0.0, 0.0, 24.0, 24.0 ], "windMode": [0,1,1,0], "windData": [0,1,1,0] },
								"east": { "texture": "#short", "uv": [ 0.0, 0.0, 0.5, 24.0 ], "enabled": false },
								"south": { "texture": "#short", "uv": [ 0.0, 0.0, 24.0, 24.0 ], "enabled": false },
								"west": { "texture": "#short", "uv": [ 0.0, 0.0, 0.5, 24.0 ], "enabled": false },
								"up": { "texture": "#short", "uv": [ 0.0, 0.0, 24.0, 0.5 ], "enabled": false },
								"down": { "texture": "#short", "uv": [ 0.0, 0.0, 24.0, 0.5 ], "enabled": false }
							}
						}
					]
				},
				{
					"name": "center-untinted",
					"from": [ 8.0, 0.0, 8.0 ], 
					"to": [ 8.0, 0.0, 8.0 ], 
					"rotationOrigin": [ 8.0, 0.0, 8.0 ],
					"rotationY": -22.5,
					"faces": {
						"north": { "texture": "#center1", "uv": [ 0.0, 0.0, 0.5, 0.5 ], "enabled": false },
						"east": { "texture": "#center1", "uv": [ 0.0, 0.0, 0.5, 0.5 ], "enabled": false },
						"south": { "texture": "#center1", "uv": [ 0.0, 0.0, 0.5, 0.5 ], "enabled": false },
						"west": { "texture": "#center1", "uv": [ 0.0, 0.0, 0.5, 0.5 ], "enabled": false },
						"up": { "texture": "#center1", "uv": [ 0.0, 0.0, 0.5, 0.5 ], "enabled": false },
						"down": { "texture": "#center1", "uv": [ 0.0, 0.0, 0.5, 0.5 ], "enabled": false }
					},
					"children": [
						{
							"name": "middle15",
							"from": [ -12.0, 0.0, 0.0 ], 
							"to": [ 12.0, 24.0, 0.0 ], 
							"shade": false,
							"climateColorMap": "",
							"seasonColorMap": "",
							"renderPass": 1,
							"rotationOrigin": [ 0.0, 0.0, 0.0 ],
							"rotationY": -75.0,
							"faces": {
								"north": { "texture": "#center1", "uv": [ 0.0, 0.0, 24.0, 24.0 ], "windMode": [0,1,1,0], "windData": [0,1,1,0] },
								"east": { "texture": "#center1", "uv": [ 0.0, 0.0, 0.5, 24.0 ], "enabled": false },
								"south": { "texture": "#center1", "uv": [ 0.0, 0.0, 24.0, 24.0 ], "enabled": false },
								"west": { "texture": "#center1", "uv": [ 0.0, 0.0, 0.5, 24.0 ], "enabled": false },
								"up": { "texture": "#center1", "uv": [ 0.0, 0.0, 24.0, 0.5 ], "enabled": false },
								"down": { "texture": "#center1", "uv": [ 0.0, 0.0, 24.0, 0.5 ], "enabled": false }
							}
						},
						{
							"name": "middle16",
							"from": [ -12.0, 0.0, 0.0 ], 
							"to": [ 12.0, 24.0, 0.0 ], 
							"shade": false,
							"climateColorMap": "",
							"seasonColorMap": "",
							"renderPass": 1,
							"rotationOrigin": [ 0.0, 0.0, 0.0 ],
							"rotationY": -22.0,
							"faces": {
								"north": { "texture": "#center1", "uv": [ 0.0, 0.0, 24.0, 24.0 ], "windMode": [0,1,1,0], "windData": [0,1,1,0] },
								"east": { "texture": "#center1", "uv": [ 0.0, 0.0, 0.5, 24.0 ], "enabled": false },
								"south": { "texture": "#center1", "uv": [ 0.0, 0.0, 24.0, 24.0 ], "enabled": false },
								"west": { "texture": "#center1", "uv": [ 0.0, 0.0, 0.5, 24.0 ], "enabled": false },
								"up": { "texture": "#center1", "uv": [ 0.0, 0.0, 24.0, 0.5 ], "enabled": false },
								"down": { "texture": "#center1", "uv": [ 0.0, 0.0, 24.0, 0.5 ], "enabled": false }
							}
						},
						{
							"name": "middle17",
							"from": [ -12.0, 0.0, 0.0 ], 
							"to": [ 12.0, 24.0, 0.0 ], 
							"shade": false,
							"climateColorMap": "",
							"seasonColorMap": "",
							"renderPass": 1,
							"rotationOrigin": [ 0.0, 0.0, 0.0 ],
							"rotationX": -180.0,
							"rotationY": -45.0,
							"rotationZ": -180.0,
							"faces": {
								"north": { "texture": "#center1", "uv": [ 0.0, 0.0, 24.0, 24.0 ], "windMode": [0,1,1,0], "windData": [0,1,1,0] },
								"east": { "texture": "#center1", "uv": [ 0.0, 0.0, 0.5, 24.0 ], "enabled": false },
								"south": { "texture": "#center1", "uv": [ 0.0, 0.0, 24.0, 24.0 ], "enabled": false },
								"west": { "texture": "#center1", "uv": [ 0.0, 0.0, 0.5, 24.0 ], "enabled": false },
								"up": { "texture": "#center1", "uv": [ 0.0, 0.0, 24.0, 0.5 ], "enabled": false },
								"down": { "texture": "#center1", "uv": [ 0.0, 0.0, 24.0, 0.5 ], "enabled": false }
							}
						}
					]
				}
			]
		},
		{
			"name": "origin 1",
			"from": [ 16.0, 0.0, 0.0 ], 
			"to": [ 16.0, 0.0, 0.0 ], 
			"rotationOrigin": [ 24.0, 0.0, 8.0 ],
			"rotationY": -180.0,
			"faces": {
				"north": { "texture": "#shoots1", "uv": [ 0.0, 0.0, 0.5, 0.5 ], "enabled": false },
				"east": { "texture": "#shoots1", "uv": [ 0.0, 0.0, 0.5, 0.5 ], "enabled": false },
				"south": { "texture": "#shoots1", "uv": [ 4.5, 6.0, 5.0, 6.5 ], "enabled": false },
				"west": { "texture": "#shoots1", "uv": [ 0.0, 0.0, 0.5, 0.5 ], "enabled": false },
				"up": { "texture": "#shoots1", "uv": [ 0.0, 0.0, 0.5, 0.5 ], "enabled": false },
				"down": { "texture": "#shoots1", "uv": [ 0.0, 0.0, 0.5, 0.5 ], "enabled": false }
			},
			"children": [
				{
					"name": "face 3",
					"from": [ -4.0, 0.0, 8.0 ], 
					"to": [ 20.0, 32.0, 8.0 ], 
					"shade": false,
					"climateColorMap": "climatePlantTint",
					"seasonColorMap": "seasonalGrass",
					"renderPass": 1,
					"rotationOrigin": [ 7.0, 0.0, 8.0 ],
					"rotationX": 67.5,
					"rotationY": 10.0,
					"faces": {
						"north": { "texture": "#tall", "uv": [ 0.0, 0.0, 24.0, 32.0 ], "windMode": [0,1,1,0], "windData": [0,0,0,0] },
						"east": { "texture": "#foliage1", "uv": [ 0.0, 0.0, 0.5, 32.0 ], "enabled": false },
						"south": { "texture": "#foliage1", "uv": [ 0.0, 0.0, 24.0, 32.0 ], "enabled": false },
						"west": { "texture": "#foliage1", "uv": [ 0.0, 0.0, 0.5, 32.0 ], "enabled": false },
						"up": { "texture": "#foliage1", "uv": [ 0.0, 0.0, 24.0, 0.5 ], "enabled": false },
						"down": { "texture": "#foliage1", "uv": [ 0.0, 0.0, 24.0, 0.5 ], "enabled": false }
					}
				},
				{
					"name": "face 4",
					"from": [ -4.0, 0.0, 8.0 ], 
					"to": [ 20.0, 32.0, 8.0 ], 
					"shade": false,
					"climateColorMap": "climatePlantTint",
					"seasonColorMap": "seasonalGrass",
					"renderPass": 1,
					"rotationOrigin": [ 7.0, 0.0, 8.0 ],
					"rotationX": -67.5,
					"rotationY": 10.0,
					"faces": {
						"north": { "texture": "#tall", "uv": [ 0.0, 0.0, 24.0, 32.0 ], "windMode": [0,1,1,0], "windData": [0,0,0,0] },
						"east": { "texture": "#foliage1", "uv": [ 0.0, 0.0, 0.5, 32.0 ], "enabled": false },
						"south": { "texture": "#foliage1", "uv": [ 0.0, 0.0, 24.0, 32.0 ], "enabled": false },
						"west": { "texture": "#foliage1", "uv": [ 0.0, 0.0, 0.5, 32.0 ], "enabled": false },
						"up": { "texture": "#foliage1", "uv": [ 0.0, 0.0, 24.0, 0.5 ], "enabled": false },
						"down": { "texture": "#foliage1", "uv": [ 0.0, 0.0, 24.0, 0.5 ], "enabled": false }
					}
				},
				{
					"name": "face 5",
					"from": [ -3.0, 0.0, 7.0 ], 
					"to": [ 21.0, 32.0, 7.0 ], 
					"shade": false,
					"climateColorMap": "climatePlantTint",
					"seasonColorMap": "seasonalGrass",
					"renderPass": 1,
					"rotationOrigin": [ 8.0, 0.0, 7.0 ],
					"rotationX": -80.0,
					"rotationY": -22.5,
					"rotationZ": -90.0,
					"faces": {
						"north": { "texture": "#tall", "uv": [ 0.0, 0.0, 24.0, 32.0 ], "windMode": [0,1,1,0], "windData": [0,0,0,0] },
						"east": { "texture": "#foliage1", "uv": [ 0.0, 0.0, 0.5, 32.0 ], "enabled": false },
						"south": { "texture": "#foliage1", "uv": [ 0.0, 0.0, 24.0, 32.0 ], "enabled": false },
						"west": { "texture": "#foliage1", "uv": [ 0.0, 0.0, 0.5, 32.0 ], "enabled": false },
						"up": { "texture": "#foliage1", "uv": [ 0.0, 0.0, 24.0, 0.5 ], "enabled": false },
						"down": { "texture": "#foliage1", "uv": [ 0.0, 0.0, 24.0, 0.5 ], "enabled": false }
					}
				},
				{
					"name": "face 6",
					"from": [ -3.0, 0.0, 7.5 ], 
					"to": [ 21.0, 32.0, 7.5 ], 
					"shade": false,
					"climateColorMap": "climatePlantTint",
					"seasonColorMap": "seasonalGrass",
					"renderPass": 1,
					"rotationOrigin": [ 8.0, 0.0, 7.5 ],
					"rotationX": -100.0,
					"rotationY": -157.5,
					"rotationZ": -90.0,
					"faces": {
						"north": { "texture": "#tall", "uv": [ 0.0, 0.0, 24.0, 32.0 ], "windMode": [0,1,1,0], "windData": [0,0,0,0] },
						"east": { "texture": "#foliage1", "uv": [ 0.0, 0.0, 0.5, 32.0 ], "enabled": false },
						"south": { "texture": "#foliage1", "uv": [ 0.0, 0.0, 24.0, 32.0 ], "enabled": false },
						"west": { "texture": "#foliage1", "uv": [ 0.0, 0.0, 0.5, 32.0 ], "enabled": false },
						"up": { "texture": "#foliage1", "uv": [ 0.0, 0.0, 24.0, 0.5 ], "enabled": false },
						"down": { "texture": "#foliage1", "uv": [ 0.0, 0.0, 24.0, 0.5 ], "enabled": false }
					}
				},
				{
					"name": "face 7",
					"from": [ -3.0, 0.0, 7.3 ], 
					"to": [ 21.0, 32.0, 7.3 ], 
					"shade": false,
					"climateColorMap": "climatePlantTint",
					"seasonColorMap": "seasonalGrass",
					"renderPass": 1,
					"rotationOrigin": [ 8.0, 0.0, 7.3 ],
					"rotationX": -67.5,
					"rotationY": -135.0,
					"rotationZ": -45.0,
					"faces": {
						"north": { "texture": "#tall", "uv": [ 0.0, 0.0, 24.0, 32.0 ], "windMode": [0,1,1,0], "windData": [0,1,1,0] },
						"east": { "texture": "#foliage1", "uv": [ 0.0, 0.0, 0.5, 32.0 ], "enabled": false },
						"south": { "texture": "#foliage1", "uv": [ 0.0, 0.0, 24.0, 32.0 ], "enabled": false },
						"west": { "texture": "#foliage1", "uv": [ 0.0, 0.0, 0.5, 32.0 ], "enabled": false },
						"up": { "texture": "#foliage1", "uv": [ 0.0, 0.0, 24.0, 0.5 ], "enabled": false },
						"down": { "texture": "#foliage1", "uv": [ 0.0, 0.0, 24.0, 0.5 ], "enabled": false }
					}
				},
				{
					"name": "face 8",
					"from": [ -2.6, 0.0, 7.8 ], 
					"to": [ 21.4, 32.0, 7.8 ], 
					"shade": false,
					"climateColorMap": "climatePlantTint",
					"seasonColorMap": "seasonalGrass",
					"renderPass": 1,
					"rotationOrigin": [ 8.4, 0.0, 7.8 ],
					"rotationX": -135.0,
					"rotationY": -22.5,
					"rotationZ": -157.5,
					"faces": {
						"north": { "texture": "#tall", "uv": [ 0.0, 0.0, 24.0, 32.0 ], "windMode": [0,1,1,0], "windData": [0,1,1,0] },
						"east": { "texture": "#foliage1", "uv": [ 0.0, 0.0, 0.5, 32.0 ], "enabled": false },
						"south": { "texture": "#foliage1", "uv": [ 0.0, 0.0, 24.0, 32.0 ], "enabled": false },
						"west": { "texture": "#foliage1", "uv": [ 0.0, 0.0, 0.5, 32.0 ], "enabled": false },
						"up": { "texture": "#foliage1", "uv": [ 0.0, 0.0, 24.0, 0.5 ], "enabled": false },
						"down": { "texture": "#foliage1", "uv": [ 0.0, 0.0, 24.0, 0.5 ], "enabled": false }
					}
				},
				{
					"name": "face 9",
					"from": [ -3.5, 0.0, 7.6 ], 
					"to": [ 20.5, 32.0, 7.6 ], 
					"shade": false,
					"climateColorMap": "climatePlantTint",
					"seasonColorMap": "seasonalGrass",
					"renderPass": 1,
					"rotationOrigin": [ 7.5, 0.0, 7.6 ],
					"rotationX": -45.0,
					"rotationY": -22.5,
					"rotationZ": -22.5,
					"faces": {
						"north": { "texture": "#tall", "uv": [ 0.0, 0.0, 24.0, 32.0 ], "windMode": [0,1,1,0], "windData": [0,1,1,0] },
						"east": { "texture": "#foliage1", "uv": [ 0.0, 0.0, 0.5, 32.0 ], "enabled": false },
						"south": { "texture": "#foliage1", "uv": [ 0.0, 0.0, 24.0, 32.0 ], "enabled": false },
						"west": { "texture": "#foliage1", "uv": [ 0.0, 0.0, 0.5, 32.0 ], "enabled": false },
						"up": { "texture": "#foliage1", "uv": [ 0.0, 0.0, 24.0, 0.5 ], "enabled": false },
						"down": { "texture": "#foliage1", "uv": [ 0.0, 0.0, 24.0, 0.5 ], "enabled": false }
					}
				},
				{
					"name": "face 10",
					"from": [ -3.3, 0.0, 7.7 ], 
					"to": [ 20.7, 32.0, 7.7 ], 
					"shade": false,
					"climateColorMap": "climatePlantTint",
					"seasonColorMap": "seasonalGrass",
					"renderPass": 1,
					"rotationOrigin": [ 7.7, 0.0, 7.7 ],
					"rotationX": 45.0,
					"rotationY": -22.5,
					"rotationZ": 22.5,
					"faces": {
						"north": { "texture": "#tall", "uv": [ 0.0, 0.0, 24.0, 32.0 ], "windMode": [0,1,1,0], "windData": [0,1,1,0] },
						"east": { "texture": "#foliage1", "uv": [ 0.0, 0.0, 0.5, 32.0 ], "enabled": false },
						"south": { "texture": "#foliage1", "uv": [ 0.0, 0.0, 24.0, 32.0 ], "enabled": false },
						"west": { "texture": "#foliage1", "uv": [ 0.0, 0.0, 0.5, 32.0 ], "enabled": false },
						"up": { "texture": "#foliage1", "uv": [ 0.0, 0.0, 24.0, 0.5 ], "enabled": false },
						"down": { "texture": "#foliage1", "uv": [ 0.0, 0.0, 24.0, 0.5 ], "enabled": false }
					}
				},
				{
					"name": "center",
					"from": [ 8.0, 0.0, 8.0 ], 
					"to": [ 8.0, 0.0, 8.0 ], 
					"rotationOrigin": [ 8.0, 0.0, 8.0 ],
					"faces": {
						"north": { "texture": "#short", "uv": [ 0.0, 0.0, 0.5, 0.5 ], "enabled": false },
						"east": { "texture": "#short", "uv": [ 0.0, 0.0, 0.5, 0.5 ], "enabled": false },
						"south": { "texture": "#short", "uv": [ 0.0, 0.0, 0.5, 0.5 ], "enabled": false },
						"west": { "texture": "#short", "uv": [ 0.0, 0.0, 0.5, 0.5 ], "enabled": false },
						"up": { "texture": "#short", "uv": [ 0.0, 0.0, 0.5, 0.5 ], "enabled": false },
						"down": { "texture": "#short", "uv": [ 0.0, 0.0, 0.5, 0.5 ], "enabled": false }
					},
					"children": [
						{
							"name": "middle1",
							"from": [ -12.0, 0.0, 0.0 ], 
							"to": [ 12.0, 24.0, 0.0 ], 
							"shade": false,
							"climateColorMap": "climatePlantTint",
							"seasonColorMap": "seasonalGrass",
							"renderPass": 1,
							"rotationOrigin": [ 0.0, 0.0, 0.0 ],
							"rotationY": -75.0,
							"faces": {
								"north": { "texture": "#short", "uv": [ 0.0, 0.0, 24.0, 24.0 ], "windMode": [0,1,1,0], "windData": [0,1,1,0] },
								"east": { "texture": "#short", "uv": [ 0.0, 0.0, 0.5, 24.0 ], "enabled": false },
								"south": { "texture": "#short", "uv": [ 0.0, 0.0, 24.0, 24.0 ], "enabled": false },
								"west": { "texture": "#short", "uv": [ 0.0, 0.0, 0.5, 24.0 ], "enabled": false },
								"up": { "texture": "#short", "uv": [ 0.0, 0.0, 24.0, 0.5 ], "enabled": false },
								"down": { "texture": "#short", "uv": [ 0.0, 0.0, 24.0, 0.5 ], "enabled": false }
							}
						},
						{
							"name": "middle2",
							"from": [ -12.0, 0.0, 0.0 ], 
							"to": [ 12.0, 24.0, 0.0 ], 
							"shade": false,
							"climateColorMap": "climatePlantTint",
							"seasonColorMap": "seasonalGrass",
							"renderPass": 1,
							"rotationOrigin": [ 0.0, 0.0, 0.0 ],
							"rotationY": -22.0,
							"faces": {
								"north": { "texture": "#short", "uv": [ 0.0, 0.0, 24.0, 24.0 ], "windMode": [0,1,1,0], "windData": [0,1,1,0] },
								"east": { "texture": "#short", "uv": [ 0.0, 0.0, 0.5, 24.0 ], "enabled": false },
								"south": { "texture": "#short", "uv": [ 0.0, 0.0, 24.0, 24.0 ], "enabled": false },
								"west": { "texture": "#short", "uv": [ 0.0, 0.0, 0.5, 24.0 ], "enabled": false },
								"up": { "texture": "#short", "uv": [ 0.0, 0.0, 24.0, 0.5 ], "enabled": false },
								"down": { "texture": "#short", "uv": [ 0.0, 0.0, 24.0, 0.5 ], "enabled": false }
							}
						},
						{
							"name": "middle3",
							"from": [ -12.0, 0.0, 0.0 ], 
							"to": [ 12.0, 24.0, 0.0 ], 
							"shade": false,
							"climateColorMap": "climatePlantTint",
							"seasonColorMap": "seasonalGrass",
							"renderPass": 1,
							"rotationOrigin": [ 0.0, 0.0, 0.0 ],
							"rotationX": -180.0,
							"rotationY": -45.0,
							"rotationZ": -180.0,
							"faces": {
								"north": { "texture": "#short", "uv": [ 0.0, 0.0, 24.0, 24.0 ], "windMode": [0,1,1,0], "windData": [0,1,1,0] },
								"east": { "texture": "#short", "uv": [ 0.0, 0.0, 0.5, 24.0 ], "enabled": false },
								"south": { "texture": "#short", "uv": [ 0.0, 0.0, 24.0, 24.0 ], "enabled": false },
								"west": { "texture": "#short", "uv": [ 0.0, 0.0, 0.5, 24.0 ], "enabled": false },
								"up": { "texture": "#short", "uv": [ 0.0, 0.0, 24.0, 0.5 ], "enabled": false },
								"down": { "texture": "#short", "uv": [ 0.0, 0.0, 24.0, 0.5 ], "enabled": false }
							}
						}
					]
				},
				{
					"name": "center-untinted",
					"from": [ 8.0, 0.0, 8.0 ], 
					"to": [ 8.0, 0.0, 8.0 ], 
					"rotationOrigin": [ 8.0, 0.0, 8.0 ],
					"rotationY": -22.5,
					"faces": {
						"north": { "texture": "#center1", "uv": [ 0.0, 0.0, 0.5, 0.5 ], "enabled": false },
						"east": { "texture": "#center1", "uv": [ 0.0, 0.0, 0.5, 0.5 ], "enabled": false },
						"south": { "texture": "#center1", "uv": [ 0.0, 0.0, 0.5, 0.5 ], "enabled": false },
						"west": { "texture": "#center1", "uv": [ 0.0, 0.0, 0.5, 0.5 ], "enabled": false },
						"up": { "texture": "#center1", "uv": [ 0.0, 0.0, 0.5, 0.5 ], "enabled": false },
						"down": { "texture": "#center1", "uv": [ 0.0, 0.0, 0.5, 0.5 ], "enabled": false }
					},
					"children": [
						{
							"name": "middle15",
							"from": [ -12.0, 0.0, 0.0 ], 
							"to": [ 12.0, 24.0, 0.0 ], 
							"shade": false,
							"climateColorMap": "",
							"seasonColorMap": "",
							"renderPass": 1,
							"rotationOrigin": [ 0.0, 0.0, 0.0 ],
							"rotationY": -75.0,
							"faces": {
								"north": { "texture": "#center1", "uv": [ 0.0, 0.0, 24.0, 24.0 ], "windMode": [0,1,1,0], "windData": [0,1,1,0] },
								"east": { "texture": "#center1", "uv": [ 0.0, 0.0, 0.5, 24.0 ], "enabled": false },
								"south": { "texture": "#center1", "uv": [ 0.0, 0.0, 24.0, 24.0 ], "enabled": false },
								"west": { "texture": "#center1", "uv": [ 0.0, 0.0, 0.5, 24.0 ], "enabled": false },
								"up": { "texture": "#center1", "uv": [ 0.0, 0.0, 24.0, 0.5 ], "enabled": false },
								"down": { "texture": "#center1", "uv": [ 0.0, 0.0, 24.0, 0.5 ], "enabled": false }
							}
						},
						{
							"name": "middle16",
							"from": [ -12.0, 0.0, 0.0 ], 
							"to": [ 12.0, 24.0, 0.0 ], 
							"shade": false,
							"climateColorMap": "",
							"seasonColorMap": "",
							"renderPass": 1,
							"rotationOrigin": [ 0.0, 0.0, 0.0 ],
							"rotationY": -22.0,
							"faces": {
								"north": { "texture": "#center1", "uv": [ 0.0, 0.0, 24.0, 24.0 ], "windMode": [0,1,1,0], "windData": [0,1,1,0] },
								"east": { "texture": "#center1", "uv": [ 0.0, 0.0, 0.5, 24.0 ], "enabled": false },
								"south": { "texture": "#center1", "uv": [ 0.0, 0.0, 24.0, 24.0 ], "enabled": false },
								"west": { "texture": "#center1", "uv": [ 0.0, 0.0, 0.5, 24.0 ], "enabled": false },
								"up": { "texture": "#center1", "uv": [ 0.0, 0.0, 24.0, 0.5 ], "enabled": false },
								"down": { "texture": "#center1", "uv": [ 0.0, 0.0, 24.0, 0.5 ], "enabled": false }
							}
						},
						{
							"name": "middle17",
							"from": [ -12.0, 0.0, 0.0 ], 
							"to": [ 12.0, 24.0, 0.0 ], 
							"shade": false,
							"climateColorMap": "",
							"seasonColorMap": "",
							"renderPass": 1,
							"rotationOrigin": [ 0.0, 0.0, 0.0 ],
							"rotationX": -180.0,
							"rotationY": -45.0,
							"rotationZ": -180.0,
							"faces": {
								"north": { "texture": "#center1", "uv": [ 0.0, 0.0, 24.0, 24.0 ], "windMode": [0,1,1,0], "windData": [0,1,1,0] },
								"east": { "texture": "#center1", "uv": [ 0.0, 0.0, 0.5, 24.0 ], "enabled": false },
								"south": { "texture": "#center1", "uv": [ 0.0, 0.0, 24.0, 24.0 ], "enabled": false },
								"west": { "texture": "#center1", "uv": [ 0.0, 0.0, 0.5, 24.0 ], "enabled": false },
								"up": { "texture": "#center1", "uv": [ 0.0, 0.0, 24.0, 0.5 ], "enabled": false },
								"down": { "texture": "#center1", "uv": [ 0.0, 0.0, 24.0, 0.5 ], "enabled": false }
							}
						}
					]
				}
			]
		}
	]}