[
  {
    "op": "replace",
    "path": "/class",
    "value": "EntitySC_StrawDummy",
    "file": "game:entities/land/strawdummy.json",
    "side": "server"
  },
  {
    "op": "replace",
    "path": "/maxstacksize",
    "value": 4,
    "file": "game:itemtypes/strawdummy.json",
    "side": "server"
  },
  {
    "op": "replace",
    "path": "/creativeinventory",
    "value": {
      "general": [ "*" ],
      "items": [ "*" ],
      "scarecrow": [ "*" ]
    },
    "file": "game:itemtypes/strawdummy.json",
    "side": "server"
  },
  {
    "op": "replace",
    "path": "/guiTransform",
    "value": {
      "translation": {
        "x": 3,
        "y": 0,
        "z": 0
      },
      "rotation": {
        "x": -14,
        "y": 32,
        "z": 180
      },
      "origin": {
        "x": 0.5,
        "y": 1.1,
        "z": 0.5
      },
      "scale": 0.84
    },
    "file": "game:itemtypes/strawdummy.json",
    "side": "server"
  },
  {
    "op": "replace",
    "path": "/tpHandTransform",
    "value": {
      "translation": {
        "x": -0.1,
        "y": -0.4,
        "z": -0.5
      },
      "rotation": {
        "x": 150,
        "y": 0,
        "z": -80
      },
      "origin": {
        "x": 0.4,
        "y": 0.5,
        "z": 0.5
      },
      "scale": 0.63
    },
    "file": "game:itemtypes/strawdummy.json",
    "side": "server"
  },
  {
    "op": "add",
    "path": "/groundTransform",
    "value": {
      "translation": {
        "x": 0,
        "y": 0,
        "z": 0
      },
      "rotation": {
        "x": 100,
        "y": 18,
        "z": 180
      },
      "origin": {
        "x": 0.5,
        "y": 0.5,
        "z": 0.3
      },
      "scale": 2.1
    },
    "file": "game:itemtypes/strawdummy.json",
    "side": "server"
  },
  {
    "op": "replace",
    "path": "/ingredientPattern",
    "value": "_H_,SHS,_S_",
    "file": "game:recipes/grid/strawdummy.json",
    "side": "Server"
  },
  {
    "op": "replace",
    "path": "/width",
    "value": 3,
    "file": "game:recipes/grid/strawdummy.json",
    "side": "Server"
  },
  {
    "op": "add",
    "path": "/recipeGroup",
    "value": 1,
    "file": "game:recipes/grid/strawdummy.json",
    "side": "Server"
  }
]