[
  {
    "op": "add",
    "path": "/server/behaviors/10/aitasks/8",
    "file": "game:entities/land/raccoon-pup.json",
    "value": {
      "code": "fleeentity",
      "entityCodes": [
        "scarecrow"
      ],
      "priority": 1.7,
      "movespeed": 0.02,
      "animationSpeed": 2.2,
      "seekingRange": 16,
      "animation": "Run",
      "sound": "game:creature/raccoon/pup-hurt"
    },
    "side": "server"
  },
  {
    "op": "add",
    "path": "/server/behaviors/10/aitasks/9",
    "file": "game:entities/land/raccoon-pup.json",
    "value": {
      "code": "fleeentity",
      "entityCodes": [
        "little-scarecrow"
      ],
      "priority": 1.6,
      "movespeed": 0.02,
      "animationSpeed": 2.2,
      "seekingRange": 8,
      "animation": "Run",
      "sound": "game:creature/raccoon/pup-hurt"
    },
    "side": "server"
  },
  {
    "op": "add",
    "path": "/server/behaviors/10/aitasks/10",
    "file": "game:entities/land/raccoon-pup.json",
    "value": {
      "code": "fleeentity",
      "entityCodes": [
        "strawdummy"
      ],
      "priority": 1.6,
      "movespeed": 0.02,
      "animationSpeed": 2.2,
      "seekingRange": 4,
      "animation": "Run",
      "sound": "game:creature/raccoon/pup-hurt"
    },
    "side": "server"
  },
  {
    "op": "replace",
    "path": "/server/behaviors/10/aitasks/8/seekingRange",
    "file": "game:entities/land/raccoon-pup.json",
    "condition": {
      "when": "Scarecrow_Blockingradius_Scarecrow",
      "useValue": true
    },
    "side": "server"
  },
  {
    "op": "replace",
    "path": "/server/behaviors/10/aitasks/9/seekingRange",
    "file": "game:entities/land/raccoon-pup.json",
    "condition": {
      "when": "Scarecrow_Blockingradius_LittleScarecrow",
      "useValue": true
    },
    "side": "server"
  },
  {
    "op": "replace",
    "path": "/server/behaviors/10/aitasks/10/seekingRange",
    "file": "game:entities/land/raccoon-pup.json",
    "condition": {
      "when": "Scarecrow_Blockingradius_Strawdummy",
      "useValue": true
    },
    "side": "server"
  },
  {
    "op": "add",
    "path": "/server/behaviors/10/aitasks/11",
    "file": "game:entities/land/raccoon-female.json",
    "value": {
      "code": "fleeentity",
      "entityCodes": [
        "scarecrow"
      ],
      "priority": 2.2,
      "movespeed": 0.035,
      "animationSpeed": 3.5,
      "seekingRange": 16,
      "animation": "Run",
      "sound": "game:creature/raccoon/hurt"
    },
    "side": "server"
  },
  {
    "op": "add",
    "path": "/server/behaviors/10/aitasks/12",
    "file": "game:entities/land/raccoon-female.json",
    "value": {
      "code": "fleeentity",
      "entityCodes": [
        "little-scarecrow"
      ],
      "priority": 2.1,
      "movespeed": 0.035,
      "animationSpeed": 3.5,
      "seekingRange": 8,
      "animation": "Run",
      "sound": "game:creature/raccoon/hurt"
    },
    "side": "server"
  },
  {
    "op": "add",
    "path": "/server/behaviors/10/aitasks/13",
    "file": "game:entities/land/raccoon-female.json",
    "value": {
      "code": "fleeentity",
      "entityCodes": [
        "strawdummy"
      ],
      "priority": 2.1,
      "movespeed": 0.035,
      "animationSpeed": 3.5,
      "seekingRange": 4,
      "animation": "Run",
      "sound": "game:creature/raccoon/hurt"
    },
    "side": "server"
  },
  {
    "op": "replace",
    "path": "/server/behaviors/10/aitasks/11/seekingRange",
    "file": "game:entities/land/raccoon-female.json",
    "condition": {
      "when": "Scarecrow_Blockingradius_Scarecrow",
      "useValue": true
    },
    "side": "server"
  },
  {
    "op": "replace",
    "path": "/server/behaviors/10/aitasks/12/seekingRange",
    "file": "game:entities/land/raccoon-female.json",
    "condition": {
      "when": "Scarecrow_Blockingradius_LittleScarecrow",
      "useValue": true
    },
    "side": "server"
  },
  {
    "op": "replace",
    "path": "/server/behaviors/10/aitasks/13/seekingRange",
    "file": "game:entities/land/raccoon-female.json",
    "condition": {
      "when": "Scarecrow_Blockingradius_Strawdummy",
      "useValue": true
    },
    "side": "server"
  },
  {
    "op": "add",
    "path": "/server/behaviors/10/aitasks/11",
    "file": "game:entities/land/raccoon-male.json",
    "value": {
      "code": "fleeentity",
      "entityCodes": [
        "scarecrow"
      ],
      "priority": 2.2,
      "movespeed": 0.035,
      "animationSpeed": 3.5,
      "seekingRange": 16,
      "animation": "Run",
      "sound": "game:creature/raccoon/hurt"
    },
    "side": "server"
  },
  {
    "op": "add",
    "path": "/server/behaviors/10/aitasks/12",
    "file": "game:entities/land/raccoon-male.json",
    "value": {
      "code": "fleeentity",
      "entityCodes": [
        "little-scarecrow"
      ],
      "priority": 2.1,
      "movespeed": 0.035,
      "animationSpeed": 3.5,
      "seekingRange": 8,
      "animation": "Run",
      "sound": "game:creature/raccoon/hurt"
    },
    "side": "server"
  },
  {
    "op": "add",
    "path": "/server/behaviors/10/aitasks/13",
    "file": "game:entities/land/raccoon-male.json",
    "value": {
      "code": "fleeentity",
      "entityCodes": [
        "strawdummy"
      ],
      "priority": 2.1,
      "movespeed": 0.035,
      "animationSpeed": 3.5,
      "seekingRange": 4,
      "animation": "Run",
      "sound": "game:creature/raccoon/hurt"
    },
    "side": "server"
  },
  {
    "op": "replace",
    "path": "/server/behaviors/10/aitasks/11/seekingRange",
    "file": "game:entities/land/raccoon-male.json",
    "condition": {
      "when": "Scarecrow_Blockingradius_Scarecrow",
      "useValue": true
    },
    "side": "server"
  },
  {
    "op": "replace",
    "path": "/server/behaviors/10/aitasks/12/seekingRange",
    "file": "game:entities/land/raccoon-male.json",
    "condition": {
      "when": "Scarecrow_Blockingradius_LittleScarecrow",
      "useValue": true
    },
    "side": "server"
  },
  {
    "op": "replace",
    "path": "/server/behaviors/10/aitasks/13/seekingRange",
    "file": "game:entities/land/raccoon-male.json",
    "condition": {
      "when": "Scarecrow_Blockingradius_Strawdummy",
      "useValue": true
    },
    "side": "server"
  }
]