[
  {
    "op": "add",
    "path": "/server/behaviors/10/aitasks/10",
    "file": "game:entities/land/sheep-bighorn-lamb.json",
    "value": {
      "code": "fleeentity",
      "entityCodes": [
        "scarecrow"
      ],
      "priority": 1.7,
      "movespeed": 0.025,
      "animationSpeed": 4,
      "seekingRange": 16,
      "animation": "Run",
      "sound": "game:creature/sheep/lamb-hurt2"
    },
    "side": "server"
  },
  {
    "op": "add",
    "path": "/server/behaviors/10/aitasks/11",
    "file": "game:entities/land/sheep-bighorn-lamb.json",
    "value": {
      "code": "fleeentity",
      "entityCodes": [
        "little-scarecrow"
      ],
      "priority": 1.6,
      "movespeed": 0.025,
      "animationSpeed": 4,
      "seekingRange": 8,
      "animation": "Run",
      "sound": "game:creature/sheep/lamb-hurt2"
    },
    "side": "server"
  },
  {
    "op": "add",
    "path": "/server/behaviors/10/aitasks/12",
    "file": "game:entities/land/sheep-bighorn-lamb.json",
    "value": {
      "code": "fleeentity",
      "entityCodes": [
        "strawdummy"
      ],
      "priority": 1.6,
      "movespeed": 0.025,
      "animationSpeed": 4,
      "seekingRange": 4,
      "animation": "Run",
      "sound": "game:creature/sheep/lamb-hurt2"
    },
    "side": "server"
  },
  {
    "op": "replace",
    "path": "/server/behaviors/10/aitasks/10/seekingRange",
    "file": "game:entities/land/sheep-bighorn-lamb.json",
    "condition": {
      "when": "Scarecrow_Blockingradius_Scarecrow",
      "useValue": true
    },
    "side": "server"
  },
  {
    "op": "replace",
    "path": "/server/behaviors/10/aitasks/11/seekingRange",
    "file": "game:entities/land/sheep-bighorn-lamb.json",
    "condition": {
      "when": "Scarecrow_Blockingradius_LittleScarecrow",
      "useValue": true
    },
    "side": "server"
  },
  {
    "op": "replace",
    "path": "/server/behaviors/10/aitasks/12/seekingRange",
    "file": "game:entities/land/sheep-bighorn-lamb.json",
    "condition": {
      "when": "Scarecrow_Blockingradius_Strawdummy",
      "useValue": true
    },
    "side": "server"
  },
  {
    "op": "add",
    "path": "/server/behaviors/10/aitasks/12",
    "file": "game:entities/land/sheep-bighorn-female.json",
    "value": {
      "code": "fleeentity",
      "entityCodes": [
        "scarecrow"
      ],
      "priority": 1.7,
      "movespeed": 0.052,
      "seekingRange": 16,
      "animation": "Run",
      "animationSpeed": 3.5,
      "sound": "game:creature/sheep/hurt2"
    },
    "side": "server"
  },
  {
    "op": "add",
    "path": "/server/behaviors/10/aitasks/13",
    "file": "game:entities/land/sheep-bighorn-female.json",
    "value": {
      "code": "fleeentity",
      "entityCodes": [
        "little-scarecrow"
      ],
      "priority": 1.6,
      "movespeed": 0.052,
      "seekingRange": 8,
      "animation": "Run",
      "animationSpeed": 3.5,
      "sound": "game:creature/sheep/hurt2"
    },
    "side": "server"
  },
  {
    "op": "add",
    "path": "/server/behaviors/10/aitasks/14",
    "file": "game:entities/land/sheep-bighorn-female.json",
    "value": {
      "code": "fleeentity",
      "entityCodes": [
        "strawdummy"
      ],
      "priority": 1.6,
      "movespeed": 0.052,
      "seekingRange": 4,
      "animation": "Run",
      "animationSpeed": 3.5,
      "sound": "game:creature/sheep/hurt2"
    },
    "side": "server"
  },
  {
    "op": "replace",
    "path": "/server/behaviors/10/aitasks/12/seekingRange",
    "file": "game:entities/land/sheep-bighorn-female.json",
    "condition": {
      "when": "Scarecrow_Blockingradius_Scarecrow",
      "useValue": true
    },
    "side": "server"
  },
  {
    "op": "replace",
    "path": "/server/behaviors/10/aitasks/13/seekingRange",
    "file": "game:entities/land/sheep-bighorn-female.json",
    "condition": {
      "when": "Scarecrow_Blockingradius_LittleScarecrow",
      "useValue": true
    },
    "side": "server"
  },
  {
    "op": "replace",
    "path": "/server/behaviors/10/aitasks/14/seekingRange",
    "file": "game:entities/land/sheep-bighorn-female.json",
    "condition": {
      "when": "Scarecrow_Blockingradius_Strawdummy",
      "useValue": true
    },
    "side": "server"
  },
  {
    "op": "add",
    "path": "/server/behaviors/9/aitasks/13",
    "file": "game:entities/land/sheep-bighorn-male.json",
    "value": {
      "code": "fleeentity",
      "entityCodes": [
        "scarecrow"
      ],
      "priority": 1.7,
      "movespeed": 0.052,
      "seekingRange": 16,
      "animation": "Run",
      "animationSpeed": 3.5,
      "sound": "game:creature/sheep/hurt2"
    },
    "side": "server"
  },
  {
    "op": "add",
    "path": "/server/behaviors/9/aitasks/14",
    "file": "game:entities/land/sheep-bighorn-male.json",
    "value": {
      "code": "fleeentity",
      "entityCodes": [
        "little-scarecrow"
      ],
      "priority": 1.6,
      "movespeed": 0.052,
      "seekingRange": 8,
      "animation": "Run",
      "animationSpeed": 3.5,
      "sound": "game:creature/sheep/hurt2"
    },
    "side": "server"
  },
  {
    "op": "add",
    "path": "/server/behaviors/9/aitasks/15",
    "file": "game:entities/land/sheep-bighorn-male.json",
    "value": {
      "code": "fleeentity",
      "entityCodes": [
        "strawdummy"
      ],
      "priority": 1.6,
      "movespeed": 0.052,
      "seekingRange": 4,
      "animation": "Run",
      "animationSpeed": 3.5,
      "sound": "game:creature/sheep/hurt2"
    },
    "side": "server"
  },
  {
    "op": "replace",
    "path": "/server/behaviors/9/aitasks/13/seekingRange",
    "file": "game:entities/land/sheep-bighorn-male.json",
    "condition": {
      "when": "Scarecrow_Blockingradius_Scarecrow",
      "useValue": true
    },
    "side": "server"
  },
  {
    "op": "replace",
    "path": "/server/behaviors/9/aitasks/14/seekingRange",
    "file": "game:entities/land/sheep-bighorn-male.json",
    "condition": {
      "when": "Scarecrow_Blockingradius_LittleScarecrow",
      "useValue": true
    },
    "side": "server"
  },
  {
    "op": "replace",
    "path": "/server/behaviors/9/aitasks/15/seekingRange",
    "file": "game:entities/land/sheep-bighorn-male.json",
    "condition": {
      "when": "Scarecrow_Blockingradius_Strawdummy",
      "useValue": true
    },
    "side": "server"
  }
]