[
  {
    "op": "add",
    "path": "/server/behaviors/10/aitasks/10",
    "file": "game:entities/land/pig-wild-piglet.json",
    "value": {
      "code": "fleeentity",
      "entityCodes": [
        "scarecrow"
      ],
      "priority": 1.7,
      "movespeed": 0.015,
      "animationSpeed": 7,
      "seekingRange": 16,
      "animation": "Run",
      "sound": "game:creature/pig/piglet-hurt"
    },
    "side": "server"
  },
  {
    "op": "add",
    "path": "/server/behaviors/10/aitasks/11",
    "file": "game:entities/land/pig-wild-piglet.json",
    "value": {
      "code": "fleeentity",
      "entityCodes": [
        "little-scarecrow"
      ],
      "priority": 1.6,
      "movespeed": 0.015,
      "animationSpeed": 7,
      "seekingRange": 8,
      "animation": "Run",
      "sound": "game:creature/pig/piglet-hurt"
    },
    "side": "server"
  },
  {
    "op": "add",
    "path": "/server/behaviors/10/aitasks/12",
    "file": "game:entities/land/pig-wild-piglet.json",
    "value": {
      "code": "fleeentity",
      "entityCodes": [
        "strawdummy"
      ],
      "priority": 1.6,
      "movespeed": 0.015,
      "animationSpeed": 7,
      "seekingRange": 4,
      "animation": "Run",
      "sound": "game:creature/pig/piglet-hurt"
    },
    "side": "server"
  },
  {
    "op": "replace",
    "path": "/server/behaviors/10/aitasks/10/seekingRange",
    "file": "game:entities/land/pig-wild-piglet.json",
    "condition": {
      "when": "Scarecrow_Blockingradius_Scarecrow",
      "useValue": true
    },
    "side": "server"
  },
  {
    "op": "replace",
    "path": "/server/behaviors/10/aitasks/11/seekingRange",
    "file": "game:entities/land/pig-wild-piglet.json",
    "condition": {
      "when": "Scarecrow_Blockingradius_LittleScarecrow",
      "useValue": true
    },
    "side": "server"
  },
  {
    "op": "replace",
    "path": "/server/behaviors/10/aitasks/12/seekingRange",
    "file": "game:entities/land/pig-wild-piglet.json",
    "condition": {
      "when": "Scarecrow_Blockingradius_Strawdummy",
      "useValue": true
    },
    "side": "server"
  },
  {
    "op": "add",
    "path": "/server/behaviors/10/aitasks/11",
    "file": "game:entities/land/pig-wild-female.json",
    "value": {
      "code": "fleeentity",
      "entityCodes": [
        "scarecrow"
      ],
      "priority": 2.0,
      "movespeed": 0.05,
      "seekingRange": 16,
      "animation": "Run",
      "animationSpeed": 5.5,
      "sound": "game:creature/pig/hurt"
    },
    "side": "server"
  },
  {
    "op": "add",
    "path": "/server/behaviors/10/aitasks/12",
    "file": "game:entities/land/pig-wild-female.json",
    "value": {
      "code": "fleeentity",
      "entityCodes": [
        "little-scarecrow"
      ],
      "priority": 1.9,
      "movespeed": 0.05,
      "seekingRange": 8,
      "animation": "Run",
      "animationSpeed": 5.5,
      "sound": "game:creature/pig/hurt"
    },
    "side": "server"
  },
  {
    "op": "add",
    "path": "/server/behaviors/10/aitasks/13",
    "file": "game:entities/land/pig-wild-female.json",
    "value": {
      "code": "fleeentity",
      "entityCodes": [
        "strawdummy"
      ],
      "priority": 1.9,
      "movespeed": 0.05,
      "seekingRange": 4,
      "animation": "Run",
      "animationSpeed": 5.5,
      "sound": "game:creature/pig/hurt"
    },
    "side": "server"
  },
  {
    "op": "replace",
    "path": "/server/behaviors/10/aitasks/11/seekingRange",
    "file": "game:entities/land/pig-wild-female.json",
    "condition": {
      "when": "Scarecrow_Blockingradius_Scarecrow",
      "useValue": true
    },
    "side": "server"
  },
  {
    "op": "replace",
    "path": "/server/behaviors/10/aitasks/12/seekingRange",
    "file": "game:entities/land/pig-wild-female.json",
    "condition": {
      "when": "Scarecrow_Blockingradius_LittleScarecrow",
      "useValue": true
    },
    "side": "server"
  },
  {
    "op": "replace",
    "path": "/server/behaviors/10/aitasks/13/seekingRange",
    "file": "game:entities/land/pig-wild-female.json",
    "condition": {
      "when": "Scarecrow_Blockingradius_Strawdummy",
      "useValue": true
    },
    "side": "server"
  },
  {
    "op": "add",
    "path": "/server/behaviors/9/aitasks/10",
    "file": "game:entities/land/pig-wild-male.json",
    "value": {
      "code": "fleeentity",
      "entityCodes": [
        "scarecrow"
      ],
      "priority": 2.0,
      "movespeed": 0.05,
      "seekingRange": 16,
      "animation": "Run",
      "animationSpeed": 5.5,
      "sound": "game:creature/pig/hurt"
    },
    "side": "server"
  },
  {
    "op": "add",
    "path": "/server/behaviors/9/aitasks/11",
    "file": "game:entities/land/pig-wild-male.json",
    "value": {
      "code": "fleeentity",
      "entityCodes": [
        "little-scarecrow"
      ],
      "priority": 1.9,
      "movespeed": 0.05,
      "seekingRange": 8,
      "animation": "Run",
      "animationSpeed": 5.5,
      "sound": "game:creature/pig/hurt"
    },
    "side": "server"
  },
  {
    "op": "add",
    "path": "/server/behaviors/9/aitasks/12",
    "file": "game:entities/land/pig-wild-male.json",
    "value": {
      "code": "fleeentity",
      "entityCodes": [
        "strawdummy"
      ],
      "priority": 1.9,
      "movespeed": 0.05,
      "seekingRange": 4,
      "animation": "Run",
      "animationSpeed": 5.5,
      "sound": "game:creature/pig/hurt"
    },
    "side": "server"
  },
  {
    "op": "replace",
    "path": "/server/behaviors/9/aitasks/10/seekingRange",
    "file": "game:entities/land/pig-wild-male.json",
    "condition": {
      "when": "Scarecrow_Blockingradius_Scarecrow",
      "useValue": true
    },
    "side": "server"
  },
  {
    "op": "replace",
    "path": "/server/behaviors/9/aitasks/11/seekingRange",
    "file": "game:entities/land/pig-wild-male.json",
    "condition": {
      "when": "Scarecrow_Blockingradius_LittleScarecrow",
      "useValue": true
    },
    "side": "server"
  },
  {
    "op": "replace",
    "path": "/server/behaviors/9/aitasks/12/seekingRange",
    "file": "game:entities/land/pig-wild-male.json",
    "condition": {
      "when": "Scarecrow_Blockingradius_Strawdummy",
      "useValue": true
    },
    "side": "server"
  }
]