{
    "code": "carpet",
    "class": "BlockLinen",
"attributes": {
		"handbook": { groupBy: ["carpet-*"] }
},
	creativeinventory: { "general": ["*-down"], "decorative": ["*-down"], "decorbazaar": ["*-down"] },
	behaviors: [ {name: "Decor", properties: {sides: ["north", "east", "south", "west", "up", "down"], sidedVariants: true, thickness: 0.0625, removable:true }} ],
	variantgroups: [
		{ code:"type", states: ["blue", "darkblack", "ginghamred", "green", "neutral", "red", "white", "whitedotted", "yellowflower", "darkfancy", "darkfloral"] },
		{ code:"side", states: ["north", "east", "south", "west", "up", "down"] }
	],
	shapebytype: {
		"*-down": { base: "block/carpets/carpet" },
		"*-up": { base: "block/carpets/carpet", rotateX: 180 },
		"*-north": { base: "block/carpets/carpet", rotateX: 90 },
		"*-east": { base: "block/carpets/carpet", rotateX: 90, rotateY: 180, rotateZ: 270 },
		"*-west": { base: "block/carpets/carpet", rotateX: 90, rotateY: 0, rotateZ: 270 },
		"*-south": { base: "block/carpets/carpet", rotateX: 270 },
	},
    "blockmaterial": "Cloth",
	sidesolidByType: {
		"*-down": { all: false, down: true },
		"*-up": { all: false, up: true },
		"*-north": { all: false, north: true },
		"*-east": { all: false, east: true },
		"*-west": { all: false, west: true },
		"*-south": { all: false, south: true },
	},
	sideopaqueByType: {
		"*-down": { all: false, down: true },
		"*-up": { all: false, up: true },
		"*-north": { all: false, north: true },
		"*-east": { all: false, east: true },
		"*-west": { all: false, west: true },
		"*-south": { all: false, south: true },
	},
    "drawtype": "json",
	vertexFlags: {
		zOffset: 1
	},
	textures: {
		all: { 
			base: "block/bazaar/fabric/carpets/{type}"
		}
	},
    "resistance": 0.5,
	selectionbox: {
		x1: 0, y1: 0, z1: 0, x2: 1, y2: 0.0625, z2: 1,
		rotateXByType: {
			"*-up": 180,
			"*-north": 90,
			"*-east": 90,
			"*-west": 90,
			"*-south": 270,
		},
		rotateYByType: {
			"*-east": 180,
			"*-west": 0,
		},
		rotateZByType: {
			"*-east": 270,
			"*-west": 270
		},
	},
	sounds: {
		place: "block/cloth",
		break: "block/cloth",
		hit: "block/cloth",
		walk: "walk/cloth"
	},
	guiTransform: {
		rotation: { x: -22.6, y: 147, z: 0 }
	}
}