[
  {
    "name": "enchantment-durable",
    "processingHours": 1,
    "ingredients": {
      "armor": {
        "type": "item",
        "code": "forlornadditions:armor-*-*-*"
      },
      "forlornbow": {
        "type": "item",
        "code": "forlornadditions:forlornbow-*"
      },
      "claymore": {
        "type": "item",
        "code": "forlornadditions:claymore"
      },
      "dagger": {
        "type": "item",
        "code": "forlornadditions:dagger"
      },
      "warhammer": {
        "type": "item",
        "code": "forlornadditions:warhammer"
      }
    },
    "enchantments": {
      "durable": 5
    }
  }
]