{
  "code": "resourcebin",
  "class": "PurposefulStorage.BlockPSContainer",
  "entityclass": "PurposefulStorage.BEResourceBin",
  "variantgroups": [
    { "code": "type", "states": ["normal"] },
    { "code": "side", "loadFromProperties": "abstract/horizontalorientation" }
  ],
  "attributes": {
    "materials": { "loadFromProperties": "block/wood" },
    "variantTextures": {
      "surface": [ "game:block/wood/debarked/{wood}", "purposefulstorage:variants/wood/{wood}" ]
    }
  },
  "behaviors": [
    { "name": "HorizontalOrientable", "properties": { "dropBlockFace": "east" } }
  ],
  "shape": {
    "base": "block/resources/resourcebin",
    "rotateYByType": { "*-north": 0, "*-east": 270, "*-west": 90, "*-south": 180 }
  },
  "heldTpIdleAnimation": "holdbothhandslarge",
  "heldRightReadyAnimation": "heldblockready", 
  "heldTpUseAnimation": "twohandplaceblock",
  "blockmaterial": "Wood",
  "lightAbsorption": 2,
  "maxStackSize": 32,
  "replaceable": 900,
  "resistance": 1.5,
  "materialDensity": 400,
  "faceCullMode": "NeverCull",
  "emitSideAo": { "all": false },
  "sidesolid": { "all": false },
  "sideopaque": { "all": false },
  "combustibleProps": {
    "burnTemperature": 700,
    "burnDuration": 36
  },
  "guiTransform": {
    "origin": { "x": 0.65, "y": 0.5, "z": 0.6 },
    "scale": 0.95
  },
  "tpHandTransform": {
	  "translation": { "x": -1.1, "y": -1.08, "z": -0.61 },
	  "rotation": { "x": -164, "y": -8, "z": -88 },
	  "scale": 0.5
  },
  "sounds": {
    "place": "game:block/planks",
    "hit": "game:block/planks",
    "break": "game:block/planks"
  },
  "collisionSelectionBoxes": [
	  { "x1": 0, "y1": 0, "z1": 0, "x2": 1, "y2": 1, "z2": 1 }
  ]
}
