{
	"editor": {
		"allAngles": false,
		"entityTextureMode": false
	},
	"textureWidth": 16,
	"textureHeight": 16,
	"textureSizes": {
	},
	"textures": {
		"material": "block/stone/mineral/milkyquartz"
	},
	"elements": [
		{
			"name": "origin",
			"from": [ 8.0, 0.0, 8.0 ], 
			"to": [ 8.0, 0.0, 8.0 ], 
			"rotationOrigin": [ 8.0, 0.0, 8.0 ],
			"faces": {
				"north": { "texture": "#null", "uv": [ 0.0, 0.0, 0.5, 0.5 ], "enabled": false },
				"east": { "texture": "#null", "uv": [ 0.0, 0.0, 0.5, 0.5 ] },
				"south": { "texture": "#null", "uv": [ 0.0, 0.0, 0.5, 0.5 ] },
				"west": { "texture": "#null", "uv": [ 0.0, 0.0, 0.5, 0.5 ] },
				"up": { "texture": "#null", "uv": [ 0.0, 0.0, 0.5, 0.5 ] },
				"down": { "texture": "#null", "uv": [ 0.0, 0.0, 0.5, 0.5 ] }
			},
			"children": [
				{
					"name": "origin",
					"from": [ 3.0, -0.5, -2.0 ], 
					"to": [ 3.0, -0.5, -2.0 ], 
					"rotationOrigin": [ 3.0, -0.5, -2.0 ],
					"rotationX": 1.0,
					"rotationY": 67.5,
					"rotationZ": -7.0,
					"faces": {
						"north": { "texture": "#material", "uv": [ 6.5, 12.0, 7.0, 12.5 ], "enabled": false },
						"east": { "texture": "#material", "uv": [ 4.5, 11.0, 5.0, 11.5 ], "enabled": false },
						"south": { "texture": "#material", "uv": [ 5.5, 14.5, 6.0, 15.0 ], "enabled": false },
						"west": { "texture": "#material", "uv": [ 6.0, 13.0, 6.5, 13.5 ], "enabled": false },
						"up": { "texture": "#material", "uv": [ 11.0, 12.0, 11.5, 12.5 ], "enabled": false },
						"down": { "texture": "#material", "uv": [ 3.0, 14.0, 3.5, 14.5 ], "enabled": false }
					},
					"children": [
						{
							"name": "base",
							"from": [ -1.0, 0.0, -1.0 ], 
							"to": [ 1.0, 1.0, 1.0 ], 
							"renderPass": 3,
							"faces": {
								"north": { "texture": "#material", "uv": [ 12.0, 8.5, 14.0, 9.5 ] },
								"east": { "texture": "#material", "uv": [ 2.0, 6.5, 4.0, 7.5 ] },
								"south": { "texture": "#material", "uv": [ 12.0, 9.0, 14.0, 10.0 ] },
								"west": { "texture": "#material", "uv": [ 12.0, 8.5, 14.0, 9.5 ] },
								"up": { "texture": "#material", "uv": [ 10.0, 11.0, 12.0, 13.0 ] },
								"down": { "texture": "#material", "uv": [ 4.5, 14.0, 6.5, 16.0 ], "enabled": false }
							},
							"children": [
								{
									"name": "crystal 1",
									"from": [ 0.5, 1.0, 0.5 ], 
									"to": [ 1.5, 6.0, 1.5 ], 
									"renderPass": 3,
									"rotationOrigin": [ 1.0, 1.0, 1.0 ],
									"faces": {
										"north": { "texture": "#material", "uv": [ 2.0, 1.0, 3.0, 6.0 ] },
										"east": { "texture": "#material", "uv": [ 9.0, 1.0, 10.0, 6.0 ] },
										"south": { "texture": "#material", "uv": [ 14.0, 1.0, 15.0, 6.0 ] },
										"west": { "texture": "#material", "uv": [ 8.5, 1.0, 9.5, 6.0 ] },
										"up": { "texture": "#material", "uv": [ 6.0, 1.0, 7.0, 2.0 ] },
										"down": { "texture": "#material", "uv": [ 0.0, 0.0, 1.0, 1.0 ], "enabled": false }
									}
								},
								{
									"name": "crystal 2",
									"from": [ 0.5, 0.5, 1.0 ], 
									"to": [ 1.5, 4.5, 2.0 ], 
									"renderPass": 3,
									"rotationOrigin": [ 1.0, 0.5, 1.5 ],
									"rotationX": 20.0,
									"rotationY": -1.0,
									"faces": {
										"north": { "texture": "#material", "uv": [ 9.5, 0.5, 10.5, 4.5 ] },
										"east": { "texture": "#material", "uv": [ 12.0, 1.0, 13.0, 5.0 ] },
										"south": { "texture": "#material", "uv": [ 10.5, 0.5, 11.5, 4.5 ] },
										"west": { "texture": "#material", "uv": [ 10.5, 0.0, 11.5, 4.0 ] },
										"up": { "texture": "#material", "uv": [ 9.0, 1.0, 10.0, 2.0 ] },
										"down": { "texture": "#material", "uv": [ 0.0, 0.0, 1.0, 1.0 ], "enabled": false }
									}
								},
								{
									"name": "crystal 3",
									"from": [ 0.3, 0.5, 0.3 ], 
									"to": [ 1.3, 5.5, 1.3 ], 
									"renderPass": 3,
									"rotationOrigin": [ 0.8, 0.5, 0.8 ],
									"rotationX": -30.0,
									"rotationY": 30.0,
									"rotationZ": 15.0,
									"faces": {
										"north": { "texture": "#material", "uv": [ 9.5, 1.0, 10.5, 6.0 ] },
										"east": { "texture": "#material", "uv": [ 11.5, 0.5, 12.5, 5.5 ] },
										"south": { "texture": "#material", "uv": [ 12.0, 0.5, 13.0, 5.5 ] },
										"west": { "texture": "#material", "uv": [ 8.5, 0.0, 9.5, 5.0 ] },
										"up": { "texture": "#material", "uv": [ 13.5, 0.5, 14.5, 1.5 ] },
										"down": { "texture": "#material", "uv": [ 0.0, 0.0, 1.0, 1.0 ], "enabled": false }
									}
								},
								{
									"name": "crystal 4",
									"from": [ 1.0, 0.4, 0.0 ], 
									"to": [ 2.0, 4.4, 1.0 ], 
									"renderPass": 3,
									"rotationOrigin": [ 1.5, 0.4, 0.5 ],
									"rotationX": -15.0,
									"rotationZ": -30.0,
									"faces": {
										"north": { "texture": "#material", "uv": [ 4.5, 2.0, 5.5, 6.0 ] },
										"east": { "texture": "#material", "uv": [ 3.0, 2.0, 4.0, 6.0 ] },
										"south": { "texture": "#material", "uv": [ 2.0, 2.5, 3.0, 6.5 ] },
										"west": { "texture": "#material", "uv": [ 2.0, 2.0, 3.0, 6.0 ] },
										"up": { "texture": "#material", "uv": [ 5.0, 2.0, 6.0, 3.0 ] },
										"down": { "texture": "#material", "uv": [ 0.0, 0.0, 1.0, 1.0 ], "enabled": false }
									}
								},
								{
									"name": "crystal 7",
									"from": [ -0.1, 0.5, 0.4 ], 
									"to": [ 1.4, 4.5, 1.9 ], 
									"renderPass": 3,
									"rotationOrigin": [ 0.6, 0.5, 1.1 ],
									"rotationX": 8.0,
									"rotationY": 14.0,
									"rotationZ": 30.0,
									"faces": {
										"north": { "texture": "#material", "uv": [ 3.0, 2.5, 4.5, 6.5 ] },
										"east": { "texture": "#material", "uv": [ 3.5, 2.5, 5.0, 6.5 ] },
										"south": { "texture": "#material", "uv": [ 4.0, 2.0, 5.5, 6.0 ] },
										"west": { "texture": "#material", "uv": [ 3.0, 2.5, 4.5, 6.5 ] },
										"up": { "texture": "#material", "uv": [ 6.5, 1.0, 8.0, 2.5 ] },
										"down": { "texture": "#material", "uv": [ 0.0, 0.0, 1.5, 1.5 ], "enabled": false }
									}
								},
								{
									"name": "crystal 8",
									"from": [ 1.5, 0.7, 1.2 ], 
									"to": [ 2.0, 3.2, 1.7 ], 
									"renderPass": 3,
									"rotationOrigin": [ 1.7, 0.7, 1.4 ],
									"rotationX": 25.0,
									"rotationZ": -41.0,
									"faces": {
										"north": { "texture": "#material", "uv": [ 10.5, 1.0, 11.0, 3.5 ] },
										"east": { "texture": "#material", "uv": [ 12.0, 1.0, 12.5, 3.5 ] },
										"south": { "texture": "#material", "uv": [ 10.5, 0.5, 11.0, 3.0 ] },
										"west": { "texture": "#material", "uv": [ 12.0, 0.5, 12.5, 3.0 ] },
										"up": { "texture": "#material", "uv": [ 9.0, 1.5, 9.5, 2.0 ] },
										"down": { "texture": "#material", "uv": [ 0.0, 0.0, 0.5, 0.5 ], "enabled": false }
									}
								},
								{
									"name": "crystal 9",
									"from": [ 0.0, 0.4, 0.0 ], 
									"to": [ 0.5, 2.4, 0.5 ], 
									"renderPass": 3,
									"rotationOrigin": [ 0.2, 0.4, 0.2 ],
									"rotationY": -25.0,
									"rotationZ": 47.0,
									"faces": {
										"north": { "texture": "#material", "uv": [ 4.5, 3.5, 5.0, 5.5 ] },
										"east": { "texture": "#material", "uv": [ 2.0, 3.5, 2.5, 5.5 ] },
										"south": { "texture": "#material", "uv": [ 3.5, 3.0, 4.0, 5.0 ] },
										"west": { "texture": "#material", "uv": [ 3.5, 3.5, 4.0, 5.5 ] },
										"up": { "texture": "#material", "uv": [ 7.0, 3.5, 7.5, 4.0 ] },
										"down": { "texture": "#material", "uv": [ 0.0, 0.0, 0.5, 0.5 ], "enabled": false }
									}
								}
							]
						}
					]
				},
				{
					"name": "origin",
					"from": [ -3.5, -0.4, -2.0 ], 
					"to": [ -3.5, -0.4, -2.0 ], 
					"rotationOrigin": [ -3.5, -0.4, -2.0 ],
					"rotationY": -45.0,
					"rotationZ": 16.0,
					"faces": {
						"north": { "texture": "#material", "uv": [ 6.5, 12.0, 7.0, 12.5 ], "enabled": false },
						"east": { "texture": "#material", "uv": [ 4.5, 11.0, 5.0, 11.5 ], "enabled": false },
						"south": { "texture": "#material", "uv": [ 5.5, 14.5, 6.0, 15.0 ], "enabled": false },
						"west": { "texture": "#material", "uv": [ 6.0, 13.0, 6.5, 13.5 ], "enabled": false },
						"up": { "texture": "#material", "uv": [ 11.0, 12.0, 11.5, 12.5 ], "enabled": false },
						"down": { "texture": "#material", "uv": [ 3.0, 14.0, 3.5, 14.5 ], "enabled": false }
					},
					"children": [
						{
							"name": "base",
							"from": [ -1.0, 0.0, -1.0 ], 
							"to": [ 1.0, 1.0, 2.0 ], 
							"renderPass": 3,
							"faces": {
								"north": { "texture": "#material", "uv": [ 12.0, 8.5, 14.0, 9.5 ] },
								"east": { "texture": "#material", "uv": [ 2.0, 6.5, 5.0, 7.5 ] },
								"south": { "texture": "#material", "uv": [ 12.0, 9.0, 14.0, 10.0 ] },
								"west": { "texture": "#material", "uv": [ 12.0, 8.5, 15.0, 9.5 ] },
								"up": { "texture": "#material", "uv": [ 10.0, 11.0, 12.0, 14.0 ] },
								"down": { "texture": "#material", "uv": [ 11.0, 9.5, 13.0, 12.5 ], "enabled": false }
							},
							"children": [
								{
									"name": "crystal 1",
									"from": [ 0.5, 0.5, 1.9 ], 
									"to": [ 1.5, 5.5, 2.9 ], 
									"renderPass": 3,
									"rotationOrigin": [ 1.0, 0.5, 2.4 ],
									"rotationX": 35.0,
									"faces": {
										"north": { "texture": "#material", "uv": [ 2.0, 1.5, 3.0, 6.5 ] },
										"east": { "texture": "#material", "uv": [ 9.0, 1.0, 10.0, 6.0 ] },
										"south": { "texture": "#material", "uv": [ 14.0, 1.0, 15.0, 6.0 ] },
										"west": { "texture": "#material", "uv": [ 8.5, 1.0, 9.5, 6.0 ] },
										"up": { "texture": "#material", "uv": [ 6.0, 1.0, 7.0, 2.0 ] },
										"down": { "texture": "#material", "uv": [ 0.0, 0.0, 1.0, 1.0 ], "enabled": false }
									}
								},
								{
									"name": "crystal 2",
									"from": [ 0.6, 0.5, 1.2 ], 
									"to": [ 1.6, 4.5, 2.2 ], 
									"renderPass": 3,
									"rotationOrigin": [ 1.1, 0.5, 1.7 ],
									"rotationX": 20.0,
									"rotationY": -1.0,
									"rotationZ": -15.0,
									"faces": {
										"north": { "texture": "#material", "uv": [ 9.5, 0.5, 10.5, 4.5 ] },
										"east": { "texture": "#material", "uv": [ 12.0, 1.0, 13.0, 5.0 ] },
										"south": { "texture": "#material", "uv": [ 10.5, 0.5, 11.5, 4.5 ] },
										"west": { "texture": "#material", "uv": [ 10.5, 0.0, 11.5, 4.0 ] },
										"up": { "texture": "#material", "uv": [ 9.0, 1.0, 10.0, 2.0 ] },
										"down": { "texture": "#material", "uv": [ 0.0, 0.0, 1.0, 1.0 ], "enabled": false }
									}
								},
								{
									"name": "crystal 3",
									"from": [ 0.3, 0.5, 0.3 ], 
									"to": [ 1.3, 6.0, 1.3 ], 
									"renderPass": 3,
									"rotationOrigin": [ 0.8, 0.5, 0.8 ],
									"rotationX": -30.0,
									"rotationY": 30.0,
									"rotationZ": 15.0,
									"faces": {
										"north": { "texture": "#material", "uv": [ 9.5, 1.0, 10.5, 6.5 ] },
										"east": { "texture": "#material", "uv": [ 11.5, 0.5, 12.5, 6.0 ] },
										"south": { "texture": "#material", "uv": [ 12.0, 0.5, 13.0, 6.0 ] },
										"west": { "texture": "#material", "uv": [ 8.5, 0.0, 9.5, 5.5 ] },
										"up": { "texture": "#material", "uv": [ 13.5, 0.5, 14.5, 1.5 ] },
										"down": { "texture": "#material", "uv": [ 0.0, 0.0, 1.0, 1.0 ], "enabled": false }
									}
								},
								{
									"name": "crystal 4",
									"from": [ 0.5, 0.5, 0.6 ], 
									"to": [ 1.5, 4.0, 1.6 ], 
									"renderPass": 3,
									"rotationOrigin": [ 1.0, 0.5, 1.1 ],
									"rotationX": -41.0,
									"rotationZ": -30.0,
									"faces": {
										"north": { "texture": "#material", "uv": [ 4.5, 2.0, 5.5, 5.5 ] },
										"east": { "texture": "#material", "uv": [ 3.0, 2.0, 4.0, 5.5 ] },
										"south": { "texture": "#material", "uv": [ 2.0, 2.5, 3.0, 6.0 ] },
										"west": { "texture": "#material", "uv": [ 2.0, 2.0, 3.0, 5.5 ] },
										"up": { "texture": "#material", "uv": [ 5.0, 2.0, 6.0, 3.0 ] },
										"down": { "texture": "#material", "uv": [ 0.0, 0.0, 1.0, 1.0 ], "enabled": false }
									}
								},
								{
									"name": "crystal 7",
									"from": [ 0.1, 0.5, 0.8 ], 
									"to": [ 1.6, 4.0, 2.3 ], 
									"renderPass": 3,
									"rotationOrigin": [ 0.8, 0.5, 1.5 ],
									"rotationX": 8.0,
									"rotationY": 14.0,
									"rotationZ": 30.0,
									"faces": {
										"north": { "texture": "#material", "uv": [ 3.0, 2.5, 4.5, 6.0 ] },
										"east": { "texture": "#material", "uv": [ 3.5, 2.5, 5.0, 6.0 ] },
										"south": { "texture": "#material", "uv": [ 4.0, 2.0, 5.5, 5.5 ] },
										"west": { "texture": "#material", "uv": [ 3.0, 2.5, 4.5, 6.0 ] },
										"up": { "texture": "#material", "uv": [ 6.5, 1.0, 8.0, 2.5 ] },
										"down": { "texture": "#material", "uv": [ 0.0, 0.0, 1.5, 1.5 ], "enabled": false }
									}
								},
								{
									"name": "crystal 8",
									"from": [ 1.5, 0.7, 1.2 ], 
									"to": [ 2.0, 3.7, 1.7 ], 
									"renderPass": 3,
									"rotationOrigin": [ 1.7, 0.7, 1.4 ],
									"rotationX": 25.0,
									"rotationZ": -41.0,
									"faces": {
										"north": { "texture": "#material", "uv": [ 10.5, 1.0, 11.0, 4.0 ] },
										"east": { "texture": "#material", "uv": [ 12.0, 1.0, 12.5, 4.0 ] },
										"south": { "texture": "#material", "uv": [ 10.5, 0.5, 11.0, 3.5 ] },
										"west": { "texture": "#material", "uv": [ 12.0, 0.5, 12.5, 3.5 ] },
										"up": { "texture": "#material", "uv": [ 9.0, 1.5, 9.5, 2.0 ] },
										"down": { "texture": "#material", "uv": [ 0.0, 0.0, 0.5, 0.5 ], "enabled": false }
									}
								},
								{
									"name": "crystal 9",
									"from": [ 0.0, 0.4, 0.0 ], 
									"to": [ 0.5, 1.9, 0.5 ], 
									"renderPass": 3,
									"rotationOrigin": [ 0.2, 0.4, 0.2 ],
									"rotationY": -25.0,
									"rotationZ": 47.0,
									"faces": {
										"north": { "texture": "#material", "uv": [ 4.5, 3.5, 5.0, 5.0 ] },
										"east": { "texture": "#material", "uv": [ 2.0, 3.5, 2.5, 5.0 ] },
										"south": { "texture": "#material", "uv": [ 3.5, 3.0, 4.0, 4.5 ] },
										"west": { "texture": "#material", "uv": [ 3.5, 3.5, 4.0, 5.0 ] },
										"up": { "texture": "#material", "uv": [ 7.0, 3.5, 7.5, 4.0 ] },
										"down": { "texture": "#material", "uv": [ 0.0, 0.0, 0.5, 0.5 ], "enabled": false }
									}
								},
								{
									"name": "crystal 10",
									"from": [ 1.3, 0.7, 2.3 ], 
									"to": [ 1.8, 2.7, 2.8 ], 
									"renderPass": 3,
									"rotationOrigin": [ 1.5, 0.7, 2.5 ],
									"rotationX": 60.0,
									"rotationZ": -38.0,
									"faces": {
										"north": { "texture": "#material", "uv": [ 10.5, 1.0, 11.0, 3.0 ] },
										"east": { "texture": "#material", "uv": [ 12.0, 1.0, 12.5, 3.0 ] },
										"south": { "texture": "#material", "uv": [ 10.5, 0.5, 11.0, 2.5 ] },
										"west": { "texture": "#material", "uv": [ 12.0, 0.5, 12.5, 2.5 ] },
										"up": { "texture": "#material", "uv": [ 9.0, 1.5, 9.5, 2.0 ] },
										"down": { "texture": "#material", "uv": [ 0.0, 0.0, 0.5, 0.5 ], "enabled": false }
									}
								}
							]
						}
					]
				},
				{
					"name": "origin",
					"from": [ -2.0, -1.1, 2.0 ], 
					"to": [ -2.0, -1.1, 2.0 ], 
					"rotationOrigin": [ -2.0, -0.5, 2.0 ],
					"rotationX": 10.0,
					"rotationY": 22.5,
					"faces": {
						"north": { "texture": "#material", "uv": [ 6.5, 12.0, 7.0, 12.5 ], "enabled": false },
						"east": { "texture": "#material", "uv": [ 4.5, 11.0, 5.0, 11.5 ], "enabled": false },
						"south": { "texture": "#material", "uv": [ 5.5, 14.5, 6.0, 15.0 ], "enabled": false },
						"west": { "texture": "#material", "uv": [ 6.0, 13.0, 6.5, 13.5 ], "enabled": false },
						"up": { "texture": "#material", "uv": [ 11.0, 12.0, 11.5, 12.5 ], "enabled": false },
						"down": { "texture": "#material", "uv": [ 3.0, 14.0, 3.5, 14.5 ], "enabled": false }
					},
					"children": [
						{
							"name": "base",
							"from": [ -1.0, 0.0, -1.0 ], 
							"to": [ 1.0, 1.0, 1.0 ], 
							"renderPass": 3,
							"faces": {
								"north": { "texture": "#material", "uv": [ 12.0, 8.5, 14.0, 9.5 ] },
								"east": { "texture": "#material", "uv": [ 2.0, 6.5, 4.0, 7.5 ] },
								"south": { "texture": "#material", "uv": [ 12.0, 9.0, 14.0, 10.0 ] },
								"west": { "texture": "#material", "uv": [ 12.0, 8.5, 14.0, 9.5 ] },
								"up": { "texture": "#material", "uv": [ 10.0, 11.0, 12.0, 13.0 ] },
								"down": { "texture": "#material", "uv": [ 4.5, 14.0, 6.5, 16.0 ], "enabled": false }
							},
							"children": [
								{
									"name": "crystal 1",
									"from": [ 0.5, 0.7, 0.0 ], 
									"to": [ 1.0, 4.2, 0.5 ], 
									"renderPass": 3,
									"rotationOrigin": [ 0.7, 0.7, 0.2 ],
									"rotationX": -37.0,
									"faces": {
										"north": { "texture": "#material", "uv": [ 2.0, 1.0, 2.5, 4.5 ] },
										"east": { "texture": "#material", "uv": [ 9.0, 1.0, 9.5, 4.5 ] },
										"south": { "texture": "#material", "uv": [ 14.0, 1.0, 14.5, 4.5 ] },
										"west": { "texture": "#material", "uv": [ 8.5, 1.0, 9.0, 4.5 ] },
										"up": { "texture": "#material", "uv": [ 6.0, 1.0, 6.5, 1.5 ] },
										"down": { "texture": "#material", "uv": [ 0.0, 0.0, 0.5, 0.5 ], "enabled": false }
									}
								},
								{
									"name": "crystal 2",
									"from": [ 0.5, 0.5, 1.0 ], 
									"to": [ 1.5, 2.5, 2.0 ], 
									"renderPass": 3,
									"rotationOrigin": [ 1.0, 0.5, 1.5 ],
									"rotationX": 54.0,
									"rotationY": -1.0,
									"faces": {
										"north": { "texture": "#material", "uv": [ 9.5, 0.5, 10.5, 2.5 ] },
										"east": { "texture": "#material", "uv": [ 12.0, 1.0, 13.0, 3.0 ] },
										"south": { "texture": "#material", "uv": [ 10.5, 0.5, 11.5, 2.5 ] },
										"west": { "texture": "#material", "uv": [ 10.5, 0.0, 11.5, 2.0 ] },
										"up": { "texture": "#material", "uv": [ 9.0, 1.0, 10.0, 2.0 ] },
										"down": { "texture": "#material", "uv": [ 0.0, 0.0, 1.0, 1.0 ], "enabled": false }
									}
								},
								{
									"name": "crystal 3",
									"from": [ 0.3, 0.5, 0.6 ], 
									"to": [ 1.3, 4.5, 1.6 ], 
									"renderPass": 3,
									"rotationOrigin": [ 0.8, 0.5, 1.1 ],
									"rotationX": 15.0,
									"rotationY": 6.0,
									"rotationZ": 2.0,
									"faces": {
										"north": { "texture": "#material", "uv": [ 9.5, 1.0, 10.5, 5.0 ] },
										"east": { "texture": "#material", "uv": [ 11.5, 0.5, 12.5, 4.5 ] },
										"south": { "texture": "#material", "uv": [ 12.0, 0.5, 13.0, 4.5 ] },
										"west": { "texture": "#material", "uv": [ 8.5, 0.0, 9.5, 4.0 ] },
										"up": { "texture": "#material", "uv": [ 13.5, 0.5, 14.5, 1.5 ] },
										"down": { "texture": "#material", "uv": [ 0.0, 0.0, 1.0, 1.0 ], "enabled": false }
									}
								},
								{
									"name": "crystal 4",
									"from": [ 0.8, 0.4, 0.2 ], 
									"to": [ 1.8, 2.9, 1.2 ], 
									"renderPass": 3,
									"rotationOrigin": [ 1.3, 0.4, 0.7 ],
									"rotationX": -31.0,
									"rotationZ": -30.0,
									"faces": {
										"north": { "texture": "#material", "uv": [ 4.5, 2.0, 5.5, 4.5 ] },
										"east": { "texture": "#material", "uv": [ 3.0, 2.0, 4.0, 4.5 ] },
										"south": { "texture": "#material", "uv": [ 2.0, 2.5, 3.0, 5.0 ] },
										"west": { "texture": "#material", "uv": [ 2.0, 2.0, 3.0, 4.5 ] },
										"up": { "texture": "#material", "uv": [ 5.0, 2.0, 6.0, 3.0 ] },
										"down": { "texture": "#material", "uv": [ 0.0, 0.0, 1.0, 1.0 ], "enabled": false }
									}
								},
								{
									"name": "crystal 7",
									"from": [ 0.0, 0.5, 0.5 ], 
									"to": [ 1.0, 3.5, 1.5 ], 
									"renderPass": 3,
									"rotationOrigin": [ 0.5, 0.5, 1.0 ],
									"rotationX": 8.0,
									"rotationY": 9.5,
									"rotationZ": 45.0,
									"faces": {
										"north": { "texture": "#material", "uv": [ 3.0, 2.5, 4.0, 5.5 ] },
										"east": { "texture": "#material", "uv": [ 3.5, 2.5, 4.5, 5.5 ] },
										"south": { "texture": "#material", "uv": [ 4.0, 2.0, 5.0, 5.0 ] },
										"west": { "texture": "#material", "uv": [ 3.0, 2.5, 4.0, 5.5 ] },
										"up": { "texture": "#material", "uv": [ 6.5, 1.0, 7.5, 2.0 ] },
										"down": { "texture": "#material", "uv": [ 0.0, 0.0, 1.0, 1.0 ], "enabled": false }
									}
								},
								{
									"name": "crystal 8",
									"from": [ 1.5, 0.7, 1.2 ], 
									"to": [ 2.0, 3.2, 1.7 ], 
									"renderPass": 3,
									"rotationOrigin": [ 1.7, 0.7, 1.4 ],
									"rotationX": 25.0,
									"rotationZ": -41.0,
									"faces": {
										"north": { "texture": "#material", "uv": [ 10.5, 1.0, 11.0, 3.5 ] },
										"east": { "texture": "#material", "uv": [ 12.0, 1.0, 12.5, 3.5 ] },
										"south": { "texture": "#material", "uv": [ 10.5, 0.5, 11.0, 3.0 ] },
										"west": { "texture": "#material", "uv": [ 12.0, 0.5, 12.5, 3.0 ] },
										"up": { "texture": "#material", "uv": [ 9.0, 1.5, 9.5, 2.0 ] },
										"down": { "texture": "#material", "uv": [ 0.0, 0.0, 0.5, 0.5 ], "enabled": false }
									}
								},
								{
									"name": "crystal 9",
									"from": [ 0.0, 0.6, 0.0 ], 
									"to": [ 0.5, 2.1, 0.5 ], 
									"renderPass": 3,
									"rotationOrigin": [ 0.2, 0.6, 0.2 ],
									"rotationY": -33.0,
									"rotationZ": 55.0,
									"faces": {
										"north": { "texture": "#material", "uv": [ 4.5, 3.5, 5.0, 5.0 ] },
										"east": { "texture": "#material", "uv": [ 2.0, 3.5, 2.5, 5.0 ] },
										"south": { "texture": "#material", "uv": [ 3.5, 3.0, 4.0, 4.5 ] },
										"west": { "texture": "#material", "uv": [ 3.5, 3.5, 4.0, 5.0 ] },
										"up": { "texture": "#material", "uv": [ 7.0, 3.5, 7.5, 4.0 ] },
										"down": { "texture": "#material", "uv": [ 0.0, 0.0, 0.5, 0.5 ], "enabled": false }
									}
								}
							]
						}
					]
				},
				{
					"name": "origin",
					"from": [ -1.0, -0.8, -1.0 ], 
					"to": [ -1.0, -0.8, -1.0 ], 
					"rotationOrigin": [ -1.0, -0.8, -1.0 ],
					"rotationY": 16.0,
					"rotationZ": -16.0,
					"faces": {
						"north": { "texture": "#material", "uv": [ 6.5, 12.0, 6.5, 12.0 ], "enabled": false },
						"east": { "texture": "#material", "uv": [ 4.5, 11.0, 4.5, 11.0 ], "enabled": false },
						"south": { "texture": "#material", "uv": [ 5.5, 14.5, 5.5, 14.5 ], "enabled": false },
						"west": { "texture": "#material", "uv": [ 6.0, 13.0, 6.0, 13.0 ], "enabled": false },
						"up": { "texture": "#material", "uv": [ 11.0, 12.0, 11.0, 12.0 ], "enabled": false },
						"down": { "texture": "#material", "uv": [ 3.0, 14.0, 3.0, 14.0 ], "enabled": false }
					},
					"children": [
						{
							"name": "base",
							"from": [ -1.0, 0.0, -1.0 ], 
							"to": [ 1.0, 1.0, 2.0 ], 
							"renderPass": 3,
							"faces": {
								"north": { "texture": "#material", "uv": [ 12.0, 8.5, 14.0, 9.5 ] },
								"east": { "texture": "#material", "uv": [ 2.0, 6.5, 5.0, 7.5 ] },
								"south": { "texture": "#material", "uv": [ 12.0, 9.0, 14.0, 10.0 ] },
								"west": { "texture": "#material", "uv": [ 12.0, 8.5, 15.0, 9.5 ] },
								"up": { "texture": "#material", "uv": [ 10.0, 11.0, 12.0, 14.0 ] },
								"down": { "texture": "#material", "uv": [ 11.0, 9.5, 13.0, 12.5 ], "enabled": false }
							},
							"children": [
								{
									"name": "crystal 1",
									"from": [ 0.5, 0.5, 1.9 ], 
									"to": [ 1.5, 5.5, 2.9 ], 
									"renderPass": 3,
									"rotationOrigin": [ 1.0, 0.5, 2.4 ],
									"rotationX": 35.0,
									"faces": {
										"north": { "texture": "#material", "uv": [ 2.0, 1.5, 3.0, 6.5 ] },
										"east": { "texture": "#material", "uv": [ 9.0, 1.0, 10.0, 6.0 ] },
										"south": { "texture": "#material", "uv": [ 14.0, 1.0, 15.0, 6.0 ] },
										"west": { "texture": "#material", "uv": [ 8.5, 1.0, 9.5, 6.0 ] },
										"up": { "texture": "#material", "uv": [ 6.0, 1.0, 7.0, 2.0 ] },
										"down": { "texture": "#material", "uv": [ 0.0, 0.0, 1.0, 1.0 ], "enabled": false }
									}
								},
								{
									"name": "crystal 2",
									"from": [ 0.6, 0.5, 1.2 ], 
									"to": [ 1.6, 4.5, 2.2 ], 
									"renderPass": 3,
									"rotationOrigin": [ 1.1, 0.5, 1.7 ],
									"rotationX": 20.0,
									"rotationY": -1.0,
									"rotationZ": -15.0,
									"faces": {
										"north": { "texture": "#material", "uv": [ 9.5, 0.5, 10.5, 4.5 ] },
										"east": { "texture": "#material", "uv": [ 12.0, 1.0, 13.0, 5.0 ] },
										"south": { "texture": "#material", "uv": [ 10.5, 0.5, 11.5, 4.5 ] },
										"west": { "texture": "#material", "uv": [ 10.5, 0.0, 11.5, 4.0 ] },
										"up": { "texture": "#material", "uv": [ 9.0, 1.0, 10.0, 2.0 ] },
										"down": { "texture": "#material", "uv": [ 0.0, 0.0, 1.0, 1.0 ], "enabled": false }
									}
								},
								{
									"name": "crystal 3",
									"from": [ 0.3, 0.5, 0.3 ], 
									"to": [ 1.3, 6.0, 1.3 ], 
									"renderPass": 3,
									"rotationOrigin": [ 0.8, 0.5, 0.8 ],
									"rotationX": -30.0,
									"rotationY": 30.0,
									"rotationZ": 15.0,
									"faces": {
										"north": { "texture": "#material", "uv": [ 9.5, 1.0, 10.5, 6.5 ] },
										"east": { "texture": "#material", "uv": [ 11.5, 0.5, 12.5, 6.0 ] },
										"south": { "texture": "#material", "uv": [ 12.0, 0.5, 13.0, 6.0 ] },
										"west": { "texture": "#material", "uv": [ 8.5, 0.0, 9.5, 5.5 ] },
										"up": { "texture": "#material", "uv": [ 13.5, 0.5, 14.5, 1.5 ] },
										"down": { "texture": "#material", "uv": [ 0.0, 0.0, 1.0, 1.0 ], "enabled": false }
									}
								},
								{
									"name": "crystal 4",
									"from": [ 0.5, 0.5, 0.6 ], 
									"to": [ 1.5, 4.0, 1.6 ], 
									"renderPass": 3,
									"rotationOrigin": [ 1.0, 0.5, 1.1 ],
									"rotationX": -41.0,
									"rotationZ": -30.0,
									"faces": {
										"north": { "texture": "#material", "uv": [ 4.5, 2.0, 5.5, 5.5 ] },
										"east": { "texture": "#material", "uv": [ 3.0, 2.0, 4.0, 5.5 ] },
										"south": { "texture": "#material", "uv": [ 2.0, 2.5, 3.0, 6.0 ] },
										"west": { "texture": "#material", "uv": [ 2.0, 2.0, 3.0, 5.5 ] },
										"up": { "texture": "#material", "uv": [ 5.0, 2.0, 6.0, 3.0 ] },
										"down": { "texture": "#material", "uv": [ 0.0, 0.0, 1.0, 1.0 ], "enabled": false }
									}
								},
								{
									"name": "crystal 7",
									"from": [ 0.1, 0.5, 0.8 ], 
									"to": [ 1.6, 4.0, 2.3 ], 
									"renderPass": 3,
									"rotationOrigin": [ 0.8, 0.5, 1.5 ],
									"rotationX": 8.0,
									"rotationY": 14.0,
									"rotationZ": 30.0,
									"faces": {
										"north": { "texture": "#material", "uv": [ 3.0, 2.5, 4.5, 6.0 ] },
										"east": { "texture": "#material", "uv": [ 3.5, 2.5, 5.0, 6.0 ] },
										"south": { "texture": "#material", "uv": [ 4.0, 2.0, 5.5, 5.5 ] },
										"west": { "texture": "#material", "uv": [ 3.0, 2.5, 4.5, 6.0 ] },
										"up": { "texture": "#material", "uv": [ 6.5, 1.0, 8.0, 2.5 ] },
										"down": { "texture": "#material", "uv": [ 0.0, 0.0, 1.5, 1.5 ], "enabled": false }
									}
								},
								{
									"name": "crystal 8",
									"from": [ 1.5, 0.7, 1.2 ], 
									"to": [ 2.0, 3.7, 1.7 ], 
									"renderPass": 3,
									"rotationOrigin": [ 1.7, 0.7, 1.4 ],
									"rotationX": 25.0,
									"rotationZ": -41.0,
									"faces": {
										"north": { "texture": "#material", "uv": [ 10.5, 1.0, 11.0, 4.0 ] },
										"east": { "texture": "#material", "uv": [ 12.0, 1.0, 12.5, 4.0 ] },
										"south": { "texture": "#material", "uv": [ 10.5, 0.5, 11.0, 3.5 ] },
										"west": { "texture": "#material", "uv": [ 12.0, 0.5, 12.5, 3.5 ] },
										"up": { "texture": "#material", "uv": [ 9.0, 1.5, 9.5, 2.0 ] },
										"down": { "texture": "#material", "uv": [ 0.0, 0.0, 0.5, 0.5 ], "enabled": false }
									}
								},
								{
									"name": "crystal 9",
									"from": [ 0.0, 0.4, 0.0 ], 
									"to": [ 0.5, 1.9, 0.5 ], 
									"renderPass": 3,
									"rotationOrigin": [ 0.2, 0.4, 0.2 ],
									"rotationY": -25.0,
									"rotationZ": 47.0,
									"faces": {
										"north": { "texture": "#material", "uv": [ 4.5, 3.5, 5.0, 5.0 ] },
										"east": { "texture": "#material", "uv": [ 2.0, 3.5, 2.5, 5.0 ] },
										"south": { "texture": "#material", "uv": [ 3.5, 3.0, 4.0, 4.5 ] },
										"west": { "texture": "#material", "uv": [ 3.5, 3.5, 4.0, 5.0 ] },
										"up": { "texture": "#material", "uv": [ 7.0, 3.5, 7.5, 4.0 ] },
										"down": { "texture": "#material", "uv": [ 0.0, 0.0, 0.5, 0.5 ], "enabled": false }
									}
								},
								{
									"name": "crystal 10",
									"from": [ 1.3, 0.7, 2.3 ], 
									"to": [ 1.8, 2.7, 2.8 ], 
									"renderPass": 3,
									"rotationOrigin": [ 1.5, 0.7, 2.5 ],
									"rotationX": 60.0,
									"rotationZ": -38.0,
									"faces": {
										"north": { "texture": "#material", "uv": [ 10.5, 1.0, 11.0, 3.0 ] },
										"east": { "texture": "#material", "uv": [ 12.0, 1.0, 12.5, 3.0 ] },
										"south": { "texture": "#material", "uv": [ 10.5, 0.5, 11.0, 2.5 ] },
										"west": { "texture": "#material", "uv": [ 12.0, 0.5, 12.5, 2.5 ] },
										"up": { "texture": "#material", "uv": [ 9.0, 1.5, 9.5, 2.0 ] },
										"down": { "texture": "#material", "uv": [ 0.0, 0.0, 0.5, 0.5 ], "enabled": false }
									}
								}
							]
						}
					]
				}
			]
		},
		{
			"name": "origin",
			"from": [ 24.0, 0.0, 8.0 ], 
			"to": [ 24.0, 0.0, 8.0 ], 
			"rotationOrigin": [ 24.0, 0.0, 8.0 ],
			"rotationY": -180.0,
			"faces": {
				"north": { "texture": "#null", "uv": [ 0.0, 0.0, 0.5, 0.5 ], "enabled": false },
				"east": { "texture": "#null", "uv": [ 0.0, 0.0, 0.5, 0.5 ] },
				"south": { "texture": "#null", "uv": [ 0.0, 0.0, 0.5, 0.5 ] },
				"west": { "texture": "#null", "uv": [ 0.0, 0.0, 0.5, 0.5 ] },
				"up": { "texture": "#null", "uv": [ 0.0, 0.0, 0.5, 0.5 ] },
				"down": { "texture": "#null", "uv": [ 0.0, 0.0, 0.5, 0.5 ] }
			},
			"children": [
				{
					"name": "origin",
					"from": [ 3.0, -0.5, -2.0 ], 
					"to": [ 3.0, -0.5, -2.0 ], 
					"rotationOrigin": [ 3.0, -0.5, -2.0 ],
					"rotationX": 1.0,
					"rotationY": 67.5,
					"rotationZ": -7.0,
					"faces": {
						"north": { "texture": "#material", "uv": [ 6.5, 12.0, 7.0, 12.5 ], "enabled": false },
						"east": { "texture": "#material", "uv": [ 4.5, 11.0, 5.0, 11.5 ], "enabled": false },
						"south": { "texture": "#material", "uv": [ 5.5, 14.5, 6.0, 15.0 ], "enabled": false },
						"west": { "texture": "#material", "uv": [ 6.0, 13.0, 6.5, 13.5 ], "enabled": false },
						"up": { "texture": "#material", "uv": [ 11.0, 12.0, 11.5, 12.5 ], "enabled": false },
						"down": { "texture": "#material", "uv": [ 3.0, 14.0, 3.5, 14.5 ], "enabled": false }
					},
					"children": [
						{
							"name": "base",
							"from": [ -1.0, 0.0, -1.0 ], 
							"to": [ 1.0, 1.0, 1.0 ], 
							"renderPass": 3,
							"faces": {
								"north": { "texture": "#material", "uv": [ 12.0, 8.5, 14.0, 9.5 ] },
								"east": { "texture": "#material", "uv": [ 2.0, 6.5, 4.0, 7.5 ] },
								"south": { "texture": "#material", "uv": [ 12.0, 9.0, 14.0, 10.0 ] },
								"west": { "texture": "#material", "uv": [ 12.0, 8.5, 14.0, 9.5 ] },
								"up": { "texture": "#material", "uv": [ 10.0, 11.0, 12.0, 13.0 ] },
								"down": { "texture": "#material", "uv": [ 4.5, 14.0, 6.5, 16.0 ], "enabled": false }
							},
							"children": [
								{
									"name": "crystal 1",
									"from": [ 0.5, 1.0, 0.5 ], 
									"to": [ 1.5, 6.0, 1.5 ], 
									"renderPass": 3,
									"rotationOrigin": [ 1.0, 1.0, 1.0 ],
									"faces": {
										"north": { "texture": "#material", "uv": [ 2.0, 1.0, 3.0, 6.0 ] },
										"east": { "texture": "#material", "uv": [ 9.0, 1.0, 10.0, 6.0 ] },
										"south": { "texture": "#material", "uv": [ 14.0, 1.0, 15.0, 6.0 ] },
										"west": { "texture": "#material", "uv": [ 8.5, 1.0, 9.5, 6.0 ] },
										"up": { "texture": "#material", "uv": [ 6.0, 1.0, 7.0, 2.0 ] },
										"down": { "texture": "#material", "uv": [ 0.0, 0.0, 1.0, 1.0 ], "enabled": false }
									}
								},
								{
									"name": "crystal 2",
									"from": [ 0.5, 0.5, 1.0 ], 
									"to": [ 1.5, 4.5, 2.0 ], 
									"renderPass": 3,
									"rotationOrigin": [ 1.0, 0.5, 1.5 ],
									"rotationX": 20.0,
									"rotationY": -1.0,
									"faces": {
										"north": { "texture": "#material", "uv": [ 9.5, 0.5, 10.5, 4.5 ] },
										"east": { "texture": "#material", "uv": [ 12.0, 1.0, 13.0, 5.0 ] },
										"south": { "texture": "#material", "uv": [ 10.5, 0.5, 11.5, 4.5 ] },
										"west": { "texture": "#material", "uv": [ 10.5, 0.0, 11.5, 4.0 ] },
										"up": { "texture": "#material", "uv": [ 9.0, 1.0, 10.0, 2.0 ] },
										"down": { "texture": "#material", "uv": [ 0.0, 0.0, 1.0, 1.0 ], "enabled": false }
									}
								},
								{
									"name": "crystal 3",
									"from": [ 0.3, 0.5, 0.3 ], 
									"to": [ 1.3, 5.5, 1.3 ], 
									"renderPass": 3,
									"rotationOrigin": [ 0.8, 0.5, 0.8 ],
									"rotationX": -30.0,
									"rotationY": 30.0,
									"rotationZ": 15.0,
									"faces": {
										"north": { "texture": "#material", "uv": [ 9.5, 1.0, 10.5, 6.0 ] },
										"east": { "texture": "#material", "uv": [ 11.5, 0.5, 12.5, 5.5 ] },
										"south": { "texture": "#material", "uv": [ 12.0, 0.5, 13.0, 5.5 ] },
										"west": { "texture": "#material", "uv": [ 8.5, 0.0, 9.5, 5.0 ] },
										"up": { "texture": "#material", "uv": [ 13.5, 0.5, 14.5, 1.5 ] },
										"down": { "texture": "#material", "uv": [ 0.0, 0.0, 1.0, 1.0 ], "enabled": false }
									}
								},
								{
									"name": "crystal 4",
									"from": [ 1.0, 0.4, 0.0 ], 
									"to": [ 2.0, 4.4, 1.0 ], 
									"renderPass": 3,
									"rotationOrigin": [ 1.5, 0.4, 0.5 ],
									"rotationX": -15.0,
									"rotationZ": -30.0,
									"faces": {
										"north": { "texture": "#material", "uv": [ 4.5, 2.0, 5.5, 6.0 ] },
										"east": { "texture": "#material", "uv": [ 3.0, 2.0, 4.0, 6.0 ] },
										"south": { "texture": "#material", "uv": [ 2.0, 2.5, 3.0, 6.5 ] },
										"west": { "texture": "#material", "uv": [ 2.0, 2.0, 3.0, 6.0 ] },
										"up": { "texture": "#material", "uv": [ 5.0, 2.0, 6.0, 3.0 ] },
										"down": { "texture": "#material", "uv": [ 0.0, 0.0, 1.0, 1.0 ], "enabled": false }
									}
								},
								{
									"name": "crystal 7",
									"from": [ -0.1, 0.5, 0.4 ], 
									"to": [ 1.4, 4.5, 1.9 ], 
									"renderPass": 3,
									"rotationOrigin": [ 0.6, 0.5, 1.1 ],
									"rotationX": 8.0,
									"rotationY": 14.0,
									"rotationZ": 30.0,
									"faces": {
										"north": { "texture": "#material", "uv": [ 3.0, 2.5, 4.5, 6.5 ] },
										"east": { "texture": "#material", "uv": [ 3.5, 2.5, 5.0, 6.5 ] },
										"south": { "texture": "#material", "uv": [ 4.0, 2.0, 5.5, 6.0 ] },
										"west": { "texture": "#material", "uv": [ 3.0, 2.5, 4.5, 6.5 ] },
										"up": { "texture": "#material", "uv": [ 6.5, 1.0, 8.0, 2.5 ] },
										"down": { "texture": "#material", "uv": [ 0.0, 0.0, 1.5, 1.5 ], "enabled": false }
									}
								},
								{
									"name": "crystal 8",
									"from": [ 1.5, 0.7, 1.2 ], 
									"to": [ 2.0, 3.2, 1.7 ], 
									"renderPass": 3,
									"rotationOrigin": [ 1.7, 0.7, 1.4 ],
									"rotationX": 25.0,
									"rotationZ": -41.0,
									"faces": {
										"north": { "texture": "#material", "uv": [ 10.5, 1.0, 11.0, 3.5 ] },
										"east": { "texture": "#material", "uv": [ 12.0, 1.0, 12.5, 3.5 ] },
										"south": { "texture": "#material", "uv": [ 10.5, 0.5, 11.0, 3.0 ] },
										"west": { "texture": "#material", "uv": [ 12.0, 0.5, 12.5, 3.0 ] },
										"up": { "texture": "#material", "uv": [ 9.0, 1.5, 9.5, 2.0 ] },
										"down": { "texture": "#material", "uv": [ 0.0, 0.0, 0.5, 0.5 ], "enabled": false }
									}
								},
								{
									"name": "crystal 9",
									"from": [ 0.0, 0.4, 0.0 ], 
									"to": [ 0.5, 2.4, 0.5 ], 
									"renderPass": 3,
									"rotationOrigin": [ 0.2, 0.4, 0.2 ],
									"rotationY": -25.0,
									"rotationZ": 47.0,
									"faces": {
										"north": { "texture": "#material", "uv": [ 4.5, 3.5, 5.0, 5.5 ] },
										"east": { "texture": "#material", "uv": [ 2.0, 3.5, 2.5, 5.5 ] },
										"south": { "texture": "#material", "uv": [ 3.5, 3.0, 4.0, 5.0 ] },
										"west": { "texture": "#material", "uv": [ 3.5, 3.5, 4.0, 5.5 ] },
										"up": { "texture": "#material", "uv": [ 7.0, 3.5, 7.5, 4.0 ] },
										"down": { "texture": "#material", "uv": [ 0.0, 0.0, 0.5, 0.5 ], "enabled": false }
									}
								}
							]
						}
					]
				},
				{
					"name": "origin",
					"from": [ -3.5, -0.4, -2.0 ], 
					"to": [ -3.5, -0.4, -2.0 ], 
					"rotationOrigin": [ -3.5, -0.4, -2.0 ],
					"rotationY": -45.0,
					"rotationZ": 16.0,
					"faces": {
						"north": { "texture": "#material", "uv": [ 6.5, 12.0, 7.0, 12.5 ], "enabled": false },
						"east": { "texture": "#material", "uv": [ 4.5, 11.0, 5.0, 11.5 ], "enabled": false },
						"south": { "texture": "#material", "uv": [ 5.5, 14.5, 6.0, 15.0 ], "enabled": false },
						"west": { "texture": "#material", "uv": [ 6.0, 13.0, 6.5, 13.5 ], "enabled": false },
						"up": { "texture": "#material", "uv": [ 11.0, 12.0, 11.5, 12.5 ], "enabled": false },
						"down": { "texture": "#material", "uv": [ 3.0, 14.0, 3.5, 14.5 ], "enabled": false }
					},
					"children": [
						{
							"name": "base",
							"from": [ -1.0, 0.0, -1.0 ], 
							"to": [ 1.0, 1.0, 2.0 ], 
							"renderPass": 3,
							"faces": {
								"north": { "texture": "#material", "uv": [ 12.0, 8.5, 14.0, 9.5 ] },
								"east": { "texture": "#material", "uv": [ 2.0, 6.5, 5.0, 7.5 ] },
								"south": { "texture": "#material", "uv": [ 12.0, 9.0, 14.0, 10.0 ] },
								"west": { "texture": "#material", "uv": [ 12.0, 8.5, 15.0, 9.5 ] },
								"up": { "texture": "#material", "uv": [ 10.0, 11.0, 12.0, 14.0 ] },
								"down": { "texture": "#material", "uv": [ 11.0, 9.5, 13.0, 12.5 ], "enabled": false }
							},
							"children": [
								{
									"name": "crystal 1",
									"from": [ 0.5, 0.5, 1.9 ], 
									"to": [ 1.5, 5.5, 2.9 ], 
									"renderPass": 3,
									"rotationOrigin": [ 1.0, 0.5, 2.4 ],
									"rotationX": 35.0,
									"faces": {
										"north": { "texture": "#material", "uv": [ 2.0, 1.5, 3.0, 6.5 ] },
										"east": { "texture": "#material", "uv": [ 9.0, 1.0, 10.0, 6.0 ] },
										"south": { "texture": "#material", "uv": [ 14.0, 1.0, 15.0, 6.0 ] },
										"west": { "texture": "#material", "uv": [ 8.5, 1.0, 9.5, 6.0 ] },
										"up": { "texture": "#material", "uv": [ 6.0, 1.0, 7.0, 2.0 ] },
										"down": { "texture": "#material", "uv": [ 0.0, 0.0, 1.0, 1.0 ], "enabled": false }
									}
								},
								{
									"name": "crystal 2",
									"from": [ 0.6, 0.5, 1.2 ], 
									"to": [ 1.6, 4.5, 2.2 ], 
									"renderPass": 3,
									"rotationOrigin": [ 1.1, 0.5, 1.7 ],
									"rotationX": 20.0,
									"rotationY": -1.0,
									"rotationZ": -15.0,
									"faces": {
										"north": { "texture": "#material", "uv": [ 9.5, 0.5, 10.5, 4.5 ] },
										"east": { "texture": "#material", "uv": [ 12.0, 1.0, 13.0, 5.0 ] },
										"south": { "texture": "#material", "uv": [ 10.5, 0.5, 11.5, 4.5 ] },
										"west": { "texture": "#material", "uv": [ 10.5, 0.0, 11.5, 4.0 ] },
										"up": { "texture": "#material", "uv": [ 9.0, 1.0, 10.0, 2.0 ] },
										"down": { "texture": "#material", "uv": [ 0.0, 0.0, 1.0, 1.0 ], "enabled": false }
									}
								},
								{
									"name": "crystal 3",
									"from": [ 0.3, 0.5, 0.3 ], 
									"to": [ 1.3, 6.0, 1.3 ], 
									"renderPass": 3,
									"rotationOrigin": [ 0.8, 0.5, 0.8 ],
									"rotationX": -30.0,
									"rotationY": 30.0,
									"rotationZ": 15.0,
									"faces": {
										"north": { "texture": "#material", "uv": [ 9.5, 1.0, 10.5, 6.5 ] },
										"east": { "texture": "#material", "uv": [ 11.5, 0.5, 12.5, 6.0 ] },
										"south": { "texture": "#material", "uv": [ 12.0, 0.5, 13.0, 6.0 ] },
										"west": { "texture": "#material", "uv": [ 8.5, 0.0, 9.5, 5.5 ] },
										"up": { "texture": "#material", "uv": [ 13.5, 0.5, 14.5, 1.5 ] },
										"down": { "texture": "#material", "uv": [ 0.0, 0.0, 1.0, 1.0 ], "enabled": false }
									}
								},
								{
									"name": "crystal 4",
									"from": [ 0.5, 0.5, 0.6 ], 
									"to": [ 1.5, 4.0, 1.6 ], 
									"renderPass": 3,
									"rotationOrigin": [ 1.0, 0.5, 1.1 ],
									"rotationX": -41.0,
									"rotationZ": -30.0,
									"faces": {
										"north": { "texture": "#material", "uv": [ 4.5, 2.0, 5.5, 5.5 ] },
										"east": { "texture": "#material", "uv": [ 3.0, 2.0, 4.0, 5.5 ] },
										"south": { "texture": "#material", "uv": [ 2.0, 2.5, 3.0, 6.0 ] },
										"west": { "texture": "#material", "uv": [ 2.0, 2.0, 3.0, 5.5 ] },
										"up": { "texture": "#material", "uv": [ 5.0, 2.0, 6.0, 3.0 ] },
										"down": { "texture": "#material", "uv": [ 0.0, 0.0, 1.0, 1.0 ], "enabled": false }
									}
								},
								{
									"name": "crystal 7",
									"from": [ 0.1, 0.5, 0.8 ], 
									"to": [ 1.6, 4.0, 2.3 ], 
									"renderPass": 3,
									"rotationOrigin": [ 0.8, 0.5, 1.5 ],
									"rotationX": 8.0,
									"rotationY": 14.0,
									"rotationZ": 30.0,
									"faces": {
										"north": { "texture": "#material", "uv": [ 3.0, 2.5, 4.5, 6.0 ] },
										"east": { "texture": "#material", "uv": [ 3.5, 2.5, 5.0, 6.0 ] },
										"south": { "texture": "#material", "uv": [ 4.0, 2.0, 5.5, 5.5 ] },
										"west": { "texture": "#material", "uv": [ 3.0, 2.5, 4.5, 6.0 ] },
										"up": { "texture": "#material", "uv": [ 6.5, 1.0, 8.0, 2.5 ] },
										"down": { "texture": "#material", "uv": [ 0.0, 0.0, 1.5, 1.5 ], "enabled": false }
									}
								},
								{
									"name": "crystal 8",
									"from": [ 1.5, 0.7, 1.2 ], 
									"to": [ 2.0, 3.7, 1.7 ], 
									"renderPass": 3,
									"rotationOrigin": [ 1.7, 0.7, 1.4 ],
									"rotationX": 25.0,
									"rotationZ": -41.0,
									"faces": {
										"north": { "texture": "#material", "uv": [ 10.5, 1.0, 11.0, 4.0 ] },
										"east": { "texture": "#material", "uv": [ 12.0, 1.0, 12.5, 4.0 ] },
										"south": { "texture": "#material", "uv": [ 10.5, 0.5, 11.0, 3.5 ] },
										"west": { "texture": "#material", "uv": [ 12.0, 0.5, 12.5, 3.5 ] },
										"up": { "texture": "#material", "uv": [ 9.0, 1.5, 9.5, 2.0 ] },
										"down": { "texture": "#material", "uv": [ 0.0, 0.0, 0.5, 0.5 ], "enabled": false }
									}
								},
								{
									"name": "crystal 9",
									"from": [ 0.0, 0.4, 0.0 ], 
									"to": [ 0.5, 1.9, 0.5 ], 
									"renderPass": 3,
									"rotationOrigin": [ 0.2, 0.4, 0.2 ],
									"rotationY": -25.0,
									"rotationZ": 47.0,
									"faces": {
										"north": { "texture": "#material", "uv": [ 4.5, 3.5, 5.0, 5.0 ] },
										"east": { "texture": "#material", "uv": [ 2.0, 3.5, 2.5, 5.0 ] },
										"south": { "texture": "#material", "uv": [ 3.5, 3.0, 4.0, 4.5 ] },
										"west": { "texture": "#material", "uv": [ 3.5, 3.5, 4.0, 5.0 ] },
										"up": { "texture": "#material", "uv": [ 7.0, 3.5, 7.5, 4.0 ] },
										"down": { "texture": "#material", "uv": [ 0.0, 0.0, 0.5, 0.5 ], "enabled": false }
									}
								},
								{
									"name": "crystal 10",
									"from": [ 1.3, 0.7, 2.3 ], 
									"to": [ 1.8, 2.7, 2.8 ], 
									"renderPass": 3,
									"rotationOrigin": [ 1.5, 0.7, 2.5 ],
									"rotationX": 60.0,
									"rotationZ": -38.0,
									"faces": {
										"north": { "texture": "#material", "uv": [ 10.5, 1.0, 11.0, 3.0 ] },
										"east": { "texture": "#material", "uv": [ 12.0, 1.0, 12.5, 3.0 ] },
										"south": { "texture": "#material", "uv": [ 10.5, 0.5, 11.0, 2.5 ] },
										"west": { "texture": "#material", "uv": [ 12.0, 0.5, 12.5, 2.5 ] },
										"up": { "texture": "#material", "uv": [ 9.0, 1.5, 9.5, 2.0 ] },
										"down": { "texture": "#material", "uv": [ 0.0, 0.0, 0.5, 0.5 ], "enabled": false }
									}
								}
							]
						}
					]
				},
				{
					"name": "origin",
					"from": [ -2.0, -1.1, 2.0 ], 
					"to": [ -2.0, -1.1, 2.0 ], 
					"rotationOrigin": [ -2.0, -0.5, 2.0 ],
					"rotationX": 10.0,
					"rotationY": 22.5,
					"faces": {
						"north": { "texture": "#material", "uv": [ 6.5, 12.0, 7.0, 12.5 ], "enabled": false },
						"east": { "texture": "#material", "uv": [ 4.5, 11.0, 5.0, 11.5 ], "enabled": false },
						"south": { "texture": "#material", "uv": [ 5.5, 14.5, 6.0, 15.0 ], "enabled": false },
						"west": { "texture": "#material", "uv": [ 6.0, 13.0, 6.5, 13.5 ], "enabled": false },
						"up": { "texture": "#material", "uv": [ 11.0, 12.0, 11.5, 12.5 ], "enabled": false },
						"down": { "texture": "#material", "uv": [ 3.0, 14.0, 3.5, 14.5 ], "enabled": false }
					},
					"children": [
						{
							"name": "base",
							"from": [ -1.0, 0.0, -1.0 ], 
							"to": [ 1.0, 1.0, 1.0 ], 
							"renderPass": 3,
							"faces": {
								"north": { "texture": "#material", "uv": [ 12.0, 8.5, 14.0, 9.5 ] },
								"east": { "texture": "#material", "uv": [ 2.0, 6.5, 4.0, 7.5 ] },
								"south": { "texture": "#material", "uv": [ 12.0, 9.0, 14.0, 10.0 ] },
								"west": { "texture": "#material", "uv": [ 12.0, 8.5, 14.0, 9.5 ] },
								"up": { "texture": "#material", "uv": [ 10.0, 11.0, 12.0, 13.0 ] },
								"down": { "texture": "#material", "uv": [ 4.5, 14.0, 6.5, 16.0 ], "enabled": false }
							},
							"children": [
								{
									"name": "crystal 1",
									"from": [ 0.5, 0.7, 0.0 ], 
									"to": [ 1.0, 4.2, 0.5 ], 
									"renderPass": 3,
									"rotationOrigin": [ 0.7, 0.7, 0.2 ],
									"rotationX": -37.0,
									"faces": {
										"north": { "texture": "#material", "uv": [ 2.0, 1.0, 2.5, 4.5 ] },
										"east": { "texture": "#material", "uv": [ 9.0, 1.0, 9.5, 4.5 ] },
										"south": { "texture": "#material", "uv": [ 14.0, 1.0, 14.5, 4.5 ] },
										"west": { "texture": "#material", "uv": [ 8.5, 1.0, 9.0, 4.5 ] },
										"up": { "texture": "#material", "uv": [ 6.0, 1.0, 6.5, 1.5 ] },
										"down": { "texture": "#material", "uv": [ 0.0, 0.0, 0.5, 0.5 ], "enabled": false }
									}
								},
								{
									"name": "crystal 2",
									"from": [ 0.5, 0.5, 1.0 ], 
									"to": [ 1.5, 2.5, 2.0 ], 
									"renderPass": 3,
									"rotationOrigin": [ 1.0, 0.5, 1.5 ],
									"rotationX": 54.0,
									"rotationY": -1.0,
									"faces": {
										"north": { "texture": "#material", "uv": [ 9.5, 0.5, 10.5, 2.5 ] },
										"east": { "texture": "#material", "uv": [ 12.0, 1.0, 13.0, 3.0 ] },
										"south": { "texture": "#material", "uv": [ 10.5, 0.5, 11.5, 2.5 ] },
										"west": { "texture": "#material", "uv": [ 10.5, 0.0, 11.5, 2.0 ] },
										"up": { "texture": "#material", "uv": [ 9.0, 1.0, 10.0, 2.0 ] },
										"down": { "texture": "#material", "uv": [ 0.0, 0.0, 1.0, 1.0 ], "enabled": false }
									}
								},
								{
									"name": "crystal 3",
									"from": [ 0.3, 0.5, 0.6 ], 
									"to": [ 1.3, 4.5, 1.6 ], 
									"renderPass": 3,
									"rotationOrigin": [ 0.8, 0.5, 1.1 ],
									"rotationX": 15.0,
									"rotationY": 6.0,
									"rotationZ": 2.0,
									"faces": {
										"north": { "texture": "#material", "uv": [ 9.5, 1.0, 10.5, 5.0 ] },
										"east": { "texture": "#material", "uv": [ 11.5, 0.5, 12.5, 4.5 ] },
										"south": { "texture": "#material", "uv": [ 12.0, 0.5, 13.0, 4.5 ] },
										"west": { "texture": "#material", "uv": [ 8.5, 0.0, 9.5, 4.0 ] },
										"up": { "texture": "#material", "uv": [ 13.5, 0.5, 14.5, 1.5 ] },
										"down": { "texture": "#material", "uv": [ 0.0, 0.0, 1.0, 1.0 ], "enabled": false }
									}
								},
								{
									"name": "crystal 4",
									"from": [ 0.8, 0.4, 0.2 ], 
									"to": [ 1.8, 2.9, 1.2 ], 
									"renderPass": 3,
									"rotationOrigin": [ 1.3, 0.4, 0.7 ],
									"rotationX": -31.0,
									"rotationZ": -30.0,
									"faces": {
										"north": { "texture": "#material", "uv": [ 4.5, 2.0, 5.5, 4.5 ] },
										"east": { "texture": "#material", "uv": [ 3.0, 2.0, 4.0, 4.5 ] },
										"south": { "texture": "#material", "uv": [ 2.0, 2.5, 3.0, 5.0 ] },
										"west": { "texture": "#material", "uv": [ 2.0, 2.0, 3.0, 4.5 ] },
										"up": { "texture": "#material", "uv": [ 5.0, 2.0, 6.0, 3.0 ] },
										"down": { "texture": "#material", "uv": [ 0.0, 0.0, 1.0, 1.0 ], "enabled": false }
									}
								},
								{
									"name": "crystal 7",
									"from": [ 0.0, 0.5, 0.5 ], 
									"to": [ 1.0, 3.5, 1.5 ], 
									"renderPass": 3,
									"rotationOrigin": [ 0.5, 0.5, 1.0 ],
									"rotationX": 8.0,
									"rotationY": 9.5,
									"rotationZ": 45.0,
									"faces": {
										"north": { "texture": "#material", "uv": [ 3.0, 2.5, 4.0, 5.5 ] },
										"east": { "texture": "#material", "uv": [ 3.5, 2.5, 4.5, 5.5 ] },
										"south": { "texture": "#material", "uv": [ 4.0, 2.0, 5.0, 5.0 ] },
										"west": { "texture": "#material", "uv": [ 3.0, 2.5, 4.0, 5.5 ] },
										"up": { "texture": "#material", "uv": [ 6.5, 1.0, 7.5, 2.0 ] },
										"down": { "texture": "#material", "uv": [ 0.0, 0.0, 1.0, 1.0 ], "enabled": false }
									}
								},
								{
									"name": "crystal 8",
									"from": [ 1.5, 0.7, 1.2 ], 
									"to": [ 2.0, 3.2, 1.7 ], 
									"renderPass": 3,
									"rotationOrigin": [ 1.7, 0.7, 1.4 ],
									"rotationX": 25.0,
									"rotationZ": -41.0,
									"faces": {
										"north": { "texture": "#material", "uv": [ 10.5, 1.0, 11.0, 3.5 ] },
										"east": { "texture": "#material", "uv": [ 12.0, 1.0, 12.5, 3.5 ] },
										"south": { "texture": "#material", "uv": [ 10.5, 0.5, 11.0, 3.0 ] },
										"west": { "texture": "#material", "uv": [ 12.0, 0.5, 12.5, 3.0 ] },
										"up": { "texture": "#material", "uv": [ 9.0, 1.5, 9.5, 2.0 ] },
										"down": { "texture": "#material", "uv": [ 0.0, 0.0, 0.5, 0.5 ], "enabled": false }
									}
								},
								{
									"name": "crystal 9",
									"from": [ 0.0, 0.6, 0.0 ], 
									"to": [ 0.5, 2.1, 0.5 ], 
									"renderPass": 3,
									"rotationOrigin": [ 0.2, 0.6, 0.2 ],
									"rotationY": -33.0,
									"rotationZ": 55.0,
									"faces": {
										"north": { "texture": "#material", "uv": [ 4.5, 3.5, 5.0, 5.0 ] },
										"east": { "texture": "#material", "uv": [ 2.0, 3.5, 2.5, 5.0 ] },
										"south": { "texture": "#material", "uv": [ 3.5, 3.0, 4.0, 4.5 ] },
										"west": { "texture": "#material", "uv": [ 3.5, 3.5, 4.0, 5.0 ] },
										"up": { "texture": "#material", "uv": [ 7.0, 3.5, 7.5, 4.0 ] },
										"down": { "texture": "#material", "uv": [ 0.0, 0.0, 0.5, 0.5 ], "enabled": false }
									}
								}
							]
						}
					]
				},
				{
					"name": "origin",
					"from": [ -1.0, -0.8, -1.0 ], 
					"to": [ -1.0, -0.8, -1.0 ], 
					"rotationOrigin": [ -1.0, -0.8, -1.0 ],
					"rotationY": 16.0,
					"rotationZ": -16.0,
					"faces": {
						"north": { "texture": "#material", "uv": [ 6.5, 12.0, 6.5, 12.0 ], "enabled": false },
						"east": { "texture": "#material", "uv": [ 4.5, 11.0, 4.5, 11.0 ], "enabled": false },
						"south": { "texture": "#material", "uv": [ 5.5, 14.5, 5.5, 14.5 ], "enabled": false },
						"west": { "texture": "#material", "uv": [ 6.0, 13.0, 6.0, 13.0 ], "enabled": false },
						"up": { "texture": "#material", "uv": [ 11.0, 12.0, 11.0, 12.0 ], "enabled": false },
						"down": { "texture": "#material", "uv": [ 3.0, 14.0, 3.0, 14.0 ], "enabled": false }
					},
					"children": [
						{
							"name": "base",
							"from": [ -1.0, 0.0, -1.0 ], 
							"to": [ 1.0, 1.0, 2.0 ], 
							"renderPass": 3,
							"faces": {
								"north": { "texture": "#material", "uv": [ 12.0, 8.5, 14.0, 9.5 ] },
								"east": { "texture": "#material", "uv": [ 2.0, 6.5, 5.0, 7.5 ] },
								"south": { "texture": "#material", "uv": [ 12.0, 9.0, 14.0, 10.0 ] },
								"west": { "texture": "#material", "uv": [ 12.0, 8.5, 15.0, 9.5 ] },
								"up": { "texture": "#material", "uv": [ 10.0, 11.0, 12.0, 14.0 ] },
								"down": { "texture": "#material", "uv": [ 11.0, 9.5, 13.0, 12.5 ], "enabled": false }
							},
							"children": [
								{
									"name": "crystal 1",
									"from": [ 0.5, 0.5, 1.9 ], 
									"to": [ 1.5, 5.5, 2.9 ], 
									"renderPass": 3,
									"rotationOrigin": [ 1.0, 0.5, 2.4 ],
									"rotationX": 35.0,
									"faces": {
										"north": { "texture": "#material", "uv": [ 2.0, 1.5, 3.0, 6.5 ] },
										"east": { "texture": "#material", "uv": [ 9.0, 1.0, 10.0, 6.0 ] },
										"south": { "texture": "#material", "uv": [ 14.0, 1.0, 15.0, 6.0 ] },
										"west": { "texture": "#material", "uv": [ 8.5, 1.0, 9.5, 6.0 ] },
										"up": { "texture": "#material", "uv": [ 6.0, 1.0, 7.0, 2.0 ] },
										"down": { "texture": "#material", "uv": [ 0.0, 0.0, 1.0, 1.0 ], "enabled": false }
									}
								},
								{
									"name": "crystal 2",
									"from": [ 0.6, 0.5, 1.2 ], 
									"to": [ 1.6, 4.5, 2.2 ], 
									"renderPass": 3,
									"rotationOrigin": [ 1.1, 0.5, 1.7 ],
									"rotationX": 20.0,
									"rotationY": -1.0,
									"rotationZ": -15.0,
									"faces": {
										"north": { "texture": "#material", "uv": [ 9.5, 0.5, 10.5, 4.5 ] },
										"east": { "texture": "#material", "uv": [ 12.0, 1.0, 13.0, 5.0 ] },
										"south": { "texture": "#material", "uv": [ 10.5, 0.5, 11.5, 4.5 ] },
										"west": { "texture": "#material", "uv": [ 10.5, 0.0, 11.5, 4.0 ] },
										"up": { "texture": "#material", "uv": [ 9.0, 1.0, 10.0, 2.0 ] },
										"down": { "texture": "#material", "uv": [ 0.0, 0.0, 1.0, 1.0 ], "enabled": false }
									}
								},
								{
									"name": "crystal 3",
									"from": [ 0.3, 0.5, 0.3 ], 
									"to": [ 1.3, 6.0, 1.3 ], 
									"renderPass": 3,
									"rotationOrigin": [ 0.8, 0.5, 0.8 ],
									"rotationX": -30.0,
									"rotationY": 30.0,
									"rotationZ": 15.0,
									"faces": {
										"north": { "texture": "#material", "uv": [ 9.5, 1.0, 10.5, 6.5 ] },
										"east": { "texture": "#material", "uv": [ 11.5, 0.5, 12.5, 6.0 ] },
										"south": { "texture": "#material", "uv": [ 12.0, 0.5, 13.0, 6.0 ] },
										"west": { "texture": "#material", "uv": [ 8.5, 0.0, 9.5, 5.5 ] },
										"up": { "texture": "#material", "uv": [ 13.5, 0.5, 14.5, 1.5 ] },
										"down": { "texture": "#material", "uv": [ 0.0, 0.0, 1.0, 1.0 ], "enabled": false }
									}
								},
								{
									"name": "crystal 4",
									"from": [ 0.5, 0.5, 0.6 ], 
									"to": [ 1.5, 4.0, 1.6 ], 
									"renderPass": 3,
									"rotationOrigin": [ 1.0, 0.5, 1.1 ],
									"rotationX": -41.0,
									"rotationZ": -30.0,
									"faces": {
										"north": { "texture": "#material", "uv": [ 4.5, 2.0, 5.5, 5.5 ] },
										"east": { "texture": "#material", "uv": [ 3.0, 2.0, 4.0, 5.5 ] },
										"south": { "texture": "#material", "uv": [ 2.0, 2.5, 3.0, 6.0 ] },
										"west": { "texture": "#material", "uv": [ 2.0, 2.0, 3.0, 5.5 ] },
										"up": { "texture": "#material", "uv": [ 5.0, 2.0, 6.0, 3.0 ] },
										"down": { "texture": "#material", "uv": [ 0.0, 0.0, 1.0, 1.0 ], "enabled": false }
									}
								},
								{
									"name": "crystal 7",
									"from": [ 0.1, 0.5, 0.8 ], 
									"to": [ 1.6, 4.0, 2.3 ], 
									"renderPass": 3,
									"rotationOrigin": [ 0.8, 0.5, 1.5 ],
									"rotationX": 8.0,
									"rotationY": 14.0,
									"rotationZ": 30.0,
									"faces": {
										"north": { "texture": "#material", "uv": [ 3.0, 2.5, 4.5, 6.0 ] },
										"east": { "texture": "#material", "uv": [ 3.5, 2.5, 5.0, 6.0 ] },
										"south": { "texture": "#material", "uv": [ 4.0, 2.0, 5.5, 5.5 ] },
										"west": { "texture": "#material", "uv": [ 3.0, 2.5, 4.5, 6.0 ] },
										"up": { "texture": "#material", "uv": [ 6.5, 1.0, 8.0, 2.5 ] },
										"down": { "texture": "#material", "uv": [ 0.0, 0.0, 1.5, 1.5 ], "enabled": false }
									}
								},
								{
									"name": "crystal 8",
									"from": [ 1.5, 0.7, 1.2 ], 
									"to": [ 2.0, 3.7, 1.7 ], 
									"renderPass": 3,
									"rotationOrigin": [ 1.7, 0.7, 1.4 ],
									"rotationX": 25.0,
									"rotationZ": -41.0,
									"faces": {
										"north": { "texture": "#material", "uv": [ 10.5, 1.0, 11.0, 4.0 ] },
										"east": { "texture": "#material", "uv": [ 12.0, 1.0, 12.5, 4.0 ] },
										"south": { "texture": "#material", "uv": [ 10.5, 0.5, 11.0, 3.5 ] },
										"west": { "texture": "#material", "uv": [ 12.0, 0.5, 12.5, 3.5 ] },
										"up": { "texture": "#material", "uv": [ 9.0, 1.5, 9.5, 2.0 ] },
										"down": { "texture": "#material", "uv": [ 0.0, 0.0, 0.5, 0.5 ], "enabled": false }
									}
								},
								{
									"name": "crystal 9",
									"from": [ 0.0, 0.4, 0.0 ], 
									"to": [ 0.5, 1.9, 0.5 ], 
									"renderPass": 3,
									"rotationOrigin": [ 0.2, 0.4, 0.2 ],
									"rotationY": -25.0,
									"rotationZ": 47.0,
									"faces": {
										"north": { "texture": "#material", "uv": [ 4.5, 3.5, 5.0, 5.0 ] },
										"east": { "texture": "#material", "uv": [ 2.0, 3.5, 2.5, 5.0 ] },
										"south": { "texture": "#material", "uv": [ 3.5, 3.0, 4.0, 4.5 ] },
										"west": { "texture": "#material", "uv": [ 3.5, 3.5, 4.0, 5.0 ] },
										"up": { "texture": "#material", "uv": [ 7.0, 3.5, 7.5, 4.0 ] },
										"down": { "texture": "#material", "uv": [ 0.0, 0.0, 0.5, 0.5 ], "enabled": false }
									}
								},
								{
									"name": "crystal 10",
									"from": [ 1.3, 0.7, 2.3 ], 
									"to": [ 1.8, 2.7, 2.8 ], 
									"renderPass": 3,
									"rotationOrigin": [ 1.5, 0.7, 2.5 ],
									"rotationX": 60.0,
									"rotationZ": -38.0,
									"faces": {
										"north": { "texture": "#material", "uv": [ 10.5, 1.0, 11.0, 3.0 ] },
										"east": { "texture": "#material", "uv": [ 12.0, 1.0, 12.5, 3.0 ] },
										"south": { "texture": "#material", "uv": [ 10.5, 0.5, 11.0, 2.5 ] },
										"west": { "texture": "#material", "uv": [ 12.0, 0.5, 12.5, 2.5 ] },
										"up": { "texture": "#material", "uv": [ 9.0, 1.5, 9.5, 2.0 ] },
										"down": { "texture": "#material", "uv": [ 0.0, 0.0, 0.5, 0.5 ], "enabled": false }
									}
								}
							]
						}
					]
				}
			]
		}
	]}