﻿{
    "code": "spearheadbayonet",
    "variantgroups": [
	    { "code": "material", "states": ["granite","flint"] }
    ],
	"shapeByType": {
		"spearheadbayonet-granite": { "base": "game:item/tool/spear/stone" },
		"spearheadbayonet-flint": { "base": "game:item/tool/spear/stone" },

	},
    	"texturesByType": {
		"spearheadbayonet-granite": {
			"material": { "base": "game:block/stone/rock/{material}1" },
			"string": { "base": "game:block/transparent" },
			"handle": { "base": "game:block/transparent" }
		},
		"spearheadbayonet-flint": {
			"material": { "base": "game:block/stone/{material}" },
			"string": { "base": "game:block/transparent" },
			"handle": { "base": "game:block/transparent" }
		},
		"*": {
			"material": { "base": "game:block/metal/ingot/{material}" },
			"string": { "base": "game:block/transparent" },
			"handle": { "base": "game:block/transparent" }
		}
	},
    "class": "ItemKnife",
    "tool": "knife",
    "damagedby": ["blockbreaking"],
    "miningspeedByType": {"*": {"plant": 2.4}},
    "durabilityByType": {"*": 2250},
    "storageFlags": 257,

    "attributes": {
	"onTongTransform": {
	"translation": { "x": -0.85, "y": -1.36, "z": -0.42 },
	"rotation": { "x": -67, "y": -6, "z": -174 }
	},
    "groundStorageTransform": {"translation": {"x": 0.3, "y": 0.04, "z": 0.4}, "rotation": {"x": 1, "y": -110, "z": 169}, "origin": {"x": 0, "y": 0, "z": 0}},
    "knifeHitBlockAnimation": "knifecut",
    "knifeHitEntityAnimation": "knifestab",
    "musketRenderVariantByType": {"*-granite": 2, "*-flint": 3}
    },
    "behaviors": [
    {
        "name": "GroundStorable",
        "properties": {"layout": "Quadrants", "placeRemoveSound": "sounds/player/build", "collisionBox": {"x1": 0, "y1": 0, "z1": 0, "x2": 1, "y2": 0.1, "z2": 1}}
    }
    ],
    "creativeinventory": {"general": ["*"],"extrafirearms":["*"]},
	"guiTransformByType": {
		"@*-(copper|tinbronze|bismuthbronze|blackbronze)": {
			"translation": { "x": 0, "y": 0, "z": 0 },
			"rotation": { "x": 43, "y": 28, "z": -59 },
			"origin": { "x": 0.45, "y": 0.02, "z": 0.5 },
			"scale": 3.51
		},
		"*": {
			"translation": { "x": 0, "y": 0, "z": 0 },
			"rotation": { "x": -20, "y": -130, "z": -170 },
			"origin": { "x": 1.37, "y": 0.07, "z": 0.51 },
			"scale": 4.1
		}
	},
	"fpHandTransformByType": {
		"@*-(copper|tinbronze|bismuthbronze|blackbronze)": {
			"translation": { "x": 0, "y": 0, "z": 0 },
			"rotation": { "x": -23, "y": 127, "z": 81 },
			"origin": { "x": 0.5, "y": 0.06, "z": 0.51 },
			"scale": 2.5
		}, 
		"*": {
			"translation": { "x": -0.5, "y": 0, "z": 0 },
			"rotation": { "x": -23, "y": 30, "z": 79 },
			"origin": { "x": 1.28, "y": 0, "z": 0.52 },
			"scale": 2.5
		}
	},
	"tpHandTransformByType": {
		"@*-(copper|tinbronze|bismuthbronze|blackbronze)": {
			"translation": { "x": -0.8, "y": -0.1, "z": -0.6 },
			"rotation": { "x": -19, "y": -22, "z": -22 },
			"origin": { "x": 0.5, "y": 0, "z": 0.5 },
			"scale": 0.82
		},
		"*": {
			"translation": { "x": -1.5, "y": 0, "z": -0.6 },
			"rotation": { "x": -51, "y": -22, "z": -22 },
			"origin": { "x": 1.25, "y": 0, "z": 0.5 },
			"scale": 0.82
		}
	},
	"groundTransformByType": {
		"@*-(copper|tinbronze|bismuthbronze|blackbronze)": {
			"translation": { "x": 0, "y": 0, "z": 0 },
			"rotation": { "x": 90, "y": -5, "z": 0 },
			"origin": { "x": 0.5, "y": 0.05, "z": 0.52 },
			"scale": 4.63
		},
		"*": {
			"translation": { "x": 0, "y": 0, "z": 0 },
			"rotation": { "x": 135, "y": 0, "z": 0 },
			"origin": { "x": 1.3, "y": 0.05, "z": 0.53 },
			"scale": 3.56
		}
	}

}