{
    "game:blade-arming-ruined": { "translation": { "x": -0.52, "y": 1.23, "z": 0.29 }, "rotation": { "x": 5, "y": -180, "z": -90 } },
    "game:blade-blackguard-*": { "translation": { "x": 0, "y": 0, "z": 0.55 }, "rotation": { "x": 13, "y": 90, "z": 90 }, "scaleXyz": { "x": -1, "y": 1, "z": 1 } },
    "game:blade-falx-*": { "translation": { "x": 0.425, "y": 0.1, "z": 0.1 }, "rotation": { "x": 13, "y": 0, "z": -90 } },
    "game:blade-forlorn-*": { "translation": { "x": 0.5, "y": 0.7, "z": 0.275 }, "rotation": { "x": 13, "y": 0, "z": -90 } },
    "game:blade-longsword-*": { "translation": { "x": 0.42, "y": 0.4, "z": 0.14 }, "rotation": { "x": 13, "y": 0, "z": -90 } },
    "game:blade-sabre-ruined": { "translation": { "x": -0.55, "y": 0.8, "z": 0.25 }, "rotation": { "x": -5, "y": 180, "z": -90 } },
    "game:blade-scrap-scrap": { "translation": { "x": 0.5, "y": 0.26, "z": 0.19 }, "rotation": { "x": 13, "y": 0, "z": -90 } },
    "game:bow-crude": { "translation": { "x": 0.475, "y": -0.2, "z": 0.18 }, "rotation": { "x": 13, "y": 180, "z": 90 } },
    "game:bow-long": { "translation": { "x": 0.475, "y": 0.2, "z": 0.16 }, "rotation": { "x": 13, "y": 180, "z": 90 } },
    "game:bow-recurve": { "translation": { "x": 0.475, "y": 0.3, "z": 0.18 }, "rotation": { "x": 13, "y": 180, "z": 90 } },
    "game:bow-simple": { "translation": { "x": 0.475, "y": 0.1, "z": 0.15 }, "rotation": { "x": 13, "y": 180, "z": 90 } },
    "game:bowstave-long-*": { "translation": { "x": 0.5, "y": 0.28, "z": 0.2 }, "rotation": { "x": 13, "y": 0, "z": -90 } },
    "game:bowstave-recurve-*": { "translation": { "x": 0.5, "y": 0.38, "z": 0.23 }, "rotation": { "x": 13, "y": 0, "z": -90 } },
    "game:bugnet-*": { "translation": { "x": 0, "y": 0, "z": 0.625 }, "rotation": { "x": 13, "y": -90, "z": -90 }, "scaleXyz": { "x": -1, "y": 1, "z": 1 } },
    "game:chisel-*": { "translation": { "x": -0.45, "y": -0.56, "z": 0.13 }, "rotation": { "x": 90, "y": 0, "z": 90 } },
    "game:cleaver-*": { "translation": { "x": 0, "y": -0.25, "z": 0.09 }, "rotation": { "x": 13, "y": 90, "z": 90 } },
    "game:club-generic-wood": { "translation": { "x": -0, "y": -0.1, "z": 0.03 }, "rotation": { "x": 13, "y": 0, "z": -90 } },
    "game:club-scrap-scrap": { "translation": { "x": 0.5, "y": 0.05, "z": 0.14 }, "rotation": { "x": 13, "y": 0, "z": -90 } },
    "game:club-scrapmace-scrap": { "translation": { "x": 0.5, "y": -0.11, "z": 0.11 }, "rotation": { "x": 13, "y": 0, "z": -90 } },
    "game:hammer-*": { "translation": { "x": 0, "y": -0.09, "z": 0.11 }, "rotation": { "x": 13, "y": 0, "z": -90 }, "scale": 1.25 },
    "game:hoe-*": { "translation": { "x": -0.45, "y": 0, "z": 0.1 }, "rotation": { "x": 13, "y": 0, "z": 90 } },
    "game:knife-baselard-ruined": { "translation": { "x": 0, "y": -0.09, "z": 0.62 }, "rotation": { "x": 13, "y": -90, "z": -90 } },
    "game:knife-generic-*": { "translation": { "x": 0, "y": -0.3, "z": 0.53 }, "rotation": { "x": 13, "y": -90, "z": -90 } },
    "game:knife-khanjar-ruined": { "translation": { "x": 0, "y": -0.08, "z": -0.37 }, "rotation": { "x": 5, "y": 90, "z": -90 } },
    "game:oar-*": { "translation": { "x": 0.5, "y": 0.5, "z": 0.2 }, "rotation": { "x": 13, "y": 0, "z": -90 } },
    "game:pickaxe-*": { "translation": { "x": 0.45, "y": -0.025, "z": 0.1 }, "rotation": { "x": 13, "y": 0, "z": -90 } },
    "game:prospectingpick-*": { "translation": { "x": 0.45, "y": 0, "z": 0.1 }, "rotation": { "x": 13, "y": 0, "z": -90 } },
    "game:saw-*": { "translation": { "x": 0, "y": -0.14, "z": 0.03 }, "rotation": { "x": 6, "y": 0, "z": -90 } },
    "game:scythe-*": { "translation": { "x": 0.45, "y": 0.65, "z": 0.25 }, "rotation": { "x": 13, "y": 180, "z": 90 }, "scaleXyz": { "x": -1, "y": 1, "z": 1 } },
    "game:shears-*": { "translation": { "x": 0.55, "y": -0.09, "z": 0.05 }, "rotation": { "x": 13, "y": 0, "z": -90 }, "scale": 1.15 },
    "game:shield-*": { "translation": { "x": 0.3, "y": -0.7, "z": -0.3 }, "rotation": { "x": 0, "y": 90, "z": -90 } },
    "game:shovel-*": { "translation": { "x": 0.45, "y": 0.53, "z": 0.2 }, "rotation": { "x": 13, "y": 0, "z": -90 } },
    "game:sling": { "translation": { "x": 0, "y": -0.05, "z": 0 }, "rotation": { "x": 0, "y": -90, "z": 0 } },
    "game:solderingiron": { "translation": { "x": -0.45, "y": -0.56, "z": 0.04 }, "rotation": { "x": 90, "y": 0, "z": 90 } },
    "game:tongs": { "translation": { "x": 0, "y": -0.06, "z": 0.08 }, "rotation": { "x": 27, "y": 0, "z": -90 } },
    "game:wrench-*": { "translation": { "x": 0.6, "y": -0.14, "z": 0.05 }, "rotation": { "x": 13, "y": 0, "z": -90 }, "scale": 1.3 },

    "@(game|loreweapons):axe-(.*)": { "translation": { "x": 0.45, "y": 0, "z": 0.1 }, "rotation": { "x": 13, "y": 0, "z": -90 } },
    "@(game|loreweapons):blade-claymore-(.*)": { "translation": { "x": 0.5, "y": 1.8, "z": 0.525 }, "rotation": { "x": 13, "y": -4, "z": -90 } },
    "@(game|loreweapons):blade-gladius-(.*)": { "translation": { "x": 0.5, "y": 0.6, "z": 0.2 }, "rotation": { "x": 13, "y": 0, "z": -90 } },
    "@(game|loreweapons):club-flanged-(.*)": { "translation": { "x": 0.5, "y": 0.33, "z": 0.16 }, "rotation": { "x": 13, "y": 0, "z": -90 } },
    "@(game|loreweapons):club-morningstar-(.*)": { "translation": { "x": 0.5, "y": 0.15, "z": 0.13 }, "rotation": { "x": 13, "y": 0, "z": -90 } },
    "@(game|loreweapons):club-spiked-(.*)": { "translation": { "x": 0.5, "y": 0.48, "z": 0.2 }, "rotation": { "x": 13, "y": 0, "z": -90 } },
    "@(game|loreweapons):club-warhammer-(.*)": { "translation": { "x": 0.5, "y": 0.32, "z": 0.18 }, "rotation": { "x": 13, "y": 0, "z": -90 } },
    "@(game|loreweapons):knife-dagger-(.*)": { "translation": { "x": 0, "y": -0.16, "z": 0.58 }, "rotation": { "x": 13, "y": -90, "z": -90 } },
    "@(game|loreweapons):knife-stiletto-(.*)": { "translation": { "x": 0.5, "y": -0.09, "z": 0.12 }, "rotation": { "x": 13, "y": 0, "z": -90 } },
    "@(game|loreweapons):spear-(.*)": { "translation": { "x": 0, "y": 0.5, "z": -0.25 }, "rotation": { "x": -77, "y": 90, "z": 0 } },
    "loreweapons:blade-arming-*": { "translation": { "x": -0.52, "y": 1.3, "z": 0.375 }, "rotation": { "x": 13, "y": 180, "z": -90 } },
    "loreweapons:blade-sabre-*": { "translation": { "x": -0.52, "y": 1.4, "z": 0.25 }, "rotation": { "x": 5, "y": -180, "z": -90 } },
    "loreweapons:knife-baselard-*": { "translation": { "x": 0, "y": -0.09, "z": 0.58 }, "rotation": { "x": 13, "y": -90, "z": -90 } },
    "loreweapons:knife-khanjar-*": { "translation": { "x": 0, "y": 0.08, "z": -0.4 }, "rotation": { "x": 13, "y": 90, "z": -90 } },

    "weaponpacka:chakri-*": { "translation": { "x": 0.47, "y": -0.36, "z": 0.1 }, "rotation": { "x": 0, "y": 0, "z": -90 } },
    "weaponpacka:club-bone": { "translation": { "x": 0.5, "y": -0.5, "z": -0 }, "rotation": { "x": 13, "y": 0, "z": -90 } },
    "weaponpacka:culacula-*": { "translation": { "x": 0.45, "y": 0.2, "z": 0.15 }, "rotation": { "x": 13, "y": 0, "z": -90 } },
    "weaponpacka:enlongblade-*": { "translation": { "x": 0.45, "y": 0.69, "z": 0.25 }, "rotation": { "x": 13, "y": 0, "z": -90 } },
    "weaponpacka:epsilonaxe-*": { "translation": { "x": 0.45, "y": 0.13, "z": 0.13 }, "rotation": { "x": 13, "y": 0, "z": -90 } },
    "weaponpacka:gladius-*": { "translation": { "x": 0.45, "y": 0.75, "z": 0.24 }, "rotation": { "x": 13, "y": 0, "z": -90 } },
    "weaponpacka:haleberd-*": { "translation": { "x": 0, "y": 0.29, "z": 0.64 }, "rotation": { "x": 13, "y": -90, "z": -90 } },
    "weaponpacka:igorotaxe-*": { "translation": { "x": -0.48, "y": 0.03, "z": 0.1 }, "rotation": { "x": 13, "y": -180, "z": -90 } },
    "weaponpacka:katar-*": { "translation": { "x": 0.5, "y": -0.45, "z": -0.09 }, "rotation": { "x": 13, "y": 0, "z": -90 } },
    "weaponpacka:khopesh-*": { "translation": { "x": -0.5, "y": -0.08, "z": 0.07 }, "rotation": { "x": 13, "y": -180, "z": -90 } },
    "weaponpacka:machete-*": { "translation": { "x": -0.47, "y": -0.51, "z": 0.02 }, "rotation": { "x": 13, "y": 180, "z": -90 } },
    "weaponpacka:macu-*": { "translation": { "x": 0.42, "y": -0.09, "z": 0.06 }, "rotation": { "x": 13, "y": 0, "z": -90 } },
    "weaponpacka:mambele-*": { "translation": { "x": 0.47, "y": -0.65, "z": -0.04 }, "rotation": { "x": 13, "y": 0, "z": -90 } },
    "weaponpacka:metalclub-lead": { "translation": { "x": 0.45, "y": -0.3, "z": 0.03 }, "rotation": { "x": 13, "y": 0, "z": -90 } },
    "weaponpacka:naginata-*": { "translation": { "x": -0.02, "y": 0.8, "z": -0.21 }, "rotation": { "x": 13, "y": 90, "z": -90 } },
    "weaponpacka:polespear-*": { "translation": { "x": 0.45, "y": 0.45, "z": 0.2 }, "rotation": { "x": 13, "y": 0, "z": -90 } },
    "weaponpacka:rapier-*": { "translation": { "x": 0.45, "y": 0.5, "z": 0.23 }, "rotation": { "x": 13, "y": 0, "z": -90 } },
    "weaponpacka:spikedagger-*": { "translation": { "x": 0, "y": -0.09, "z": 0.2 }, "rotation": { "x": 0, "y": -90, "z": 0 } },
    "weaponpacka:tachi-*": { "translation": { "x": -0.5, "y": 0.14, "z": 0.16 }, "rotation": { "x": 6, "y": -180, "z": -90 } },
    "weaponpacka:throwingspear-*": { "translation": { "x": 0.47, "y": 0.55, "z": 0.24 }, "rotation": { "x": 13, "y": 0, "z": -90 } },
    "weaponpacka:trident-bone": { "translation": { "x": 0.45, "y": 0.23, "z": 0.14 }, "rotation": { "x": 13, "y": 0, "z": -90 } },
    "weaponpacka:waraxe-*": { "translation": { "x": 0.45, "y": 0.26, "z": 0.17 }, "rotation": { "x": 6, "y": 0, "z": -90 } },
    "weaponpacka:warhammer-*": { "translation": { "x": 0.46, "y": 0.02, "z": 0.1 }, "rotation": { "x": 13, "y": 0, "z": -90 } },
    "weaponpacka:warpick-*": { "translation": { "x": 0.47, "y": 0.03, "z": 0.1 }, "rotation": { "x": 13, "y": 0, "z": -90 } },

    "weaponpackg:bow-crudelong": { "translation": { "x": 0.475, "y": 0.2, "z": 0.16 }, "rotation": { "x": 13, "y": 180, "z": 90 } },
    "weaponpackg:metallong-*": { "translation": { "x": 0.475, "y": 0.2, "z": 0.16 }, "rotation": { "x": 13, "y": 180, "z": 90 } },
    "weaponpackg:metalrecurve-*": { "translation": { "x": 0.475, "y": 0.3, "z": 0.18 }, "rotation": { "x": 13, "y": 180, "z": 90 } },

    "chiseltools:blockswapper-*": { "translation": { "x": 0.4, "y": -0.2, "z": 0.1 }, "rotation": { "x": 0, "y": -20, "z": -90 } },
    "chiseltools:handplaner-*": { "translation": { "x": 0.6, "y": -0.15, "z": 0.1 }, "rotation": { "x": 13, "y": 0, "z": -90 }, "scale": 1.2 },
    "chiseltools:handwedge-*": { "translation": { "x": 0.5, "y": -0.28, "z": 0 }, "rotation": { "x": 0, "y": 0, "z": -90 } },
    "chiseltools:laddermaker-*": { "translation": { "x": 0.4, "y": -0.34, "z": 0.03 }, "rotation": { "x": 0, "y": -13, "z": -90 } },
    "chiseltools:paintbrush-*": { "translation": { "x": 0.5, "y": -0.1, "z": 0.12 }, "rotation": { "x": 13, "y": 0, "z": -90 } },
    "chiseltools:pantograph-*": { "translation": { "x": 0, "y": -0.1, "z": 0 }, "rotation": { "x": 0, "y": -40, "z": 0 } },

    "maltiezfirearms:arquebus": { "translation": { "x": 0.5, "y": -0.57, "z": 0.47 }, "rotation": { "x": 100, "y": 0, "z": 0 } },
    "maltiezfirearms:carbine": { "translation": { "x": 0.5, "y": -0.65, "z": 0.48 }, "rotation": { "x": 100, "y": 0, "z": 0 } },
    "maltiezfirearms:musket-*": { "translation": { "x": 0.5, "y": -0.64, "z": 0.47 }, "rotation": { "x": 100, "y": 0, "z": 0 } },
    "maltiezfirearms:pistol": { "translation": { "x": 0.5, "y": -0.96, "z": 0.4 }, "rotation": { "x": 100, "y": 0, "z": 0 } },

    "rangedweapons:arquebus": { "translation": { "x": 0, "y": -0.18, "z": 0.59 }, "rotation": { "x": 100, "y": 0, "z": 0 } },
    "rangedweapons:arquebus*": { "translation": { "x": 0, "y": -0.18, "z": 0.59 }, "rotation": { "x": 100, "y": 0, "z": 0 } },
    "rangedweapons:blowpipe": { "translation": { "x": 0, "y": -0.22, "z": 0.57 }, "rotation": { "x": 103, "y": 0, "z": 0 } },
    "rangedweapons:crossbow-*": { "translation": { "x": -0.47, "y": -0.56, "z": 0.1 }, "rotation": { "x": -90, "y": 0, "z": 90 } },
    "rangedweapons:hand_cannon*": { "translation": { "x": 0, "y": 0.93, "z": 0.06 }, "rotation": { "x": -77, "y": 0, "z": 0 }, "scale": 0.5 },
    "rangedweapons:musket": { "translation": { "x": 0.02, "y": 0.07, "z": 0.52 }, "rotation": { "x": 37, "y": 180, "z": 0 } },
    "rangedweapons:wheellock": { "translation": { "x": 0, "y": -0.03, "z": 0.24 }, "rotation": { "x": 10, "y": 180, "z": 0 } },
    "rangedweapons:wheellock*": { "translation": { "x": 0, "y": -0.03, "z": 0.24 }, "rotation": { "x": 10, "y": 180, "z": 0 } },

    "riflemod:musket-*": { "translation": { "x": 0, "y": -0.03, "z": 0.37 }, "rotation": { "x": 103, "y": 0, "z": 0 } },
    "riflemod:pistol-*": { "translation": { "x": 0, "y": -0.3, "z": 0.5 }, "rotation": { "x": 28, "y": 180, "z": 0 } },
    "riflemod:rifle-*": { "translation": { "x": 0, "y": -0.03, "z": 0.37 }, "rotation": { "x": 103, "y": 0, "z": 0 } },

    "miningtools:miningexcavator-*": { "translation": { "x": -0.25, "y": 0.26, "z": 0.14 }, "rotation": { "x": 13, "y": 0, "z": 90 } },
    "miningtools:mininghammer-*": { "translation": { "x": -0.08, "y": -0.35, "z": 0 }, "rotation": { "x": 0, "y": 0, "z": 90 }, "scale": 0.5 },

    "primitivetools:splitter-*": { "translation": { "x": 0.48, "y": -0.77, "z": -0.15 }, "rotation": { "x": 0, "y": 0, "z": -90 } },
    "primitivetools:stonehammer-*": { "translation": { "x": 0.45, "y": -0.17, "z": 0.06 }, "rotation": { "x": 13, "y": 0, "z": -90 } },
    "primitivetools:stonepickaxe-*": { "translation": { "x": 0.45, "y": -0.17, "z": 0.06 }, "rotation": { "x": 13, "y": 0, "z": -90 } },

    "legendarymobs:legendary-hammer": { "translation": { "x": 0, "y": -0.09, "z": 0.11 }, "rotation": { "x": 13, "y": 0, "z": -90 }, "scale": 1.25 },
    "legendarymobs:legendary-hoe": { "translation": { "x": 0.44, "y": -0.1, "z": 0.07 }, "rotation": { "x": 13, "y": 0, "z": -90 } },
    "legendarymobs:legendary-pickaxe": { "translation": { "x": -0.45, "y": -0.02, "z": 0.08 }, "rotation": { "x": 13, "y": 179, "z": -90 } },
    "legendarymobs:legendary-shovel": { "translation": { "x": 0.45, "y": 0.6, "z": 0.21 }, "rotation": { "x": 13, "y": 0, "z": -90 } },
    "legendarymobs:legendary-sword": { "translation": { "x": 0.45, "y": 0.82, "z": 0.28 }, "rotation": { "x": 13, "y": 0, "z": -90 } },

    "@tstools:(copper|tinbronze)sword": { "translation": { "x": 0.45, "y": -0.09, "z": 0.07 }, "rotation": { "x": 13, "y": 0, "z": -90 } },
    "@tstools:(s|i|ts)hammer": { "translation": { "x": 0.06, "y": -0.19, "z": 0.03 }, "rotation": { "x": 0, "y": -23, "z": -90 } },
    "tstools:biaxe": { "translation": { "x": 0, "y": -0.05, "z": 0.09 }, "rotation": { "x": 13, "y": 0, "z": -90 } },
    "tstools:tsaxe": { "translation": { "x": 0.45, "y": 0, "z": 0.1 }, "rotation": { "x": 13, "y": 0, "z": -90 } },
    "tstools:tspaxel": { "translation": { "x": 0, "y": -0.19, "z": 0.06 }, "rotation": { "x": 13, "y": 0, "z": -90 } },
    "tstools:tspickaxe": { "translation": { "x": 0.45, "y": -0.02, "z": 0.09 }, "rotation": { "x": 13, "y": 0, "z": -90 } },
    "tstools:tsshovel": { "translation": { "x": 0.45, "y": 0.53, "z": 0.2 }, "rotation": { "x": 13, "y": 0, "z": -90 } },
    "tstools:tsspearsteel-*": { "translation": { "x": 0, "y": 0.5, "z": -0.25 }, "rotation": { "x": -77, "y": 90, "z": 0 } },
    "tstools:tssword": { "translation": { "x": 0.43, "y": 0.27, "z": 0.15 }, "rotation": { "x": 13, "y": 0, "z": -90 } },

    // flexible tools
    "game:diamondpick-*": { "translation": { "x": 0.45, "y": -0.025, "z": 0.1 }, "rotation": { "x": 13, "y": 0, "z": -90 } },
    "game:diamondscythe": { "translation": { "x": 0.45, "y": 0.65, "z": 0.25 }, "rotation": { "x": 13, "y": 180, "z": 90 }, "scaleXyz": { "x": -1, "y": 1, "z": 1 } },
    "game:diamondshears": { "translation": { "x": 0.55, "y": -0.09, "z": 0.05 }, "rotation": { "x": 13, "y": 0, "z": -90 }, "scale": 1.15 },
    "game:rocksniffer-*": { "translation": { "x": 0.45, "y": 0, "z": 0.1 }, "rotation": { "x": 13, "y": 0, "z": -90 } },
    "game:worldeater": { "translation": { "x": 0.45, "y": -0.025, "z": 0.1 }, "rotation": { "x": 13, "y": 0, "z": -90 } },
    // flexible tools

    "stonequarry:adminhammer": { "translation": { "x": 0, "y": -0.09, "z": 0.11 }, "rotation": { "x": 13, "y": 0, "z": -90 }, "scale": 1.25 },
    "stonequarry:chisel-finishing-*": { "translation": { "x": 0.06, "y": -0.1, "z": -0.1 }, "rotation": { "x": 0, "y": -90, "z": 0 } },
    "stonequarry:chisel-roughcut-*": { "translation": { "x": 0, "y": -0.1, "z": 0 }, "rotation": { "x": 0, "y": -90, "z": 0 } },
    "stonequarry:chisel-wedge-*": { "translation": { "x": 0.07, "y": -0.02, "z": 0.15 }, "rotation": { "x": 0, "y": -90, "z": -23 } },
    "stonequarry:rubblehammer-*": { "translation": { "x": 0.4, "y": -0.03, "z": 0.07 }, "rotation": { "x": 13, "y": 0, "z": -90 } },

    "resingluetools:axe-rg-*": { "translation": { "x": 0.45, "y": 0, "z": 0.1 }, "rotation": { "x": 13, "y": 0, "z": -90 } },
    "resingluetools:hoe-rg-*": { "translation": { "x": -0.45, "y": 0, "z": 0.1 }, "rotation": { "x": 13, "y": 0, "z": 90 } },
    "resingluetools:knife-rg-generic-*": { "translation": { "x": 0, "y": -0.3, "z": 0.53 }, "rotation": { "x": 13, "y": -90, "z": -90 } },
    "resingluetools:shovel-rg-*": { "translation": { "x": 0.45, "y": 0.53, "z": 0.2 }, "rotation": { "x": 13, "y": 0, "z": -90 } },
    "resingluetools:spear-rg-generic-*": { "translation": { "x": 0, "y": 0.5, "z": -0.25 }, "rotation": { "x": -77, "y": 90, "z": 0 } },

    "rustyshell:ramrod": { "translation": { "x": 0.5, "y": 0.25, "z": 0.15 }, "rotation": { "x": 13, "y": 0, "z": -90 } },
    "rustyshell:shell-*": { "translation": { "x": 0.55, "y": -0.53, "z": 0 }, "rotation": { "x": 8, "y": 0, "z": -90 } },

    "ancienttools:pestle-*": { "translation": { "x": 0.07, "y": -0.17, "z": 0.1 }, "scale": 0.9 },
    "ancienttools:adze-*": { "translation": { "x": 0.45, "y": -0.04, "z": 0.09 }, "rotation": { "x": 13, "y": 0, "z": -90 } },
    "ancienttools:mallet-*": { "translation": { "x": 0.46, "y": 0.06, "z": 0.11 }, "rotation": { "x": 13, "y": 0, "z": -90 } },

    "aculinaryartillery:rollingpin-*": { "translation": { "x": 0, "y": -0.09, "z": -0 }, "rotation": { "x": -1, "y": -140, "z": 0 } },
    "coinage:punch-*": { "translation": { "x": 0, "y": 0, "z": 0.09 }, "rotation": { "x": 13, "y": 0, "z": 0 }, "scale": 1.2 },
    "fartempleaxe:mechanicalaxe": { "translation": { "x": 0, "y": 0.05, "z": 0.1 }, "rotation": { "x": 13, "y": -90, "z": 0 } },
    "glassmaking:glassworkpipe": { "translation": { "x": -0.5, "y": -0.22, "z": 0.56 }, "rotation": { "x": 103, "y": 180, "z": 0 } },
    "mjolnir:mjolnir": { "translation": { "x": 0, "y": -0.09, "z": 0.11 }, "rotation": { "x": 13, "y": 0, "z": -90 }, "scale": 1.25 },
    "neededthings:travelers-*": { "translation": { "x": 0.5, "y": 0.06, "z": 0.15 }, "rotation": { "x": 13, "y": 0, "z": -90 } },
    "paxel:paxel-*": { "translation": { "x": 0.45, "y": 0.21, "z": 0.13 }, "rotation": { "x": 13, "y": 0, "z": -90 } },
    "primitivesurvival:grunter": { "translation": { "x": 0.08, "y": -0.05, "z": 0.1 }, "rotation": { "x": 13, "y": 0, "z": 0 } },
    "roadworks:roadtool-*": { "translation": { "x": 0.48, "y": -0.24, "z": 0.07 }, "rotation": { "x": 0, "y": 0, "z": -90 }, "origin": { "x": 0.5, "y": 0.6, "z": 0.5 }, "scale": 0.75 },
    "translocatorengineeringredux:crowbar": { "translation": { "x": 0.4, "y": -0.11, "z": 0.1 }, "rotation": { "x": 103, "y": 0, "z": -90 } },
    "usefulstuff:climbingpick-*": { "translation": { "x": -0.46, "y": -0.13, "z": 0.08 }, "rotation": { "x": 13, "y": 180, "z": -90 } },

    "fishing:fishingpole-*bamboo": { "translation": { "x": 0, "y": 1.28, "z": 0.7 }, "rotation": { "x": 13, "y": -90, "z": -90 }, "scale": 0.6 },
    "fishing:fishingpole-*": { "translation": { "x": -0.47, "y": 0.17, "z": 0.15 }, "rotation": { "x": 13, "y": 0, "z": 90 } },

    // anmitech
    "tonwexp:axe-*": { "translation": { "x": -0.03, "y": -0.12, "z": -0.13 }, "rotation": { "x": 13, "y": 90, "z": -90 }, "scale": 0.5 },
    "tonwexp:bages-*": { "translation": { "x": 0.32, "y": -0.12, "z": 0.02 }, "rotation": { "x": 13, "y": 0, "z": -90 }, "scale": 0.7 },
    "tonwexp:carsword-*": { "translation": { "x": -0, "y": 0.14, "z": -0.04 }, "rotation": { "x": 13, "y": 90, "z": -90 }, "scale": 0.35 },
    "tonwexp:flamberg-*": { "translation": { "x": 0, "y": 0.15, "z": 0.36 }, "rotation": { "x": 13, "y": -90, "z": -90 }, "scale": 0.5 },
    "tonwexp:gladius-*": { "translation": { "x": 0, "y": 0, "z": 0.28 }, "rotation": { "x": 13, "y": -90, "z": -90 }, "scale": 0.5 },
    "tonwexp:gross-*": { "translation": { "x": -0, "y": 0.58, "z": -0.01 }, "rotation": { "x": 13, "y": 90, "z": -90 }, "scale": 0.5 },
    "tonwexp:katana-*": { "translation": { "x": -0.05, "y": 1.2, "z": 0.56 }, "rotation": { "x": 13, "y": -90, "z": -90 }, "scale": 0.5 },
    "tonwexp:katzbalger-*": { "translation": { "x": -0, "y": 0.13, "z": 0.24 }, "rotation": { "x": 13, "y": 90, "z": 90 }, "scale": 0.5 },
    "tonwexp:mace-*": { "translation": { "x": 0.39, "y": 0.06, "z": 0.06 }, "rotation": { "x": 13, "y": 0, "z": -90 }, "scale": 0.75 },
    "tonwexp:pilum-*": { "translation": { "x": 0.34, "y": 0.49, "z": 0.22 }, "rotation": { "x": 13, "y": 0, "z": -90 }, "scale": 0.75 },
    "tonwexp:saber-*": { "translation": { "x": -0.04, "y": 0.73, "z": -0 }, "rotation": { "x": 0, "y": 90, "z": -90 }, "scale": 0.5 },
    "tonwexp:seax-*": { "translation": { "x": 0, "y": 0.35, "z": -0.32 }, "rotation": { "x": 13, "y": 90, "z": -90 } },
    "tonwexp:spear-*": { "translation": { "x": 0, "y": -0.15, "z": 0.18 }, "rotation": { "x": 13, "y": -90, "z": -90 }, "scale": 0.4 },
    // anmitech

    "xmelee:xhalberd-*": { "translation": { "x": 0, "y": 2.42, "z": 0.17 }, "rotation": { "x": 13, "y": 90, "z": -90 } },
    "xmelee:xlongsword-*": { "translation": { "x": 0, "y": 1.15, "z": 0.89 }, "rotation": { "x": 13, "y": -90, "z": -90 } },
    "xmelee:xmace-*": { "translation": { "x": 0.5, "y": 0.81, "z": 0.31 }, "rotation": { "x": 13, "y": 0, "z": -90 } },
    "xmelee:xmesser-*": { "translation": { "x": 0, "y": 0.72, "z": 0.79 }, "rotation": { "x": 13, "y": -90, "z": -90 } },
    "xmelee:xpike-*": { "translation": { "x": 0.3, "y": 2.42, "z": 0.68 }, "rotation": { "x": 13, "y": 0, "z": -90 }, "scale": 0.65 },
    "xmelee:xrapier-*": { "translation": { "x": 0, "y": 0.85, "z": 0.83 }, "rotation": { "x": 13, "y": -90, "z": -90 } },
    "xmelee:xspear-*": { "translation": { "x": 0.5, "y": 1.8, "z": 0.53 }, "rotation": { "x": 13, "y": 0, "z": -90 } },
    "xmelee:xzweihander-*": { "translation": { "x": 0, "y": 1.25, "z": 0.9 }, "rotation": { "x": 13, "y": -90, "z": -90 } },

    "indappledgroves:adze-*": { "translation": { "x": 0.46, "y": -0.12, "z": 0.07 }, "rotation": { "x": 13, "y": 0, "z": -90 } },
    "indappledgroves:forestaxe-*": { "translation": { "x": 0.45, "y": 0.01, "z": 0.09 }, "rotation": { "x": 13, "y": 0, "z": -90 } },
    "indappledgroves:grubaxe-*": { "translation": { "x": 0, "y": 0.3, "z": 0.15 }, "rotation": { "x": 13, "y": -9, "z": -90 } },
    "indappledgroves:maul-*": { "translation": { "x": 0, "y": -0.16, "z": 0.08 }, "rotation": { "x": 13, "y": 0, "z": -90 } },

    "rustboundmagic:tooladmin-*": { "translation": { "x": 0.5, "y": 0.14, "z": 0.14 }, "rotation": { "x": 13, "y": 0, "z": -90 } },
    "rustboundmagic:toolstaff-*-tier0": { "translation": { "x": 0.46, "y": -0.23, "z": 0.08 }, "rotation": { "x": 13, "y": 0, "z": -90 } },
    "rustboundmagic:toolstaff-*-tier1": { "translation": { "x": 0.46, "y": -0.21, "z": 0.06 }, "rotation": { "x": 13, "y": 0, "z": -90 } },
    "rustboundmagic:toolstaff-*-tier2": { "translation": { "x": 0.46, "y": -0.13, "z": 0.07 }, "rotation": { "x": 13, "y": 0, "z": -90 } },
    "rustboundmagic:toolstaff-*-tier3": { "translation": { "x": 0.46, "y": 0.03, "z": 0.11 }, "rotation": { "x": 13, "y": 0, "z": -90 } },
    "rustboundmagic:toolstaff-*-tier4": { "translation": { "x": 0.46, "y": 0.02, "z": 0.11 }, "rotation": { "x": 13, "y": 0, "z": -90 } },

    // medieval fashion
    "medieval:*sling*": { "translation": { "x": 0, "y": -0.05, "z": 0 }, "rotation": { "x": 0, "y": -90, "z": 0 } },
    "medieval:*sword*": { "translation": { "x": 0.45, "y": 0.38, "z": 0.16 }, "rotation": { "x": 13, "y": 0, "z": -90 } },
    "medieval:axe-*": { "translation": { "x": 0.45, "y": 0, "z": 0.12 }, "rotation": { "x": 13, "y": 0, "z": -90 } },
    "medieval:bigaxe-*": { "translation": { "x": 0.45, "y": 0.07, "z": 0.09 }, "rotation": { "x": 13, "y": 0, "z": -90 } },
    "medieval:blade*": { "translation": { "x": 0.45, "y": 0.38, "z": 0.16 }, "rotation": { "x": 13, "y": 0, "z": -90 } },
    "medieval:halberd": { "translation": { "x": 0.47, "y": 0.75, "z": 0.23 }, "rotation": { "x": 13, "y": 0, "z": -90 } },
    "medieval:knife-*": { "translation": { "x": 0, "y": -0.1, "z": 0 }, "rotation": { "x": 0, "y": -90, "z": 0 } },
    "medieval:littlescythe-*": { "translation": { "x": -0.47, "y": -0.07, "z": 0.08 }, "rotation": { "x": 13, "y": 180, "z": -90 } },
    "medieval:machete-*": { "translation": { "x": 0, "y": -0.1, "z": 0 }, "rotation": { "x": 0, "y": -90, "z": 0 } },
    "medieval:saw-big-*": { "translation": { "x": 0, "y": 0, "z": 0.11 }, "rotation": { "x": 0, "y": 0, "z": -90 } },
    "medieval:shears-*": { "translation": { "x": 0.55, "y": -0.09, "z": 0.05 }, "rotation": { "x": 13, "y": 0, "z": -90 }, "scale": 1.15 },
    "medieval:shovel*": { "translation": { "x": 0.45, "y": 0.46, "z": 0.2 }, "rotation": { "x": 13, "y": 0, "z": -90 } },
    "medieval:stonepickaxe-*": { "translation": { "x": 0, "y": -0.19, "z": 0.1 }, "rotation": { "x": 0, "y": 0, "z": -90 } }
    // medieval fashion
}
