{
    "@(.*):(glider|glider-(.*))": { "translation": { "x": -0.2, "y": -0.075, "z": 0.2 }, "rotation": { "x": 0, "y": 0, "z": 86 }, "origin": { "x": 0.5, "y": 0.25, "z": 0.25 }, "scale": 0.8 },
    "*carcass*-humanoid1": { "origin": { "x": 0.5, "y": 0, "z": 0.5 }, "scale": 0.6 },
    "*carcass*-humanoid2": { "translation": { "x": 0.02, "y": 0, "z": 0.05 }, "rotation": { "x": 0, "y": 46, "z": 0 }, "origin": { "x": 0.5, "y": 0, "z": 0.5 }, "scale": 0.6 },
    "*carcass*-large": { "origin": { "x": 0.5, "y": -0, "z": 0.5 }, "scale": 0.5 },
    "*carcass*-medium": { "origin": { "x": 0.5, "y": -0, "z": 0.5 }, "scale": 0.6 }
}
