{
	"editor": {
		"allAngles": false,
		"entityTextureMode": false
	},
	"textureWidth": 32,
	"textureHeight": 32,
	"textureSizes": {
		"0": [32,32],
		"1": [32,32],
		"3": [32,32],
		"4": [32,32],
		"5": [32,32]
	},
	"textures": {
		"0": "block/bazaar/fabric/flowerbedsheets",
		"4": "block/bazaar/wood/planks/warmwoodtexture"
	},
	"elements": [
		{
			"name": "cube13",
			"from": [ -11.99, 3.0, 12.0028 ],
			"to": [ 4.01, 8.0, 26.0028 ],
			"rotationOrigin": [ -4.0, 9.25, 8.0 ],
			"rotationY": 89.98,
			"faces": {
				"north": { "texture": "#0", "uv": [ 0.0, 0.0, 32.0, 21.0 ], "autoUv": false },
				"east": { "texture": "#0", "uv": [ 3.0, 1.0, 28.0, 10.0 ], "autoUv": false },
				"south": { "texture": "#0", "uv": [ 0.0, 4.0, 32.0, 15.0 ], "autoUv": false },
				"west": { "texture": "#0", "uv": [ 3.0, 1.0, 28.0, 10.0 ], "autoUv": false },
				"up": { "texture": "#0", "uv": [ 0.0, 3.0, 32.0, 28.0 ], "autoUv": false },
				"down": { "texture": "#0", "uv": [ 0.0, 0.0, 32.0, 30.0 ], "autoUv": false }
			},
			"children": [
				{
					"name": "cube16",
					"from": [ 2.0097, -2.0, 13.9986 ],
					"to": [ 14.0097, 8.0, 15.9986 ],
					"rotationOrigin": [ 7.9938, 6.25, -4.0028 ],
					"faces": {
						"north": { "texture": "#4", "uv": [ 0.0, 0.0, 25.0, 23.0 ], "autoUv": false },
						"east": { "texture": "#4", "uv": [ 0.0, 0.0, 4.0, 23.0 ], "autoUv": false },
						"south": { "texture": "#4", "uv": [ 0.0, 0.0, 25.0, 23.0 ], "autoUv": false },
						"west": { "texture": "#4", "uv": [ 0.0, 0.0, 4.0, 23.0 ], "autoUv": false },
						"up": { "texture": "#4", "uv": [ 0.0, 1.0, 25.0, 5.0 ], "autoUv": false },
						"down": { "texture": "#4", "uv": [ 0.0, 1.0, 25.0, 5.0 ], "autoUv": false }
					}
				},
				{
					"name": "cube14",
					"from": [ 0.0097, -3.0, 14.0 ],
					"to": [ 2.0097, 9.0, 16.0 ],
					"rotationOrigin": [ 7.9938, 6.25, -4.0028 ],
					"faces": {
						"north": { "texture": "#4", "uv": [ 0.0, 0.0, 4.0, 23.0 ], "autoUv": false },
						"east": { "texture": "#4", "uv": [ 0.0, 0.0, 4.0, 23.0 ], "autoUv": false },
						"south": { "texture": "#4", "uv": [ 0.0, 0.0, 4.0, 23.0 ], "autoUv": false },
						"west": { "texture": "#4", "uv": [ 0.0, 0.0, 4.0, 23.0 ], "autoUv": false },
						"up": { "texture": "#4", "uv": [ 8.0, 15.0, 12.0, 19.0 ], "autoUv": false },
						"down": { "texture": "#4", "uv": [ 8.0, 15.0, 12.0, 19.0 ], "autoUv": false }
					}
				},
				{
					"name": "cube15",
					"from": [ 14.01, -3.0, 13.9903 ],
					"to": [ 16.01, 9.0, 15.9903 ],
					"rotationOrigin": [ 7.9938, 6.25, -4.0028 ],
					"faces": {
						"north": { "texture": "#4", "uv": [ 0.0, 0.0, 4.0, 23.0 ], "autoUv": false },
						"east": { "texture": "#4", "uv": [ 0.0, 0.0, 4.0, 23.0 ], "autoUv": false },
						"south": { "texture": "#4", "uv": [ 0.0, 0.0, 4.0, 23.0 ], "autoUv": false },
						"west": { "texture": "#4", "uv": [ 0.0, 0.0, 4.0, 23.0 ], "autoUv": false },
						"up": { "texture": "#4", "uv": [ 8.0, 15.0, 12.0, 19.0 ], "autoUv": false },
						"down": { "texture": "#4", "uv": [ 8.0, 15.0, 12.0, 19.0 ], "autoUv": false }
					}
				}
			]
		}
	]}