{
	code: "grave",
	behaviors: [ {name: "HorizontalOrientable"},
		{
			name: "ExchangeOnInteract",
			properties: {
				exchangeStates: ["*-1-*", "*-2-*"],
				sound: "block/special/click",
				actionLangCode: "decor:blockhelp-creative-switch"
			}
		} ],
	variantgroups: [
		{ code:"state", states: ["1", "2"] },
		{ code: "side", loadFromProperties: "abstract/horizontalorientation" }
	],
	shapeByType: {
		"*-north": { base: "block/graves/grave-{state}", rotateY: 0 },
		"*-west": { base: "block/graves/grave-{state}", rotateY: 90 },
		"*-south": { base: "block/graves/grave-{state}", rotateY: 180 },
		"*-east": { base: "block/graves/grave-{state}", rotateY: 270 }
	},
	creativeinventoryByType: {
		"*": { "general": ["*-{state}-north"], "decorative": ["*-{state}-north"], "decorbazaar": ["*-{state}-north"] }	
	},
	blockmaterial: "Wood",
	replaceable: 900,
	resistance: 1.5,
	lightAbsorption: 1,
	emitSideAo: {all: false },
	sidesolid: {
		all: false,
		up: true
	},	
	sideopaque: {
		all: false
	},
	combustibleProps: {
		burnTemperature: 600,
		burnDuration: 30,
	},
	sounds: {
		"place": "game:block/planks",
		"hit": "game:block/planks",
		"break": "game:block/planks",
		"walk": "game:walk/wood"
	},

	collisionBoxByType: {
		"*-1-*": { x1: 0.3125, y1: 0, z1: 0.3125, x2: 0.6875, y2: 0.4375, z2: 0.6875 },
		"*-2-*": { x1: 0.125, y1: 0, z1: 0.4375, x2: 0.875, y2: 0.8125, z2: 0.5625 }
},
	selectionBoxByType: {
		"*-1-*": { x1: 0.3125, y1: 0, z1: 0.3125, x2: 0.6875, y2: 0.4375, z2: 0.6875 },
		"*-2-*": { x1: 0.125, y1: 0, z1: 0.4375, x2: 0.875, y2: 0.8125, z2: 0.5625 }
},
	materialDensity: 400,
	heldTpIdleAnimation: "holdunderarm",		
		guiTransform: {
		rotation: { x: -22.6, y: 135, z: 0 }
	},
		tpHandTransform: {
		translation: { x: -0.9, y: -0.7, z: -1 },
		rotation: { x: 0, y: 0, z: -100 },
		scale: 0.4
	}
}