{
	"editor": {
		"collapsedPaths": "Root/originRack/sticks/stick3,Root/originRack/sticks/stick4,Root/originRack/sticks/stick1,Root/originRack/sticks/stick2,Root/originDeco/sticks/stick3,Root/originDeco/sticks/stick4,Root/origin,Root/originRack/rackR1,Root/originDeco/roboids/deco3,Root/originDeco/roboids/deco1,Root/originDeco/stick4,Root/originDeco/stick3,Root/originDeco/stick2,Root/originRack/sticks,Root/originDeco/stick1,Root/originRack/rackMT,Root/originRack/rackL1,Root/originRack/rackB5,Root/originDeco/sticks/stick1,Root/originDeco/sticks/stick2,Root/originRack/rackT",
		"allAngles": false,
		"entityTextureMode": false
	},
	"textureWidth": 16,
	"textureHeight": 16,
	"textureSizes": {},
	"textures": {
		"surface": "game:block/wood/shelf/surface"
	},
	"elements": [
		{
			"name": "originRack",
			"from": [ 0.0, 0.0, 3.0 ],
			"to": [ 0.0, 0.0, 3.0 ],
			"rotationOrigin": [ 0.0, 0.0, 3.0 ],
			"faces": {
			},
			"children": [
				{
					"name": "rackHolderL",
					"from": [ 2.0, 0.0, 0.0 ],
					"to": [ 3.0, 16.0, 1.0 ],
					"rotationOrigin": [ 2.0, 0.0, 0.0 ],
					"faces": {
						"north": { "texture": "#surface", "uv": [ 0.0, 6.5, 16.0, 7.5 ], "rotation": 90 },
						"east": { "texture": "#surface", "uv": [ 0.0, 7.5, 16.0, 8.5 ], "rotation": 90 },
						"south": { "texture": "#surface", "uv": [ 0.0, 9.0, 16.0, 10.0 ], "rotation": 90 },
						"west": { "texture": "#surface", "uv": [ 0.0, 8.5, 16.0, 9.5 ], "rotation": 90 },
						"up": { "texture": "#surface", "uv": [ 10.0, 1.5, 11.0, 2.5 ] },
						"down": { "texture": "#surface", "uv": [ 10.5, 1.5, 11.5, 2.5 ] }
					}
				},
				{
					"name": "rackHolderB",
					"from": [ 29.0, 0.0, 0.0 ],
					"to": [ 30.0, 16.0, 1.0 ],
					"rotationOrigin": [ 29.0, 0.0, 0.0 ],
					"faces": {
						"north": { "texture": "#surface", "uv": [ 0.0, 6.5, 16.0, 7.5 ], "rotation": 90 },
						"east": { "texture": "#surface", "uv": [ 0.0, 7.5, 16.0, 8.5 ], "rotation": 90 },
						"south": { "texture": "#surface", "uv": [ 0.0, 9.0, 16.0, 10.0 ], "rotation": 90 },
						"west": { "texture": "#surface", "uv": [ 0.0, 8.5, 16.0, 9.5 ], "rotation": 90 },
						"up": { "texture": "#surface", "uv": [ 10.0, 1.5, 11.0, 2.5 ] },
						"down": { "texture": "#surface", "uv": [ 10.5, 1.5, 11.5, 2.5 ] }
					}
				},
				{
					"name": "rackL1",
					"from": [ 2.2, 1.0, 0.1 ],
					"to": [ 2.8, 3.0, 0.7 ],
					"rotationOrigin": [ 2.2, 1.0, 1.1 ],
					"rotationX": 67.5,
					"faces": {
						"north": { "texture": "#surface", "uv": [ 0.0, 8.5, 0.5, 10.5 ] },
						"east": { "texture": "#surface", "uv": [ 15.5, 6.0, 16.0, 8.0 ] },
						"south": { "texture": "#surface", "uv": [ 0.0, 5.5, 0.5, 7.5 ] },
						"west": { "texture": "#surface", "uv": [ 0.0, 11.0, 0.5, 13.0 ] },
						"up": { "texture": "#surface", "uv": [ 0.0, 7.5, 0.5, 8.0 ] }
					},
					"children": [
						{
							"name": "rackL2",
							"from": [ 0.0, 1.5307, -3.6955 ],
							"to": [ 0.6, 3.5307, -3.0955 ],
							"rotationOrigin": [ 0.0, 1.5307, -2.6955 ],
							"faces": {
								"north": { "texture": "#surface", "uv": [ 0.0, 8.5, 0.5, 10.5 ] },
								"east": { "texture": "#surface", "uv": [ 15.5, 6.0, 16.0, 8.0 ] },
								"south": { "texture": "#surface", "uv": [ 0.0, 5.5, 0.5, 7.5 ] },
								"west": { "texture": "#surface", "uv": [ 0.0, 11.0, 0.5, 13.0 ] },
								"up": { "texture": "#surface", "uv": [ 0.0, 7.5, 0.5, 8.0 ] }
							}
						},
						{
							"name": "rackL3",
							"from": [ 0.0, 3.0615, -7.391 ],
							"to": [ 0.6, 5.0615, -6.791 ],
							"rotationOrigin": [ 0.0, 3.0615, -6.391 ],
							"faces": {
								"north": { "texture": "#surface", "uv": [ 0.0, 8.5, 0.5, 10.5 ] },
								"east": { "texture": "#surface", "uv": [ 15.5, 6.0, 16.0, 8.0 ] },
								"south": { "texture": "#surface", "uv": [ 0.0, 5.5, 0.5, 7.5 ] },
								"west": { "texture": "#surface", "uv": [ 0.0, 11.0, 0.5, 13.0 ] },
								"up": { "texture": "#surface", "uv": [ 0.0, 7.5, 0.5, 8.0 ] }
							}
						},
						{
							"name": "rackL4",
							"from": [ 0.0, 4.5922, -11.0866 ],
							"to": [ 0.6, 6.5922, -10.4866 ],
							"rotationOrigin": [ 0.0, 4.5922, -10.0866 ],
							"faces": {
								"north": { "texture": "#surface", "uv": [ 0.0, 8.5, 0.5, 10.5 ] },
								"east": { "texture": "#surface", "uv": [ 15.5, 6.0, 16.0, 8.0 ] },
								"south": { "texture": "#surface", "uv": [ 0.0, 5.5, 0.5, 7.5 ] },
								"west": { "texture": "#surface", "uv": [ 0.0, 11.0, 0.5, 13.0 ] },
								"up": { "texture": "#surface", "uv": [ 0.0, 7.5, 0.5, 8.0 ] }
							}
						}
					]
				},
				{
					"name": "rackR1",
					"from": [ 29.2, 1.0, 0.1 ],
					"to": [ 29.8, 3.0, 0.7 ],
					"rotationOrigin": [ 29.2, 1.0, 1.1 ],
					"rotationX": 67.5,
					"faces": {
						"north": { "texture": "#surface", "uv": [ 0.0, 8.5, 0.5, 10.5 ] },
						"east": { "texture": "#surface", "uv": [ 15.5, 3.5, 16.0, 5.5 ] },
						"south": { "texture": "#surface", "uv": [ 15.5, 8.0, 16.0, 10.0 ] },
						"west": { "texture": "#surface", "uv": [ 0.0, 4.5, 0.5, 6.5 ] },
						"up": { "texture": "#surface", "uv": [ 0.0, 9.5, 0.5, 10.0 ] }
					},
					"children": [
						{
							"name": "rackR2",
							"from": [ 0.0, 1.5307, -3.6955 ],
							"to": [ 0.6, 3.5307, -3.0955 ],
							"rotationOrigin": [ 0.0, 1.5307, -2.6955 ],
							"faces": {
								"north": { "texture": "#surface", "uv": [ 0.0, 8.5, 0.5, 10.5 ] },
								"east": { "texture": "#surface", "uv": [ 15.5, 3.5, 16.0, 5.5 ] },
								"south": { "texture": "#surface", "uv": [ 15.5, 8.0, 16.0, 10.0 ] },
								"west": { "texture": "#surface", "uv": [ 0.0, 4.5, 0.5, 6.5 ] },
								"up": { "texture": "#surface", "uv": [ 0.0, 9.5, 0.5, 10.0 ] }
							}
						},
						{
							"name": "rackR3",
							"from": [ 0.0, 3.0615, -7.391 ],
							"to": [ 0.6, 5.0615, -6.791 ],
							"rotationOrigin": [ 0.0, 3.0615, -6.391 ],
							"faces": {
								"north": { "texture": "#surface", "uv": [ 0.0, 8.5, 0.5, 10.5 ] },
								"east": { "texture": "#surface", "uv": [ 15.5, 3.5, 16.0, 5.5 ] },
								"south": { "texture": "#surface", "uv": [ 15.5, 8.0, 16.0, 10.0 ] },
								"west": { "texture": "#surface", "uv": [ 0.0, 4.5, 0.5, 6.5 ] },
								"up": { "texture": "#surface", "uv": [ 0.0, 9.5, 0.5, 10.0 ] }
							}
						},
						{
							"name": "rackR4",
							"from": [ 0.0, 4.5922, -11.0866 ],
							"to": [ 0.6, 6.5922, -10.4866 ],
							"rotationOrigin": [ 0.0, 4.5922, -10.0866 ],
							"faces": {
								"north": { "texture": "#surface", "uv": [ 0.0, 8.5, 0.5, 10.5 ] },
								"east": { "texture": "#surface", "uv": [ 15.5, 3.5, 16.0, 5.5 ] },
								"south": { "texture": "#surface", "uv": [ 15.5, 8.0, 16.0, 10.0 ] },
								"west": { "texture": "#surface", "uv": [ 0.0, 4.5, 0.5, 6.5 ] },
								"up": { "texture": "#surface", "uv": [ 0.0, 9.5, 0.5, 10.0 ] }
							}
						}
					]
				},
				{
					"name": "sticks",
					"from": [ 0.0, 0.0, 0.0 ],
					"to": [ 0.0, 0.0, 0.0 ],
					"faces": {
					},
					"children": [
						{
							"name": "stick1",
							"from": [ 3.0, 1.3, 0.1 ],
							"to": [ 16.0, 2.1, 0.9 ],
							"rotationOrigin": [ 3.0, 1.3, 0.1 ],
							"faces": {
								"north": { "texture": "#surface", "uv": [ 1.0, 15.5, 14.0, 16.0 ] },
								"south": { "texture": "#surface", "uv": [ 3.0, 3.0, 16.0, 3.5 ] },
								"up": { "texture": "#surface", "uv": [ 2.0, 15.5, 15.0, 16.0 ] },
								"down": { "texture": "#surface", "uv": [ 0.5, 3.0, 13.5, 3.5 ] }
							},
							"children": [
								{
									"name": "stick1-2",
									"from": [ 13.0, 0.0, 0.0 ],
									"to": [ 26.0, 0.8, 0.8 ],
									"rotationOrigin": [ 13.0, 0.0, 0.0 ],
									"faces": {
										"north": { "texture": "#surface", "uv": [ 1.0, 15.5, 14.0, 16.0 ] },
										"south": { "texture": "#surface", "uv": [ 3.0, 3.0, 16.0, 3.5 ] },
										"up": { "texture": "#surface", "uv": [ 2.0, 15.5, 15.0, 16.0 ] },
										"down": { "texture": "#surface", "uv": [ 0.5, 3.0, 13.5, 3.5 ] }
									}
								},
								{
									"name": "stick2-2",
									"from": [ -3.0, 0.0, -3.0 ],
									"to": [ 0.5, 0.8, -2.2 ],
									"rotationOrigin": [ -3.0, 0.0, -2.0 ],
									"rotationY": -56.0,
									"faces": {
										"north": { "texture": "#surface", "uv": [ 1.0, 15.5, 4.5, 16.0 ] },
										"south": { "texture": "#surface", "uv": [ 3.0, 3.0, 6.5, 3.5 ] },
										"up": { "texture": "#surface", "uv": [ 2.0, 15.5, 5.5, 16.0 ] },
										"down": { "texture": "#surface", "uv": [ 0.5, 3.0, 4.0, 3.5 ] }
									}
								},
								{
									"name": "stick3-2",
									"from": [ 25.5, 0.0, -3.0 ],
									"to": [ 29.0, 0.8, -2.2 ],
									"rotationOrigin": [ 29.0, 0.0, -2.0 ],
									"rotationY": 56.0,
									"faces": {
										"north": { "texture": "#surface", "uv": [ 1.0, 15.5, 4.5, 16.0 ] },
										"south": { "texture": "#surface", "uv": [ 3.0, 3.0, 6.5, 3.5 ] },
										"up": { "texture": "#surface", "uv": [ 2.0, 15.5, 5.5, 16.0 ] },
										"down": { "texture": "#surface", "uv": [ 0.5, 3.0, 4.0, 3.5 ] }
									}
								}
							]
						},
						{
							"name": "stick2",
							"from": [ 3.0, 5.3, 0.1 ],
							"to": [ 16.0, 6.1, 0.9 ],
							"rotationOrigin": [ 3.0, 5.3, 0.1 ],
							"faces": {
								"north": { "texture": "#surface", "uv": [ 2.0, 15.5, 15.0, 16.0 ] },
								"south": { "texture": "#surface", "uv": [ 1.0, 3.0, 14.0, 3.5 ] },
								"up": { "texture": "#surface", "uv": [ 1.0, 15.5, 14.0, 16.0 ] },
								"down": { "texture": "#surface", "uv": [ 1.0, 3.0, 14.0, 3.5 ] }
							},
							"children": [
								{
									"name": "stick1-3",
									"from": [ 13.0, 0.0, 0.0 ],
									"to": [ 26.0, 0.8, 0.8 ],
									"rotationOrigin": [ 13.0, 0.0, 0.0 ],
									"faces": {
										"north": { "texture": "#surface", "uv": [ 1.5, 15.5, 14.5, 16.0 ] },
										"south": { "texture": "#surface", "uv": [ 0.5, 3.0, 13.5, 3.5 ] },
										"up": { "texture": "#surface", "uv": [ 1.0, 15.5, 14.0, 16.0 ] },
										"down": { "texture": "#surface", "uv": [ 2.0, 3.0, 15.0, 3.5 ] }
									}
								},
								{
									"name": "stick2-3",
									"from": [ -3.0, 0.0, -3.0 ],
									"to": [ 0.5, 0.8, -2.2 ],
									"rotationOrigin": [ -3.0, 0.0, -2.0 ],
									"rotationY": -56.0,
									"faces": {
										"north": { "texture": "#surface", "uv": [ 1.0, 15.5, 4.5, 16.0 ] },
										"south": { "texture": "#surface", "uv": [ 3.0, 3.0, 6.5, 3.5 ] },
										"up": { "texture": "#surface", "uv": [ 2.0, 15.5, 5.5, 16.0 ] },
										"down": { "texture": "#surface", "uv": [ 0.5, 3.0, 4.0, 3.5 ] }
									}
								},
								{
									"name": "stick3-3",
									"from": [ 25.5, 0.0, -3.0 ],
									"to": [ 29.0, 0.8, -2.2 ],
									"rotationOrigin": [ 29.0, 0.0, -2.0 ],
									"rotationY": 56.0,
									"faces": {
										"north": { "texture": "#surface", "uv": [ 1.0, 15.5, 4.5, 16.0 ] },
										"south": { "texture": "#surface", "uv": [ 3.0, 3.0, 6.5, 3.5 ] },
										"up": { "texture": "#surface", "uv": [ 2.0, 15.5, 5.5, 16.0 ] },
										"down": { "texture": "#surface", "uv": [ 0.5, 3.0, 4.0, 3.5 ] }
									}
								}
							]
						},
						{
							"name": "stick3",
							"from": [ 3.0, 9.3, 0.1 ],
							"to": [ 16.0, 10.1, 0.9 ],
							"rotationOrigin": [ 3.0, 9.3, 0.1 ],
							"faces": {
								"north": { "texture": "#surface", "uv": [ 1.5, 15.5, 14.5, 16.0 ] },
								"south": { "texture": "#surface", "uv": [ 2.5, 3.0, 15.5, 3.5 ] },
								"up": { "texture": "#surface", "uv": [ 1.5, 15.5, 14.5, 16.0 ] },
								"down": { "texture": "#surface", "uv": [ 1.5, 3.0, 14.5, 3.5 ] }
							},
							"children": [
								{
									"name": "stick1-4",
									"from": [ 13.0, 0.0, 0.0 ],
									"to": [ 26.0, 0.8, 0.8 ],
									"rotationOrigin": [ 13.0, 0.0, 0.0 ],
									"faces": {
										"north": { "texture": "#surface", "uv": [ 2.0, 15.5, 15.0, 16.0 ] },
										"south": { "texture": "#surface", "uv": [ 2.0, 3.0, 15.0, 3.5 ] },
										"up": { "texture": "#surface", "uv": [ 2.5, 15.5, 15.5, 16.0 ] },
										"down": { "texture": "#surface", "uv": [ 2.0, 3.0, 15.0, 3.5 ] }
									}
								},
								{
									"name": "stick2-4",
									"from": [ -3.0, 0.0, -3.0 ],
									"to": [ 0.5, 0.8, -2.2 ],
									"rotationOrigin": [ -3.0, 0.0, -2.0 ],
									"rotationY": -56.0,
									"faces": {
										"north": { "texture": "#surface", "uv": [ 1.0, 15.5, 4.5, 16.0 ] },
										"south": { "texture": "#surface", "uv": [ 3.0, 3.0, 6.5, 3.5 ] },
										"up": { "texture": "#surface", "uv": [ 2.0, 15.5, 5.5, 16.0 ] },
										"down": { "texture": "#surface", "uv": [ 0.5, 3.0, 4.0, 3.5 ] }
									}
								},
								{
									"name": "stick3-4",
									"from": [ 25.5, 0.0, -3.0 ],
									"to": [ 29.0, 0.8, -2.2 ],
									"rotationOrigin": [ 29.0, 0.0, -2.0 ],
									"rotationY": 56.0,
									"faces": {
										"north": { "texture": "#surface", "uv": [ 1.0, 15.5, 4.5, 16.0 ] },
										"south": { "texture": "#surface", "uv": [ 3.0, 3.0, 6.5, 3.5 ] },
										"up": { "texture": "#surface", "uv": [ 2.0, 15.5, 5.5, 16.0 ] },
										"down": { "texture": "#surface", "uv": [ 0.5, 3.0, 4.0, 3.5 ] }
									}
								}
							]
						},
						{
							"name": "stick4",
							"from": [ 3.0, 13.3, 0.1 ],
							"to": [ 16.0, 14.1, 0.9 ],
							"rotationOrigin": [ 3.0, 13.3, 0.1 ],
							"faces": {
								"north": { "texture": "#surface", "uv": [ 0.5, 15.5, 13.5, 16.0 ] },
								"south": { "texture": "#surface", "uv": [ 1.0, 3.0, 14.0, 3.5 ] },
								"up": { "texture": "#surface", "uv": [ 0.0, 15.5, 13.0, 16.0 ] },
								"down": { "texture": "#surface", "uv": [ 0.0, 3.0, 13.0, 3.5 ] }
							},
							"children": [
								{
									"name": "stick1-5",
									"from": [ 13.0, 0.0, 0.0 ],
									"to": [ 26.0, 0.8, 0.8 ],
									"rotationOrigin": [ 13.0, 0.0, 0.0 ],
									"faces": {
										"north": { "texture": "#surface", "uv": [ 2.5, 15.5, 15.5, 16.0 ] },
										"south": { "texture": "#surface", "uv": [ 0.5, 3.0, 13.5, 3.5 ] },
										"up": { "texture": "#surface", "uv": [ 0.0, 15.5, 13.0, 16.0 ] },
										"down": { "texture": "#surface", "uv": [ 2.0, 3.0, 15.0, 3.5 ] }
									}
								},
								{
									"name": "stick2-5",
									"from": [ -3.0, 0.0, -3.0 ],
									"to": [ 0.5, 0.8, -2.2 ],
									"rotationOrigin": [ -3.0, 0.0, -2.0 ],
									"rotationY": -56.0,
									"faces": {
										"north": { "texture": "#surface", "uv": [ 1.0, 15.5, 4.5, 16.0 ] },
										"south": { "texture": "#surface", "uv": [ 3.0, 3.0, 6.5, 3.5 ] },
										"up": { "texture": "#surface", "uv": [ 2.0, 15.5, 5.5, 16.0 ] },
										"down": { "texture": "#surface", "uv": [ 0.5, 3.0, 4.0, 3.5 ] }
									}
								},
								{
									"name": "stick3-5",
									"from": [ 25.5, 0.0, -3.0 ],
									"to": [ 29.0, 0.8, -2.2 ],
									"rotationOrigin": [ 29.0, 0.0, -2.0 ],
									"rotationY": 56.0,
									"faces": {
										"north": { "texture": "#surface", "uv": [ 1.0, 15.5, 4.5, 16.0 ] },
										"south": { "texture": "#surface", "uv": [ 3.0, 3.0, 6.5, 3.5 ] },
										"up": { "texture": "#surface", "uv": [ 2.0, 15.5, 5.5, 16.0 ] },
										"down": { "texture": "#surface", "uv": [ 0.5, 3.0, 4.0, 3.5 ] }
									}
								}
							]
						}
					]
				},
				{
					"name": "rackWallHolderL",
					"from": [ 0.0, 0.0, -3.0 ],
					"to": [ 1.0, 16.0, -2.0 ],
					"rotationOrigin": [ 0.0, 0.0, -3.0 ],
					"faces": {
						"north": { "texture": "#surface", "uv": [ 0.0, 6.5, 16.0, 7.5 ], "rotation": 90 },
						"east": { "texture": "#surface", "uv": [ 0.0, 7.5, 16.0, 8.5 ], "rotation": 90 },
						"south": { "texture": "#surface", "uv": [ 0.0, 9.0, 16.0, 10.0 ], "rotation": 90 },
						"west": { "texture": "#surface", "uv": [ 0.0, 8.5, 16.0, 9.5 ], "rotation": 90 },
						"up": { "texture": "#surface", "uv": [ 10.0, 1.5, 11.0, 2.5 ] },
						"down": { "texture": "#surface", "uv": [ 10.5, 1.5, 11.5, 2.5 ] }
					}
				},
				{
					"name": "rackWallHolderB",
					"from": [ 31.0, 0.0, -3.0 ],
					"to": [ 32.0, 16.0, -2.0 ],
					"rotationOrigin": [ 31.0, 0.0, -3.0 ],
					"faces": {
						"north": { "texture": "#surface", "uv": [ 0.0, 6.5, 16.0, 7.5 ], "rotation": 90 },
						"east": { "texture": "#surface", "uv": [ 0.0, 7.5, 16.0, 8.5 ], "rotation": 90 },
						"south": { "texture": "#surface", "uv": [ 0.0, 9.0, 16.0, 10.0 ], "rotation": 90 },
						"west": { "texture": "#surface", "uv": [ 0.0, 8.5, 16.0, 9.5 ], "rotation": 90 },
						"up": { "texture": "#surface", "uv": [ 10.0, 1.5, 11.0, 2.5 ] },
						"down": { "texture": "#surface", "uv": [ 10.5, 1.5, 11.5, 2.5 ] }
					}
				}
			]
		}
	]}