[
  {
    "file": "rope-bridges:blocktypes/wood/ropebridge-middle-right.json",
    "op": "addeach",
    "path": "/variantgroups/2/states/-",
    "value": [ "douglasfir", "willow", "honeylocust", "bearnut", "poplar", "catalpa", "mahogany", "sal", "saxaul", "spruce", "sycamore", "elm", "beech", "eucalyptus", "cedar", "tuja", "redcedar", "yew", "kauri", "ginkgo", "dalbergia", "umnini", "banyan", "guajacum", "ghostgum", "ohia", "satinash", "bluemahoe", "jacaranda", "empresstree", "chlorociboria", "petrified", "fir", "tamanu", "spurgetree", "azobe", "leadwood", "linden", "horsechestnut", "tigerwood", "sapele", "ash", "mangrove", "charred"  ],
    "side": "server",
    "dependsOn": [{ "modid": "wildcrafttree" }]
  },
  {
    "file": "rope-bridges:blocktypes/wood/ropebridge-middle-left.json",
    "op": "addeach",
    "path": "/variantgroups/2/states/-",
    "value": [ "douglasfir", "willow", "honeylocust", "bearnut", "poplar", "catalpa", "mahogany", "sal", "saxaul", "spruce", "sycamore", "elm", "beech", "eucalyptus", "cedar", "tuja", "redcedar", "yew", "kauri", "ginkgo", "dalbergia", "umnini", "banyan", "guajacum", "ghostgum", "ohia", "satinash", "bluemahoe", "jacaranda", "empresstree", "chlorociboria", "petrified", "fir", "tamanu", "spurgetree", "azobe", "leadwood", "linden", "horsechestnut", "tigerwood", "sapele", "ash", "mangrove", "charred"  ],
    "side": "server",
    "dependsOn": [{ "modid": "wildcrafttree" }]
  },
  {
    "file": "rope-bridges:blocktypes/wood/ropebridge-middle.json",
    "op": "addeach",
    "path": "/variantgroups/1/states/-",
    "value": [ "douglasfir", "willow", "honeylocust", "bearnut", "poplar", "catalpa", "mahogany", "sal", "saxaul", "spruce", "sycamore", "elm", "beech", "eucalyptus", "cedar", "tuja", "redcedar", "yew", "kauri", "ginkgo", "dalbergia", "umnini", "banyan", "guajacum", "ghostgum", "ohia", "satinash", "bluemahoe", "jacaranda", "empresstree", "chlorociboria", "petrified", "fir", "tamanu", "spurgetree", "azobe", "leadwood", "linden", "horsechestnut", "tigerwood", "sapele", "ash", "mangrove", "charred"  ],
    "side": "server",
    "dependsOn": [{ "modid": "wildcrafttree" }]
  },
  {
    "file": "rope-bridges:blocktypes/wood/ropebridge-end-right.json",
    "op": "addeach",
    "path": "/variantgroups/2/states/-",
    "value": [ "douglasfir", "willow", "honeylocust", "bearnut", "poplar", "catalpa", "mahogany", "sal", "saxaul", "spruce", "sycamore", "elm", "beech", "eucalyptus", "cedar", "tuja", "redcedar", "yew", "kauri", "ginkgo", "dalbergia", "umnini", "banyan", "guajacum", "ghostgum", "ohia", "satinash", "bluemahoe", "jacaranda", "empresstree", "chlorociboria", "petrified", "fir", "tamanu", "spurgetree", "azobe", "leadwood", "linden", "horsechestnut", "tigerwood", "sapele", "ash", "mangrove", "charred"  ],
    "side": "server",
    "dependsOn": [{ "modid": "wildcrafttree" }]
  },
  {
    "file": "rope-bridges:blocktypes/wood/ropebridge-end-left.json",
    "op": "addeach",
    "path": "/variantgroups/2/states/-",
    "value": [ "douglasfir", "willow", "honeylocust", "bearnut", "poplar", "catalpa", "mahogany", "sal", "saxaul", "spruce", "sycamore", "elm", "beech", "eucalyptus", "cedar", "tuja", "redcedar", "yew", "kauri", "ginkgo", "dalbergia", "umnini", "banyan", "guajacum", "ghostgum", "ohia", "satinash", "bluemahoe", "jacaranda", "empresstree", "chlorociboria", "petrified", "fir", "tamanu", "spurgetree", "azobe", "leadwood", "linden", "horsechestnut", "tigerwood", "sapele", "ash", "mangrove", "charred"  ],
    "side": "server",
    "dependsOn": [{ "modid": "wildcrafttree" }]
  },
  {
    "file": "rope-bridges:blocktypes/wood/ropebridge-end.json",
    "op": "addeach",
    "path": "/variantgroups/1/states/-",
    "value": [ "douglasfir", "willow", "honeylocust", "bearnut", "poplar", "catalpa", "mahogany", "sal", "saxaul", "spruce", "sycamore", "elm", "beech", "eucalyptus", "cedar", "tuja", "redcedar", "yew", "kauri", "ginkgo", "dalbergia", "umnini", "banyan", "guajacum", "ghostgum", "ohia", "satinash", "bluemahoe", "jacaranda", "empresstree", "chlorociboria", "petrified", "fir", "tamanu", "spurgetree", "azobe", "leadwood", "linden", "horsechestnut", "tigerwood", "sapele", "ash", "mangrove", "charred"  ],
    "side": "server",
    "dependsOn": [{ "modid": "wildcrafttree" }]
  },
]