{
  "code": "sign-3x2board2",
  "creativeinventory": { "general": ["*-north"], "decorative": ["*-north"]},
  "class": "BlockSign",
  "entityclass": "Sign",
  "behaviors": [
		{"name": "Lockable"}
	],
  "attributes": {
    "reinforcable": true,
    "maxWidth": 245,
    "maxHeight": 200,
    "fontSize": 20,
    "textVoxelOffsetX": -16,
    "textVoxelOffsetY": 21,
    "textVoxelOffsetZ": 0,
    "textVoxelWidth": 43,
    "textVoxelHeight": 30
  },
  "variantgroups": [
    {
      "code": "type",
      "states": [
        "plaster"
      ]
    },
    { "code": "attachment", "states": ["wall"] },
    { "code": "side", "loadFromProperties": "abstract/horizontalorientation" }
  ],
  "shapebytype": {
    "*-wall-north": { "base": "block/sign-3x2board", "rotateY": 0 },
    "*-wall-east": { "base": "block/sign-3x2board", "rotateY": 270 },
    "*-wall-south": { "base": "block/sign-3x2board", "rotateY": 180 },
    "*-wall-west": { "base": "block/sign-3x2board", "rotateY": 90 }
  },
  "textures": {
    "sign": { "base": "game:block/stone/plaster/plain" },
    "frame": { "base": "game:item/resource/plate/lead" }
  },
  "lightAbsorption": 0,
  "sidesolid": {
    "all": false
  },
  "sideopaque": {
    "all": false
  },
  "faceCullMode": "NeverCull",
  "replaceable": 500,
  "resistance": 3,
  "selectionboxbytype": {
    "*-wall-east": {
      "rotateY": 270,
      "x1": 0.4625,
      "y1": 0.8125,
      "z1": 0,
      "x2": 3.4375,
      "y2": 2.3125,
      "z2": 3.0625
    },
    "*-wall-south": {
      "rotateY": 180,
      "x1": 0.4625,
      "y1": 0.8125,
      "z1": 0,
      "x2": 3.4375,
      "y2": 2.3125,
      "z2": 3.0625
    },
    "*-wall-west": {
      "rotateY": 90,
      "x1": 0.4625,
      "y1": 0.8125,
      "z1": 0,
      "x2": 3.4375,
      "y2": 2.3125,
      "z2": 3.0625
    },
    "*-wall-north": {
      "rotateY": 0,
      "x1": 0.4625,
      "y1": 0.8125,
      "z1": 0,
      "x2": 3.4375,
      "y2": 2.3125,
      "z2": 3.0625
    },

    "*": {
      "x1": 0.4625,
      "y1": 0.8125,
      "z1": 0,
      "x2": 3.4375,
      "y2": 2.3125,
      "z2": 3.0625,
      "rotateY": 0
    }
  },
  "collisionboxbytype": {
    "*-wall-east": {
      "rotateY": 270,
      "x1": 0,
      "y1": 0,
      "z1": 0,
      "x2": 3,
      "y2": 3,
      "z2": 0.12
    },
    "*-wall-south": {
      "rotateY": 180,
      "x1": 0,
      "y1": 0,
      "z1": 0,
      "x2": 3,
      "y2": 3,
      "z2": 0.12
    },
    "*-wall-west": {
      "rotateY": 90,
      "x1": 0,
      "y1": 0,
      "z1": 0,
      "x2": 3,
      "y2": 3,
      "z2": 0.12
    },
    "*-wall-north": {
      "rotateY": 0,
      "x1": 0,
      "y1": 0,
      "z1": 0,
      "x2": 3,
      "y2": 3,
      "z2": 0.12
    },

    "*": {
      "x1": 0.0625,
      "y1": 0,
      "z1": 0.4375,
      "x2": 3.9375,
      "y2": 4.875,
      "z2": 0.625,
      "rotateY": 0
    }
  },
  "combustibleProps": {
    "burnTemperature": 600,
    "burnDuration": 10
  },
  "sounds": {
    "place": "game:block/planks",
    "hit": "game:block/planks",
    "break": "game:block/planks",
    "walk": "game:walk/wood"
  },
  "rainPermeable": true,
  "materialDensity": 600,
  "heldTpIdleAnimation": "holdunderarm",
  "tpHandTransform": {
    "translation": { "x": 0.4, "y": -0.5, "z": -1.1 },
    "rotation": { "x": 20, "y": -25, "z": -30 },
    "origin": { "x": 0.5, "y": 0, "z": 0.5 },
    "scale": 0.32
  },
  "fpHandTransform": {
    "translation": { "x": 0, "y": 0.18, "z": 1 },
    "rotation": { "x": 98, "y": 42, "z": 90 },
    "origin": { "x": 0.5, "y": 0.7, "z": 1 },
    "scale": 1.11
  },
  "groundTransform": {
    "translation": { "x": 0, "y": 0.3, "z": 0 },
    "rotation": { "x": -90, "y": 0, "z": 0 },
    "origin": { "x": 0.5, "y": 0, "z": 0.5 },
    "scale": 3
  },
  "guiTransform": {
    "translation": { "x": 0, "y":0, "z": 0 },
    "rotation": { "x": 0, "y": 0, "z": 0 },
    "origin": { "x": 2.8, "y": 1, "z": 0.5 },
    "scale": 0.27
	}
}
