[
  {
    "op": "replace",
    "path": "/server/spawnconditionsByType/fox-male-red/worldgen/TriesPerChunk/avg",
    "value": 0.0,
    "file": "game:entities/land/fox.json",
    "side": "server"
  },
  {
    "op": "replace",
    "path": "/server/spawnconditionsByType/fox-male-red/runtime/chance",
    "value": 0.0,
    "file": "game:entities/land/fox.json",
    "side": "server"
  },
  {
    "op": "replace",
    "path": "/server/spawnconditionsByType/fox-male-arctic/worldgen/TriesPerChunk/avg",
    "value": 0.0,
    "file": "game:entities/land/fox.json",
    "side": "server"
  },
  {
    "op": "replace",
    "path": "/server/spawnconditionsByType/fox-male-arctic/runtime/chance",
    "value": 0.0,
    "file": "game:entities/land/fox.json",
    "side": "server"
  }
]