{
	"code": "pelt",
		"behaviors": [
		{ "name": "GroundStorable", "properties": { "layout": "SingleCenter"}}
	],
  "variantgroups": [
    {"code": "tribe","states": [ "alceini", "capreolini", "odocoileini" ]},
    {"code": "type","states": [ "baby","female","male" ]},
    {"code": "species","states": [ "alcesalces","capreoluscapreolus","capreoluspygargus","hydropotesinermis","blastocerusdichotomus","hippocamelusantisensis","hippocamelusbisulcus","mazamaamericana","mazamachunyi","mazamagouazoubira","mazamanana","mazamanemorivaga","mazamarufina","mazamatemama","mazamatienhoveni","odocoileushemionus","odocoileuspandora","odocoileusvirginianus","ozotocerosbezoarticus","pudellamephistophiles","pudupuda","rangifertarandus" ]},
],
	"allowedVariants": [
		"*-alceini-*-alcesalces",
		"*-capreolini-*-capreoluscapreolus",
		"*-capreolini-*-capreoluspygargus",
		"*-capreolini-*-hydropotesinermis",
		"*-odocoileini-*-blastocerusdichotomus",
		"*-odocoileini-*-hippocamelusantisensis",
		"*-odocoileini-*-hippocamelusbisulcus",
		"*-odocoileini-*-mazamaamericana",
		"*-odocoileini-*-mazamachunyi",
		"*-odocoileini-*-mazamagouazoubira",
		"*-odocoileini-*-mazamanana",
		"*-odocoileini-*-mazamanemorivaga",
		"*-odocoileini-*-mazamarufina",
		"*-odocoileini-*-mazamatemama",
		"*-odocoileini-*-mazamatienhoveni",
		"*-odocoileini-*-odocoileushemionus",
		"*-odocoileini-*-odocoileuspandora",
		"*-odocoileini-*-odocoileusvirginianus",
		"*-odocoileini-*-ozotocerosbezoarticus",
		"*-odocoileini-*-pudellamephistophiles",
		"*-odocoileini-*-pudupuda",
		"*-odocoileini-*-rangifertarandus"
	],
  "shapebytype": {
    "*-alceini-baby-*": {
      "base": "item/{tribe}/{species}/floorpelt-baby"
    },
    "*-alceini-*": {
      "base": "item/{tribe}/{species}/floorpelt-male"
    },
    "*-capreolini-baby-*": {
      "base": "item/{tribe}/{species}/floorpelt-baby"
    },
    "*-capreolini-*": {
      "base": "item/{tribe}/{species}/floorpelt-male"
    },
    "*": {
      "base": "item/{tribe}/floorpelt-{species}-{type}"
    }
  },
  "texturesByType": {
    "*-baby-alcesalces": {"skin": {"base": "game:entity/hooved/deer/moose-baby"}},
    "*-alcesalces": {"skin": {"base": "game:entity/hooved/deer/moose-adult"}},
    "*-baby-capreoluscapreolus": {"skin": {"base": "game:entity/hooved/deer/water-baby"}},
    "*-baby-capreoluspygargus": {"skin": {"base": "game:entity/hooved/deer/water-baby"}},
    "*-baby-hydropotesinermis": {"skin": {"base": "game:entity/hooved/deer/water-baby"}},
    "*-hydropotesinermis": {"skin": {"base": "game:entity/hooved/deer/water-adult"}},
    "*-baby-mazamachunyi": {"skin": {"base": "entity/odocoileini/mazamanana-baby"},"bottom": {"base": "game:block/leather/plain"}},
    "*-baby-mazamagouazoubira": {"skin": {"base": "entity/odocoileini/mazamaamericana-baby"},"bottom": {"base": "game:block/leather/plain"}},
    "*-baby-mazamarufina": {"skin": {"base": "entity/odocoileini/mazamanana-baby"},"bottom": {"base": "game:block/leather/plain"}},
    "*-baby-mazamatemama": {"skin": {"base": "entity/odocoileini/mazamaamericana-baby"},"bottom": {"base": "game:block/leather/plain"}},
    "*-baby-mazamatienhoveni": {"skin": {"base": "entity/odocoileini/mazamaamericana-baby"},"bottom": {"base": "game:block/leather/plain"}},
    "*-baby-odocoileushemionus": {"skin": {"base": "entity/odocoileini/odocoileusvirginianus-baby"},"bottom": {"base": "game:block/leather/plain"}},
    "*-baby-pudellamephistophiles": {"skin": {"base": "entity/odocoileini/pudupuda-baby"},"bottom": {"base": "game:block/leather/plain"}},
    "*-baby-*": {"skin": {"base": "entity/{tribe}/{species}-baby"},"bottom": {"base": "game:block/leather/plain"}},
    "*": {"skin": {"base": "entity/{tribe}/{species}-adult"},"bottom": {"base": "game:block/leather/plain"}}
  },
	"creativeinventory": { "general": ["*"], "items": ["*"] },
	"maxstacksize": 64,
	"attributes": {
		"handbook": {"groupBy": ["floorpelt-*"]},
		"displaycaseable": false, 
		"shelvable": false,
		"antlerMountableByType": {
			"*": true
		},
		"onAntlerMountTransformByType": {
			"*-male-alcesalces": {"translation": { "x": 0.0, "y": 0.45, "z": 0 },"rotation": { "x": 0, "y": 0, "z": -90 },"origin": { "x": 0.1, "y": 0.0, "z": 0.5 },"scale": 1.1},"*-female-alcesalces": {"translation": { "x": 0.0, "y": 0.45, "z": 0 },"rotation": { "x": 0, "y": 0, "z": -90 },"origin": { "x": 0.1, "y": 0.0, "z": 0.5 },"scale": 0.9},	
			"*-female-capreoluscapreolus": {"translation": { "x": 0.0, "y": 0.45, "z": 0 },"rotation": { "x": 0, "y": 0, "z": -90 },"origin": { "x": 0.1, "y": 0.0, "z": 0.5 },"scale": 0.9},"*-baby-capreoluscapreolus": {"translation": { "x": 0.0, "y": 0.45, "z": 0 },"rotation": { "x": 0, "y": 0, "z": -90 },"origin": { "x": 0.1, "y": 0.0, "z": 0.5 },"scale": 0.8},
			"*-male-capreoluspygargus": {"translation": { "x": 0.0, "y": 0.45, "z": 0 },"rotation": { "x": 0, "y": 0, "z": -90 },"origin": { "x": 0.1, "y": 0.0, "z": 0.5 },"scale": 1.06},"*-baby-capreoluspygargus": {"translation": { "x": 0.0, "y": 0.45, "z": 0 },"rotation": { "x": 0, "y": 0, "z": -90 },"origin": { "x": 0.1, "y": 0.0, "z": 0.5 },"scale": 1},	
			"*-female-hydropotesinermis": {"translation": { "x": 0.0, "y": 0.45, "z": 0 },"rotation": { "x": 0, "y": 0, "z": -90 },"origin": { "x": 0.1, "y": 0.0, "z": 0.5 },"scale": 0.96},"*-baby-hydropotesinermis": {"translation": { "x": 0.0, "y": 0.45, "z": 0 },"rotation": { "x": 0, "y": 0, "z": -90 },"origin": { "x": 0.1, "y": 0.0, "z": 0.5 },"scale": 0.8},				
			"*": {"translation": { "x": 0.0, "y": 0.45, "z": 0 },"rotation": { "x": 0, "y": 0, "z": -90 },"origin": { "x": 0.1, "y": 0.0, "z": 0.5 },"scale": 1.0}			
		},
		"rackable": true,
		"toolrackTransform": {
			"translation": { "x": 0, "y": 0.45, "z": 0 },
			"rotation": { "x": -179.9, "y": 180, "z": 0.1 },
			"origin": { "x": 0.1, "y": 0.0, "z": 0.5 },
			"scale": 1.75
		},
		"onDisplayTransform": {
			"translation": { "x": 0, "y": -0.05, "z": 0.0 },
			"rotation": { "x": 0, "y": -45, "z": 0 },
			"origin": { "x": 0.5, "y": 0.5, "z": 0.5 },
			"scale": 1.0
		},
		"groundStorageTransformByType": {
			"*-male-alcesalces": {"translation": { "x": 0, "y": 0.05, "z": -0.0 },"rotation": { "x": 0, "y": 90, "z": 0 },"scale": 1.1},"*-female-alcesalces": {"translation": { "x": 0, "y": 0.0, "z": -0.0 },"rotation": { "x": 0, "y": 90, "z": 0 },"scale": 0.9},	
			"*-female-capreoluscapreolus": {"translation": { "x": 0, "y": 0.0, "z": -0.0 },"rotation": { "x": 0, "y": 90, "z": 0 },"scale": 0.9},"*-baby-capreoluscapreolus": {"translation": { "x": 0, "y": 0.0, "z": -0.0 },"rotation": { "x": 0, "y": 90, "z": 0 },"scale": 0.8},
			"*-male-capreoluspygargus": {"translation": { "x": 0, "y": 0.0, "z": -0.0 },"rotation": { "x": 0, "y": 90, "z": 0 },"scale": 1.06},"*-baby-capreoluspygargus": {"translation": { "x": 0, "y": 0.0, "z": -0.0 },"rotation": { "x": 0, "y": 90, "z": 0 },"scale": 1},	
			"*-female-hydropotesinermis": {"translation": { "x": 0, "y": 0.0, "z": -0.0 },"rotation": { "x": 0, "y": 90, "z": 0 },"scale": 0.96},"*-baby-hydropotesinermis": {"translation": { "x": 0, "y": 0.0, "z": -0.0 },"rotation": { "x": 0, "y": 90, "z": 0 },"scale": 0.8},	
			"*":{"translation": { "x": 0, "y": 0.0, "z": -0.0 },"rotation": { "x": 0, "y": 90, "z": 0 },"scale": 1.0}
		}
	},
  "sounds": {
    "walk": "game:walk/cloth"
  },
	"materialDensity": 500,
	"heldTpHitAnimation": "breaktool",
	"fpHandTransform": {
		"translation": { "x": 0, "y": -0.5, "z": -1.5 },
		"rotation": { "x": 180, "y": 0, "z": 90 },
		"scale": 1
	},
	"guiTransformByType": {
    "*alces*": {"translation": {"x": 0,"y": 1,"z": 0},"rotation": {"x": 0,"y": 145,"z": 90},"origin": {"x": 0.5,"y": 0.1,"z": 0.5},"scale": 0.8},
    "*dichotomus*": {"translation": {"x": 0,"y": 1,"z": 0},"rotation": {"x": 0,"y": 145,"z": 90},"origin": {"x": 0.5,"y": 0.1,"z": 0.5},"scale": 1.0},
    "*hemionus*": {"translation": {"x": 0,"y": 1,"z": 0},"rotation": {"x": 0,"y": 145,"z": 90},"origin": {"x": 0.5,"y": 0.1,"z": 0.5},"scale": 1.2},
    "*virginianus*": {"translation": {"x": 0,"y": 1,"z": 0},"rotation": {"x": 0,"y": 145,"z": 90},"origin": {"x": 0.5,"y": 0.1,"z": 0.5},"scale": 1.0},
    "*rangifer*": {"translation": {"x": 0,"y": 1,"z": 0},"rotation": {"x": 0,"y": 145,"z": 90},"origin": {"x": 0.5,"y": 0.1,"z": 0.5},"scale": 1.0},
    "*capreolini*": {"translation": {"x": 0,"y": 1,"z": 0},"rotation": {"x": 0,"y": 145,"z": 90},"origin": {"x": 0.5,"y": 0.1,"z": 0.5},"scale": 1.9},
    "*hippocamelus*": {"translation": {"x": 0,"y": 1,"z": 0},"rotation": {"x": 0,"y": 145,"z": 90},"origin": {"x": 0.5,"y": 0.1,"z": 0.5},"scale": 1.9},
    "*ozotoceros*": {"translation": {"x": 0,"y": 1,"z": 0},"rotation": {"x": 0,"y": 145,"z": 90},"origin": {"x": 0.5,"y": 0.1,"z": 0.5},"scale": 1.9},
    "*": {"translation": {"x": 0,"y": 1,"z": 0},"rotation": {"x": 0,"y": 145,"z": 90},"origin": {"x": 0.5,"y": 0.1,"z": 0.5},"scale": 2.7}
	},
	"tpHandTransform": {
		"translation": { "x": -0.55, "y": -0.10, "z": -0.45},
		"rotation": { "x": -90, "y": 90, "z": 0 },
		"origin": { "x": 0.5, "y": 0.0, "z": 0.5 },
		"scale": 1.0
	},

		"groundTransform": {
		"translation": { "x": 0, "y": 0, "z": 0 },
		"rotation": { "x": 0, "y": 0, "z": 0 },
		"origin": { "x": 0.5, "y": 0.0, "z": 0.5299 },
		"scale": 1
	}
	

}