[
{"name": "American Scimitar Cat Head Mount (Baby)", "ingredientPattern": "_BC,DEF,GHI","ingredients": {"B": { "type": "item", "code": "game:knife-*", "isTool": true },"C": { "type": "item", "code": "game:hammer-*", "isTool": true },"D": { "type": "item", "code": "machairodontinae:pelt-baby-homotherium-serum" },"E": { "type": "item", "code": "game:metalnailsandstrips-*" },"F": { "type": "item", "code": "game:clay-*" },"G": { "type": "block", "code": "game:debarkedlog-*" },"H": { "type": "block", "code": "game:glass-*" },"I": { "type": "item", "code": "game:powder-borax" }},"width": 3,"height": 3,"output": { "type": "item", "code": "machairodontinae:headmount-baby-homotherium-serum", "quantity": 1  }},
{"name": "American Scimitar Cat Head Mount (Female)", "ingredientPattern": "_BC,DEF,GHI","ingredients": {"B": { "type": "item", "code": "game:knife-*", "isTool": true },"C": { "type": "item", "code": "game:hammer-*", "isTool": true },"D": { "type": "item", "code": "machairodontinae:pelt-female-homotherium-serum" },"E": { "type": "item", "code": "game:metalnailsandstrips-*" },"F": { "type": "item", "code": "game:clay-*" },"G": { "type": "block", "code": "game:debarkedlog-*" },"H": { "type": "block", "code": "game:glass-*" },"I": { "type": "item", "code": "game:powder-borax" }},"width": 3,"height": 3,"output": { "type": "item", "code": "machairodontinae:headmount-female-homotherium-serum", "quantity": 1  }},
{"name": "American Scimitar Cat Head Mount (Male)", "ingredientPattern": "_BC,DEF,GHI","ingredients": {"B": { "type": "item", "code": "game:knife-*", "isTool": true },"C": { "type": "item", "code": "game:hammer-*", "isTool": true },"D": { "type": "item", "code": "machairodontinae:pelt-male-homotherium-serum" },"E": { "type": "item", "code": "game:metalnailsandstrips-*" },"F": { "type": "item", "code": "game:clay-*" },"G": { "type": "block", "code": "game:debarkedlog-*" },"H": { "type": "block", "code": "game:glass-*" },"I": { "type": "item", "code": "game:powder-borax" }},"width": 3,"height": 3,"output": { "type": "item", "code": "machairodontinae:headmount-male-homotherium-serum", "quantity": 1  }},
{"name": "Northern Saber Cat Head Mount (Baby)", "ingredientPattern": "_BC,DEF,GHI","ingredients": {"B": { "type": "item", "code": "game:knife-*", "isTool": true },"C": { "type": "item", "code": "game:hammer-*", "isTool": true },"D": { "type": "item", "code": "machairodontinae:pelt-baby-smilodon-fatalis" },"E": { "type": "item", "code": "game:metalnailsandstrips-*" },"F": { "type": "item", "code": "game:clay-*" },"G": { "type": "block", "code": "game:debarkedlog-*" },"H": { "type": "block", "code": "game:glass-*" },"I": { "type": "item", "code": "game:powder-borax" }},"width": 3,"height": 3,"output": { "type": "item", "code": "machairodontinae:headmount-baby-smilodon-fatalis", "quantity": 1  }},
{"name": "Northern Saber Cat Head Mount (Female)", "ingredientPattern": "_BC,DEF,GHI","ingredients": {"B": { "type": "item", "code": "game:knife-*", "isTool": true },"C": { "type": "item", "code": "game:hammer-*", "isTool": true },"D": { "type": "item", "code": "machairodontinae:pelt-female-smilodon-fatalis" },"E": { "type": "item", "code": "game:metalnailsandstrips-*" },"F": { "type": "item", "code": "game:clay-*" },"G": { "type": "block", "code": "game:debarkedlog-*" },"H": { "type": "block", "code": "game:glass-*" },"I": { "type": "item", "code": "game:powder-borax" }},"width": 3,"height": 3,"output": { "type": "item", "code": "machairodontinae:headmount-female-smilodon-fatalis", "quantity": 1  }},
{"name": "Northern Saber Cat Head Mount (Male)", "ingredientPattern": "_BC,DEF,GHI","ingredients": {"B": { "type": "item", "code": "game:knife-*", "isTool": true },"C": { "type": "item", "code": "game:hammer-*", "isTool": true },"D": { "type": "item", "code": "machairodontinae:pelt-male-smilodon-fatalis" },"E": { "type": "item", "code": "game:metalnailsandstrips-*" },"F": { "type": "item", "code": "game:clay-*" },"G": { "type": "block", "code": "game:debarkedlog-*" },"H": { "type": "block", "code": "game:glass-*" },"I": { "type": "item", "code": "game:powder-borax" }},"width": 3,"height": 3,"output": { "type": "item", "code": "machairodontinae:headmount-male-smilodon-fatalis", "quantity": 1  }},
{"name": "Southern Saber Cat Head Mount (Baby)", "ingredientPattern": "_BC,DEF,GHI","ingredients": {"B": { "type": "item", "code": "game:knife-*", "isTool": true },"C": { "type": "item", "code": "game:hammer-*", "isTool": true },"D": { "type": "item", "code": "machairodontinae:pelt-baby-smilodon-populator" },"E": { "type": "item", "code": "game:metalnailsandstrips-*" },"F": { "type": "item", "code": "game:clay-*" },"G": { "type": "block", "code": "game:debarkedlog-*" },"H": { "type": "block", "code": "game:glass-*" },"I": { "type": "item", "code": "game:powder-borax" }},"width": 3,"height": 3,"output": { "type": "item", "code": "machairodontinae:headmount-baby-smilodon-populator", "quantity": 1  }},
{"name": "Southern Saber Cat Head Mount (Female)", "ingredientPattern": "_BC,DEF,GHI","ingredients": {"B": { "type": "item", "code": "game:knife-*", "isTool": true },"C": { "type": "item", "code": "game:hammer-*", "isTool": true },"D": { "type": "item", "code": "machairodontinae:pelt-female-smilodon-populator" },"E": { "type": "item", "code": "game:metalnailsandstrips-*" },"F": { "type": "item", "code": "game:clay-*" },"G": { "type": "block", "code": "game:debarkedlog-*" },"H": { "type": "block", "code": "game:glass-*" },"I": { "type": "item", "code": "game:powder-borax" }},"width": 3,"height": 3,"output": { "type": "item", "code": "machairodontinae:headmount-female-smilodon-populator", "quantity": 1  }},
{"name": "Southern Saber Cat Head Mount (Male)", "ingredientPattern": "_BC,DEF,GHI","ingredients": {"B": { "type": "item", "code": "game:knife-*", "isTool": true },"C": { "type": "item", "code": "game:hammer-*", "isTool": true },"D": { "type": "item", "code": "machairodontinae:pelt-male-smilodon-populator" },"E": { "type": "item", "code": "game:metalnailsandstrips-*" },"F": { "type": "item", "code": "game:clay-*" },"G": { "type": "block", "code": "game:debarkedlog-*" },"H": { "type": "block", "code": "game:glass-*" },"I": { "type": "item", "code": "game:powder-borax" }},"width": 3,"height": 3,"output": { "type": "item", "code": "machairodontinae:headmount-male-smilodon-populator", "quantity": 1  }}
]