{
	"editor": {
		"allAngles": false,
		"entityTextureMode": false
	},
	"textureWidth": 8,
	"textureHeight": 8,
	"textureSizes": {
	},
	"textures": {
		"pemmican": "food/pemmican"
	},
	"elements": [
		{
			"name": "origin",
			"from": [ 8.0, 0.0, 8.0 ],
			"to": [ 8.0, 0.0, 8.0 ],
			"rotationOrigin": [ 8.0, 0.0, 8.0 ],
			"faces": {
			},
			"children": [
				{
					"name": "pemmican",
					"from": [ -4.0, 0.0, -2.0 ],
					"to": [ 4.0, 2.0, 2.0 ],
					"faces": {
						"north": { "texture": "#pemmican", "uv": [ 0.0, 4.0, 8.0, 6.0 ] },
						"east": { "texture": "#pemmican", "uv": [ 3.5, 0.0, 7.5, 2.0 ] },
						"south": { "texture": "#pemmican", "uv": [ 0.0, 3.0, 8.0, 5.0 ] },
						"west": { "texture": "#pemmican", "uv": [ 3.0, 1.5, 7.0, 3.5 ] },
						"up": { "texture": "#pemmican", "uv": [ 0.0, 1.5, 8.0, 5.5 ] },
						"down": { "texture": "#pemmican", "uv": [ 0.0, 0.5, 8.0, 4.5 ] }
					}
				},
				{
					"name": "pemmican2",
					"from": [ -4.0, 2.0, -2.0 ],
					"to": [ -3.0, 2.25, -1.0 ],
					"rotationOrigin": [ 0.0, 2.0, 0.0 ],
					"faces": {
						"north": { "texture": "#pemmican", "uv": [ 0.0, 4.0, 1.0, 4.5 ] },
						"east": { "texture": "#pemmican", "uv": [ 3.5, 0.0, 4.5, 0.5 ] },
						"south": { "texture": "#pemmican", "uv": [ 0.0, 3.0, 1.0, 3.5 ] },
						"west": { "texture": "#pemmican", "uv": [ 3.0, 1.5, 4.0, 2.0 ] },
						"up": { "texture": "#pemmican", "uv": [ 0.0, 1.5, 1.0, 2.5 ] },
						"down": { "texture": "#pemmican", "uv": [ 0.0, 0.5, 1.0, 1.5 ] }
					}
				},
				{
					"name": "pemmican5",
					"from": [ 0.0, 2.0, -1.0 ],
					"to": [ 1.0, 2.25, 0.0 ],
					"rotationOrigin": [ 4.0, 2.0, 1.0 ],
					"faces": {
						"north": { "texture": "#pemmican", "uv": [ 0.0, 4.0, 1.0, 4.5 ] },
						"east": { "texture": "#pemmican", "uv": [ 3.5, 0.0, 4.5, 0.5 ] },
						"south": { "texture": "#pemmican", "uv": [ 0.0, 3.0, 1.0, 3.5 ] },
						"west": { "texture": "#pemmican", "uv": [ 3.0, 1.5, 4.0, 2.0 ] },
						"up": { "texture": "#pemmican", "uv": [ 0.0, 1.5, 1.0, 2.5 ] },
						"down": { "texture": "#pemmican", "uv": [ 0.0, 0.5, 1.0, 1.5 ] }
					}
				},
				{
					"name": "pemmican7",
					"from": [ -2.0, 2.0, -2.0 ],
					"to": [ -1.0, 2.25, -1.0 ],
					"rotationOrigin": [ 2.0, 2.0, 0.0 ],
					"faces": {
						"north": { "texture": "#pemmican", "uv": [ 0.0, 4.0, 1.0, 4.5 ] },
						"east": { "texture": "#pemmican", "uv": [ 3.5, 0.0, 4.5, 0.5 ] },
						"south": { "texture": "#pemmican", "uv": [ 0.0, 3.0, 1.0, 3.5 ] },
						"west": { "texture": "#pemmican", "uv": [ 3.0, 1.5, 4.0, 2.0 ] },
						"up": { "texture": "#pemmican", "uv": [ 0.0, 1.5, 1.0, 2.5 ] },
						"down": { "texture": "#pemmican", "uv": [ 0.0, 0.5, 1.0, 1.5 ] }
					}
				},
				{
					"name": "pemmican9",
					"from": [ 0.0, 2.0, -2.0 ],
					"to": [ 1.0, 2.25, -1.0 ],
					"rotationOrigin": [ 4.0, 2.0, 0.0 ],
					"faces": {
						"north": { "texture": "#pemmican", "uv": [ 0.5, 3.5, 1.5, 4.0 ] },
						"east": { "texture": "#pemmican", "uv": [ 1.0, 3.0, 2.0, 3.5 ] },
						"south": { "texture": "#pemmican", "uv": [ 0.5, 3.0, 1.5, 3.5 ] },
						"west": { "texture": "#pemmican", "uv": [ 1.0, 3.0, 2.0, 3.5 ] },
						"up": { "texture": "#pemmican", "uv": [ 0.5, 3.0, 1.5, 4.0 ] },
						"down": { "texture": "#pemmican", "uv": [ 0.5, 3.0, 1.5, 4.0 ] }
					}
				},
				{
					"name": "pemmican10",
					"from": [ 1.0, 2.0, -2.0 ],
					"to": [ 2.0, 2.25, -1.0 ],
					"rotationOrigin": [ 5.0, 2.0, 0.0 ],
					"faces": {
						"north": { "texture": "#pemmican", "uv": [ 0.0, 4.0, 1.0, 4.5 ] },
						"east": { "texture": "#pemmican", "uv": [ 3.5, 0.0, 4.5, 0.5 ] },
						"south": { "texture": "#pemmican", "uv": [ 0.0, 3.0, 1.0, 3.5 ] },
						"west": { "texture": "#pemmican", "uv": [ 3.0, 1.5, 4.0, 2.0 ] },
						"up": { "texture": "#pemmican", "uv": [ 0.0, 1.5, 1.0, 2.5 ] },
						"down": { "texture": "#pemmican", "uv": [ 0.0, 0.5, 1.0, 1.5 ] }
					}
				},
				{
					"name": "pemmican11",
					"from": [ 2.0, 2.0, -2.0 ],
					"to": [ 3.0, 2.25, -1.0 ],
					"rotationOrigin": [ 6.0, 2.0, 0.0 ],
					"faces": {
						"north": { "texture": "#pemmican", "uv": [ 0.0, 4.0, 1.0, 4.5 ] },
						"east": { "texture": "#pemmican", "uv": [ 1.0, 3.5, 2.0, 4.0 ] },
						"south": { "texture": "#pemmican", "uv": [ 0.0, 3.0, 1.0, 3.5 ] },
						"west": { "texture": "#pemmican", "uv": [ 3.0, 1.5, 4.0, 2.0 ] },
						"up": { "texture": "#pemmican", "uv": [ 0.0, 1.5, 1.0, 2.5 ] },
						"down": { "texture": "#pemmican", "uv": [ 0.0, 0.5, 1.0, 1.5 ] }
					}
				},
				{
					"name": "pemmican12",
					"from": [ 3.0, 2.0, -2.0 ],
					"to": [ 4.0, 2.25, -1.0 ],
					"rotationOrigin": [ 7.0, 2.0, 0.0 ],
					"faces": {
						"north": { "texture": "#pemmican", "uv": [ 0.0, 4.0, 1.0, 4.5 ] },
						"east": { "texture": "#pemmican", "uv": [ 3.5, 0.0, 4.5, 0.5 ] },
						"south": { "texture": "#pemmican", "uv": [ 0.0, 3.0, 1.0, 3.5 ] },
						"west": { "texture": "#pemmican", "uv": [ 3.0, 1.5, 4.0, 2.0 ] },
						"up": { "texture": "#pemmican", "uv": [ 2.0, 3.0, 3.0, 4.0 ] },
						"down": { "texture": "#pemmican", "uv": [ 0.0, 0.5, 1.0, 1.5 ] }
					}
				},
				{
					"name": "pemmican15",
					"from": [ -1.0, 2.0, -1.0 ],
					"to": [ 0.0, 2.25, 0.0 ],
					"rotationOrigin": [ 3.0, 2.0, 1.0 ],
					"faces": {
						"north": { "texture": "#pemmican", "uv": [ 0.0, 4.0, 1.0, 4.5 ] },
						"east": { "texture": "#pemmican", "uv": [ 3.5, 0.0, 4.5, 0.5 ] },
						"south": { "texture": "#pemmican", "uv": [ 0.0, 3.0, 1.0, 3.5 ] },
						"west": { "texture": "#pemmican", "uv": [ 3.0, 1.5, 4.0, 2.0 ] },
						"up": { "texture": "#pemmican", "uv": [ 2.0, 0.0, 3.0, 1.0 ] },
						"down": { "texture": "#pemmican", "uv": [ 0.0, 0.5, 1.0, 1.5 ] }
					}
				},
				{
					"name": "pemmican16",
					"from": [ -2.0, 2.0, -1.0 ],
					"to": [ -1.0, 2.25, 0.0 ],
					"rotationOrigin": [ 2.0, 2.0, 1.0 ],
					"faces": {
						"north": { "texture": "#pemmican", "uv": [ 0.0, 4.0, 1.0, 4.5 ] },
						"east": { "texture": "#pemmican", "uv": [ 3.5, 0.0, 4.5, 0.5 ] },
						"south": { "texture": "#pemmican", "uv": [ 0.0, 3.0, 1.0, 3.5 ] },
						"west": { "texture": "#pemmican", "uv": [ 3.0, 1.5, 4.0, 2.0 ] },
						"up": { "texture": "#pemmican", "uv": [ 3.0, 4.5, 4.0, 5.5 ] },
						"down": { "texture": "#pemmican", "uv": [ 0.0, 0.5, 1.0, 1.5 ] }
					}
				},
				{
					"name": "pemmican17",
					"from": [ -3.0, 2.0, -1.0 ],
					"to": [ -2.0, 2.25, 0.0 ],
					"rotationOrigin": [ 1.0, 2.0, 1.0 ],
					"faces": {
						"north": { "texture": "#pemmican", "uv": [ 0.0, 4.0, 1.0, 4.5 ] },
						"east": { "texture": "#pemmican", "uv": [ 3.5, 0.0, 4.5, 0.5 ] },
						"south": { "texture": "#pemmican", "uv": [ 0.0, 3.0, 1.0, 3.5 ] },
						"west": { "texture": "#pemmican", "uv": [ 3.0, 1.5, 4.0, 2.0 ] },
						"up": { "texture": "#pemmican", "uv": [ 4.0, 0.5, 5.0, 1.5 ] },
						"down": { "texture": "#pemmican", "uv": [ 0.0, 0.5, 1.0, 1.5 ] }
					}
				},
				{
					"name": "pemmican20",
					"from": [ -3.0, 2.0, 0.0 ],
					"to": [ -2.0, 2.25, 1.0 ],
					"rotationOrigin": [ 1.0, 2.0, 2.0 ],
					"faces": {
						"north": { "texture": "#pemmican", "uv": [ 0.0, 4.0, 1.0, 4.5 ] },
						"east": { "texture": "#pemmican", "uv": [ 0.5, 3.0, 1.5, 3.5 ] },
						"south": { "texture": "#pemmican", "uv": [ 0.0, 3.0, 1.0, 3.5 ] },
						"west": { "texture": "#pemmican", "uv": [ 0.5, 3.5, 1.5, 4.0 ] },
						"up": { "texture": "#pemmican", "uv": [ 0.5, 3.0, 1.5, 4.0 ] },
						"down": { "texture": "#pemmican", "uv": [ 0.0, 0.5, 1.0, 1.5 ] }
					}
				},
				{
					"name": "pemmican21",
					"from": [ -2.0, 2.0, 0.0 ],
					"to": [ -1.0, 2.25, 1.0 ],
					"rotationOrigin": [ 2.0, 2.0, 2.0 ],
					"faces": {
						"north": { "texture": "#pemmican", "uv": [ 0.0, 4.0, 1.0, 4.5 ] },
						"east": { "texture": "#pemmican", "uv": [ 3.5, 0.0, 4.5, 0.5 ] },
						"south": { "texture": "#pemmican", "uv": [ 0.0, 3.0, 1.0, 3.5 ] },
						"west": { "texture": "#pemmican", "uv": [ 3.0, 1.5, 4.0, 2.0 ] },
						"up": { "texture": "#pemmican", "uv": [ 5.0, 1.5, 6.0, 2.5 ] },
						"down": { "texture": "#pemmican", "uv": [ 0.0, 0.5, 1.0, 1.5 ] }
					}
				},
				{
					"name": "pemmican22",
					"from": [ 0.0, 2.0, 0.0 ],
					"to": [ 1.0, 2.25, 1.0 ],
					"rotationOrigin": [ 4.0, 2.0, 2.0 ],
					"faces": {
						"north": { "texture": "#pemmican", "uv": [ 0.0, 4.0, 1.0, 4.5 ] },
						"east": { "texture": "#pemmican", "uv": [ 3.5, 0.0, 4.5, 0.5 ] },
						"south": { "texture": "#pemmican", "uv": [ 0.0, 3.0, 1.0, 3.5 ] },
						"west": { "texture": "#pemmican", "uv": [ 3.0, 1.5, 4.0, 2.0 ] },
						"up": { "texture": "#pemmican", "uv": [ 6.0, 1.5, 7.0, 2.5 ] },
						"down": { "texture": "#pemmican", "uv": [ 0.0, 0.5, 1.0, 1.5 ] }
					}
				},
				{
					"name": "pemmican25",
					"from": [ 3.0, 2.0, 0.0 ],
					"to": [ 4.0, 2.25, 1.0 ],
					"rotationOrigin": [ 7.0, 2.0, 2.0 ],
					"faces": {
						"north": { "texture": "#pemmican", "uv": [ 0.0, 4.0, 1.0, 4.5 ] },
						"east": { "texture": "#pemmican", "uv": [ 3.5, 0.0, 4.5, 0.5 ] },
						"south": { "texture": "#pemmican", "uv": [ 0.0, 3.0, 1.0, 3.5 ] },
						"west": { "texture": "#pemmican", "uv": [ 3.0, 1.5, 4.0, 2.0 ] },
						"up": { "texture": "#pemmican", "uv": [ 5.0, 1.0, 6.0, 2.0 ] },
						"down": { "texture": "#pemmican", "uv": [ 0.0, 0.5, 1.0, 1.5 ] }
					}
				},
				{
					"name": "pemmican26",
					"from": [ 3.0, 2.0, 1.0 ],
					"to": [ 4.0, 2.25, 2.0 ],
					"rotationOrigin": [ 7.0, 2.0, 3.0 ],
					"faces": {
						"north": { "texture": "#pemmican", "uv": [ 0.0, 4.0, 1.0, 4.5 ] },
						"east": { "texture": "#pemmican", "uv": [ 3.5, 0.0, 4.5, 0.5 ] },
						"south": { "texture": "#pemmican", "uv": [ 0.0, 3.0, 1.0, 3.5 ] },
						"west": { "texture": "#pemmican", "uv": [ 3.0, 1.5, 4.0, 2.0 ] },
						"up": { "texture": "#pemmican", "uv": [ 5.5, 5.5, 6.5, 6.5 ] },
						"down": { "texture": "#pemmican", "uv": [ 0.0, 0.5, 1.0, 1.5 ] }
					}
				},
				{
					"name": "pemmican27",
					"from": [ 2.0, 2.0, 1.0 ],
					"to": [ 3.0, 2.25, 2.0 ],
					"rotationOrigin": [ 6.0, 2.0, 3.0 ],
					"faces": {
						"north": { "texture": "#pemmican", "uv": [ 0.0, 4.0, 1.0, 4.5 ] },
						"east": { "texture": "#pemmican", "uv": [ 3.5, 0.0, 4.5, 0.5 ] },
						"south": { "texture": "#pemmican", "uv": [ 0.0, 3.0, 1.0, 3.5 ] },
						"west": { "texture": "#pemmican", "uv": [ 3.0, 1.5, 4.0, 2.0 ] },
						"up": { "texture": "#pemmican", "uv": [ 0.5, 0.5, 1.5, 1.5 ] },
						"down": { "texture": "#pemmican", "uv": [ 0.0, 0.5, 1.0, 1.5 ] }
					}
				},
				{
					"name": "pemmican29",
					"from": [ 0.0, 2.0, 1.0 ],
					"to": [ 1.0, 2.25, 2.0 ],
					"rotationOrigin": [ 4.0, 2.0, 3.0 ],
					"faces": {
						"north": { "texture": "#pemmican", "uv": [ 0.0, 4.0, 1.0, 4.5 ] },
						"east": { "texture": "#pemmican", "uv": [ 1.0, 3.0, 2.0, 3.5 ] },
						"south": { "texture": "#pemmican", "uv": [ 0.0, 3.0, 1.0, 3.5 ] },
						"west": { "texture": "#pemmican", "uv": [ 1.0, 2.5, 2.0, 3.0 ] },
						"up": { "texture": "#pemmican", "uv": [ 1.0, 3.5, 2.0, 4.5 ] },
						"down": { "texture": "#pemmican", "uv": [ 0.5, 1.5, 1.5, 2.5 ] }
					}
				},
				{
					"name": "pemmican31",
					"from": [ -2.0, 2.0, 1.0 ],
					"to": [ -1.0, 2.25, 2.0 ],
					"rotationOrigin": [ 2.0, 2.0, 3.0 ],
					"faces": {
						"north": { "texture": "#pemmican", "uv": [ 0.0, 4.0, 1.0, 4.5 ] },
						"east": { "texture": "#pemmican", "uv": [ 3.5, 0.0, 4.5, 0.5 ] },
						"south": { "texture": "#pemmican", "uv": [ 0.0, 3.0, 1.0, 3.5 ] },
						"west": { "texture": "#pemmican", "uv": [ 1.0, 4.5, 2.0, 5.0 ] },
						"up": { "texture": "#pemmican", "uv": [ 6.5, 1.5, 7.5, 2.5 ] },
						"down": { "texture": "#pemmican", "uv": [ 0.0, 0.5, 1.0, 1.5 ] }
					}
				},
				{
					"name": "pemmican33",
					"from": [ -4.0, 2.0, 1.0 ],
					"to": [ -3.0, 2.25, 2.0 ],
					"rotationOrigin": [ 0.0, 2.0, 3.0 ],
					"faces": {
						"north": { "texture": "#pemmican", "uv": [ 4.0, 3.5, 5.0, 4.0 ] },
						"east": { "texture": "#pemmican", "uv": [ 3.5, 4.0, 4.5, 4.5 ] },
						"south": { "texture": "#pemmican", "uv": [ 2.5, 1.0, 3.5, 1.5 ] },
						"west": { "texture": "#pemmican", "uv": [ 2.5, 4.5, 3.5, 5.0 ] },
						"up": { "texture": "#pemmican", "uv": [ 3.5, 1.5, 4.5, 2.5 ] },
						"down": { "texture": "#pemmican", "uv": [ 1.0, 4.0, 2.0, 5.0 ] }
					}
				}
			]
		}
	]}