{
	"editor": {
		"allAngles": true,
		"entityTextureMode": false
	},
	"textureWidth": 16,
	"textureHeight": 16,
	"textureSizes": {
	},
	"textures": {
		"winterchanterelle": "mycodiversity:block/plant/mushroom/winterchanterelle/winterchanterelle"
	},
	"elements": [
		{
			"name": "origin",
			"from": [ 8.0, 0.0, 8.0 ],
			"to": [ 8.0, 0.0, 8.0 ],
			"rotationOrigin": [ 8.0, 0.0, 8.0 ],
			"faces": {
			},
			"children": [
				{
					"name": "Stem24",
					"from": [ 4.1, -0.3, -2.9 ],
					"to": [ 4.9, 0.5, -2.1 ],
					"rotationOrigin": [ 4.6, -0.3, -2.4 ],
					"rotationY": 33.0,
					"rotationZ": -25.0,
					"faces": {
						"north": { "texture": "#winterchanterelle", "uv": [ 5.0, 13.5, 5.5, 14.0 ] },
						"east": { "texture": "#winterchanterelle", "uv": [ 3.5, 11.5, 4.0, 12.0 ] },
						"south": { "texture": "#winterchanterelle", "uv": [ 3.0, 12.0, 3.5, 12.5 ] },
						"west": { "texture": "#winterchanterelle", "uv": [ 3.5, 13.0, 4.0, 13.5 ] },
						"down": { "texture": "#winterchanterelle", "uv": [ 5.0, 12.0, 5.5, 12.5 ] }
					},
					"children": [
						{
							"name": "Cube25",
							"from": [ -0.2, 0.8, -0.2 ],
							"to": [ 0.9, 1.6, 0.9 ],
							"rotationOrigin": [ 0.5, 0.8, 0.4 ],
							"rotationY": 8.0,
							"rotationZ": 3.0,
							"faces": {
								"north": { "texture": "#winterchanterelle", "uv": [ 12.0, 14.5, 13.0, 15.0 ], "rotation": 180 },
								"east": { "texture": "#winterchanterelle", "uv": [ 14.0, 14.0, 15.0, 14.5 ], "rotation": 180 },
								"south": { "texture": "#winterchanterelle", "uv": [ 10.5, 14.0, 11.5, 14.5 ], "rotation": 180 },
								"west": { "texture": "#winterchanterelle", "uv": [ 10.5, 14.0, 11.5, 14.5 ], "rotation": 180 },
								"down": { "texture": "#winterchanterelle", "uv": [ 10.0, 14.5, 11.0, 15.5 ] }
							},
							"children": [
								{
									"name": "Cube26",
									"from": [ -0.3, 0.6, -0.3 ],
									"to": [ 1.3, 1.4, 1.3 ],
									"rotationOrigin": [ 0.7, 0.6, 0.7 ],
									"rotationX": 14.0,
									"rotationY": -6.0,
									"rotationZ": 6.0,
									"faces": {
										"north": { "texture": "#winterchanterelle", "uv": [ 2.0, 11.0, 3.5, 11.5 ] },
										"east": { "texture": "#winterchanterelle", "uv": [ 0.5, 11.0, 2.0, 11.5 ] },
										"south": { "texture": "#winterchanterelle", "uv": [ 1.5, 12.5, 3.0, 13.0 ] },
										"west": { "texture": "#winterchanterelle", "uv": [ 3.0, 10.5, 4.5, 11.0 ] },
										"down": { "texture": "#winterchanterelle", "uv": [ 1.5, 11.5, 3.0, 13.0 ] }
									},
									"children": [
										{
											"name": "cap27",
											"from": [ -0.5, 0.7, -0.5 ],
											"to": [ 2.0, 1.5, 2.0 ],
											"rotationOrigin": [ 1.0, 0.7, 1.0 ],
											"rotationX": 3.0,
											"rotationY": 17.0,
											"rotationZ": 6.0,
											"faces": {
												"north": { "texture": "#winterchanterelle", "uv": [ 3.5, 2.5, 6.0, 3.0 ] },
												"east": { "texture": "#winterchanterelle", "uv": [ 5.5, 3.0, 8.0, 3.5 ] },
												"south": { "texture": "#winterchanterelle", "uv": [ 6.5, 6.0, 9.0, 6.5 ] },
												"west": { "texture": "#winterchanterelle", "uv": [ 5.0, 4.5, 7.5, 5.0 ] },
												"up": { "texture": "#winterchanterelle", "uv": [ 3.5, 3.0, 6.0, 5.5 ] },
												"down": { "texture": "#winterchanterelle", "uv": [ 2.0, 10.0, 4.5, 12.5 ] }
											},
											"children": [
												{
													"name": "CapN28",
													"from": [ 0.0, 0.4, -1.0 ],
													"to": [ 2.5, 0.8, -0.2 ],
													"rotationOrigin": [ 1.5, 0.4, 0.0 ],
													"rotationX": 42.0,
													"faces": {
														"north": { "texture": "#winterchanterelle", "uv": [ 7.5, 5.5, 10.0, 6.0 ] },
														"east": { "texture": "#winterchanterelle", "uv": [ 5.5, 4.0, 6.0, 4.5 ] },
														"west": { "texture": "#winterchanterelle", "uv": [ 5.0, 3.0, 5.5, 3.5 ] },
														"up": { "texture": "#winterchanterelle", "uv": [ 9.5, 5.0, 12.0, 5.5 ] },
														"down": { "texture": "#winterchanterelle", "uv": [ 7.0, 3.0, 9.5, 3.5 ] }
													}
												},
												{
													"name": "CapW31",
													"from": [ -0.8, 0.5, 0.0 ],
													"to": [ 0.0, 0.9, 2.5 ],
													"rotationOrigin": [ 0.0, 0.5, 1.5 ],
													"rotationZ": -44.0,
													"faces": {
														"north": { "texture": "#winterchanterelle", "uv": [ 3.0, 1.0, 3.5, 1.5 ] },
														"south": { "texture": "#winterchanterelle", "uv": [ 4.0, 2.5, 4.5, 3.0 ] },
														"west": { "texture": "#winterchanterelle", "uv": [ 4.0, 2.0, 6.5, 2.5 ] },
														"up": { "texture": "#winterchanterelle", "uv": [ 4.0, 2.5, 4.5, 5.0 ] },
														"down": { "texture": "#winterchanterelle", "uv": [ 6.5, 2.0, 7.0, 4.5 ] }
													}
												},
												{
													"name": "CapE33",
													"from": [ 2.5, 0.4, 0.0 ],
													"to": [ 3.3, 0.8, 2.5 ],
													"rotationOrigin": [ 2.5, 0.4, 2.5 ],
													"rotationZ": 47.0,
													"faces": {
														"north": { "texture": "#winterchanterelle", "uv": [ 3.0, 1.0, 3.5, 1.5 ] },
														"east": { "texture": "#winterchanterelle", "uv": [ 1.5, 1.0, 4.0, 1.5 ] },
														"south": { "texture": "#winterchanterelle", "uv": [ 5.5, 3.0, 6.0, 3.5 ] },
														"up": { "texture": "#winterchanterelle", "uv": [ 4.0, 2.5, 4.5, 5.0 ] },
														"down": { "texture": "#winterchanterelle", "uv": [ 4.0, 1.5, 4.5, 4.0 ] }
													}
												},
												{
													"name": "CapS34",
													"from": [ 0.0, 0.4, 2.2 ],
													"to": [ 2.5, 0.8, 3.0 ],
													"rotationOrigin": [ 2.2, 0.9, 2.2 ],
													"rotationX": -42.0,
													"faces": {
														"east": { "texture": "#winterchanterelle", "uv": [ 7.0, 3.0, 7.5, 3.5 ] },
														"south": { "texture": "#winterchanterelle", "uv": [ 4.0, 3.5, 6.5, 4.0 ] },
														"west": { "texture": "#winterchanterelle", "uv": [ 5.5, 2.5, 6.0, 3.0 ] },
														"up": { "texture": "#winterchanterelle", "uv": [ 5.5, 5.0, 8.0, 5.5 ] },
														"down": { "texture": "#winterchanterelle", "uv": [ 4.5, 2.5, 7.0, 3.0 ] }
													}
												}
											]
										}
									]
								}
							]
						}
					]
				},
				{
					"name": "Stemsmall",
					"from": [ 5.5, -0.2, 6.5 ],
					"to": [ 6.5, 0.8, 7.5 ],
					"rotationOrigin": [ 6.0, -0.2, 7.0 ],
					"rotationY": 8.0,
					"faces": {
						"north": { "texture": "#winterchanterelle", "uv": [ 5.0, 10.0, 6.0, 11.0 ] },
						"east": { "texture": "#winterchanterelle", "uv": [ 3.5, 10.0, 4.5, 11.0 ] },
						"south": { "texture": "#winterchanterelle", "uv": [ 2.0, 11.0, 3.0, 12.0 ] },
						"west": { "texture": "#winterchanterelle", "uv": [ 3.0, 12.0, 4.0, 13.0 ] },
						"down": { "texture": "#winterchanterelle", "uv": [ 5.0, 10.5, 6.0, 11.5 ] }
					},
					"children": [
						{
							"name": "Cube36",
							"from": [ -0.1, 0.7, -0.1 ],
							"to": [ 1.1, 1.7, 1.1 ],
							"rotationOrigin": [ 0.6, 0.7, 0.6 ],
							"rotationY": 22.0,
							"faces": {
								"north": { "texture": "#winterchanterelle", "uv": [ 4.5, 9.5, 5.5, 10.5 ] },
								"east": { "texture": "#winterchanterelle", "uv": [ 4.0, 12.0, 5.0, 13.0 ] },
								"south": { "texture": "#winterchanterelle", "uv": [ 3.5, 10.0, 4.5, 11.0 ] },
								"west": { "texture": "#winterchanterelle", "uv": [ 4.0, 14.0, 5.0, 15.0 ] },
								"down": { "texture": "#winterchanterelle", "uv": [ 2.5, 10.0, 3.5, 11.0 ] }
							},
							"children": [
								{
									"name": "smallcap",
									"from": [ -0.7, 0.8, -0.7 ],
									"to": [ 1.9, 1.3, 1.9 ],
									"rotationOrigin": [ 0.6, 0.8, 0.6 ],
									"rotationX": 3.0,
									"rotationY": 17.0,
									"rotationZ": 14.0,
									"faces": {
										"north": { "texture": "#winterchanterelle", "uv": [ 0.0, 0.0, 2.5, 0.5 ] },
										"east": { "texture": "#winterchanterelle", "uv": [ 0.0, 0.0, 2.5, 0.5 ] },
										"south": { "texture": "#winterchanterelle", "uv": [ 0.0, 0.0, 2.5, 0.5 ] },
										"west": { "texture": "#winterchanterelle", "uv": [ 0.0, 0.0, 2.5, 0.5 ] },
										"up": { "texture": "#winterchanterelle", "uv": [ 0.0, 0.0, 2.5, 2.5 ] },
										"down": { "texture": "#winterchanterelle", "uv": [ 2.5, 11.0, 5.0, 13.5 ] }
									}
								}
							]
						}
					]
				},
				{
					"name": "Stemsmall38",
					"from": [ 5.5, -0.2, -6.5 ],
					"to": [ 6.5, 0.8, -5.5 ],
					"rotationOrigin": [ 6.0, -0.2, -6.0 ],
					"rotationX": 6.0,
					"faces": {
						"north": { "texture": "#winterchanterelle", "uv": [ 5.0, 10.0, 6.0, 11.0 ] },
						"east": { "texture": "#winterchanterelle", "uv": [ 3.5, 10.0, 4.5, 11.0 ] },
						"south": { "texture": "#winterchanterelle", "uv": [ 2.0, 11.0, 3.0, 12.0 ] },
						"west": { "texture": "#winterchanterelle", "uv": [ 3.0, 12.0, 4.0, 13.0 ] },
						"down": { "texture": "#winterchanterelle", "uv": [ 5.0, 10.5, 6.0, 11.5 ] }
					},
					"children": [
						{
							"name": "Cube39",
							"from": [ -0.1, 0.8, -0.1 ],
							"to": [ 1.1, 1.8, 1.1 ],
							"rotationOrigin": [ 0.6, 0.8, 0.6 ],
							"rotationX": -6.0,
							"rotationZ": 28.0,
							"faces": {
								"north": { "texture": "#winterchanterelle", "uv": [ 4.5, 9.5, 5.5, 10.5 ] },
								"east": { "texture": "#winterchanterelle", "uv": [ 4.0, 12.0, 5.0, 13.0 ] },
								"south": { "texture": "#winterchanterelle", "uv": [ 3.5, 10.0, 4.5, 11.0 ] },
								"west": { "texture": "#winterchanterelle", "uv": [ 4.0, 14.0, 5.0, 15.0 ] },
								"down": { "texture": "#winterchanterelle", "uv": [ 2.5, 10.0, 3.5, 11.0 ] }
							},
							"children": [
								{
									"name": "smallcap40",
									"from": [ -0.4, 0.8, -0.4 ],
									"to": [ 1.6, 1.3, 1.6 ],
									"rotationOrigin": [ 0.6, 0.8, 0.6 ],
									"rotationX": -3.0,
									"rotationY": 11.0,
									"faces": {
										"north": { "texture": "#winterchanterelle", "uv": [ 0.0, 0.0, 2.0, 0.5 ] },
										"east": { "texture": "#winterchanterelle", "uv": [ 0.0, 0.0, 2.0, 0.5 ] },
										"south": { "texture": "#winterchanterelle", "uv": [ 0.0, 0.0, 2.0, 0.5 ] },
										"west": { "texture": "#winterchanterelle", "uv": [ 0.0, 0.0, 2.0, 0.5 ] },
										"up": { "texture": "#winterchanterelle", "uv": [ 0.0, 0.0, 2.0, 2.0 ] },
										"down": { "texture": "#winterchanterelle", "uv": [ 2.5, 11.0, 4.5, 13.0 ] }
									}
								}
							]
						}
					]
				},
				{
					"name": "Stemsmall41",
					"from": [ -6.5, -0.3, 5.5 ],
					"to": [ -5.5, 0.7, 6.5 ],
					"rotationOrigin": [ -6.0, -0.3, 6.0 ],
					"rotationX": 3.0,
					"rotationY": -3.0,
					"faces": {
						"north": { "texture": "#winterchanterelle", "uv": [ 5.0, 10.0, 6.0, 11.0 ] },
						"east": { "texture": "#winterchanterelle", "uv": [ 3.5, 10.0, 4.5, 11.0 ] },
						"south": { "texture": "#winterchanterelle", "uv": [ 2.0, 11.0, 3.0, 12.0 ] },
						"west": { "texture": "#winterchanterelle", "uv": [ 3.0, 12.0, 4.0, 13.0 ] },
						"down": { "texture": "#winterchanterelle", "uv": [ 5.0, 10.5, 6.0, 11.5 ] }
					},
					"children": [
						{
							"name": "Cube42",
							"from": [ -0.1, 0.6, -0.1 ],
							"to": [ 1.1, 1.6, 1.1 ],
							"rotationOrigin": [ 0.6, 0.6, 0.6 ],
							"rotationX": -6.0,
							"rotationZ": -30.0,
							"faces": {
								"north": { "texture": "#winterchanterelle", "uv": [ 4.5, 9.5, 5.5, 10.5 ] },
								"east": { "texture": "#winterchanterelle", "uv": [ 4.0, 12.0, 5.0, 13.0 ] },
								"south": { "texture": "#winterchanterelle", "uv": [ 3.5, 10.0, 4.5, 11.0 ] },
								"west": { "texture": "#winterchanterelle", "uv": [ 4.0, 14.0, 5.0, 15.0 ] },
								"down": { "texture": "#winterchanterelle", "uv": [ 2.5, 10.0, 3.5, 11.0 ] }
							},
							"children": [
								{
									"name": "smallcap43",
									"from": [ -0.4, 0.9, -0.4 ],
									"to": [ 1.6, 1.4, 1.6 ],
									"rotationOrigin": [ 0.6, 0.9, 0.6 ],
									"rotationX": -3.0,
									"rotationY": -8.0,
									"rotationZ": -8.0,
									"faces": {
										"north": { "texture": "#winterchanterelle", "uv": [ 0.0, 0.0, 2.0, 0.5 ] },
										"east": { "texture": "#winterchanterelle", "uv": [ 0.0, 0.0, 2.0, 0.5 ] },
										"south": { "texture": "#winterchanterelle", "uv": [ 0.0, 0.0, 2.0, 0.5 ] },
										"west": { "texture": "#winterchanterelle", "uv": [ 0.0, 0.0, 2.0, 0.5 ] },
										"up": { "texture": "#winterchanterelle", "uv": [ 0.0, 0.0, 2.0, 2.0 ] },
										"down": { "texture": "#winterchanterelle", "uv": [ 2.5, 11.0, 4.5, 13.0 ] }
									}
								}
							]
						}
					]
				},
				{
					"name": "Stemsmall30",
					"from": [ -0.5, -0.2, 0.5 ],
					"to": [ 0.5, 0.8, 1.5 ],
					"rotationOrigin": [ 0.0, -0.2, 1.0 ],
					"rotationX": 6.0,
					"rotationY": 28.0,
					"faces": {
						"north": { "texture": "#winterchanterelle", "uv": [ 5.0, 10.0, 6.0, 11.0 ] },
						"east": { "texture": "#winterchanterelle", "uv": [ 3.5, 10.0, 4.5, 11.0 ] },
						"south": { "texture": "#winterchanterelle", "uv": [ 2.0, 11.0, 3.0, 12.0 ] },
						"west": { "texture": "#winterchanterelle", "uv": [ 3.0, 12.0, 4.0, 13.0 ] },
						"down": { "texture": "#winterchanterelle", "uv": [ 5.0, 10.5, 6.0, 11.5 ] }
					},
					"children": [
						{
							"name": "Cube31",
							"from": [ -0.1, 0.7, -0.1 ],
							"to": [ 1.1, 1.7, 1.1 ],
							"rotationOrigin": [ 0.6, 0.7, 0.6 ],
							"rotationX": -6.0,
							"faces": {
								"north": { "texture": "#winterchanterelle", "uv": [ 4.5, 9.5, 5.5, 10.5 ] },
								"east": { "texture": "#winterchanterelle", "uv": [ 4.0, 12.0, 5.0, 13.0 ] },
								"south": { "texture": "#winterchanterelle", "uv": [ 3.5, 10.0, 4.5, 11.0 ] },
								"west": { "texture": "#winterchanterelle", "uv": [ 4.0, 14.0, 5.0, 15.0 ] },
								"down": { "texture": "#winterchanterelle", "uv": [ 2.5, 10.0, 3.5, 11.0 ] }
							},
							"children": [
								{
									"name": "smallcap32",
									"from": [ -0.4, 0.8, -0.4 ],
									"to": [ 1.6, 1.3, 1.6 ],
									"rotationOrigin": [ 0.6, 0.8, 0.6 ],
									"rotationX": -3.0,
									"rotationY": -8.0,
									"rotationZ": 14.0,
									"faces": {
										"north": { "texture": "#winterchanterelle", "uv": [ 0.0, 0.0, 2.0, 0.5 ] },
										"east": { "texture": "#winterchanterelle", "uv": [ 0.0, 0.0, 2.0, 0.5 ] },
										"south": { "texture": "#winterchanterelle", "uv": [ 0.0, 0.0, 2.0, 0.5 ] },
										"west": { "texture": "#winterchanterelle", "uv": [ 0.0, 0.0, 2.0, 0.5 ] },
										"up": { "texture": "#winterchanterelle", "uv": [ 0.0, 0.0, 2.0, 2.0 ] },
										"down": { "texture": "#winterchanterelle", "uv": [ 2.5, 11.0, 4.5, 13.0 ] }
									}
								}
							]
						}
					]
				},
				{
					"name": "Stemsmall42",
					"from": [ 0.5, -0.2, -5.5 ],
					"to": [ 1.5, 0.8, -4.5 ],
					"rotationOrigin": [ 1.0, -0.2, -5.0 ],
					"rotationY": 89.0,
					"faces": {
						"north": { "texture": "#winterchanterelle", "uv": [ 5.0, 10.0, 6.0, 11.0 ] },
						"east": { "texture": "#winterchanterelle", "uv": [ 3.5, 10.0, 4.5, 11.0 ] },
						"south": { "texture": "#winterchanterelle", "uv": [ 2.0, 11.0, 3.0, 12.0 ] },
						"west": { "texture": "#winterchanterelle", "uv": [ 3.0, 12.0, 4.0, 13.0 ] },
						"down": { "texture": "#winterchanterelle", "uv": [ 5.0, 10.5, 6.0, 11.5 ] }
					},
					"children": [
						{
							"name": "Cube43",
							"from": [ -0.1, 0.8, -0.1 ],
							"to": [ 1.1, 1.8, 1.1 ],
							"rotationOrigin": [ 0.6, 0.8, 0.6 ],
							"rotationX": 19.0,
							"rotationY": 3.0,
							"faces": {
								"north": { "texture": "#winterchanterelle", "uv": [ 4.5, 9.5, 5.5, 10.5 ] },
								"east": { "texture": "#winterchanterelle", "uv": [ 4.0, 12.0, 5.0, 13.0 ] },
								"south": { "texture": "#winterchanterelle", "uv": [ 3.5, 10.0, 4.5, 11.0 ] },
								"west": { "texture": "#winterchanterelle", "uv": [ 4.0, 14.0, 5.0, 15.0 ] },
								"down": { "texture": "#winterchanterelle", "uv": [ 2.5, 10.0, 3.5, 11.0 ] }
							},
							"children": [
								{
									"name": "smallcap44",
									"from": [ -0.7, 0.8, -0.7 ],
									"to": [ 1.9, 1.3, 1.9 ],
									"rotationOrigin": [ 0.6, 0.8, 0.6 ],
									"rotationX": -8.0,
									"rotationY": -6.0,
									"faces": {
										"north": { "texture": "#winterchanterelle", "uv": [ 0.0, 0.0, 2.5, 0.5 ] },
										"east": { "texture": "#winterchanterelle", "uv": [ 0.0, 0.0, 2.5, 0.5 ] },
										"south": { "texture": "#winterchanterelle", "uv": [ 0.0, 0.0, 2.5, 0.5 ] },
										"west": { "texture": "#winterchanterelle", "uv": [ 0.0, 0.0, 2.5, 0.5 ] },
										"up": { "texture": "#winterchanterelle", "uv": [ 0.0, 0.0, 2.5, 2.5 ] },
										"down": { "texture": "#winterchanterelle", "uv": [ 2.5, 11.0, 5.0, 13.5 ] }
									}
								}
							]
						}
					]
				},
				{
					"name": "Stem25",
					"from": [ -4.0, -0.3, -0.9 ],
					"to": [ -3.2, 0.5, -0.1 ],
					"rotationOrigin": [ -3.5, -0.3, -1.4 ],
					"rotationX": -3.0,
					"rotationY": -161.0,
					"rotationZ": -17.0,
					"faces": {
						"north": { "texture": "#winterchanterelle", "uv": [ 5.0, 13.5, 5.5, 14.0 ] },
						"east": { "texture": "#winterchanterelle", "uv": [ 3.5, 11.5, 4.0, 12.0 ] },
						"south": { "texture": "#winterchanterelle", "uv": [ 3.0, 12.0, 3.5, 12.5 ] },
						"west": { "texture": "#winterchanterelle", "uv": [ 3.5, 13.0, 4.0, 13.5 ] },
						"down": { "texture": "#winterchanterelle", "uv": [ 5.0, 12.0, 5.5, 12.5 ] }
					},
					"children": [
						{
							"name": "Cube27",
							"from": [ -0.2, 0.8, -0.2 ],
							"to": [ 0.9, 1.6, 0.9 ],
							"rotationOrigin": [ 0.5, 0.8, 0.4 ],
							"rotationY": 8.0,
							"rotationZ": 3.0,
							"faces": {
								"north": { "texture": "#winterchanterelle", "uv": [ 12.0, 14.5, 13.0, 15.0 ], "rotation": 180 },
								"east": { "texture": "#winterchanterelle", "uv": [ 14.0, 14.0, 15.0, 14.5 ], "rotation": 180 },
								"south": { "texture": "#winterchanterelle", "uv": [ 10.5, 14.0, 11.5, 14.5 ], "rotation": 180 },
								"west": { "texture": "#winterchanterelle", "uv": [ 10.5, 14.0, 11.5, 14.5 ], "rotation": 180 },
								"down": { "texture": "#winterchanterelle", "uv": [ 10.0, 14.5, 11.0, 15.5 ] }
							},
							"children": [
								{
									"name": "Cube28",
									"from": [ -0.3, 0.6, -0.3 ],
									"to": [ 1.3, 1.4, 1.3 ],
									"rotationOrigin": [ 0.7, 0.6, 0.7 ],
									"rotationX": 14.0,
									"rotationY": -6.0,
									"rotationZ": 6.0,
									"faces": {
										"north": { "texture": "#winterchanterelle", "uv": [ 2.0, 11.0, 3.5, 11.5 ] },
										"east": { "texture": "#winterchanterelle", "uv": [ 0.5, 11.0, 2.0, 11.5 ] },
										"south": { "texture": "#winterchanterelle", "uv": [ 1.5, 12.5, 3.0, 13.0 ] },
										"west": { "texture": "#winterchanterelle", "uv": [ 3.0, 10.5, 4.5, 11.0 ] },
										"down": { "texture": "#winterchanterelle", "uv": [ 1.5, 11.5, 3.0, 13.0 ] }
									},
									"children": [
										{
											"name": "cap28",
											"from": [ -0.5, 0.7, -0.5 ],
											"to": [ 2.0, 1.5, 2.0 ],
											"rotationOrigin": [ 1.0, 0.7, 1.0 ],
											"rotationX": 3.0,
											"rotationY": 17.0,
											"rotationZ": 6.0,
											"faces": {
												"north": { "texture": "#winterchanterelle", "uv": [ 3.5, 2.5, 6.0, 3.0 ] },
												"east": { "texture": "#winterchanterelle", "uv": [ 5.5, 3.0, 8.0, 3.5 ] },
												"south": { "texture": "#winterchanterelle", "uv": [ 6.5, 6.0, 9.0, 6.5 ] },
												"west": { "texture": "#winterchanterelle", "uv": [ 5.0, 4.5, 7.5, 5.0 ] },
												"up": { "texture": "#winterchanterelle", "uv": [ 3.5, 3.0, 6.0, 5.5 ] },
												"down": { "texture": "#winterchanterelle", "uv": [ 2.0, 10.0, 4.5, 12.5 ] }
											},
											"children": [
												{
													"name": "CapN29",
													"from": [ 0.0, 0.4, -1.0 ],
													"to": [ 2.5, 0.8, -0.2 ],
													"rotationOrigin": [ 1.5, 0.4, 0.0 ],
													"rotationX": 42.0,
													"faces": {
														"north": { "texture": "#winterchanterelle", "uv": [ 7.5, 5.5, 10.0, 6.0 ] },
														"east": { "texture": "#winterchanterelle", "uv": [ 5.5, 4.0, 6.0, 4.5 ] },
														"west": { "texture": "#winterchanterelle", "uv": [ 5.0, 3.0, 5.5, 3.5 ] },
														"up": { "texture": "#winterchanterelle", "uv": [ 9.5, 5.0, 12.0, 5.5 ] },
														"down": { "texture": "#winterchanterelle", "uv": [ 7.0, 3.0, 9.5, 3.5 ] }
													}
												},
												{
													"name": "CapW32",
													"from": [ -0.8, 0.5, 0.0 ],
													"to": [ 0.0, 0.9, 2.5 ],
													"rotationOrigin": [ 0.0, 0.5, 1.5 ],
													"rotationZ": -44.0,
													"faces": {
														"north": { "texture": "#winterchanterelle", "uv": [ 3.0, 1.0, 3.5, 1.5 ] },
														"south": { "texture": "#winterchanterelle", "uv": [ 4.0, 2.5, 4.5, 3.0 ] },
														"west": { "texture": "#winterchanterelle", "uv": [ 4.0, 2.0, 6.5, 2.5 ] },
														"up": { "texture": "#winterchanterelle", "uv": [ 4.0, 2.5, 4.5, 5.0 ] },
														"down": { "texture": "#winterchanterelle", "uv": [ 6.5, 2.0, 7.0, 4.5 ] }
													}
												},
												{
													"name": "CapE34",
													"from": [ 2.5, 0.4, 0.0 ],
													"to": [ 3.3, 0.8, 2.5 ],
													"rotationOrigin": [ 2.5, 0.4, 2.5 ],
													"rotationZ": 47.0,
													"faces": {
														"north": { "texture": "#winterchanterelle", "uv": [ 3.0, 1.0, 3.5, 1.5 ] },
														"east": { "texture": "#winterchanterelle", "uv": [ 1.5, 1.0, 4.0, 1.5 ] },
														"south": { "texture": "#winterchanterelle", "uv": [ 5.5, 3.0, 6.0, 3.5 ] },
														"up": { "texture": "#winterchanterelle", "uv": [ 4.0, 2.5, 4.5, 5.0 ] },
														"down": { "texture": "#winterchanterelle", "uv": [ 4.0, 1.5, 4.5, 4.0 ] }
													}
												},
												{
													"name": "CapS35",
													"from": [ 0.0, 0.4, 2.2 ],
													"to": [ 2.5, 0.8, 3.0 ],
													"rotationOrigin": [ 2.2, 0.9, 2.2 ],
													"rotationX": -42.0,
													"faces": {
														"east": { "texture": "#winterchanterelle", "uv": [ 7.0, 3.0, 7.5, 3.5 ] },
														"south": { "texture": "#winterchanterelle", "uv": [ 4.0, 3.5, 6.5, 4.0 ] },
														"west": { "texture": "#winterchanterelle", "uv": [ 5.5, 2.5, 6.0, 3.0 ] },
														"up": { "texture": "#winterchanterelle", "uv": [ 5.5, 5.0, 8.0, 5.5 ] },
														"down": { "texture": "#winterchanterelle", "uv": [ 4.5, 2.5, 7.0, 3.0 ] }
													}
												}
											]
										}
									]
								}
							]
						}
					]
				},
				{
					"name": "Stem26",
					"from": [ 1.0, -0.3, 5.1 ],
					"to": [ 1.8, 0.5, 5.9 ],
					"rotationOrigin": [ 1.5, -0.3, 5.6 ],
					"rotationX": -17.0,
					"rotationY": -25.0,
					"rotationZ": -25.0,
					"faces": {
						"north": { "texture": "#winterchanterelle", "uv": [ 5.0, 13.5, 5.5, 14.0 ] },
						"east": { "texture": "#winterchanterelle", "uv": [ 3.5, 11.5, 4.0, 12.0 ] },
						"south": { "texture": "#winterchanterelle", "uv": [ 3.0, 12.0, 3.5, 12.5 ] },
						"west": { "texture": "#winterchanterelle", "uv": [ 3.5, 13.0, 4.0, 13.5 ] },
						"down": { "texture": "#winterchanterelle", "uv": [ 5.0, 12.0, 5.5, 12.5 ] }
					},
					"children": [
						{
							"name": "Cube29",
							"from": [ -0.2, 0.8, -0.2 ],
							"to": [ 0.9, 1.6, 0.9 ],
							"rotationOrigin": [ 0.5, 0.8, 0.4 ],
							"rotationY": 8.0,
							"rotationZ": 3.0,
							"faces": {
								"north": { "texture": "#winterchanterelle", "uv": [ 12.0, 14.5, 13.0, 15.0 ], "rotation": 180 },
								"east": { "texture": "#winterchanterelle", "uv": [ 14.0, 14.0, 15.0, 14.5 ], "rotation": 180 },
								"south": { "texture": "#winterchanterelle", "uv": [ 10.5, 14.0, 11.5, 14.5 ], "rotation": 180 },
								"west": { "texture": "#winterchanterelle", "uv": [ 10.5, 14.0, 11.5, 14.5 ], "rotation": 180 },
								"down": { "texture": "#winterchanterelle", "uv": [ 10.0, 14.5, 11.0, 15.5 ] }
							},
							"children": [
								{
									"name": "Cube30",
									"from": [ -0.3, 0.6, -0.3 ],
									"to": [ 1.3, 1.4, 1.3 ],
									"rotationOrigin": [ 0.7, 0.6, 0.7 ],
									"rotationX": 14.0,
									"rotationY": -6.0,
									"rotationZ": 6.0,
									"faces": {
										"north": { "texture": "#winterchanterelle", "uv": [ 2.0, 11.0, 3.5, 11.5 ] },
										"east": { "texture": "#winterchanterelle", "uv": [ 0.5, 11.0, 2.0, 11.5 ] },
										"south": { "texture": "#winterchanterelle", "uv": [ 1.5, 12.5, 3.0, 13.0 ] },
										"west": { "texture": "#winterchanterelle", "uv": [ 3.0, 10.5, 4.5, 11.0 ] },
										"down": { "texture": "#winterchanterelle", "uv": [ 1.5, 11.5, 3.0, 13.0 ] }
									},
									"children": [
										{
											"name": "cap29",
											"from": [ -0.5, 0.7, -0.5 ],
											"to": [ 2.0, 1.5, 2.0 ],
											"rotationOrigin": [ 1.0, 0.7, 1.0 ],
											"rotationX": 3.0,
											"rotationY": 17.0,
											"rotationZ": 6.0,
											"faces": {
												"north": { "texture": "#winterchanterelle", "uv": [ 3.5, 2.5, 6.0, 3.0 ] },
												"east": { "texture": "#winterchanterelle", "uv": [ 5.5, 3.0, 8.0, 3.5 ] },
												"south": { "texture": "#winterchanterelle", "uv": [ 6.5, 6.0, 9.0, 6.5 ] },
												"west": { "texture": "#winterchanterelle", "uv": [ 5.0, 4.5, 7.5, 5.0 ] },
												"up": { "texture": "#winterchanterelle", "uv": [ 3.5, 3.0, 6.0, 5.5 ] },
												"down": { "texture": "#winterchanterelle", "uv": [ 2.0, 10.0, 4.5, 12.5 ] }
											},
											"children": [
												{
													"name": "CapN30",
													"from": [ 0.0, 0.4, -1.0 ],
													"to": [ 2.5, 0.8, -0.2 ],
													"rotationOrigin": [ 1.5, 0.4, 0.0 ],
													"rotationX": 42.0,
													"faces": {
														"north": { "texture": "#winterchanterelle", "uv": [ 7.5, 5.5, 10.0, 6.0 ] },
														"east": { "texture": "#winterchanterelle", "uv": [ 5.5, 4.0, 6.0, 4.5 ] },
														"west": { "texture": "#winterchanterelle", "uv": [ 5.0, 3.0, 5.5, 3.5 ] },
														"up": { "texture": "#winterchanterelle", "uv": [ 9.5, 5.0, 12.0, 5.5 ] },
														"down": { "texture": "#winterchanterelle", "uv": [ 7.0, 3.0, 9.5, 3.5 ] }
													}
												},
												{
													"name": "CapW33",
													"from": [ -0.8, 0.5, 0.0 ],
													"to": [ 0.0, 0.9, 2.5 ],
													"rotationOrigin": [ 0.0, 0.5, 1.5 ],
													"rotationZ": -44.0,
													"faces": {
														"north": { "texture": "#winterchanterelle", "uv": [ 3.0, 1.0, 3.5, 1.5 ] },
														"south": { "texture": "#winterchanterelle", "uv": [ 4.0, 2.5, 4.5, 3.0 ] },
														"west": { "texture": "#winterchanterelle", "uv": [ 4.0, 2.0, 6.5, 2.5 ] },
														"up": { "texture": "#winterchanterelle", "uv": [ 4.0, 2.5, 4.5, 5.0 ] },
														"down": { "texture": "#winterchanterelle", "uv": [ 6.5, 2.0, 7.0, 4.5 ] }
													}
												},
												{
													"name": "CapE35",
													"from": [ 2.5, 0.4, 0.0 ],
													"to": [ 3.3, 0.8, 2.5 ],
													"rotationOrigin": [ 2.5, 0.4, 2.5 ],
													"rotationZ": 47.0,
													"faces": {
														"north": { "texture": "#winterchanterelle", "uv": [ 3.0, 1.0, 3.5, 1.5 ] },
														"east": { "texture": "#winterchanterelle", "uv": [ 1.5, 1.0, 4.0, 1.5 ] },
														"south": { "texture": "#winterchanterelle", "uv": [ 5.5, 3.0, 6.0, 3.5 ] },
														"up": { "texture": "#winterchanterelle", "uv": [ 4.0, 2.5, 4.5, 5.0 ] },
														"down": { "texture": "#winterchanterelle", "uv": [ 4.0, 1.5, 4.5, 4.0 ] }
													}
												},
												{
													"name": "CapS36",
													"from": [ 0.0, 0.4, 2.2 ],
													"to": [ 2.5, 0.8, 3.0 ],
													"rotationOrigin": [ 2.2, 0.9, 2.2 ],
													"rotationX": -42.0,
													"faces": {
														"east": { "texture": "#winterchanterelle", "uv": [ 7.0, 3.0, 7.5, 3.5 ] },
														"south": { "texture": "#winterchanterelle", "uv": [ 4.0, 3.5, 6.5, 4.0 ] },
														"west": { "texture": "#winterchanterelle", "uv": [ 5.5, 2.5, 6.0, 3.0 ] },
														"up": { "texture": "#winterchanterelle", "uv": [ 5.5, 5.0, 8.0, 5.5 ] },
														"down": { "texture": "#winterchanterelle", "uv": [ 4.5, 2.5, 7.0, 3.0 ] }
													}
												}
											]
										}
									]
								}
							]
						}
					]
				}
			]
		}
	]}