{
	"editor": {
		"allAngles": false,
		"entityTextureMode": false
	},
	"textureWidth": 16,
	"textureHeight": 16,
	"textureSizes": {
	},
	"textures": {
		"nail": "block/metal/tarnished/rusty-iron",
		"wood": "block/wood/debarked/aged"
	},
	"elements": [
		{
			"name": "Plank3",
			"from": [ 1.0, 0.0, 1.0 ],
			"to": [ 15.0, 0.5, 15.0 ],
			"rotationOrigin": [ 1.0, 0.0, 1.0 ],
			"faces": {
				"north": { "texture": "#wood", "uv": [ 0.0, 10.0, 14.0, 10.5 ] },
				"east": { "texture": "#wood", "uv": [ 1.0, 11.0, 15.0, 11.5 ] },
				"south": { "texture": "#wood", "uv": [ 0.0, 3.0, 14.0, 3.5 ] },
				"west": { "texture": "#wood", "uv": [ 0.0, 2.5, 14.0, 3.0 ] },
				"up": { "texture": "#wood", "uv": [ 0.0, 0.0, 14.0, 14.0 ] },
				"down": { "texture": "#wood", "uv": [ 0.5, 1.5, 14.5, 15.5 ] }
			}
		},
		{
			"name": "Plank4",
			"from": [ 1.5, 0.5, 7.5 ],
			"to": [ 2.5, 15.5, 8.5 ],
			"rotationOrigin": [ 2.0, 0.5, 8.0 ],
			"faces": {
				"north": { "texture": "#wood", "uv": [ 0.5, 9.5, 15.5, 10.5 ], "rotation": 90 },
				"east": { "texture": "#wood", "uv": [ 0.5, 10.5, 15.5, 11.5 ], "rotation": 90 },
				"south": { "texture": "#wood", "uv": [ 0.5, 2.5, 15.5, 3.5 ], "rotation": 90 },
				"west": { "texture": "#wood", "uv": [ 0.0, 11.0, 15.0, 12.0 ], "rotation": 90 },
				"up": { "texture": "#wood", "uv": [ 10.0, 9.5, 11.0, 10.5 ] },
				"down": { "texture": "#wood", "uv": [ 8.0, 2.0, 9.0, 3.0 ] }
			},
			"children": [
				{
					"name": "nail1",
					"from": [ -0.2, 14.3, 0.25 ],
					"to": [ 0.3, 14.8, 0.75 ],
					"rotationOrigin": [ -0.2, 14.3, 0.25 ],
					"faces": {
						"north": { "texture": "#nail", "uv": [ 14.0, 1.5, 14.5, 2.0 ] },
						"east": { "texture": "#nail", "uv": [ 11.5, 7.0, 12.0, 7.5 ] },
						"south": { "texture": "#nail", "uv": [ 12.0, 15.0, 12.5, 15.5 ] },
						"west": { "texture": "#nail", "uv": [ 13.0, 14.5, 13.5, 15.0 ] },
						"up": { "texture": "#nail", "uv": [ 4.5, 0.0, 5.0, 0.5 ] },
						"down": { "texture": "#nail", "uv": [ 2.5, 8.5, 3.0, 9.0 ] }
					}
				},
				{
					"name": "nail2",
					"from": [ -0.2, 12.3, 0.25 ],
					"to": [ 0.3, 12.8, 0.75 ],
					"rotationOrigin": [ -0.2, 12.3, 0.25 ],
					"faces": {
						"north": { "texture": "#nail", "uv": [ 6.0, 11.5, 6.5, 12.0 ] },
						"east": { "texture": "#nail", "uv": [ 2.0, 9.0, 2.5, 9.5 ] },
						"south": { "texture": "#nail", "uv": [ 10.0, 4.5, 10.5, 5.0 ] },
						"west": { "texture": "#nail", "uv": [ 5.5, 3.0, 6.0, 3.5 ] },
						"up": { "texture": "#nail", "uv": [ 3.0, 11.0, 3.5, 11.5 ] },
						"down": { "texture": "#nail", "uv": [ 14.5, 12.0, 15.0, 12.5 ] }
					}
				}
			]
		},
		{
			"name": "Plank5",
			"from": [ 13.5, 0.5, 7.5 ],
			"to": [ 14.5, 15.5, 8.5 ],
			"rotationOrigin": [ 14.0, 0.5, 8.0 ],
			"faces": {
				"north": { "texture": "#wood", "uv": [ 0.0, 1.5, 15.0, 2.5 ], "rotation": 90 },
				"east": { "texture": "#wood", "uv": [ 0.5, 10.5, 15.5, 11.5 ], "rotation": 90 },
				"south": { "texture": "#wood", "uv": [ 0.5, 14.0, 15.5, 15.0 ], "rotation": 90 },
				"west": { "texture": "#wood", "uv": [ 0.5, 14.5, 15.5, 15.5 ], "rotation": 90 },
				"up": { "texture": "#wood", "uv": [ 14.0, 6.5, 15.0, 7.5 ] },
				"down": { "texture": "#wood", "uv": [ 6.5, 0.5, 7.5, 1.5 ] }
			},
			"children": [
				{
					"name": "nail3",
					"from": [ 0.7, 14.3, 0.25 ],
					"to": [ 1.2, 14.8, 0.75 ],
					"rotationOrigin": [ 0.7, 14.3, 0.25 ],
					"faces": {
						"north": { "texture": "#nail", "uv": [ 12.5, 11.0, 13.0, 11.5 ] },
						"east": { "texture": "#nail", "uv": [ 15.0, 15.0, 15.5, 15.5 ] },
						"south": { "texture": "#nail", "uv": [ 2.5, 7.0, 3.0, 7.5 ] },
						"west": { "texture": "#nail", "uv": [ 10.0, 14.5, 10.5, 15.0 ] },
						"up": { "texture": "#nail", "uv": [ 10.0, 4.5, 10.5, 5.0 ] },
						"down": { "texture": "#nail", "uv": [ 15.0, 0.0, 15.5, 0.5 ] }
					}
				},
				{
					"name": "nail4",
					"from": [ 0.7, 12.3, 0.25 ],
					"to": [ 1.2, 12.8, 0.75 ],
					"rotationOrigin": [ 0.7, 12.3, 0.25 ],
					"faces": {
						"north": { "texture": "#nail", "uv": [ 11.0, 4.0, 11.5, 4.5 ] },
						"east": { "texture": "#nail", "uv": [ 6.0, 1.0, 6.5, 1.5 ] },
						"south": { "texture": "#nail", "uv": [ 10.0, 13.0, 10.5, 13.5 ] },
						"west": { "texture": "#nail", "uv": [ 6.5, 9.5, 7.0, 10.0 ] },
						"up": { "texture": "#nail", "uv": [ 9.0, 0.0, 9.5, 0.5 ] },
						"down": { "texture": "#nail", "uv": [ 4.5, 4.0, 5.0, 4.5 ] }
					}
				}
			]
		},
		{
			"name": "Plank6",
			"from": [ 1.6, 0.0, 0.5 ],
			"to": [ 2.6, 16.0, 1.5 ],
			"rotationOrigin": [ 2.1, 0.0, 1.0 ],
			"rotationX": 25.5,
			"faces": {
				"north": { "texture": "#wood", "uv": [ 0.0, 12.0, 16.0, 13.0 ], "rotation": 90 },
				"east": { "texture": "#wood", "uv": [ 0.0, 9.5, 16.0, 10.5 ], "rotation": 90 },
				"south": { "texture": "#wood", "uv": [ 0.0, 13.5, 16.0, 14.5 ], "rotation": 90 },
				"west": { "texture": "#wood", "uv": [ 0.0, 4.5, 16.0, 5.5 ], "rotation": 90 },
				"up": { "texture": "#wood", "uv": [ 0.0, 4.0, 1.0, 5.0 ] },
				"down": { "texture": "#wood", "uv": [ 3.0, 3.5, 4.0, 4.5 ] }
			},
			"children": [
				{
					"name": "nail5",
					"from": [ 0.25, 0.3, -0.2 ],
					"to": [ 0.75, 0.8, 0.3 ],
					"rotationOrigin": [ 0.25, 0.3, -0.2 ],
					"faces": {
						"north": { "texture": "#nail", "uv": [ 6.5, 3.5, 7.0, 4.0 ] },
						"east": { "texture": "#nail", "uv": [ 6.5, 11.5, 7.0, 12.0 ] },
						"south": { "texture": "#nail", "uv": [ 4.0, 3.0, 4.5, 3.5 ] },
						"west": { "texture": "#nail", "uv": [ 8.0, 10.0, 8.5, 10.5 ] },
						"up": { "texture": "#nail", "uv": [ 7.5, 5.5, 8.0, 6.0 ] },
						"down": { "texture": "#nail", "uv": [ 10.5, 13.5, 11.0, 14.0 ] }
					}
				},
				{
					"name": "nail7",
					"from": [ 0.25, 15.0, -0.2 ],
					"to": [ 0.75, 15.5, 0.3 ],
					"rotationOrigin": [ 0.25, 15.0, -0.2 ],
					"faces": {
						"north": { "texture": "#nail", "uv": [ 5.5, 2.5, 6.0, 3.0 ] },
						"east": { "texture": "#nail", "uv": [ 5.5, 15.0, 6.0, 15.5 ] },
						"south": { "texture": "#nail", "uv": [ 1.0, 1.0, 1.5, 1.5 ] },
						"west": { "texture": "#nail", "uv": [ 7.5, 3.5, 8.0, 4.0 ] },
						"up": { "texture": "#nail", "uv": [ 7.0, 2.0, 7.5, 2.5 ] },
						"down": { "texture": "#nail", "uv": [ 5.0, 3.5, 5.5, 4.0 ] }
					}
				}
			]
		},
		{
			"name": "Plank7",
			"from": [ 13.4, 0.0, 0.5 ],
			"to": [ 14.4, 16.0, 1.5 ],
			"rotationOrigin": [ 13.9, 0.0, 1.0 ],
			"rotationX": 25.5,
			"faces": {
				"north": { "texture": "#wood", "uv": [ 0.0, 2.5, 16.0, 3.5 ], "rotation": 90 },
				"east": { "texture": "#wood", "uv": [ 0.0, 12.5, 16.0, 13.5 ], "rotation": 90 },
				"south": { "texture": "#wood", "uv": [ 0.0, 6.5, 16.0, 7.5 ], "rotation": 90 },
				"west": { "texture": "#wood", "uv": [ 0.0, 7.5, 16.0, 8.5 ], "rotation": 90 },
				"up": { "texture": "#wood", "uv": [ 6.5, 14.0, 7.5, 15.0 ] },
				"down": { "texture": "#wood", "uv": [ 11.5, 11.0, 12.5, 12.0 ] }
			},
			"children": [
				{
					"name": "nail6",
					"from": [ 0.25, 0.3, -0.2 ],
					"to": [ 0.75, 0.8, 0.3 ],
					"rotationOrigin": [ 0.25, 0.3, -0.2 ],
					"faces": {
						"north": { "texture": "#nail", "uv": [ 4.5, 11.5, 5.0, 12.0 ] },
						"east": { "texture": "#nail", "uv": [ 9.5, 2.0, 10.0, 2.5 ] },
						"south": { "texture": "#nail", "uv": [ 12.5, 4.0, 13.0, 4.5 ] },
						"west": { "texture": "#nail", "uv": [ 11.5, 4.0, 12.0, 4.5 ] },
						"up": { "texture": "#nail", "uv": [ 2.0, 15.0, 2.5, 15.5 ] },
						"down": { "texture": "#nail", "uv": [ 5.0, 9.5, 5.5, 10.0 ] }
					}
				},
				{
					"name": "nail8",
					"from": [ 0.25, 15.0, -0.2 ],
					"to": [ 0.75, 15.5, 0.3 ],
					"rotationOrigin": [ 0.25, 15.0, -0.2 ],
					"faces": {
						"north": { "texture": "#nail", "uv": [ 5.0, 9.0, 5.5, 9.5 ] },
						"east": { "texture": "#nail", "uv": [ 12.0, 7.5, 12.5, 8.0 ] },
						"south": { "texture": "#nail", "uv": [ 10.5, 12.0, 11.0, 12.5 ] },
						"west": { "texture": "#nail", "uv": [ 12.5, 4.0, 13.0, 4.5 ] },
						"up": { "texture": "#nail", "uv": [ 5.0, 14.5, 5.5, 15.0 ] },
						"down": { "texture": "#nail", "uv": [ 10.0, 6.5, 10.5, 7.0 ] }
					}
				}
			]
		},
		{
			"name": "Plank8",
			"from": [ 1.6, 0.0, 14.5 ],
			"to": [ 2.6, 16.0, 15.5 ],
			"rotationOrigin": [ 2.1, 0.0, 15.0 ],
			"rotationX": -25.5,
			"faces": {
				"north": { "texture": "#wood", "uv": [ 0.0, 4.5, 16.0, 5.5 ], "rotation": 90 },
				"east": { "texture": "#wood", "uv": [ 0.0, 9.0, 16.0, 10.0 ], "rotation": 90 },
				"south": { "texture": "#wood", "uv": [ 0.0, 3.0, 16.0, 4.0 ], "rotation": 90 },
				"west": { "texture": "#wood", "uv": [ 0.0, 5.5, 16.0, 6.5 ], "rotation": 90 },
				"up": { "texture": "#wood", "uv": [ 3.0, 6.5, 4.0, 7.5 ] },
				"down": { "texture": "#wood", "uv": [ 1.0, 8.0, 2.0, 9.0 ] }
			},
			"children": [
				{
					"name": "nail9",
					"from": [ 0.25, 0.3, 0.7 ],
					"to": [ 0.75, 0.8, 1.2 ],
					"rotationOrigin": [ 0.25, 0.3, 0.7 ],
					"faces": {
						"north": { "texture": "#nail", "uv": [ 4.0, 14.0, 4.5, 14.5 ] },
						"east": { "texture": "#nail", "uv": [ 10.5, 12.5, 11.0, 13.0 ] },
						"south": { "texture": "#nail", "uv": [ 6.0, 15.0, 6.5, 15.5 ] },
						"west": { "texture": "#nail", "uv": [ 1.5, 0.0, 2.0, 0.5 ] },
						"up": { "texture": "#nail", "uv": [ 15.0, 14.5, 15.5, 15.0 ] },
						"down": { "texture": "#nail", "uv": [ 4.0, 12.5, 4.5, 13.0 ] }
					}
				},
				{
					"name": "nail10",
					"from": [ 0.25, 15.0, 0.7 ],
					"to": [ 0.75, 15.5, 1.2 ],
					"rotationOrigin": [ 0.25, 15.0, 0.7 ],
					"faces": {
						"north": { "texture": "#nail", "uv": [ 9.5, 4.0, 10.0, 4.5 ] },
						"east": { "texture": "#nail", "uv": [ 9.5, 9.0, 10.0, 9.5 ] },
						"south": { "texture": "#nail", "uv": [ 7.0, 9.0, 7.5, 9.5 ] },
						"west": { "texture": "#nail", "uv": [ 10.5, 5.0, 11.0, 5.5 ] },
						"up": { "texture": "#nail", "uv": [ 0.0, 1.0, 0.5, 1.5 ] },
						"down": { "texture": "#nail", "uv": [ 0.0, 5.0, 0.5, 5.5 ] }
					}
				}
			]
		},
		{
			"name": "Plank9",
			"from": [ 13.4, 0.0, 14.5 ],
			"to": [ 14.4, 16.0, 15.5 ],
			"rotationOrigin": [ 13.9, 0.0, 15.0 ],
			"rotationX": -25.5,
			"faces": {
				"north": { "texture": "#wood", "uv": [ 0.0, 11.0, 16.0, 12.0 ], "rotation": 90 },
				"east": { "texture": "#wood", "uv": [ 0.0, 4.5, 16.0, 5.5 ], "rotation": 90 },
				"south": { "texture": "#wood", "uv": [ 0.0, 11.0, 16.0, 12.0 ], "rotation": 90 },
				"west": { "texture": "#wood", "uv": [ 0.0, 12.0, 16.0, 13.0 ], "rotation": 90 },
				"up": { "texture": "#wood", "uv": [ 2.0, 7.5, 3.0, 8.5 ] },
				"down": { "texture": "#wood", "uv": [ 9.5, 4.0, 10.5, 5.0 ] }
			},
			"children": [
				{
					"name": "nail11",
					"from": [ 0.25, 0.3, 0.7 ],
					"to": [ 0.75, 0.8, 1.2 ],
					"rotationOrigin": [ 0.25, 0.3, 0.7 ],
					"faces": {
						"north": { "texture": "#nail", "uv": [ 14.5, 4.5, 15.0, 5.0 ] },
						"east": { "texture": "#nail", "uv": [ 7.5, 1.5, 8.0, 2.0 ] },
						"south": { "texture": "#nail", "uv": [ 10.5, 7.0, 11.0, 7.5 ] },
						"west": { "texture": "#nail", "uv": [ 0.0, 1.0, 0.5, 1.5 ] },
						"up": { "texture": "#nail", "uv": [ 0.5, 1.0, 1.0, 1.5 ] },
						"down": { "texture": "#nail", "uv": [ 3.5, 6.5, 4.0, 7.0 ] }
					}
				},
				{
					"name": "nail12",
					"from": [ 0.25, 15.0, 0.7 ],
					"to": [ 0.75, 15.5, 1.2 ],
					"rotationOrigin": [ 0.25, 15.0, 0.7 ],
					"faces": {
						"north": { "texture": "#nail", "uv": [ 1.5, 0.5, 2.0, 1.0 ] },
						"east": { "texture": "#nail", "uv": [ 6.0, 0.5, 6.5, 1.0 ] },
						"south": { "texture": "#nail", "uv": [ 8.5, 14.5, 9.0, 15.0 ] },
						"west": { "texture": "#nail", "uv": [ 3.5, 2.5, 4.0, 3.0 ] },
						"up": { "texture": "#nail", "uv": [ 8.5, 1.0, 9.0, 1.5 ] },
						"down": { "texture": "#nail", "uv": [ 12.5, 15.0, 13.0, 15.5 ] }
					}
				}
			]
		},
		{
			"name": "Plank10",
			"from": [ 2.5, 12.5, 7.5 ],
			"to": [ 13.5, 15.5, 8.5 ],
			"rotationOrigin": [ 3.0, 12.5, 8.5 ],
			"faces": {
				"north": { "texture": "#wood", "uv": [ 4.0, 10.5, 15.0, 13.5 ] },
				"east": { "texture": "#wood", "uv": [ 3.5, 4.0, 4.5, 7.0 ] },
				"south": { "texture": "#wood", "uv": [ 1.5, 12.0, 12.5, 15.0 ] },
				"west": { "texture": "#wood", "uv": [ 11.5, 12.5, 12.5, 15.5 ] },
				"up": { "texture": "#wood", "uv": [ 2.5, 8.0, 13.5, 9.0 ] },
				"down": { "texture": "#wood", "uv": [ 4.5, 9.5, 15.5, 10.5 ] }
			}
		}
	]}