[
  {
    "file": "giantgouramis:entities/water/giantgourami.json",
    "op": "addmerge",
    "path": "/attributesByType",
    "side": "Server",
    "value": {
      "*-goramy": {
        "biorealm": [
          "eastern palearctic",
          "pacific palearctic"
        ]
      },
      "*-laticlavius": {
        "biorealm": [
          "pacific palearctic"
        ]
      },
      "*-exodon": {
        "biorealm": [
          "eastern palearctic"
        ]
      },
      "*-septemfasciatus": {
        "biorealm": [
          "pacific palearctic"
        ]
      }
    },
    "dependsOn": [
      {
        "modid": "giantgouramis"
      }
    ]
  }
]
