[
  {
    "file": "wethology:entities/water/catfish.json",
    "op": "add",
    "path": "/attributesByType",
    "side": "Server",
    "value": {
      "*-catfish": {
        "biorealm": [
          "pacific nearctic",
          "atlantic nearctic",
          "atlantic palearctic",
          "central palearctic",
          "eastern palearctic",
          "pacific palearctic",
          "pacific neotropic",
          "atlantic neotropic",
          "atlantic afrotropic",
          "eastern afrotropic",
          "australasian",
          "oceanic"
        ]
      },
      "*-catfish-ripsaw": {
        "biorealm": [
          "pacific neotropic",
          "atlantic neotropic",
          "atlantic afrotropic",
          "eastern afrotropic",
          "australasian",
          "oceanic"
        ]
      }
    },
    "dependsOn": [
      {
        "modid": "wethology"
      }
    ]
  },
  {
    "file": "wethology:entities/water/stingray.json",
    "op": "addmerge",
    "path": "/attributesByType",
    "side": "Server",
    "value": {
      "*-fresh": {
        "biorealm": [
          "pacific neotropic",
          "atlantic neotropic",
          "atlantic afrotropic",
          "eastern afrotropic"
        ]
      },
      "*-sea": {
        "biorealm": [
          "pacific nearctic",
          "atlantic nearctic",
          "atlantic palearctic",
          "central palearctic",
          "eastern palearctic",
          "pacific palearctic",
          "pacific neotropic",
          "atlantic neotropic",
          "atlantic afrotropic",
          "eastern afrotropic",
          "australasian",
          "oceanic"
        ]
      }
    },
    "dependsOn": [
      {
        "modid": "wethology"
      }
    ]
  },
  {
    "file": "wethology:entities/water/fish.json",
    "op": "addmerge",
    "path": "/attributesByType",
    "side": "Server",
    "value": {
      "*-snakehead": {
        "biorealm": [
          "pacific neotropic",
          "atlantic neotropic",
          "atlantic afrotropic",
          "eastern afrotropic",
          "australasian",
          "oceanic"
        ]
      },
      "*-sea-bass": {
        "biorealm": [
          "pacific nearctic",
          "atlantic nearctic",
          "atlantic palearctic",
          "central palearctic",
          "eastern palearctic",
          "pacific palearctic",
          "pacific neotropic",
          "atlantic neotropic",
          "atlantic afrotropic",
          "eastern afrotropic",
          "australasian",
          "oceanic"
        ]
      },
      "*-bass": {
        "biorealm": [
          "atlantic nearctic"
        ]
      },
      "*-coral-fish": {
        "biorealm": [
          "pacific nearctic",
          "atlantic nearctic",
          "atlantic palearctic",
          "central palearctic",
          "eastern palearctic",
          "pacific palearctic",
          "pacific neotropic",
          "atlantic neotropic",
          "atlantic afrotropic",
          "eastern afrotropic",
          "australasian",
          "oceanic"
        ]
      },
      "*-sunfish": {
        "biorealm": [
          "pacific nearctic",
          "atlantic nearctic",
          "atlantic palearctic",
          "central palearctic",
          "eastern palearctic",
          "pacific palearctic",
          "pacific neotropic",
          "atlantic neotropic",
          "atlantic afrotropic",
          "eastern afrotropic",
          "australasian",
          "oceanic"
        ]
      },
      "*-salmon": {
        "biorealm": [
          "pacific nearctic",
          "atlantic nearctic",
          "atlantic palearctic",
          "central palearctic",
          "eastern palearctic",
          "pacific palearctic"
        ]
      },
      "*-trout": {
        "biorealm": [
          "pacific nearctic",
          "atlantic nearctic",
          "atlantic palearctic",
          "central palearctic",
          "eastern palearctic",
          "pacific palearctic"
        ]
      }
    },
    "dependsOn": [
      {
        "modid": "wethology"
      }
    ]
  },
  {
    "file": "wethology:entities/water/eel.json",
    "op": "add",
    "path": "/attributes",
    "side": "Server",
    "value": {
      "biorealm": [
        "pacific nearctic",
        "atlantic nearctic",
        "atlantic palearctic",
        "central palearctic",
        "eastern palearctic",
        "pacific palearctic",
        "pacific neotropic",
        "atlantic neotropic",
        "atlantic afrotropic",
        "eastern afrotropic",
        "australasian",
        "oceanic"
      ]
    },
    "dependsOn": [
      {
        "modid": "wethology"
      }
    ]
  },
  {
    "file": "wethology:entities/water/jellyfish.json",
    "op": "add",
    "path": "/attributes",
    "side": "Server",
    "value": {
      "biorealm": [
        "pacific nearctic",
        "atlantic nearctic",
        "atlantic palearctic",
        "central palearctic",
        "eastern palearctic",
        "pacific palearctic",
        "pacific neotropic",
        "atlantic neotropic",
        "atlantic afrotropic",
        "eastern afrotropic",
        "australasian",
        "oceanic"
      ]
    },
    "dependsOn": [
      {
        "modid": "wethology"
      }
    ]
  },
  {
    "file": "wethology:entities/water/piranha.json",
    "op": "add",
    "path": "/attributes",
    "side": "Server",
    "value": {
      "biorealm": [
        "atlantic neotropic"
      ]
    },
    "dependsOn": [
      {
        "modid": "wethology"
      }
    ]
  },
  {
    "file": "wethology:entities/land/bearded-dragon.json",
    "op": "add",
    "path": "/attributes",
    "side": "Server",
    "value": {
      "biorealm": [
        "australasian",
        "pacific palearctic"
      ]
    },
    "dependsOn": [
      {
        "modid": "wethology"
      }
    ]
  },
  {
    "file": "wethology:entities/land/mountaingoat-male.json",
    "op": "add",
    "path": "/attributes",
    "side": "Server",
    "value": {
      "biorealm": [
        "pacific nearctic"
      ]
    },
    "dependsOn": [
      {
        "modid": "wethology"
      }
    ]
  },
  {
    "file": "wethology:entities/land/mountaingoat-female.json",
    "op": "add",
    "path": "/attributes",
    "side": "Server",
    "value": {
      "biorealm": [
        "pacific nearctic"
      ]
    },
    "dependsOn": [
      {
        "modid": "wethology"
      }
    ]
  },
  {
    "file": "wethology:entities/land/mountaingoat-kid.json",
    "op": "add",
    "path": "/attributes",
    "side": "Server",
    "value": {
      "biorealm": [
        "pacific nearctic"
      ]
    },
    "dependsOn": [
      {
        "modid": "wethology"
      }
    ]
  },
  {
    "file": "wethology:entities/land/mountainsheep-male.json",
    "op": "add",
    "path": "/attributes",
    "side": "Server",
    "value": {
      "biorealm": [
        "central palearctic",
        "eastern palearctic"
      ]
    },
    "dependsOn": [
      {
        "modid": "wethology"
      }
    ]
  },
  {
    "file": "wethology:entities/land/mountainsheep-female.json",
    "op": "add",
    "path": "/attributes",
    "side": "Server",
    "value": {
      "biorealm": [
        "central palearctic",
        "eastern palearctic"
      ]
    },
    "dependsOn": [
      {
        "modid": "wethology"
      }
    ]
  },
  {
    "file": "wethology:entities/land/mountainsheep-lamb.json",
    "op": "add",
    "path": "/attributes",
    "side": "Server",
    "value": {
      "biorealm": [
        "central palearctic",
        "eastern palearctic"
      ]
    },
    "dependsOn": [
      {
        "modid": "wethology"
      }
    ]
  }
]