[
    {
        "op": "replace",
        "path": "/classByType/metalpot-*-empty",
        "value": "metalpots.MPXSkillBlockCookingContainer",
        "file": "metalpots:blocktypes/metalpot.json",
        "side": "server",
        "dependsOn": [
            {
                "modid": "xskills"
            }
        ]
    },
    {
        "op": "replace",
        "path": "/classByType/dirtymetalpot-*-empty",
        "value": "metalpots.MPXSkillBlockCookingContainer",
        "file": "metalpots:blocktypes/dirtymetalpot.json",
        "side": "server",
        "dependsOn": [
            {
                "modid": "xskills"
            }
        ]
    }
]