{
	"code": "pemmican",
	"maxstacksize": 64,
	"variantgroups": [
		{
			"code": "state",
			"states": [ "basic" ]
		}
	],
	"attributes": {
		"displaycaseable": true,
		"shelvable": true,
		"onshelfTransform": {
			"origin": {
				"x": 0.5,
				"y": 0,
				"z": 0.5
			},
			"scale": 0.72
		}
	},
	"shape": { "base": "shapes/item/food/pemmican-dried" },
	"creativeinventory": {
		"general": [ "*" ],
		"items": [ "*" ]
	},
	"nutritionPropsByType": {
		"*": {
			"satiety": 300,
			"health": 0,
			"foodcategory": "Protein"
		}
	},
	"transitionablePropsByType": {
		"*": [
			{
				"type": "Perish",
				"freshHours": { "avg": 476 },
				"transitionHours": { "avg": 72 },
				"transitionedStack": {
					"type": "item",
					"code": "game:rot"
				},
				"transitionRatio": 1
			}
		]
	},
	"guiTransform": {
		"translation": {
			"x": 0,
			"y": 0,
			"z": 0
		},
		"rotation": {
			"x": 100,
			"y": 47,
			"z": 2
		},
		"origin": {
			"x": 0.425,
			"y": -0.2,
			"z": 0.53
		},
		"scale": 2.8599
	},
	"tpHandTransform": {
		"translation": {
			"x": 0,
			"y": 0,
			"z": 0
		},
		"rotation": {
			"x": 0,
			"y": 0,
			"z": -11
		},
		"origin": {
			"x": 0.18,
			"y": -0.4,
			"z": 0.225
		},
		"scale": 0.8
	},
	"groundTransform": {
		"translation": {
			"x": 0,
			"y": 0,
			"z": 0
		},
		"rotation": {
			"x": 0,
			"y": 0,
			"z": 0
		},
		"origin": {
			"x": 0.5,
			"y": 0,
			"z": 0.5
		},
		"scale": 3.3
	}
}