[
  {
    "op": "replace",
    "path": "/entityClassByType/*-harvested-*",
    "value": "awebetransient",
    "file": "game:blocktypes/plant/reedpapyrus.json",
    "side": "server"
  },
  {
    "op": "replace",
    "path": "/class",
    "value": "awereeditem",
    "file": "game:itemtypes/resource/catttailroot.json",
    "side": "server"
  },
  {
    "op": "replace",
    "path": "/class",
    "value": "awereeditem",
    "file": "game:itemtypes/resource/papyrusroot.json",
    "side": "server"
  },
  {
    "op": "replace",
    "path": "/class",
    "value": "awereeditem",
    "file": "game:itemtypes/resource/tuleroot.json",
    "side": "server"
  },
  {
    "op": "replace",
    "path": "/attributes/transientPropsByType/tallplant-coopersreed-*/inGameHours",
    "value": 84,
    "file": "game:blocktypes/plant/reedpapyrus.json",
    "side": "server"
  },
  {
    "op": "replace",
    "path": "/attributes/transientPropsByType/tallplant-papyrus-*/inGameHours",
    "value": 66,
    "file": "game:blocktypes/plant/reedpapyrus.json",
    "side": "server"
  },
  {
    "op": "replace",
    "path": "/attributes/transientPropsByType/tallplant-tule-*/inGameHours",
    "value": 66,
    "file": "game:blocktypes/plant/reedpapyrus.json",
    "side": "server"
  },
  {
    "op": "add",
    "path": "/transitionableProps",
    "value": [{
			type: "Perish",
			freshHours: { avg: 336 },
			transitionHours: { avg: 72 },
			transitionedStack: { type: "item", code: "rot" },
			transitionRatio: 0.55
		}],
    "file": "game:itemtypes/resource/catttailroot.json",
    "side": "server"
  },
  {
    "op": "remove",
    "path": "/class",
    "file": "game:itemtypes/resource/catttailroot.json",
    "side": "server"
  },
  {
    "op": "remove",
    "path": "/class",
    "file": "game:itemtypes/resource/papyrusroot.json",
    "side": "server"
  },
  {
    "op": "remove",
    "path": "/class",
    "file": "game:itemtypes/resource/tuleroot.json",
    "side": "server"
  },
  {
    "op": "add",
    "path": "/transitionableProps",
    "value": [{
			type: "Perish",
			freshHours: { avg: 336 },
			transitionHours: { avg: 72 },
			transitionedStack: { type: "item", code: "rot" },
			transitionRatio: 0.55
		}]
    ,
    "file": "game:itemtypes/resource/catttailroot.json",
    "side": "server"
  },
  {
    "op": "add",
    "path": "/transitionableProps",
    "value": [{
			type: "Perish",
			freshHours: { avg: 336 },
			transitionHours: { avg: 72 },
			transitionedStack: { type: "item", code: "rot" },
			transitionRatio: 0.55
		}],
    "file": "game:itemtypes/resource/papyrusroot.json",
    "side": "server"
  },
  {
    "op": "add",
    "path": "/transitionableProps",
    "value": [{
			type: "Perish",
			freshHours: { avg: 336 },
			transitionHours: { avg: 72 },
			transitionedStack: { type: "item", code: "rot" },
			transitionRatio: 0.55
		}],
    "file": "game:itemtypes/resource/tuleroot.json",
    "side": "server"
  }
]