{
    "code": "dirtymetalpot",
    "behaviors": [
        {
            "name": "GroundStorable",
            "properties": {
                "layout": "SingleCenter",
                "collisionBox": {
                    "x1": 0,
                    "y1": 0,
                    "z1": 0,
                    "x2": 1,
                    "y2": 0.4375,
                    "z2": 1
                }
            }
        },
        {
            "name": "Unplaceable",
            "__comment": "The ground storable obsoletes this being a block. Should be an item, but is kept a block for backwards compatibility"
        }
    ],
    "classByType": {
        "dirtymetalpot-*-empty": "metalpots.MPBlockCookingContainer",
        "dirtymetalpot-*-cooked": "metalpots.MPBlockCookedContainer"
    },
    "heldTpIdleAnimation": "holdbothhandslarge",
    "heldTpUseAnimation": "twohandplaceblock",

    "attributesByType": {
        "*": {
            "cookingContainerSlots": 4,
            "maxContainerSlotStackSize": 24,
            "cookingSlotCapacityLitres": 24,
            "servingCapacity": 24,
            "maxServingSize": 24,
            "storageType": 1,
            "maxTemperature": 250,
            "inFirePitProps": {
                "transform": {
                    "translation": {
                        "x": 0,
                        "y": 0.125,
                        "z": 0
                    }
                },
                "useFirepitModel": "Wide"
            },
            "mealContainer": true,
            "mealBlockCode": "metalpots:dirtymetalpot-{metal}-cooked",
            "dirtiedBlockCode": "metalpots:dirtymetalpot-{metal}-cooked",
            "emptiedBlockCode": "metalpots:dirtymetalpot-{metal}-empty",
            "isDirtyPot": true
        }
    },
    "variantgroups": [
        {
            "code": "metal",
            "states": [ "copper", "brass", "tinbronze", "bismuthbronze", "blackbronze", "silver", "gold", "iron", "chromium", "electrum", "titanium", "molybdochalkos", "meteoriciron", "steel", "cupronickel", "nickel", "platinum", "stainlesssteel", "uranium", "zinc" ]
        },
        {
            "code": "type",
            "states": [ "empty", "cooked" ]
        }
    ],
    "entityclassByType": {
        "*-cooked": "CookedContainer"
    },
    "shape": { "base": "metalpots:block/dirty-metalpot-opened-empty" },
    "doNotRenderAtLod2": true,
    "blockmaterial": "Metal",
    "creativeinventory": {
        "general": [ "dirtymetalpot-*-empty" ],
        "decorative": [ "dirtymetalpot-*-empty" ]
    },
    "replaceable": 400,
    "resistance": 1.5,
    "maxStackSize": 1,
    "lightAbsorption": 0,
    "texturesByType": {
        "*": {
            "transparent": { "base": "game:block/transparent" },
            "ceramic": { "base": "game:block/metal/ingot/{metal}" },
            "metal": { "base": "game:block/metal/ingot/{metal}" },
            "metal2": { "base": "metalpots:{metal}" },
            "lid-dirty2": { "base": "game:block/metal/sheet/{metal}1" },

            "liquid": { "base": "game:block/liquid/glue-cold" }
        }
    },
    "lightHsvByType": {
        "dirtymetalpot-uranium-*": [ 33, 5, 1 ]
    },
    "sounds": {
        "walk": "walk/stone"
    },
    "sideopaque": {
        "all": false
    },
    "sidesolid": {
        "all": false
    },
    "collisionbox": {
        "x1": 0.28,
        "y1": 0,
        "z1": 0.28,
        "x2": 0.72,
        "y2": 0.35,
        "z2": 0.72
    },
    "selectionbox": {
        "x1": 0.28,
        "y1": 0,
        "z1": 0.28,
        "x2": 0.72,
        "y2": 0.35,
        "z2": 0.72
    },
    "tpHandTransform": {
        "translation": {
            "x": -0.7,
            "y": 0.06,
            "z": -0.47
        },
        "rotation": {
            "x": -52,
            "y": 20,
            "z": -110
        },
        "origin": {
            "x": 0.5,
            "y": 0,
            "z": 0.5
        },
        "scale": 0.6
    }
}