{
    "code": "doublewoodsink",
    "creativeinventory": { "general": ["*-north"], "decorative": ["*-north"], "decorbazaar": ["*-north"] },
    "behaviors": [{ "name": "HorizontalOrientable" }],
	attributes: {
		canChisel: false,
		"handbook": { groupBy: ["doublewoodsink-*"] },
		chiselShapeFromCollisionBox: true,
		liquidBarrierOnSides: { "doublestonesink-*": [ 1.0, 1.0, 1.0, 1.0 ]
		}
	},
    "variantgroups": [
        {
            "code": "wood",
            "states": [
"bearnut", 
"beech", 
"bluemahoe", 
"catalpa", 
"jacaranda", 
"cedar",
"dalbergia", 
"douglasfir", 
"elm", 
"eucalyptus", 
"honeylocust", 
"mahogany", 
"poplar", 
"sal", 
"saxaul", 
"spruce", 
"sycamore", 
"willow", 
"yew", 
"chlorociboria", 
"petrified", 
"empresstree", 
"guajacum", 
"umnini", 
"banyan", 
"ginkgo", 
"tuja", 
"kauri", 
"ghostgum", 
"redcedar",
"satinash",
"ohia"
            ]
        },
		{
			"code": "metal",
			"states": [
				"bismuth",
				"bismuthbronze",
				"blackbronze",
				"brass",
				"copper",
				"gold",
				"iron",
				"meteoriciron",
				"nickel",
				"silver",
				"steel",
				"tin",
				"tinbronze"
				]
		},
        {
            "code": "side",
            "loadFromProperties": "abstract/horizontalorientation"
        }
    ],
"shapeByType": {

         "*-north": { "base": "decor:block/kitchendecor/doublewoodsink", rotateY: 0 },
         "*-east": { "base": "decor:block/kitchendecor/doublewoodsink", rotateY: 270 },
         "*-south": { "base": "decor:block/kitchendecor/doublewoodsink", rotateY: 180 },
         "*-west": { "base": "decor:block/kitchendecor/doublewoodsink", rotateY: 90 }
     },
	blockmaterial: "stone",
	"replaceable": 300,
	drawtype: "json",
	resistance: 2,
	faceCullMode: "NeverCull",
	lightAbsorption: 0,
	emitSideAo: {all: false },
	sideAo: { all: false },
	sideopaque: {
		all: false
	},
	sidesolid: {
		up: false,
		down: false,
		north: true,
		south: true,
		east: true,
		west: true
	},
    "texturesByType": {
        "*": {
            "metal": {
                "base": "game:block/metal/ingot/{metal}"
            },
            "wood": {
                "base": "wildcrafttree:block/wood/planks/{wood}1"
            }
        }
    },
    "resistance": 3.5,
    "sounds": {
        "place": "game:block/planks",
        "walk": "game:walk/stone"
    },
	"guiTransform": {
		rotation: { x: -22.6, y: 144, z: 0 }
	}
}