{
  "version": 2,
  "patches": {
    "float":{
      "monoceros:entities/monoceros.json": {
        "/server/spawnconditions/worldgen/triesPerChunk/avg": "worlgen",
        "/server/spawnconditions/runtime/chanceByType/*-adult-male-indicus": "runtimeindicus",
        "/server/spawnconditions/runtime/chanceByType/*-adult-*-caledonius": "runtimecaledonius"
      }
    }
  },
  "settings":[
    {
      "code": "worlgen",
      "type": "float",
      "ingui": "setting-worldgen-spawnrate",
      "default": 0.0001,
      "range": {
        "min": 0.0000,
        "max": 1.0,
        "step":0.0001
      }
    },
    {
      "code": "runtimeindicus",
      "type": "float",
      "ingui": "setting-runtime-spawnrate-indicus",
      "default": 0.000003,
      "range": {
        "min": 0.00000,
        "max": 1.0,
        "step":0.00001
      }
    },
    {
      "code": "runtimecaledonius",
      "type": "float",
      "ingui": "setting-runtime-spawnrate-caledonius",
      "default": 0.000001,
      "range": {
        "min": 0.00000,
        "max": 1.0,
        "step":0.00001
      }
    }
  ]
}
