{
	"textures": {
		"earthball": "game:block/plant/mushroom/earthball/earthball",
		"mycelium1": "game:block/plant/mushroom/mycelium1"
	},
	"elements": [
		{
			"name": "origin",
			"from": [ 8.0, 0.0, 8.0 ], 
			"to": [ 8.0, 0.0, 8.0 ], 
			"rotationOrigin": [ 8.0, 0.0, 8.0 ],
			"faces": {
				"north": { "texture": "#earthball", "uv": [ 0.0, 0.0, 0.5, 0.5 ], "enabled": false },
				"east": { "texture": "#earthball", "uv": [ 0.0, 0.0, 0.5, 0.5 ], "enabled": false },
				"south": { "texture": "#earthball", "uv": [ 0.0, 0.0, 0.5, 0.5 ], "enabled": false },
				"west": { "texture": "#earthball", "uv": [ 0.0, 0.0, 0.5, 0.5 ], "enabled": false },
				"up": { "texture": "#earthball", "uv": [ 0.0, 0.0, 0.5, 0.5 ], "enabled": false },
				"down": { "texture": "#earthball", "uv": [ 0.0, 0.0, 0.5, 0.5 ], "enabled": false }
			},
			"children": [
				{
					"name": "main",
					"from": [ -2.0, 0.0, -3.0 ], 
					"to": [ 1.0, 1.0, 0.0 ], 
					"rotationOrigin": [ -0.5, 0.0, -1.5 ],
					"rotationY": 44.0,
					"faces": {
						"north": { "texture": "#earthball", "uv": [ 2.0, 5.0, 5.0, 6.0 ] },
						"east": { "texture": "#earthball", "uv": [ 1.0, 7.0, 4.0, 8.0 ] },
						"south": { "texture": "#earthball", "uv": [ 1.0, 6.0, 4.0, 7.0 ] },
						"west": { "texture": "#earthball", "uv": [ 0.0, 9.0, 3.0, 10.0 ] },
						"up": { "texture": "#earthball", "uv": [ 9.0, 0.5, 12.0, 3.5 ] },
						"down": { "texture": "#earthball", "uv": [ 9.5, 9.5, 12.5, 12.5 ] }
					},
					"children": [
						{
							"name": "top",
							"from": [ 0.5, 1.0, 0.5 ], 
							"to": [ 2.5, 1.5, 2.5 ], 
							"rotationOrigin": [ 2.0, 1.0, 1.0 ],
							"faces": {
								"north": { "texture": "#earthball", "uv": [ 1.5, 2.0, 3.5, 2.5 ] },
								"east": { "texture": "#earthball", "uv": [ 2.0, 2.0, 4.0, 2.5 ] },
								"south": { "texture": "#earthball", "uv": [ 0.0, 1.5, 2.0, 2.0 ] },
								"west": { "texture": "#earthball", "uv": [ 2.5, 1.5, 4.5, 2.0 ] },
								"up": { "texture": "#earthball", "uv": [ 10.0, 1.5, 12.0, 3.5 ] },
								"down": { "texture": "#earthball", "uv": [ 0.0, 0.0, 2.0, 2.0 ], "enabled": false }
							}
						}
					]
				},
				{
					"name": "main5",
					"from": [ 1.0, 0.0, 0.0 ], 
					"to": [ 4.0, 1.0, 3.0 ], 
					"rotationOrigin": [ 2.5, 0.0, 1.5 ],
					"rotationY": 17.0,
					"faces": {
						"north": { "texture": "#earthball", "uv": [ 2.0, 10.0, 5.0, 11.0 ] },
						"east": { "texture": "#earthball", "uv": [ 1.5, 13.5, 4.5, 14.5 ] },
						"south": { "texture": "#earthball", "uv": [ 2.0, 12.5, 5.0, 13.5 ] },
						"west": { "texture": "#earthball", "uv": [ 0.5, 11.5, 3.5, 12.5 ] },
						"up": { "texture": "#earthball", "uv": [ 3.0, 10.5, 6.0, 13.5 ] },
						"down": { "texture": "#earthball", "uv": [ 9.5, 9.5, 12.5, 12.5 ] }
					},
					"children": [
						{
							"name": "top6",
							"from": [ 0.5, 1.0, 0.5 ], 
							"to": [ 2.5, 1.5, 2.5 ], 
							"rotationOrigin": [ 2.0, 1.0, 1.0 ],
							"faces": {
								"north": { "texture": "#earthball", "uv": [ 1.0, 5.0, 3.0, 5.5 ] },
								"east": { "texture": "#earthball", "uv": [ 3.0, 7.0, 5.0, 7.5 ] },
								"south": { "texture": "#earthball", "uv": [ 2.5, 10.0, 4.5, 10.5 ] },
								"west": { "texture": "#earthball", "uv": [ 3.0, 7.0, 5.0, 7.5 ] },
								"up": { "texture": "#earthball", "uv": [ 2.0, 9.5, 4.0, 11.5 ] },
								"down": { "texture": "#earthball", "uv": [ 0.0, 0.0, 2.0, 2.0 ], "enabled": false }
							}
						}
					]
				},
				{
					"name": "main7",
					"from": [ 1.5, 0.0, -3.5 ], 
					"to": [ 3.5, 1.0, -1.5 ], 
					"rotationOrigin": [ 2.5, 0.0, -2.5 ],
					"rotationY": -19.0,
					"faces": {
						"north": { "texture": "#earthball", "uv": [ 2.0, 5.0, 4.0, 6.0 ] },
						"east": { "texture": "#earthball", "uv": [ 1.0, 7.0, 3.0, 8.0 ] },
						"south": { "texture": "#earthball", "uv": [ 1.0, 6.0, 3.0, 7.0 ] },
						"west": { "texture": "#earthball", "uv": [ 0.0, 9.0, 2.0, 10.0 ] },
						"up": { "texture": "#earthball", "uv": [ 9.0, 0.5, 11.0, 2.5 ] },
						"down": { "texture": "#earthball", "uv": [ 9.5, 9.5, 11.5, 11.5 ] }
					},
					"children": [
						{
							"name": "top8",
							"from": [ 0.3, 1.0, 0.3 ], 
							"to": [ 1.7, 1.5, 1.7 ], 
							"rotationOrigin": [ 2.0, 1.0, 1.0 ],
							"faces": {
								"north": { "texture": "#earthball", "uv": [ 1.5, 2.0, 2.5, 2.5 ] },
								"east": { "texture": "#earthball", "uv": [ 2.0, 2.0, 3.0, 2.5 ] },
								"south": { "texture": "#earthball", "uv": [ 0.0, 1.5, 1.0, 2.0 ] },
								"west": { "texture": "#earthball", "uv": [ 2.5, 1.5, 3.5, 2.0 ] },
								"up": { "texture": "#earthball", "uv": [ 10.0, 1.5, 11.0, 2.5 ] },
								"down": { "texture": "#earthball", "uv": [ 0.0, 0.0, 1.0, 1.0 ], "enabled": false }
							}
						}
					]
				},
				{
					"name": "main9",
					"from": [ -1.5, 0.0, 2.5 ], 
					"to": [ 0.5, 0.5, 4.5 ], 
					"rotationOrigin": [ -0.5, 0.0, 3.5 ],
					"rotationY": -19.0,
					"faces": {
						"north": { "texture": "#earthball", "uv": [ 3.5, 13.5, 5.5, 14.0 ] },
						"east": { "texture": "#earthball", "uv": [ 2.0, 8.0, 4.0, 8.5 ] },
						"south": { "texture": "#earthball", "uv": [ 4.0, 11.0, 6.0, 11.5 ] },
						"west": { "texture": "#earthball", "uv": [ 3.5, 13.0, 5.5, 13.5 ] },
						"up": { "texture": "#earthball", "uv": [ 3.5, 9.5, 5.5, 11.5 ] },
						"down": { "texture": "#earthball", "uv": [ 11.0, 10.0, 13.0, 12.0 ] }
					},
					"children": [
						{
							"name": "top10",
							"from": [ 0.3, 0.5, 0.3 ], 
							"to": [ 1.7, 1.0, 1.7 ], 
							"rotationOrigin": [ 2.0, 0.4, 1.0 ],
							"faces": {
								"north": { "texture": "#earthball", "uv": [ 4.5, 13.0, 5.5, 13.5 ] },
								"east": { "texture": "#earthball", "uv": [ 5.5, 12.0, 6.5, 12.5 ] },
								"south": { "texture": "#earthball", "uv": [ 1.5, 11.0, 2.5, 11.5 ] },
								"west": { "texture": "#earthball", "uv": [ 3.0, 13.5, 4.0, 14.0 ] },
								"up": { "texture": "#earthball", "uv": [ 5.5, 12.5, 6.5, 13.5 ] },
								"down": { "texture": "#earthball", "uv": [ 8.5, 4.0, 9.5, 5.0 ], "enabled": false }
							}
						}
					]
				},
				{
					"name": "small",
					"from": [ 3.9, 0.0, 0.2 ], 
					"to": [ 4.9, 1.0, 1.2 ], 
					"rotationOrigin": [ 4.3, 0.0, 0.7 ],
					"rotationY": 54.9,
					"faces": {
						"north": { "texture": "#earthball", "uv": [ 5.5, 5.0, 6.5, 6.0 ] },
						"east": { "texture": "#earthball", "uv": [ 5.5, 4.0, 6.5, 5.0 ] },
						"south": { "texture": "#earthball", "uv": [ 5.5, 1.5, 6.5, 2.5 ] },
						"west": { "texture": "#earthball", "uv": [ 4.5, 0.5, 5.5, 1.5 ] },
						"up": { "texture": "#earthball", "uv": [ 5.5, 5.5, 6.5, 6.5 ] },
						"down": { "texture": "#earthball", "uv": [ 4.0, 7.0, 5.0, 8.0 ] }
					}
				},
				{
					"name": "small12",
					"from": [ -4.1, 0.0, 3.2 ], 
					"to": [ -3.1, 1.0, 4.2 ], 
					"rotationOrigin": [ -3.7, 0.0, 3.7 ],
					"rotationY": 69.0,
					"faces": {
						"north": { "texture": "#earthball", "uv": [ 5.5, 5.0, 6.5, 6.0 ] },
						"east": { "texture": "#earthball", "uv": [ 5.5, 4.0, 6.5, 5.0 ] },
						"south": { "texture": "#earthball", "uv": [ 5.5, 1.5, 6.5, 2.5 ] },
						"west": { "texture": "#earthball", "uv": [ 4.5, 0.5, 5.5, 1.5 ] },
						"up": { "texture": "#earthball", "uv": [ 5.5, 5.5, 6.5, 6.5 ] },
						"down": { "texture": "#earthball", "uv": [ 4.0, 7.0, 5.0, 8.0 ] }
					}
				},
				{
					"name": "small13",
					"from": [ -4.1, 0.0, -3.8 ], 
					"to": [ -3.1, 1.0, -2.8 ], 
					"rotationOrigin": [ -3.7, 0.0, -3.3 ],
					"rotationY": 42.0,
					"faces": {
						"north": { "texture": "#earthball", "uv": [ 5.5, 5.0, 6.5, 6.0 ] },
						"east": { "texture": "#earthball", "uv": [ 5.5, 4.0, 6.5, 5.0 ] },
						"south": { "texture": "#earthball", "uv": [ 5.5, 1.5, 6.5, 2.5 ] },
						"west": { "texture": "#earthball", "uv": [ 4.5, 0.5, 5.5, 1.5 ] },
						"up": { "texture": "#earthball", "uv": [ 5.5, 5.5, 6.5, 6.5 ] },
						"down": { "texture": "#earthball", "uv": [ 4.0, 7.0, 5.0, 8.0 ] }
					}
				},
				{
					"name": "large1",
					"from": [ -4.0, 0.0, 0.0 ], 
					"to": [ -1.0, 1.5, 3.0 ], 
					"rotationOrigin": [ -2.5, 0.0, 1.5 ],
					"rotationY": 36.0,
					"faces": {
						"north": { "texture": "#earthball", "uv": [ 1.0, 9.5, 4.0, 11.0 ] },
						"east": { "texture": "#earthball", "uv": [ 3.0, 8.0, 6.0, 9.5 ] },
						"south": { "texture": "#earthball", "uv": [ 3.0, 10.5, 6.0, 12.0 ] },
						"west": { "texture": "#earthball", "uv": [ 2.0, 9.0, 5.0, 10.5 ] },
						"up": { "texture": "#earthball", "uv": [ 2.5, 3.0, 5.5, 6.0 ] },
						"down": { "texture": "#earthball", "uv": [ 3.5, 9.5, 6.5, 12.5 ] }
					},
					"children": [
						{
							"name": "Cube1",
							"from": [ 0.5, 1.5, 0.5 ], 
							"to": [ 2.5, 2.0, 2.5 ], 
							"rotationOrigin": [ 1.5, 1.5, 1.5 ],
							"faces": {
								"north": { "texture": "#earthball", "uv": [ 4.0, 5.5, 6.0, 6.0 ] },
								"east": { "texture": "#earthball", "uv": [ 2.5, 3.0, 4.5, 3.5 ] },
								"south": { "texture": "#earthball", "uv": [ 1.0, 3.0, 3.0, 3.5 ] },
								"west": { "texture": "#earthball", "uv": [ 3.0, 4.0, 5.0, 4.5 ] },
								"up": { "texture": "#earthball", "uv": [ 2.0, 3.5, 4.0, 5.5 ] },
								"down": { "texture": "#earthball", "uv": [ 0.0, 0.0, 2.0, 2.0 ], "enabled": false }
							}
						}
					]
				},
				{
					"name": "mycelium",
					"from": [ -5.0, 0.1, -5.0 ], 
					"to": [ 5.0, 0.1, 5.0 ], 
					"rotationOrigin": [ 0.0, 0.1, 0.0 ],
					"faces": {
						"north": { "texture": "#mycelium1", "uv": [ 0.0, 0.0, 10.0, 0.5 ], "enabled": false },
						"east": { "texture": "#mycelium1", "uv": [ 0.0, 0.0, 10.0, 0.5 ], "enabled": false },
						"south": { "texture": "#mycelium1", "uv": [ 0.0, 0.0, 10.0, 0.5 ], "enabled": false },
						"west": { "texture": "#mycelium1", "uv": [ 0.0, 0.0, 10.0, 0.5 ], "enabled": false },
						"up": { "texture": "#mycelium1", "uv": [ 3.0, 3.0, 13.0, 13.0 ] },
						"down": { "texture": "#mycelium1", "uv": [ 0.0, 0.0, 10.0, 10.0 ], "enabled": false }
					}
				}
			]
		},
		{
			"name": "origin16",
			"from": [ 24.0, 0.0, 8.0 ], 
			"to": [ 24.0, 0.0, 8.0 ], 
			"rotationOrigin": [ 24.0, 0.0, 8.0 ],
			"rotationY": -180.0,
			"faces": {
				"north": { "texture": "#earthball", "uv": [ 0.0, 0.0, 0.5, 0.5 ], "enabled": false },
				"east": { "texture": "#earthball", "uv": [ 0.0, 0.0, 0.5, 0.5 ], "enabled": false },
				"south": { "texture": "#earthball", "uv": [ 0.0, 0.0, 0.5, 0.5 ], "enabled": false },
				"west": { "texture": "#earthball", "uv": [ 0.0, 0.0, 0.5, 0.5 ], "enabled": false },
				"up": { "texture": "#earthball", "uv": [ 0.0, 0.0, 0.5, 0.5 ], "enabled": false },
				"down": { "texture": "#earthball", "uv": [ 0.0, 0.0, 0.5, 0.5 ], "enabled": false }
			},
			"children": [
				{
					"name": "main17",
					"from": [ -2.0, 0.0, -3.0 ], 
					"to": [ 1.0, 1.0, 0.0 ], 
					"rotationOrigin": [ -0.5, 0.0, -1.5 ],
					"rotationY": 44.0,
					"faces": {
						"north": { "texture": "#earthball", "uv": [ 2.0, 5.0, 5.0, 6.0 ] },
						"east": { "texture": "#earthball", "uv": [ 1.0, 7.0, 4.0, 8.0 ] },
						"south": { "texture": "#earthball", "uv": [ 1.0, 6.0, 4.0, 7.0 ] },
						"west": { "texture": "#earthball", "uv": [ 0.0, 9.0, 3.0, 10.0 ] },
						"up": { "texture": "#earthball", "uv": [ 9.0, 0.5, 12.0, 3.5 ] },
						"down": { "texture": "#earthball", "uv": [ 9.5, 9.5, 12.5, 12.5 ] }
					},
					"children": [
						{
							"name": "top18",
							"from": [ 0.5, 1.0, 0.5 ], 
							"to": [ 2.5, 1.5, 2.5 ], 
							"rotationOrigin": [ 2.0, 1.0, 1.0 ],
							"faces": {
								"north": { "texture": "#earthball", "uv": [ 1.5, 2.0, 3.5, 2.5 ] },
								"east": { "texture": "#earthball", "uv": [ 2.0, 2.0, 4.0, 2.5 ] },
								"south": { "texture": "#earthball", "uv": [ 0.0, 1.5, 2.0, 2.0 ] },
								"west": { "texture": "#earthball", "uv": [ 2.5, 1.5, 4.5, 2.0 ] },
								"up": { "texture": "#earthball", "uv": [ 10.0, 1.5, 12.0, 3.5 ] },
								"down": { "texture": "#earthball", "uv": [ 0.0, 0.0, 2.0, 2.0 ], "enabled": false }
							}
						}
					]
				},
				{
					"name": "main19",
					"from": [ 1.0, 0.0, 0.0 ], 
					"to": [ 4.0, 1.0, 3.0 ], 
					"rotationOrigin": [ 2.5, 0.0, 1.5 ],
					"rotationY": 17.0,
					"faces": {
						"north": { "texture": "#earthball", "uv": [ 2.0, 10.0, 5.0, 11.0 ] },
						"east": { "texture": "#earthball", "uv": [ 1.5, 13.5, 4.5, 14.5 ] },
						"south": { "texture": "#earthball", "uv": [ 2.0, 12.5, 5.0, 13.5 ] },
						"west": { "texture": "#earthball", "uv": [ 0.5, 11.5, 3.5, 12.5 ] },
						"up": { "texture": "#earthball", "uv": [ 3.0, 10.5, 6.0, 13.5 ] },
						"down": { "texture": "#earthball", "uv": [ 9.5, 9.5, 12.5, 12.5 ] }
					},
					"children": [
						{
							"name": "top20",
							"from": [ 0.5, 1.0, 0.5 ], 
							"to": [ 2.5, 1.5, 2.5 ], 
							"rotationOrigin": [ 2.0, 1.0, 1.0 ],
							"faces": {
								"north": { "texture": "#earthball", "uv": [ 1.0, 5.0, 3.0, 5.5 ] },
								"east": { "texture": "#earthball", "uv": [ 3.0, 7.0, 5.0, 7.5 ] },
								"south": { "texture": "#earthball", "uv": [ 2.5, 10.0, 4.5, 10.5 ] },
								"west": { "texture": "#earthball", "uv": [ 3.0, 7.0, 5.0, 7.5 ] },
								"up": { "texture": "#earthball", "uv": [ 2.0, 9.5, 4.0, 11.5 ] },
								"down": { "texture": "#earthball", "uv": [ 0.0, 0.0, 2.0, 2.0 ], "enabled": false }
							}
						}
					]
				},
				{
					"name": "main21",
					"from": [ 1.5, 0.0, -3.5 ], 
					"to": [ 3.5, 1.0, -1.5 ], 
					"rotationOrigin": [ 2.5, 0.0, -2.5 ],
					"rotationY": -19.0,
					"faces": {
						"north": { "texture": "#earthball", "uv": [ 2.0, 5.0, 4.0, 6.0 ] },
						"east": { "texture": "#earthball", "uv": [ 1.0, 7.0, 3.0, 8.0 ] },
						"south": { "texture": "#earthball", "uv": [ 1.0, 6.0, 3.0, 7.0 ] },
						"west": { "texture": "#earthball", "uv": [ 0.0, 9.0, 2.0, 10.0 ] },
						"up": { "texture": "#earthball", "uv": [ 9.0, 0.5, 11.0, 2.5 ] },
						"down": { "texture": "#earthball", "uv": [ 9.5, 9.5, 11.5, 11.5 ] }
					},
					"children": [
						{
							"name": "top22",
							"from": [ 0.3, 1.0, 0.3 ], 
							"to": [ 1.7, 1.5, 1.7 ], 
							"rotationOrigin": [ 2.0, 1.0, 1.0 ],
							"faces": {
								"north": { "texture": "#earthball", "uv": [ 1.5, 2.0, 2.5, 2.5 ] },
								"east": { "texture": "#earthball", "uv": [ 2.0, 2.0, 3.0, 2.5 ] },
								"south": { "texture": "#earthball", "uv": [ 0.0, 1.5, 1.0, 2.0 ] },
								"west": { "texture": "#earthball", "uv": [ 2.5, 1.5, 3.5, 2.0 ] },
								"up": { "texture": "#earthball", "uv": [ 10.0, 1.5, 11.0, 2.5 ] },
								"down": { "texture": "#earthball", "uv": [ 0.0, 0.0, 1.0, 1.0 ], "enabled": false }
							}
						}
					]
				},
				{
					"name": "main23",
					"from": [ -1.5, 0.0, 2.5 ], 
					"to": [ 0.5, 0.5, 4.5 ], 
					"rotationOrigin": [ -0.5, 0.0, 3.5 ],
					"rotationY": -19.0,
					"faces": {
						"north": { "texture": "#earthball", "uv": [ 3.5, 13.5, 5.5, 14.0 ] },
						"east": { "texture": "#earthball", "uv": [ 2.0, 8.0, 4.0, 8.5 ] },
						"south": { "texture": "#earthball", "uv": [ 4.0, 11.0, 6.0, 11.5 ] },
						"west": { "texture": "#earthball", "uv": [ 3.5, 13.0, 5.5, 13.5 ] },
						"up": { "texture": "#earthball", "uv": [ 3.5, 9.5, 5.5, 11.5 ] },
						"down": { "texture": "#earthball", "uv": [ 11.0, 10.0, 13.0, 12.0 ] }
					},
					"children": [
						{
							"name": "top24",
							"from": [ 0.3, 0.5, 0.3 ], 
							"to": [ 1.7, 1.0, 1.7 ], 
							"rotationOrigin": [ 2.0, 0.4, 1.0 ],
							"faces": {
								"north": { "texture": "#earthball", "uv": [ 4.5, 13.0, 5.5, 13.5 ] },
								"east": { "texture": "#earthball", "uv": [ 5.5, 12.0, 6.5, 12.5 ] },
								"south": { "texture": "#earthball", "uv": [ 1.5, 11.0, 2.5, 11.5 ] },
								"west": { "texture": "#earthball", "uv": [ 3.0, 13.5, 4.0, 14.0 ] },
								"up": { "texture": "#earthball", "uv": [ 5.5, 12.5, 6.5, 13.5 ] },
								"down": { "texture": "#earthball", "uv": [ 8.5, 4.0, 9.5, 5.0 ], "enabled": false }
							}
						}
					]
				},
				{
					"name": "small25",
					"from": [ 3.9, 0.0, 0.2 ], 
					"to": [ 4.9, 1.0, 1.2 ], 
					"rotationOrigin": [ 4.3, 0.0, 0.7 ],
					"rotationY": 54.9,
					"faces": {
						"north": { "texture": "#earthball", "uv": [ 5.5, 5.0, 6.5, 6.0 ] },
						"east": { "texture": "#earthball", "uv": [ 5.5, 4.0, 6.5, 5.0 ] },
						"south": { "texture": "#earthball", "uv": [ 5.5, 1.5, 6.5, 2.5 ] },
						"west": { "texture": "#earthball", "uv": [ 4.5, 0.5, 5.5, 1.5 ] },
						"up": { "texture": "#earthball", "uv": [ 5.5, 5.5, 6.5, 6.5 ] },
						"down": { "texture": "#earthball", "uv": [ 4.0, 7.0, 5.0, 8.0 ] }
					}
				},
				{
					"name": "small26",
					"from": [ -4.1, 0.0, 3.2 ], 
					"to": [ -3.1, 1.0, 4.2 ], 
					"rotationOrigin": [ -3.7, 0.0, 3.7 ],
					"rotationY": 69.0,
					"faces": {
						"north": { "texture": "#earthball", "uv": [ 5.5, 5.0, 6.5, 6.0 ] },
						"east": { "texture": "#earthball", "uv": [ 5.5, 4.0, 6.5, 5.0 ] },
						"south": { "texture": "#earthball", "uv": [ 5.5, 1.5, 6.5, 2.5 ] },
						"west": { "texture": "#earthball", "uv": [ 4.5, 0.5, 5.5, 1.5 ] },
						"up": { "texture": "#earthball", "uv": [ 5.5, 5.5, 6.5, 6.5 ] },
						"down": { "texture": "#earthball", "uv": [ 4.0, 7.0, 5.0, 8.0 ] }
					}
				},
				{
					"name": "small27",
					"from": [ -4.1, 0.0, -3.8 ], 
					"to": [ -3.1, 1.0, -2.8 ], 
					"rotationOrigin": [ -3.7, 0.0, -3.3 ],
					"rotationY": 42.0,
					"faces": {
						"north": { "texture": "#earthball", "uv": [ 5.5, 5.0, 6.5, 6.0 ] },
						"east": { "texture": "#earthball", "uv": [ 5.5, 4.0, 6.5, 5.0 ] },
						"south": { "texture": "#earthball", "uv": [ 5.5, 1.5, 6.5, 2.5 ] },
						"west": { "texture": "#earthball", "uv": [ 4.5, 0.5, 5.5, 1.5 ] },
						"up": { "texture": "#earthball", "uv": [ 5.5, 5.5, 6.5, 6.5 ] },
						"down": { "texture": "#earthball", "uv": [ 4.0, 7.0, 5.0, 8.0 ] }
					}
				},
				{
					"name": "large28",
					"from": [ -4.0, 0.0, 0.0 ], 
					"to": [ -1.0, 1.5, 3.0 ], 
					"rotationOrigin": [ -2.5, 0.0, 1.5 ],
					"rotationY": 36.0,
					"faces": {
						"north": { "texture": "#earthball", "uv": [ 1.0, 9.5, 4.0, 11.0 ] },
						"east": { "texture": "#earthball", "uv": [ 3.0, 8.0, 6.0, 9.5 ] },
						"south": { "texture": "#earthball", "uv": [ 3.0, 10.5, 6.0, 12.0 ] },
						"west": { "texture": "#earthball", "uv": [ 2.0, 9.0, 5.0, 10.5 ] },
						"up": { "texture": "#earthball", "uv": [ 2.5, 3.0, 5.5, 6.0 ] },
						"down": { "texture": "#earthball", "uv": [ 3.5, 9.5, 6.5, 12.5 ] }
					},
					"children": [
						{
							"name": "Cube29",
							"from": [ 0.5, 1.5, 0.5 ], 
							"to": [ 2.5, 2.0, 2.5 ], 
							"rotationOrigin": [ 1.5, 1.5, 1.5 ],
							"faces": {
								"north": { "texture": "#earthball", "uv": [ 4.0, 5.5, 6.0, 6.0 ] },
								"east": { "texture": "#earthball", "uv": [ 2.5, 3.0, 4.5, 3.5 ] },
								"south": { "texture": "#earthball", "uv": [ 1.0, 3.0, 3.0, 3.5 ] },
								"west": { "texture": "#earthball", "uv": [ 3.0, 4.0, 5.0, 4.5 ] },
								"up": { "texture": "#earthball", "uv": [ 2.0, 3.5, 4.0, 5.5 ] },
								"down": { "texture": "#earthball", "uv": [ 0.0, 0.0, 2.0, 2.0 ], "enabled": false }
							}
						}
					]
				},
				{
					"name": "mycelium30",
					"from": [ -5.0, 0.1, -5.0 ], 
					"to": [ 5.0, 0.1, 5.0 ], 
					"rotationOrigin": [ 0.0, 0.1, 0.0 ],
					"faces": {
						"north": { "texture": "#mycelium1", "uv": [ 0.0, 0.0, 10.0, 0.5 ], "enabled": false },
						"east": { "texture": "#mycelium1", "uv": [ 0.0, 0.0, 10.0, 0.5 ], "enabled": false },
						"south": { "texture": "#mycelium1", "uv": [ 0.0, 0.0, 10.0, 0.5 ], "enabled": false },
						"west": { "texture": "#mycelium1", "uv": [ 0.0, 0.0, 10.0, 0.5 ], "enabled": false },
						"up": { "texture": "#mycelium1", "uv": [ 3.0, 3.0, 13.0, 13.0 ] },
						"down": { "texture": "#mycelium1", "uv": [ 0.0, 0.0, 10.0, 10.0 ], "enabled": false }
					}
				}
			]
		}
	]}