{
		"code": "tallplant",
		"class": "awereeds",
		"entityClass": "awebetransient",
		"attributes": {
			"climateColorMapForMap": "climatePlantTint", 
			"seasonColorMapForMap": "seasonalFoliage",
			"transientPropsByType": {
				"*-coopersreed-*-growing-*": {
				"convertFrom": "*-growing-{cover}",
				"convertTo": "game:tallplant-coopersreed-{habitat}-harvested-{cover}",
				"inGameHours": "84",
				"resetBelowTemperature": -4,
				"stopBelowTemperature": 2
			},
				"*-papyrus-*-growing-*": {
				"convertFrom": "*-papyrus-*-growing-{cover}",
				"convertTo": "game:tallplant-papyrus-{habitat}-harvested-{cover}",
				"inGameHours": "84",
				"resetBelowTemperature": 4,
				"stopBelowTemperature": 6
			},
				"*-tule-*-growing-*": {
				"convertFrom": "*-tule-*-growing-{cover}",
				"convertTo": "game:tallplant-tule-land-harvested-free",
				"inGameHours": "84",
				"resetBelowTemperature": 0,
				"stopBelowTemperature": 4
			}
		}
	},
	"variantgroups": [
		{ "code": "type", "states": ["coopersreed", "papyrus", "tule"] },
		{ "code": "habitat", "states": ["land", "water", "ice"] },
		{ "code": "state", "states": ["growing"]},
		{ "code": "cover", "states": ["free", "snow"] }
	],
	"allowedVariants": [ 
		"*-land-*", 
		"*-water-growing-free",
		"*-ice-growing-free"
	],
	"shapeByType": {
		"tallplant-papyrus-*-growing-*": { "base": "game:block/plant/reedpapyrus/papyrus-harvested" },		
		"tallplant-papyrus-*": { "base": "game:block/plant/reedpapyrus/papyrus-medium", "alternates": [ { "base": "game:block/plant/reedpapyrus/papyrus-tall" } ] },
		"tallplant-tule-*-growing-*": { base: "atwatersedge:block/plant/reedpapyrus/tule-harvested", alternates: [ { base: "atwatersedge:block/plant/reedpapyrus/tule-harvested", rotateY: 15 }, { base: "atwatersedge:block/plant/reedpapyrus/tule-harvested" } ] },
		"tallplant-coopersreed-*-growing-*": { "base": "game:block/plant/reedpapyrus/coopersreed-harvested1" }
	},
	"lod2shapeByType": {
		"tallplant-coopersreed-*-growing-*": { "base": "game:block/plant/reedpapyrus/coopersreed-lod2-harvested" },
		"tallplant-tule-*": { base: "game:block/plant/reedpapyrus/tule-lod2" }
	},
	"drawtypeByType": {
		"*-water-*": "JSONAndWater",
		"*-snow": "JSONAndSnowLayer",
		"*": "JSON"
	},
	"liquidCodeByType": {
		"*-water-*": "water"
	},
	"renderpassByType": {
		"*-water-*": "liquid",
		"*": "OpaqueNoCull",
	},
	"matterstateByType": {
		"*-water-*": "liquid",
		"*": "solid",
	},
	"blockmaterialByType": {
		"*-ice-*": "ice",
		"*-water-*": "liquid",
		"*": "plant"
	},
	"faceCullModeByType": {
		"*-ice-*": "callback",
		"*-water-*": "liquid",
		"*": "default"
	},
	"liquidLevelByType": {
		"*-water-*": 7
	},
	"randomDrawOffset": true,
	"randomizeRotations": true,
	"texturesByType": {
		"tallplant-papyrus-*": {
		},
		"tallplant-coopersreed-*": { 
			"cobs1": { base: "game:block/plant/reeds/lod2-1" },
			"cobs2": { base: "game:block/plant/reeds/lod2-2" }
		},
		"tallplant-tule-*-growing-*": {
	    		"leaves": { "base": "game:block/plant/reeds/tule-harvested" }
		}
	},
	"sideopaqueByType": {
		"*-snow": { "all": false, down: true },
		"*": { "all": false }
	},
	"sidesolidByType": {
		"*-ice-*": { "all": true },
		"*": { all : false }
	},
	"emitsideaoByType": {
		"*-water-*": { "all": true },
		"*": { "all": false },
	},
	"sideao": { "all": true },
	"replaceable": 3000,
	"lightAbsorptionByType": {
		"*-water-*": 2,
		"*": 0
	},
	"resistance": 1,
	"collisionboxByType": {
		"*-land-*": null,
		"*-water-*": null,
	},
	"selectionbox": {
		"x1": 0, "y1": 0, "z1": 0,
		"x2": 1, "y2": 1, "z2": 1
	},
	"guitransform": {
		"rotation": { x: 0, y: 0, z: 0 }
	},
	"soundsByType": {
		"*-ice-*": {
			"break": "game:block/plant",
			"hit": "game:block/plant",
			"walk": "game:walk/ice"
		},
		"*-water": {
			"place": "game:block/plant",
			"break": "game:block/plant",
			"hit": "game:block/plant",
			"inside": "game:walk/water"
		},
		"*": {
			"place": "game:block/plant",
			"break": "game:block/plant",
			"hit": "game:block/plant"
		}
	},
	"rainPermeableByType": {
		"*-land-*": true
	},
	"materialDensity": 200,
	"vertexFlagsByType": {
		"*-ice-*": { "zOffset": 1 }
	},
	"dragMultiplierByType": {
		"*-ice": 0.02,
	},
	"frostable": true,
	"combustibleProps": {
	"burnTemperature": 600,
	"burnDuration": 10,
	},
	"guiTransform": {
	"translation": { x: 0, y: -1.5, z: 0 },
	"rotation": { x: 0, y: 0, z: 0 },
	"origin": { x: 0.5, y: 1.2, z: 0.5 },
	"scale": 0.65
	},
	"dropsByType": {
		"*": []
	}
}