[
  {
    "name": "enchantment-chilling",
    "processingHours": 1,
    "ingredients": {
      "toolspellcasting": {
        "type": "item",
        "code": "rustboundmagic:toolspellcasting-*-*-*",
        "quantity": 1
      }
    },
    "enchantments": {
      "chilling": 5
    }
  },
  {
    "name": "enchantment-flaming",
    "processingHours": 1,
    "ingredients": {
      "toolspellcasting": {
        "type": "item",
        "code": "rustboundmagic:toolspellcasting-*-*-*",
        "quantity": 1
      }
    },
    "enchantments": {
      "flaming": 5
    }
  },
  {
    "name": "enchantment-frost",
    "processingHours": 1,
    "ingredients": {
      "toolspellcasting": {
        "type": "item",
        "code": "rustboundmagic:toolspellcasting-*-*-*",
        "quantity": 1
      }
    },
    "enchantments": {
      "frost": 5
    }
  },
  {
    "name": "enchantment-harming",
    "processingHours": 1,
    "ingredients": {
      "toolspellcasting": {
        "type": "item",
        "code": "rustboundmagic:toolspellcasting-*-*-*",
        "quantity": 1
      }
    },
    "enchantments": {
      "harming": 5
    }
  },
  {
    "name": "enchantment-healing",
    "processingHours": 1,
    "ingredients": {
      "toolspellcasting": {
        "type": "item",
        "code": "rustboundmagic:toolspellcasting-*-*-*",
        "quantity": 1
      }
    },
    "enchantments": {
      "healing": 5
    }
  },
  {
    "name": "enchantment-igniting",
    "processingHours": 1,
    "ingredients": {
      "toolspellcasting": {
        "type": "item",
        "code": "rustboundmagic:toolspellcasting-*-*-*",
        "quantity": 1
      }
    },
    "enchantments": {
      "igniting": 5
    }
  },
  {
    "name": "enchantment-knockback",
    "processingHours": 1,
    "ingredients": {
      "toolspellcasting": {
        "type": "item",
        "code": "rustboundmagic:toolspellcasting-*-*-*",
        "quantity": 1
      }
    },
    "enchantments": {
      "knockback": 5
    }
  },
  {
    "name": "enchantment-lightning",
    "processingHours": 1,
    "ingredients": {
      "toolspellcasting": {
        "type": "item",
        "code": "rustboundmagic:toolspellcasting-*-*-*",
        "quantity": 1
      }
    },
    "enchantments": {
      "lightning": 5
    }
  },
  {
    "name": "enchantment-pit",
    "processingHours": 1,
    "ingredients": {
      "toolspellcasting": {
        "type": "item",
        "code": "rustboundmagic:toolspellcasting-*-*-*",
        "quantity": 1
      }
    },
    "enchantments": {
      "pit": 5
    }
  },
  {
    "name": "enchantment-shocking",
    "processingHours": 1,
    "ingredients": {
      "toolspellcasting": {
        "type": "item",
        "code": "rustboundmagic:toolspellcasting-*-*-*",
        "quantity": 1
      }
    },
    "enchantments": {
      "shocking": 5
    }
  }
]