{
	"code": "creature",
	"class": "ItemCreature",
	"maxstacksize": 64,
	"variantgroups": [
		{"code": "main","states": [ "monoceros"]},
		{"code": "age","states": [ "adult","baby"]},
		{"code": "gender","states": [ "female","male"]},
		{"code": "type","states": [ "indicus", "caledonius"]}
	],

	"shapeByType": {
		"*-adult-male-indicus": {"base": "entity/land/indicus/adult-male"},
		"*-adult-female-indicus": {"base": "entity/land/indicus/adult-female"},
		"*-baby-female-indicus": {"base": "entity/land/indicus/baby"},
		"*-baby-male-indicus": {"base": "entity/land/indicus/baby"},
		"*-adult-male-caledonius": {"base": "entity/land/caledonius/adult"},
		"*-adult-female-caledonius": {"base": "entity/land/caledonius/adult"},
		"*-baby-female-caledonius": {"base": "entity/land/caledonius/baby"},
		"*-baby-male-caledonius": {"base": "entity/land/caledonius/baby"}	

	},
	"texturesByType": {

		"*adult-male-indicus": {"skin": { "base": "entity/indicus/indicus-male" }},
		"*adult-female-indicus": {"skin": { "base": "entity/indicus/indicus-female" }},
		"*-baby-female-indicus": {"skin": { "base": "entity/indicus/indicus-baby" }},
		"*-baby-male-indicus": {"skin": { "base": "entity/indicus/indicus-baby" }},
		"*adult-male-caledonius": {"skin": { "base": "entity/caledonius/caledonius" }},
		"*adult-female-caledonius": {"skin": { "base": "entity/caledonius/caledonius" }},
		"*-baby-female-caledonius": {"skin": { "base": "entity/caledonius/caledonius-baby" }},
		"*-baby-male-caledonius": {"skin": { "base": "entity/caledonius/caledonius-baby" }}
	},
	
	
	
	
	"creativeinventory": { "general": ["*"], "items": ["*"], "creatures": ["*-monoceros-*"] },
	"materialDensity": 600,
	"guiTransformByType": {

		
		"creature-monoceros-*": {
			"rotate": true,
			"translation": { "x": 3, "y": 0, "z": 0 },
			"rotation": { "x": -11, "y": -52, "z": -180 },
			"origin": { "x": 0.5, "y": 0.5, "z": 0.5 },
			"scale": 0.75
		}				
	},
	
	"tpHandTransformByType": {
		"creature-monoceros-*": {
			"translation": { "x": -0.9, "y": -0.9, "z": -0.7 },
			"rotation": { "x": -180, "y": 0, "z": -156 },
			"scale": 0.45
		}		
	},
	
	"fpHandTransformByType": {
		"creature-monoceros-*": {
			"translation": { "x": 0.2, "y": 0, "z": 0 },
			"rotation": { "x": -8, "y": -63, "z": -7 }
		}
	}}
	

	
	
	
	




