{
	"code": "unicornwearable",
	"variantgroups": [
		{ "code": "category",  "states": ["head", "middleback"] },
		{ "code": "type", "states": ["bridle1","bridle2", "bridlerope", "saddle1","saddlepelt"] }
	],
	"allowedVariants": [
		"unicornwearable-head-bridle1",
		"unicornwearable-head-bridle2",
		"unicornwearable-head-bridlerope",
		"unicornwearable-middleback-saddle1",
		"unicornwearable-middleback-saddlepelt"
	],
	"attributes": {
		"attachableToEntity": {
			"categoryCodeByType": {
				"unicornwearable-head-bridle*": "unicornbridle",
				"unicornwearable-middleback-saddle*": "unicornsaddle"
			},
			"attachedShapeBySlotCodeByType": {
				"*-saddle1": {
					"*-indicus": { "base": "item/wearable/saddle1"},
					"*-caledonius": { "base": "item/wearable/saddle1-caledonius"}
				},
				"*-saddlepelt": {
					"*-indicus": { "base": "item/wearable/saddlepelt"},
					"*-caledonius": { "base": "item/wearable/saddlepelt-caledonius"}
				},
				"*-bridle1": { 
					"*-indicus": { "base": "item/wearable/bridle1"},
					"*-caledonius": { "base": "item/wearable/bridle1-caledonius"}
				},
				"*-bridle2": { 
					"*-indicus": { "base": "item/wearable/bridle1"},
					"*-caledonius": { "base": "item/wearable/bridle1-caledonius"}
				},
				"*-bridlerope": { 
					"*-indicus": { "base": "item/wearable/bridlerope"},
					"*-caledonius": { "base": "item/wearable/bridlerope-caledonius"}
				}
			}
		},
		"controlSchemeByType": {
			"*-bridle1": "Hold",
			"*-bridlerope": "Hold",
			"*-bridle2": "Press"
		},
		"isSaddleByType": {
			"unicornwearable-middleback-saddle*": true
		},
		"isBridleByType": {
			"unicornwearable-head-bridle*": true
		},
		"interactPassthroughByType": {
			"*-saddle*": true
		}
	},
	"shapeByType": {
		"*-bridle2": { "base": "item/wearable/bridle1" },
		"*-bridle1": { "base": "item/wearable/bridle1" },
		"*-bridlerope": { "base": "item/wearable/bridlerope" },
		"*-saddle1": { "base": "item/wearable/saddle1" },
		"*-saddlepelt": { "base": "item/wearable/saddlepelt" }
	},
	"texturesByType": {
		"*": {
			"plain": { "base": "game:block/leather/plain"},
			"tinbronze1": { "base": "game:block/metal/sheet-plain/tinbronze1"},
			"wattle": { "base": "game:item/resource/rope"},
			"pelt": { "base": "game:block/cloth/pelt"},
			"rope7": { "base": "game:entity/erel/pristine/rope"}
		}
	},
	"heldTpIdleAnimationByType": {
		"*": "holdbothhands",
		"unicornwearable-saddlebags*": "holdbothhands"
	},
	"maxStackSize": 1,
	"creativeinventory": { "general": ["*"], "items": ["*"], "clothing": ["*"] },
	"renderAlphaTest": 0.25,
	"guiTransformByType": {
		"*-saddle*": {
			"translation": { "x": -4, "y": 6, "z": 0 },
			"rotation": { "x": -16, "y": -16, "z": 180 },
			"origin": { "x": 0.4, "y": -0.4, "z": 0 },
			"scale": 1.64
		},
		"unicornwearable-head-bridle*": {
			"translation": { "x": 5, "y": 8, "z": 0 },
			"rotation": { "x": -45, "y": -70, "z": -180 },
			"origin": { "x": 0.8, "y": -0.7, "z": -0 },
			"scale": 1.75
		}
	},
	"groundTransformByType": {
		"*-saddle*": {
			"translation": { "x": 0, "y": 1.0, "z": 0 },
			"rotation": { "x": 0, "y": 0, "z": 0 },
			"scale": 5
		},
		"unicornwearable-head-bridle*": {
			"translation": { "x": 0, "y": 0.75, "z": 0 },
			"rotation": { "x": 0, "y": 0, "z": 0 },
			"scale": 5
		}
	},
	"tpHandTransformByType": {
		"*-saddle*": {
			"translation": { "x": -1, "y": -1.1, "z": -1.2 },
			"rotation": { "x": -43, "y": -17, "z": -107 },
			"scale": 0.8
		},
		"unicornwearable-head-bridle*": {
			"translation": { "x": -1, "y": -1.50, "z": -0.6 },
			"rotation": { "x": -43, "y": -17, "z": -107 },
			"scale": 0.8
		}
	}
}
