{
	"editor": {
		"allAngles": true,
		"entityTextureMode": false
	},
	"textureWidth": 16,
	"textureHeight": 16,
	"textureSizes": {
	},
	"textures": {
		"club": "mycodiversity:block/plant/mushroom/club"
	},
	"elements": [
		{
			"name": "origin",
			"from": [ 8.0, 0.0, 8.0 ],
			"to": [ 8.0, 0.0, 8.0 ],
			"rotationOrigin": [ 8.0, 0.0, 8.0 ],
			"faces": {
			},
			"children": [
				{
					"name": "Stem",
					"from": [ 0.4, -0.3, -1.9 ],
					"to": [ 1.4, 0.7, -0.9 ],
					"rotationOrigin": [ 0.9, -0.3, -1.4 ],
					"rotationX": -17.0,
					"rotationY": 11.0,
					"rotationZ": 3.0,
					"faces": {
						"north": { "texture": "#club", "uv": [ 8.5, 13.5, 9.5, 14.5 ] },
						"east": { "texture": "#club", "uv": [ 9.0, 13.0, 10.0, 14.0 ] },
						"south": { "texture": "#club", "uv": [ 8.5, 13.5, 9.5, 14.5 ] },
						"west": { "texture": "#club", "uv": [ 8.5, 13.5, 9.5, 14.5 ] },
						"down": { "texture": "#club", "uv": [ 9.5, 13.5, 10.5, 14.5 ] }
					},
					"children": [
						{
							"name": "Cube1",
							"from": [ -0.2, 0.9, -0.2 ],
							"to": [ 1.2, 2.4, 1.2 ],
							"rotationOrigin": [ 0.5, 0.9, 0.4 ],
							"rotationX": 6.0,
							"rotationZ": 7.0,
							"faces": {
								"north": { "texture": "#club", "uv": [ 9.0, 10.5, 10.0, 12.0 ], "rotation": 180 },
								"east": { "texture": "#club", "uv": [ 8.5, 10.5, 9.5, 12.0 ], "rotation": 180 },
								"south": { "texture": "#club", "uv": [ 9.0, 10.5, 10.0, 12.0 ], "rotation": 180 },
								"west": { "texture": "#club", "uv": [ 9.0, 10.0, 10.0, 11.5 ], "rotation": 180 },
								"down": { "texture": "#club", "uv": [ 8.0, 9.5, 9.0, 10.5 ] }
							},
							"children": [
								{
									"name": "Cube4",
									"from": [ -0.3, 1.4, -0.3 ],
									"to": [ 1.7, 2.4, 1.7 ],
									"rotationOrigin": [ 0.7, 1.4, 0.7 ],
									"rotationX": -6.0,
									"rotationZ": -5.0,
									"faces": {
										"north": { "texture": "#club", "uv": [ 8.5, 6.5, 10.5, 7.5 ] },
										"east": { "texture": "#club", "uv": [ 8.0, 6.5, 10.0, 7.5 ] },
										"south": { "texture": "#club", "uv": [ 8.5, 6.5, 10.5, 7.5 ] },
										"west": { "texture": "#club", "uv": [ 8.0, 6.5, 10.0, 7.5 ] },
										"down": { "texture": "#club", "uv": [ 8.0, 6.0, 10.0, 8.0 ] }
									},
									"children": [
										{
											"name": "cap",
											"from": [ -0.4, 0.8, -0.4 ],
											"to": [ 2.6, 1.8, 2.6 ],
											"rotationOrigin": [ 1.1, 0.8, 1.1 ],
											"rotationX": 5.0,
											"rotationY": 25.0,
											"faces": {
												"north": { "texture": "#club", "uv": [ 8.0, 2.0, 11.0, 3.0 ] },
												"east": { "texture": "#club", "uv": [ 8.0, 3.0, 11.0, 4.0 ] },
												"south": { "texture": "#club", "uv": [ 8.0, 2.0, 11.0, 3.0 ] },
												"west": { "texture": "#club", "uv": [ 8.0, 3.5, 11.0, 4.5 ] },
												"up": { "texture": "#club", "uv": [ 8.0, 1.0, 11.0, 4.0 ] },
												"down": { "texture": "#club", "uv": [ 8.5, 2.0, 11.5, 5.0 ] }
											}
										}
									]
								}
							]
						}
					]
				},
				{
					"name": "Stemsmall41",
					"from": [ -1.7, -0.2, -1.5 ],
					"to": [ -0.7, 0.8, -0.5 ],
					"rotationOrigin": [ -1.2, -0.2, -1.0 ],
					"rotationX": 6.0,
					"rotationY": 66.0,
					"faces": {
						"north": { "texture": "#club", "uv": [ 8.5, 10.5, 9.5, 11.5 ] },
						"east": { "texture": "#club", "uv": [ 8.5, 11.0, 9.5, 12.0 ] },
						"south": { "texture": "#club", "uv": [ 8.5, 12.0, 9.5, 13.0 ] },
						"west": { "texture": "#club", "uv": [ 9.0, 11.5, 10.0, 12.5 ] },
						"down": { "texture": "#club", "uv": [ 8.5, 13.0, 9.5, 14.0 ] }
					},
					"children": [
						{
							"name": "Cube42",
							"from": [ -0.1, 0.9, -0.1 ],
							"to": [ 1.1, 1.9, 1.1 ],
							"rotationOrigin": [ 0.6, 0.9, 0.6 ],
							"rotationX": -6.0,
							"rotationZ": 7.0,
							"faces": {
								"north": { "texture": "#club", "uv": [ 8.5, 6.0, 9.5, 7.0 ] },
								"east": { "texture": "#club", "uv": [ 9.5, 6.5, 10.5, 7.5 ] },
								"south": { "texture": "#club", "uv": [ 8.5, 6.5, 9.5, 7.5 ] },
								"west": { "texture": "#club", "uv": [ 9.0, 6.0, 10.0, 7.0 ] },
								"down": { "texture": "#club", "uv": [ 8.5, 6.5, 9.5, 7.5 ] }
							},
							"children": [
								{
									"name": "smallcap43",
									"from": [ -0.3, 0.8, -0.3 ],
									"to": [ 1.5, 1.3, 1.5 ],
									"rotationOrigin": [ 0.7, 0.8, 0.7 ],
									"rotationX": -3.0,
									"rotationY": 11.0,
									"rotationZ": 6.0,
									"faces": {
										"north": { "texture": "#club", "uv": [ 8.5, 2.5, 10.0, 3.0 ] },
										"east": { "texture": "#club", "uv": [ 9.0, 2.0, 10.5, 2.5 ] },
										"south": { "texture": "#club", "uv": [ 9.0, 3.0, 10.5, 3.5 ] },
										"west": { "texture": "#club", "uv": [ 9.0, 2.5, 10.5, 3.0 ] },
										"up": { "texture": "#club", "uv": [ 9.5, 3.0, 11.0, 4.5 ] },
										"down": { "texture": "#club", "uv": [ 9.0, 3.0, 10.5, 4.5 ] }
									}
								}
							]
						}
					]
				}
			]
		}
	]}