{
	"editor": {
		"allAngles": true,
		"entityTextureMode": true
	},
	"textureWidth": 64,
	"textureHeight": 52,
	"textureSizes": {
		"skin": [64,52]
	},
	"textures": {
	},
	"elements": [
		{
			"name": "Hip",
			"from": [ 8.0, 16.0, 8.0 ],
			"to": [ 8.0, 16.0, 8.0 ],
			"uv": [ 55.0, 37.5 ],
			"rotationOrigin": [ 8.0, 16.0, 8.0 ],
			"faces": {
			},
			"children": [
				{
					"name": "Body",
					"from": [ -7.0, -6.0, -4.0 ],
					"to": [ 2.0, 2.0, 4.0 ],
					"unwrapMode": 7,
					"unwrapRotation": 1,
					"autoUnwrap": false,
					"uv": [ 1.0, 4.5 ],
					"rotationOrigin": [ 0.0, 0.0, 0.0 ],
					"rotationY": 4.0,
					"rotationZ": -3.0,
					"faces": {
						"north": { "texture": "#skin", "uv": [ 17.0, 12.5, 25.0, 21.5 ], "rotation": 90 },
						"east": { "texture": "#skin", "uv": [ 1.0, 34.5, 9.0, 42.5 ] },
						"south": { "texture": "#skin", "uv": [ 1.0, 12.5, 9.0, 21.5 ], "rotation": 270 },
						"west": { "texture": "#skin", "uv": [ 18.5, 34.5, 26.5, 42.5 ], "rotation": 180 },
						"up": { "texture": "#skin", "uv": [ 9.0, 12.5, 17.0, 21.5 ], "rotation": 270 },
						"down": { "texture": "#skin", "uv": [ 25.0, 12.5, 33.0, 21.5 ], "rotation": 90 }
					},
					"children": [
						{
							"name": "Tail1",
							"from": [ 9.0, 1.9, 0.2 ],
							"to": [ 14.0, 7.9, 7.8 ],
							"unwrapMode": 7,
							"unwrapRotation": 1,
							"autoUnwrap": false,
							"uv": [ 3.0, 22.0 ],
							"rotationOrigin": [ 9.0, 7.9, 4.0 ],
							"rotationZ": -40.0,
							"faces": {
								"north": { "texture": "#skin", "uv": [ 16.5, 22.0, 22.5, 27.0 ], "rotation": 90 },
								"east": { "texture": "#skin", "uv": [ 10.0, 34.5, 17.5, 40.5 ], "windMode": [-1,-1,-1,-1] },
								"south": { "texture": "#skin", "uv": [ 3.0, 22.0, 9.0, 27.0 ], "rotation": 270 },
								"up": { "texture": "#skin", "uv": [ 9.0, 22.0, 16.5, 27.0 ], "rotation": 270 }
							},
							"children": [
								{
									"name": "Tail2",
									"from": [ 3.0, 4.0, 0.3 ],
									"to": [ 7.0, 6.0, 7.3 ],
									"unwrapMode": 7,
									"unwrapRotation": 1,
									"uv": [ 7.0, 27.5 ],
									"rotationOrigin": [ 3.0, 6.0, 3.8 ],
									"rotationZ": 7.0,
									"faces": {
										"north": { "texture": "#skin", "uv": [ 16.0, 27.5, 18.0, 31.5 ], "rotation": 90 },
										"east": { "texture": "#skin", "uv": [ 9.0, 31.5, 16.0, 33.5 ], "windMode": [-1,-1,-1,-1] },
										"south": { "texture": "#skin", "uv": [ 7.0, 27.5, 9.0, 31.5 ], "rotation": 270 },
										"up": { "texture": "#skin", "uv": [ 9.0, 27.5, 16.0, 31.5 ], "rotation": 270 }
									},
									"children": [
										{
											"name": "Tailfeathers 2",
											"from": [ 4.0, -2.0, 0.1 ],
											"to": [ 10.0, 2.0, 6.9 ],
											"unwrapMode": 7,
											"unwrapRotation": 1,
											"uv": [ 26.0, 43.5 ],
											"rotationOrigin": [ 4.0, 2.0, 3.5 ],
											"rotationZ": -35.0,
											"faces": {
												"north": { "texture": "#skin", "uv": [ 36.5, 43.5, 40.5, 49.5 ], "rotation": 90 },
												"south": { "texture": "#skin", "uv": [ 26.0, 43.5, 30.0, 49.5 ], "rotation": 270 },
												"up": { "texture": "#skin", "uv": [ 30.0, 43.5, 36.5, 49.5 ], "rotation": 270 },
												"down": { "texture": "#skin", "uv": [ 40.5, 43.5, 47.0, 49.5 ], "rotation": 90 }
											},
											"children": [
												{
													"name": "Featherbottom 2",
													"from": [ 3.0, 0.0, 0.0 ],
													"to": [ 3.0, 4.0, 6.8 ],
													"unwrapMode": 7,
													"unwrapRotation": 1,
													"uv": [ 51.5, 37.0 ],
													"rotationOrigin": [ 3.0, 0.0, 0.0 ],
													"faces": {
														"west": { "texture": "#skin", "uv": [ 51.5, 37.0, 58.0, 41.0 ], "rotation": 180, "windMode": [-1,-1,-1,-1] }
													}
												}
											]
										}
									]
								},
								{
									"name": "Tailfeathers 1",
									"from": [ 5.0, 1.0, 0.2 ],
									"to": [ 10.6, 6.0, 7.4 ],
									"unwrapMode": 7,
									"unwrapRotation": 1,
									"uv": [ 1.0, 43.5 ],
									"rotationOrigin": [ 5.0, 6.0, 3.8 ],
									"rotationZ": -55.0,
									"faces": {
										"north": { "texture": "#skin", "uv": [ 13.0, 43.5, 18.0, 49.0 ], "rotation": 90 },
										"south": { "texture": "#skin", "uv": [ 1.0, 43.5, 6.0, 49.0 ], "rotation": 270 },
										"up": { "texture": "#skin", "uv": [ 6.0, 43.5, 13.0, 49.0 ], "rotation": 270 },
										"down": { "texture": "#skin", "uv": [ 18.0, 43.5, 25.0, 49.0 ], "rotation": 90 }
									},
									"children": [
										{
											"name": "Featherbottom 1",
											"from": [ 5.1, 0.0, 0.0 ],
											"to": [ 5.1, 5.0, 7.2 ],
											"unwrapMode": 7,
											"unwrapRotation": 1,
											"uv": [ 42.0, 36.5 ],
											"rotationOrigin": [ 5.1, 0.0, 0.0 ],
											"faces": {
												"east": { "texture": "#skin", "uv": [ 42.0, 37.0, 49.0, 42.0 ], "windMode": [-1,-1,-1,-1] }
											}
										}
									]
								}
							]
						},
						{
							"name": "Neck1",
							"from": [ -3.5, 0.8, 0.5 ],
							"to": [ 0.5, 7.8, 7.5 ],
							"unwrapMode": 7,
							"unwrapRotation": 1,
							"autoUnwrap": false,
							"uv": [ 2.5, 1.0 ],
							"rotationOrigin": [ 0.5, 7.8, 4.0 ],
							"rotationY": 9.0,
							"faces": {
								"north": { "texture": "#skin", "uv": [ 16.5, 8.0, 23.5, 12.0 ], "rotation": 90 },
								"south": { "texture": "#skin", "uv": [ 2.5, 8.0, 9.5, 12.0 ], "rotation": 270 },
								"west": { "texture": "#skin", "uv": [ 23.5, 22.5, 30.5, 29.5 ], "windMode": [-1,-1,-1,-1] },
								"up": { "texture": "#skin", "uv": [ 9.5, 8.0, 16.5, 12.0 ], "rotation": 270, "windMode": [-1,-1,-1,-1], "windData": [0,0,1,1] },
								"down": { "texture": "#skin", "uv": [ 23.5, 8.0, 30.5, 12.0 ], "rotation": 90 }
							},
							"children": [
								{
									"name": "Neck2",
									"from": [ -4.0, 0.0, 1.5 ],
									"to": [ 3.0, 3.0, 5.5 ],
									"unwrapMode": 6,
									"unwrapRotation": 1,
									"autoUnwrap": false,
									"uv": [ 31.0, 27.0 ],
									"rotationOrigin": [ 2.0, 3.0, 3.5 ],
									"rotationZ": -50.0,
									"faces": {
										"north": { "texture": "#skin", "uv": [ 31.0, 30.0, 34.0, 37.0 ], "rotation": 90 },
										"east": { "texture": "#skin", "uv": [ 34.0, 37.0, 38.0, 40.0 ], "rotation": 180 },
										"south": { "texture": "#skin", "uv": [ 38.0, 30.0, 41.0, 37.0 ], "rotation": 270 },
										"west": { "texture": "#skin", "uv": [ 26.0, 30.5, 30.0, 33.5 ] },
										"down": { "texture": "#skin", "uv": [ 34.0, 30.0, 38.0, 37.0 ], "rotation": 90 }
									},
									"children": [
										{
											"name": "Neck fuzz1",
											"from": [ -0.5, 2.0, -0.2 ],
											"to": [ 4.5, 4.0, 4.2 ],
											"unwrapMode": 7,
											"unwrapRotation": 1,
											"uv": [ 9.0, 0.5 ],
											"rotationOrigin": [ -0.5, 4.0, 2.0 ],
											"faces": {
												"north": { "texture": "#skin", "uv": [ 15.0, 2.5, 17.0, 7.5 ], "rotation": 90 },
												"south": { "texture": "#skin", "uv": [ 9.0, 2.5, 11.0, 7.5 ], "rotation": 270 },
												"west": { "texture": "#skin", "uv": [ 11.0, 0.5, 15.0, 2.5 ], "rotation": 180 },
												"up": { "texture": "#skin", "uv": [ 11.0, 2.5, 15.0, 7.5 ], "rotation": 270 },
												"down": { "texture": "#skin", "uv": [ 17.0, 2.5, 21.0, 7.5 ], "rotation": 90 }
											}
										},
										{
											"name": "Neck3",
											"from": [ -4.0, 0.3, 0.2 ],
											"to": [ 0.0, 3.3, 3.8 ],
											"unwrapMode": 6,
											"unwrapRotation": 1,
											"uv": [ 31.5, 22.5 ],
											"rotationOrigin": [ 0.0, 0.3, 2.0 ],
											"rotationX": -5.0,
											"rotationZ": -30.0,
											"faces": {
												"north": { "texture": "#skin", "uv": [ 31.5, 25.5, 34.5, 29.5 ], "rotation": 90 },
												"south": { "texture": "#skin", "uv": [ 38.0, 25.5, 41.0, 29.5 ], "rotation": 270 },
												"west": { "texture": "#skin", "uv": [ 34.5, 22.5, 38.0, 25.5 ] },
												"up": { "texture": "#skin", "uv": [ 41.0, 25.5, 44.5, 29.5 ], "rotation": 270 },
												"down": { "texture": "#skin", "uv": [ 34.5, 25.5, 38.0, 29.5 ], "rotation": 90 }
											},
											"children": [
												{
													"name": "Neck4",
													"from": [ -2.5, -0.1, 1.7 ],
													"to": [ 0.5, 2.1, 3.7 ],
													"unwrapMode": 6,
													"unwrapRotation": 1,
													"uv": [ 34.0, 15.0 ],
													"rotationOrigin": [ 0.5, 0.5, 1.8 ],
													"rotationX": -35.0,
													"rotationZ": -5.0,
													"faces": {
														"north": { "texture": "#skin", "uv": [ 34.0, 17.0, 36.0, 20.0 ], "rotation": 90, "autoUv": false },
														"east": { "texture": "#skin", "uv": [ 36.0, 20.0, 38.0, 22.0 ], "rotation": 180, "autoUv": false },
														"south": { "texture": "#skin", "uv": [ 38.0, 17.0, 40.0, 20.0 ], "rotation": 270, "autoUv": false },
														"west": { "texture": "#skin", "uv": [ 36.0, 15.0, 38.0, 17.0 ], "autoUv": false },
														"up": { "texture": "#skin", "uv": [ 40.0, 17.0, 42.0, 20.0 ], "rotation": 270, "autoUv": false },
														"down": { "texture": "#skin", "uv": [ 36.0, 17.0, 38.0, 20.0 ], "rotation": 90, "autoUv": false }
													},
													"children": [
														{
															"name": "Neck5",
															"from": [ -3.3, 0.1, -0.3 ],
															"to": [ 0.2, 2.1, 1.5 ],
															"unwrapMode": 6,
															"unwrapRotation": 1,
															"uv": [ 34.0, 7.0 ],
															"rotationOrigin": [ 0.2, 2.1, 1.0 ],
															"rotationX": -25.0,
															"rotationZ": 5.0,
															"faces": {
																"north": { "texture": "#skin", "uv": [ 34.0, 9.0, 36.0, 12.5 ], "rotation": 90, "autoUv": false },
																"east": { "texture": "#skin", "uv": [ 36.0, 12.5, 38.0, 14.5 ], "rotation": 180, "autoUv": false },
																"south": { "texture": "#skin", "uv": [ 38.0, 9.0, 40.0, 12.5 ], "rotation": 270, "autoUv": false },
																"west": { "texture": "#skin", "uv": [ 36.0, 7.0, 38.0, 9.0 ], "autoUv": false },
																"up": { "texture": "#skin", "uv": [ 40.0, 9.0, 42.0, 12.5 ], "rotation": 270, "autoUv": false },
																"down": { "texture": "#skin", "uv": [ 36.0, 9.0, 38.0, 12.5 ], "rotation": 90, "autoUv": false }
															},
															"children": [
																{
																	"name": "Head",
																	"from": [ -0.2, -0.2, -0.2 ],
																	"to": [ 1.3, 1.8, 2.0 ],
																	"unwrapMode": 6,
																	"unwrapRotation": 1,
																	"uv": [ 33.0, 1.0 ],
																	"rotationOrigin": [ 0.0, 1.8, 0.9 ],
																	"rotationX": -15.0,
																	"rotationY": 5.0,
																	"rotationZ": -5.0,
																	"faces": {
																		"north": { "texture": "#skin", "uv": [ 33.0, 3.0, 35.0, 4.5 ], "rotation": 90 },
																		"east": { "texture": "#skin", "uv": [ 35.0, 4.5, 37.0, 6.5 ], "rotation": 180 },
																		"south": { "texture": "#skin", "uv": [ 37.0, 3.0, 39.0, 4.5 ], "rotation": 270 },
																		"west": { "texture": "#skin", "uv": [ 35.0, 1.0, 37.0, 3.0 ] },
																		"up": { "texture": "#skin", "uv": [ 39.0, 3.0, 41.0, 4.5 ], "rotation": 270 },
																		"down": { "texture": "#skin", "uv": [ 35.0, 3.0, 37.0, 4.5 ], "rotation": 90 }
																	},
																	"children": [
																		{
																			"name": "Pupil",
																			"from": [ 0.65, 0.6, -0.05 ],
																			"to": [ 0.85, 0.8, 2.25 ],
																			"unwrapMode": 6,
																			"unwrapRotation": 1,
																			"uv": [ 38.0, 0.5 ],
																			"rotationOrigin": [ 0.65, 0.6, 0.0 ],
																			"faces": {
																				"north": { "texture": "#skin", "uv": [ 38.0, 1.0, 38.5, 1.5 ], "rotation": 90 },
																				"east": { "texture": "#skin", "uv": [ 38.5, 1.5, 40.5, 2.0 ], "rotation": 180 },
																				"south": { "texture": "#skin", "uv": [ 40.5, 1.0, 41.0, 1.5 ], "rotation": 270 },
																				"west": { "texture": "#skin", "uv": [ 38.5, 0.5, 40.5, 1.0 ] },
																				"up": { "texture": "#skin", "uv": [ 41.0, 1.0, 43.0, 1.5 ], "rotation": 270 },
																				"down": { "texture": "#skin", "uv": [ 38.5, 1.0, 40.5, 1.5 ], "rotation": 90 }
																			}
																		},
																		{
																			"name": "Upperbeak",
																			"from": [ 0.4, 0.2, 0.3 ],
																			"to": [ 1.1, 0.65, 1.9 ],
																			"uv": [ 0.0, 0.0 ],
																			"rotationOrigin": [ 1.1, 0.2, 0.3 ],
																			"rotationZ": 98.0,
																			"faces": {
																			},
																			"children": [
																				{
																					"name": "Beak",
																					"from": [ -0.8, 0.0, 0.5 ],
																					"to": [ 0.2, 0.3, 1.1 ],
																					"unwrapMode": 7,
																					"unwrapRotation": 1,
																					"uv": [ 31.0, 7.0 ],
																					"rotationOrigin": [ 0.2, 0.0, 0.5 ],
																					"faces": {
																						"north": { "texture": "#skin", "uv": [ 32.0, 7.5, 32.5, 8.5 ], "rotation": 90 },
																						"south": { "texture": "#skin", "uv": [ 31.0, 7.5, 31.5, 8.5 ], "rotation": 270 },
																						"west": { "texture": "#skin", "uv": [ 31.5, 7.0, 32.0, 7.5 ], "rotation": 180 },
																						"up": { "texture": "#skin", "uv": [ 31.5, 7.5, 32.0, 8.5 ], "rotation": 270 },
																						"down": { "texture": "#skin", "uv": [ 32.5, 7.5, 33.0, 8.5 ], "rotation": 90 }
																					},
																					"children": [
																						{
																							"name": "Beak point",
																							"from": [ -0.2, 0.0, 0.1 ],
																							"to": [ 0.2, 0.28, 0.5 ],
																							"unwrapMode": 7,
																							"unwrapRotation": 1,
																							"uv": [ 31.0, 4.0 ],
																							"rotationOrigin": [ 0.0, 0.0, 0.3 ],
																							"rotationY": -45.0,
																							"faces": {
																								"south": { "texture": "#skin", "uv": [ 31.0, 4.5, 31.5, 5.0 ], "rotation": 270, "windMode": [-1,-1,-1,-1], "windData": [1,1,1,1] },
																								"west": { "texture": "#skin", "uv": [ 31.5, 4.0, 32.0, 4.5 ], "rotation": 180 },
																								"up": { "texture": "#skin", "uv": [ 31.5, 4.5, 32.0, 5.0 ], "rotation": 270 },
																								"down": { "texture": "#skin", "uv": [ 32.0, 4.5, 32.5, 5.0 ], "rotation": 90 }
																							}
																						}
																					]
																				},
																				{
																					"name": "Nose bridge",
																					"from": [ 0.0, -0.7, 0.5 ],
																					"to": [ 1.0, 0.3, 1.1 ],
																					"unwrapMode": 7,
																					"unwrapRotation": 1,
																					"uv": [ 31.0, 11.0 ],
																					"rotationOrigin": [ 0.0, 0.3, 0.5 ],
																					"rotationZ": 45.0,
																					"faces": {
																						"north": { "texture": "#skin", "uv": [ 32.5, 11.0, 33.5, 12.0 ], "rotation": 90 },
																						"south": { "texture": "#skin", "uv": [ 31.0, 11.0, 32.0, 12.0 ], "rotation": 270 },
																						"up": { "texture": "#skin", "uv": [ 32.0, 11.0, 32.5, 12.0 ], "rotation": 270, "windMode": [-1,-1,-1,-1], "windData": [1,1,1,1] }
																					}
																				},
																				{
																					"name": "Beak slope",
																					"from": [ -0.6, 0.05, 0.6 ],
																					"to": [ 0.6, 0.3, 1.0 ],
																					"unwrapMode": 7,
																					"unwrapRotation": 1,
																					"uv": [ 31.0, 5.5 ],
																					"rotationOrigin": [ -0.6, 0.1, 0.6 ],
																					"rotationZ": 15.0,
																					"faces": {
																						"north": { "texture": "#skin", "uv": [ 32.0, 5.5, 32.5, 6.5 ], "rotation": 90 },
																						"south": { "texture": "#skin", "uv": [ 31.0, 5.5, 31.5, 6.5 ], "rotation": 270 },
																						"up": { "texture": "#skin", "uv": [ 31.5, 5.5, 32.0, 6.5 ], "rotation": 270 }
																					}
																				},
																				{
																					"name": "Lowerbeak",
																					"from": [ 0.0, -0.3, 0.1 ],
																					"to": [ 1.0, 0.0, 1.5 ],
																					"uv": [ 0.0, 0.0 ],
																					"rotationOrigin": [ 1.0, -0.3, 0.1 ],
																					"rotationZ": -5.0,
																					"faces": {
																					},
																					"children": [
																						{
																							"name": "Lowerbeak slope",
																							"from": [ -0.8, 0.01, 0.45 ],
																							"to": [ 0.2, 0.26, 0.95 ],
																							"unwrapMode": 7,
																							"unwrapRotation": 1,
																							"uv": [ 27.5, 2.0 ],
																							"rotationOrigin": [ 0.0, 0.1, 0.45 ],
																							"rotationZ": -2.0,
																							"faces": {
																								"north": { "texture": "#skin", "uv": [ 28.5, 2.5, 29.0, 3.5 ], "rotation": 90 },
																								"south": { "texture": "#skin", "uv": [ 27.5, 2.5, 28.0, 3.5 ], "rotation": 270 },
																								"west": { "texture": "#skin", "uv": [ 28.0, 2.0, 28.5, 2.5 ], "rotation": 180 },
																								"up": { "texture": "#skin", "uv": [ 28.0, 2.5, 28.5, 3.5 ], "rotation": 270 },
																								"down": { "texture": "#skin", "uv": [ 29.0, 2.5, 29.5, 3.5 ], "rotation": 90 }
																							},
																							"children": [
																								{
																									"name": "Lowerbeak point",
																									"from": [ -0.15, 0.0, 0.1 ],
																									"to": [ 0.15, 0.2, 0.4 ],
																									"unwrapMode": 7,
																									"uv": [ 27.5, 0.5 ],
																									"rotationOrigin": [ 0.0, 0.0, 0.25 ],
																									"rotationY": -45.0,
																									"faces": {
																										"south": { "texture": "#skin", "uv": [ 27.5, 1.0, 28.0, 1.5 ], "rotation": 180 },
																										"west": { "texture": "#skin", "uv": [ 28.0, 0.5, 28.5, 1.0 ], "rotation": 90 },
																										"up": { "texture": "#skin", "uv": [ 28.0, 1.0, 28.5, 1.5 ], "rotation": 180 },
																										"down": { "texture": "#skin", "uv": [ 28.5, 1.0, 29.0, 1.5 ] }
																									}
																								}
																							]
																						},
																						{
																							"name": "Lowerbeak base",
																							"from": [ -0.1, 0.0, 0.1 ],
																							"to": [ 1.1, 0.25, 1.3 ],
																							"unwrapMode": 7,
																							"unwrapRotation": 1,
																							"uv": [ 27.5, 4.0 ],
																							"rotationOrigin": [ 0.5, 0.0, 0.7 ],
																							"rotationY": -45.0,
																							"faces": {
																								"south": { "texture": "#skin", "uv": [ 27.5, 4.5, 28.0, 5.5 ], "rotation": 270, "windMode": [-1,-1,-1,-1], "windData": [1,1,1,1] },
																								"west": { "texture": "#skin", "uv": [ 28.0, 4.0, 29.0, 4.5 ], "rotation": 180, "windMode": [-1,-1,-1,-1], "windData": [1,1,1,1] },
																								"up": { "texture": "#skin", "uv": [ 28.0, 4.5, 29.0, 5.5 ], "rotation": 270 },
																								"down": { "texture": "#skin", "uv": [ 29.0, 4.5, 30.0, 5.5 ], "rotation": 90 }
																							}
																						},
																						{
																							"name": "Throat",
																							"from": [ 0.2, 0.0, 0.2 ],
																							"to": [ 1.2, 0.5, 1.2 ],
																							"unwrapMode": 6,
																							"unwrapRotation": 1,
																							"uv": [ 27.5, 6.0 ],
																							"rotationOrigin": [ 0.2, 0.0, 0.2 ],
																							"rotationZ": -35.0,
																							"faces": {
																								"north": { "texture": "#skin", "uv": [ 27.5, 6.0, 28.0, 7.0 ], "rotation": 90 },
																								"south": { "texture": "#skin", "uv": [ 29.0, 6.0, 29.5, 7.0 ], "rotation": 270 },
																								"down": { "texture": "#skin", "uv": [ 28.0, 6.0, 29.0, 7.0 ], "rotation": 90 }
																							}
																						}
																					]
																				},
																				{
																					"name": "Beak base",
																					"from": [ -0.1, 0.0, 0.1 ],
																					"to": [ 1.3, 0.35, 1.5 ],
																					"unwrapMode": 5,
																					"unwrapRotation": 1,
																					"uv": [ 31.0, 9.0 ],
																					"rotationOrigin": [ 0.6, 0.0, 0.8 ],
																					"rotationY": -45.0,
																					"faces": {
																						"south": { "texture": "#skin", "uv": [ 32.0, 9.0, 32.5, 10.0 ], "rotation": 90, "windMode": [-1,-1,-1,-1], "windData": [1,1,1,1] },
																						"west": { "texture": "#skin", "uv": [ 31.0, 10.0, 32.0, 10.5 ] },
																						"up": { "texture": "#skin", "uv": [ 31.0, 9.0, 32.0, 10.0 ], "rotation": 90 },
																						"down": { "texture": "#skin", "uv": [ 32.5, 9.0, 33.5, 10.0 ], "rotation": 270 }
																					}
																				}
																			]
																		},
																		{
																			"name": "Head fluff",
																			"from": [ -1.2, -0.2, 1.1 ],
																			"to": [ 0.3, 1.8, 1.1 ],
																			"shade": false,
																			"renderPass": 1,
																			"uv": [ 2.0, 2.0 ],
																			"rotationOrigin": [ -0.2, -0.2, 1.1 ],
																			"rotationZ": -4.0,
																			"faces": {
																				"north": { "texture": "#skin", "uv": [ 2.0, 2.0, 3.5, 4.0 ], "windMode": [-1,-1,-1,-1], "windData": [1,1,1,1] }
																			}
																		},
																		{
																			"name": "Head fluff2",
																			"from": [ -1.0, 0.2, 1.6 ],
																			"to": [ 0.5, 2.2, 1.6 ],
																			"shade": false,
																			"renderPass": 1,
																			"autoUnwrap": false,
																			"uv": [ 2.0, 2.0 ],
																			"rotationOrigin": [ 0.0, 0.2, 1.6 ],
																			"rotationY": 5.0,
																			"rotationZ": -4.0,
																			"faces": {
																				"south": { "texture": "#skin", "uv": [ 2.0, 2.0, 3.5, 4.0 ], "rotation": 180, "windMode": [-1,-1,-1,-1], "windData": [1,1,1,1] }
																			}
																		},
																		{
																			"name": "Head fluff3",
																			"from": [ -1.1, 0.0, 0.6 ],
																			"to": [ 0.4, 2.0, 0.6 ],
																			"shade": false,
																			"renderPass": 1,
																			"autoUnwrap": false,
																			"uv": [ 2.0, 2.0 ],
																			"rotationOrigin": [ -0.1, 0.0, 0.6 ],
																			"rotationY": -5.0,
																			"rotationZ": -4.0,
																			"faces": {
																				"south": { "texture": "#skin", "uv": [ 2.0, 2.0, 3.5, 4.0 ], "rotation": 180, "windMode": [-1,-1,-1,-1], "windData": [1,1,1,1] }
																			}
																		}
																	]
																}
															]
														}
													],
													"attachmentpoints": [
														{
															"code": "rope",
															"posX": "0.0","posY": "0.0","posZ": "1.0",
															"rotationX": "0.0","rotationY": "0.0","rotationZ": "0.0"
														}
													]
												}
											]
										}
									]
								}
							]
						}
					]
				},
				{
					"name": "LThigh",
					"from": [ 0.0, -4.0, 1.2 ],
					"to": [ 3.0, 0.0, 3.2 ],
					"unwrapMode": 3,
					"uv": [ 53.0, 1.0 ],
					"rotationOrigin": [ 0.0, 0.0, 1.2 ],
					"rotationZ": -35.0,
					"faces": {
						"north": { "texture": "#skin", "uv": [ 60.0, 3.0, 63.0, 7.0 ] },
						"east": { "texture": "#skin", "uv": [ 58.0, 3.0, 60.0, 7.0 ] },
						"south": { "texture": "#skin", "uv": [ 55.0, 3.0, 58.0, 7.0 ] },
						"west": { "texture": "#skin", "uv": [ 53.0, 3.0, 55.0, 7.0 ] },
						"up": { "texture": "#skin", "uv": [ 55.0, 1.0, 58.0, 3.0 ] },
						"down": { "texture": "#skin", "uv": [ 55.0, 7.0, 58.0, 9.0 ], "rotation": 180 }
					},
					"children": [
						{
							"name": "LLeg",
							"from": [ 0.0, -8.0, 0.2 ],
							"to": [ 2.0, 0.0, 1.8 ],
							"unwrapMode": 3,
							"uv": [ 54.5, 9.5 ],
							"rotationOrigin": [ 0.0, 0.0, 1.0 ],
							"rotationZ": 55.0,
							"faces": {
								"north": { "texture": "#skin", "uv": [ 59.5, 11.0, 61.5, 19.0 ] },
								"east": { "texture": "#skin", "uv": [ 58.0, 11.0, 59.5, 19.0 ] },
								"south": { "texture": "#skin", "uv": [ 56.0, 11.0, 58.0, 19.0 ] },
								"west": { "texture": "#skin", "uv": [ 54.5, 11.0, 56.0, 19.0 ] },
								"up": { "texture": "#skin", "uv": [ 56.0, 9.5, 58.0, 11.0 ] },
								"down": { "texture": "#skin", "uv": [ 56.0, 19.0, 58.0, 20.5 ], "rotation": 180 }
							},
							"children": [
								{
									"name": "LLowerleg",
									"from": [ 0.5, -5.7, 0.3 ],
									"to": [ 1.7, 0.3, 1.3 ],
									"unwrapMode": 3,
									"uv": [ 56.0, 21.0 ],
									"rotationOrigin": [ 1.5, 0.3, 0.8 ],
									"rotationZ": -30.0,
									"faces": {
										"north": { "texture": "#skin", "uv": [ 59.0, 22.0, 60.0, 28.0 ] },
										"east": { "texture": "#skin", "uv": [ 58.0, 22.0, 59.0, 28.0 ] },
										"south": { "texture": "#skin", "uv": [ 57.0, 22.0, 58.0, 28.0 ] },
										"west": { "texture": "#skin", "uv": [ 56.0, 22.0, 57.0, 28.0 ] },
										"up": { "texture": "#skin", "uv": [ 57.0, 21.0, 58.0, 22.0 ] },
										"down": { "texture": "#skin", "uv": [ 57.0, 28.0, 58.0, 29.0 ], "rotation": 180 }
									},
									"children": [
										{
											"name": "LFoot",
											"from": [ -0.1, -0.2, -0.1 ],
											"to": [ 0.9, 0.6, 1.1 ],
											"unwrapMode": 7,
											"unwrapRotation": 1,
											"uv": [ 56.5, 29.5 ],
											"rotationOrigin": [ 0.9, 0.6, 0.5 ],
											"rotationZ": 8.0,
											"faces": {
												"north": { "texture": "#skin", "uv": [ 58.0, 30.0, 58.5, 31.0 ], "rotation": 90 },
												"east": { "texture": "#skin", "uv": [ 57.0, 31.0, 58.0, 31.5 ] },
												"south": { "texture": "#skin", "uv": [ 56.5, 30.0, 57.0, 31.0 ], "rotation": 270 },
												"west": { "texture": "#skin", "uv": [ 57.0, 29.5, 58.0, 30.0 ], "rotation": 180 },
												"up": { "texture": "#skin", "uv": [ 57.0, 30.0, 58.0, 31.0 ], "rotation": 270 },
												"down": { "texture": "#skin", "uv": [ 58.5, 30.0, 59.5, 31.0 ], "rotation": 90 }
											},
											"children": [
												{
													"name": "LToe 1",
													"from": [ -2.4, 0.0, 0.2 ],
													"to": [ 0.1, 0.6, 1.0 ],
													"unwrapMode": 7,
													"unwrapRotation": 1,
													"uv": [ 60.5, 29.0 ],
													"rotationOrigin": [ 0.0, 0.6, 0.6 ],
													"rotationZ": 1.0,
													"faces": {
														"north": { "texture": "#skin", "uv": [ 61.5, 29.5, 62.0, 32.0 ], "rotation": 90 },
														"east": { "texture": "#skin", "uv": [ 61.0, 32.0, 61.5, 32.5 ] },
														"south": { "texture": "#skin", "uv": [ 60.5, 29.5, 61.0, 32.0 ], "rotation": 270 },
														"west": { "texture": "#skin", "uv": [ 61.0, 29.0, 61.5, 29.5 ], "rotation": 180 },
														"up": { "texture": "#skin", "uv": [ 61.0, 29.5, 61.5, 32.0 ], "rotation": 270 },
														"down": { "texture": "#skin", "uv": [ 62.0, 29.5, 62.5, 32.0 ], "rotation": 90 }
													},
													"children": [
														{
															"name": "LClaw 1",
															"from": [ -0.6, 0.0, 0.2 ],
															"to": [ 0.1, 0.5, 0.6 ],
															"unwrapMode": 7,
															"uv": [ 60.5, 33.0 ],
															"rotationOrigin": [ 0.1, 0.5, 0.4 ],
															"rotationZ": 15.0,
															"faces": {
																"north": { "texture": "#skin", "uv": [ 61.5, 33.5, 62.0, 34.0 ] },
																"east": { "texture": "#skin", "uv": [ 61.0, 34.0, 61.5, 34.5 ], "rotation": 270 },
																"south": { "texture": "#skin", "uv": [ 60.5, 33.5, 61.0, 34.0 ], "rotation": 180 },
																"west": { "texture": "#skin", "uv": [ 61.0, 33.0, 61.5, 33.5 ], "rotation": 90 },
																"up": { "texture": "#skin", "uv": [ 61.0, 33.5, 61.5, 34.0 ], "rotation": 180 },
																"down": { "texture": "#skin", "uv": [ 62.0, 33.5, 62.5, 34.0 ] }
															}
														}
													]
												},
												{
													"name": "LToe 2",
													"from": [ -0.8, 0.0, -0.2 ],
													"to": [ 0.5, 0.6, 0.4 ],
													"unwrapMode": 7,
													"unwrapRotation": 1,
													"uv": [ 60.5, 19.5 ],
													"rotationOrigin": [ 0.4, 0.6, 0.1 ],
													"rotationY": -45.0,
													"rotationZ": 1.0,
													"faces": {
														"north": { "texture": "#skin", "uv": [ 61.5, 20.0, 62.0, 21.0 ], "rotation": 90 },
														"east": { "texture": "#skin", "uv": [ 61.0, 21.0, 61.5, 21.5 ] },
														"south": { "texture": "#skin", "uv": [ 60.5, 20.0, 61.0, 21.0 ], "rotation": 270 },
														"west": { "texture": "#skin", "uv": [ 61.0, 19.5, 61.5, 20.0 ], "rotation": 180 },
														"up": { "texture": "#skin", "uv": [ 61.0, 20.0, 61.5, 21.0 ], "rotation": 270 },
														"down": { "texture": "#skin", "uv": [ 62.0, 20.0, 62.5, 21.0 ], "rotation": 90 }
													},
													"children": [
														{
															"name": "LClaw 2",
															"from": [ -0.6, 0.0, 0.1 ],
															"to": [ 0.1, 0.5, 0.5 ],
															"unwrapMode": 7,
															"uv": [ 60.5, 22.0 ],
															"rotationOrigin": [ 0.1, 0.5, 0.3 ],
															"rotationZ": 15.0,
															"faces": {
																"north": { "texture": "#skin", "uv": [ 61.5, 22.5, 62.0, 23.0 ] },
																"east": { "texture": "#skin", "uv": [ 61.0, 23.0, 61.5, 23.5 ], "rotation": 270 },
																"south": { "texture": "#skin", "uv": [ 60.5, 22.5, 61.0, 23.0 ], "rotation": 180 },
																"west": { "texture": "#skin", "uv": [ 61.0, 22.0, 61.5, 22.5 ], "rotation": 90 },
																"up": { "texture": "#skin", "uv": [ 61.0, 22.5, 61.5, 23.0 ], "rotation": 180 },
																"down": { "texture": "#skin", "uv": [ 62.0, 22.5, 62.5, 23.0 ] }
															}
														}
													]
												},
												{
													"name": "LToe 3",
													"from": [ -1.0, 0.0, 0.8 ],
													"to": [ 0.5, 0.6, 1.4 ],
													"unwrapMode": 7,
													"unwrapRotation": 1,
													"uv": [ 60.5, 24.0 ],
													"rotationOrigin": [ 0.4, 0.6, 1.1 ],
													"rotationY": 45.0,
													"rotationZ": 1.0,
													"faces": {
														"north": { "texture": "#skin", "uv": [ 61.5, 24.5, 62.0, 26.0 ], "rotation": 90 },
														"east": { "texture": "#skin", "uv": [ 61.0, 26.0, 61.5, 26.5 ] },
														"south": { "texture": "#skin", "uv": [ 60.5, 24.5, 61.0, 26.0 ], "rotation": 270 },
														"west": { "texture": "#skin", "uv": [ 61.0, 24.0, 61.5, 24.5 ], "rotation": 180 },
														"up": { "texture": "#skin", "uv": [ 61.0, 24.5, 61.5, 26.0 ], "rotation": 270 },
														"down": { "texture": "#skin", "uv": [ 62.0, 24.5, 62.5, 26.0 ], "rotation": 90 }
													},
													"children": [
														{
															"name": "LClaw 3",
															"from": [ -0.6, 0.0, 0.1 ],
															"to": [ 0.1, 0.5, 0.5 ],
															"unwrapMode": 7,
															"uv": [ 60.5, 27.0 ],
															"rotationOrigin": [ 0.1, 0.5, 0.3 ],
															"rotationZ": 15.0,
															"faces": {
																"north": { "texture": "#skin", "uv": [ 61.5, 27.5, 62.0, 28.0 ] },
																"east": { "texture": "#skin", "uv": [ 61.0, 28.0, 61.5, 28.5 ], "rotation": 270 },
																"south": { "texture": "#skin", "uv": [ 60.5, 27.5, 61.0, 28.0 ], "rotation": 180 },
																"west": { "texture": "#skin", "uv": [ 61.0, 27.0, 61.5, 27.5 ], "rotation": 90 },
																"up": { "texture": "#skin", "uv": [ 61.0, 27.5, 61.5, 28.0 ], "rotation": 180 },
																"down": { "texture": "#skin", "uv": [ 62.0, 27.5, 62.5, 28.0 ] }
															}
														}
													]
												}
											]
										}
									]
								}
							]
						}
					]
				},
				{
					"name": "RThigh",
					"from": [ 0.0, -4.0, -3.2 ],
					"to": [ 3.0, 0.0, -1.2 ],
					"unwrapMode": 1,
					"uv": [ 42.0, 1.0 ],
					"rotationOrigin": [ 0.0, 0.0, -1.2 ],
					"rotationZ": -35.0,
					"faces": {
						"north": { "texture": "#skin", "uv": [ 44.0, 3.0, 47.0, 7.0 ] },
						"east": { "texture": "#skin", "uv": [ 42.0, 3.0, 44.0, 7.0 ] },
						"south": { "texture": "#skin", "uv": [ 49.0, 3.0, 52.0, 7.0 ] },
						"west": { "texture": "#skin", "uv": [ 47.0, 3.0, 49.0, 7.0 ] },
						"up": { "texture": "#skin", "uv": [ 44.0, 1.0, 47.0, 3.0 ], "rotation": 180 },
						"down": { "texture": "#skin", "uv": [ 44.0, 7.0, 47.0, 9.0 ] }
					},
					"children": [
						{
							"name": "RLeg",
							"from": [ 0.0, -8.0, 0.2 ],
							"to": [ 2.0, 0.0, 1.8 ],
							"unwrapMode": 1,
							"uv": [ 43.5, 9.5 ],
							"rotationOrigin": [ 0.0, 0.0, 1.0 ],
							"rotationZ": 55.0,
							"faces": {
								"north": { "texture": "#skin", "uv": [ 45.0, 11.0, 47.0, 19.0 ] },
								"east": { "texture": "#skin", "uv": [ 43.5, 11.0, 45.0, 19.0 ] },
								"south": { "texture": "#skin", "uv": [ 48.5, 11.0, 50.5, 19.0 ] },
								"west": { "texture": "#skin", "uv": [ 47.0, 11.0, 48.5, 19.0 ] },
								"up": { "texture": "#skin", "uv": [ 45.0, 9.5, 47.0, 11.0 ], "rotation": 180 },
								"down": { "texture": "#skin", "uv": [ 45.0, 19.0, 47.0, 20.5 ] }
							},
							"children": [
								{
									"name": "RLowerleg",
									"from": [ 0.5, -5.7, 0.3 ],
									"to": [ 1.7, 0.3, 1.3 ],
									"unwrapMode": 1,
									"uv": [ 45.0, 21.0 ],
									"rotationOrigin": [ 1.5, 0.3, 0.8 ],
									"rotationZ": -30.0,
									"faces": {
										"north": { "texture": "#skin", "uv": [ 46.0, 22.0, 47.0, 28.0 ] },
										"east": { "texture": "#skin", "uv": [ 45.0, 22.0, 46.0, 28.0 ] },
										"south": { "texture": "#skin", "uv": [ 48.0, 22.0, 49.0, 28.0 ] },
										"west": { "texture": "#skin", "uv": [ 47.0, 22.0, 48.0, 28.0 ] },
										"up": { "texture": "#skin", "uv": [ 46.0, 21.0, 47.0, 22.0 ], "rotation": 180 },
										"down": { "texture": "#skin", "uv": [ 46.0, 28.0, 47.0, 29.0 ] }
									},
									"children": [
										{
											"name": "RFoot",
											"from": [ -0.1, -0.2, -0.1 ],
											"to": [ 0.9, 0.6, 1.1 ],
											"unwrapMode": 7,
											"unwrapRotation": 1,
											"uv": [ 45.5, 29.5 ],
											"rotationOrigin": [ 0.9, 0.6, 0.5 ],
											"rotationZ": 8.0,
											"faces": {
												"north": { "texture": "#skin", "uv": [ 47.0, 30.0, 47.5, 31.0 ], "rotation": 90 },
												"east": { "texture": "#skin", "uv": [ 46.0, 31.0, 47.0, 31.5 ] },
												"south": { "texture": "#skin", "uv": [ 45.5, 30.0, 46.0, 31.0 ], "rotation": 270 },
												"west": { "texture": "#skin", "uv": [ 46.0, 29.5, 47.0, 30.0 ], "rotation": 180 },
												"up": { "texture": "#skin", "uv": [ 46.0, 30.0, 47.0, 31.0 ], "rotation": 270 },
												"down": { "texture": "#skin", "uv": [ 47.5, 30.0, 48.5, 31.0 ], "rotation": 90 }
											},
											"children": [
												{
													"name": "RToe 1",
													"from": [ -2.4, 0.0, 0.2 ],
													"to": [ 0.1, 0.6, 1.0 ],
													"unwrapMode": 7,
													"unwrapRotation": 1,
													"uv": [ 49.5, 29.0 ],
													"rotationOrigin": [ 0.0, 0.6, 0.6 ],
													"rotationZ": 1.0,
													"faces": {
														"north": { "texture": "#skin", "uv": [ 50.5, 29.5, 51.0, 32.0 ], "rotation": 90 },
														"east": { "texture": "#skin", "uv": [ 50.0, 32.0, 50.5, 32.5 ] },
														"south": { "texture": "#skin", "uv": [ 49.5, 29.5, 50.0, 32.0 ], "rotation": 270 },
														"west": { "texture": "#skin", "uv": [ 50.0, 29.0, 50.5, 29.5 ], "rotation": 180 },
														"up": { "texture": "#skin", "uv": [ 50.0, 29.5, 50.5, 32.0 ], "rotation": 270 },
														"down": { "texture": "#skin", "uv": [ 51.0, 29.5, 51.5, 32.0 ], "rotation": 90 }
													},
													"children": [
														{
															"name": "RClaw 1",
															"from": [ -0.6, 0.0, 0.2 ],
															"to": [ 0.1, 0.5, 0.6 ],
															"unwrapMode": 7,
															"uv": [ 49.5, 33.0 ],
															"rotationOrigin": [ 0.1, 0.5, 0.4 ],
															"rotationZ": 15.0,
															"faces": {
																"north": { "texture": "#skin", "uv": [ 50.5, 33.5, 51.0, 34.0 ] },
																"east": { "texture": "#skin", "uv": [ 50.0, 34.0, 50.5, 34.5 ], "rotation": 270 },
																"south": { "texture": "#skin", "uv": [ 49.5, 33.5, 50.0, 34.0 ], "rotation": 180 },
																"west": { "texture": "#skin", "uv": [ 50.0, 33.0, 50.5, 33.5 ], "rotation": 90 },
																"up": { "texture": "#skin", "uv": [ 50.0, 33.5, 50.5, 34.0 ], "rotation": 180 },
																"down": { "texture": "#skin", "uv": [ 51.0, 33.5, 51.5, 34.0 ] }
															}
														}
													]
												},
												{
													"name": "RToe 2",
													"from": [ -0.8, 0.0, 0.8 ],
													"to": [ 0.5, 0.6, 1.4 ],
													"unwrapMode": 7,
													"unwrapRotation": 1,
													"uv": [ 49.5, 19.5 ],
													"rotationOrigin": [ 0.4, 0.6, 1.1 ],
													"rotationY": 45.0,
													"rotationZ": 1.0,
													"faces": {
														"north": { "texture": "#skin", "uv": [ 50.5, 20.0, 51.0, 21.0 ], "rotation": 90 },
														"east": { "texture": "#skin", "uv": [ 50.0, 21.0, 50.5, 21.5 ] },
														"south": { "texture": "#skin", "uv": [ 49.5, 20.0, 50.0, 21.0 ], "rotation": 270 },
														"west": { "texture": "#skin", "uv": [ 50.0, 19.5, 50.5, 20.0 ], "rotation": 180 },
														"up": { "texture": "#skin", "uv": [ 50.0, 20.0, 50.5, 21.0 ], "rotation": 270 },
														"down": { "texture": "#skin", "uv": [ 51.0, 20.0, 51.5, 21.0 ], "rotation": 90 }
													},
													"children": [
														{
															"name": "RClaw 2",
															"from": [ -0.6, 0.0, 0.1 ],
															"to": [ 0.1, 0.5, 0.5 ],
															"unwrapMode": 7,
															"uv": [ 49.5, 22.0 ],
															"rotationOrigin": [ 0.1, 0.5, 0.3 ],
															"rotationZ": 15.0,
															"faces": {
																"north": { "texture": "#skin", "uv": [ 50.5, 22.5, 51.0, 23.0 ] },
																"east": { "texture": "#skin", "uv": [ 50.0, 23.0, 50.5, 23.5 ], "rotation": 270 },
																"south": { "texture": "#skin", "uv": [ 49.5, 22.5, 50.0, 23.0 ], "rotation": 180 },
																"west": { "texture": "#skin", "uv": [ 50.0, 22.0, 50.5, 22.5 ], "rotation": 90 },
																"up": { "texture": "#skin", "uv": [ 50.0, 22.5, 50.5, 23.0 ], "rotation": 180 },
																"down": { "texture": "#skin", "uv": [ 51.0, 22.5, 51.5, 23.0 ] }
															}
														}
													]
												},
												{
													"name": "RToe 3",
													"from": [ -1.0, 0.0, -0.2 ],
													"to": [ 0.5, 0.6, 0.4 ],
													"unwrapMode": 7,
													"unwrapRotation": 1,
													"uv": [ 49.5, 24.0 ],
													"rotationOrigin": [ 0.4, 0.6, 0.1 ],
													"rotationY": -45.0,
													"rotationZ": 1.0,
													"faces": {
														"north": { "texture": "#skin", "uv": [ 50.5, 24.5, 51.0, 26.0 ], "rotation": 90 },
														"east": { "texture": "#skin", "uv": [ 50.0, 26.0, 50.5, 26.5 ] },
														"south": { "texture": "#skin", "uv": [ 49.5, 24.5, 50.0, 26.0 ], "rotation": 270 },
														"west": { "texture": "#skin", "uv": [ 50.0, 24.0, 50.5, 24.5 ], "rotation": 180 },
														"up": { "texture": "#skin", "uv": [ 50.0, 24.5, 50.5, 26.0 ], "rotation": 270 },
														"down": { "texture": "#skin", "uv": [ 51.0, 24.5, 51.5, 26.0 ], "rotation": 90 }
													},
													"children": [
														{
															"name": "RClaw 3",
															"from": [ -0.6, 0.0, 0.1 ],
															"to": [ 0.1, 0.5, 0.5 ],
															"unwrapMode": 7,
															"uv": [ 49.5, 27.0 ],
															"rotationOrigin": [ 0.1, 0.5, 0.3 ],
															"rotationZ": 15.0,
															"faces": {
																"north": { "texture": "#skin", "uv": [ 50.5, 27.5, 51.0, 28.0 ] },
																"east": { "texture": "#skin", "uv": [ 50.0, 28.0, 50.5, 28.5 ], "rotation": 270 },
																"south": { "texture": "#skin", "uv": [ 49.5, 27.5, 50.0, 28.0 ], "rotation": 180 },
																"west": { "texture": "#skin", "uv": [ 50.0, 27.0, 50.5, 27.5 ], "rotation": 90 },
																"up": { "texture": "#skin", "uv": [ 50.0, 27.5, 50.5, 28.0 ], "rotation": 180 },
																"down": { "texture": "#skin", "uv": [ 51.0, 27.5, 51.5, 28.0 ] }
															}
														}
													]
												}
											]
										}
									]
								}
							]
						}
					]
				}
			],
			"attachmentpoints": [
				{
					"code": "Center",
					"posX": "0.0","posY": "0.0","posZ": "0.0",
					"rotationX": "0.0","rotationY": "0.0","rotationZ": "0.0"
				}
			]
		}
	]}