{
	"editor": {
		"allAngles": true,
		"entityTextureMode": true
	},
	"textureWidth": 56,
	"textureHeight": 36,
	"textureSizes": {
	},
	"textures": {
	},
	"elements": [
		{
			"name": "Hip",
			"from": [ 8.0, 6.64, 8.0 ],
			"to": [ 8.0, 6.64, 8.0 ],
			"uv": [ 55.0, 37.5 ],
			"rotationOrigin": [ 8.0, 12.8, 8.0 ],
			"faces": {
			},
			"children": [
				{
					"name": "Body",
					"from": [ -4.0, -5.6, -2.4 ],
					"to": [ 1.6, 1.6, 2.4 ],
					"unwrapMode": 7,
					"unwrapRotation": 1,
					"autoUnwrap": false,
					"uv": [ 1.0, 4.5 ],
					"rotationOrigin": [ 0.0, -0.8, 0.8 ],
					"rotationZ": -3.0,
					"faces": {
						"north": { "texture": "#skin", "uv": [ 12.0, 9.5, 19.0, 15.0 ], "rotation": 90 },
						"east": { "texture": "#skin", "uv": [ 1.0, 24.5, 5.5, 31.5 ] },
						"south": { "texture": "#skin", "uv": [ 0.5, 9.5, 7.5, 15.0 ], "rotation": 270 },
						"west": { "texture": "#skin", "uv": [ 11.0, 24.5, 15.5, 31.5 ], "windMode": [-1,-1,-1,-1], "windData": [0,0,1,1] },
						"up": { "texture": "#skin", "uv": [ 7.5, 9.5, 12.0, 15.0 ], "rotation": 270 },
						"down": { "texture": "#skin", "uv": [ 19.0, 9.5, 23.5, 15.0 ], "rotation": 90 }
					},
					"children": [
						{
							"name": "Tail1",
							"from": [ 5.6, 2.32, 0.16 ],
							"to": [ 8.8, 7.12, 4.66 ],
							"unwrapMode": 7,
							"unwrapRotation": 1,
							"autoUnwrap": false,
							"uv": [ 3.0, 22.0 ],
							"rotationOrigin": [ 5.6, 7.12, 2.4 ],
							"rotationZ": -32.0,
							"faces": {
								"north": { "texture": "#skin", "uv": [ 12.0, 15.5, 16.5, 18.5 ], "rotation": 90 },
								"east": { "texture": "#skin", "uv": [ 6.0, 24.5, 10.5, 29.0 ], "windMode": [-1,-1,-1,-1] },
								"south": { "texture": "#skin", "uv": [ 3.0, 15.5, 7.5, 18.5 ], "rotation": 270 },
								"up": { "texture": "#skin", "uv": [ 7.5, 15.5, 12.0, 18.5 ], "rotation": 270 }
							},
							"children": [
								{
									"name": "Tail2",
									"from": [ 1.6, 3.2, 0.24 ],
									"to": [ 4.8, 4.8, 4.24 ],
									"unwrapMode": 7,
									"unwrapRotation": 1,
									"uv": [ 6.0, 19.0 ],
									"rotationOrigin": [ 1.6, 4.8, 2.24 ],
									"rotationZ": 7.0,
									"faces": {
										"north": { "texture": "#skin", "uv": [ 11.5, 19.0, 13.0, 22.0 ], "rotation": 90 },
										"east": { "texture": "#skin", "uv": [ 7.5, 22.0, 11.5, 23.5 ], "windMode": [-1,-1,-1,-1] },
										"south": { "texture": "#skin", "uv": [ 6.0, 19.0, 7.5, 22.0 ], "rotation": 270 },
										"up": { "texture": "#skin", "uv": [ 7.5, 19.0, 11.5, 22.0 ], "rotation": 270 }
									},
									"children": [
										{
											"name": "Tailfeathers 2",
											"from": [ 3.2, -1.6, 0.08 ],
											"to": [ 6.4, 1.6, 3.88 ],
											"unwrapMode": 7,
											"unwrapRotation": 1,
											"uv": [ 24.5, 31.5 ],
											"rotationOrigin": [ 3.2, 1.6, 2.0 ],
											"rotationZ": -24.0,
											"faces": {
												"north": { "texture": "#skin", "uv": [ 31.0, 31.5, 34.0, 34.5 ], "rotation": 90 },
												"south": { "texture": "#skin", "uv": [ 24.5, 31.5, 27.5, 34.5 ], "rotation": 270 },
												"up": { "texture": "#skin", "uv": [ 27.5, 31.5, 31.0, 34.5 ], "rotation": 270 },
												"down": { "texture": "#skin", "uv": [ 34.0, 31.5, 37.5, 34.5 ], "rotation": 90 }
											},
											"children": [
												{
													"name": "Featherbottom 2",
													"from": [ 2.4, 0.0, 0.0 ],
													"to": [ 2.4, 3.2, 3.8 ],
													"unwrapMode": 7,
													"unwrapRotation": 1,
													"uv": [ 20.0, 20.5 ],
													"rotationOrigin": [ 2.4, 0.0, 0.0 ],
													"faces": {
														"west": { "texture": "#skin", "uv": [ 20.0, 20.5, 23.5, 23.5 ], "rotation": 180, "windMode": [-1,-1,-1,-1] }
													}
												}
											]
										}
									]
								},
								{
									"name": "Tailfeathers 1",
									"from": [ 4.0, 0.8, 0.16 ],
									"to": [ 8.5, 4.8, 4.36 ],
									"unwrapMode": 7,
									"unwrapRotation": 1,
									"uv": [ 38.5, 29.5 ],
									"rotationOrigin": [ 4.0, 4.8, 2.24 ],
									"rotationZ": -55.0,
									"faces": {
										"north": { "texture": "#skin", "uv": [ 46.5, 29.5, 50.5, 34.0 ], "rotation": 90 },
										"south": { "texture": "#skin", "uv": [ 38.5, 29.5, 42.5, 34.0 ], "rotation": 270 },
										"up": { "texture": "#skin", "uv": [ 42.5, 29.5, 46.5, 34.0 ], "rotation": 270 },
										"down": { "texture": "#skin", "uv": [ 50.5, 29.5, 54.5, 34.0 ], "rotation": 90 }
									},
									"children": [
										{
											"name": "Featherbottom 1",
											"from": [ 4.08, 0.0, 0.0 ],
											"to": [ 4.08, 4.0, 4.2 ],
											"unwrapMode": 7,
											"unwrapRotation": 1,
											"uv": [ 19.5, 15.5 ],
											"rotationOrigin": [ 4.08, 0.0, 0.0 ],
											"faces": {
												"east": { "texture": "#skin", "uv": [ 19.5, 16.0, 23.5, 20.0 ], "windMode": [-1,-1,-1,-1] }
											}
										}
									]
								}
							]
						},
						{
							"name": "Neck1",
							"from": [ -2.0, 1.44, 0.4 ],
							"to": [ 0.4, 7.04, 4.4 ],
							"unwrapMode": 7,
							"unwrapRotation": 1,
							"autoUnwrap": false,
							"uv": [ 2.5, 1.0 ],
							"rotationOrigin": [ 0.4, 7.04, 2.4 ],
							"rotationZ": 30.0,
							"faces": {
								"north": { "texture": "#skin", "uv": [ 11.5, 7.0, 17.0, 9.0 ], "rotation": 90 },
								"south": { "texture": "#skin", "uv": [ 2.0, 7.0, 7.5, 9.0 ], "rotation": 270 },
								"west": { "texture": "#skin", "uv": [ 16.0, 24.5, 20.0, 30.0 ], "windMode": [-1,-1,-1,-1] },
								"up": { "texture": "#skin", "uv": [ 7.5, 7.0, 11.5, 9.0 ], "rotation": 270 },
								"down": { "texture": "#skin", "uv": [ 17.0, 7.0, 21.0, 9.0 ], "rotation": 90 }
							},
							"children": [
								{
									"name": "Neck2",
									"from": [ -1.48, 0.0, 0.5 ],
									"to": [ 2.92, 3.0, 3.5 ],
									"unwrapMode": 6,
									"unwrapRotation": 1,
									"autoUnwrap": false,
									"uv": [ 31.0, 27.0 ],
									"rotationOrigin": [ 1.92, 3.0, 2.0 ],
									"rotationZ": -50.0,
									"faces": {
										"north": { "texture": "#skin", "uv": [ 27.5, 26.5, 30.5, 30.5 ], "rotation": 90 },
										"east": { "texture": "#skin", "uv": [ 26.0, 19.0, 29.0, 22.0 ], "rotation": 180 },
										"south": { "texture": "#skin", "uv": [ 33.5, 26.5, 36.5, 30.5 ], "rotation": 270 },
										"west": { "texture": "#skin", "uv": [ 20.5, 24.5, 23.5, 27.5 ] },
										"down": { "texture": "#skin", "uv": [ 30.5, 26.5, 33.5, 30.5 ], "rotation": 90 }
									},
									"children": [
										{
											"name": "Neck fuzz1",
											"from": [ 0.5, 2.0, -0.2 ],
											"to": [ 4.5, 4.0, 3.2 ],
											"unwrapMode": 7,
											"unwrapRotation": 1,
											"uv": [ 6.0, 0.5 ],
											"rotationOrigin": [ 0.5, 4.0, 1.5 ],
											"faces": {
												"north": { "texture": "#skin", "uv": [ 11.0, 2.5, 13.0, 6.5 ], "rotation": 90 },
												"south": { "texture": "#skin", "uv": [ 6.0, 2.5, 8.0, 6.5 ], "rotation": 270 },
												"west": { "texture": "#skin", "uv": [ 8.0, 0.5, 11.0, 2.5 ], "rotation": 180 },
												"up": { "texture": "#skin", "uv": [ 8.0, 2.5, 11.0, 6.5 ], "rotation": 270 },
												"down": { "texture": "#skin", "uv": [ 13.0, 2.5, 16.0, 6.5 ], "rotation": 90 }
											}
										},
										{
											"name": "Neck3",
											"from": [ -3.0, 0.3, 0.2 ],
											"to": [ 0.0, 3.3, 2.8 ],
											"unwrapMode": 6,
											"unwrapRotation": 1,
											"uv": [ 27.5, 20.0 ],
											"rotationOrigin": [ 0.0, 0.3, 1.55 ],
											"rotationZ": -53.0,
											"faces": {
												"north": { "texture": "#skin", "uv": [ 27.5, 23.0, 30.5, 26.0 ], "rotation": 90 },
												"south": { "texture": "#skin", "uv": [ 33.0, 23.0, 36.0, 26.0 ], "rotation": 270 },
												"west": { "texture": "#skin", "uv": [ 30.5, 20.0, 33.0, 23.0 ] },
												"up": { "texture": "#skin", "uv": [ 36.0, 23.0, 38.5, 26.0 ], "rotation": 270 },
												"down": { "texture": "#skin", "uv": [ 30.5, 23.0, 33.0, 26.0 ], "rotation": 90 }
											},
											"children": [
												{
													"name": "Neck4",
													"from": [ -1.5, 0.3, 0.3 ],
													"to": [ 0.5, 2.5, 2.3 ],
													"unwrapMode": 6,
													"unwrapRotation": 1,
													"uv": [ 28.5, 13.5 ],
													"rotationOrigin": [ 0.5, 0.5, 1.3 ],
													"rotationZ": -30.0,
													"faces": {
														"north": { "texture": "#skin", "uv": [ 28.5, 15.5, 30.5, 17.5 ], "rotation": 90 },
														"east": { "texture": "#skin", "uv": [ 30.5, 17.5, 32.5, 19.5 ], "rotation": 180 },
														"south": { "texture": "#skin", "uv": [ 32.5, 15.5, 34.5, 17.5 ], "rotation": 270 },
														"west": { "texture": "#skin", "uv": [ 30.5, 13.5, 32.5, 15.5 ] },
														"up": { "texture": "#skin", "uv": [ 34.5, 15.5, 36.5, 17.5 ], "rotation": 270 },
														"down": { "texture": "#skin", "uv": [ 30.5, 15.5, 32.5, 17.5 ], "rotation": 90 }
													},
													"children": [
														{
															"name": "Neck5",
															"from": [ -2.3, 0.1, 0.1 ],
															"to": [ 0.2, 2.1, 1.9 ],
															"unwrapMode": 6,
															"unwrapRotation": 1,
															"uv": [ 28.5, 6.5 ],
															"rotationOrigin": [ 0.2, 2.1, 1.0 ],
															"rotationZ": 30.0,
															"faces": {
																"north": { "texture": "#skin", "uv": [ 28.5, 8.5, 30.5, 11.0 ], "rotation": 90 },
																"east": { "texture": "#skin", "uv": [ 30.5, 11.0, 32.0, 13.0 ], "rotation": 180 },
																"south": { "texture": "#skin", "uv": [ 32.0, 8.5, 34.0, 11.0 ], "rotation": 270 },
																"west": { "texture": "#skin", "uv": [ 30.5, 6.5, 32.0, 8.5 ] },
																"up": { "texture": "#skin", "uv": [ 34.0, 8.5, 35.5, 11.0 ], "rotation": 270 },
																"down": { "texture": "#skin", "uv": [ 30.5, 8.5, 32.0, 11.0 ], "rotation": 90 }
															},
															"children": [
																{
																	"name": "Head",
																	"from": [ -0.4, -0.4, -0.2 ],
																	"to": [ 1.3, 1.8, 2.0 ],
																	"unwrapMode": 6,
																	"unwrapRotation": 1,
																	"uv": [ 28.5, 0.5 ],
																	"rotationOrigin": [ 0.0, 1.6, 0.9 ],
																	"rotationZ": -11.0,
																	"faces": {
																		"north": { "texture": "#skin", "uv": [ 28.5, 2.5, 30.5, 4.0 ], "rotation": 90 },
																		"east": { "texture": "#skin", "uv": [ 30.5, 4.0, 32.5, 6.0 ], "rotation": 180 },
																		"south": { "texture": "#skin", "uv": [ 32.5, 2.5, 34.5, 4.0 ], "rotation": 270 },
																		"west": { "texture": "#skin", "uv": [ 30.5, 0.5, 32.5, 2.5 ] },
																		"up": { "texture": "#skin", "uv": [ 34.5, 2.5, 36.5, 4.0 ], "rotation": 270 },
																		"down": { "texture": "#skin", "uv": [ 30.5, 2.5, 32.5, 4.0 ], "rotation": 90 }
																	},
																	"children": [
																		{
																			"name": "Pupil",
																			"from": [ 0.65, 0.05, -0.05 ],
																			"to": [ 1.05, 0.45, 2.25 ],
																			"unwrapMode": 6,
																			"unwrapRotation": 1,
																			"uv": [ 33.0, 0.5 ],
																			"rotationOrigin": [ 0.65, 0.05, 0.0 ],
																			"faces": {
																				"north": { "texture": "#skin", "uv": [ 33.0, 1.0, 33.5, 1.5 ], "rotation": 90 },
																				"east": { "texture": "#skin", "uv": [ 33.5, 1.5, 35.5, 2.0 ], "rotation": 180 },
																				"south": { "texture": "#skin", "uv": [ 35.5, 1.0, 36.0, 1.5 ], "rotation": 270 },
																				"west": { "texture": "#skin", "uv": [ 33.5, 0.5, 35.5, 1.0 ] },
																				"up": { "texture": "#skin", "uv": [ 36.0, 1.0, 38.0, 1.5 ], "rotation": 270 },
																				"down": { "texture": "#skin", "uv": [ 33.5, 1.0, 35.5, 1.5 ], "rotation": 90 }
																			}
																		},
																		{
																			"name": "Upperbeak",
																			"from": [ 0.6, 0.2, 0.3 ],
																			"to": [ 1.3, 0.65, 1.9 ],
																			"uv": [ 0.0, 0.0 ],
																			"rotationOrigin": [ 1.3, 0.2, 0.3 ],
																			"rotationZ": 98.0,
																			"faces": {
																			},
																			"children": [
																				{
																					"name": "Beak",
																					"from": [ -1.3, 0.0, 0.5 ],
																					"to": [ 0.0, 0.3, 1.1 ],
																					"unwrapMode": 7,
																					"unwrapRotation": 1,
																					"uv": [ 25.5, 3.5 ],
																					"rotationOrigin": [ -0.3, 0.0, 0.5 ],
																					"rotationZ": 4.0,
																					"faces": {
																						"north": { "texture": "#skin", "uv": [ 26.5, 4.0, 27.0, 5.0 ], "rotation": 90 },
																						"south": { "texture": "#skin", "uv": [ 25.5, 4.0, 26.0, 5.0 ], "rotation": 270 },
																						"west": { "texture": "#skin", "uv": [ 26.0, 3.5, 26.5, 4.0 ], "rotation": 180 },
																						"up": { "texture": "#skin", "uv": [ 26.0, 4.0, 26.5, 5.0 ], "rotation": 270 },
																						"down": { "texture": "#skin", "uv": [ 27.0, 4.0, 27.5, 5.0 ], "rotation": 90 }
																					},
																					"children": [
																						{
																							"name": "Beak point",
																							"from": [ -0.2, 0.0, 0.1 ],
																							"to": [ 0.2, 0.28, 0.5 ],
																							"unwrapMode": 7,
																							"unwrapRotation": 1,
																							"uv": [ 25.5, 0.5 ],
																							"rotationOrigin": [ 0.0, 0.0, 0.3 ],
																							"rotationY": -45.0,
																							"faces": {
																								"south": { "texture": "#skin", "uv": [ 25.5, 1.0, 26.0, 1.5 ], "rotation": 270, "windMode": [-1,-1,-1,-1], "windData": [1,1,1,1] },
																								"west": { "texture": "#skin", "uv": [ 26.0, 0.5, 26.5, 1.0 ], "rotation": 180 },
																								"up": { "texture": "#skin", "uv": [ 26.0, 1.0, 26.5, 1.5 ], "rotation": 270 },
																								"down": { "texture": "#skin", "uv": [ 26.5, 1.0, 27.0, 1.5 ], "rotation": 90 }
																							}
																						}
																					]
																				},
																				{
																					"name": "Nose bridge",
																					"from": [ -0.2, -0.7, 0.55 ],
																					"to": [ 1.0, 0.3, 1.05 ],
																					"unwrapMode": 7,
																					"unwrapRotation": 1,
																					"uv": [ 25.5, 7.5 ],
																					"rotationOrigin": [ -0.2, 0.3, 0.55 ],
																					"rotationZ": 43.0,
																					"faces": {
																						"north": { "texture": "#skin", "uv": [ 27.0, 7.5, 28.0, 8.5 ], "rotation": 90 },
																						"south": { "texture": "#skin", "uv": [ 25.5, 7.5, 26.5, 8.5 ], "rotation": 270 },
																						"up": { "texture": "#skin", "uv": [ 26.5, 7.5, 27.0, 8.5 ], "rotation": 270, "windMode": [-1,-1,-1,-1], "windData": [1,1,1,1] }
																					}
																				},
																				{
																					"name": "Beak slope",
																					"from": [ -0.6, -0.05, 0.6 ],
																					"to": [ 0.6, 0.25, 1.0 ],
																					"unwrapMode": 7,
																					"unwrapRotation": 1,
																					"uv": [ 25.5, 2.0 ],
																					"rotationOrigin": [ -0.6, 0.0, 0.6 ],
																					"rotationZ": 19.0,
																					"faces": {
																						"north": { "texture": "#skin", "uv": [ 26.5, 2.0, 27.0, 3.0 ], "rotation": 90 },
																						"south": { "texture": "#skin", "uv": [ 25.5, 2.0, 26.0, 3.0 ], "rotation": 270 },
																						"up": { "texture": "#skin", "uv": [ 26.0, 2.0, 26.5, 3.0 ], "rotation": 270 }
																					}
																				},
																				{
																					"name": "Lowerbeak",
																					"from": [ 0.0, -0.4, 0.1 ],
																					"to": [ 1.0, -0.1, 1.5 ],
																					"uv": [ 0.0, 0.0 ],
																					"rotationOrigin": [ 1.0, -0.4, 0.1 ],
																					"rotationZ": -5.0,
																					"faces": {
																					},
																					"children": [
																						{
																							"name": "Lowerbeak slope",
																							"from": [ -1.3, 0.01, 0.45 ],
																							"to": [ 0.0, 0.36, 0.95 ],
																							"unwrapMode": 7,
																							"unwrapRotation": 1,
																							"uv": [ 22.0, 2.0 ],
																							"rotationOrigin": [ -0.3, 0.1, 0.45 ],
																							"rotationZ": 6.0,
																							"faces": {
																								"north": { "texture": "#skin", "uv": [ 23.0, 2.5, 23.5, 3.5 ], "rotation": 90 },
																								"south": { "texture": "#skin", "uv": [ 22.0, 2.5, 22.5, 3.5 ], "rotation": 270 },
																								"west": { "texture": "#skin", "uv": [ 22.5, 2.0, 23.0, 2.5 ], "rotation": 180 },
																								"up": { "texture": "#skin", "uv": [ 22.5, 2.5, 23.0, 3.5 ], "rotation": 270 },
																								"down": { "texture": "#skin", "uv": [ 23.5, 2.5, 24.0, 3.5 ], "rotation": 90 }
																							},
																							"children": [
																								{
																									"name": "Lowerbeak point",
																									"from": [ -0.15, 0.0, 0.1 ],
																									"to": [ 0.15, 0.3, 0.4 ],
																									"unwrapMode": 7,
																									"uv": [ 22.0, 0.5 ],
																									"rotationOrigin": [ 0.0, 0.0, 0.25 ],
																									"rotationY": -45.0,
																									"faces": {
																										"south": { "texture": "#skin", "uv": [ 22.0, 1.0, 22.5, 1.5 ], "rotation": 180 },
																										"west": { "texture": "#skin", "uv": [ 22.5, 0.5, 23.0, 1.0 ], "rotation": 90 },
																										"up": { "texture": "#skin", "uv": [ 22.5, 1.0, 23.0, 1.5 ], "rotation": 180 },
																										"down": { "texture": "#skin", "uv": [ 23.0, 1.0, 23.5, 1.5 ] }
																									}
																								}
																							]
																						},
																						{
																							"name": "Lowerbeak base",
																							"from": [ -0.1, 0.0, 0.1 ],
																							"to": [ 1.1, 0.35, 1.3 ],
																							"unwrapMode": 7,
																							"unwrapRotation": 1,
																							"uv": [ 22.0, 4.0 ],
																							"rotationOrigin": [ 0.5, 0.0, 0.7 ],
																							"rotationY": -45.0,
																							"faces": {
																								"south": { "texture": "#skin", "uv": [ 22.0, 4.5, 22.5, 5.5 ], "rotation": 270, "windMode": [-1,-1,-1,-1], "windData": [1,1,1,1] },
																								"west": { "texture": "#skin", "uv": [ 22.5, 4.0, 23.5, 4.5 ], "rotation": 180, "windMode": [-1,-1,-1,-1], "windData": [1,1,1,1] },
																								"up": { "texture": "#skin", "uv": [ 22.5, 4.5, 23.5, 5.5 ], "rotation": 270 },
																								"down": { "texture": "#skin", "uv": [ 23.5, 4.5, 24.5, 5.5 ], "rotation": 90 }
																							}
																						},
																						{
																							"name": "Throat",
																							"from": [ 0.2, 0.0, 0.2 ],
																							"to": [ 1.6, 0.6, 1.2 ],
																							"unwrapMode": 6,
																							"unwrapRotation": 1,
																							"uv": [ 22.0, 6.0 ],
																							"rotationOrigin": [ 0.2, 0.0, 0.2 ],
																							"rotationZ": -35.0,
																							"faces": {
																								"north": { "texture": "#skin", "uv": [ 22.0, 6.0, 22.5, 7.0 ], "rotation": 90 },
																								"south": { "texture": "#skin", "uv": [ 23.5, 6.0, 24.0, 7.0 ], "rotation": 270 },
																								"down": { "texture": "#skin", "uv": [ 22.5, 6.0, 23.5, 7.0 ], "rotation": 90 }
																							}
																						}
																					]
																				},
																				{
																					"name": "Beak base",
																					"from": [ -0.1, 0.0, 0.1 ],
																					"to": [ 1.3, 0.35, 1.5 ],
																					"unwrapMode": 5,
																					"unwrapRotation": 1,
																					"uv": [ 25.5, 5.5 ],
																					"rotationOrigin": [ 0.6, 0.0, 0.8 ],
																					"rotationY": -45.0,
																					"faces": {
																						"south": { "texture": "#skin", "uv": [ 26.5, 5.5, 27.0, 6.5 ], "rotation": 90, "windMode": [-1,-1,-1,-1], "windData": [1,1,1,1] },
																						"west": { "texture": "#skin", "uv": [ 25.5, 6.5, 26.5, 7.0 ] },
																						"up": { "texture": "#skin", "uv": [ 25.5, 5.5, 26.5, 6.5 ], "rotation": 90 },
																						"down": { "texture": "#skin", "uv": [ 27.0, 5.5, 28.0, 6.5 ], "rotation": 270 }
																					}
																				}
																			]
																		}
																	]
																}
															],
															"attachmentpoints": [
																{
																	"code": "rope",
																	"posX": "2.0","posY": "0.0","posZ": "0.9",
																	"rotationX": "0.0","rotationY": "0.0","rotationZ": "0.0"
																}
															]
														}
													]
												}
											]
										}
									]
								}
							]
						}
					]
				},
				{
					"name": "LThigh",
					"from": [ 0.0, -3.2, 0.96 ],
					"to": [ 2.4, 0.0, 2.56 ],
					"unwrapMode": 3,
					"uv": [ 46.0, 1.0 ],
					"rotationOrigin": [ 0.0, 0.0, 0.96 ],
					"rotationZ": -85.0,
					"faces": {
						"north": { "texture": "#skin", "uv": [ 51.0, 2.5, 53.0, 5.5 ] },
						"east": { "texture": "#skin", "uv": [ 49.5, 2.5, 51.0, 5.5 ] },
						"south": { "texture": "#skin", "uv": [ 47.5, 2.5, 49.5, 5.5 ] },
						"west": { "texture": "#skin", "uv": [ 46.0, 2.5, 47.5, 5.5 ] },
						"up": { "texture": "#skin", "uv": [ 47.5, 1.0, 49.5, 2.5 ] },
						"down": { "texture": "#skin", "uv": [ 47.5, 5.5, 49.5, 7.0 ], "rotation": 180 }
					},
					"children": [
						{
							"name": "LLeg",
							"from": [ 0.0, -6.4, 0.16 ],
							"to": [ 1.6, 0.0, 1.46 ],
							"unwrapMode": 3,
							"uv": [ 46.5, 7.5 ],
							"rotationOrigin": [ 0.0, 0.0, 0.8 ],
							"rotationZ": 105.0,
							"faces": {
								"north": { "texture": "#skin", "uv": [ 50.0, 8.5, 51.5, 14.5 ] },
								"east": { "texture": "#skin", "uv": [ 49.0, 8.5, 50.0, 14.5 ] },
								"south": { "texture": "#skin", "uv": [ 47.5, 8.5, 49.0, 14.5 ] },
								"west": { "texture": "#skin", "uv": [ 46.5, 8.5, 47.5, 14.5 ] },
								"up": { "texture": "#skin", "uv": [ 47.5, 7.5, 49.0, 8.5 ] },
								"down": { "texture": "#skin", "uv": [ 47.5, 14.5, 49.0, 15.5 ], "rotation": 180 }
							},
							"children": [
								{
									"name": "LLowerleg",
									"from": [ 1.2, -4.56, 0.24 ],
									"to": [ 2.2, 0.24, 1.04 ],
									"unwrapMode": 3,
									"uv": [ 47.0, 16.0 ],
									"rotationOrigin": [ 1.2, 0.24, 0.64 ],
									"rotationZ": -115.0,
									"faces": {
										"north": { "texture": "#skin", "uv": [ 49.0, 16.5, 50.0, 21.0 ] },
										"east": { "texture": "#skin", "uv": [ 48.5, 16.5, 49.0, 21.0 ] },
										"south": { "texture": "#skin", "uv": [ 47.5, 16.5, 48.5, 21.0 ] },
										"west": { "texture": "#skin", "uv": [ 47.0, 16.5, 47.5, 21.0 ] },
										"up": { "texture": "#skin", "uv": [ 47.5, 16.0, 48.5, 16.5 ] },
										"down": { "texture": "#skin", "uv": [ 47.5, 21.0, 48.5, 21.5 ], "rotation": 180 }
									},
									"children": [
										{
											"name": "LFoot",
											"from": [ -0.08, 0.64, -0.08 ],
											"to": [ 0.72, 1.28, 0.92 ],
											"unwrapMode": 7,
											"unwrapRotation": 1,
											"uv": [ 47.0, 22.0 ],
											"rotationOrigin": [ 0.72, 0.48, 0.4 ],
											"rotationZ": 124.0,
											"faces": {
												"north": { "texture": "#skin", "uv": [ 48.5, 22.5, 49.0, 23.0 ], "rotation": 90 },
												"east": { "texture": "#skin", "uv": [ 47.5, 23.0, 48.5, 23.5 ] },
												"south": { "texture": "#skin", "uv": [ 47.0, 22.5, 47.5, 23.0 ], "rotation": 270 },
												"west": { "texture": "#skin", "uv": [ 47.5, 22.0, 48.5, 22.5 ], "rotation": 180 },
												"up": { "texture": "#skin", "uv": [ 47.5, 22.5, 48.5, 23.0 ], "rotation": 270 },
												"down": { "texture": "#skin", "uv": [ 49.0, 22.5, 50.0, 23.0 ], "rotation": 90 }
											},
											"children": [
												{
													"name": "LToe 1",
													"from": [ -1.92, 0.0, 0.16 ],
													"to": [ 0.08, 0.48, 0.8 ],
													"unwrapMode": 7,
													"unwrapRotation": 1,
													"uv": [ 51.5, 23.5 ],
													"rotationOrigin": [ 0.0, 0.48, 0.48 ],
													"rotationZ": -17.0,
													"faces": {
														"north": { "texture": "#skin", "uv": [ 52.5, 24.0, 53.0, 26.0 ], "rotation": 90 },
														"east": { "texture": "#skin", "uv": [ 52.0, 26.0, 52.5, 26.5 ] },
														"south": { "texture": "#skin", "uv": [ 51.5, 24.0, 52.0, 26.0 ], "rotation": 270 },
														"west": { "texture": "#skin", "uv": [ 52.0, 23.5, 52.5, 24.0 ], "rotation": 180 },
														"up": { "texture": "#skin", "uv": [ 52.0, 24.0, 52.5, 26.0 ], "rotation": 270 },
														"down": { "texture": "#skin", "uv": [ 53.0, 24.0, 53.5, 26.0 ], "rotation": 90 }
													},
													"children": [
														{
															"name": "LClaw 1",
															"from": [ -0.64, 0.0, 0.16 ],
															"to": [ 0.08, 0.4, 0.48 ],
															"unwrapMode": 7,
															"uv": [ 51.5, 27.0 ],
															"rotationOrigin": [ 0.08, 0.4, 0.32 ],
															"rotationZ": 15.0,
															"faces": {
																"north": { "texture": "#skin", "uv": [ 52.5, 27.5, 53.0, 28.0 ] },
																"east": { "texture": "#skin", "uv": [ 52.0, 28.0, 52.5, 28.5 ], "rotation": 270 },
																"south": { "texture": "#skin", "uv": [ 51.5, 27.5, 52.0, 28.0 ], "rotation": 180 },
																"west": { "texture": "#skin", "uv": [ 52.0, 27.0, 52.5, 27.5 ], "rotation": 90 },
																"up": { "texture": "#skin", "uv": [ 52.0, 27.5, 52.5, 28.0 ], "rotation": 180 },
																"down": { "texture": "#skin", "uv": [ 53.0, 27.5, 53.5, 28.0 ] }
															}
														}
													]
												},
												{
													"name": "LToe 2",
													"from": [ -0.64, 0.0, -0.16 ],
													"to": [ 0.4, 0.48, 0.32 ],
													"unwrapMode": 7,
													"unwrapRotation": 1,
													"uv": [ 51.5, 14.5 ],
													"rotationOrigin": [ 0.32, 0.48, 0.08 ],
													"rotationY": -9.0,
													"rotationZ": 1.0,
													"faces": {
														"north": { "texture": "#skin", "uv": [ 52.5, 15.0, 53.0, 16.0 ], "rotation": 90 },
														"east": { "texture": "#skin", "uv": [ 52.0, 16.0, 52.5, 16.5 ] },
														"south": { "texture": "#skin", "uv": [ 51.5, 15.0, 52.0, 16.0 ], "rotation": 270 },
														"west": { "texture": "#skin", "uv": [ 52.0, 14.5, 52.5, 15.0 ], "rotation": 180 },
														"up": { "texture": "#skin", "uv": [ 52.0, 15.0, 52.5, 16.0 ], "rotation": 270 },
														"down": { "texture": "#skin", "uv": [ 53.0, 15.0, 53.5, 16.0 ], "rotation": 90 }
													},
													"children": [
														{
															"name": "LClaw 2",
															"from": [ -0.64, 0.0, 0.08 ],
															"to": [ 0.08, 0.4, 0.4 ],
															"unwrapMode": 7,
															"uv": [ 51.5, 17.0 ],
															"rotationOrigin": [ 0.08, 0.4, 0.24 ],
															"rotationZ": 15.0,
															"faces": {
																"north": { "texture": "#skin", "uv": [ 52.5, 17.5, 53.0, 18.0 ] },
																"east": { "texture": "#skin", "uv": [ 52.0, 18.0, 52.5, 18.5 ], "rotation": 270 },
																"south": { "texture": "#skin", "uv": [ 51.5, 17.5, 52.0, 18.0 ], "rotation": 180 },
																"west": { "texture": "#skin", "uv": [ 52.0, 17.0, 52.5, 17.5 ], "rotation": 90 },
																"up": { "texture": "#skin", "uv": [ 52.0, 17.5, 52.5, 18.0 ], "rotation": 180 },
																"down": { "texture": "#skin", "uv": [ 53.0, 17.5, 53.5, 18.0 ] }
															}
														}
													]
												},
												{
													"name": "LToe 3",
													"from": [ -0.8, 0.0, 0.64 ],
													"to": [ 0.4, 0.48, 1.12 ],
													"unwrapMode": 7,
													"unwrapRotation": 1,
													"uv": [ 51.5, 19.0 ],
													"rotationOrigin": [ 0.32, 0.48, 0.88 ],
													"rotationY": 9.0,
													"rotationZ": 1.0,
													"faces": {
														"north": { "texture": "#skin", "uv": [ 52.5, 19.5, 53.0, 20.5 ], "rotation": 90 },
														"east": { "texture": "#skin", "uv": [ 52.0, 20.5, 52.5, 21.0 ] },
														"south": { "texture": "#skin", "uv": [ 51.5, 19.5, 52.0, 20.5 ], "rotation": 270 },
														"west": { "texture": "#skin", "uv": [ 52.0, 19.0, 52.5, 19.5 ], "rotation": 180 },
														"up": { "texture": "#skin", "uv": [ 52.0, 19.5, 52.5, 20.5 ], "rotation": 270 },
														"down": { "texture": "#skin", "uv": [ 53.0, 19.5, 53.5, 20.5 ], "rotation": 90 }
													},
													"children": [
														{
															"name": "LClaw 3",
															"from": [ -0.64, 0.0, 0.08 ],
															"to": [ 0.08, 0.4, 0.4 ],
															"unwrapMode": 7,
															"uv": [ 51.5, 21.5 ],
															"rotationOrigin": [ 0.08, 0.4, 0.24 ],
															"rotationZ": 15.0,
															"faces": {
																"north": { "texture": "#skin", "uv": [ 52.5, 22.0, 53.0, 22.5 ] },
																"east": { "texture": "#skin", "uv": [ 52.0, 22.5, 52.5, 23.0 ], "rotation": 270 },
																"south": { "texture": "#skin", "uv": [ 51.5, 22.0, 52.0, 22.5 ], "rotation": 180 },
																"west": { "texture": "#skin", "uv": [ 52.0, 21.5, 52.5, 22.0 ], "rotation": 90 },
																"up": { "texture": "#skin", "uv": [ 52.0, 22.0, 52.5, 22.5 ], "rotation": 180 },
																"down": { "texture": "#skin", "uv": [ 53.0, 22.0, 53.5, 22.5 ] }
															}
														}
													]
												}
											]
										}
									]
								}
							]
						}
					]
				},
				{
					"name": "RThigh",
					"from": [ 0.0, -3.2, -2.58 ],
					"to": [ 2.4, 0.0, -0.98 ],
					"unwrapMode": 1,
					"uv": [ 38.0, 1.0 ],
					"rotationOrigin": [ 0.0, 0.0, -0.96 ],
					"rotationZ": -85.0,
					"faces": {
						"north": { "texture": "#skin", "uv": [ 39.5, 2.5, 41.5, 5.5 ] },
						"east": { "texture": "#skin", "uv": [ 38.0, 2.5, 39.5, 5.5 ] },
						"south": { "texture": "#skin", "uv": [ 43.0, 2.5, 45.0, 5.5 ] },
						"west": { "texture": "#skin", "uv": [ 41.5, 2.5, 43.0, 5.5 ] },
						"up": { "texture": "#skin", "uv": [ 39.5, 1.0, 41.5, 2.5 ], "rotation": 180 },
						"down": { "texture": "#skin", "uv": [ 39.5, 5.5, 41.5, 7.0 ] }
					},
					"children": [
						{
							"name": "RLeg",
							"from": [ 0.0, -6.4, 0.16 ],
							"to": [ 1.6, 0.0, 1.46 ],
							"unwrapMode": 1,
							"uv": [ 38.5, 7.5 ],
							"rotationOrigin": [ 0.0, 0.0, 0.8 ],
							"rotationZ": 105.0,
							"faces": {
								"north": { "texture": "#skin", "uv": [ 39.5, 8.5, 41.0, 14.5 ] },
								"east": { "texture": "#skin", "uv": [ 38.5, 8.5, 39.5, 14.5 ] },
								"south": { "texture": "#skin", "uv": [ 42.0, 8.5, 43.5, 14.5 ] },
								"west": { "texture": "#skin", "uv": [ 41.0, 8.5, 42.0, 14.5 ] },
								"up": { "texture": "#skin", "uv": [ 39.5, 7.5, 41.0, 8.5 ], "rotation": 180 },
								"down": { "texture": "#skin", "uv": [ 39.5, 14.5, 41.0, 15.5 ] }
							},
							"children": [
								{
									"name": "RLowerleg",
									"from": [ 1.2, -4.56, 0.24 ],
									"to": [ 2.2, 0.24, 1.04 ],
									"unwrapMode": 1,
									"uv": [ 39.0, 16.0 ],
									"rotationOrigin": [ 1.2, 0.24, 0.64 ],
									"rotationZ": -115.0,
									"faces": {
										"north": { "texture": "#skin", "uv": [ 39.5, 16.5, 40.5, 21.0 ] },
										"east": { "texture": "#skin", "uv": [ 39.0, 16.5, 39.5, 21.0 ] },
										"south": { "texture": "#skin", "uv": [ 41.0, 16.5, 42.0, 21.0 ] },
										"west": { "texture": "#skin", "uv": [ 40.5, 16.5, 41.0, 21.0 ] },
										"up": { "texture": "#skin", "uv": [ 39.5, 16.0, 40.5, 16.5 ], "rotation": 180 },
										"down": { "texture": "#skin", "uv": [ 39.5, 21.0, 40.5, 21.5 ] }
									},
									"children": [
										{
											"name": "RFoot",
											"from": [ -0.08, 0.64, -0.08 ],
											"to": [ 0.72, 1.28, 0.92 ],
											"unwrapMode": 7,
											"unwrapRotation": 1,
											"uv": [ 39.0, 22.0 ],
											"rotationOrigin": [ 0.72, 0.48, 0.4 ],
											"rotationZ": 124.0,
											"faces": {
												"north": { "texture": "#skin", "uv": [ 40.5, 22.5, 41.0, 23.0 ], "rotation": 90 },
												"east": { "texture": "#skin", "uv": [ 39.5, 23.0, 40.5, 23.5 ] },
												"south": { "texture": "#skin", "uv": [ 39.0, 22.5, 39.5, 23.0 ], "rotation": 270 },
												"west": { "texture": "#skin", "uv": [ 39.5, 22.0, 40.5, 22.5 ], "rotation": 180 },
												"up": { "texture": "#skin", "uv": [ 39.5, 22.5, 40.5, 23.0 ], "rotation": 270 },
												"down": { "texture": "#skin", "uv": [ 41.0, 22.5, 42.0, 23.0 ], "rotation": 90 }
											},
											"children": [
												{
													"name": "RToe 1",
													"from": [ -1.92, 0.0, 0.16 ],
													"to": [ 0.08, 0.48, 0.8 ],
													"unwrapMode": 7,
													"unwrapRotation": 1,
													"uv": [ 43.5, 23.5 ],
													"rotationOrigin": [ 0.0, 0.48, 0.48 ],
													"rotationZ": -17.0,
													"faces": {
														"north": { "texture": "#skin", "uv": [ 44.5, 24.0, 45.0, 26.0 ], "rotation": 90 },
														"east": { "texture": "#skin", "uv": [ 44.0, 26.0, 44.5, 26.5 ] },
														"south": { "texture": "#skin", "uv": [ 43.5, 24.0, 44.0, 26.0 ], "rotation": 270 },
														"west": { "texture": "#skin", "uv": [ 44.0, 23.5, 44.5, 24.0 ], "rotation": 180 },
														"up": { "texture": "#skin", "uv": [ 44.0, 24.0, 44.5, 26.0 ], "rotation": 270 },
														"down": { "texture": "#skin", "uv": [ 45.0, 24.0, 45.5, 26.0 ], "rotation": 90 }
													},
													"children": [
														{
															"name": "RClaw 1",
															"from": [ -0.64, 0.0, 0.16 ],
															"to": [ 0.08, 0.4, 0.48 ],
															"unwrapMode": 7,
															"uv": [ 43.5, 27.0 ],
															"rotationOrigin": [ 0.08, 0.4, 0.32 ],
															"rotationZ": 15.0,
															"faces": {
																"north": { "texture": "#skin", "uv": [ 44.5, 27.5, 45.0, 28.0 ] },
																"east": { "texture": "#skin", "uv": [ 44.0, 28.0, 44.5, 28.5 ], "rotation": 270 },
																"south": { "texture": "#skin", "uv": [ 43.5, 27.5, 44.0, 28.0 ], "rotation": 180 },
																"west": { "texture": "#skin", "uv": [ 44.0, 27.0, 44.5, 27.5 ], "rotation": 90 },
																"up": { "texture": "#skin", "uv": [ 44.0, 27.5, 44.5, 28.0 ], "rotation": 180 },
																"down": { "texture": "#skin", "uv": [ 45.0, 27.5, 45.5, 28.0 ] }
															}
														}
													]
												},
												{
													"name": "RToe 2",
													"from": [ -0.64, 0.0, 0.64 ],
													"to": [ 0.4, 0.48, 1.12 ],
													"unwrapMode": 7,
													"unwrapRotation": 1,
													"uv": [ 43.5, 14.5 ],
													"rotationOrigin": [ 0.32, 0.48, 0.88 ],
													"rotationY": 9.0,
													"rotationZ": 1.0,
													"faces": {
														"north": { "texture": "#skin", "uv": [ 44.5, 15.0, 45.0, 16.0 ], "rotation": 90 },
														"east": { "texture": "#skin", "uv": [ 44.0, 16.0, 44.5, 16.5 ] },
														"south": { "texture": "#skin", "uv": [ 43.5, 15.0, 44.0, 16.0 ], "rotation": 270 },
														"west": { "texture": "#skin", "uv": [ 44.0, 14.5, 44.5, 15.0 ], "rotation": 180 },
														"up": { "texture": "#skin", "uv": [ 44.0, 15.0, 44.5, 16.0 ], "rotation": 270 },
														"down": { "texture": "#skin", "uv": [ 45.0, 15.0, 45.5, 16.0 ], "rotation": 90 }
													},
													"children": [
														{
															"name": "RClaw 2",
															"from": [ -0.64, 0.0, 0.08 ],
															"to": [ 0.08, 0.4, 0.4 ],
															"unwrapMode": 7,
															"uv": [ 43.5, 17.0 ],
															"rotationOrigin": [ 0.08, 0.4, 0.24 ],
															"rotationZ": 15.0,
															"faces": {
																"north": { "texture": "#skin", "uv": [ 44.5, 17.5, 45.0, 18.0 ] },
																"east": { "texture": "#skin", "uv": [ 44.0, 18.0, 44.5, 18.5 ], "rotation": 270 },
																"south": { "texture": "#skin", "uv": [ 43.5, 17.5, 44.0, 18.0 ], "rotation": 180 },
																"west": { "texture": "#skin", "uv": [ 44.0, 17.0, 44.5, 17.5 ], "rotation": 90 },
																"up": { "texture": "#skin", "uv": [ 44.0, 17.5, 44.5, 18.0 ], "rotation": 180 },
																"down": { "texture": "#skin", "uv": [ 45.0, 17.5, 45.5, 18.0 ] }
															}
														}
													]
												},
												{
													"name": "RToe 3",
													"from": [ -0.8, 0.0, -0.16 ],
													"to": [ 0.4, 0.48, 0.32 ],
													"unwrapMode": 7,
													"unwrapRotation": 1,
													"uv": [ 43.5, 19.0 ],
													"rotationOrigin": [ 0.32, 0.48, 0.08 ],
													"rotationY": -9.0,
													"rotationZ": 1.0,
													"faces": {
														"north": { "texture": "#skin", "uv": [ 44.5, 19.5, 45.0, 20.5 ], "rotation": 90 },
														"east": { "texture": "#skin", "uv": [ 44.0, 20.5, 44.5, 21.0 ] },
														"south": { "texture": "#skin", "uv": [ 43.5, 19.5, 44.0, 20.5 ], "rotation": 270 },
														"west": { "texture": "#skin", "uv": [ 44.0, 19.0, 44.5, 19.5 ], "rotation": 180 },
														"up": { "texture": "#skin", "uv": [ 44.0, 19.5, 44.5, 20.5 ], "rotation": 270 },
														"down": { "texture": "#skin", "uv": [ 45.0, 19.5, 45.5, 20.5 ], "rotation": 90 }
													},
													"children": [
														{
															"name": "RClaw 3",
															"from": [ -0.64, 0.0, 0.08 ],
															"to": [ 0.08, 0.4, 0.4 ],
															"unwrapMode": 7,
															"uv": [ 43.5, 21.5 ],
															"rotationOrigin": [ 0.08, 0.4, 0.24 ],
															"rotationZ": 15.0,
															"faces": {
																"north": { "texture": "#skin", "uv": [ 44.5, 22.0, 45.0, 22.5 ] },
																"east": { "texture": "#skin", "uv": [ 44.0, 22.5, 44.5, 23.0 ], "rotation": 270 },
																"south": { "texture": "#skin", "uv": [ 43.5, 22.0, 44.0, 22.5 ], "rotation": 180 },
																"west": { "texture": "#skin", "uv": [ 44.0, 21.5, 44.5, 22.0 ], "rotation": 90 },
																"up": { "texture": "#skin", "uv": [ 44.0, 22.0, 44.5, 22.5 ], "rotation": 180 },
																"down": { "texture": "#skin", "uv": [ 45.0, 22.0, 45.5, 22.5 ] }
															}
														}
													]
												}
											]
										}
									]
								}
							]
						}
					]
				}
			],
			"attachmentpoints": [
				{
					"code": "Center",
					"posX": "0.0","posY": "0.0","posZ": "0.0",
					"rotationX": "0.0","rotationY": "0.0","rotationZ": "0.0"
				}
			]
		}
	]}