[
{"name": "cereopsisnovaehollandiae Taxidermy (Female)", "ingredientPattern": "_BC,DEF,GHI","ingredients": {"B": { "type": "item", "code": "game:hammer-*", "isTool": true },"C": { "type": "item", "code": "game:knife-*", "isTool": true },"D": { "type": "item", "code": "casuariidae:pelt-female-cereopsisnovaehollandiae" },"E": { "type": "item", "code": "game:metalnailsandstrips-*", "quantity": 1 },"F": { "type": "item", "code": "game:clay-*", "quantity": 4 },"G": { "type": "block", "code": "game:debarkedlog-*", "quantity": 2 },"H": { "type": "block", "code": "game:glass-*" },"I": { "type": "item", "code": "game:powder-borax", "quantity": 1 }},"width": 3,"height": 3,"output": { "type": "item", "code": "casuariidae:taxidermy-female-cereopsisnovaehollandiae", "quantity": 1  }},
{"name": "cereopsisnovaehollandiae Taxidermy (Male)", "ingredientPattern": "_BC,DEF,GHI","ingredients": {"B": { "type": "item", "code": "game:hammer-*", "isTool": true },"C": { "type": "item", "code": "game:knife-*", "isTool": true },"D": { "type": "item", "code": "casuariidae:pelt-male-cereopsisnovaehollandiae" },"E": { "type": "item", "code": "game:metalnailsandstrips-*", "quantity": 1 },"F": { "type": "item", "code": "game:clay-*", "quantity": 4 },"G": { "type": "block", "code": "game:debarkedlog-*", "quantity": 2 },"H": { "type": "block", "code": "game:glass-*" },"I": { "type": "item", "code": "game:powder-borax", "quantity": 1 }},"width": 3,"height": 3,"output": { "type": "item", "code": "casuariidae:taxidermy-male-cereopsisnovaehollandiae", "quantity": 1  }},

{"name": "Bennetti Taxidermy (Chick)", "ingredientPattern": "_BC,DEF,GHI","ingredients": {"B": { "type": "item", "code": "game:hammer-*", "isTool": true },"C": { "type": "item", "code": "game:knife-*", "isTool": true },"D": { "type": "item", "code": "casuariidae:pelt-baby-bennetti" },"E": { "type": "item", "code": "game:metalnailsandstrips-*", "quantity": 1 },"F": { "type": "item", "code": "game:clay-*", "quantity": 4 },"G": { "type": "block", "code": "game:debarkedlog-*", "quantity": 1 },"H": { "type": "block", "code": "game:glass-*" },"I": { "type": "item", "code": "game:powder-borax", "quantity": 1 }},"width": 3,"height": 3,"output": { "type": "item", "code": "casuariidae:taxidermy-baby-bennetti", "quantity": 1  }},
{"name": "Bennetti Taxidermy (Female)", "ingredientPattern": "_BC,DEF,GHI","ingredients": {"B": { "type": "item", "code": "game:hammer-*", "isTool": true },"C": { "type": "item", "code": "game:knife-*", "isTool": true },"D": { "type": "item", "code": "casuariidae:pelt-female-bennetti" },"E": { "type": "item", "code": "game:metalnailsandstrips-*", "quantity": 1 },"F": { "type": "item", "code": "game:clay-*", "quantity": 4 },"G": { "type": "block", "code": "game:debarkedlog-*", "quantity": 2 },"H": { "type": "block", "code": "game:glass-*" },"I": { "type": "item", "code": "game:powder-borax", "quantity": 1 }},"width": 3,"height": 3,"output": { "type": "item", "code": "casuariidae:taxidermy-female-bennetti", "quantity": 1  }},
{"name": "Bennetti Taxidermy (Male)", "ingredientPattern": "_BC,DEF,GHI","ingredients": {"B": { "type": "item", "code": "game:hammer-*", "isTool": true },"C": { "type": "item", "code": "game:knife-*", "isTool": true },"D": { "type": "item", "code": "casuariidae:pelt-male-bennetti" },"E": { "type": "item", "code": "game:metalnailsandstrips-*", "quantity": 1 },"F": { "type": "item", "code": "game:clay-*", "quantity": 4 },"G": { "type": "block", "code": "game:debarkedlog-*", "quantity": 2 },"H": { "type": "block", "code": "game:glass-*" },"I": { "type": "item", "code": "game:powder-borax", "quantity": 1 }},"width": 3,"height": 3,"output": { "type": "item", "code": "casuariidae:taxidermy-male-bennetti", "quantity": 1  }},

{"name": "Casuarius Taxidermy (Chick)", "ingredientPattern": "_BC,DEF,GHI","ingredients": {"B": { "type": "item", "code": "game:hammer-*", "isTool": true },"C": { "type": "item", "code": "game:knife-*", "isTool": true },"D": { "type": "item", "code": "casuariidae:pelt-baby-casuarius" },"E": { "type": "item", "code": "game:metalnailsandstrips-*", "quantity": 1 },"F": { "type": "item", "code": "game:clay-*", "quantity": 4 },"G": { "type": "block", "code": "game:debarkedlog-*", "quantity": 1 },"H": { "type": "block", "code": "game:glass-*" },"I": { "type": "item", "code": "game:powder-borax", "quantity": 1 }},"width": 3,"height": 3,"output": { "type": "item", "code": "casuariidae:taxidermy-baby-casuarius", "quantity": 1  }},
{"name": "Casuarius Taxidermy (Female)", "ingredientPattern": "_BC,DEF,GHI","ingredients": {"B": { "type": "item", "code": "game:hammer-*", "isTool": true },"C": { "type": "item", "code": "game:knife-*", "isTool": true },"D": { "type": "item", "code": "casuariidae:pelt-female-casuarius" },"E": { "type": "item", "code": "game:metalnailsandstrips-*", "quantity": 1 },"F": { "type": "item", "code": "game:clay-*", "quantity": 4 },"G": { "type": "block", "code": "game:debarkedlog-*", "quantity": 2 },"H": { "type": "block", "code": "game:glass-*" },"I": { "type": "item", "code": "game:powder-borax", "quantity": 1 }},"width": 3,"height": 3,"output": { "type": "item", "code": "casuariidae:taxidermy-female-casuarius", "quantity": 1  }},
{"name": "Casuarius Taxidermy (Male)", "ingredientPattern": "_BC,DEF,GHI","ingredients": {"B": { "type": "item", "code": "game:hammer-*", "isTool": true },"C": { "type": "item", "code": "game:knife-*", "isTool": true },"D": { "type": "item", "code": "casuariidae:pelt-male-casuarius" },"E": { "type": "item", "code": "game:metalnailsandstrips-*", "quantity": 1 },"F": { "type": "item", "code": "game:clay-*", "quantity": 4 },"G": { "type": "block", "code": "game:debarkedlog-*", "quantity": 2 },"H": { "type": "block", "code": "game:glass-*" },"I": { "type": "item", "code": "game:powder-borax", "quantity": 1 }},"width": 3,"height": 3,"output": { "type": "item", "code": "casuariidae:taxidermy-male-casuarius", "quantity": 1  }},

{"name": "Novaehollandiae Taxidermy (Chick)", "ingredientPattern": "_BC,DEF,GHI","ingredients": {"B": { "type": "item", "code": "game:hammer-*", "isTool": true },"C": { "type": "item", "code": "game:knife-*", "isTool": true },"D": { "type": "item", "code": "casuariidae:pelt-baby-novaehollandiae" },"E": { "type": "item", "code": "game:metalnailsandstrips-*", "quantity": 1 },"F": { "type": "item", "code": "game:clay-*", "quantity": 4 },"G": { "type": "block", "code": "game:debarkedlog-*", "quantity": 1 },"H": { "type": "block", "code": "game:glass-*" },"I": { "type": "item", "code": "game:powder-borax", "quantity": 1 }},"width": 3,"height": 3,"output": { "type": "item", "code": "casuariidae:taxidermy-baby-novaehollandiae", "quantity": 1  }},
{"name": "Novaehollandiae Taxidermy (Female)", "ingredientPattern": "_BC,DEF,GHI","ingredients": {"B": { "type": "item", "code": "game:hammer-*", "isTool": true },"C": { "type": "item", "code": "game:knife-*", "isTool": true },"D": { "type": "item", "code": "casuariidae:pelt-female-novaehollandiae" },"E": { "type": "item", "code": "game:metalnailsandstrips-*", "quantity": 1 },"F": { "type": "item", "code": "game:clay-*", "quantity": 4 },"G": { "type": "block", "code": "game:debarkedlog-*", "quantity": 2 },"H": { "type": "block", "code": "game:glass-*" },"I": { "type": "item", "code": "game:powder-borax", "quantity": 1 }},"width": 3,"height": 3,"output": { "type": "item", "code": "casuariidae:taxidermy-female-novaehollandiae", "quantity": 1  }},
{"name": "Novaehollandiae Taxidermy (Male)", "ingredientPattern": "_BC,DEF,GHI","ingredients": {"B": { "type": "item", "code": "game:hammer-*", "isTool": true },"C": { "type": "item", "code": "game:knife-*", "isTool": true },"D": { "type": "item", "code": "casuariidae:pelt-male-novaehollandiae" },"E": { "type": "item", "code": "game:metalnailsandstrips-*", "quantity": 1 },"F": { "type": "item", "code": "game:clay-*", "quantity": 4 },"G": { "type": "block", "code": "game:debarkedlog-*", "quantity": 2 },"H": { "type": "block", "code": "game:glass-*" },"I": { "type": "item", "code": "game:powder-borax", "quantity": 1 }},"width": 3,"height": 3,"output": { "type": "item", "code": "casuariidae:taxidermy-male-novaehollandiae", "quantity": 1  }},

{"name": "novaehollandiaediemenensis Taxidermy (Chick)", "ingredientPattern": "_BC,DEF,GHI","ingredients": {"B": { "type": "item", "code": "game:hammer-*", "isTool": true },"C": { "type": "item", "code": "game:knife-*", "isTool": true },"D": { "type": "item", "code": "casuariidae:pelt-baby-novaehollandiaediemenensis" },"E": { "type": "item", "code": "game:metalnailsandstrips-*", "quantity": 1 },"F": { "type": "item", "code": "game:clay-*", "quantity": 4 },"G": { "type": "block", "code": "game:debarkedlog-*", "quantity": 1 },"H": { "type": "block", "code": "game:glass-*" },"I": { "type": "item", "code": "game:powder-borax", "quantity": 1 }},"width": 3,"height": 3,"output": { "type": "item", "code": "casuariidae:taxidermy-baby-novaehollandiaediemenensis", "quantity": 1  }},
{"name": "novaehollandiaediemenensis Taxidermy (Female)", "ingredientPattern": "_BC,DEF,GHI","ingredients": {"B": { "type": "item", "code": "game:hammer-*", "isTool": true },"C": { "type": "item", "code": "game:knife-*", "isTool": true },"D": { "type": "item", "code": "casuariidae:pelt-female-novaehollandiaediemenensis" },"E": { "type": "item", "code": "game:metalnailsandstrips-*", "quantity": 1 },"F": { "type": "item", "code": "game:clay-*", "quantity": 4 },"G": { "type": "block", "code": "game:debarkedlog-*", "quantity": 2 },"H": { "type": "block", "code": "game:glass-*" },"I": { "type": "item", "code": "game:powder-borax", "quantity": 1 }},"width": 3,"height": 3,"output": { "type": "item", "code": "casuariidae:taxidermy-female-novaehollandiaediemenensis", "quantity": 1  }},
{"name": "novaehollandiaediemenensis Taxidermy (Male)", "ingredientPattern": "_BC,DEF,GHI","ingredients": {"B": { "type": "item", "code": "game:hammer-*", "isTool": true },"C": { "type": "item", "code": "game:knife-*", "isTool": true },"D": { "type": "item", "code": "casuariidae:pelt-male-novaehollandiaediemenensis" },"E": { "type": "item", "code": "game:metalnailsandstrips-*", "quantity": 1 },"F": { "type": "item", "code": "game:clay-*", "quantity": 4 },"G": { "type": "block", "code": "game:debarkedlog-*", "quantity": 2 },"H": { "type": "block", "code": "game:glass-*" },"I": { "type": "item", "code": "game:powder-borax", "quantity": 1 }},"width": 3,"height": 3,"output": { "type": "item", "code": "casuariidae:taxidermy-male-novaehollandiaediemenensis", "quantity": 1  }},

{"name": "Unappendiculatus Taxidermy (Chick)", "ingredientPattern": "_BC,DEF,GHI","ingredients": {"B": { "type": "item", "code": "game:hammer-*", "isTool": true },"C": { "type": "item", "code": "game:knife-*", "isTool": true },"D": { "type": "item", "code": "casuariidae:pelt-baby-unappendiculatus" },"E": { "type": "item", "code": "game:metalnailsandstrips-*", "quantity": 1 },"F": { "type": "item", "code": "game:clay-*", "quantity": 4 },"G": { "type": "block", "code": "game:debarkedlog-*", "quantity": 1 },"H": { "type": "block", "code": "game:glass-*" },"I": { "type": "item", "code": "game:powder-borax", "quantity": 1 }},"width": 3,"height": 3,"output": { "type": "item", "code": "casuariidae:taxidermy-baby-unappendiculatus", "quantity": 1  }},
{"name": "Unappendiculatus Taxidermy (Female)", "ingredientPattern": "_BC,DEF,GHI","ingredients": {"B": { "type": "item", "code": "game:hammer-*", "isTool": true },"C": { "type": "item", "code": "game:knife-*", "isTool": true },"D": { "type": "item", "code": "casuariidae:pelt-female-unappendiculatus" },"E": { "type": "item", "code": "game:metalnailsandstrips-*", "quantity": 1 },"F": { "type": "item", "code": "game:clay-*", "quantity": 4 },"G": { "type": "block", "code": "game:debarkedlog-*", "quantity": 2 },"H": { "type": "block", "code": "game:glass-*" },"I": { "type": "item", "code": "game:powder-borax", "quantity": 1 }},"width": 3,"height": 3,"output": { "type": "item", "code": "casuariidae:taxidermy-female-unappendiculatus", "quantity": 1  }},
{"name": "Unappendiculatus Taxidermy (Male)", "ingredientPattern": "_BC,DEF,GHI","ingredients": {"B": { "type": "item", "code": "game:hammer-*", "isTool": true },"C": { "type": "item", "code": "game:knife-*", "isTool": true },"D": { "type": "item", "code": "casuariidae:pelt-male-unappendiculatus" },"E": { "type": "item", "code": "game:metalnailsandstrips-*", "quantity": 1 },"F": { "type": "item", "code": "game:clay-*", "quantity": 4 },"G": { "type": "block", "code": "game:debarkedlog-*", "quantity": 2 },"H": { "type": "block", "code": "game:glass-*" },"I": { "type": "item", "code": "game:powder-borax", "quantity": 1 }},"width": 3,"height": 3,"output": { "type": "item", "code": "casuariidae:taxidermy-male-unappendiculatus", "quantity": 1  }},

{"name": "genyornisnewtoni Taxidermy (Chick)", "ingredientPattern": "_BC,DEF,GHI","ingredients": {"B": { "type": "item", "code": "game:hammer-*", "isTool": true },"C": { "type": "item", "code": "game:knife-*", "isTool": true },"D": { "type": "item", "code": "casuariidae:pelt-baby-genyornisnewtoni" },"E": { "type": "item", "code": "game:metalnailsandstrips-*", "quantity": 1 },"F": { "type": "item", "code": "game:clay-*", "quantity": 4 },"G": { "type": "block", "code": "game:debarkedlog-*", "quantity": 1 },"H": { "type": "block", "code": "game:glass-*" },"I": { "type": "item", "code": "game:powder-borax", "quantity": 1 }},"width": 3,"height": 3,"output": { "type": "item", "code": "casuariidae:taxidermy-baby-genyornisnewtoni", "quantity": 1  }},
{"name": "genyornisnewtoni Taxidermy (Female)", "ingredientPattern": "_BC,DEF,GHI","ingredients": {"B": { "type": "item", "code": "game:hammer-*", "isTool": true },"C": { "type": "item", "code": "game:knife-*", "isTool": true },"D": { "type": "item", "code": "casuariidae:pelt-female-genyornisnewtoni" },"E": { "type": "item", "code": "game:metalnailsandstrips-*", "quantity": 1 },"F": { "type": "item", "code": "game:clay-*", "quantity": 4 },"G": { "type": "block", "code": "game:debarkedlog-*", "quantity": 2 },"H": { "type": "block", "code": "game:glass-*" },"I": { "type": "item", "code": "game:powder-borax", "quantity": 1 }},"width": 3,"height": 3,"output": { "type": "item", "code": "casuariidae:taxidermy-female-genyornisnewtoni", "quantity": 1  }},
{"name": "genyornisnewtoni Taxidermy (Male)", "ingredientPattern": "_BC,DEF,GHI","ingredients": {"B": { "type": "item", "code": "game:hammer-*", "isTool": true },"C": { "type": "item", "code": "game:knife-*", "isTool": true },"D": { "type": "item", "code": "casuariidae:pelt-male-genyornisnewtoni" },"E": { "type": "item", "code": "game:metalnailsandstrips-*", "quantity": 1 },"F": { "type": "item", "code": "game:clay-*", "quantity": 4 },"G": { "type": "block", "code": "game:debarkedlog-*", "quantity": 2 },"H": { "type": "block", "code": "game:glass-*" },"I": { "type": "item", "code": "game:powder-borax", "quantity": 1 }},"width": 3,"height": 3,"output": { "type": "item", "code": "casuariidae:taxidermy-male-genyornisnewtoni", "quantity": 1  }},

{"name": "tribonyxmortierii Taxidermy (Female)", "ingredientPattern": "_BC,DEF,GHI","ingredients": {"B": { "type": "item", "code": "game:hammer-*", "isTool": true },"C": { "type": "item", "code": "game:knife-*", "isTool": true },"D": { "type": "item", "code": "casuariidae:pelt-female-tribonyxmortierii" },"E": { "type": "item", "code": "game:metalnailsandstrips-*", "quantity": 1 },"F": { "type": "item", "code": "game:clay-*", "quantity": 4 },"G": { "type": "block", "code": "game:debarkedlog-*", "quantity": 2 },"H": { "type": "block", "code": "game:glass-*" },"I": { "type": "item", "code": "game:powder-borax", "quantity": 1 }},"width": 3,"height": 3,"output": { "type": "item", "code": "casuariidae:taxidermy-female-tribonyxmortierii", "quantity": 1  }},
{"name": "tribonyxmortierii Taxidermy (Male)", "ingredientPattern": "_BC,DEF,GHI","ingredients": {"B": { "type": "item", "code": "game:hammer-*", "isTool": true },"C": { "type": "item", "code": "game:knife-*", "isTool": true },"D": { "type": "item", "code": "casuariidae:pelt-male-tribonyxmortierii" },"E": { "type": "item", "code": "game:metalnailsandstrips-*", "quantity": 1 },"F": { "type": "item", "code": "game:clay-*", "quantity": 4 },"G": { "type": "block", "code": "game:debarkedlog-*", "quantity": 2 },"H": { "type": "block", "code": "game:glass-*" },"I": { "type": "item", "code": "game:powder-borax", "quantity": 1 }},"width": 3,"height": 3,"output": { "type": "item", "code": "casuariidae:taxidermy-male-tribonyxmortierii", "quantity": 1  }}
]