[
	{
		"file": "game:config/characterclasses.json",
		"path": "/5",
		"op": "addmerge",
		"value": {
			"code": "miner",
			"traits": [ "experienced", "tempered", "frugal", "nearsighted", "erratic", "heavyhanded" ],
			"gear": [
				{
					"type": "item",
					"code": "clothes-face-miner"
				},
				{
					"type": "item",
					"code": "clothes-upperbodyover-miner"
				},
				{
					"type": "item",
					"code": "clothes-upperbody-miner"
				},
				{
					"type": "item",
					"code": "clothes-lowerbody-miner"
				},
				{
					"type": "item",
					"code": "clothes-hand-miner"
				},
				{
					"type": "item",
					"code": "clothes-foot-miner"
				},
				{
					"type": "item",
					"code": "clothes-shoulder-miner"
				}
			]
		}

	},
	{
		"file": "game:config/characterclasses.json",
		"path": "/5",
		"op": "addmerge",
		"value": {
			"code": "nomad",
			"traits": [ "fleetfooted2", "furtive2", "forager2", "provisioner", "rushed", "farsighted2", "haggard", "frail"],
			"gear": [
				{
					"type": "item",
					"code": "clothes-upperbodyover-nomad-mantle"
				},
				{
					"type": "item",
					"code": "clothes-lowerbody-nomad-trousers"
				},
				{
					"type": "item",
					"code": "clothes-foot-nomad-boots"
				},
				{
					"type": "item",
					"code": "clothes-shoulder-woolen-scarf"
				}
			]
		}

	},
	{
		"file": "game:config/characterclasses.json",
		"path": "/5",
		"op": "addmerge",
		"value": {
			"code": "gaolbird",
			"traits": ["knave", "nimble", "scavenger", "cutthroat", "claustrophobic", "gaunt", "meager"],
			"gear": [
				{
					"type": "item",
					"code": "clothes-upperbodyover-forgotten"
				},
				{
					"type": "item",
					"code": "clothes-upperbody-marketeer"
				},
				{
					"type": "item",
					"code": "clothes-lowerbody-reindeer-herder-trousers"
				},
				{
					"type": "item",
					"code": "clothes-foot-survivor"
				},
				{
					"type": "item",
					"code": "clothes-shoulder-marketeer"
				},
				{
					"type": "item",
					"code": "clothes-hand-miner"
				},
				{
					"type": "item",
					"code": "clothes-head-marketeer"
				},
				{
					"type": "item",
					"code": "clothes-face-rottenking"
				}
			]
		}

	}
]