[
    {
        "file": "game:config/traits.json",
        "path": "/5",
        "op": "addmerge",
        "value": {
            "code": "tempered",
            "type": "positive",
            "attributes": {
                "hungerrate": -0.1
            }
        }

    },
    {
        "file": "game:config/traits.json",
        "path": "/5",
        "op": "addmerge",
        "value": {
            "code": "experienced",
            "type": "positive",
            "attributes": {
                "oreDropRate": 0.15,
                "miningSpeedMul": 0.2
            }
        }

    },
    {
        "file": "game:config/traits.json",
        "path": "/5",
        "op": "addmerge",
        "value": {
            "code": "erratic",
            "type": "negative",
            "attributes": {
                "rangedWeaponsAcc": -0.25,
                "bowDrawingStrength": -0.15
            }
        }

    },
    {
        "file": "game:config/traits.json",
        "path": "/5",
        "op": "addmerge",
        "value": {
            "code": "fleetfooted2",
            "type": "positive",
            "attributes": {
                "walkspeed": 0.15
            }
        }

    },
    {
        "file": "game:config/traits.json",
        "path": "/5",
        "op": "addmerge",
        "value": {
            "code": "nimble",
            "type": "positive",
            "attributes": {
                "walkspeed": 0.1
            }
        }

    },
    {
        "file": "game:config/traits.json",
        "path": "/5",
        "op": "addmerge",
        "value": {
            "code": "furtive2",
            "type": "positive",
            "attributes": {
                "animalSeekingRange": -0.15
            }
        }

    },
    {
        "file": "game:config/traits.json",
        "path": "/5",
        "op": "addmerge",
        "value": {
            "code": "farsighted2",
            "type": "negative",
            "attributes": {
                "meleeWeaponsDamage": -0.1
            }
        }

    },
    {
        "file": "game:config/traits.json",
        "path": "/5",
        "op": "addmerge",
        "value": {
            "code": "haggard",
            "type": "negative",
            "attributes": {
                "armorWalkSpeedAffectedness": 0.1
            }
        }

    },
    {
        "file": "game:config/traits.json",
        "path": "/5",
        "op": "addmerge",
        "value": {
            "code": "rushed",
            "type": "negative",
            "attributes": {
                "animalHarvestingTime": -0.25,
                "animalLootDropRate": -0.15
            }
        }

    },
    {
        "file": "game:config/traits.json",
        "path": "/5",
        "op": "addmerge",
        "value": {
            "code": "frugal",
            "type": "positive",
            "attributes": {
            }
        }

    },
    {
        "file": "game:config/traits.json",
        "path": "/5",
        "op": "addmerge",
        "value": {
            "code": "provisioner",
            "type": "positive",
            "attributes": {
            }
        }

    },
    {
        "file": "game:config/traits.json",
        "path": "/5",
        "op": "addmerge",
        "value": {
            "code": "forager2",
            "type": "positive",
            "attributes": {
                "forageDropRate": 0.2
            }
        }

    },
    {
        "file": "game:config/traits.json",
        "path": "/5",
        "op": "addmerge",
        "value": {
            "code": "knave",
            "type": "positive",
            "attributes": {
                "meleeWeaponsDamage": 0.2
            }
        }

    },
    {
        "file": "game:config/traits.json",
        "path": "/5",
        "op": "addmerge",
        "value": {
            "code": "gaunt",
            "type": "negative",
            "attributes": {
                "armorWalkSpeedAffectedness": 0.25
            }
        }

    },
    {
        "file": "game:config/traits.json",
        "path": "/5",
        "op": "addmerge",
        "value": {
            "code": "scavenger",
            "type": "positive",
            "attributes": {
                "rustyGearDropRate": 0.2,
                "animalHarvestingTime": -0.2
            }
        }

    },
    {
        "file": "game:config/traits.json",
        "path": "/5",
        "op": "addmerge",
        "value": {
            "code": "meager",
            "type": "negative",
            "attributes": {
                "wildCropDropRate": -0.15
            }
        }

    },
    {
        "file": "game:config/traits.json",
        "path": "/5",
        "op": "addmerge",
        "value": {
            "code": "cutthroat",
            "type": "positive",
            "attributes": {
            }
        }

    }

]