{
  "editor": {
    "allAngles": false,
    "entityTextureMode": false
  },
  "textureWidth": 16,
  "textureHeight": 16,
  "textureSizes": {},
  "textures": {},
  "elements": [
    {
      "name": "Leaves",
      "from": [8.0, 0.0, -4.0],
      "to": [8.0, 24.0, 20.0],
      "climateColorMap": "",
      "seasonColorMap": "",
      "rotationOrigin": [8.0, 0.0, 8.0],
      "renderPass": 1,
      "faces": {
        "north": { "texture": "#leaves", "uv": [0.0, 0.0, 0.5, 24.0], "enabled": false, "windMode": [-1, -1, -1, -1], "windData": [0, 1, 1, 0] },
        "east": { "texture": "#leaves", "uv": [0.0, 0.0, 16.0, 16.0], "autoUv": false, "windMode": [0, 2, 2, 0], "windData": [0, 1, 1, 0] },
        "south": { "texture": "#leaves", "uv": [0.0, 0.0, 0.5, 24.0], "enabled": false, "windMode": [-1, -1, -1, -1], "windData": [0, 0, 1, 1] },
        "west": { "texture": "#leaves", "uv": [0.0, 0.0, 24.0, 24.0], "enabled": false, "windMode": [-1, -1, -1, -1], "windData": [0, 0, 1, 1] },
        "up": { "texture": "#leaves", "uv": [0.0, 0.0, 0.5, 24.0], "enabled": false, "windMode": [-1, -1, -1, -1], "windData": [1, 1, 1, 1] },
        "down": { "texture": "#leaves", "uv": [0.0, 0.0, 0.5, 24.0], "enabled": false, "windMode": [-1, -1, -1, -1] }
      },
      "children": [
        {
          "name": "Leaves2",
          "from": [0.0, 0.0, 0.0],
          "to": [0.0, 24.0, 24.0],
          "climateColorMap": "",
          "seasonColorMap": "",
          "rotationOrigin": [0.0, 0.0, 12.0],
          "rotationY": 45.0,
          "renderPass": 1,
          "faces": {
            "north": { "texture": "#leaves", "uv": [0.0, 0.0, 0.5, 24.0], "enabled": false },
            "east": { "texture": "#leaves", "uv": [0.0, 0.0, 16.0, 16.0], "autoUv": false, "windMode": [0, 2, 2, 0], "windData": [0, 1, 1, 0] },
            "south": { "texture": "#leaves", "uv": [0.0, 0.0, 0.5, 24.0], "enabled": false },
            "west": { "texture": "#leaves", "uv": [0.0, 0.0, 24.0, 24.0], "enabled": false },
            "up": { "texture": "#leaves", "uv": [0.0, 0.0, 0.5, 24.0], "enabled": false },
            "down": { "texture": "#leaves", "uv": [0.0, 0.0, 0.5, 24.0], "enabled": false }
          }
        },
        {
          "name": "Leaves3",
          "from": [-7.0e-4, 0.0, -0.0024],
          "to": [-7.0e-4, 24.0, 23.9976],
          "climateColorMap": "",
          "seasonColorMap": "",
          "rotationOrigin": [0.0, 0.0, 12.0],
          "rotationY": -67.5,
          "renderPass": 1,
          "faces": {
            "north": { "texture": "#leaves", "uv": [0.0, 0.0, 0.5, 24.0], "enabled": false },
            "east": { "texture": "#leaves", "uv": [0.0, 0.0, 16.0, 16.0], "autoUv": false, "windMode": [0, 2, 2, 0], "windData": [0, 1, 1, 0] },
            "south": { "texture": "#leaves", "uv": [0.0, 0.0, 0.5, 24.0], "enabled": false },
            "west": { "texture": "#leaves", "uv": [0.0, 0.0, 24.0, 24.0], "enabled": false },
            "up": { "texture": "#leaves", "uv": [0.0, 0.0, 0.5, 24.0], "enabled": false },
            "down": { "texture": "#leaves", "uv": [0.0, 0.0, 0.5, 24.0], "enabled": false }
          }
        }
      ]
    }
  ]
}
