[
    {
        "op": "add",
        "path": "/attributes/plantContainable/fplanter2x1ContainerByType",
        "value": {
            "*-lilyofthevalley-*": {
                "randomRotate": false,
                "shape": { "base": "fancyplanters:shapes/block/clay/planter2x1/contents-lilyofthevalley" }
            },
            "*": {
                "randomRotate": false,
                "shape": { "base": "fancyplanters:shapes/block/clay/planter2x1/contents" },
                "textures": {
                    "north": { "base": "game:block/plant/potted/{flower}" },
                    "south": { "base": "game:block/plant/potted/{flower}" }
                }
            }
        },
        "file": "game:blocktypes/plant/flower.json",
        "side": "server"
    }
]
