{
	"code": "mushroom",
	"class": "BlockMushroom",
	"variantgroups": [
		{ "code": "type", "states": ["aniseedfunnel", "aspenbolete", "birchbolete", "blewit", "bluechanterelle", "candycap", "coccora", "desertshaggymane", "destroyingangel", "dyerspolypore", "falseearthstar", "flattoppedclubcoral", "friedchickenmushroom", "greenearthtongue", "hawkwing", "hedgehogmushroom", "honeymushroom", "matsutake","northernreddye", "parasol", "purplefairyclub", "queenbolete", "questionablestropharia", "redramaria", "shaggymane", "shrimpmushroom", "slipperyjack", "stinkhorn", "sulfurtuft", "winterchanterelle", "yellowramaria", "yellowstainer"] },
		{ "code": "state", "states": ["normal", "harvested"] }
	],
	"attributes": {
		"mushroomProps": {
			"dieWhenTempBelow": 0,
			"dieAfterFruiting": true
		},
		"forageStatAffected": true,
		"nutritionPropsWhenInMeal": { 
			"satiety": 120,
			"foodcategory": "Vegetable",
			"healthByType": {
				"*-destroyingangel-*": -50,
				"*-yellowstainer-*": -6,
				"*-sulfurtuft-*": -8,
				"*-questionablestropharia-*": -2,
				"*-dyerspolypore-*": -2,
				"*-northernreddye-*": -2,
				"*-yellowramaria-*": -2,
				"*-greenearthtongue-*": -2,
				"*-falseearthstar-*": -2,
				"*-desertshaggymane-*": -2,
				"*": 0
			}
		},
		"plantContainable": {
			"smallContainer": {
				"randomRotate": false,
				"shape": { "base": "mycodiversity:block/plant/mushroom/{type}/flowerpot/normal*" }
			},
			"largeContainer": {
				"randomRotate": false,
				"shape": { "base": "mycodiversity:block/plant/mushroom/{type}/planter/normal*" }
			}
		}
	},
	"nutritionPropsByType": {
		"*-destroyingangel-*": { "saturation": 80, "health": -50, "foodcategory": "Vegetable" },
		"*-yellowstainer-*": { "saturation": 80, "health": -6, "foodcategory": "Vegetable" },
		"*-sulfurtuft-*": { "saturation": 80, "health": -8, "foodcategory": "Vegetable" },
		"*-questionablestropharia-*": { "saturation": 80, "health": -2, "foodcategory": "Vegetable" },
		"*-dyerspolypore-*": { "saturation": 80, "health": -2, "foodcategory": "Vegetable" },
		"*-northernreddye-*": { "saturation": 80, "health": -2, "foodcategory": "Vegetable" },
		"*-yellowramaria-*": { "saturation": 80, "health": -2, "foodcategory": "Vegetable" },
		"*-greenearthtongue-*": { "saturation": 80, "health": -2, "foodcategory": "Vegetable" },
		"*-falseearthstar-*": { "saturation": 80, "health": -2, "foodcategory": "Vegetable" },
		"*-desertshaggymane-*": { "saturation": 80, "health": -2, "foodcategory": "Vegetable" },
		"*": { "saturation": 80, "health": 0, "foodcategory": "Vegetable" },
	},
	"creativeinventory": { "general": ["*-normal"], "flora": ["*-normal"]},
	"drawtype": "JSON",
	"shape": { "base": "mycodiversity:block/plant/mushroom/{type}/{state}*" },
	"shapeInventory": { "base": "mycodiversity:item/food/mushroom/{type}" },
	"doNotRenderAtLod2": true,
	"randomDrawOffset": false,
	"blockmaterial": "Plant",
	"randomizeRotations": true,
	"sideopaqueByType": {
		"*-snow": { "all": false, "down": true },
		"*": { "all": false }
	},
	"sidesolid": {
		"all": false
	},
	"replaceable": 3000,
	"lightAbsorption": 0,
	"resistance": 1.5,
	"collisionbox": null,
	"selectionBox": { "x1": 0.125, "y1": 0, "z1": 0.125, "x2": 0.875, "y2": 0.25, "z2": 0.875 },
	"guiTransformByType": {
		"*": {
			"rotation": { "x": -22, "y": 107, "z": 0 },
			"origin": { "x": 0.5, "y": 0.2, "z": 0.5 },
			"scale": 3
		}
	},
	"groundTransform": {
		"origin": { "x": 0.5, "y": 0, "z": 0.5 },
		"scale": 5
	},
	"tpHandTransform": {
		"translation": { "x": -0.93, "y": -0.17, "z": -0.8 },
		"rotation": { "x": 15, "y": -10, "z": -114 },
		"origin": { "x": 0.5, "y": 0.1, "z": 0.5 },
		"scale": 0.58
	},
	"sounds": {
		"place": "block/plant",
		"break": "block/plant",
		"hit": "block/plant",
	},
	"rainPermeable": true,
	"transitionableProps": [{
		"type": "Perish",
		"freshHours": { "avg": 432 },
		"transitionHours": { "avg": 72 },
		"transitionedStack": { "type": "item", "code": "rot" },
		"transitionRatio": 1
	}],
	"materialDensity": 200,
	"drops": [
		{ "type": "block", "code": "mushroom-{type}-normal", "quantity": { "avg": 1, "var": 0 }  }
	],
}