{
	"editor": {
		"allAngles": false,
		"entityTextureMode": false
	},
	"textureWidth": 16,
	"textureHeight": 16,
	"textureSizes": {
		"0": [16,16]
	},
	"textures": {
	},
	"elements": [
		{
			"name": "Cube.000",
			"from": [ 9.544, 1.3516, 7.4261 ], 
			"to": [ 12.6616, 2.2991, 8.6885 ], 
			"rotationOrigin": [ 11.1028, 1.8253, 8.0573 ],
			"rotationZ": 4.736,
			"faces": {
				"north": { "texture": "#0", "uv": [ 1.0, 1.0, 2.0, 2.0 ] },
				"east": { "texture": "#0", "uv": [ 1.0, 1.0, 2.0, 2.0 ] },
				"south": { "texture": "#0", "uv": [ 1.0, 1.0, 2.0, 2.0 ] },
				"west": { "texture": "#0", "uv": [ 1.0, 1.0, 2.0, 2.0 ] },
				"up": { "texture": "#0", "uv": [ 1.0, 1.0, 2.0, 2.0 ] },
				"down": { "texture": "#0", "uv": [ 1.0, 1.0, 2.0, 2.0 ] }
			}
		},
		{
			"name": "Cube.002",
			"from": [ 3.0702, 2.0529, 7.4003 ], 
			"to": [ 4.4501, 2.8919, 8.7142 ], 
			"rotationOrigin": [ 3.7602, 2.4724, 8.0573 ],
			"rotationZ": 10.0,
			"faces": {
				"north": { "texture": "#0", "uv": [ 1.0, 1.0, 2.0, 2.0 ] },
				"east": { "texture": "#0", "uv": [ 1.0, 1.0, 2.0, 2.0 ] },
				"south": { "texture": "#0", "uv": [ 1.0, 1.0, 2.0, 2.0 ] },
				"west": { "texture": "#0", "uv": [ 1.0, 1.0, 2.0, 2.0 ] },
				"up": { "texture": "#0", "uv": [ 1.0, 1.0, 2.0, 2.0 ] },
				"down": { "texture": "#0", "uv": [ 1.0, 1.0, 2.0, 2.0 ] }
			}
		},
		{
			"name": "Cube.004",
			"from": [ 1.7985, 1.0497, 7.3857 ], 
			"to": [ 4.5008, 1.6266, 8.7288 ], 
			"rotationOrigin": [ 3.1496, 1.3382, 8.0573 ],
			"rotationZ": 1.7,
			"faces": {
				"north": { "texture": "#0", "uv": [ 1.0, 1.0, 2.0, 2.0 ] },
				"east": { "texture": "#0", "uv": [ 1.0, 1.0, 2.0, 2.0 ] },
				"south": { "texture": "#0", "uv": [ 1.0, 1.0, 2.0, 2.0 ] },
				"west": { "texture": "#0", "uv": [ 1.0, 1.0, 2.0, 2.0 ] },
				"up": { "texture": "#0", "uv": [ 1.0, 1.0, 2.0, 2.0 ] },
				"down": { "texture": "#0", "uv": [ 1.0, 1.0, 2.0, 2.0 ] }
			}
		},
		{
			"name": "Cube.005",
			"from": [ 0.894, 1.2198, 7.461 ], 
			"to": [ 1.7994, 1.9833, 8.6536 ], 
			"rotationOrigin": [ 1.3467, 1.6016, 8.0573 ],
			"rotationZ": 9.0,
			"faces": {
				"north": { "texture": "#0", "uv": [ 1.0, 1.0, 2.0, 2.0 ] },
				"east": { "texture": "#0", "uv": [ 1.0, 1.0, 2.0, 2.0 ] },
				"south": { "texture": "#0", "uv": [ 1.0, 1.0, 2.0, 2.0 ] },
				"west": { "texture": "#0", "uv": [ 1.0, 1.0, 2.0, 2.0 ] },
				"up": { "texture": "#0", "uv": [ 1.0, 1.0, 2.0, 2.0 ] },
				"down": { "texture": "#0", "uv": [ 1.0, 1.0, 2.0, 2.0 ] }
			}
		},
		{
			"name": "Cube.006",
			"from": [ 0.0268, 1.2202, 7.5807 ], 
			"to": [ 1.0535, 1.6309, 8.5339 ], 
			"rotationOrigin": [ 0.5401, 1.4256, 8.0573 ],
			"rotationZ": -24.858,
			"faces": {
				"north": { "texture": "#0", "uv": [ 1.0, 1.0, 2.0, 2.0 ] },
				"east": { "texture": "#0", "uv": [ 1.0, 1.0, 2.0, 2.0 ] },
				"south": { "texture": "#0", "uv": [ 1.0, 1.0, 2.0, 2.0 ] },
				"west": { "texture": "#0", "uv": [ 1.0, 1.0, 2.0, 2.0 ] },
				"up": { "texture": "#0", "uv": [ 1.0, 1.0, 2.0, 2.0 ] },
				"down": { "texture": "#0", "uv": [ 1.0, 1.0, 2.0, 2.0 ] }
			}
		},
		{
			"name": "Cube.007",
			"from": [ 0.0327, 1.5062, 7.5682 ], 
			"to": [ 1.0594, 1.9169, 8.5464 ], 
			"rotationOrigin": [ 0.546, 1.7116, 8.0573 ],
			"rotationZ": -1.524,
			"faces": {
				"north": { "texture": "#0", "uv": [ 1.0, 1.0, 2.0, 2.0 ] },
				"east": { "texture": "#0", "uv": [ 1.0, 1.0, 2.0, 2.0 ] },
				"south": { "texture": "#0", "uv": [ 1.0, 1.0, 2.0, 2.0 ] },
				"west": { "texture": "#0", "uv": [ 1.0, 1.0, 2.0, 2.0 ] },
				"up": { "texture": "#0", "uv": [ 1.0, 1.0, 2.0, 2.0 ] },
				"down": { "texture": "#0", "uv": [ 1.0, 1.0, 2.0, 2.0 ] }
			}
		},
		{
			"name": "Cube.008",
			"from": [ 0.9224, 1.0084, 7.4647 ], 
			"to": [ 1.8045, 1.419, 8.6498 ], 
			"rotationOrigin": [ 1.3634, 1.2137, 8.0573 ],
			"rotationZ": 1.5,
			"faces": {
				"north": { "texture": "#0", "uv": [ 1.0, 1.0, 2.0, 2.0 ] },
				"east": { "texture": "#0", "uv": [ 1.0, 1.0, 2.0, 2.0 ] },
				"south": { "texture": "#0", "uv": [ 1.0, 1.0, 2.0, 2.0 ] },
				"west": { "texture": "#0", "uv": [ 1.0, 1.0, 2.0, 2.0 ] },
				"up": { "texture": "#0", "uv": [ 1.0, 1.0, 2.0, 2.0 ] },
				"down": { "texture": "#0", "uv": [ 1.0, 1.0, 2.0, 2.0 ] }
			}
		},
		{
			"name": "Cube.009",
			"from": [ 1.6808, 1.588, 7.3939 ], 
			"to": [ 3.3174, 2.427, 8.7207 ], 
			"rotationOrigin": [ 2.4991, 2.0075, 8.0573 ],
			"rotationZ": 28.6,
			"faces": {
				"north": { "texture": "#0", "uv": [ 1.0, 1.0, 2.0, 2.0 ] },
				"east": { "texture": "#0", "uv": [ 1.0, 1.0, 2.0, 2.0 ] },
				"south": { "texture": "#0", "uv": [ 1.0, 1.0, 2.0, 2.0 ] },
				"west": { "texture": "#0", "uv": [ 1.0, 1.0, 2.0, 2.0 ] },
				"up": { "texture": "#0", "uv": [ 1.0, 1.0, 2.0, 2.0 ] },
				"down": { "texture": "#0", "uv": [ 1.0, 1.0, 2.0, 2.0 ] }
			}
		},
		{
			"name": "ThickTailBase",
			"from": [ 9.4854, 1.94, 7.4224 ], 
			"to": [ 12.5832, 2.8957, 8.6921 ], 
			"rotationOrigin": [ 9.43, 2.42, 8.0573 ],
			"rotationZ": -7.864,
			"faces": {
				"north": { "texture": "#0", "uv": [ 1.0, 1.0, 4.0, 1.5 ] },
				"east": { "texture": "#0", "uv": [ 1.0, 1.0, 2.0, 1.5 ] },
				"south": { "texture": "#0", "uv": [ 1.0, 1.0, 4.0, 1.5 ] },
				"west": { "texture": "#0", "uv": [ 1.0, 1.0, 2.0, 1.5 ] },
				"up": { "texture": "#0", "uv": [ 1.0, 1.0, 4.0, 2.0 ] },
				"down": { "texture": "#0", "uv": [ 1.0, 1.0, 4.0, 2.0 ] }
			},
			"children": [
				{
					"name": "BackFinBase",
					"from": [ 0.5418, 0.9546, 0.506 ], 
					"to": [ 3.0972, 1.4284, 0.7637 ], 
					"rotationOrigin": [ 1.8195, 1.1915, 0.6348 ],
					"rotationZ": 0.014,
					"faces": {
						"north": { "texture": "#0", "uv": [ 1.0, 1.0, 2.0, 2.0 ] },
						"east": { "texture": "#0", "uv": [ 1.0, 1.0, 2.0, 2.0 ] },
						"south": { "texture": "#0", "uv": [ 1.0, 1.0, 2.0, 2.0 ] },
						"west": { "texture": "#0", "uv": [ 1.0, 1.0, 2.0, 2.0 ] },
						"up": { "texture": "#0", "uv": [ 1.0, 1.0, 2.0, 2.0 ] },
						"down": { "texture": "#0", "uv": [ 1.0, 1.0, 2.0, 2.0 ] }
					},
					"children": [
						{
							"name": "BackFinFront",
							"from": [ -0.8658, 0.0412, -0.0067 ], 
							"to": [ 0.868, 0.5284, 0.2643 ], 
							"rotationOrigin": [ 0.0011, 0.2848, 0.1288 ],
							"rotationZ": 28.707,
							"faces": {
								"north": { "texture": "#0", "uv": [ 1.0, 1.0, 2.0, 2.0 ] },
								"east": { "texture": "#0", "uv": [ 1.0, 1.0, 2.0, 2.0 ] },
								"south": { "texture": "#0", "uv": [ 1.0, 1.0, 2.0, 2.0 ] },
								"west": { "texture": "#0", "uv": [ 1.0, 1.0, 2.0, 2.0 ] },
								"up": { "texture": "#0", "uv": [ 1.0, 1.0, 2.0, 2.0 ] },
								"down": { "texture": "#0", "uv": [ 1.0, 1.0, 2.0, 2.0 ] }
							}
						},
						{
							"name": "BackFinTop",
							"from": [ 0.645, 0.4396, -0.0052 ], 
							"to": [ 2.5531, 0.9158, 0.2628 ], 
							"rotationOrigin": [ 1.599, 0.6777, 0.1288 ],
							"rotationZ": -0.014,
							"faces": {
								"north": { "texture": "#0", "uv": [ 1.0, 1.0, 2.0, 2.0 ] },
								"east": { "texture": "#0", "uv": [ 1.0, 1.0, 2.0, 2.0 ] },
								"south": { "texture": "#0", "uv": [ 1.0, 1.0, 2.0, 2.0 ] },
								"west": { "texture": "#0", "uv": [ 1.0, 1.0, 2.0, 2.0 ] },
								"up": { "texture": "#0", "uv": [ 1.0, 1.0, 2.0, 2.0 ] },
								"down": { "texture": "#0", "uv": [ 1.0, 1.0, 2.0, 2.0 ] }
							}
						}
					]
				}
			]
		},
		{
			"name": "Cube.011",
			"from": [ 12.9468, 1.2892, 7.8756 ], 
			"to": [ 13.8704, 1.6573, 8.2389 ], 
			"rotationOrigin": [ 13.4086, 1.4732, 8.0573 ],
			"rotationZ": -50.0,
			"faces": {
				"north": { "texture": "#0", "uv": [ 1.0, 1.0, 2.0, 2.0 ] },
				"east": { "texture": "#0", "uv": [ 1.0, 1.0, 2.0, 2.0 ] },
				"south": { "texture": "#0", "uv": [ 1.0, 1.0, 2.0, 2.0 ] },
				"west": { "texture": "#0", "uv": [ 1.0, 1.0, 2.0, 2.0 ] },
				"up": { "texture": "#0", "uv": [ 1.0, 1.0, 2.0, 2.0 ] },
				"down": { "texture": "#0", "uv": [ 1.0, 1.0, 2.0, 2.0 ] }
			}
		},
		{
			"name": "Cube.015",
			"from": [ 13.4955, 1.2365, 7.8617 ], 
			"to": [ 13.8457, 2.7835, 8.2529 ], 
			"rotationOrigin": [ 13.6706, 2.01, 8.0573 ],
			"faces": {
				"north": { "texture": "#0", "uv": [ 1.0, 1.0, 2.0, 2.0 ] },
				"east": { "texture": "#0", "uv": [ 1.0, 1.0, 2.0, 2.0 ] },
				"south": { "texture": "#0", "uv": [ 1.0, 1.0, 2.0, 2.0 ] },
				"west": { "texture": "#0", "uv": [ 1.0, 1.0, 2.0, 2.0 ] },
				"up": { "texture": "#0", "uv": [ 1.0, 1.0, 2.0, 2.0 ] },
				"down": { "texture": "#0", "uv": [ 1.0, 1.0, 2.0, 2.0 ] }
			}
		},
		{
			"name": "Body",
			"from": [ 4.3733, 1.1027, 7.2384 ], 
			"to": [ 9.6236, 3.0014, 8.8762 ], 
			"rotationOrigin": [ 6.9985, 2.052, 8.0573 ],
			"faces": {
				"north": { "texture": "#0", "uv": [ 1.0, 1.0, 2.0, 2.0 ] },
				"east": { "texture": "#0", "uv": [ 1.0, 1.0, 2.0, 2.0 ] },
				"south": { "texture": "#0", "uv": [ 1.0, 1.0, 2.0, 2.0 ] },
				"west": { "texture": "#0", "uv": [ 1.0, 1.0, 2.0, 2.0 ] },
				"up": { "texture": "#0", "uv": [ 1.0, 1.0, 2.0, 2.0 ] },
				"down": { "texture": "#0", "uv": [ 1.0, 1.0, 2.0, 2.0 ] }
			},
			"children": [
				{
					"name": "BodyTop",
					"from": [ 0.2831, 1.898, 0.1129 ], 
					"to": [ 4.7723, 2.1539, 1.5249 ], 
					"rotationOrigin": [ 2.5277, 2.026, 0.8189 ],
					"faces": {
						"north": { "texture": "#0", "uv": [ 1.0, 1.0, 2.0, 2.0 ] },
						"east": { "texture": "#0", "uv": [ 1.0, 1.0, 2.0, 2.0 ] },
						"south": { "texture": "#0", "uv": [ 1.0, 1.0, 2.0, 2.0 ] },
						"west": { "texture": "#0", "uv": [ 1.0, 1.0, 2.0, 2.0 ] },
						"up": { "texture": "#0", "uv": [ 1.0, 1.0, 2.0, 2.0 ] },
						"down": { "texture": "#0", "uv": [ 1.0, 1.0, 2.0, 2.0 ] }
					}
				}
			]
		},
		{
			"name": "Cube.017",
			"from": [ 12.9427, 2.365, 7.8753 ], 
			"to": [ 13.8663, 2.733, 8.2392 ], 
			"rotationOrigin": [ 13.4045, 2.549, 8.0573 ],
			"rotationZ": 50.0,
			"faces": {
				"north": { "texture": "#0", "uv": [ 1.0, 1.0, 2.0, 2.0 ] },
				"east": { "texture": "#0", "uv": [ 1.0, 1.0, 2.0, 2.0 ] },
				"south": { "texture": "#0", "uv": [ 1.0, 1.0, 2.0, 2.0 ] },
				"west": { "texture": "#0", "uv": [ 1.0, 1.0, 2.0, 2.0 ] },
				"up": { "texture": "#0", "uv": [ 1.0, 1.0, 2.0, 2.0 ] },
				"down": { "texture": "#0", "uv": [ 1.0, 1.0, 2.0, 2.0 ] }
			}
		},
		{
			"name": "Cube.019",
			"from": [ 12.6251, 1.51, 7.8617 ], 
			"to": [ 13.5023, 2.4583, 8.2529 ], 
			"rotationOrigin": [ 13.0637, 1.9842, 8.0573 ],
			"faces": {
				"north": { "texture": "#0", "uv": [ 1.0, 1.0, 2.0, 2.0 ] },
				"east": { "texture": "#0", "uv": [ 1.0, 1.0, 2.0, 2.0 ] },
				"south": { "texture": "#0", "uv": [ 1.0, 1.0, 2.0, 2.0 ] },
				"west": { "texture": "#0", "uv": [ 1.0, 1.0, 2.0, 2.0 ] },
				"up": { "texture": "#0", "uv": [ 1.0, 1.0, 2.0, 2.0 ] },
				"down": { "texture": "#0", "uv": [ 1.0, 1.0, 2.0, 2.0 ] }
			}
		},
		{
			"name": "Cube.010",
			"from": [ 2.6301, 1.5909, 7.3887 ], 
			"to": [ 4.4131, 2.1678, 8.7258 ], 
			"rotationOrigin": [ 3.5216, 1.8794, 8.0573 ],
			"faces": {
				"north": { "texture": "#0", "uv": [ 1.0, 1.0, 2.0, 2.0 ] },
				"east": { "texture": "#0", "uv": [ 1.0, 1.0, 2.0, 2.0 ] },
				"south": { "texture": "#0", "uv": [ 1.0, 1.0, 2.0, 2.0 ] },
				"west": { "texture": "#0", "uv": [ 1.0, 1.0, 2.0, 2.0 ] },
				"up": { "texture": "#0", "uv": [ 1.0, 1.0, 2.0, 2.0 ] },
				"down": { "texture": "#0", "uv": [ 1.0, 1.0, 2.0, 2.0 ] }
			}
		},
		{
			"name": "Cube.013",
			"from": [ 1.7968, 0.9256, 8.5059 ], 
			"to": [ 2.3482, 1.0411, 9.6997 ], 
			"rotationOrigin": [ 2.0725, 0.9833, 9.1028 ],
			"rotationX": 28.798,
			"rotationY": 47.947,
			"rotationZ": -2.272,
			"faces": {
				"north": { "texture": "#0", "uv": [ 1.0, 1.0, 1.5, 1.5 ] },
				"east": { "texture": "#0", "uv": [ 1.0, 1.0, 2.0, 1.5 ] },
				"south": { "texture": "#0", "uv": [ 1.0, 1.0, 1.5, 1.5 ] },
				"west": { "texture": "#0", "uv": [ 1.0, 1.0, 2.0, 1.5 ] },
				"up": { "texture": "#0", "uv": [ 1.0, 1.0, 1.5, 2.0 ] },
				"down": { "texture": "#0", "uv": [ 1.0, 1.0, 1.5, 2.0 ] }
			}
		},
		{
			"name": "Cube.021",
			"from": [ 7.44, 1.14, 8.5 ], 
			"to": [ 8.064, 1.2555, 9.8513 ], 
			"rotationOrigin": [ 8.05, 1.2, 8.5 ],
			"rotationX": 22.5,
			"rotationY": 45.0,
			"faces": {
				"north": { "texture": "#0", "uv": [ 1.0, 1.0, 1.5, 1.5 ] },
				"east": { "texture": "#0", "uv": [ 1.0, 1.0, 2.0, 1.5 ] },
				"south": { "texture": "#0", "uv": [ 1.0, 1.0, 1.5, 1.5 ] },
				"west": { "texture": "#0", "uv": [ 1.0, 1.0, 2.0, 1.5 ] },
				"up": { "texture": "#0", "uv": [ 1.0, 1.0, 1.5, 2.0 ] },
				"down": { "texture": "#0", "uv": [ 1.0, 1.0, 1.5, 2.0 ] }
			}
		},
		{
			"name": "Cube.025",
			"from": [ 7.44, 1.14, 6.2 ], 
			"to": [ 8.06, 1.26, 7.55 ], 
			"rotationOrigin": [ 8.05, 1.2, 7.55 ],
			"rotationX": -22.5,
			"rotationY": -45.0,
			"faces": {
				"north": { "texture": "#0", "uv": [ 1.0, 1.0, 1.5, 1.5 ] },
				"east": { "texture": "#0", "uv": [ 1.0, 1.0, 2.0, 1.5 ] },
				"south": { "texture": "#0", "uv": [ 1.0, 1.0, 1.5, 1.5 ] },
				"west": { "texture": "#0", "uv": [ 1.0, 1.0, 2.0, 1.5 ] },
				"up": { "texture": "#0", "uv": [ 1.0, 1.0, 1.5, 2.0 ] },
				"down": { "texture": "#0", "uv": [ 1.0, 1.0, 1.5, 2.0 ] }
			}
		},
		{
			"name": "Cube.014",
			"from": [ 1.8, 1.26, 7.08 ], 
			"to": [ 2.99, 1.38, 7.63 ], 
			"rotationOrigin": [ 1.77, 1.38, 7.61 ],
			"rotationX": -22.5,
			"rotationY": 47.947,
			"rotationZ": -2.272,
			"faces": {
				"north": { "texture": "#0", "uv": [ 1.0, 1.0, 2.0, 1.5 ] },
				"east": { "texture": "#0", "uv": [ 1.0, 1.0, 1.5, 1.5 ] },
				"south": { "texture": "#0", "uv": [ 1.0, 1.0, 2.0, 1.5 ] },
				"west": { "texture": "#0", "uv": [ 1.0, 1.0, 1.5, 1.5 ] },
				"up": { "texture": "#0", "uv": [ 0.0, 0.0, 4.0, 4.0 ], "autoUv": false },
				"down": { "texture": "#0", "uv": [ 0.0, 0.0, 4.0, 4.0 ], "autoUv": false }
			}
		},
		{
			"name": "Cube.022",
			"from": [ 10.0906, 0.662, 7.9285 ], 
			"to": [ 12.6788, 1.8095, 8.1861 ], 
			"rotationOrigin": [ 11.3847, 1.2357, 8.0573 ],
			"rotationZ": -7.85,
			"faces": {
				"north": { "texture": "#0", "uv": [ 1.0, 1.0, 2.0, 2.0 ] },
				"east": { "texture": "#0", "uv": [ 1.0, 1.0, 2.0, 2.0 ] },
				"south": { "texture": "#0", "uv": [ 1.0, 1.0, 2.0, 2.0 ] },
				"west": { "texture": "#0", "uv": [ 1.0, 1.0, 2.0, 2.0 ] },
				"up": { "texture": "#0", "uv": [ 1.0, 1.0, 2.0, 2.0 ] },
				"down": { "texture": "#0", "uv": [ 1.0, 1.0, 2.0, 2.0 ] }
			}
		},
		{
			"name": "Cube.023",
			"from": [ 10.7809, 0.3552, 7.9233 ], 
			"to": [ 12.7456, 1.3307, 8.1912 ], 
			"rotationOrigin": [ 11.7632, 0.843, 8.0573 ],
			"rotationZ": -7.864,
			"faces": {
				"north": { "texture": "#0", "uv": [ 1.0, 1.0, 2.0, 2.0 ] },
				"east": { "texture": "#0", "uv": [ 1.0, 1.0, 2.0, 2.0 ] },
				"south": { "texture": "#0", "uv": [ 1.0, 1.0, 2.0, 2.0 ] },
				"west": { "texture": "#0", "uv": [ 1.0, 1.0, 2.0, 2.0 ] },
				"up": { "texture": "#0", "uv": [ 1.0, 1.0, 2.0, 2.0 ] },
				"down": { "texture": "#0", "uv": [ 1.0, 1.0, 2.0, 2.0 ] }
			}
		},
		{
			"name": "Cube.024",
			"from": [ 9.3174, 0.2553, 7.9218 ], 
			"to": [ 10.9358, 1.7727, 8.1928 ], 
			"rotationOrigin": [ 10.1266, 1.014, 8.0573 ],
			"rotationZ": 20.857,
			"faces": {
				"north": { "texture": "#0", "uv": [ 1.0, 1.0, 2.0, 2.0 ] },
				"east": { "texture": "#0", "uv": [ 1.0, 1.0, 2.0, 2.0 ] },
				"south": { "texture": "#0", "uv": [ 1.0, 1.0, 2.0, 2.0 ] },
				"west": { "texture": "#0", "uv": [ 1.0, 1.0, 2.0, 2.0 ] },
				"up": { "texture": "#0", "uv": [ 1.0, 1.0, 2.0, 2.0 ] },
				"down": { "texture": "#0", "uv": [ 1.0, 1.0, 2.0, 2.0 ] }
			}
		}
	]}