{
	"editor": {
		"allAngles": true,
		"entityTextureMode": true
	},
	"textureWidth": 32,
	"textureHeight": 32,
	"textureSizes": {
	},
	"textures": {
		"sailfishcombined": "sailfishcombined"
	},
	"elements": [
		{
			"name": "MainBody",
			"from": [ 5.0, 6.0, 6.5 ], 
			"to": [ 13.0, 11.0, 9.5 ], 
			"autoUnwrap": false,
			"uv": [ 0.0, 0.0 ],
			"rotationOrigin": [ 9.0, 8.8, 8.0 ],
			"rotationZ": -2.0,
			"faces": {
				"north": { "texture": "#sailfishcombined", "uv": [ 8.0, 3.0, 0.0, 8.0 ], "autoUv": false },
				"east": { "texture": "#sailfishcombined", "uv": [ 8.0, 3.0, 11.0, 8.0 ] },
				"south": { "texture": "#sailfishcombined", "uv": [ 0.0, 3.0, 8.0, 8.0 ] },
				"west": { "texture": "#sailfishcombined", "uv": [ 8.0, 3.0, 11.0, 8.0 ] },
				"up": { "texture": "#sailfishcombined", "uv": [ 0.0, 0.0, 8.0, 3.0 ] },
				"down": { "texture": "#sailfishcombined", "uv": [ 8.0, 0.0, 16.0, 3.0 ] }
			},
			"children": [
				{
					"name": "TailBase",
					"from": [ 8.0, -0.1, 0.2 ], 
					"to": [ 11.0, 4.9, 2.8 ], 
					"autoUnwrap": false,
					"uv": [ 0.0, 9.0 ],
					"rotationOrigin": [ 8.0, 2.4, 2.0 ],
					"rotationZ": 2.0,
					"faces": {
						"north": { "texture": "#sailfishcombined", "uv": [ 0.0, 11.5, 3.0, 16.5 ] },
						"east": { "texture": "#sailfishcombined", "uv": [ 3.0, 11.5, 5.5, 16.5 ] },
						"south": { "texture": "#sailfishcombined", "uv": [ 0.0, 11.5, 3.0, 16.5 ] },
						"west": { "texture": "#null", "uv": [ 0.0, 0.0, 2.5, 5.0 ], "enabled": false },
						"up": { "texture": "#sailfishcombined", "uv": [ 0.0, 9.0, 3.0, 11.5 ] },
						"down": { "texture": "#sailfishcombined", "uv": [ 3.0, 9.0, 6.0, 11.5 ] }
					},
					"children": [
						{
							"name": "T1",
							"from": [ 2.8, 0.1, 0.2 ], 
							"to": [ 5.8, 4.3, 2.4 ], 
							"autoUnwrap": false,
							"uv": [ 6.0, 10.5 ],
							"rotationOrigin": [ 2.8, 2.1, 1.6 ],
							"rotationZ": 2.0,
							"faces": {
								"north": { "texture": "#sailfishcombined", "uv": [ 6.0, 12.5, 9.0, 16.5 ] },
								"east": { "texture": "#sailfishcombined", "uv": [ 9.0, 12.5, 11.0, 16.5 ] },
								"south": { "texture": "#sailfishcombined", "uv": [ 6.0, 12.5, 9.0, 16.5 ] },
								"west": { "texture": "#null", "uv": [ 0.0, 0.0, 2.0, 4.0 ], "enabled": false },
								"up": { "texture": "#sailfishcombined", "uv": [ 6.0, 10.5, 9.0, 12.5 ] },
								"down": { "texture": "#sailfishcombined", "uv": [ 9.0, 10.5, 12.0, 12.5 ] }
							},
							"children": [
								{
									"name": "T2",
									"from": [ 2.8, 0.0952, 0.2 ], 
									"to": [ 5.8, 3.8952, 2.0 ], 
									"autoUnwrap": false,
									"uv": [ 12.0, 11.5 ],
									"rotationOrigin": [ 2.8052, 2.0952, 1.6 ],
									"rotationZ": 2.0,
									"faces": {
										"north": { "texture": "#sailfishcombined", "uv": [ 12.0, 13.0, 15.0, 16.5 ] },
										"east": { "texture": "#sailfishcombined", "uv": [ 15.0, 13.0, 16.5, 16.5 ] },
										"south": { "texture": "#sailfishcombined", "uv": [ 12.0, 13.0, 15.0, 16.5 ] },
										"west": { "texture": "#null", "uv": [ 0.0, 0.0, 1.5, 3.5 ], "enabled": false },
										"up": { "texture": "#sailfishcombined", "uv": [ 12.0, 11.5, 15.0, 13.0 ] },
										"down": { "texture": "#sailfishcombined", "uv": [ 15.0, 11.5, 18.0, 13.0 ] }
									},
									"children": [
										{
											"name": "T3",
											"from": [ 2.82, 0.1898, 0.2 ], 
											"to": [ 4.92, 3.5898, 1.6 ], 
											"autoUnwrap": false,
											"uv": [ 18.0, 12.5 ],
											"rotationOrigin": [ 2.8206, 2.1898, 1.6 ],
											"rotationZ": 3.0,
											"faces": {
												"north": { "texture": "#sailfishcombined", "uv": [ 16.5, 13.5, 18.5, 16.5 ] },
												"east": { "texture": "#sailfishcombined", "uv": [ 18.5, 13.5, 19.5, 16.5 ] },
												"south": { "texture": "#sailfishcombined", "uv": [ 16.5, 13.5, 18.5, 16.5 ] },
												"west": { "texture": "#null", "uv": [ 0.0, 0.0, 1.0, 3.0 ], "enabled": false },
												"up": { "texture": "#sailfishcombined", "uv": [ 18.0, 11.5, 20.0, 12.5 ] },
												"down": { "texture": "#sailfishcombined", "uv": [ 18.0, 12.5, 20.0, 13.5 ] }
											},
											"children": [
												{
													"name": "T4",
													"from": [ 2.1, 0.3, 0.2 ], 
													"to": [ 3.6, 3.1, 1.2 ], 
													"autoUnwrap": false,
													"uv": [ 19.5, 13.0 ],
													"rotationOrigin": [ 2.0979, 2.2953, 1.6 ],
													"faces": {
														"north": { "texture": "#sailfishcombined", "uv": [ 19.5, 14.0, 21.0, 16.5 ] },
														"east": { "texture": "#sailfishcombined", "uv": [ 21.0, 14.0, 22.0, 16.5 ] },
														"south": { "texture": "#sailfishcombined", "uv": [ 19.5, 14.0, 21.0, 16.5 ] },
														"west": { "texture": "#null", "uv": [ 0.0, 0.0, 1.0, 2.5 ], "enabled": false },
														"up": { "texture": "#sailfishcombined", "uv": [ 20.0, 12.0, 21.5, 13.0 ] },
														"down": { "texture": "#sailfishcombined", "uv": [ 20.0, 13.0, 21.5, 14.0 ] }
													},
													"children": [
														{
															"name": "T5",
															"from": [ 1.45, 0.38, 0.1 ], 
															"to": [ 5.55, 2.48, 0.9 ], 
															"autoUnwrap": false,
															"uv": [ 22.0, 14.0 ],
															"rotationOrigin": [ 1.4527, 0.982, 0.9 ],
															"faces": {
																"north": { "texture": "#sailfishcombined", "uv": [ 22.0, 14.5, 26.0, 16.5 ] },
																"east": { "texture": "#null", "uv": [ 26.0, 14.5, 26.75, 16.5 ] },
																"south": { "texture": "#sailfishcombined", "uv": [ 22.0, 14.5, 26.0, 16.5 ] },
																"west": { "texture": "#null", "uv": [ 0.0, 0.0, 0.75, 2.0 ], "enabled": false },
																"up": { "texture": "#sailfishcombined", "uv": [ 22.0, 14.625, 26.0, 15.375 ] },
																"down": { "texture": "#sailfishcombined", "uv": [ 22.0, 15.375, 26.0, 16.125 ] }
															},
															"children": [
																{
																	"name": "BackfinTopBase",
																	"from": [ 4.03, 0.3898, -0.04 ], 
																	"to": [ 9.03, 2.3898, 0.84 ], 
																	"uv": [ 11.0, 6.5 ],
																	"rotationOrigin": [ 4.0265, 0.9898, 0.8 ],
																	"rotationZ": 45.0,
																	"faces": {
																		"north": { "texture": "#null", "uv": [ 11.0, 7.0, 16.0, 9.0 ] },
																		"east": { "texture": "#null", "uv": [ 16.0, 7.0, 16.5, 9.0 ] },
																		"south": { "texture": "#null", "uv": [ 16.5, 7.0, 21.5, 9.0 ] },
																		"west": { "texture": "#null", "uv": [ 0.0, 0.0, 0.5, 2.0 ], "enabled": false },
																		"up": { "texture": "#null", "uv": [ 11.0, 6.5, 16.0, 7.0 ] },
																		"down": { "texture": "#null", "uv": [ 16.0, 6.5, 21.0, 7.0 ] }
																	},
																	"children": [
																		{
																			"name": "BackfinTopMid",
																			"from": [ 4.9497, 0.19, 0.0 ], 
																			"to": [ 8.9497, 1.89, 0.88 ], 
																			"uv": [ 11.0, 3.0 ],
																			"rotationOrigin": [ 4.9463, 0.7929, 0.84 ],
																			"faces": {
																				"north": { "texture": "#null", "uv": [ 11.0, 3.5, 15.0, 5.0 ] },
																				"east": { "texture": "#null", "uv": [ 15.0, 3.5, 15.5, 5.0 ] },
																				"south": { "texture": "#null", "uv": [ 15.5, 3.5, 19.5, 5.0 ] },
																				"west": { "texture": "#null", "uv": [ 0.0, 0.0, 0.5, 1.5 ], "enabled": false },
																				"up": { "texture": "#null", "uv": [ 11.0, 3.0, 15.0, 3.5 ] },
																				"down": { "texture": "#null", "uv": [ 15.0, 3.0, 19.0, 3.5 ] }
																			},
																			"children": [
																				{
																					"name": "BackfinTopTip",
																					"from": [ 4.05, 0.41, 0.0 ], 
																					"to": [ 5.65, 1.71, 0.88 ], 
																					"uv": [ 11.5, 9.0 ],
																					"rotationOrigin": [ 4.0503, 1.71, 0.84 ],
																					"rotationZ": -45.0,
																					"faces": {
																						"north": { "texture": "#null", "uv": [ 11.5, 9.5, 13.0, 10.5 ] },
																						"east": { "texture": "#null", "uv": [ 13.0, 9.5, 13.5, 10.5 ] },
																						"south": { "texture": "#null", "uv": [ 13.5, 9.5, 15.0, 10.5 ] },
																						"west": { "texture": "#null", "uv": [ 0.0, 0.0, 0.5, 1.0 ], "enabled": false },
																						"up": { "texture": "#null", "uv": [ 11.5, 9.0, 13.0, 9.5 ] },
																						"down": { "texture": "#null", "uv": [ 13.0, 9.0, 14.5, 9.5 ] }
																					}
																				}
																			]
																		}
																	]
																},
																{
																	"name": "BackfinBottomBase",
																	"from": [ 3.43, 0.19, -0.02 ], 
																	"to": [ 8.43, 2.19, 0.82 ], 
																	"uv": [ 11.0, 6.5 ],
																	"rotationOrigin": [ 3.4265, 0.7898, 0.8 ],
																	"rotationZ": -60.0,
																	"faces": {
																		"north": { "texture": "#null", "uv": [ 11.0, 7.0, 16.0, 9.0 ] },
																		"east": { "texture": "#null", "uv": [ 16.0, 7.0, 16.5, 9.0 ] },
																		"south": { "texture": "#null", "uv": [ 16.5, 7.0, 21.5, 9.0 ] },
																		"west": { "texture": "#null", "uv": [ 0.0, 0.0, 0.5, 2.0 ], "enabled": false },
																		"up": { "texture": "#null", "uv": [ 11.0, 6.5, 16.0, 7.0 ] },
																		"down": { "texture": "#null", "uv": [ 16.0, 6.5, 21.0, 7.0 ] }
																	},
																	"children": [
																		{
																			"name": "BackfinBottomMid",
																			"from": [ 4.96, 0.11, -0.02 ], 
																			"to": [ 8.96, 1.81, 0.86 ], 
																			"unwrapRotation": 1,
																			"uv": [ 11.0, 3.0 ],
																			"rotationOrigin": [ 4.9609, 0.7148, 0.82 ],
																			"faces": {
																				"north": { "texture": "#null", "uv": [ 11.0, 3.5, 15.0, 5.0 ] },
																				"east": { "texture": "#null", "uv": [ 15.0, 3.5, 15.5, 5.0 ] },
																				"south": { "texture": "#null", "uv": [ 15.5, 3.5, 19.5, 5.0 ] },
																				"west": { "texture": "#null", "uv": [ 0.0, 0.0, 0.5, 1.5 ], "enabled": false },
																				"up": { "texture": "#null", "uv": [ 11.0, 3.0, 15.0, 3.5 ] },
																				"down": { "texture": "#null", "uv": [ 15.0, 3.0, 19.0, 3.5 ] }
																			},
																			"children": [
																				{
																					"name": "BackfinBottomTip",
																					"from": [ 4.05, 0.01, 0.0 ], 
																					"to": [ 5.65, 1.31, 0.88 ], 
																					"uv": [ 11.5, 9.0 ],
																					"rotationOrigin": [ 4.05, 0.01, 0.84 ],
																					"rotationZ": 45.0,
																					"faces": {
																						"north": { "texture": "#null", "uv": [ 11.5, 9.5, 13.0, 10.5 ] },
																						"east": { "texture": "#null", "uv": [ 13.0, 9.5, 13.5, 10.5 ] },
																						"south": { "texture": "#null", "uv": [ 13.5, 9.5, 15.0, 10.5 ] },
																						"west": { "texture": "#null", "uv": [ 0.0, 0.0, 0.5, 1.0 ], "enabled": false },
																						"up": { "texture": "#null", "uv": [ 11.5, 9.0, 13.0, 9.5 ] },
																						"down": { "texture": "#null", "uv": [ 13.0, 9.0, 14.5, 9.5 ] }
																					}
																				}
																			]
																		}
																	]
																},
																{
																	"name": "BackFinDetailTip",
																	"from": [ -0.2, 1.7, 0.2 ], 
																	"to": [ 1.2, 2.3, 0.6 ], 
																	"uv": [ 6.0, 9.5 ],
																	"rotationOrigin": [ -0.2, 1.7, 0.4 ],
																	"rotationZ": 27.5,
																	"faces": {
																		"north": { "texture": "#null", "uv": [ 6.0, 10.0, 7.0, 10.5 ] },
																		"east": { "texture": "#null", "uv": [ 7.0, 10.0, 7.5, 10.5 ] },
																		"south": { "texture": "#null", "uv": [ 7.5, 10.0, 8.5, 10.5 ] },
																		"west": { "texture": "#null", "uv": [ 0.0, 0.0, 0.5, 0.5 ], "enabled": false },
																		"up": { "texture": "#null", "uv": [ 6.0, 9.5, 7.0, 10.0 ] },
																		"down": { "texture": "#null", "uv": [ 7.0, 9.5, 8.0, 10.0 ] }
																	}
																},
																{
																	"name": "BackFinDetailBase",
																	"from": [ 0.4, 1.7, 0.3 ], 
																	"to": [ 1.8, 2.4, 0.5 ], 
																	"uv": [ 8.5, 9.5 ],
																	"rotationOrigin": [ 0.4, 1.7, 0.5 ],
																	"faces": {
																		"north": { "texture": "#null", "uv": [ 8.5, 10.0, 9.5, 10.5 ] },
																		"east": { "texture": "#null", "uv": [ 9.5, 10.0, 10.0, 10.5 ] },
																		"south": { "texture": "#null", "uv": [ 10.0, 10.0, 11.0, 10.5 ] },
																		"west": { "texture": "#null", "uv": [ 0.0, 0.0, 0.5, 0.5 ], "enabled": false },
																		"up": { "texture": "#null", "uv": [ 8.5, 9.5, 9.5, 10.0 ] },
																		"down": { "texture": "#null", "uv": [ 0.0, 0.0, 1.0, 0.5 ], "enabled": false }
																	}
																},
																{
																	"name": "BackFinDetailTipBottom",
																	"from": [ -0.3, -0.1, 0.2 ], 
																	"to": [ 1.1, 0.5, 0.6 ], 
																	"uv": [ 6.0, 9.5 ],
																	"rotationOrigin": [ -0.3, 0.5, 0.4 ],
																	"rotationZ": -27.5,
																	"faces": {
																		"north": { "texture": "#null", "uv": [ 6.0, 10.0, 7.0, 10.5 ] },
																		"east": { "texture": "#null", "uv": [ 7.0, 10.0, 7.5, 10.5 ] },
																		"south": { "texture": "#null", "uv": [ 7.5, 10.0, 8.5, 10.5 ] },
																		"west": { "texture": "#null", "uv": [ 0.0, 0.0, 0.5, 0.5 ], "enabled": false },
																		"up": { "texture": "#null", "uv": [ 6.0, 9.5, 7.0, 10.0 ] },
																		"down": { "texture": "#null", "uv": [ 7.0, 9.5, 8.0, 10.0 ] }
																	}
																},
																{
																	"name": "BackFinDetailBaseBottom",
																	"from": [ 0.3, -0.3, 0.3 ], 
																	"to": [ 1.7, 0.4, 0.5 ], 
																	"uv": [ 8.5, 9.5 ],
																	"rotationOrigin": [ 0.3, -0.3, 0.5 ],
																	"faces": {
																		"north": { "texture": "#null", "uv": [ 8.5, 10.0, 9.5, 10.5 ] },
																		"east": { "texture": "#null", "uv": [ 9.5, 10.0, 10.0, 10.5 ] },
																		"south": { "texture": "#null", "uv": [ 10.0, 10.0, 11.0, 10.5 ] },
																		"west": { "texture": "#null", "uv": [ 0.0, 0.0, 0.5, 0.5 ], "enabled": false },
																		"up": { "texture": "#null", "uv": [ 0.0, 0.0, 1.0, 0.5 ], "enabled": false },
																		"down": { "texture": "#null", "uv": [ 8.5, 9.5, 9.5, 10.0 ] }
																	}
																}
															]
														}
													]
												}
											]
										}
									]
								}
							]
						}
					]
				},
				{
					"name": "SailFront",
					"from": [ 0.2, 4.3, 1.2 ], 
					"to": [ 7.0, 11.3, 1.8 ], 
					"autoUnwrap": false,
					"uv": [ 22.0, 1.5 ],
					"rotationOrigin": [ 3.4, 4.3, 1.4 ],
					"rotationZ": -10.0,
					"faces": {
						"north": { "texture": "#sailfishcombined", "uv": [ 28.75, 2.0, 22.0, 9.0 ], "autoUv": false },
						"east": { "texture": "#sailfishcombined", "uv": [ 28.75, 2.0, 29.25, 9.0 ] },
						"south": { "texture": "#sailfishcombined", "uv": [ 22.0, 2.0, 28.75, 9.0 ] },
						"west": { "texture": "#sailfishcombined", "uv": [ 28.75, 2.0, 29.25, 9.0 ] },
						"up": { "texture": "#sailfishcombined", "uv": [ 22.0, 1.5, 28.75, 2.0 ] },
						"down": { "texture": "#null", "uv": [ 0.0, 0.0, 6.75, 0.5 ], "enabled": false }
					},
					"children": [
						{
							"name": "SailTip",
							"from": [ -0.06, 6.72, 0.02 ], 
							"to": [ 3.54, 8.12, 0.58 ], 
							"uv": [ 16.0, 0.0 ],
							"rotationOrigin": [ 0.6, 6.6, 0.2 ],
							"rotationZ": -25.0,
							"faces": {
								"north": { "texture": "#sailfishcombined", "uv": [ 16.0, 0.5, 19.5, 1.5 ] },
								"east": { "texture": "#null", "uv": [ 0.0, 0.0, 0.5, 1.0 ], "enabled": false },
								"south": { "texture": "#sailfishcombined", "uv": [ 19.5, 0.5, 23.0, 1.5 ] },
								"west": { "texture": "#sailfishcombined", "uv": [ 23.0, 0.5, 23.5, 1.5 ] },
								"up": { "texture": "#sailfishcombined", "uv": [ 16.0, 0.0, 19.5, 0.5 ] },
								"down": { "texture": "#null", "uv": [ 0.0, 0.0, 3.5, 0.5 ], "enabled": false }
							}
						}
					]
				},
				{
					"name": "S2",
					"from": [ 6.4, 3.7, 1.21 ], 
					"to": [ 9.8, 10.1, 1.79 ], 
					"autoUnwrap": false,
					"uv": [ 19.125, 22.125 ],
					"rotationOrigin": [ 8.2, 3.7, 1.4 ],
					"rotationZ": -14.0,
					"faces": {
						"north": { "texture": "#sailfishcombined", "uv": [ 23.0, 23.0, 26.0, 29.0 ], "autoUv": false },
						"east": { "texture": "#sailfishcombined", "uv": [ 26.0, 22.625, 26.5, 29.0 ] },
						"south": { "texture": "#sailfishcombined", "uv": [ 23.0, 23.0, 26.0, 29.0 ], "autoUv": false },
						"west": { "texture": "#null", "uv": [ 26.375, 22.625, 26.875, 29.0 ] },
						"up": { "texture": "#sailfishcombined", "uv": [ 23.0, 22.5, 26.0, 23.0 ], "autoUv": false },
						"down": { "texture": "#null", "uv": [ 0.0, 0.0, 3.375, 0.5 ], "enabled": false }
					}
				},
				{
					"name": "S3",
					"from": [ 9.8, 3.7, 1.22 ], 
					"to": [ 13.0, 9.3, 1.78 ], 
					"autoUnwrap": false,
					"uv": [ 22.5, 16.5 ],
					"rotationOrigin": [ 11.0, 3.7, 1.4 ],
					"rotationZ": -11.0,
					"faces": {
						"north": { "texture": "#sailfishcombined", "uv": [ 22.75, 17.0, 25.875, 22.5 ] },
						"east": { "texture": "#sailfishcombined", "uv": [ 28.5, 20.75, 29.0, 26.25 ] },
						"south": { "texture": "#sailfishcombined", "uv": [ 22.75, 17.0, 25.75, 22.5 ], "autoUv": false },
						"west": { "texture": "#null", "uv": [ 25.5, 17.0, 26.0, 22.5 ] },
						"up": { "texture": "#sailfishcombined", "uv": [ 22.5, 16.5, 25.5, 17.0 ], "autoUv": false },
						"down": { "texture": "#null", "uv": [ 0.0, 0.0, 3.125, 0.5 ], "enabled": false }
					}
				},
				{
					"name": "S4",
					"from": [ 9.8, 3.5, 1.2 ], 
					"to": [ 12.6, 9.3, 1.8 ], 
					"autoUnwrap": false,
					"uv": [ 19.5, 23.0 ],
					"rotationOrigin": [ 11.0, 3.5, 1.4 ],
					"rotationZ": -42.0,
					"faces": {
						"north": { "texture": "#sailfishcombined", "uv": [ 22.5, 22.5, 20.0, 28.0 ], "autoUv": false },
						"east": { "texture": "#sailfishcombined", "uv": [ 22.5, 22.5, 23.0, 28.25 ] },
						"south": { "texture": "#sailfishcombined", "uv": [ 20.0, 22.5, 22.5, 28.0 ], "autoUv": false },
						"west": { "texture": "#sailfishcombined", "uv": [ 22.5, 22.5, 23.0, 28.25 ], "windMode": [-1,-1,-1,-1] },
						"up": { "texture": "#sailfishcombined", "uv": [ 20.0, 22.0, 22.75, 22.5 ] },
						"down": { "texture": "#null", "uv": [ 0.0, 0.0, 2.75, 0.5 ], "enabled": false }
					}
				},
				{
					"name": "S5",
					"from": [ 11.8, 3.5, 1.21 ], 
					"to": [ 15.2, 7.5, 1.79 ], 
					"autoUnwrap": false,
					"uv": [ 39.0, 4.5 ],
					"rotationOrigin": [ 13.0, 3.5, 1.4 ],
					"rotationZ": -60.0,
					"faces": {
						"north": { "texture": "#sailfishcombined", "uv": [ 22.0, 9.5, 25.375, 13.5 ] },
						"east": { "texture": "#null", "uv": [ 25.0, 9.5, 25.5, 13.5 ] },
						"south": { "texture": "#sailfishcombined", "uv": [ 22.0, 9.5, 25.0, 13.5 ], "autoUv": false },
						"west": { "texture": "#null", "uv": [ 25.0, 9.5, 25.5, 13.5 ] },
						"up": { "texture": "#sailfishcombined", "uv": [ 22.0, 9.0, 25.375, 9.5 ] },
						"down": { "texture": "#null", "uv": [ 0.0, 0.0, 3.375, 0.5 ], "enabled": false }
					}
				},
				{
					"name": "FinBaseLeft",
					"from": [ 1.4, 0.6, 2.4 ], 
					"to": [ 2.8, 1.2, 5.4 ], 
					"uv": [ 0.0, 26.5 ],
					"rotationOrigin": [ 1.5, 0.8, 2.4 ],
					"rotationX": 45.0,
					"rotationZ": 22.5,
					"faces": {
						"north": { "texture": "#null", "uv": [ 0.0, 0.0, 1.0, 0.5 ], "enabled": false },
						"east": { "texture": "#sailfishcombined", "uv": [ 0.0, 29.5, 3.0, 30.0 ] },
						"south": { "texture": "#sailfishcombined", "uv": [ 3.0, 29.5, 4.375, 30.0 ] },
						"west": { "texture": "#sailfishcombined", "uv": [ 4.375, 29.5, 7.375, 30.0 ] },
						"up": { "texture": "#sailfishcombined", "uv": [ 0.0, 26.5, 1.375, 29.5 ] },
						"down": { "texture": "#sailfishcombined", "uv": [ 1.375, 26.5, 2.75, 29.5 ] }
					},
					"children": [
						{
							"name": "FinBaseLeftMid",
							"from": [ 0.2, 0.0, 2.8 ], 
							"to": [ 1.4, 0.6, 4.4 ], 
							"uv": [ 2.745, 26.5 ],
							"rotationOrigin": [ 0.6, 0.2, 2.8 ],
							"rotationY": 10.0,
							"rotationZ": -5.0,
							"faces": {
								"north": { "texture": "#sailfishcombined", "uv": [ 2.75, 28.0, 3.875, 28.5 ], "windMode": [-1,-1,-1,-1] },
								"east": { "texture": "#sailfishcombined", "uv": [ 3.875, 28.0, 5.375, 28.5 ] },
								"south": { "texture": "#sailfishcombined", "uv": [ 5.375, 28.0, 6.5, 28.5 ] },
								"west": { "texture": "#sailfishcombined", "uv": [ 6.5, 28.0, 8.0, 28.5 ] },
								"up": { "texture": "#sailfishcombined", "uv": [ 2.75, 26.5, 3.875, 28.0 ] },
								"down": { "texture": "#sailfishcombined", "uv": [ 3.875, 26.5, 5.0, 28.0 ] }
							},
							"children": [
								{
									"name": "FinBaseLeftTip",
									"from": [ 0.2, 0.0, 1.4 ], 
									"to": [ 1.2, 0.6, 3.0 ], 
									"uv": [ 2.745, 26.495 ],
									"rotationOrigin": [ 0.8, 0.2, 1.4 ],
									"rotationY": 5.0,
									"rotationZ": -5.0,
									"faces": {
										"north": { "texture": "#sailfishcombined", "uv": [ 2.75, 28.0, 3.75, 28.5 ], "windMode": [-1,-1,-1,-1] },
										"east": { "texture": "#sailfishcombined", "uv": [ 3.75, 28.0, 5.25, 28.5 ] },
										"south": { "texture": "#sailfishcombined", "uv": [ 5.25, 28.0, 6.25, 28.5 ] },
										"west": { "texture": "#sailfishcombined", "uv": [ 6.25, 28.0, 7.75, 28.5 ] },
										"up": { "texture": "#sailfishcombined", "uv": [ 2.75, 26.5, 3.75, 28.0 ] },
										"down": { "texture": "#sailfishcombined", "uv": [ 3.75, 26.5, 4.75, 28.0 ] }
									}
								}
							]
						}
					]
				},
				{
					"name": "FinBaseRight",
					"from": [ 1.4, 0.6, 0.5 ], 
					"to": [ 2.8, 1.2, 3.5 ], 
					"uv": [ 0.0, 26.5 ],
					"rotationOrigin": [ 1.3, 0.8, 0.5 ],
					"rotationX": 135.0,
					"rotationZ": -22.5,
					"faces": {
						"north": { "texture": "#null", "uv": [ 0.0, 29.5, 1.375, 30.0 ] },
						"east": { "texture": "#sailfishcombined", "uv": [ 1.375, 29.5, 4.375, 30.0 ] },
						"south": { "texture": "#null", "uv": [ 0.0, 0.0, 1.0, 0.5 ], "enabled": false },
						"west": { "texture": "#sailfishcombined", "uv": [ 4.375, 29.5, 7.375, 30.0 ] },
						"up": { "texture": "#sailfishcombined", "uv": [ 0.0, 26.5, 1.375, 29.5 ] },
						"down": { "texture": "#sailfishcombined", "uv": [ 1.375, 26.5, 2.75, 29.5 ] }
					},
					"children": [
						{
							"name": "FinBaseRightMid",
							"from": [ 0.2, 0.0, 2.8 ], 
							"to": [ 1.4, 0.6, 4.4 ], 
							"unwrapRotation": 1,
							"uv": [ 2.745, 26.495 ],
							"rotationOrigin": [ 0.8, 0.2, 2.8 ],
							"rotationY": 10.0,
							"rotationZ": 5.0,
							"faces": {
								"north": { "texture": "#sailfishcombined", "uv": [ 2.75, 28.0, 3.875, 28.5 ], "windMode": [-1,-1,-1,-1] },
								"east": { "texture": "#sailfishcombined", "uv": [ 3.875, 28.0, 5.375, 28.5 ] },
								"south": { "texture": "#sailfishcombined", "uv": [ 5.375, 28.0, 6.5, 28.5 ], "windMode": [-1,-1,-1,-1] },
								"west": { "texture": "#sailfishcombined", "uv": [ 6.5, 28.0, 8.0, 28.5 ] },
								"up": { "texture": "#sailfishcombined", "uv": [ 2.75, 26.5, 3.875, 28.0 ] },
								"down": { "texture": "#sailfishcombined", "uv": [ 3.875, 26.5, 5.0, 28.0 ] }
							},
							"children": [
								{
									"name": "FinBaseRightTip",
									"from": [ 0.2, 0.0, 1.4 ], 
									"to": [ 1.2, 0.6, 3.0 ], 
									"uv": [ 2.75, 26.5 ],
									"rotationOrigin": [ 0.8, 0.2, 1.4 ],
									"rotationY": 5.0,
									"rotationZ": 5.0,
									"faces": {
										"north": { "texture": "#sailfishcombined", "uv": [ 2.75, 28.0, 3.75, 28.5 ], "windMode": [-1,-1,-1,-1] },
										"east": { "texture": "#sailfishcombined", "uv": [ 3.75, 28.0, 5.25, 28.5 ] },
										"south": { "texture": "#sailfishcombined", "uv": [ 5.25, 28.0, 6.25, 28.5 ] },
										"west": { "texture": "#sailfishcombined", "uv": [ 6.25, 28.0, 7.75, 28.5 ] },
										"up": { "texture": "#sailfishcombined", "uv": [ 2.75, 26.5, 3.75, 28.0 ] },
										"down": { "texture": "#sailfishcombined", "uv": [ 3.75, 26.5, 4.75, 28.0 ] }
									}
								}
							]
						}
					]
				},
				{
					"name": "PFinRightBase",
					"from": [ 2.0, -0.2, 1.0 ], 
					"to": [ 4.0, 0.8, 1.5 ], 
					"uv": [ 1.0, 16.5 ],
					"rotationOrigin": [ 2.0, 0.4, 1.25 ],
					"rotationX": 3.0,
					"rotationY": 13.0,
					"rotationZ": -60.0,
					"faces": {
						"north": { "texture": "#null", "uv": [ 1.0, 17.0, 3.0, 18.0 ] },
						"east": { "texture": "#null", "uv": [ 3.0, 17.0, 3.5, 18.0 ] },
						"south": { "texture": "#null", "uv": [ 3.5, 17.0, 5.5, 18.0 ] },
						"west": { "texture": "#null", "uv": [ 0.0, 0.0, 0.5, 1.0 ], "enabled": false },
						"up": { "texture": "#null", "uv": [ 1.0, 16.5, 3.0, 17.0 ] },
						"down": { "texture": "#null", "uv": [ 3.0, 16.5, 5.0, 17.0 ] }
					},
					"children": [
						{
							"name": "PFinRightLong",
							"from": [ 1.8, 0.0, 0.02 ], 
							"to": [ 9.8, 1.0, 0.48 ], 
							"autoUnwrap": false,
							"uv": [ 15.5, 27.5 ],
							"rotationOrigin": [ 1.8, 0.6, 0.25 ],
							"rotationZ": 10.0,
							"faces": {
								"north": { "texture": "#null", "uv": [ 6.0, 27.5, 14.0, 28.5 ] },
								"east": { "texture": "#null", "uv": [ 14.0, 27.5, 14.5, 28.5 ] },
								"south": { "texture": "#null", "uv": [ 6.0, 27.5, 14.0, 28.5 ] },
								"west": { "texture": "#null", "uv": [ 14.0, 27.5, 14.5, 28.5 ] },
								"up": { "texture": "#null", "uv": [ 6.0, 27.0, 14.0, 27.5 ] },
								"down": { "texture": "#null", "uv": [ 6.0, 27.0, 14.0, 27.5 ] }
							}
						}
					]
				},
				{
					"name": "PFinLeftBase",
					"from": [ 2.0, -0.2, 1.4 ], 
					"to": [ 4.0, 0.8, 1.9 ], 
					"uv": [ 1.0, 16.5 ],
					"rotationOrigin": [ 2.0, 0.4, 1.65 ],
					"rotationX": -3.0,
					"rotationY": -13.0,
					"rotationZ": -60.0,
					"faces": {
						"north": { "texture": "#null", "uv": [ 1.0, 17.0, 3.0, 18.0 ] },
						"east": { "texture": "#null", "uv": [ 3.0, 17.0, 3.5, 18.0 ] },
						"south": { "texture": "#null", "uv": [ 3.5, 17.0, 5.5, 18.0 ] },
						"west": { "texture": "#null", "uv": [ 0.0, 0.0, 0.5, 1.0 ], "enabled": false },
						"up": { "texture": "#null", "uv": [ 1.0, 16.5, 3.0, 17.0 ] },
						"down": { "texture": "#null", "uv": [ 3.0, 16.5, 5.0, 17.0 ] }
					},
					"children": [
						{
							"name": "PFinLeftLong",
							"from": [ 1.8, 0.0, 0.02 ], 
							"to": [ 9.8, 1.0, 0.48 ], 
							"autoUnwrap": false,
							"uv": [ 6.0, 27.0 ],
							"rotationOrigin": [ 1.8, 0.6, 0.25 ],
							"rotationZ": 10.0,
							"faces": {
								"north": { "texture": "#null", "uv": [ 6.0, 27.5, 14.0, 28.5 ] },
								"east": { "texture": "#null", "uv": [ 14.0, 27.5, 14.5, 28.5 ] },
								"south": { "texture": "#null", "uv": [ 6.0, 27.5, 14.0, 28.5 ] },
								"west": { "texture": "#null", "uv": [ 14.0, 27.5, 14.5, 28.5 ] },
								"up": { "texture": "#null", "uv": [ 6.0, 27.0, 14.0, 27.5 ] },
								"down": { "texture": "#null", "uv": [ 6.0, 27.0, 14.0, 27.5 ] }
							}
						}
					]
				},
				{
					"name": "TopFaceChamfer",
					"from": [ -2.0, 4.2, 0.13 ], 
					"to": [ 0.0, 5.0, 2.86 ], 
					"autoUnwrap": false,
					"uv": [ 0.0, 23.5 ],
					"rotationOrigin": [ 0.0, 5.2, 1.6 ],
					"rotationZ": 15.2,
					"faces": {
						"north": { "texture": "#sailfishcombined", "uv": [ 2.0, 26.0, 4.0, 26.5 ], "autoUv": false },
						"east": { "texture": "#null", "uv": [ 0.0, 0.0, 2.625, 0.75 ], "enabled": false },
						"south": { "texture": "#sailfishcombined", "uv": [ 2.0, 26.0, 4.0, 26.5 ], "autoUv": false },
						"west": { "texture": "#sailfishcombined", "uv": [ 2.0, 26.0, 4.0, 26.5 ], "autoUv": false },
						"up": { "texture": "#sailfishcombined", "uv": [ 0.0, 23.5, 2.0, 26.0 ], "autoUv": false },
						"down": { "texture": "#null", "uv": [ 2.0, 23.5, 4.0, 26.125 ] }
					},
					"children": [
						{
							"name": "Chamfer2",
							"from": [ -2.58, -0.22, 0.22 ], 
							"to": [ 0.22, 0.78, 2.54 ], 
							"autoUnwrap": false,
							"uv": [ 6.25, 23.5 ],
							"rotationOrigin": [ 0.2247, 0.78, 1.06 ],
							"rotationZ": 9.0,
							"faces": {
								"north": { "texture": "#sailfishcombined", "uv": [ 8.25, 25.5, 11.0, 26.5 ] },
								"east": { "texture": "#null", "uv": [ 0.0, 0.0, 2.25, 1.0 ], "enabled": false },
								"south": { "texture": "#sailfishcombined", "uv": [ 8.25, 25.5, 11.0, 26.5 ] },
								"west": { "texture": "#sailfishcombined", "uv": [ 2.875, 3.0, 5.125, 4.0 ] },
								"up": { "texture": "#sailfishcombined", "uv": [ 6.5, 24.25, 9.25, 26.5 ] },
								"down": { "texture": "#null", "uv": [ 0.0, 0.0, 2.75, 2.25 ], "enabled": false }
							}
						}
					]
				},
				{
					"name": "NeckBase",
					"from": [ -0.86, -0.09, 0.18 ], 
					"to": [ 0.44, 4.71, 2.78 ], 
					"autoUnwrap": false,
					"uv": [ -0.25, 16.5 ],
					"rotationOrigin": [ -0.8572, -0.0922, 0.18 ],
					"rotationZ": -6.0,
					"faces": {
						"north": { "texture": "#sailfishcombined", "uv": [ 2.0, 19.0, 1.0, 23.5 ], "autoUv": false },
						"east": { "texture": "#null", "uv": [ 0.0, 0.0, 2.5, 4.75 ], "enabled": false },
						"south": { "texture": "#sailfishcombined", "uv": [ 1.0, 19.0, 2.0, 23.5 ], "autoUv": false },
						"west": { "texture": "#sailfishcombined", "uv": [ 2.0, 19.0, 4.5, 23.75 ] },
						"up": { "texture": "#null", "uv": [ 0.0, 0.0, 1.25, 2.5 ], "enabled": false },
						"down": { "texture": "#sailfishcombined", "uv": [ 0.0, 16.5, 1.25, 19.0 ] }
					},
					"children": [
						{
							"name": "HeadBase",
							"from": [ -0.96, 0.7, 0.0 ], 
							"to": [ 0.04, 4.4, 2.66 ], 
							"autoUnwrap": false,
							"uv": [ 4.5, 20.0 ],
							"rotationOrigin": [ 0.045, 1.3005, 1.52 ],
							"faces": {
								"north": { "texture": "#sailfishcombined", "uv": [ 6.5, 20.0, 5.5, 23.52 ], "autoUv": false },
								"east": { "texture": "#null", "uv": [ 0.0, 0.0, 2.625, 3.625 ], "enabled": false },
								"south": { "texture": "#sailfishcombined", "uv": [ 5.5, 20.0, 6.5, 23.5 ], "autoUv": false },
								"west": { "texture": "#sailfishcombined", "uv": [ 6.5, 20.0, 9.0, 23.5 ], "autoUv": false },
								"up": { "texture": "#null", "uv": [ 0.0, 0.0, 1.0, 2.625 ], "enabled": false },
								"down": { "texture": "#null", "uv": [ 0.0, 0.0, 1.0, 2.625 ], "enabled": false }
							},
							"children": [
								{
									"name": "JawBottom",
									"from": [ -2.72, 0.2, 0.28 ], 
									"to": [ -0.72, 0.9, 2.38 ], 
									"autoUnwrap": false,
									"uv": [ 13.0, 20.5 ],
									"rotationOrigin": [ 0.0, 0.8, 1.22 ],
									"rotationZ": -11.0,
									"faces": {
										"north": { "texture": "#sailfishcombined", "uv": [ 15.0, 22.5, 17.0, 23.0 ], "autoUv": false },
										"east": { "texture": "#null", "uv": [ 0.0, 0.0, 2.0, 0.625 ], "enabled": false },
										"south": { "texture": "#sailfishcombined", "uv": [ 15.0, 22.5, 17.0, 23.0 ], "autoUv": false },
										"west": { "texture": "#sailfishcombined", "uv": [ 17.0, 22.5, 19.0, 23.0 ], "autoUv": false },
										"up": { "texture": "#null", "uv": [ 0.0, 0.0, 2.0, 2.0 ], "enabled": false },
										"down": { "texture": "#sailfishcombined", "uv": [ 13.0, 20.5, 15.0, 22.5 ] }
									},
									"children": [
										{
											"name": "SwordBottom",
											"from": [ -0.66, 0.1, 0.22 ], 
											"to": [ 0.14, 0.7, 1.92 ], 
											"autoUnwrap": false,
											"uv": [ 10.38, 18.38 ],
											"rotationOrigin": [ 0.24, 0.41, 0.95 ],
											"rotationZ": 17.5,
											"faces": {
												"north": { "texture": "#sailfishcombined", "uv": [ 10.375, 20.0, 11.125, 20.5 ] },
												"east": { "texture": "#null", "uv": [ 0.0, 0.0, 1.625, 0.5 ], "enabled": false },
												"south": { "texture": "#sailfishcombined", "uv": [ 12.75, 20.0, 13.5, 20.5 ] },
												"west": { "texture": "#sailfishcombined", "uv": [ 11.875, 20.0, 13.5, 20.5 ] },
												"up": { "texture": "#sailfishcombined", "uv": [ 11.0, 18.5, 11.5, 20.0 ], "autoUv": false, "windMode": [-1,-1,-1,-1] },
												"down": { "texture": "#sailfishcombined", "uv": [ 11.5, 18.375, 12.25, 20.0 ] }
											},
											"children": [
												{
													"name": "Sword39",
													"from": [ -0.95, 0.06, 0.37 ], 
													"to": [ 0.05, 0.56, 1.37 ], 
													"uv": [ 5.5, 18.0 ],
													"rotationOrigin": [ -0.54, 0.3636, 0.8 ],
													"faces": {
														"north": { "texture": "#sailfishcombined", "uv": [ 5.5, 19.0, 6.5, 19.5 ] },
														"east": { "texture": "#null", "uv": [ 0.0, 0.0, 1.0, 0.5 ], "enabled": false },
														"south": { "texture": "#sailfishcombined", "uv": [ 6.5, 19.0, 7.5, 19.5 ] },
														"west": { "texture": "#sailfishcombined", "uv": [ 7.5, 19.0, 8.5, 19.5 ] },
														"up": { "texture": "#sailfishcombined", "uv": [ 5.5, 18.0, 6.5, 19.0 ] },
														"down": { "texture": "#sailfishcombined", "uv": [ 6.5, 18.0, 7.5, 19.0 ] }
													},
													"children": [
														{
															"name": "Sword41",
															"from": [ -0.4, 0.2, 0.0 ], 
															"to": [ 0.0, 0.5, 1.0 ], 
															"uv": [ 10.0, 19.5 ],
															"rotationOrigin": [ 0.01, 0.5036, 0.5 ],
															"faces": {
																"north": { "texture": "#sailfishcombined", "uv": [ 10.0, 20.5, 10.5, 21.0 ] },
																"east": { "texture": "#null", "uv": [ 0.0, 0.0, 1.0, 0.5 ], "enabled": false },
																"south": { "texture": "#sailfishcombined", "uv": [ 10.5, 20.5, 11.0, 21.0 ] },
																"west": { "texture": "#sailfishcombined", "uv": [ 11.0, 20.5, 12.0, 21.0 ] },
																"up": { "texture": "#sailfishcombined", "uv": [ 10.0, 19.5, 10.5, 20.5 ] },
																"down": { "texture": "#sailfishcombined", "uv": [ 10.5, 19.5, 11.0, 20.5 ] }
															}
														}
													]
												}
											]
										},
										{
											"name": "MouthTongue",
											"from": [ -0.0367, 0.7316, 0.01 ], 
											"to": [ 2.5633, 1.2316, 2.09 ], 
											"uv": [ 13.5, 18.0 ],
											"rotationOrigin": [ 1.9681, 1.3316, 0.94 ],
											"rotationZ": 18.0,
											"faces": {
												"north": { "texture": "#sailfishcombined", "uv": [ 13.5, 20.0, 16.0, 20.5 ] },
												"east": { "texture": "#null", "uv": [ 16.0, 20.0, 18.0, 20.5 ] },
												"south": { "texture": "#sailfishcombined", "uv": [ 18.0, 20.0, 20.5, 20.5 ] },
												"west": { "texture": "#null", "uv": [ 20.5, 20.0, 22.5, 20.5 ] },
												"up": { "texture": "#sailfishcombined", "uv": [ 13.5, 18.0, 16.0, 20.0 ] },
												"down": { "texture": "#null", "uv": [ 16.0, 18.0, 18.5, 20.0 ] }
											}
										}
									]
								},
								{
									"name": "HeadPrime",
									"from": [ -1.3211, 0.4, 0.18 ], 
									"to": [ 0.0789, 2.9, 2.46 ], 
									"autoUnwrap": false,
									"uv": [ 9.0, 18.75 ],
									"rotationOrigin": [ 0.0789, 1.0098, 1.02 ],
									"rotationZ": 2.0,
									"faces": {
										"north": { "texture": "#sailfishcombined", "uv": [ 9.0, 21.0, 10.375, 23.5 ] },
										"east": { "texture": "#null", "uv": [ 0.0, 0.0, 2.25, 2.5 ], "enabled": false },
										"south": { "texture": "#sailfishcombined", "uv": [ 9.0, 21.0, 10.375, 23.5 ] },
										"west": { "texture": "#sailfishcombined", "uv": [ 10.75, 21.0, 13.0, 23.5 ] },
										"up": { "texture": "#null", "uv": [ 0.0, 0.0, 1.375, 2.25 ], "enabled": false },
										"down": { "texture": "#sailfishcombined", "uv": [ 9.0, 18.75, 10.375, 21.0 ], "autoUv": false, "windMode": [-1,-1,-1,-1] }
									},
									"children": [
										{
											"name": "SwordBase",
											"from": [ -1.96, 1.82, 0.1 ], 
											"to": [ 0.44, 2.42, 2.2 ], 
											"uv": [ 15.5, 9.0 ],
											"rotationOrigin": [ -0.3668, 2.4139, 0.84 ],
											"rotationZ": 24.0,
											"faces": {
												"north": { "texture": "#sailfishcombined", "uv": [ 15.5, 11.0, 17.5, 11.5 ] },
												"east": { "texture": "#null", "uv": [ 0.0, 0.0, 2.0, 0.5 ], "enabled": false },
												"south": { "texture": "#sailfishcombined", "uv": [ 17.5, 11.0, 19.5, 11.5 ] },
												"west": { "texture": "#null", "uv": [ 0.0, 0.0, 2.0, 0.5 ], "enabled": false },
												"up": { "texture": "#sailfishcombined", "uv": [ 15.5, 9.0, 17.5, 11.0 ] },
												"down": { "texture": "#null", "uv": [ 0.0, 0.0, 2.0, 2.0 ], "enabled": false }
											},
											"children": [
												{
													"name": "Sword",
													"from": [ -7.7, 0.0, 0.6 ], 
													"to": [ -0.3, 0.7, 1.6 ], 
													"uv": [ 5.5, 16.5 ],
													"rotationOrigin": [ -0.29, 0.3043, 1.04 ],
													"rotationZ": -19.5,
													"faces": {
														"north": { "texture": "#sailfishcombined", "uv": [ 5.5, 17.5, 12.5, 18.0 ] },
														"east": { "texture": "#null", "uv": [ 0.0, 0.0, 1.0, 0.5 ], "enabled": false },
														"south": { "texture": "#sailfishcombined", "uv": [ 12.5, 17.5, 19.5, 18.0 ] },
														"west": { "texture": "#sailfishcombined", "uv": [ 19.5, 17.5, 20.5, 18.0 ] },
														"up": { "texture": "#sailfishcombined", "uv": [ 5.5, 16.5, 12.5, 17.5 ] },
														"down": { "texture": "#sailfishcombined", "uv": [ 12.5, 16.5, 19.5, 17.5 ] }
													},
													"children": [
														{
															"name": "Sword37",
															"from": [ -0.4, 0.1, 0.2 ], 
															"to": [ 0.0, 0.7, 0.8 ], 
															"autoUnwrap": false,
															"uv": [ 4.5, 18.5 ],
															"rotationOrigin": [ 0.01, 0.4043, 0.7 ],
															"faces": {
																"north": { "texture": "#sailfishcombined", "uv": [ 4.5, 19.0, 4.875, 19.5 ] },
																"east": { "texture": "#null", "uv": [ 0.0, 0.0, 0.5, 0.5 ], "enabled": false },
																"south": { "texture": "#sailfishcombined", "uv": [ 4.875, 19.0, 5.25, 19.5 ] },
																"west": { "texture": "#sailfishcombined", "uv": [ 5.0, 19.0, 5.5, 19.5 ] },
																"up": { "texture": "#sailfishcombined", "uv": [ 4.5, 18.5, 4.875, 19.0 ] },
																"down": { "texture": "#sailfishcombined", "uv": [ 4.875, 18.5, 5.25, 19.0 ] }
															},
															"children": [
																{
																	"name": "Sword38",
																	"from": [ -0.3, 0.2, 0.2 ], 
																	"to": [ 0.0, 0.6, 0.5 ], 
																	"autoUnwrap": false,
																	"uv": [ 4.5, 18.5 ],
																	"rotationOrigin": [ -0.09, 0.5043, 0.7 ],
																	"faces": {
																		"north": { "texture": "#sailfishcombined", "uv": [ 4.5, 18.875, 4.75, 19.25 ] },
																		"east": { "texture": "#null", "uv": [ 0.0, 0.0, 0.25, 0.375 ], "enabled": false },
																		"south": { "texture": "#sailfishcombined", "uv": [ 4.75, 18.875, 5.0, 19.25 ] },
																		"west": { "texture": "#sailfishcombined", "uv": [ 4.5, 18.5, 4.75, 18.875 ] },
																		"up": { "texture": "#sailfishcombined", "uv": [ 4.5, 18.5, 4.75, 18.75 ] },
																		"down": { "texture": "#sailfishcombined", "uv": [ 4.75, 18.5, 5.0, 18.75 ] }
																	}
																}
															]
														}
													]
												}
											]
										},
										{
											"name": "SwordBaseSnout",
											"from": [ -2.06, 1.1, 0.2 ], 
											"to": [ 0.14, 1.8, 2.1 ], 
											"autoUnwrap": false,
											"uv": [ 9.0, 23.5 ],
											"rotationOrigin": [ -0.8, 1.42, 0.94 ],
											"faces": {
												"north": { "texture": "#sailfishcombined", "uv": [ 13.0, 25.0, 11.0, 25.5 ], "autoUv": false },
												"east": { "texture": "#null", "uv": [ 0.0, 0.0, 1.875, 0.625 ], "enabled": false },
												"south": { "texture": "#sailfishcombined", "uv": [ 11.0, 25.0, 13.0, 25.5 ], "autoUv": false },
												"west": { "texture": "#sailfishcombined", "uv": [ 9.0, 23.5, 10.875, 24.125 ] },
												"up": { "texture": "#sailfishcombined", "uv": [ 6.875, 23.5, 9.0, 25.375 ] },
												"down": { "texture": "#sailfishcombined", "uv": [ 11.0, 23.5, 13.0, 25.0 ], "autoUv": false }
											}
										},
										{
											"name": "EyeLeft",
											"from": [ -0.5, 1.5, 2.1 ], 
											"to": [ 0.0, 2.0, 2.4 ], 
											"uv": [ 12.25, 10.75 ],
											"rotationOrigin": [ -0.3, 1.9, 2.4 ],
											"faces": {
												"north": { "texture": "#null", "uv": [ 0.0, 0.0, 0.5, 0.5 ], "enabled": false },
												"east": { "texture": "#sailfishcombined", "uv": [ 12.25, 11.0, 12.5, 11.5 ] },
												"south": { "texture": "#sailfishcombined", "uv": [ 12.5, 11.0, 13.0, 11.5 ] },
												"west": { "texture": "#sailfishcombined", "uv": [ 13.0, 11.0, 13.25, 11.5 ] },
												"up": { "texture": "#sailfishcombined", "uv": [ 12.25, 10.75, 12.75, 11.0 ] },
												"down": { "texture": "#sailfishcombined", "uv": [ 12.75, 10.75, 13.25, 11.0 ] }
											}
										},
										{
											"name": "EyeRight",
											"from": [ -0.5, 1.5, -0.1 ], 
											"to": [ 0.0, 2.0, 0.2 ], 
											"autoUnwrap": false,
											"uv": [ 12.0, 10.5 ],
											"rotationOrigin": [ -0.3, 1.9, 0.2 ],
											"faces": {
												"north": { "texture": "#sailfishcombined", "uv": [ 13.0, 11.0, 12.5, 11.5 ], "autoUv": false },
												"east": { "texture": "#null", "uv": [ 12.5, 11.0, 12.75, 11.5 ] },
												"south": { "texture": "#null", "uv": [ 0.0, 0.0, 0.5, 0.5 ], "enabled": false },
												"west": { "texture": "#sailfishcombined", "uv": [ 13.0, 11.0, 13.25, 11.5 ] },
												"up": { "texture": "#null", "uv": [ 12.0, 10.5, 12.5, 10.75 ] },
												"down": { "texture": "#null", "uv": [ 12.5, 10.5, 13.0, 10.75 ] }
											}
										}
									]
								}
							]
						},
						{
							"name": "BottomChamferMid",
							"from": [ -2.31, 0.21, 0.26 ], 
							"to": [ 0.19, 1.01, 2.38 ], 
							"autoUnwrap": false,
							"uv": [ 16.5, 23.0 ],
							"rotationOrigin": [ -0.3087, 0.2081, 1.72 ],
							"rotationZ": -22.5,
							"faces": {
								"north": { "texture": "#sailfishcombined", "uv": [ 16.5, 24.25, 19.0, 25.0 ] },
								"east": { "texture": "#null", "uv": [ 0.0, 0.0, 2.0, 0.75 ], "enabled": false },
								"south": { "texture": "#sailfishcombined", "uv": [ 16.5, 24.25, 19.0, 25.0 ] },
								"west": { "texture": "#sailfishcombined", "uv": [ 17.0, 24.25, 19.0, 25.0 ] },
								"up": { "texture": "#null", "uv": [ 0.0, 0.0, 2.5, 2.0 ], "enabled": false },
								"down": { "texture": "#sailfishcombined", "uv": [ 16.5, 23.0, 19.0, 25.0 ] }
							}
						},
						{
							"name": "BottomChamferRight",
							"from": [ -1.11, 0.01, 0.06 ], 
							"to": [ 0.39, 0.51, 0.58 ], 
							"autoUnwrap": false,
							"uv": [ 13.0, 24.0 ],
							"rotationOrigin": [ 0.39, 0.01, 0.32 ],
							"rotationZ": -22.5,
							"faces": {
								"north": { "texture": "#sailfishcombined", "uv": [ 14.5, 24.5, 16.0, 25.0 ] },
								"east": { "texture": "#null", "uv": [ 0.0, 0.0, 0.5, 0.5 ], "enabled": false },
								"south": { "texture": "#null", "uv": [ 14.5, 24.5, 16.0, 25.0 ] },
								"west": { "texture": "#sailfishcombined", "uv": [ 16.0, 24.5, 16.5, 25.0 ] },
								"up": { "texture": "#null", "uv": [ 0.0, 0.0, 1.5, 0.5 ], "enabled": false },
								"down": { "texture": "#sailfishcombined", "uv": [ 13.0, 24.5, 14.5, 24.0 ], "autoUv": false }
							}
						},
						{
							"name": "BottomChamferLeft",
							"from": [ -1.11, 0.01, 2.06 ], 
							"to": [ 0.39, 0.51, 2.58 ], 
							"autoUnwrap": false,
							"uv": [ 13.0, 24.0 ],
							"rotationOrigin": [ 0.39, 0.01, 2.32 ],
							"rotationZ": -22.5,
							"faces": {
								"north": { "texture": "#null", "uv": [ 13.0, 24.5, 14.5, 25.0 ] },
								"east": { "texture": "#null", "uv": [ 0.0, 0.0, 0.5, 0.5 ], "enabled": false },
								"south": { "texture": "#sailfishcombined", "uv": [ 14.5, 24.5, 16.0, 25.0 ] },
								"west": { "texture": "#sailfishcombined", "uv": [ 16.0, 24.5, 16.5, 25.0 ] },
								"up": { "texture": "#null", "uv": [ 0.0, 0.0, 1.5, 0.5 ], "enabled": false },
								"down": { "texture": "#sailfishcombined", "uv": [ 13.0, 24.0, 14.5, 24.5 ] }
							}
						}
					]
				}
			]
		}
	]}