{
	"editor": {
		"allAngles": false,
		"entityTextureMode": true
	},
	"textureWidth": 16,
	"textureHeight": 16,
	"textureSizes": {
		"0": [16,16],
		"sharkcombined": [192,192]
	},
	"textures": {
		"sharkcombined": "somethinginthewater:entity/sharkcombined"
	},
	"elements": [
		{
			"name": "b_Bone.005",
			"from": [ -18.49, 2.51, 8.0 ], 
			"to": [ -18.49, 2.51, 13.0 ], 
			"uv": [ 999.0, 999.0 ],
			"rotationOrigin": [ -18.4943, 2.5141, 8.0 ],
			"faces": {
				"north": { "texture": "#sharkcombined", "uv": [ 0.0, 0.0, 0.0, 0.0 ], "enabled": false },
				"east": { "texture": "#sharkcombined", "uv": [ 0.0, 0.0, 0.0, 0.0 ], "enabled": false },
				"south": { "texture": "#sharkcombined", "uv": [ 0.0, 0.0, 0.0, 0.0 ], "enabled": false },
				"west": { "texture": "#sharkcombined", "uv": [ 0.0, 0.0, 0.0, 0.0 ], "enabled": false },
				"up": { "texture": "#sharkcombined", "uv": [ 0.0, 0.0, 0.0, 0.0 ], "enabled": false },
				"down": { "texture": "#sharkcombined", "uv": [ 0.0, 0.0, 0.0, 0.0 ], "enabled": false }
			},
			"children": [
				{
					"name": "Cube.011",
					"from": [ -4.1537, 1.2751, -5.1383 ], 
					"to": [ 9.818, 9.4236, 5.1383 ], 
					"uv": [ 60.0, 148.0 ],
					"rotationOrigin": [ 2.8321, 5.3494, 0.0 ],
					"rotationY": 180.0,
					"rotationZ": -6.607,
					"faces": {
						"north": { "texture": "#sharkcombined", "uv": [ 60.0, 162.0, 70.0, 167.0 ] },
						"east": { "texture": "#sharkcombined", "uv": [ 72.0, 162.0, 82.0, 167.0 ] },
						"south": { "texture": "#sharkcombined", "uv": [ 84.0, 162.0, 94.0, 167.0 ] },
						"west": { "texture": "#sharkcombined", "uv": [ 96.0, 162.0, 106.0, 167.0 ] },
						"up": { "texture": "#sharkcombined", "uv": [ 60.0, 150.0, 70.0, 160.0 ] },
						"down": { "texture": "#sharkcombined", "uv": [ 72.0, 150.0, 82.0, 160.0 ] }
					},
					"children": [
						{
							"name": "Cube.012",
							"from": [ 0.694, -1.1234, 0.1475 ], 
							"to": [ 13.7171, 2.7439, 10.129 ], 
							"uv": [ 49.0, 131.0 ],
							"rotationOrigin": [ 7.2055, 0.8103, 5.1383 ],
							"rotationZ": 9.399,
							"faces": {
								"north": { "texture": "#sharkcombined", "uv": [ 48.0, 138.0, 58.0, 143.0 ] },
								"east": { "texture": "#sharkcombined", "uv": [ 66.0, 138.0, 71.0, 143.0 ] },
								"south": { "texture": "#sharkcombined", "uv": [ 72.0, 138.0, 82.0, 143.0 ] },
								"west": { "texture": "#sharkcombined", "uv": [ 84.0, 138.0, 89.0, 143.0 ] },
								"up": { "texture": "#sharkcombined", "uv": [ 48.0, 132.0, 58.0, 137.0 ] },
								"down": { "texture": "#sharkcombined", "uv": [ 66.0, 132.0, 76.0, 137.0 ] }
							}
						},
						{
							"name": "Cube.013",
							"from": [ 13.3406, 2.6877, 0.9957 ], 
							"to": [ 19.2836, 7.5734, 9.2808 ], 
							"uv": [ 7.0, 62.0 ],
							"rotationOrigin": [ 16.3121, 5.1306, 5.1383 ],
							"rotationZ": -10.9,
							"faces": {
								"north": { "texture": "#sharkcombined", "uv": [ 6.0, 72.0, 11.0, 77.0 ] },
								"east": { "texture": "#sharkcombined", "uv": [ 18.0, 72.0, 23.0, 77.0 ] },
								"south": { "texture": "#sharkcombined", "uv": [ 24.0, 72.0, 29.0, 77.0 ] },
								"west": { "texture": "#sharkcombined", "uv": [ 30.0, 72.0, 35.0, 77.0 ] },
								"up": { "texture": "#sharkcombined", "uv": [ 6.0, 60.0, 11.0, 65.0 ] },
								"down": { "texture": "#sharkcombined", "uv": [ 18.0, 60.0, 23.0, 65.0 ] }
							},
							"children": [
								{
									"name": "Cube.014",
									"from": [ 0.0191, -1.6138, 0.1189 ], 
									"to": [ 5.5926, 1.3532, 8.1662 ], 
									"uv": [ 120.0, 134.0 ],
									"rotationOrigin": [ 2.8058, -0.1303, 4.1425 ],
									"rotationZ": 29.927,
									"faces": {
										"north": { "texture": "#sharkcombined", "uv": [ 120.0, 144.0, 125.0, 149.0 ] },
										"east": { "texture": "#sharkcombined", "uv": [ 126.0, 144.0, 131.0, 149.0 ] },
										"south": { "texture": "#sharkcombined", "uv": [ 132.0, 144.0, 137.0, 149.0 ] },
										"west": { "texture": "#sharkcombined", "uv": [ 138.0, 144.0, 143.0, 149.0 ] },
										"up": { "texture": "#sharkcombined", "uv": [ 120.0, 132.0, 125.0, 137.0 ] },
										"down": { "texture": "#sharkcombined", "uv": [ 126.0, 132.0, 131.0, 137.0 ] }
									}
								}
							]
						}
					]
				},
				{
					"name": "b_Bone.004",
					"from": [ 8.1489, 0.0, 0.0 ], 
					"to": [ 8.1489, 0.0, 0.0 ], 
					"uv": [ 999.0, 999.0 ],
					"rotationOrigin": [ 8.1489, 0.0, 0.0 ],
					"faces": {
						"north": { "texture": "#sharkcombined", "uv": [ 0.0, 0.0, 0.0, 0.0 ], "enabled": false },
						"east": { "texture": "#sharkcombined", "uv": [ 0.0, 0.0, 0.0, 0.0 ], "enabled": false },
						"south": { "texture": "#sharkcombined", "uv": [ 0.0, 0.0, 0.0, 0.0 ], "enabled": false },
						"west": { "texture": "#sharkcombined", "uv": [ 0.0, 0.0, 0.0, 0.0 ], "enabled": false },
						"up": { "texture": "#sharkcombined", "uv": [ 0.0, 0.0, 0.0, 0.0 ], "enabled": false },
						"down": { "texture": "#sharkcombined", "uv": [ 0.0, 0.0, 0.0, 0.0 ], "enabled": false }
					},
					"children": [
						{
							"name": "Cube.001",
							"from": [ -1.6079, -0.1483, -6.0 ], 
							"to": [ 19.2028, 11.9887, 6.0 ], 
							"uv": [ 5.0, 157.0 ],
							"rotationOrigin": [ 8.7974, 5.9202, 0.0 ],
							"rotationY": 180.0,
							"rotationZ": -6.607,
							"faces": {
								"north": { "texture": "#sharkcombined", "uv": [ 6.0, 174.0, 26.0, 184.0 ] },
								"east": { "texture": "#sharkcombined", "uv": [ 30.0, 174.0, 40.0, 184.0 ] },
								"south": { "texture": "#sharkcombined", "uv": [ 42.0, 174.0, 62.0, 184.0 ] },
								"west": { "texture": "#sharkcombined", "uv": [ 66.0, 174.0, 76.0, 184.0 ] },
								"up": { "texture": "#sharkcombined", "uv": [ 6.0, 156.0, 26.0, 166.0 ] },
								"down": { "texture": "#sharkcombined", "uv": [ 30.0, 156.0, 50.0, 166.0 ] }
							},
							"children": [
								{
									"name": "Cube.002",
									"from": [ 1.0337, -1.6732, 0.1723 ], 
									"to": [ 20.4314, 4.087, 11.8277 ], 
									"uv": [ 122.0, 6.5 ],
									"rotationOrigin": [ 10.7325, 1.2069, 6.0 ],
									"rotationZ": 9.399,
									"faces": {
										"north": { "texture": "#sharkcombined", "uv": [ 120.0, 24.0, 135.0, 29.0 ] },
										"east": { "texture": "#sharkcombined", "uv": [ 144.0, 24.0, 154.0, 29.0 ] },
										"south": { "texture": "#sharkcombined", "uv": [ 156.0, 24.0, 171.0, 29.0 ] },
										"west": { "texture": "#sharkcombined", "uv": [ 174.0, 24.0, 184.0, 29.0 ] },
										"up": { "texture": "#sharkcombined", "uv": [ 120.0, 6.0, 135.0, 16.0 ] },
										"down": { "texture": "#sharkcombined", "uv": [ 144.0, 6.0, 159.0, 16.0 ] }
									}
								},
								{
									"name": "Cube1",
									"from": [ 9.49, 0.49, 4.0 ], 
									"to": [ 10.49, 1.49, 5.0 ], 
									"uv": [ 0.0, -6.0 ],
									"rotationOrigin": [ 9.4928, 0.4922, 4.0 ],
									"rotationX": -180.0,
									"rotationZ": 173.393,
									"faces": {
										"north": { "texture": "#sharkcombined", "uv": [ 0.0, 0.0, 6.0, 6.0 ] },
										"east": { "texture": "#sharkcombined", "uv": [ 6.0, 0.0, 12.0, 6.0 ] },
										"south": { "texture": "#sharkcombined", "uv": [ 12.0, 0.0, 18.0, 6.0 ] },
										"west": { "texture": "#sharkcombined", "uv": [ 18.0, 0.0, 24.0, 6.0 ] },
										"up": { "texture": "#sharkcombined", "uv": [ 0.0, -6.0, 6.0, 0.0 ] },
										"down": { "texture": "#sharkcombined", "uv": [ 6.0, -6.0, 12.0, 0.0 ] }
									}
								},
								{
									"name": "Cube38",
									"from": [ 9.49, 0.49, 4.0 ], 
									"to": [ 10.49, 1.49, 5.0 ], 
									"uv": [ 168.0, -6.0 ],
									"rotationOrigin": [ 9.4928, 0.4922, 4.0 ],
									"rotationX": -180.0,
									"rotationZ": 173.393,
									"faces": {
										"north": { "texture": "#sharkcombined", "uv": [ 168.0, 0.0, 174.0, 6.0 ] },
										"east": { "texture": "#sharkcombined", "uv": [ 174.0, 0.0, 180.0, 6.0 ] },
										"south": { "texture": "#sharkcombined", "uv": [ 180.0, 0.0, 186.0, 6.0 ] },
										"west": { "texture": "#sharkcombined", "uv": [ 186.0, 0.0, 192.0, 6.0 ] },
										"up": { "texture": "#sharkcombined", "uv": [ 168.0, -6.0, 174.0, 0.0 ] },
										"down": { "texture": "#sharkcombined", "uv": [ 174.0, -6.0, 180.0, 0.0 ] }
									}
								}
							]
						},
						{
							"name": "b_Bone.003",
							"from": [ 19.1038, 0.0, 0.0 ], 
							"to": [ 19.1038, 0.0, 0.0 ], 
							"uv": [ 999.0, 999.0 ],
							"rotationOrigin": [ 19.1038, 0.0, 0.0 ],
							"faces": {
								"north": { "texture": "#sharkcombined", "uv": [ 0.0, 0.0, 0.0, 0.0 ], "enabled": false },
								"east": { "texture": "#sharkcombined", "uv": [ 0.0, 0.0, 0.0, 0.0 ], "enabled": false },
								"south": { "texture": "#sharkcombined", "uv": [ 0.0, 0.0, 0.0, 0.0 ], "enabled": false },
								"west": { "texture": "#sharkcombined", "uv": [ 0.0, 0.0, 0.0, 0.0 ], "enabled": false },
								"up": { "texture": "#sharkcombined", "uv": [ 0.0, 0.0, 0.0, 0.0 ], "enabled": false },
								"down": { "texture": "#sharkcombined", "uv": [ 0.0, 0.0, 0.0, 0.0 ], "enabled": false }
							},
							"children": [
								{
									"name": "Cube",
									"from": [ -1.7951, 0.286, -6.0187 ], 
									"to": [ 10.2049, 12.286, 6.0121 ], 
									"uv": [ 62.0, 3.0 ],
									"rotationOrigin": [ 4.2049, 6.286, -0.0033 ],
									"rotationX": -0.001,
									"rotationY": -179.969,
									"rotationZ": 8.133,
									"faces": {
										"north": { "texture": "#sharkcombined", "uv": [ 60.0, 18.0, 70.0, 28.0 ] },
										"east": { "texture": "#sharkcombined", "uv": [ 78.0, 18.0, 88.0, 28.0 ] },
										"south": { "texture": "#sharkcombined", "uv": [ 90.0, 18.0, 100.0, 28.0 ] },
										"west": { "texture": "#sharkcombined", "uv": [ 102.0, 18.0, 112.0, 28.0 ] },
										"up": { "texture": "#sharkcombined", "uv": [ 60.0, 6.0, 70.0, 16.0 ] },
										"down": { "texture": "#sharkcombined", "uv": [ 78.0, 6.0, 88.0, 16.0 ] }
									},
									"children": [
										{
											"name": "Cube.003",
											"from": [ -1.1483, -1.5139, 0.2148 ], 
											"to": [ 10.8517, 5.6671, 11.816 ], 
											"uv": [ 122.0, 56.0 ],
											"rotationOrigin": [ 4.8517, 2.0766, 6.0154 ],
											"rotationZ": -17.948,
											"faces": {
												"north": { "texture": "#sharkcombined", "uv": [ 120.0, 72.0, 130.0, 77.0 ] },
												"east": { "texture": "#sharkcombined", "uv": [ 138.0, 72.0, 148.0, 77.0 ] },
												"south": { "texture": "#sharkcombined", "uv": [ 150.0, 72.0, 160.0, 77.0 ] },
												"west": { "texture": "#sharkcombined", "uv": [ 162.0, 72.0, 172.0, 77.0 ] },
												"up": { "texture": "#sharkcombined", "uv": [ 120.0, 54.0, 130.0, 64.0 ] },
												"down": { "texture": "#sharkcombined", "uv": [ 138.0, 54.0, 148.0, 64.0 ] }
											}
										},
										{
											"name": "Cube.026",
											"from": [ 4.9063, 8.469, 5.422 ], 
											"to": [ 8.0657, 19.1218, 6.6088 ], 
											"uv": [ 43.0, 74.0 ],
											"rotationOrigin": [ 6.486, 13.7954, 6.0154 ],
											"rotationZ": 26.639,
											"faces": {
												"north": { "texture": "#sharkcombined", "uv": [ 42.0, 84.0, 47.0, 94.0 ] },
												"east": { "texture": "#sharkcombined", "uv": [ 54.0, 84.0, 59.0, 94.0 ] },
												"south": { "texture": "#sharkcombined", "uv": [ 60.0, 84.0, 65.0, 94.0 ] },
												"west": { "texture": "#sharkcombined", "uv": [ 66.0, 84.0, 71.0, 94.0 ] },
												"up": { "texture": "#sharkcombined", "uv": [ 42.0, 72.0, 47.0, 77.0 ] },
												"down": { "texture": "#sharkcombined", "uv": [ 54.0, 72.0, 59.0, 77.0 ] }
											},
											"children": [
												{
													"name": "Cube.027",
													"from": [ -2.1991, 3.6439, -0.0231 ], 
													"to": [ 0.9603, 10.3506, 1.2099 ], 
													"uv": [ 6.0, 81.0 ],
													"rotationOrigin": [ -0.6194, 6.9972, 0.5934 ],
													"rotationZ": -34.864,
													"faces": {
														"north": { "texture": "#sharkcombined", "uv": [ 6.0, 90.0, 11.0, 95.0 ] },
														"east": { "texture": "#sharkcombined", "uv": [ 12.0, 90.0, 17.0, 95.0 ] },
														"south": { "texture": "#sharkcombined", "uv": [ 18.0, 90.0, 23.0, 95.0 ] },
														"west": { "texture": "#sharkcombined", "uv": [ 24.0, 90.0, 29.0, 95.0 ] },
														"up": { "texture": "#sharkcombined", "uv": [ 6.0, 84.0, 11.0, 89.0 ] },
														"down": { "texture": "#sharkcombined", "uv": [ 12.0, 84.0, 17.0, 89.0 ] }
													}
												},
												{
													"name": "Cube.028",
													"from": [ -2.6571, 2.3333, -0.0083 ], 
													"to": [ 1.522, 5.4928, 1.1951 ], 
													"uv": [ 150.0, 34.0 ],
													"rotationOrigin": [ -0.5676, 3.9131, 0.5934 ],
													"rotationZ": -26.683,
													"faces": {
														"north": { "texture": "#sharkcombined", "uv": [ 150.0, 42.0, 155.0, 47.0 ] },
														"east": { "texture": "#sharkcombined", "uv": [ 156.0, 42.0, 161.0, 47.0 ] },
														"south": { "texture": "#sharkcombined", "uv": [ 162.0, 42.0, 167.0, 47.0 ] },
														"west": { "texture": "#sharkcombined", "uv": [ 168.0, 42.0, 173.0, 47.0 ] },
														"up": { "texture": "#sharkcombined", "uv": [ 150.0, 36.0, 155.0, 41.0 ] },
														"down": { "texture": "#sharkcombined", "uv": [ 156.0, 36.0, 161.0, 41.0 ] }
													}
												}
											]
										}
									]
								},
								{
									"name": "b_Bone.001",
									"from": [ 12.2692, 0.0, 0.0 ], 
									"to": [ 12.2692, 0.0, 0.0 ], 
									"uv": [ 999.0, 999.0 ],
									"rotationOrigin": [ 12.2692, 0.0, 0.0 ],
									"faces": {
										"north": { "texture": "#sharkcombined", "uv": [ 0.0, 0.0, 0.0, 0.0 ], "enabled": false },
										"east": { "texture": "#sharkcombined", "uv": [ 0.0, 0.0, 0.0, 0.0 ], "enabled": false },
										"south": { "texture": "#sharkcombined", "uv": [ 0.0, 0.0, 0.0, 0.0 ], "enabled": false },
										"west": { "texture": "#sharkcombined", "uv": [ 0.0, 0.0, 0.0, 0.0 ], "enabled": false },
										"up": { "texture": "#sharkcombined", "uv": [ 0.0, 0.0, 0.0, 0.0 ], "enabled": false },
										"down": { "texture": "#sharkcombined", "uv": [ 0.0, 0.0, 0.0, 0.0 ], "enabled": false }
									},
									"children": [
										{
											"name": "Cube.004",
											"from": [ -1.996, 1.8462, -5.4407 ], 
											"to": [ 6.9409, 10.7831, 5.4226 ], 
											"uv": [ 122.0, 85.0 ],
											"rotationOrigin": [ 2.4725, 6.3147, -0.009 ],
											"rotationX": -0.001,
											"rotationY": -179.969,
											"rotationZ": 8.133,
											"faces": {
												"north": { "texture": "#sharkcombined", "uv": [ 120.0, 102.0, 125.0, 107.0 ] },
												"east": { "texture": "#sharkcombined", "uv": [ 132.0, 102.0, 142.0, 107.0 ] },
												"south": { "texture": "#sharkcombined", "uv": [ 144.0, 102.0, 149.0, 107.0 ] },
												"west": { "texture": "#sharkcombined", "uv": [ 150.0, 102.0, 160.0, 107.0 ] },
												"up": { "texture": "#sharkcombined", "uv": [ 120.0, 84.0, 125.0, 94.0 ] },
												"down": { "texture": "#sharkcombined", "uv": [ 132.0, 84.0, 137.0, 94.0 ] }
											},
											"children": [
												{
													"name": "Cube.005",
													"from": [ -0.9287, -1.2696, 0.1805 ], 
													"to": [ 8.0082, 4.189, 10.6828 ], 
													"uv": [ 78.0, 78.0 ],
													"rotationOrigin": [ 3.5398, 1.4597, 5.4317 ],
													"rotationZ": -17.948,
													"faces": {
														"north": { "texture": "#sharkcombined", "uv": [ 78.0, 90.0, 83.0, 95.0 ] },
														"east": { "texture": "#sharkcombined", "uv": [ 84.0, 90.0, 94.0, 95.0 ] },
														"south": { "texture": "#sharkcombined", "uv": [ 96.0, 90.0, 101.0, 95.0 ] },
														"west": { "texture": "#sharkcombined", "uv": [ 102.0, 90.0, 112.0, 95.0 ] },
														"up": { "texture": "#sharkcombined", "uv": [ 78.0, 78.0, 83.0, 88.0 ] },
														"down": { "texture": "#sharkcombined", "uv": [ 84.0, 78.0, 89.0, 88.0 ] }
													},
													"children": [
														{
															"name": "Cube.024",
															"from": [ -0.45, -1.2151, 8.9095 ], 
															"to": [ 3.3938, -0.6873, 14.2817 ], 
															"uv": [ 120.0, 34.0 ],
															"rotationOrigin": [ 1.4719, -0.9512, 11.5956 ],
															"rotationX": 38.989,
															"rotationY": -23.701,
															"rotationZ": 5.203,
															"faces": {
																"north": { "texture": "#sharkcombined", "uv": [ 120.0, 42.0, 125.0, 47.0 ] },
																"east": { "texture": "#sharkcombined", "uv": [ 126.0, 42.0, 131.0, 47.0 ] },
																"south": { "texture": "#sharkcombined", "uv": [ 132.0, 42.0, 137.0, 47.0 ] },
																"west": { "texture": "#sharkcombined", "uv": [ 138.0, 42.0, 143.0, 47.0 ] },
																"up": { "texture": "#sharkcombined", "uv": [ 120.0, 36.0, 125.0, 41.0 ] },
																"down": { "texture": "#sharkcombined", "uv": [ 126.0, 36.0, 131.0, 41.0 ] }
															}
														},
														{
															"name": "Cube.025",
															"from": [ -0.45, -3.6373, -1.3572 ], 
															"to": [ 3.3938, 1.7349, -0.8294 ], 
															"uv": [ 6.0, 100.0 ],
															"rotationOrigin": [ 1.4719, -0.9512, -1.0933 ],
															"rotationX": 53.108,
															"rotationY": 4.763,
															"rotationZ": -23.788,
															"faces": {
																"north": { "texture": "#sharkcombined", "uv": [ 6.0, 108.0, 11.0, 113.0 ] },
																"east": { "texture": "#sharkcombined", "uv": [ 12.0, 108.0, 17.0, 113.0 ] },
																"south": { "texture": "#sharkcombined", "uv": [ 18.0, 108.0, 23.0, 113.0 ] },
																"west": { "texture": "#sharkcombined", "uv": [ 24.0, 108.0, 29.0, 113.0 ] },
																"up": { "texture": "#sharkcombined", "uv": [ 6.0, 102.0, 11.0, 107.0 ] },
																"down": { "texture": "#sharkcombined", "uv": [ 12.0, 102.0, 17.0, 107.0 ] }
															}
														}
													]
												}
											]
										},
										{
											"name": "Cube.006",
											"from": [ 6.9521, 2.8907, -4.1142 ], 
											"to": [ 13.6995, 9.638, 4.0876 ], 
											"uv": [ 85.0, 173.0 ],
											"rotationOrigin": [ 10.3258, 6.2643, -0.0133 ],
											"rotationX": -0.001,
											"rotationY": -179.969,
											"rotationZ": 8.133,
											"faces": {
												"north": { "texture": "#sharkcombined", "uv": [ 84.0, 180.0, 89.0, 185.0 ] },
												"east": { "texture": "#sharkcombined", "uv": [ 96.0, 180.0, 101.0, 185.0 ] },
												"south": { "texture": "#sharkcombined", "uv": [ 102.0, 180.0, 107.0, 185.0 ] },
												"west": { "texture": "#sharkcombined", "uv": [ 108.0, 180.0, 113.0, 185.0 ] },
												"up": { "texture": "#sharkcombined", "uv": [ 84.0, 174.0, 89.0, 179.0 ] },
												"down": { "texture": "#sharkcombined", "uv": [ 96.0, 174.0, 101.0, 179.0 ] }
											},
											"children": [
												{
													"name": "Cube.007",
													"from": [ -0.7011, -0.9585, 0.1363 ], 
													"to": [ 6.0462, 3.1627, 8.0656 ], 
													"uv": [ 151.0, 158.0 ],
													"rotationOrigin": [ 2.6726, 1.1021, 4.1009 ],
													"rotationZ": -17.948,
													"faces": {
														"north": { "texture": "#sharkcombined", "uv": [ 150.0, 168.0, 155.0, 173.0 ] },
														"east": { "texture": "#sharkcombined", "uv": [ 162.0, 168.0, 167.0, 173.0 ] },
														"south": { "texture": "#sharkcombined", "uv": [ 168.0, 168.0, 173.0, 173.0 ] },
														"west": { "texture": "#sharkcombined", "uv": [ 174.0, 168.0, 179.0, 173.0 ] },
														"up": { "texture": "#sharkcombined", "uv": [ 150.0, 156.0, 155.0, 161.0 ] },
														"down": { "texture": "#sharkcombined", "uv": [ 162.0, 156.0, 167.0, 161.0 ] }
													}
												}
											]
										},
										{
											"name": "b_Bone",
											"from": [ 15.6351, 0.0, 0.0 ], 
											"to": [ 15.6351, 0.0, 0.0 ], 
											"uv": [ 999.0, 999.0 ],
											"rotationOrigin": [ 15.6351, 0.0, 0.0 ],
											"faces": {
												"north": { "texture": "#sharkcombined", "uv": [ 0.0, 0.0, 0.0, 0.0 ], "enabled": false },
												"east": { "texture": "#sharkcombined", "uv": [ 0.0, 0.0, 0.0, 0.0 ], "enabled": false },
												"south": { "texture": "#sharkcombined", "uv": [ 0.0, 0.0, 0.0, 0.0 ], "enabled": false },
												"west": { "texture": "#sharkcombined", "uv": [ 0.0, 0.0, 0.0, 0.0 ], "enabled": false },
												"up": { "texture": "#sharkcombined", "uv": [ 0.0, 0.0, 0.0, 0.0 ], "enabled": false },
												"down": { "texture": "#sharkcombined", "uv": [ 0.0, 0.0, 0.0, 0.0 ], "enabled": false }
											},
											"children": [
												{
													"name": "Cube.008",
													"from": [ -1.9876, 2.5574, -3.2699 ], 
													"to": [ 9.3375, 9.0609, 3.2335 ], 
													"uv": [ 122.0, 114.0 ],
													"rotationOrigin": [ 3.675, 5.8091, -0.0182 ],
													"rotationX": -0.001,
													"rotationY": -179.969,
													"rotationZ": 0.004,
													"faces": {
														"north": { "texture": "#sharkcombined", "uv": [ 120.0, 120.0, 130.0, 125.0 ] },
														"east": { "texture": "#sharkcombined", "uv": [ 138.0, 120.0, 143.0, 125.0 ] },
														"south": { "texture": "#sharkcombined", "uv": [ 144.0, 120.0, 154.0, 125.0 ] },
														"west": { "texture": "#sharkcombined", "uv": [ 156.0, 120.0, 161.0, 125.0 ] },
														"up": { "texture": "#sharkcombined", "uv": [ 120.0, 114.0, 130.0, 119.0 ] },
														"down": { "texture": "#sharkcombined", "uv": [ 138.0, 114.0, 148.0, 119.0 ] }
													},
													"children": [
														{
															"name": "Cube.009",
															"from": [ -9.391, -1.8698, 2.4157 ], 
															"to": [ -4.7781, 22.7213, 4.0878 ], 
															"uv": [ 120.0, 154.0 ],
															"rotationOrigin": [ -7.0845, 10.4257, 3.2517 ],
															"rotationZ": 51.441,
															"faces": {
																"north": { "texture": "#sharkcombined", "uv": [ 120.0, 162.0, 125.0, 182.0 ] },
																"east": { "texture": "#sharkcombined", "uv": [ 126.0, 162.0, 131.0, 182.0 ] },
																"south": { "texture": "#sharkcombined", "uv": [ 132.0, 162.0, 137.0, 182.0 ] },
																"west": { "texture": "#sharkcombined", "uv": [ 138.0, 162.0, 143.0, 182.0 ] },
																"up": { "texture": "#sharkcombined", "uv": [ 120.0, 156.0, 125.0, 161.0 ] },
																"down": { "texture": "#sharkcombined", "uv": [ 126.0, 156.0, 131.0, 161.0 ] }
															}
														},
														{
															"name": "Cube.010",
															"from": [ -9.8075, -5.0512, 2.4984 ], 
															"to": [ 4.5817, -0.4383, 4.0051 ], 
															"uv": [ 61.0, 101.0 ],
															"rotationOrigin": [ -2.6129, -2.7448, 3.2517 ],
															"rotationZ": 48.443,
															"faces": {
																"north": { "texture": "#sharkcombined", "uv": [ 60.0, 108.0, 70.0, 113.0 ] },
																"east": { "texture": "#sharkcombined", "uv": [ 78.0, 108.0, 83.0, 113.0 ] },
																"south": { "texture": "#sharkcombined", "uv": [ 84.0, 108.0, 94.0, 113.0 ] },
																"west": { "texture": "#sharkcombined", "uv": [ 96.0, 108.0, 101.0, 113.0 ] },
																"up": { "texture": "#sharkcombined", "uv": [ 60.0, 102.0, 70.0, 107.0 ] },
																"down": { "texture": "#sharkcombined", "uv": [ 78.0, 102.0, 88.0, 107.0 ] }
															}
														}
													]
												}
											]
										}
									]
								}
							]
						},
						{
							"name": "b_Arm_R",
							"from": [ 14.4454, -6.6676, -4.3816 ], 
							"to": [ 14.4454, -6.6676, -4.3816 ], 
							"uv": [ 999.0, 999.0 ],
							"rotationOrigin": [ 14.4454, -6.6676, -4.3816 ],
							"rotationX": 67.167,
							"rotationZ": -90.0,
							"faces": {
								"north": { "texture": "#sharkcombined", "uv": [ 0.0, 0.0, 0.0, 0.0 ], "enabled": false },
								"east": { "texture": "#sharkcombined", "uv": [ 0.0, 0.0, 0.0, 0.0 ], "enabled": false },
								"south": { "texture": "#sharkcombined", "uv": [ 0.0, 0.0, 0.0, 0.0 ], "enabled": false },
								"west": { "texture": "#sharkcombined", "uv": [ 0.0, 0.0, 0.0, 0.0 ], "enabled": false },
								"up": { "texture": "#sharkcombined", "uv": [ 0.0, 0.0, 0.0, 0.0 ], "enabled": false },
								"down": { "texture": "#sharkcombined", "uv": [ 0.0, 0.0, 0.0, 0.0 ], "enabled": false }
							},
							"children": [
								{
									"name": "Cube.018",
									"from": [ 1.1375, -0.3777, -11.8502 ], 
									"to": [ 6.0109, 0.9986, 0.1498 ], 
									"uv": [ 6.0, 122.0 ],
									"rotationOrigin": [ 3.5742, 0.3104, -5.8502 ],
									"rotationX": -103.874,
									"rotationY": 79.932,
									"rotationZ": 17.693,
									"faces": {
										"north": { "texture": "#sharkcombined", "uv": [ 6.0, 138.0, 11.0, 143.0 ] },
										"east": { "texture": "#sharkcombined", "uv": [ 12.0, 138.0, 22.0, 143.0 ] },
										"south": { "texture": "#sharkcombined", "uv": [ 24.0, 138.0, 29.0, 143.0 ] },
										"west": { "texture": "#sharkcombined", "uv": [ 30.0, 138.0, 40.0, 143.0 ] },
										"up": { "texture": "#sharkcombined", "uv": [ 6.0, 120.0, 11.0, 130.0 ] },
										"down": { "texture": "#sharkcombined", "uv": [ 12.0, 120.0, 17.0, 130.0 ] }
									},
									"children": [
										{
											"name": "Cube.019",
											"from": [ 2.1828, 0.0452, -1.1543 ], 
											"to": [ 7.0562, 1.3311, 11.4457 ], 
											"uv": [ 150.0, 130.0 ],
											"rotationOrigin": [ 4.6195, 0.6881, 5.1457 ],
											"rotationY": -18.354,
											"faces": {
												"north": { "texture": "#sharkcombined", "uv": [ 150.0, 144.0, 155.0, 149.0 ] },
												"east": { "texture": "#sharkcombined", "uv": [ 156.0, 144.0, 166.0, 149.0 ] },
												"south": { "texture": "#sharkcombined", "uv": [ 168.0, 144.0, 173.0, 149.0 ] },
												"west": { "texture": "#sharkcombined", "uv": [ 174.0, 144.0, 184.0, 149.0 ] },
												"up": { "texture": "#sharkcombined", "uv": [ 150.0, 132.0, 155.0, 142.0 ] },
												"down": { "texture": "#sharkcombined", "uv": [ 156.0, 132.0, 161.0, 142.0 ] }
											}
										},
										{
											"name": "Cube.020",
											"from": [ -2.9428, 0.0282, 9.396 ], 
											"to": [ 1.9306, 1.4045, 21.396 ], 
											"uv": [ 8.0, 34.0 ],
											"rotationOrigin": [ -0.5061, 0.7164, 15.396 ],
											"rotationY": -33.536,
											"rotationZ": -10.54,
											"faces": {
												"north": { "texture": "#sharkcombined", "uv": [ 6.0, 48.0, 11.0, 53.0 ] },
												"east": { "texture": "#sharkcombined", "uv": [ 18.0, 48.0, 28.0, 53.0 ] },
												"south": { "texture": "#sharkcombined", "uv": [ 30.0, 48.0, 35.0, 53.0 ] },
												"west": { "texture": "#sharkcombined", "uv": [ 36.0, 48.0, 46.0, 53.0 ] },
												"up": { "texture": "#sharkcombined", "uv": [ 6.0, 36.0, 11.0, 46.0 ] },
												"down": { "texture": "#sharkcombined", "uv": [ 18.0, 36.0, 23.0, 46.0 ] }
											}
										}
									]
								}
							]
						},
						{
							"name": "b_Arm_L",
							"from": [ 14.4454, -6.6676, 4.3816 ], 
							"to": [ 14.4454, -6.6676, 4.3816 ], 
							"uv": [ 999.0, 999.0 ],
							"rotationOrigin": [ 14.4454, -6.6676, 4.3816 ],
							"rotationX": -67.167,
							"rotationZ": -90.0,
							"faces": {
								"north": { "texture": "#sharkcombined", "uv": [ 0.0, 0.0, 0.0, 0.0 ], "enabled": false },
								"east": { "texture": "#sharkcombined", "uv": [ 0.0, 0.0, 0.0, 0.0 ], "enabled": false },
								"south": { "texture": "#sharkcombined", "uv": [ 0.0, 0.0, 0.0, 0.0 ], "enabled": false },
								"west": { "texture": "#sharkcombined", "uv": [ 0.0, 0.0, 0.0, 0.0 ], "enabled": false },
								"up": { "texture": "#sharkcombined", "uv": [ 0.0, 0.0, 0.0, 0.0 ], "enabled": false },
								"down": { "texture": "#sharkcombined", "uv": [ 0.0, 0.0, 0.0, 0.0 ], "enabled": false }
							},
							"children": [
								{
									"name": "Cube.021",
									"from": [ 1.1375, -0.3777, -0.1498 ], 
									"to": [ 6.0109, 0.9986, 11.8502 ], 
									"uv": [ 60.0, 35.0 ],
									"rotationOrigin": [ 3.5742, 0.3104, 5.8502 ],
									"rotationX": 103.874,
									"rotationY": -79.932,
									"rotationZ": 17.693,
									"faces": {
										"north": { "texture": "#sharkcombined", "uv": [ 60.0, 48.0, 65.0, 53.0 ] },
										"east": { "texture": "#sharkcombined", "uv": [ 66.0, 48.0, 76.0, 53.0 ] },
										"south": { "texture": "#sharkcombined", "uv": [ 78.0, 48.0, 83.0, 53.0 ] },
										"west": { "texture": "#sharkcombined", "uv": [ 84.0, 48.0, 94.0, 53.0 ] },
										"up": { "texture": "#sharkcombined", "uv": [ 60.0, 36.0, 65.0, 46.0 ] },
										"down": { "texture": "#sharkcombined", "uv": [ 66.0, 36.0, 71.0, 46.0 ] }
									},
									"children": [
										{
											"name": "Cube.022",
											"from": [ 2.1828, 0.0452, 0.5543 ], 
											"to": [ 7.0562, 1.3311, 13.1543 ], 
											"uv": [ 38.0, 103.0 ],
											"rotationOrigin": [ 4.6195, 0.6881, 6.8543 ],
											"rotationY": 18.354,
											"faces": {
												"north": { "texture": "#sharkcombined", "uv": [ 36.0, 120.0, 41.0, 125.0 ] },
												"east": { "texture": "#sharkcombined", "uv": [ 48.0, 120.0, 58.0, 125.0 ] },
												"south": { "texture": "#sharkcombined", "uv": [ 60.0, 120.0, 65.0, 125.0 ] },
												"west": { "texture": "#sharkcombined", "uv": [ 66.0, 120.0, 76.0, 125.0 ] },
												"up": { "texture": "#sharkcombined", "uv": [ 36.0, 102.0, 41.0, 112.0 ] },
												"down": { "texture": "#sharkcombined", "uv": [ 48.0, 102.0, 53.0, 112.0 ] }
											}
										},
										{
											"name": "Cube.023",
											"from": [ -2.9428, 0.0282, -9.396 ], 
											"to": [ 1.9306, 1.4045, 2.604 ], 
											"uv": [ 8.0, 11.0 ],
											"rotationOrigin": [ -0.5061, 0.7164, -3.396 ],
											"rotationY": 33.536,
											"rotationZ": -10.54,
											"faces": {
												"north": { "texture": "#sharkcombined", "uv": [ 6.0, 24.0, 11.0, 29.0 ] },
												"east": { "texture": "#sharkcombined", "uv": [ 18.0, 24.0, 28.0, 29.0 ] },
												"south": { "texture": "#sharkcombined", "uv": [ 30.0, 24.0, 35.0, 29.0 ] },
												"west": { "texture": "#sharkcombined", "uv": [ 36.0, 24.0, 46.0, 29.0 ] },
												"up": { "texture": "#sharkcombined", "uv": [ 6.0, 12.0, 11.0, 22.0 ] },
												"down": { "texture": "#sharkcombined", "uv": [ 18.0, 12.0, 23.0, 22.0 ] }
											}
										}
									]
								}
							]
						}
					]
				},
				{
					"name": "b_Bone.006",
					"from": [ 9.2493, -6.0008, 0.0 ], 
					"to": [ 9.2493, -6.0008, 0.0 ], 
					"uv": [ 999.0, 999.0 ],
					"rotationOrigin": [ 7.25, 0.0, 0.0 ],
					"rotationY": 180.0,
					"faces": {
						"north": { "texture": "#sharkcombined", "uv": [ 0.0, 0.0, 0.0, 0.0 ], "enabled": false },
						"east": { "texture": "#sharkcombined", "uv": [ 0.0, 0.0, 0.0, 0.0 ], "enabled": false },
						"south": { "texture": "#sharkcombined", "uv": [ 0.0, 0.0, 0.0, 0.0 ], "enabled": false },
						"west": { "texture": "#sharkcombined", "uv": [ 0.0, 0.0, 0.0, 0.0 ], "enabled": false },
						"up": { "texture": "#sharkcombined", "uv": [ 0.0, 0.0, 0.0, 0.0 ], "enabled": false },
						"down": { "texture": "#sharkcombined", "uv": [ 0.0, 0.0, 0.0, 0.0 ], "enabled": false }
					},
					"children": [
						{
							"name": "Cube.015",
							"from": [ -2.0873, 5.6148, -4.5266 ], 
							"to": [ 6.8056, 6.5351, 4.5266 ], 
							"uv": [ 152.0, 84.0 ],
							"rotationOrigin": [ 2.3591, 6.075, 0.0 ],
							"rotationZ": 2.792,
							"faces": {
								"north": { "texture": "#sharkcombined", "uv": [ 150.0, 90.0, 155.0, 95.0 ] },
								"east": { "texture": "#sharkcombined", "uv": [ 162.0, 90.0, 167.0, 95.0 ] },
								"south": { "texture": "#sharkcombined", "uv": [ 168.0, 90.0, 173.0, 95.0 ] },
								"west": { "texture": "#sharkcombined", "uv": [ 174.0, 90.0, 179.0, 95.0 ] },
								"up": { "texture": "#sharkcombined", "uv": [ 150.0, 84.0, 155.0, 89.0 ] },
								"down": { "texture": "#sharkcombined", "uv": [ 162.0, 84.0, 167.0, 89.0 ] }
							},
							"children": [
								{
									"name": "Cube.016",
									"from": [ 0.0658, 0.8612, 0.067 ], 
									"to": [ 8.8271, 1.4539, 8.9862 ], 
									"uv": [ 158.0, 53.0 ],
									"rotationOrigin": [ 4.4464, 1.1576, 4.5266 ],
									"faces": {
										"north": { "texture": "#sharkcombined", "uv": [ 156.0, 60.0, 161.0, 65.0 ] },
										"east": { "texture": "#sharkcombined", "uv": [ 168.0, 60.0, 173.0, 65.0 ] },
										"south": { "texture": "#sharkcombined", "uv": [ 174.0, 60.0, 179.0, 65.0 ] },
										"west": { "texture": "#sharkcombined", "uv": [ 180.0, 60.0, 185.0, 65.0 ] },
										"up": { "texture": "#sharkcombined", "uv": [ 156.0, 54.0, 161.0, 59.0 ] },
										"down": { "texture": "#sharkcombined", "uv": [ 168.0, 54.0, 173.0, 59.0 ] }
									}
								}
							]
						}
					]
				}
			]
		}
	],
	"animations": [
		{
			"name": "attack",
			"code": "attack",
			"quantityframes": 12,
			"onActivityStopped": "EaseOut",
			"onAnimationEnd": "Stop",
			"keyframes": [
				{
					"frame": 0,
					"elements": {
						"b_Bone.005": {  },
						"b_Bone.006": { "rotationX": 0.0, "rotationY": 0.0, "rotationZ": 0.0 }
					}
				},
				{
					"frame": 5,
					"elements": {
						"b_Bone.005": {  },
						"b_Bone.006": { "rotationX": 0.0, "rotationY": 0.0, "rotationZ": -33.48 }
					}
				},
				{
					"frame": 8,
					"elements": {
						"b_Bone.005": {  },
						"b_Bone.006": { "rotationX": 0.0, "rotationY": 0.0, "rotationZ": -33.48 }
					}
				},
				{
					"frame": 10,
					"elements": {
						"b_Bone.005": {  },
						"b_Bone.006": { "offsetX": 0.0, "offsetY": 0.0, "offsetZ": 0.0 }
					}
				},
				{
					"frame": 11,
					"elements": {
						"b_Bone.005": {  },
						"b_Bone.006": { "rotationX": 0.0, "rotationY": 0.0, "rotationZ": 0.0 }
					}
				}
			]
		},

		{
			"name": "dead",
			"code": "dead",
			"quantityframes": 30,
			"onActivityStopped": "PlayTillEnd",
			"onAnimationEnd": "Hold",
			"keyframes": [
				{
					"frame": 0,
					"elements": {
						"b_Bone.005": { "rotationX": 0.0, "rotationY": 0.0, "rotationZ": 0.0 }
					}
				},
				{
					"frame": 29,
					"elements": {
						"b_Bone.005": { "offsetX": 0.0, "offsetY": -4.0, "offsetZ": 0.0, "rotationX": 180.0, "rotationY": 0.0, "rotationZ": 0.0 }
					}
				}
			]
		},

		{
			"name": "idle",
			"code": "idle",
			"quantityframes": 30,
			"onActivityStopped": "EaseOut",
			"onAnimationEnd": "Repeat",
			"keyframes": [
				{
					"frame": 3,
					"elements": {
						"b_Bone.005": {  },
						"b_Bone.004": {  },
						"b_Bone.003": { "offsetX": 0.0, "offsetY": 0.0, "offsetZ": 0.0, "rotationX": 0.0, "rotationY": 0.055, "rotationZ": -0.008 },
						"b_Bone.001": { "offsetX": -7.983324279465688E-14, "offsetY": 5.820760632750109E-11, "offsetZ": -8.932113448512436E-17, "rotationX": 0.0, "rotationY": 0.0, "rotationZ": -0.079 },
						"b_Bone": { "offsetX": -1.915997556021218E-12, "offsetY": 1.3969832179938516E-9, "offsetZ": 4.656591575298693E-10, "rotationX": 0.0, "rotationY": 0.0, "rotationZ": -0.079 },
						"b_Arm_R": { "offsetX": 2.034944023436171E-9, "offsetY": 4.235406537307848E-10, "offsetZ": 4.768326467303758E-7, "rotationX": -0.244, "rotationY": -0.051, "rotationZ": 0.114 },
						"b_Arm_L": { "offsetX": -2.034972667190661E-9, "offsetY": -4.2364751269860344E-10, "offsetZ": 4.768326467303758E-7, "rotationX": 0.244, "rotationY": 0.051, "rotationZ": 0.114 }
					}
				},
				{
					"frame": 4,
					"elements": {
						"b_Bone.005": {  },
						"b_Bone.004": {  },
						"b_Bone.003": { "offsetX": 0.0, "offsetY": 0.0, "offsetZ": 0.0, "rotationX": 0.0, "rotationY": 0.054, "rotationZ": -0.015 },
						"b_Bone.001": { "offsetX": -2.692966335473007E-13, "offsetY": 1.1641621185574023E-10, "offsetZ": 4.65660989397889E-10, "rotationX": 0.0, "rotationY": 0.0, "rotationZ": -0.131 },
						"b_Bone": { "offsetX": -1.9073392271213074E-6, "offsetY": -6.274763031203223E-9, "offsetZ": 3.725301015815011E-9, "rotationX": 0.0, "rotationY": 0.0, "rotationZ": -0.131 },
						"b_Arm_R": { "offsetX": 3.4326726451806033E-9, "offsetY": 7.119931424362959E-10, "offsetZ": 4.768242907476704E-7, "rotationX": -0.41, "rotationY": -0.087, "rotationZ": 0.192 },
						"b_Arm_L": { "offsetX": -3.432687078080153E-9, "offsetY": -7.121005010044836E-10, "offsetZ": 4.768242907476704E-7, "rotationX": 0.412, "rotationY": 0.087, "rotationZ": 0.193 }
					}
				},
				{
					"frame": 5,
					"elements": {
						"b_Bone.005": {  },
						"b_Bone.004": {  },
						"b_Bone.003": { "offsetX": 0.0, "offsetY": 0.0, "offsetZ": 0.0, "rotationX": 0.0, "rotationY": 0.062, "rotationZ": -0.029 },
						"b_Bone.001": { "offsetX": 4.7683517626255533E-7, "offsetY": 1.3975029133999389E-9, "offsetZ": 9.313203689723668E-10, "rotationX": 0.0, "rotationY": 0.0, "rotationZ": -0.198 },
						"b_Bone": { "offsetX": -6.368480063356447E-12, "offsetY": 1.8626396277216912E-9, "offsetZ": 1.3969767787002064E-9, "rotationX": 0.0, "rotationY": 0.0, "rotationZ": -0.198 },
						"b_Arm_R": { "offsetX": 5.0744946829542785E-9, "offsetY": 1.0482598289479296E-9, "offsetZ": 4.7680902828946373E-7, "rotationX": -0.609, "rotationY": -0.129, "rotationZ": 0.286 },
						"b_Arm_L": { "offsetX": -5.074452938567889E-9, "offsetY": -1.0483677426276385E-9, "offsetZ": 4.7680902828946373E-7, "rotationX": 0.609, "rotationY": 0.129, "rotationZ": 0.286 }
					}
				},
				{
					"frame": 6,
					"elements": {
						"b_Bone.005": {  },
						"b_Bone.004": {  },
						"b_Bone.003": { "offsetX": 0.0, "offsetY": 0.0, "offsetZ": 0.0, "rotationX": 0.0, "rotationY": 0.065, "rotationZ": -0.046 },
						"b_Bone.001": { "offsetX": 2.1616352714855775E-12, "offsetY": -4.656538562148424E-10, "offsetZ": 4.656637371999186E-10, "rotationX": 0.0, "rotationY": 0.0, "rotationZ": -0.262 },
						"b_Bone": { "offsetX": 1.1194819397129435E-17, "offsetY": -4.837088871846961E-15, "offsetZ": -9.313225894184513E-10, "rotationX": 0.0, "rotationY": 0.0, "rotationZ": -0.262 },
						"b_Arm_R": { "offsetX": 6.890978119961175E-9, "offsetY": 1.4170765897244055E-9, "offsetZ": 4.767852393182924E-7, "rotationX": -0.827, "rotationY": -0.176, "rotationZ": 0.387 },
						"b_Arm_L": { "offsetX": -6.891107794012513E-9, "offsetY": -1.4171835042033763E-9, "offsetZ": 4.767852393182924E-7, "rotationX": 0.827, "rotationY": 0.176, "rotationZ": 0.387 }
					}
				},
				{
					"frame": 7,
					"elements": {
						"b_Bone.005": {  },
						"b_Bone.004": {  },
						"b_Bone.003": { "offsetX": 0.0, "offsetY": 0.0, "offsetZ": 0.0, "rotationX": 0.0, "rotationY": 0.063, "rotationZ": -0.062 },
						"b_Bone.001": { "offsetX": -8.291719873164546E-12, "offsetY": 1.396953130949406E-9, "offsetZ": -9.313319152920064E-10, "rotationX": 0.0, "rotationY": 0.0, "rotationZ": -0.338 },
						"b_Bone": { "offsetX": -1.9073261531347615E-6, "offsetY": -9.458357802984002E-9, "offsetZ": 2.3283315645868835E-9, "rotationX": 0.0, "rotationY": 0.0, "rotationZ": -0.338 },
						"b_Arm_R": { "offsetX": 8.812537506580833E-9, "offsetY": 1.8035528912781672E-9, "offsetZ": 4.7675227013482907E-7, "rotationX": -1.057, "rotationY": -0.226, "rotationZ": 0.495 },
						"b_Arm_L": { "offsetX": -8.812575698253487E-9, "offsetY": -1.8036610270024846E-9, "offsetZ": 4.7675227013482907E-7, "rotationX": 1.057, "rotationY": 0.226, "rotationZ": 0.495 }
					}
				},
				{
					"frame": 8,
					"elements": {
						"b_Bone.005": {  },
						"b_Bone.004": {  },
						"b_Bone.003": { "offsetX": 0.0, "offsetY": 0.0, "offsetZ": 0.0, "rotationX": 0.0, "rotationY": 0.065, "rotationZ": -0.082 },
						"b_Bone.001": { "offsetX": -4.7682463180818904E-7, "offsetY": -3.4581473790193526E-9, "offsetZ": 1.4020224244037239E-14, "rotationX": 0.0, "rotationY": 0.0, "rotationZ": -0.415 },
						"b_Bone": { "offsetX": 2.7016524863680675E-11, "offsetY": -3.72512449035129E-9, "offsetZ": 8.381933502832811E-9, "rotationX": 0.0, "rotationY": 0.0, "rotationZ": -0.415 },
						"b_Arm_R": { "offsetX": 1.0769537433155887E-8, "offsetY": 2.193274263762185E-9, "offsetZ": 4.767104902213023E-7, "rotationX": -1.291, "rotationY": -0.277, "rotationZ": 0.604 },
						"b_Arm_L": { "offsetX": -1.0769483254271423E-8, "offsetY": -2.193382177441894E-9, "offsetZ": 4.767104902213023E-7, "rotationX": 1.291, "rotationY": 0.277, "rotationZ": 0.604 }
					}
				},
				{
					"frame": 9,
					"elements": {
						"b_Bone.005": {  },
						"b_Bone.004": {  },
						"b_Bone.003": { "offsetX": 0.0, "offsetY": 0.0, "offsetZ": 0.0, "rotationX": 0.0, "rotationY": 0.064, "rotationZ": -0.1 },
						"b_Bone.001": { "offsetX": -4.7681181361703217E-7, "offsetY": -5.006151128828902E-9, "offsetZ": 2.8405338429090138E-14, "rotationX": 0.001, "rotationY": 0.0, "rotationZ": -0.488 },
						"b_Bone": { "offsetX": 1.9072790867831968E-6, "offsetY": 1.6299456266191213E-8, "offsetZ": 4.6558352358511454E-10, "rotationX": 0.001, "rotationY": 0.0, "rotationZ": -0.488 },
						"b_Arm_R": { "offsetX": 1.2692219033226673E-8, "offsetY": 2.5723490413600342E-9, "offsetZ": 4.766612922414963E-7, "rotationX": -1.521, "rotationY": -0.328, "rotationZ": 0.711 },
						"b_Arm_L": { "offsetX": -1.2692072483785093E-8, "offsetY": -2.5724571770843516E-9, "offsetZ": 4.766612922414963E-7, "rotationX": 1.521, "rotationY": 0.328, "rotationZ": 0.711 }
					}
				},
				{
					"frame": 10,
					"elements": {
						"b_Bone.005": {  },
						"b_Bone.004": {  },
						"b_Bone.003": { "offsetX": 0.0, "offsetY": 0.0, "offsetZ": 0.0, "rotationX": 0.0, "rotationY": 0.066, "rotationZ": -0.12 },
						"b_Bone.001": { "offsetX": -4.7680533346717907E-7, "offsetY": -5.589302443120353E-9, "offsetZ": 9.313583386004125E-10, "rotationX": 0.001, "rotationY": 0.0, "rotationZ": -0.56 },
						"b_Bone": { "offsetX": 2.547364304460992E-10, "offsetY": -2.6075808593834838E-8, "offsetZ": -1.8623601845819515E-9, "rotationX": 0.001, "rotationY": 0.0, "rotationZ": -0.56 },
						"b_Arm_R": { "offsetX": 1.4510789245463824E-8, "offsetY": 2.9274210188285785E-9, "offsetZ": 4.7660734783613993E-7, "rotationX": -1.738, "rotationY": -0.377, "rotationZ": 0.812 },
						"b_Arm_L": { "offsetX": -1.4510800791783462E-8, "offsetY": -2.9275284884190703E-9, "offsetZ": 4.7660734783613993E-7, "rotationX": 1.739, "rotationY": 0.377, "rotationZ": 0.812 }
					}
				},
				{
					"frame": 11,
					"elements": {
						"b_Bone.005": {  },
						"b_Bone.004": {  },
						"b_Bone.003": { "offsetX": 0.0, "offsetY": 0.0, "offsetZ": 0.0, "rotationX": 0.0, "rotationY": 0.066, "rotationZ": -0.139 },
						"b_Bone.001": { "offsetX": -2.0255178065347493E-11, "offsetY": 1.862552031123656E-9, "offsetZ": 1.3969612355776146E-9, "rotationX": 0.001, "rotationY": 0.0, "rotationZ": -0.622 },
						"b_Bone": { "offsetX": -1.2267424845347794E-16, "offsetY": 2.2662339758942655E-14, "offsetZ": 1.8626451788369026E-9, "rotationX": 0.001, "rotationY": 0.0, "rotationZ": -0.622 },
						"b_Arm_R": { "offsetX": 1.6155358197088688E-8, "offsetY": 3.2456158277250263E-9, "offsetZ": 4.7655238024922787E-7, "rotationX": -1.935, "rotationY": -0.421, "rotationZ": 0.903 },
						"b_Arm_L": { "offsetX": -1.6155351091661218E-8, "offsetY": -3.245724629583169E-9, "offsetZ": 4.7655238024922787E-7, "rotationX": 1.935, "rotationY": 0.421, "rotationZ": 0.903 }
					}
				},
				{
					"frame": 12,
					"elements": {
						"b_Bone.005": {  },
						"b_Bone.004": {  },
						"b_Bone.003": { "offsetX": 0.0, "offsetY": 0.0, "offsetZ": 0.0, "rotationX": 0.0, "rotationY": 0.065, "rotationZ": -0.155 },
						"b_Bone.001": { "offsetX": 3.6358625140999564E-17, "offsetY": -6.156184313000853E-15, "offsetZ": -4.656612947092256E-10, "rotationX": 0.001, "rotationY": 0.0, "rotationZ": -0.677 },
						"b_Bone": { "offsetX": 1.9074355198743882E-6, "offsetY": 3.912139563420477E-9, "offsetZ": 2.7940648017492484E-9, "rotationX": 0.001, "rotationY": 0.0, "rotationZ": -0.677 },
						"b_Arm_R": { "offsetX": 1.7556072430638398E-8, "offsetY": 3.5144532287865944E-9, "offsetZ": 4.765009085326313E-7, "rotationX": -2.102, "rotationY": -0.459, "rotationZ": 0.981 },
						"b_Arm_L": { "offsetX": -1.7556045785285383E-8, "offsetY": -3.514561142466303E-9, "offsetZ": 4.765009085326313E-7, "rotationX": 2.102, "rotationY": 0.459, "rotationZ": 0.981 }
					}
				},
				{
					"frame": 13,
					"elements": {
						"b_Bone.005": {  },
						"b_Bone.004": {  },
						"b_Bone.003": { "offsetX": 0.0, "offsetY": 0.0, "offsetZ": 0.0, "rotationX": 0.0, "rotationY": 0.065, "rotationZ": -0.169 },
						"b_Bone.001": { "offsetX": -2.3370186366201245E-11, "offsetY": 1.8625312699527656E-9, "offsetZ": 2.3282802722823306E-9, "rotationX": 0.001, "rotationY": 0.0, "rotationZ": -0.719 },
						"b_Bone": { "offsetX": 4.6739758640282237E-11, "offsetY": -3.724964618233203E-9, "offsetZ": 2.3283588760737235E-9, "rotationX": 0.001, "rotationY": 0.0, "rotationZ": -0.719 },
						"b_Arm_R": { "offsetX": 1.8643055396010807E-8, "offsetY": 3.721695233418321E-9, "offsetZ": 4.764580201724191E-7, "rotationX": -2.232, "rotationY": -0.488, "rotationZ": 1.041 },
						"b_Arm_L": { "offsetX": -1.8643176188277805E-8, "offsetY": -3.7218040352764636E-9, "offsetZ": 4.764580201724191E-7, "rotationX": 2.232, "rotationY": 0.488, "rotationZ": 1.041 }
					}
				},
				{
					"frame": 14,
					"elements": {
						"b_Bone.005": {  },
						"b_Bone.004": {  },
						"b_Bone.003": { "offsetX": 0.0, "offsetY": 0.0, "offsetZ": 0.0, "rotationX": 0.0, "rotationY": 0.065, "rotationZ": -0.178 },
						"b_Bone.001": { "offsetX": -8.829188355873247E-17, "offsetY": 1.3566336549838988E-14, "offsetZ": 9.313225894184513E-10, "rotationX": 0.001, "rotationY": 0.0, "rotationZ": -0.745 },
						"b_Bone": { "offsetX": -3.395081769725783E-10, "offsetY": 2.607483692662824E-8, "offsetZ": 9.30942726604538E-10, "rotationX": 0.001, "rotationY": 0.0, "rotationZ": -0.745 },
						"b_Arm_R": { "offsetX": 1.9346432319460642E-8, "offsetY": 3.855161584623444E-9, "offsetZ": 4.7642897318491954E-7, "rotationX": -2.316, "rotationY": -0.507, "rotationZ": 1.08 },
						"b_Arm_L": { "offsetX": -1.9346435872174377E-8, "offsetY": -3.855270386481587E-9, "offsetZ": 4.7642897318491954E-7, "rotationX": 2.316, "rotationY": 0.507, "rotationZ": 1.08 }
					}
				},
				{
					"frame": 15,
					"elements": {
						"b_Bone.005": {  },
						"b_Bone.004": {  },
						"b_Bone.003": { "offsetX": 0.0, "offsetY": 0.0, "offsetZ": 0.0, "rotationX": 0.0, "rotationY": 0.065, "rotationZ": -0.187 },
						"b_Bone.001": { "offsetX": -1.1751759119796972E-16, "offsetY": 2.0612226920601834E-14, "offsetZ": 1.396983884127677E-9, "rotationX": 0.001, "rotationY": 0.0, "rotationZ": -0.755 },
						"b_Bone": { "offsetX": 1.473808459828543E-10, "offsetY": -1.1174858549606864E-8, "offsetZ": 2.7941327473994353E-9, "rotationX": 0.001, "rotationY": 0.0, "rotationZ": -0.755 },
						"b_Arm_R": { "offsetX": 1.959639592880359E-8, "offsetY": 3.902471297079159E-9, "offsetZ": 4.7641834346542364E-7, "rotationX": -2.346, "rotationY": -0.514, "rotationZ": 1.094 },
						"b_Arm_L": { "offsetX": -1.9596363954379973E-8, "offsetY": -3.902580098937302E-9, "offsetZ": 4.7641834346542364E-7, "rotationX": 2.346, "rotationY": 0.514, "rotationZ": 1.094 }
					}
				},
				{
					"frame": 16,
					"elements": {
						"b_Bone.005": {  },
						"b_Bone.004": {  },
						"b_Bone.003": { "offsetX": 0.0, "offsetY": 0.0, "offsetZ": 0.0, "rotationX": 0.0, "rotationY": 0.065, "rotationZ": -0.191 },
						"b_Bone.001": { "offsetX": -4.7679675011079466E-7, "offsetY": -6.208141210971801E-9, "offsetZ": 4.657127535472349E-10, "rotationX": 0.001, "rotationY": 0.0, "rotationZ": -0.744 },
						"b_Bone": { "offsetX": -4.365106123775152E-10, "offsetY": 3.3524792364358446E-8, "offsetZ": 1.3964954970113817E-9, "rotationX": 0.001, "rotationY": 0.0, "rotationZ": -0.745 },
						"b_Arm_R": { "offsetX": 1.9346421661319437E-8, "offsetY": 3.8551593641773595E-9, "offsetZ": 4.7642897318491954E-7, "rotationX": -2.316, "rotationY": -0.507, "rotationZ": 1.08 },
						"b_Arm_L": { "offsetX": -1.9346425214033172E-8, "offsetY": -3.855268166035502E-9, "offsetZ": 4.7642897318491954E-7, "rotationX": 2.316, "rotationY": 0.507, "rotationZ": 1.08 }
					}
				},
				{
					"frame": 17,
					"elements": {
						"b_Bone.005": {  },
						"b_Bone.004": {  },
						"b_Bone.003": { "offsetX": 0.0, "offsetY": 0.0, "offsetZ": 0.0, "rotationX": 0.0, "rotationY": 0.063, "rotationZ": -0.183 },
						"b_Bone.001": { "offsetX": -4.767528954124465E-7, "offsetY": -9.707711233742918E-9, "offsetZ": 1.0055320044940053E-13, "rotationX": 0.001, "rotationY": 0.0, "rotationZ": -0.718 },
						"b_Bone": { "offsetX": 1.8696015866195924E-10, "offsetY": -1.490003522044114E-8, "offsetZ": -3.2594198969434157E-9, "rotationX": 0.001, "rotationY": 0.0, "rotationZ": -0.718 },
						"b_Arm_R": { "offsetX": 1.8643042961512733E-8, "offsetY": 3.721693679106062E-9, "offsetZ": 4.764580201724191E-7, "rotationX": -2.232, "rotationY": -0.488, "rotationZ": 1.041 },
						"b_Arm_L": { "offsetX": -1.864316730649347E-8, "offsetY": -3.7218033691426385E-9, "offsetZ": 4.764580201724191E-7, "rotationX": 2.232, "rotationY": 0.488, "rotationZ": 1.041 }
					}
				},
				{
					"frame": 18,
					"elements": {
						"b_Bone.005": {  },
						"b_Bone.004": {  },
						"b_Bone.003": { "offsetX": 0.0, "offsetY": 0.0, "offsetZ": 0.0, "rotationX": 0.0, "rotationY": 0.065, "rotationZ": -0.183 },
						"b_Bone.001": { "offsetX": -3.018898263892323E-17, "offsetY": 6.156221582451124E-15, "offsetZ": 4.656612947092256E-10, "rotationX": 0.001, "rotationY": 0.0, "rotationZ": -0.677 },
						"b_Bone": { "offsetX": -1.3205431402881002E-10, "offsetY": 1.1175091252356524E-8, "offsetZ": -1.4774764762982847E-13, "rotationX": 0.001, "rotationY": 0.0, "rotationZ": -0.677 },
						"b_Arm_R": { "offsetX": 1.7556058219783454E-8, "offsetY": 3.5144503422066845E-9, "offsetZ": 4.765009085326313E-7, "rotationX": -2.102, "rotationY": -0.459, "rotationZ": 0.981 },
						"b_Arm_L": { "offsetX": -1.755603335078731E-8, "offsetY": -3.5145589220202183E-9, "offsetZ": 4.765009085326313E-7, "rotationX": 2.102, "rotationY": 0.459, "rotationZ": 0.981 }
					}
				},
				{
					"frame": 19,
					"elements": {
						"b_Bone.005": {  },
						"b_Bone.004": {  },
						"b_Bone.003": { "offsetX": 0.0, "offsetY": 0.0, "offsetZ": 0.0, "rotationX": 0.0, "rotationY": 0.065, "rotationZ": -0.174 },
						"b_Bone.001": { "offsetX": 0.0, "offsetY": 0.0, "offsetZ": 0.0, "rotationX": 0.001, "rotationY": 0.0, "rotationZ": -0.623 },
						"b_Bone": { "offsetX": 3.2408146126675703E-10, "offsetY": -2.9800550057236543E-8, "offsetZ": 9.316851882640573E-10, "rotationX": 0.001, "rotationY": 0.0, "rotationZ": -0.623 },
						"b_Arm_R": { "offsetX": 1.6155343986233744E-8, "offsetY": 3.245613163189725E-9, "offsetZ": 4.7655238024922787E-7, "rotationX": -1.935, "rotationY": -0.421, "rotationZ": 0.903 },
						"b_Arm_L": { "offsetX": -1.6155336880806274E-8, "offsetY": -3.2457217430032593E-9, "offsetZ": 4.7655238024922787E-7, "rotationX": 1.935, "rotationY": 0.421, "rotationZ": 0.903 }
					}
				},
				{
					"frame": 20,
					"elements": {
						"b_Bone.005": {  },
						"b_Bone.004": {  },
						"b_Bone.003": { "offsetX": 0.0, "offsetY": 0.0, "offsetZ": 0.0, "rotationX": 0.0, "rotationY": 0.063, "rotationZ": -0.156 },
						"b_Bone.001": { "offsetX": -4.7679623852001676E-7, "offsetY": -6.5205708536543415E-9, "offsetZ": 1.8626973593198892E-9, "rotationX": 0.001, "rotationY": 0.0, "rotationZ": -0.56 },
						"b_Bone": { "offsetX": 7.278181645363201E-11, "offsetY": -7.450225443974083E-9, "offsetZ": 8.143114675812759E-14, "rotationX": 0.001, "rotationY": 0.0, "rotationZ": -0.56 },
						"b_Arm_R": { "offsetX": 1.4510775034608882E-8, "offsetY": 2.9274181322486685E-9, "offsetZ": 4.7660734783613993E-7, "rotationX": -1.738, "rotationY": -0.377, "rotationZ": 0.812 },
						"b_Arm_L": { "offsetX": -1.451078835728539E-8, "offsetY": -2.9275262679729855E-9, "offsetZ": 4.7660734783613993E-7, "rotationX": 1.739, "rotationY": 0.377, "rotationZ": 0.812 }
					}
				},
				{
					"frame": 21,
					"elements": {
						"b_Bone.005": {  },
						"b_Bone.004": {  },
						"b_Bone.003": { "offsetX": 0.0, "offsetY": 0.0, "offsetZ": 0.0, "rotationX": 0.0, "rotationY": 0.064, "rotationZ": -0.145 },
						"b_Bone.001": { "offsetX": -4.768038555382652E-7, "offsetY": -5.937440855645301E-9, "offsetZ": 4.361431668228606E-14, "rotationX": 0.001, "rotationY": 0.0, "rotationZ": -0.489 },
						"b_Bone": { "offsetX": 3.183492409216281E-11, "offsetY": -3.7251677890499386E-9, "offsetZ": -1.39694824596802E-9, "rotationX": 0.001, "rotationY": 0.0, "rotationZ": -0.489 },
						"b_Arm_R": { "offsetX": 1.2692199493301129E-8, "offsetY": 2.5723452666016905E-9, "offsetZ": 4.766612922414963E-7, "rotationX": -1.521, "rotationY": -0.328, "rotationZ": 0.711 },
						"b_Arm_L": { "offsetX": -1.2692059161108586E-8, "offsetY": -2.572454956638267E-9, "offsetZ": 4.766612922414963E-7, "rotationX": 1.521, "rotationY": 0.328, "rotationZ": 0.711 }
					}
				},
				{
					"frame": 22,
					"elements": {
						"b_Bone.005": {  },
						"b_Bone.004": {  },
						"b_Bone.003": { "offsetX": 0.0, "offsetY": 0.0, "offsetZ": 0.0, "rotationX": 0.0, "rotationY": 0.062, "rotationZ": -0.122 },
						"b_Bone.001": { "offsetX": -1.5013447470477963E-17, "offsetY": 7.556953636842492E-15, "offsetZ": 9.313225894184513E-10, "rotationX": 0.0, "rotationY": 0.0, "rotationZ": -0.415 },
						"b_Bone": { "offsetX": 1.907163467267396E-6, "offsetY": 3.2458573234411815E-8, "offsetZ": 2.7937350655056937E-9, "rotationX": 0.0, "rotationY": 0.0, "rotationZ": -0.415 },
						"b_Arm_R": { "offsetX": 1.0769522334122512E-8, "offsetY": 2.1932707110484496E-9, "offsetZ": 4.767104902213023E-7, "rotationX": -1.291, "rotationY": -0.277, "rotationZ": 0.604 },
						"b_Arm_L": { "offsetX": -1.0769472596130218E-8, "offsetY": -2.1933795129065925E-9, "offsetZ": 4.767104902213023E-7, "rotationX": 1.291, "rotationY": 0.277, "rotationZ": 0.604 }
					}
				},
				{
					"frame": 23,
					"elements": {
						"b_Bone.005": {  },
						"b_Bone.004": {  },
						"b_Bone.003": { "offsetX": 0.0, "offsetY": 0.0, "offsetZ": 0.0, "rotationX": 0.0, "rotationY": 0.064, "rotationZ": -0.108 },
						"b_Bone.001": { "offsetX": -4.7683429518954896E-7, "offsetY": -1.898937037821113E-9, "offsetZ": 4.65670787116237E-10, "rotationX": 0.0, "rotationY": 0.0, "rotationZ": -0.338 },
						"b_Bone": { "offsetX": 2.2111318336357422E-11, "offsetY": -3.725234180387866E-9, "offsetZ": -1.3969591261538343E-9, "rotationX": 0.0, "rotationY": 0.0, "rotationZ": -0.338 },
						"b_Arm_R": { "offsetX": 8.812522407547458E-9, "offsetY": 1.8035495606090404E-9, "offsetZ": 4.7675227013482907E-7, "rotationX": -1.056, "rotationY": -0.226, "rotationZ": 0.495 },
						"b_Arm_L": { "offsetX": -8.812565928290715E-9, "offsetY": -1.8036585845117915E-9, "offsetZ": 4.7675227013482907E-7, "rotationX": 1.056, "rotationY": 0.226, "rotationZ": 0.495 }
					}
				},
				{
					"frame": 24,
					"elements": {
						"b_Bone.005": {  },
						"b_Bone.004": {  },
						"b_Bone.003": { "offsetX": 0.0, "offsetY": 0.0, "offsetZ": 0.0, "rotationX": 0.0, "rotationY": 0.065, "rotationZ": -0.091 },
						"b_Bone.001": { "offsetX": -9.793123776570802E-19, "offsetY": -4.8371164004181845E-15, "offsetZ": -9.313225894184513E-10, "rotationX": 0.0, "rotationY": 0.0, "rotationZ": -0.265 },
						"b_Bone": { "offsetX": 3.4586254549391426E-11, "offsetY": -7.450514990143508E-9, "offsetZ": -2.7939291324934827E-9, "rotationX": 0.0, "rotationY": 0.0, "rotationZ": -0.265 },
						"b_Arm_R": { "offsetX": 6.89096879408762E-9, "offsetY": 1.4170740362114083E-9, "offsetZ": 4.767852393182924E-7, "rotationX": -0.827, "rotationY": -0.176, "rotationZ": 0.387 },
						"b_Arm_L": { "offsetX": -6.891102020852693E-9, "offsetY": -1.4171817278465086E-9, "offsetZ": 4.767852393182924E-7, "rotationX": 0.827, "rotationY": 0.176, "rotationZ": 0.387 }
					}
				},
				{
					"frame": 25,
					"elements": {
						"b_Bone.005": {  },
						"b_Bone.004": {  },
						"b_Bone.003": { "offsetX": 0.0, "offsetY": 0.0, "offsetZ": 0.0, "rotationX": 0.0, "rotationY": 0.065, "rotationZ": -0.072 },
						"b_Bone.001": { "offsetX": -1.5921057043702073E-12, "offsetY": 4.656656800902426E-10, "offsetZ": 1.8626434024800349E-9, "rotationX": 0.0, "rotationY": 0.0, "rotationZ": -0.198 },
						"b_Bone": { "offsetX": 2.273577087272208E-17, "offsetY": 1.2469439030105322E-14, "offsetZ": 3.2596290629645795E-9, "rotationX": 0.0, "rotationY": 0.0, "rotationZ": -0.194 },
						"b_Arm_R": { "offsetX": 5.074486245259157E-9, "offsetY": 1.048258496680279E-9, "offsetZ": 4.7680902828946373E-7, "rotationX": -0.608, "rotationY": -0.129, "rotationZ": 0.285 },
						"b_Arm_L": { "offsetX": -5.074448053586503E-9, "offsetY": -1.048366632404596E-9, "offsetZ": 4.7680902828946373E-7, "rotationX": 0.609, "rotationY": 0.129, "rotationZ": 0.286 }
					}
				},
				{
					"frame": 26,
					"elements": {
						"b_Bone.005": {  },
						"b_Bone.004": {  },
						"b_Bone.003": { "offsetX": 0.0, "offsetY": 0.0, "offsetZ": 0.0, "rotationX": 0.0, "rotationY": 0.061, "rotationZ": -0.051 },
						"b_Bone.001": { "offsetX": -1.0771911962586185E-12, "offsetY": 4.6565763097318617E-10, "offsetZ": -9.313238106637978E-10, "rotationX": 0.0, "rotationY": 0.0, "rotationZ": -0.125 },
						"b_Bone": { "offsetX": -1.9073435472212095E-6, "offsetY": -4.412136948202647E-9, "offsetZ": 4.656920478874965E-10, "rotationX": 0.0, "rotationY": 0.0, "rotationZ": -0.125 },
						"b_Arm_R": { "offsetX": 3.4326653177085246E-9, "offsetY": 7.119919211909493E-10, "offsetZ": 4.768242907476704E-7, "rotationX": -0.412, "rotationY": -0.087, "rotationZ": 0.193 },
						"b_Arm_L": { "offsetX": -3.432683525366418E-9, "offsetY": -7.120997793595061E-10, "offsetZ": 4.768242907476704E-7, "rotationX": 0.41, "rotationY": 0.087, "rotationZ": 0.192 }
					}
				},
				{
					"frame": 27,
					"elements": {
						"b_Bone.005": {  },
						"b_Bone.004": {  },
						"b_Bone.003": { "offsetX": 0.0, "offsetY": 0.0, "offsetZ": 0.0, "rotationX": 0.0, "rotationY": 0.068, "rotationZ": -0.04 },
						"b_Bone.001": { "offsetX": -6.386708212671088E-13, "offsetY": 4.656601289750313E-10, "offsetZ": -4.656620163542031E-10, "rotationX": 0.0, "rotationY": 0.0, "rotationZ": -0.079 },
						"b_Bone": { "offsetX": -1.9073443430290862E-6, "offsetY": -4.4786139953493575E-9, "offsetZ": 9.31352787485201E-10, "rotationX": 0.0, "rotationY": 0.0, "rotationZ": -0.079 },
						"b_Arm_R": { "offsetX": 2.0349400266332185E-9, "offsetY": 4.235389051294932E-10, "offsetZ": 4.768326467303758E-7, "rotationX": -0.241, "rotationY": -0.051, "rotationZ": 0.113 },
						"b_Arm_L": { "offsetX": -2.0349706687891854E-9, "offsetY": -4.236462636976809E-10, "offsetZ": 4.768326467303758E-7, "rotationX": 0.241, "rotationY": 0.051, "rotationZ": 0.113 }
					}
				},
				{
					"frame": 28,
					"elements": {
						"b_Bone.005": {  },
						"b_Bone.004": {  },
						"b_Bone.003": { "offsetX": 0.0, "offsetY": 0.0, "offsetZ": 0.0, "rotationX": 0.0, "rotationY": 0.053, "rotationZ": -0.019 },
						"b_Bone.001": { "offsetX": 4.768372226256669E-7, "offsetY": 7.273697038161825E-11, "offsetZ": -1.3969901013767137E-9, "rotationX": 0.0, "rotationY": 0.0, "rotationZ": 0.0 },
						"b_Bone": { "offsetX": -3.814695052521186E-6, "offsetY": -4.772854631885751E-9, "offsetZ": 4.657138637702772E-10, "rotationX": 0.0, "rotationY": 0.0, "rotationZ": 0.0 },
						"b_Arm_R": { "offsetX": 9.506763305582438E-10, "offsetY": 1.983987866664843E-10, "offsetZ": 4.7683617102240117E-7, "rotationX": -0.117, "rotationY": -0.024, "rotationZ": 0.055 },
						"b_Arm_L": { "offsetX": -9.50541993570129E-10, "offsetY": -1.985058538011234E-10, "offsetZ": 4.7683617102240117E-7, "rotationX": 0.117, "rotationY": 0.024, "rotationZ": 0.055 }
					}
				},
				{
					"frame": 29,
					"elements": {
						"b_Bone.005": {  },
						"b_Bone.004": {  },
						"b_Bone.003": { "offsetX": 0.0, "offsetY": 0.0, "offsetZ": 0.0, "rotationX": 0.0, "rotationY": 0.055, "rotationZ": -0.01 },
						"b_Bone.001": { "offsetX": -4.768371657822471E-7, "offsetY": 3.629728519932944E-11, "offsetZ": 9.31328806667488E-10, "rotationX": 0.0, "rotationY": 0.0, "rotationZ": 0.0 },
						"b_Bone": { "offsetX": -1.9073485494421486E-6, "offsetY": -1.0044130131833647E-9, "offsetZ": -4.656358983571337E-10, "rotationX": 0.0, "rotationY": 0.0, "rotationZ": 0.0 },
						"b_Arm_R": { "offsetX": 2.492571466655758E-10, "offsetY": 5.21046651613226E-11, "offsetZ": 4.768370805171174E-7, "rotationX": 0.0, "rotationY": 0.0, "rotationZ": 0.0 },
						"b_Arm_L": { "offsetX": -2.492360801833487E-10, "offsetY": -5.2211576170846354E-11, "offsetZ": 4.768370805171174E-7, "rotationX": 0.0, "rotationY": 0.0, "rotationZ": 0.0 }
					}
				}
			]
		},

		{
			"name": "swim",
			"code": "swim",
			"quantityframes": 20,
			"onActivityStopped": "EaseOut",
			"onAnimationEnd": "Repeat",
			"keyframes": [
				{
					"frame": 1,
					"elements": {
						"b_Bone.005": {  },
						"b_Bone.004": {  },
						"b_Bone.003": { "offsetX": 0.0, "offsetY": 0.0, "offsetZ": 0.0, "rotationX": 0.0, "rotationY": 0.0, "rotationZ": 0.0 },
						"b_Bone.001": { "offsetX": 1.056300354786248E-12, "offsetY": 0.0, "offsetZ": 1.1641053584043662E-10, "rotationX": 0.0, "rotationY": -0.52, "rotationZ": 0.0 },
						"b_Bone": { "offsetX": 0.0, "offsetY": 0.0, "offsetZ": 0.0, "rotationX": 0.0, "rotationY": -0.519, "rotationZ": 0.0 },
						"b_Arm_R": { "offsetX": 9.538228065769186E-7, "offsetY": 2.3841858289112353E-7, "offsetZ": 2.3782418546150308E-7, "rotationX": -0.04, "rotationY": 0.0, "rotationZ": 0.0 },
						"b_Arm_L": { "offsetX": 4.766884918178535E-7, "offsetY": -6.962242850454651E-13, "offsetZ": 2.3871570344623155E-7, "rotationX": 0.04, "rotationY": 0.0, "rotationZ": 0.0 }
					}
				},
				{
					"frame": 2,
					"elements": {
						"b_Bone.005": {  },
						"b_Bone.004": {  },
						"b_Bone.003": { "offsetX": 0.0, "offsetY": 0.0, "offsetZ": 0.0, "rotationX": 0.0, "rotationY": -0.097, "rotationZ": 0.0 },
						"b_Bone.001": { "offsetX": 4.7658364413009826E-7, "offsetY": 0.0, "offsetZ": -1.557508635727967E-8, "rotationX": 0.0, "rotationY": -1.76, "rotationZ": 0.0 },
						"b_Bone": { "offsetX": -9.152619363554929E-10, "offsetY": 0.0, "offsetZ": -2.978826477313998E-8, "rotationX": 0.0, "rotationY": -1.759, "rotationZ": 0.0 },
						"b_Arm_R": { "offsetX": 9.542236663730964E-7, "offsetY": 2.3841858289112353E-7, "offsetZ": 2.3621034393097457E-7, "rotationX": -0.131, "rotationY": 0.0, "rotationZ": 0.0 },
						"b_Arm_L": { "offsetX": 4.762839940428107E-7, "offsetY": -6.961660633878773E-13, "offsetZ": 2.395217147167796E-7, "rotationX": 0.131, "rotationY": 0.0, "rotationZ": 0.0 }
					}
				},
				{
					"frame": 3,
					"elements": {
						"b_Bone.005": {  },
						"b_Bone.004": {  },
						"b_Bone.003": { "offsetX": 0.0, "offsetY": 0.0, "offsetZ": 0.0, "rotationX": 0.0, "rotationY": -0.371, "rotationZ": 0.0 },
						"b_Bone.001": { "offsetX": 2.1055497957880562E-10, "offsetY": 0.0, "offsetZ": 3.7193353433196686E-9, "rotationX": 0.0, "rotationY": -3.24, "rotationZ": 0.0 },
						"b_Bone": { "offsetX": -3.3688776748594138E-9, "offsetY": 0.0, "offsetZ": -5.95093654931147E-8, "rotationX": 0.0, "rotationY": -3.24, "rotationZ": 0.0 },
						"b_Arm_R": { "offsetX": 9.54809608344027E-7, "offsetY": 2.3841858289112353E-7, "offsetZ": 2.338307504819461E-7, "rotationX": -0.271, "rotationY": 0.0, "rotationZ": 0.0 },
						"b_Arm_L": { "offsetX": 4.7568537598927275E-7, "offsetY": -6.960808993058749E-13, "offsetZ": 2.4070837794777934E-7, "rotationX": 0.274, "rotationY": 0.0, "rotationZ": 0.0 }
					}
				},
				{
					"frame": 4,
					"elements": {
						"b_Bone.005": {  },
						"b_Bone.004": {  },
						"b_Bone.003": { "offsetX": 0.0, "offsetY": 0.0, "offsetZ": 0.0, "rotationX": 0.0, "rotationY": -0.722, "rotationZ": 0.0 },
						"b_Bone.001": { "offsetX": 0.0, "offsetY": 0.0, "offsetZ": 0.0, "rotationX": 0.0, "rotationY": -4.48, "rotationZ": 0.0 },
						"b_Bone": { "offsetX": 1.1639766669004213E-8, "offsetY": 0.0, "offsetZ": 1.4855631272549504E-7, "rotationX": 0.0, "rotationY": -4.48, "rotationZ": 0.0 },
						"b_Arm_R": { "offsetX": 9.5551310250703E-7, "offsetY": 2.3841858289112353E-7, "offsetZ": 2.3093928203794E-7, "rotationX": -0.448, "rotationY": 0.0, "rotationZ": 0.0 },
						"b_Arm_L": { "offsetX": 4.7495454014136303E-7, "offsetY": -6.959779000978516E-13, "offsetZ": 2.421472554322733E-7, "rotationX": 0.448, "rotationY": 0.0, "rotationZ": 0.0 }
					}
				},
				{
					"frame": 5,
					"elements": {
						"b_Bone.005": {  },
						"b_Bone.004": {  },
						"b_Bone.003": { "offsetX": 0.0, "offsetY": 0.0, "offsetZ": 0.0, "rotationX": 0.0, "rotationY": -1.041, "rotationZ": 0.0 },
						"b_Bone.001": { "offsetX": 4.7437331617427294E-7, "offsetY": 0.0, "offsetZ": -4.8981356638715796E-8, "rotationX": 0.0, "rotationY": -5.0, "rotationZ": 0.0 },
						"b_Bone": { "offsetX": 2.3376980723053127E-8, "offsetY": 0.0, "offsetZ": 2.672002537289359E-7, "rotationX": 0.0, "rotationY": -5.0, "rotationZ": 0.0 },
						"b_Arm_R": { "offsetX": 9.562686652425373E-7, "offsetY": 2.3841858289112353E-7, "offsetZ": 2.2779027026983677E-7, "rotationX": -0.638, "rotationY": 0.0, "rotationZ": 0.0 },
						"b_Arm_L": { "offsetX": 4.741542700562112E-7, "offsetY": -6.958659020116537E-13, "offsetZ": 2.4371056316263137E-7, "rotationX": 0.638, "rotationY": 0.0, "rotationZ": 0.0 }
					}
				},
				{
					"frame": 6,
					"elements": {
						"b_Bone.005": {  },
						"b_Bone.004": {  },
						"b_Bone.003": { "offsetX": 0.0, "offsetY": 0.0, "offsetZ": 0.0, "rotationX": 0.0, "rotationY": -1.207, "rotationZ": 0.0 },
						"b_Bone.001": { "offsetX": 0.0, "offsetY": 0.0, "offsetZ": 0.0, "rotationX": 0.0, "rotationY": -4.72, "rotationZ": 0.0 },
						"b_Bone": { "offsetX": -7.3567539896883635E-9, "offsetY": 0.0, "offsetZ": -8.91037870994309E-8, "rotationX": 0.0, "rotationY": -4.72, "rotationZ": 0.0 },
						"b_Arm_R": { "offsetX": 9.570138824756474E-7, "offsetY": 2.3841858289112353E-7, "offsetZ": 2.2463884265639356E-7, "rotationX": -0.825, "rotationY": 0.0, "rotationZ": 0.0 },
						"b_Arm_L": { "offsetX": 4.7334882721986076E-7, "offsetY": -6.957546628669886E-13, "offsetZ": 2.4527125609568023E-7, "rotationX": 0.825, "rotationY": 0.0, "rotationZ": 0.0 }
					}
				},
				{
					"frame": 7,
					"elements": {
						"b_Bone.005": {  },
						"b_Bone.004": {  },
						"b_Bone.003": { "offsetX": 0.0, "offsetY": 0.0, "offsetZ": 0.0, "rotationX": 0.0, "rotationY": -1.185, "rotationZ": 0.0 },
						"b_Bone.001": { "offsetX": -4.756989331448865E-7, "offsetY": 0.0, "offsetZ": 3.292716907066637E-8, "rotationX": 0.0, "rotationY": -3.959, "rotationZ": 0.0 },
						"b_Bone": { "offsetX": -1.896621855072105E-6, "offsetY": 0.0, "offsetZ": 2.209020557170724E-7, "rotationX": 0.0, "rotationY": -3.959, "rotationZ": 0.0 },
						"b_Arm_R": { "offsetX": 9.576895233629659E-7, "offsetY": 2.3841858289112353E-7, "offsetZ": 2.2174073774312998E-7, "rotationX": -0.999, "rotationY": 0.0, "rotationZ": 0.0 },
						"b_Arm_L": { "offsetX": 4.726041784209483E-7, "offsetY": -6.956530189117025E-13, "offsetZ": 2.4670305657441357E-7, "rotationX": 1.0, "rotationY": 0.0, "rotationZ": 0.0 }
					}
				},
				{
					"frame": 8,
					"elements": {
						"b_Bone.005": {  },
						"b_Bone.004": {  },
						"b_Bone.003": { "offsetX": 0.0, "offsetY": 0.0, "offsetZ": 0.0, "rotationX": 0.0, "rotationY": -1.028, "rotationZ": 0.0 },
						"b_Bone.001": { "offsetX": -3.6908560128616195E-10, "offsetY": 0.0, "offsetZ": -7.441433365657725E-9, "rotationX": 0.0, "rotationY": -2.839, "rotationZ": 0.0 },
						"b_Bone": { "offsetX": -2.214510832159366E-9, "offsetY": 0.0, "offsetZ": -4.464860197030322E-8, "rotationX": 0.0, "rotationY": -2.839, "rotationZ": 0.0 },
						"b_Arm_R": { "offsetX": 9.582391992320868E-7, "offsetY": 2.3841858289112353E-7, "offsetZ": 2.193525609377171E-7, "rotationX": -1.143, "rotationY": 0.0, "rotationZ": 0.0 },
						"b_Arm_L": { "offsetX": 4.719876546901846E-7, "offsetY": -6.955696979734226E-13, "offsetZ": 2.4788039748457196E-7, "rotationX": 1.143, "rotationY": 0.0, "rotationZ": 0.0 }
					}
				},
				{
					"frame": 9,
					"elements": {
						"b_Bone.005": {  },
						"b_Bone.004": {  },
						"b_Bone.003": { "offsetX": 0.0, "offsetY": 0.0, "offsetZ": 0.0, "rotationX": 0.0, "rotationY": -0.773, "rotationZ": 0.0 },
						"b_Bone.001": { "offsetX": 1.9238096144373098E-10, "offsetY": 0.0, "offsetZ": 7.448096480268224E-9, "rotationX": 0.0, "rotationY": -1.479, "rotationZ": 0.0 },
						"b_Bone": { "offsetX": 1.9078670751172388E-6, "offsetY": 0.0, "offsetZ": -4.560881522781689E-9, "rotationX": 0.0, "rotationY": -1.479, "rotationZ": 0.0 },
						"b_Arm_R": { "offsetX": 9.586089088342338E-7, "offsetY": 2.3841858289112353E-7, "offsetZ": 2.1773125870834453E-7, "rotationX": -1.24, "rotationY": 0.0, "rotationZ": 0.0 },
						"b_Arm_L": { "offsetX": 4.715676386615461E-7, "offsetY": -6.955133736696667E-13, "offsetZ": 2.4867853594148263E-7, "rotationX": 1.24, "rotationY": 0.0, "rotationZ": 0.0 }
					}
				},
				{
					"frame": 10,
					"elements": {
						"b_Bone.005": {  },
						"b_Bone.004": {  },
						"b_Bone.003": { "offsetX": 0.0, "offsetY": 0.0, "offsetZ": 0.0, "rotationX": 0.0, "rotationY": -0.451, "rotationZ": 0.0 },
						"b_Bone.001": { "offsetX": 4.768371657822471E-7, "offsetY": 0.0, "offsetZ": 0.0, "rotationX": 0.0, "rotationY": 0.0, "rotationZ": 0.0 },
						"b_Bone": { "offsetX": 0.0, "offsetY": 0.0, "offsetZ": 3.725290357673805E-9, "rotationX": 0.0, "rotationY": 0.0, "rotationZ": 0.0 },
						"b_Arm_R": { "offsetX": 9.587445372337916E-7, "offsetY": 2.3841856868026858E-7, "offsetZ": 2.1713376331234692E-7, "rotationX": -1.275, "rotationY": 0.0, "rotationZ": 0.0 },
						"b_Arm_L": { "offsetX": 4.71412598234139E-7, "offsetY": -6.80947496721566E-13, "offsetZ": 2.489723879999542E-7, "rotationX": 1.275, "rotationY": 0.0, "rotationZ": 0.0 }
					}
				},
				{
					"frame": 11,
					"elements": {
						"b_Bone.005": {  },
						"b_Bone.004": {  },
						"b_Bone.003": { "offsetX": 0.0, "offsetY": 0.0, "offsetZ": 0.0, "rotationX": 0.0, "rotationY": -0.079, "rotationZ": 0.0 },
						"b_Bone.001": { "offsetX": -2.404762364991338E-11, "offsetY": 0.0, "offsetZ": 9.31012060033528E-10, "rotationX": 0.0, "rotationY": 1.479, "rotationZ": 0.0 },
						"b_Bone": { "offsetX": 1.5390460262152844E-9, "offsetY": 0.0, "offsetZ": -5.958477184214579E-8, "rotationX": 0.0, "rotationY": 1.479, "rotationZ": 0.0 },
						"b_Arm_R": { "offsetX": 9.586089088342338E-7, "offsetY": 2.3841856868026858E-7, "offsetZ": 2.1773124449748957E-7, "rotationX": -1.24, "rotationY": 0.0, "rotationZ": 0.0 },
						"b_Arm_L": { "offsetX": 4.715676386615461E-7, "offsetY": -6.809448404262012E-13, "offsetZ": 2.4867853594148263E-7, "rotationX": 1.24, "rotationY": 0.0, "rotationZ": 0.0 }
					}
				},
				{
					"frame": 12,
					"elements": {
						"b_Bone.005": {  },
						"b_Bone.004": {  },
						"b_Bone.003": { "offsetX": 0.0, "offsetY": 0.0, "offsetZ": 0.0, "rotationX": 0.0, "rotationY": 0.277, "rotationZ": 0.0 },
						"b_Bone.001": { "offsetX": 1.8454277288750492E-10, "offsetY": 0.0, "offsetZ": -3.7207166828288626E-9, "rotationX": 0.0, "rotationY": 2.839, "rotationZ": 0.0 },
						"b_Bone": { "offsetX": 1.4763407398100844E-9, "offsetY": 0.0, "offsetZ": -2.97657334626309E-8, "rotationX": 0.0, "rotationY": 2.839, "rotationZ": 0.0 },
						"b_Arm_R": { "offsetX": 9.582391992320868E-7, "offsetY": 2.3841856868026858E-7, "offsetZ": 2.1935254672686215E-7, "rotationX": -1.143, "rotationY": 0.0, "rotationZ": 0.0 },
						"b_Arm_L": { "offsetX": 4.719876546901846E-7, "offsetY": -6.809368173299973E-13, "offsetZ": 2.478804259062818E-7, "rotationX": 1.143, "rotationY": 0.0, "rotationZ": 0.0 }
					}
				},
				{
					"frame": 13,
					"elements": {
						"b_Bone.005": {  },
						"b_Bone.004": {  },
						"b_Bone.003": { "offsetX": 0.0, "offsetY": 0.0, "offsetZ": 0.0, "rotationX": 0.0, "rotationY": 0.623, "rotationZ": 0.0 },
						"b_Bone.001": { "offsetX": 4.7621342293717327E-7, "offsetY": 0.0, "offsetZ": 2.5494359029422578E-8, "rotationX": 0.0, "rotationY": 3.959, "rotationZ": 0.0 },
						"b_Bone": { "offsetX": -6.173833986697956E-9, "offsetY": 0.0, "offsetZ": 8.919355707009369E-8, "rotationX": 0.0, "rotationY": 3.959, "rotationZ": 0.0 },
						"b_Arm_R": { "offsetX": 9.576895233629659E-7, "offsetY": 2.3841856868026858E-7, "offsetZ": 2.2174073774312998E-7, "rotationX": -0.999, "rotationY": 0.0, "rotationZ": 0.0 },
						"b_Arm_L": { "offsetX": 4.726041784209483E-7, "offsetY": -6.80924511635144E-13, "offsetZ": 2.467030849961235E-7, "rotationX": 1.0, "rotationY": 0.0, "rotationZ": 0.0 }
					}
				},
				{
					"frame": 14,
					"elements": {
						"b_Bone.005": {  },
						"b_Bone.004": {  },
						"b_Bone.003": { "offsetX": 0.0, "offsetY": 0.0, "offsetZ": 0.0, "rotationX": 0.0, "rotationY": 0.917, "rotationZ": 0.0 },
						"b_Bone.001": { "offsetX": -6.130632210520951E-10, "offsetY": 0.0, "offsetZ": 7.425315147530025E-9, "rotationX": 0.0, "rotationY": 4.72, "rotationZ": 0.0 },
						"b_Bone": { "offsetX": -1.9033330165831584E-6, "offsetY": 0.0, "offsetZ": -1.272427445871726E-7, "rotationX": 0.0, "rotationY": 4.72, "rotationZ": 0.0 },
						"b_Arm_R": { "offsetX": 9.570138824756474E-7, "offsetY": 2.3841856868026858E-7, "offsetZ": 2.246388284455386E-7, "rotationX": -0.826, "rotationY": 0.0, "rotationZ": 0.0 },
						"b_Arm_L": { "offsetX": 4.7334882721986076E-7, "offsetY": -6.809083570225172E-13, "offsetZ": 2.4527125609568023E-7, "rotationX": 0.826, "rotationY": 0.0, "rotationZ": 0.0 }
					}
				},
				{
					"frame": 15,
					"elements": {
						"b_Bone.005": {  },
						"b_Bone.004": {  },
						"b_Bone.003": { "offsetX": 0.0, "offsetY": 0.0, "offsetZ": 0.0, "rotationX": 0.0, "rotationY": 1.127, "rotationZ": 0.0 },
						"b_Bone.001": { "offsetX": -4.7437331617427294E-7, "offsetY": 0.0, "offsetZ": -4.898131400615097E-8, "rotationX": 0.0, "rotationY": 5.0, "rotationZ": 0.0 },
						"b_Bone": { "offsetX": 5.194878387873881E-9, "offsetY": 0.0, "offsetZ": -5.9377833372493817E-8, "rotationX": 0.0, "rotationY": 5.0, "rotationZ": 0.0 },
						"b_Arm_R": { "offsetX": 9.562686652425373E-7, "offsetY": 2.3841856868026858E-7, "offsetZ": 2.2779025605898182E-7, "rotationX": -0.638, "rotationY": 0.0, "rotationZ": 0.0 },
						"b_Arm_L": { "offsetX": 4.741542700562112E-7, "offsetY": -6.808890582235402E-13, "offsetZ": 2.4371056316263137E-7, "rotationX": 0.638, "rotationY": 0.0, "rotationZ": 0.0 }
					}
				},
				{
					"frame": 16,
					"elements": {
						"b_Bone.005": {  },
						"b_Bone.004": {  },
						"b_Bone.003": { "offsetX": 0.0, "offsetY": 0.0, "offsetZ": 0.0, "rotationX": 0.0, "rotationY": 1.225, "rotationZ": 0.0 },
						"b_Bone.001": { "offsetX": 0.0, "offsetY": 0.0, "offsetZ": 0.0, "rotationX": 0.0, "rotationY": 4.48, "rotationZ": 0.0 },
						"b_Bone": { "offsetX": 1.6295651309780738E-8, "offsetY": 0.0, "offsetZ": -2.0797883213135105E-7, "rotationX": 0.0, "rotationY": 4.48, "rotationZ": 0.0 },
						"b_Arm_R": { "offsetX": 9.5551310250703E-7, "offsetY": 2.3841856868026858E-7, "offsetZ": 2.3093926782708507E-7, "rotationX": -0.449, "rotationY": 0.0, "rotationZ": 0.0 },
						"b_Arm_L": { "offsetX": 4.7495454014136303E-7, "offsetY": -6.80868512592045E-13, "offsetZ": 2.421472554322733E-7, "rotationX": 0.449, "rotationY": 0.0, "rotationZ": 0.0 }
					}
				},
				{
					"frame": 17,
					"elements": {
						"b_Bone.005": {  },
						"b_Bone.004": {  },
						"b_Bone.003": { "offsetX": 0.0, "offsetY": 0.0, "offsetZ": 0.0, "rotationX": 0.0, "rotationY": 1.141, "rotationZ": 0.0 },
						"b_Bone.001": { "offsetX": -4.760749239449176E-7, "offsetY": 0.0, "offsetZ": -2.69510054116635E-8, "rotationX": 0.0, "rotationY": 3.24, "rotationZ": 0.0 },
						"b_Bone": { "offsetX": 1.912721957912469E-6, "offsetY": 0.0, "offsetZ": -4.096951110204286E-8, "rotationX": 0.0, "rotationY": 3.24, "rotationZ": 0.0 },
						"b_Arm_R": { "offsetX": 9.54809608344027E-7, "offsetY": 2.3841856868026858E-7, "offsetZ": 2.338307504819461E-7, "rotationX": -0.271, "rotationY": 0.0, "rotationZ": 0.0 },
						"b_Arm_L": { "offsetX": 4.7568537598927275E-7, "offsetY": -6.808484006414257E-13, "offsetZ": 2.4070837794777934E-7, "rotationX": 0.274, "rotationY": 0.0, "rotationZ": 0.0 }
					}
				},
				{
					"frame": 18,
					"elements": {
						"b_Bone.005": {  },
						"b_Bone.004": {  },
						"b_Bone.003": { "offsetX": 0.0, "offsetY": 0.0, "offsetZ": 0.0, "rotationX": 0.0, "rotationY": 0.876, "rotationZ": 0.0 },
						"b_Bone.001": { "offsetX": 0.0, "offsetY": 0.0, "offsetZ": 0.0, "rotationX": 0.0, "rotationY": 1.759, "rotationZ": 0.0 },
						"b_Bone": { "offsetX": -1.9069065350100615E-6, "offsetY": 0.0, "offsetZ": -4.3682576473118655E-8, "rotationX": 0.0, "rotationY": 1.76, "rotationZ": 0.0 },
						"b_Arm_R": { "offsetX": 9.542236663730964E-7, "offsetY": 2.3841856868026858E-7, "offsetZ": 2.3621034393097457E-7, "rotationX": -0.125, "rotationY": 0.0, "rotationZ": 0.0 },
						"b_Arm_L": { "offsetX": 4.762839940428107E-7, "offsetY": -6.808306197255144E-13, "offsetZ": 2.395217147167796E-7, "rotationX": 0.125, "rotationY": 0.0, "rotationZ": 0.0 }
					}
				},
				{
					"frame": 19,
					"elements": {
						"b_Bone.005": {  },
						"b_Bone.004": {  },
						"b_Bone.003": { "offsetX": 0.0, "offsetY": 0.0, "offsetZ": 0.0, "rotationX": 0.0, "rotationY": 0.526, "rotationZ": 0.0 },
						"b_Bone.001": { "offsetX": 3.3801587067030885E-11, "offsetY": 0.0, "offsetZ": -3.7251371468939717E-9, "rotationX": 0.0, "rotationY": 0.517, "rotationZ": 0.0 },
						"b_Bone": { "offsetX": -2.709407186151515E-10, "offsetY": 0.0, "offsetZ": 2.9859301284276694E-8, "rotationX": 0.0, "rotationY": 0.519, "rotationZ": 0.0 },
						"b_Arm_R": { "offsetX": 9.538228065769186E-7, "offsetY": 2.3841856868026858E-7, "offsetZ": 2.3782418546150308E-7, "rotationX": 0.0, "rotationY": 0.0, "rotationZ": 0.0 },
						"b_Arm_L": { "offsetX": 4.766884918178535E-7, "offsetY": -6.808178803497852E-13, "offsetZ": 2.3871570344623155E-7, "rotationX": 0.0, "rotationY": 0.0, "rotationZ": 0.0 }
					}
				}
			]
		},

		{
			"name": "flop",
			"code": "flop",
			"quantityframes": 30,
			"onActivityStopped": "EaseOut",
			"onAnimationEnd": "Repeat",
			"keyframes": [
				{
					"frame": 0,
					"elements": {
						"b_Bone.005": {  },
						"Cube.011": { "offsetX": 0.0, "offsetY": 0.0, "offsetZ": 0.0, "rotationX": 0.0, "rotationY": 0.0, "rotationZ": 0.0 },
						"b_Bone.006": { "offsetX": 0.0, "offsetY": 0.0, "offsetZ": 0.0, "rotationX": 0.0, "rotationY": 0.0, "rotationZ": 0.0 },
						"b_Bone.004": { "offsetX": 0.0, "offsetY": 0.0, "offsetZ": 0.0, "rotationX": 0.0, "rotationY": 0.0, "rotationZ": 0.0 },
						"b_Bone.003": {  },
						"b_Bone.001": { "offsetX": 0.0, "offsetY": 0.0, "offsetZ": 0.0, "rotationX": 0.0, "rotationY": 0.0, "rotationZ": 0.0 }
					}
				},
				{
					"frame": 15,
					"elements": {
						"b_Bone.005": {  },
						"Cube.011": { "offsetX": 1.0, "offsetY": 1.0, "offsetZ": 0.0, "rotationX": 0.0, "rotationY": 0.0, "rotationZ": -22.5 },
						"b_Bone.004": { "offsetX": 0.0, "offsetY": 2.0, "offsetZ": 0.0 },
						"b_Bone.003": {  },
						"b_Bone.001": { "offsetX": -2.0, "offsetY": -0.6, "offsetZ": 0.0, "rotationX": 0.0, "rotationY": 0.0, "rotationZ": -12.0 },
						"b_Bone.006": { "offsetX": 0.0, "offsetY": 2.0, "offsetZ": 0.0, "rotationX": 0.0, "rotationY": 0.0, "rotationZ": -22.5 }
					}
				}
			]
		}
	]
}