{
	"editor": {
		"allAngles": false,
		"entityTextureMode": true
	},
	"textureWidth": 64,
	"textureHeight": 64,
	"textureSizes": {
	},
	"textures": {
		"sunfishcombined": "somethinginthewater:entity/sunfishcombined"
	},
	"elements": [
		{
			"name": "Body",
			"from": [ 2.0, 4.0, 5.9 ], 
			"to": [ 20.0, 11.0, 10.1 ], 
			"autoUnwrap": false,
			"uv": [ 0.0, 45.5 ],
			"rotationOrigin": [ 10.0, 7.0, 7.9 ],
			"faces": {
				"north": { "texture": "#sunfishcombined", "uv": [ 18.0, 49.5, 0.0, 56.5 ], "autoUv": false, "windMode": [-1,-1,-1,-1] },
				"east": { "texture": "#sunfishcombined", "uv": [ 18.0, 49.5, 22.0, 56.5 ], "windMode": [-1,-1,-1,-1] },
				"south": { "texture": "#sunfishcombined", "uv": [ 0.0, 49.5, 18.0, 56.5 ], "windMode": [-1,-1,-1,-1] },
				"west": { "texture": "#sunfishcombined", "uv": [ 36.0, 0.0, 40.0, 7.0 ], "enabled": false, "windMode": [-1,-1,-1,-1] },
				"up": { "texture": "#sunfishcombined", "uv": [ 0.0, 45.5, 18.0, 49.5 ], "windMode": [-1,-1,-1,-1] },
				"down": { "texture": "#sunfishcombined", "uv": [ 18.0, 0.0, 36.0, 4.0 ], "enabled": false, "windMode": [-1,-1,-1,-1] }
			},
			"children": [
				{
					"name": "Chest",
					"from": [ -1.83, -3.8, 0.09 ], 
					"to": [ 3.2, 0.2, 4.11 ], 
					"uv": [ 25.0, 5.0 ],
					"rotationOrigin": [ 3.2, -2.8, 2.1 ],
					"rotationZ": -45.0,
					"faces": {
						"north": { "texture": "#sunfishcombined", "uv": [ 25.0, 9.0, 30.0, 13.0 ] },
						"east": { "texture": "#sunfishcombined", "uv": [ 30.0, 9.0, 34.0, 13.0 ], "windMode": [-1,-1,-1,-1] },
						"south": { "texture": "#sunfishcombined", "uv": [ 34.0, 9.0, 39.0, 13.0 ] },
						"west": { "texture": "#sunfishcombined", "uv": [ 17.5, 45.0, 21.5, 49.0 ], "enabled": false },
						"up": { "texture": "#sunfishcombined", "uv": [ 25.0, 5.0, 30.0, 9.0 ], "enabled": false, "windMode": [-1,-1,-1,-1] },
						"down": { "texture": "#sunfishcombined", "uv": [ 30.0, 5.0, 35.0, 9.0 ] }
					}
				},
				{
					"name": "Head",
					"from": [ -3.78, 3.77, 0.1 ], 
					"to": [ -1.28, 9.17, 4.1 ], 
					"autoUnwrap": false,
					"uv": [ 0.0, 0.0 ],
					"rotationOrigin": [ -0.4, 3.4, 2.1 ],
					"rotationZ": -59.6,
					"faces": {
						"north": { "texture": "#sunfishcombined", "uv": [ 2.5, 4.0, 0.0, 9.25 ], "autoUv": false },
						"east": { "texture": "#sunfishcombined", "uv": [ 2.5, 4.0, 6.5, 9.0 ], "enabled": false, "windMode": [-1,-1,-1,-1] },
						"south": { "texture": "#sunfishcombined", "uv": [ 0.0, 4.0, 2.5, 9.25 ] },
						"west": { "texture": "#sunfishcombined", "uv": [ 2.5, 4.0, 6.5, 9.25 ], "windMode": [-1,-1,-1,-1] },
						"up": { "texture": "#sunfishcombined", "uv": [ 0.0, 0.0, 2.5, 4.0 ], "enabled": false, "windMode": [-1,-1,-1,-1] },
						"down": { "texture": "#sunfishcombined", "uv": [ 0.0, 0.0, 2.5, 4.0 ], "windMode": [-1,-1,-1,-1] }
					}
				},
				{
					"name": "Bottom",
					"from": [ 2.5, -3.5, 0.0 ], 
					"to": [ 18.0, 0.0, 4.2 ], 
					"autoUnwrap": false,
					"uv": [ 0.0, 56.5 ],
					"rotationOrigin": [ 7.5, -1.5, 2.0 ],
					"faces": {
						"north": { "texture": "#sunfishcombined", "uv": [ 15.5, 60.5, 0.0, 64.0 ], "autoUv": false, "windMode": [-1,-1,-1,-1] },
						"east": { "texture": "#sunfishcombined", "uv": [ 15.5, 60.5, 19.5, 64.0 ], "windMode": [-1,-1,-1,-1] },
						"south": { "texture": "#sunfishcombined", "uv": [ 0.0, 60.5, 15.5, 64.0 ] },
						"west": { "texture": "#sunfishcombined", "uv": [ 35.0, 4.0, 39.0, 7.5 ], "enabled": false, "windMode": [-1,-1,-1,-1] },
						"up": { "texture": "#sunfishcombined", "uv": [ 0.0, 0.0, 15.5, 4.0 ], "enabled": false, "windMode": [-1,-1,-1,-1] },
						"down": { "texture": "#sunfishcombined", "uv": [ 0.0, 60.5, 15.5, 64.0 ], "autoUv": false }
					}
				},
				{
					"name": "Top",
					"from": [ 2.8, 7.0, 0.0 ], 
					"to": [ 18.0, 9.2, 4.2 ], 
					"autoUnwrap": false,
					"uv": [ 2.5, 0.0 ],
					"rotationOrigin": [ 7.8, 8.8, 2.0 ],
					"faces": {
						"north": { "texture": "#sunfishcombined", "uv": [ 17.5, 0.0, 2.5, 2.0 ], "autoUv": false },
						"east": { "texture": "#sunfishcombined", "uv": [ 17.5, 0.0, 21.5, 2.0 ] },
						"south": { "texture": "#sunfishcombined", "uv": [ 2.5, 0.0, 17.5, 2.0 ] },
						"west": { "texture": "#sunfishcombined", "uv": [ 52.0, 0.5, 56.0, 2.5 ], "enabled": false, "windMode": [-1,-1,-1,-1] },
						"up": { "texture": "#sunfishcombined", "uv": [ 0.0, 0.0, 15.0, 4.0 ], "enabled": false, "windMode": [-1,-1,-1,-1] },
						"down": { "texture": "#sunfishcombined", "uv": [ 15.0, 0.0, 30.0, 4.0 ], "enabled": false, "windMode": [-1,-1,-1,-1] }
					}
				},
				{
					"name": "TailBase",
					"from": [ 16.9, -3.5, 0.85 ], 
					"to": [ 17.9, 9.2, 3.35 ], 
					"uv": [ 43.0, 6.5 ],
					"rotationOrigin": [ 17.4, 2.5, 2.1 ],
					"faces": {
						"north": { "texture": "#sunfishcombined", "uv": [ 43.0, 9.0, 44.0, 21.5 ] },
						"east": { "texture": "#sunfishcombined", "uv": [ 44.0, 9.0, 46.5, 21.5 ] },
						"south": { "texture": "#sunfishcombined", "uv": [ 46.5, 9.0, 47.5, 21.5 ] },
						"west": { "texture": "#sunfishcombined", "uv": [ 47.5, 9.0, 50.0, 21.5 ] },
						"up": { "texture": "#sunfishcombined", "uv": [ 43.0, 6.5, 44.0, 9.0 ] },
						"down": { "texture": "#sunfishcombined", "uv": [ 44.0, 6.5, 45.0, 9.0 ] }
					},
					"children": [
						{
							"name": "Tail1",
							"from": [ -0.6, 3.9, 0.22 ], 
							"to": [ 6.4, 10.9, 2.26 ], 
							"autoUnwrap": false,
							"uv": [ 48.0, 0.0 ],
							"rotationOrigin": [ 3.5, 8.8, 2.25 ],
							"rotationZ": -30.0,
							"faces": {
								"north": { "texture": "#sunfishcombined", "uv": [ 55.0, 2.0, 48.0, 9.0 ], "autoUv": false },
								"east": { "texture": "#sunfishcombined", "uv": [ 55.0, 2.0, 57.0, 9.0 ] },
								"south": { "texture": "#sunfishcombined", "uv": [ 48.0, 2.0, 55.0, 9.0 ] },
								"west": { "texture": "#sunfishcombined", "uv": [ 16.0, 2.0, 18.0, 9.0 ], "enabled": false, "windMode": [-1,-1,-1,-1] },
								"up": { "texture": "#sunfishcombined", "uv": [ 48.0, 0.0, 55.0, 2.0 ] },
								"down": { "texture": "#sunfishcombined", "uv": [ 7.0, 0.0, 14.0, 2.0 ], "enabled": false, "windMode": [-1,-1,-1,-1] }
							}
						},
						{
							"name": "Tail2",
							"from": [ 4.6, 3.5, 0.23 ], 
							"to": [ 7.1, 9.2, 2.25 ], 
							"autoUnwrap": false,
							"uv": [ 41.0, 0.0 ],
							"rotationOrigin": [ 5.6, 6.5, 1.25 ],
							"faces": {
								"north": { "texture": "#sunfishcombined", "uv": [ 43.5, 0.0, 41.0, 5.5 ], "autoUv": false },
								"east": { "texture": "#sunfishcombined", "uv": [ 43.5, 0.0, 45.5, 5.5 ] },
								"south": { "texture": "#sunfishcombined", "uv": [ 41.0, 0.0, 43.5, 5.5 ], "autoUv": false },
								"west": { "texture": "#sunfishcombined", "uv": [ 7.0, 2.0, 9.0, 7.5 ], "enabled": false, "windMode": [-1,-1,-1,-1] },
								"up": { "texture": "#sunfishcombined", "uv": [ 0.0, 0.0, 2.5, 2.0 ], "enabled": false, "windMode": [-1,-1,-1,-1] },
								"down": { "texture": "#sunfishcombined", "uv": [ 2.5, 0.0, 5.0, 2.0 ], "enabled": false, "windMode": [-1,-1,-1,-1] }
							}
						},
						{
							"name": "Tail3",
							"from": [ -2.0, 1.4, 0.21 ], 
							"to": [ 5.0, 5.4, 2.27 ], 
							"autoUnwrap": false,
							"uv": [ 50.0, 9.0 ],
							"rotationOrigin": [ 2.1, 6.3, 2.25 ],
							"rotationZ": 30.0,
							"faces": {
								"north": { "texture": "#sunfishcombined", "uv": [ 57.0, 11.0, 50.0, 15.0 ], "autoUv": false },
								"east": { "texture": "#sunfishcombined", "uv": [ 7.0, 2.0, 9.0, 6.0 ], "enabled": false, "windMode": [-1,-1,-1,-1] },
								"south": { "texture": "#sunfishcombined", "uv": [ 50.0, 11.0, 57.0, 15.0 ] },
								"west": { "texture": "#sunfishcombined", "uv": [ 16.0, 2.0, 18.0, 6.0 ], "enabled": false, "windMode": [-1,-1,-1,-1] },
								"up": { "texture": "#sunfishcombined", "uv": [ 0.0, 0.0, 7.0, 2.0 ], "enabled": false, "windMode": [-1,-1,-1,-1] },
								"down": { "texture": "#sunfishcombined", "uv": [ 50.0, 9.0, 57.0, 11.0 ] }
							}
						}
					]
				},
				{
					"name": "TopForward",
					"from": [ 2.8, 8.0, 0.1 ], 
					"to": [ 12.8, 10.0, 4.1 ], 
					"autoUnwrap": false,
					"uv": [ 0.0, 11.0 ],
					"rotationOrigin": [ 7.1, 10.0, 2.1 ],
					"rotationZ": 10.0,
					"faces": {
						"north": { "texture": "#sunfishcombined", "uv": [ 10.0, 15.0, 0.0, 17.0 ], "windMode": [-1,-1,-1,-1] },
						"east": { "texture": "#sunfishcombined", "uv": [ 10.0, 4.0, 14.0, 6.0 ], "enabled": false, "windMode": [-1,-1,-1,-1] },
						"south": { "texture": "#sunfishcombined", "uv": [ 0.0, 15.0, 10.0, 17.0 ] },
						"west": { "texture": "#sunfishcombined", "uv": [ 0.0, 11.0, 10.0, 15.0 ], "autoUv": false, "windMode": [-1,-1,-1,-1] },
						"up": { "texture": "#sunfishcombined", "uv": [ 0.0, 11.0, 10.0, 15.0 ] },
						"down": { "texture": "#sunfishcombined", "uv": [ 10.0, 0.0, 20.0, 4.0 ], "enabled": false, "windMode": [-1,-1,-1,-1] }
					}
				},
				{
					"name": "TopFinBase",
					"from": [ 12.0, 9.2, 1.09 ], 
					"to": [ 14.0, 13.5, 3.11 ], 
					"uv": [ 9.0, 6.75 ],
					"rotationOrigin": [ 13.0, 9.2, 2.1 ],
					"faces": {
						"north": { "texture": "#sunfishcombined", "uv": [ 9.0, 6.75, 11.0, 11.0 ] },
						"east": { "texture": "#sunfishcombined", "uv": [ 2.0, 2.0, 4.0, 6.0 ], "enabled": false, "windMode": [-1,-1,-1,-1], "windData": [0,1,1,0] },
						"south": { "texture": "#sunfishcombined", "uv": [ 11.0, 6.75, 13.0, 11.0 ] },
						"west": { "texture": "#sunfishcombined", "uv": [ 6.0, 2.0, 8.0, 6.0 ], "enabled": false, "windMode": [-1,-1,-1,-1], "windData": [0,0,1,1] },
						"up": { "texture": "#sunfishcombined", "uv": [ 0.0, 0.0, 2.0, 2.0 ], "enabled": false, "windMode": [-1,-1,-1,-1], "windData": [1,1,1,1] },
						"down": { "texture": "#sunfishcombined", "uv": [ 2.0, 0.0, 4.0, 2.0 ], "enabled": false, "windMode": [-1,-1,-1,-1] }
					},
					"children": [
						{
							"name": "TopFinBack",
							"from": [ 2.0, 0.0, 0.0 ], 
							"to": [ 4.0, 9.0, 2.02 ], 
							"autoUnwrap": false,
							"uv": [ 13.0, 2.0 ],
							"rotationOrigin": [ 3.5, 0.0, 1.01 ],
							"faces": {
								"north": { "texture": "#sunfishcombined", "uv": [ 13.0, 4.0, 15.0, 13.0 ] },
								"east": { "texture": "#sunfishcombined", "uv": [ 15.0, 4.0, 17.0, 13.0 ], "windMode": [-1,-1,-1,-1], "windData": [0,1,1,0] },
								"south": { "texture": "#sunfishcombined", "uv": [ 13.0, 4.0, 15.0, 13.0 ] },
								"west": { "texture": "#sunfishcombined", "uv": [ 6.0, 2.0, 8.0, 11.0 ], "enabled": false, "windMode": [-1,-1,-1,-1], "windData": [0,0,1,1] },
								"up": { "texture": "#sunfishcombined", "uv": [ 13.0, 2.0, 15.0, 4.0 ] },
								"down": { "texture": "#sunfishcombined", "uv": [ 2.0, 0.0, 4.0, 2.0 ], "enabled": false, "windMode": [-1,-1,-1,-1] }
							}
						},
						{
							"name": "TopFinFront",
							"from": [ -2.0, 0.2, 0.01 ], 
							"to": [ 0.0, 9.2, 2.01 ], 
							"autoUnwrap": false,
							"uv": [ 17.0, 4.0 ],
							"rotationOrigin": [ -0.5, 0.2, 1.01 ],
							"rotationZ": -25.5,
							"faces": {
								"north": { "texture": "#sunfishcombined", "uv": [ 17.0, 4.0, 19.0, 13.0 ] },
								"east": { "texture": "#sunfishcombined", "uv": [ 2.0, 2.0, 4.0, 11.0 ], "enabled": false, "windMode": [-1,-1,-1,-1], "windData": [0,1,1,0] },
								"south": { "texture": "#sunfishcombined", "uv": [ 17.0, 4.0, 19.0, 13.0 ] },
								"west": { "texture": "#sunfishcombined", "uv": [ 19.0, 4.0, 21.0, 13.0 ] },
								"up": { "texture": "#sunfishcombined", "uv": [ 0.0, 0.0, 2.0, 2.0 ], "enabled": false, "windMode": [-1,-1,-1,-1], "windData": [1,1,1,1] },
								"down": { "texture": "#sunfishcombined", "uv": [ 2.0, 0.0, 4.0, 2.0 ], "enabled": false, "windMode": [-1,-1,-1,-1] }
							}
						}
					]
				},
				{
					"name": "BottomFinBase",
					"from": [ 11.0, -7.8, 1.11 ], 
					"to": [ 13.0, -3.5, 3.09 ], 
					"uv": [ 59.0, 51.0 ],
					"rotationOrigin": [ 12.0, -3.6, 2.1 ],
					"faces": {
						"north": { "texture": "#sunfishcombined", "uv": [ 59.0, 51.0, 61.0, 55.25 ], "windMode": [-1,-1,-1,-1] },
						"east": { "texture": "#sunfishcombined", "uv": [ 2.0, 2.0, 4.0, 6.0 ], "enabled": false, "windMode": [-1,-1,-1,-1] },
						"south": { "texture": "#sunfishcombined", "uv": [ 61.0, 51.0, 63.0, 55.25 ], "windMode": [-1,-1,-1,-1] },
						"west": { "texture": "#sunfishcombined", "uv": [ 6.0, 0.0, 8.0, 4.0 ], "enabled": false, "windMode": [-1,-1,-1,-1] },
						"up": { "texture": "#sunfishcombined", "uv": [ 0.0, 0.0, 2.0, 2.0 ], "enabled": false, "windMode": [-1,-1,-1,-1] },
						"down": { "texture": "#sunfishcombined", "uv": [ 0.0, 0.0, 2.0, 2.0 ], "enabled": false, "windMode": [-1,-1,-1,-1] }
					},
					"children": [
						{
							"name": "BottomFinFront",
							"from": [ 1.8, -4.0, -0.01 ], 
							"to": [ 3.8, 5.0, 1.99 ], 
							"uv": [ 48.0, 53.0 ],
							"rotationOrigin": [ 3.4, -3.9, 0.99 ],
							"rotationZ": 25.5,
							"faces": {
								"north": { "texture": "#sunfishcombined", "uv": [ 48.0, 55.0, 50.0, 64.0 ] },
								"east": { "texture": "#sunfishcombined", "uv": [ 50.0, 55.0, 52.0, 64.0 ], "enabled": false, "windMode": [-1,-1,-1,-1] },
								"south": { "texture": "#sunfishcombined", "uv": [ 52.0, 55.0, 54.0, 64.0 ] },
								"west": { "texture": "#sunfishcombined", "uv": [ 54.0, 55.0, 56.0, 64.0 ] },
								"up": { "texture": "#sunfishcombined", "uv": [ 0.0, 0.0, 2.0, 2.0 ], "enabled": false, "windMode": [-1,-1,-1,-1] },
								"down": { "texture": "#sunfishcombined", "uv": [ 48.0, 53.0, 50.0, 55.0 ] }
							}
						},
						{
							"name": "BottomFinBack",
							"from": [ 2.0, -4.7, -0.03 ], 
							"to": [ 5.0, 4.3, 2.01 ], 
							"uv": [ 56.0, 53.0 ],
							"rotationOrigin": [ 3.5, 4.3, 0.99 ],
							"faces": {
								"north": { "texture": "#sunfishcombined", "uv": [ 56.0, 55.0, 59.0, 64.0 ] },
								"east": { "texture": "#sunfishcombined", "uv": [ 59.0, 55.0, 61.0, 64.0 ] },
								"south": { "texture": "#sunfishcombined", "uv": [ 61.0, 55.0, 64.0, 64.0 ] },
								"west": { "texture": "#sunfishcombined", "uv": [ 59.5, 31.0, 61.5, 40.0 ], "enabled": false, "windMode": [-1,-1,-1,-1] },
								"up": { "texture": "#sunfishcombined", "uv": [ 0.0, 0.0, 3.0, 2.0 ], "enabled": false, "windMode": [-1,-1,-1,-1] },
								"down": { "texture": "#sunfishcombined", "uv": [ 56.0, 53.0, 59.0, 55.0 ] }
							}
						}
					]
				},
				{
					"name": "TopBackward",
					"from": [ 12.7, 8.9, 0.09 ], 
					"to": [ 18.3, 11.0, 4.11 ], 
					"autoUnwrap": false,
					"uv": [ 18.0, 43.5 ],
					"rotationOrigin": [ 12.7, 10.9, 2.1 ],
					"rotationZ": -19.0,
					"faces": {
						"north": { "texture": "#sunfishcombined", "uv": [ 23.5, 47.5, 18.0, 49.5 ], "autoUv": false },
						"east": { "texture": "#sunfishcombined", "uv": [ 18.0, 47.5, 22.0, 49.5 ] },
						"south": { "texture": "#sunfishcombined", "uv": [ 18.0, 47.5, 23.5, 49.5 ], "windMode": [-1,-1,-1,-1] },
						"west": { "texture": "#sunfishcombined", "uv": [ 15.0, 4.0, 19.0, 6.0 ], "enabled": false, "windMode": [-1,-1,-1,-1] },
						"up": { "texture": "#sunfishcombined", "uv": [ 18.0, 43.5, 23.5, 47.5 ] },
						"down": { "texture": "#sunfishcombined", "uv": [ 5.5, 0.0, 11.0, 4.0 ], "enabled": false, "windMode": [-1,-1,-1,-1] }
					}
				},
				{
					"name": "BottomForward",
					"from": [ 2.8, -4.3, 0.1 ], 
					"to": [ 12.8, -2.3, 4.1 ], 
					"autoUnwrap": false,
					"uv": [ 44.0, 41.0 ],
					"rotationOrigin": [ 7.1, -2.3, 2.1 ],
					"rotationZ": -10.0,
					"faces": {
						"north": { "texture": "#sunfishcombined", "uv": [ 54.0, 45.0, 44.0, 47.0 ], "autoUv": false },
						"east": { "texture": "#sunfishcombined", "uv": [ 10.0, 4.0, 14.0, 6.0 ], "enabled": false, "windMode": [-1,-1,-1,-1] },
						"south": { "texture": "#sunfishcombined", "uv": [ 44.0, 45.0, 54.0, 47.0 ] },
						"west": { "texture": "#sunfishcombined", "uv": [ 24.0, 4.0, 28.0, 6.0 ], "enabled": false, "windMode": [-1,-1,-1,-1] },
						"up": { "texture": "#sunfishcombined", "uv": [ 0.0, 0.0, 10.0, 4.0 ], "enabled": false, "windMode": [-1,-1,-1,-1] },
						"down": { "texture": "#sunfishcombined", "uv": [ 44.0, 41.0, 54.0, 45.0 ] }
					}
				},
				{
					"name": "BottomBackward",
					"from": [ 11.7, -5.4, 0.09 ], 
					"to": [ 17.2, -3.3, 4.11 ], 
					"autoUnwrap": false,
					"uv": [ 48.0, 47.0 ],
					"rotationOrigin": [ 11.7, -3.4, 2.1 ],
					"rotationZ": 19.0,
					"faces": {
						"north": { "texture": "#sunfishcombined", "uv": [ 53.5, 51.0, 48.0, 53.0 ], "autoUv": false },
						"east": { "texture": "#sunfishcombined", "uv": [ 5.5, 4.0, 9.5, 6.0 ], "enabled": false, "windMode": [-1,-1,-1,-1] },
						"south": { "texture": "#sunfishcombined", "uv": [ 48.0, 51.0, 53.5, 53.0 ] },
						"west": { "texture": "#sunfishcombined", "uv": [ 15.0, 4.0, 19.0, 6.0 ], "enabled": false, "windMode": [-1,-1,-1,-1] },
						"up": { "texture": "#sunfishcombined", "uv": [ 0.0, 0.0, 5.5, 4.0 ], "enabled": false, "windMode": [-1,-1,-1,-1] },
						"down": { "texture": "#sunfishcombined", "uv": [ 48.0, 47.0, 53.5, 51.0 ] }
					}
				},
				{
					"name": "MouthBottom",
					"from": [ -4.6, 0.2, 0.1 ], 
					"to": [ -1.1, 3.2, 4.1 ], 
					"uv": [ 9.0, 17.0 ],
					"rotationOrigin": [ -1.2, 0.1, 2.1 ],
					"rotationZ": -67.5,
					"faces": {
						"north": { "texture": "#sunfishcombined", "uv": [ 9.0, 21.0, 12.5, 24.0 ] },
						"east": { "texture": "#sunfishcombined", "uv": [ 3.5, 4.0, 7.5, 11.0 ], "enabled": false, "windMode": [-1,-1,-1,-1] },
						"south": { "texture": "#sunfishcombined", "uv": [ 12.5, 21.0, 16.0, 24.0 ] },
						"west": { "texture": "#sunfishcombined", "uv": [ 16.0, 21.0, 20.0, 24.0 ], "windMode": [-1,-1,-1,-1] },
						"up": { "texture": "#sunfishcombined", "uv": [ 0.0, 0.0, 3.5, 4.0 ], "enabled": false, "windMode": [-1,-1,-1,-1] },
						"down": { "texture": "#sunfishcombined", "uv": [ 9.0, 17.0, 12.5, 21.0 ] }
					}
				},
				{
					"name": "MouthTop",
					"from": [ -3.6, 3.5, 0.09 ], 
					"to": [ -1.1, 7.5, 4.11 ], 
					"autoUnwrap": false,
					"uv": [ 0.0, 17.0 ],
					"rotationOrigin": [ -1.7, 4.4, 2.1 ],
					"rotationZ": -112.5,
					"faces": {
						"north": { "texture": "#sunfishcombined", "uv": [ 2.5, 17.0, 0.0, 21.0 ], "autoUv": false, "windMode": [-1,-1,-1,-1] },
						"east": { "texture": "#sunfishcombined", "uv": [ 2.5, 17.0, 6.5, 21.0 ], "windMode": [-1,-1,-1,-1] },
						"south": { "texture": "#sunfishcombined", "uv": [ 0.0, 17.0, 2.5, 21.0 ] },
						"west": { "texture": "#sunfishcombined", "uv": [ 6.5, 4.0, 10.5, 8.0 ], "enabled": false, "windMode": [-1,-1,-1,-1] },
						"up": { "texture": "#sunfishcombined", "uv": [ 0.0, 0.0, 2.5, 4.0 ], "enabled": false, "windMode": [-1,-1,-1,-1] },
						"down": { "texture": "#sunfishcombined", "uv": [ 6.5, 17.0, 9.0, 21.0 ], "windMode": [-1,-1,-1,-1] }
					}
				},
				{
					"name": "FinLeft",
					"from": [ 5.0, 3.0, 4.21 ], 
					"to": [ 9.0, 6.0, 4.21 ], 
					"autoUnwrap": false,
					"uv": [ 16.25, 12.0 ],
					"rotationOrigin": [ 5.0, 3.0, 4.2 ],
					"rotationX": 22.5,
					"rotationY": -22.5,
					"rotationZ": 22.5,
					"faces": {
						"north": { "texture": "#sunfishcombined", "uv": [ 9.5, 25.25, 13.5, 28.25 ], "enabled": false, "windMode": [-1,-1,-1,-1] },
						"east": { "texture": "#sunfishcombined", "uv": [ 4.0, 21.25, 4.25, 24.25 ], "enabled": false, "windMode": [-1,-1,-1,-1] },
						"south": { "texture": "#sunfishcombined", "uv": [ 0.0, 21.0, 4.0, 24.0 ], "autoUv": false },
						"west": { "texture": "#sunfishcombined", "uv": [ 8.25, 21.25, 8.5, 24.25 ], "enabled": false, "windMode": [-1,-1,-1,-1] },
						"up": { "texture": "#sunfishcombined", "uv": [ 0.0, 21.0, 4.0, 21.25 ], "enabled": false, "windMode": [-1,-1,-1,-1] },
						"down": { "texture": "#sunfishcombined", "uv": [ 4.0, 21.0, 8.0, 21.25 ], "enabled": false, "windMode": [-1,-1,-1,-1] }
					}
				},
				{
					"name": "FinRight",
					"from": [ 5.0, 3.0, -0.01 ], 
					"to": [ 9.0, 6.0, -0.01 ], 
					"autoUnwrap": false,
					"uv": [ 4.5, 21.5 ],
					"rotationOrigin": [ 5.0, 3.0, -0.1 ],
					"rotationX": -22.5,
					"rotationY": 22.5,
					"rotationZ": 22.5,
					"faces": {
						"north": { "texture": "#sunfishcombined", "uv": [ 4.0, 21.0, 0.0, 24.0 ], "autoUv": false },
						"east": { "texture": "#sunfishcombined", "uv": [ 4.0, 24.75, 4.25, 27.75 ], "enabled": false, "windMode": [-1,-1,-1,-1] },
						"south": { "texture": "#sunfishcombined", "uv": [ 4.0, 24.75, 8.0, 27.75 ], "enabled": false, "windMode": [-1,-1,-1,-1] },
						"west": { "texture": "#sunfishcombined", "uv": [ 8.25, 24.75, 8.5, 27.75 ], "enabled": false, "windMode": [-1,-1,-1,-1] },
						"up": { "texture": "#sunfishcombined", "uv": [ 0.0, 24.5, 4.0, 24.75 ], "enabled": false, "windMode": [-1,-1,-1,-1] },
						"down": { "texture": "#sunfishcombined", "uv": [ 4.0, 24.5, 8.0, 24.75 ], "enabled": false, "windMode": [-1,-1,-1,-1] }
					}
				}
			]
		}
	],
	"animations": [
		{
			"name": "feedidle",
			"code": "feedidle",
			"quantityframes": 30,
			"onActivityStopped": "EaseOut",
			"onAnimationEnd": "Repeat",
			"keyframes": [
				{
					"frame": 0,
					"elements": {
						"Body": {  },
						"MouthBottom": { "rotationX": 0.0, "rotationY": 0.0, "rotationZ": 0.0 },
						"TailBase": { "rotationX": 0.0, "rotationY": -1.0, "rotationZ": 0.0 }
					}
				},
				{
					"frame": 7,
					"elements": {
						"Body": {  },
						"FinLeft": { "rotationX": 0.0, "rotationY": 0.0, "rotationZ": 0.0 },
						"FinRight": { "rotationX": 0.0, "rotationY": 0.0, "rotationZ": 0.0 }
					}
				},
				{
					"frame": 15,
					"elements": {
						"Body": {  },
						"MouthBottom": { "rotationX": 0.0, "rotationY": 0.0, "rotationZ": 2.0 },
						"TailBase": { "rotationX": 0.0, "rotationY": 1.0, "rotationZ": 0.0 }
					}
				},
				{
					"frame": 21,
					"elements": {
						"Body": {  },
						"FinLeft": { "rotationX": 8.0, "rotationY": 0.0, "rotationZ": 0.0 },
						"FinRight": { "rotationX": -8.0, "rotationY": 0.0, "rotationZ": 0.0 }
					}
				}
			]
		},

		{
			"name": "bask",
			"code": "bask",
			"quantityframes": 30,
			"onActivityStopped": "EaseOut",
			"onAnimationEnd": "Repeat",
			"keyframes": [
				{
					"frame": 0,
					"elements": {
						"Body": { "offsetX": 0.0, "offsetY": 0.0, "offsetZ": -5.0, "rotationX": -90.0, "rotationY": 0.0, "rotationZ": 0.0 },
						"FinLeft": { "rotationX": -22.5, "rotationY": 22.5, "rotationZ": 0.0 },
						"TopFinBase": { "rotationX": 0.0, "rotationY": 0.0, "rotationZ": 0.0 },
						"BottomFinBase": { "rotationX": 0.0, "rotationY": 0.0, "rotationZ": 0.0 },
						"MouthBottom": { "rotationX": 0.0, "rotationY": 0.0, "rotationZ": 0.0 }
					}
				},
				{
					"frame": 15,
					"elements": {
						"Body": {  },
						"FinRight": { "rotationX": 22.5, "rotationY": -22.5, "rotationZ": 0.0 },
						"TopFinBase": { "rotationX": -5.0, "rotationY": 0.0, "rotationZ": 0.0 },
						"BottomFinBase": { "rotationX": 5.0, "rotationY": 0.0, "rotationZ": 0.0 },
						"MouthBottom": { "rotationX": 0.0, "rotationY": 0.0, "rotationZ": 2.0 }
					}
				}
			]
		},

		{
			"name": "swimfast",
			"code": "swimfast",
			"quantityframes": 30,
			"onActivityStopped": "EaseOut",
			"onAnimationEnd": "Repeat",
			"keyframes": [
				{
					"frame": 0,
					"elements": {
						"Body": { "rotationX": 0.0, "rotationY": 2.0, "rotationZ": 0.0 },
						"TailBase": { "rotationX": 0.0, "rotationY": -2.0, "rotationZ": 0.0 },
						"TopFinBase": { "offsetX": 0.0, "offsetY": -0.5, "offsetZ": 0.0, "rotationX": -22.5, "rotationY": 22.5, "rotationZ": 0.0 },
						"BottomFinBase": { "offsetX": 0.0, "offsetY": 0.0, "offsetZ": 0.0, "rotationX": 22.5, "rotationY": 22.5, "rotationZ": 0.0 }
					}
				},
				{
					"frame": 10,
					"elements": {
						"Body": {  },
						"FinRight": { "rotationX": 22.5, "rotationY": -22.5, "rotationZ": 0.0 },
						"FinLeft": { "rotationX": -22.5, "rotationY": 22.5, "rotationZ": 0.0 }
					}
				},
				{
					"frame": 15,
					"elements": {
						"Body": { "rotationX": 0.0, "rotationY": -2.0, "rotationZ": 0.0 },
						"TailBase": { "rotationX": 0.0, "rotationY": 2.0, "rotationZ": 0.0 },
						"TopFinBase": { "offsetX": 0.0, "offsetY": -0.5, "offsetZ": 0.0, "rotationX": 22.5, "rotationY": -22.5, "rotationZ": 0.0 },
						"BottomFinBase": { "offsetX": 0.0, "offsetY": -0.0, "offsetZ": 0.0, "rotationX": -22.5, "rotationY": -22.5, "rotationZ": 0.0 },
						"FinRight": { "rotationX": 0.0, "rotationY": 0.0, "rotationZ": 0.0 },
						"FinLeft": { "rotationX": 0.0, "rotationY": 0.0, "rotationZ": 0.0 }
					}
				},
				{
					"frame": 24,
					"elements": {
						"Body": {  },
						"TailBase": { "rotationX": 0.0, "rotationY": 0.667, "rotationZ": 0.0 },
						"FinLeft": { "rotationX": 67.5, "rotationY": 22.5, "rotationZ": 0.0 },
						"FinRight": { "rotationX": -67.5, "rotationY": -22.5, "rotationZ": 0.0 }
					}
				}
			]
		},

		{
			"name": "swim",
			"code": "swim",
			"quantityframes": 30,
			"onActivityStopped": "EaseOut",
			"onAnimationEnd": "Repeat",
			"keyframes": [
				{
					"frame": 0,
					"elements": {
						"Body": {  },
						"TopFinBase": { "rotationX": -2.0, "rotationY": 0.0, "rotationZ": 0.0 },
						"BottomFinBase": { "rotationX": 2.0, "rotationY": 0.0, "rotationZ": 0.0 },
						"MouthBottom": { "rotationX": 0.0, "rotationY": 0.0, "rotationZ": 2.0 }
					}
				},
				{
					"frame": 5,
					"elements": {
						"Body": {  },
						"TailBase": { "rotationX": 0.0, "rotationY": 1.0, "rotationZ": 0.0 },
						"FinLeft": { "rotationX": 5.0, "rotationY": 0.0, "rotationZ": 0.0 },
						"FinRight": { "rotationX": -5.0, "rotationY": 0.0, "rotationZ": 0.0 }
					}
				},
				{
					"frame": 15,
					"elements": {
						"Body": {  },
						"TopFinBase": { "rotationX": 2.0, "rotationY": 0.0, "rotationZ": 0.0 },
						"BottomFinBase": { "rotationX": -2.0, "rotationY": 0.0, "rotationZ": 0.0 },
						"MouthBottom": { "rotationX": 0.0, "rotationY": 0.0, "rotationZ": 3.0 }
					}
				},
				{
					"frame": 20,
					"elements": {
						"Body": {  },
						"TailBase": { "rotationX": 0.0, "rotationY": -2.0, "rotationZ": 0.0 },
						"FinLeft": { "rotationX": 0.0, "rotationY": 0.0, "rotationZ": 0.0 },
						"FinRight": { "rotationX": 0.0, "rotationY": 0.0, "rotationZ": 0.0 }
					}
				}
			]
		},

		{
			"name": "die",
			"code": "die",
			"quantityframes": 30,
			"onActivityStopped": "Stop",
			"onAnimationEnd": "Hold",
			"keyframes": [
				{
					"frame": 0,
					"elements": {
						"Body": { "offsetX": 0.0, "offsetY": 0.0, "offsetZ": 0.0, "rotationX": 0.0, "rotationY": 0.0, "rotationZ": 0.0 }
					}
				},
				{
					"frame": 29,
					"elements": {
						"Body": { "offsetX": 0.0, "offsetY": 0.0, "offsetZ": -5.0, "rotationX": -90.0, "rotationY": 0.0, "rotationZ": 0.0 }
					}
				}
			]
		}
	]
}