{
	"textures": {
		"chanterelle": "game:block/plant/mushroom/chanterelle/chanterelle",
		"mycelium3": "game:block/plant/mushroom/mycelium3",
		"pores": "game:block/plant/mushroom/pores"
	},
	"elements": [
		{
			"name": "origin",
			"from": [ 8.0, 0.0, 8.0 ], 
			"to": [ 8.0, 0.0, 8.0 ], 
			"rotationOrigin": [ 8.0, 0.0, 8.0 ],
			"faces": {
				"north": { "texture": "#null", "uv": [ 0.0, 0.0, 0.5, 0.5 ], "enabled": false },
				"east": { "texture": "#null", "uv": [ 0.0, 0.0, 0.5, 0.5 ], "enabled": false },
				"south": { "texture": "#null", "uv": [ 0.0, 0.0, 0.5, 0.5 ], "enabled": false },
				"west": { "texture": "#null", "uv": [ 0.0, 0.0, 0.5, 0.5 ], "enabled": false },
				"up": { "texture": "#null", "uv": [ 0.0, 0.0, 0.5, 0.5 ], "enabled": false },
				"down": { "texture": "#null", "uv": [ 0.0, 0.0, 0.5, 0.5 ], "enabled": false }
			},
			"children": [
				{
					"name": "Stem13",
					"from": [ -3.9, -0.4, 1.1 ], 
					"to": [ -2.9, 0.6, 2.1 ], 
					"rotationOrigin": [ -3.4, -0.4, 1.6 ],
					"rotationX": -3.0,
					"rotationY": -19.0,
					"faces": {
						"north": { "texture": "#chanterelle", "uv": [ 5.0, 13.5, 6.0, 14.5 ] },
						"east": { "texture": "#chanterelle", "uv": [ 3.5, 11.5, 4.5, 12.5 ] },
						"south": { "texture": "#chanterelle", "uv": [ 3.0, 12.0, 4.0, 13.0 ] },
						"west": { "texture": "#chanterelle", "uv": [ 3.5, 13.0, 4.5, 14.0 ] },
						"up": { "texture": "#chanterelle", "uv": [ 0.0, 0.0, 1.0, 1.0 ], "enabled": false },
						"down": { "texture": "#chanterelle", "uv": [ 5.0, 11.5, 6.0, 12.5 ] }
					},
					"children": [
						{
							"name": "Cube14",
							"from": [ -0.2, 0.7, -0.2 ], 
							"to": [ 1.2, 1.7, 1.2 ], 
							"rotationOrigin": [ 0.5, 0.7, 0.4 ],
							"rotationY": -14.0,
							"rotationZ": -17.0,
							"faces": {
								"north": { "texture": "#chanterelle", "uv": [ 12.0, 14.5, 13.0, 15.5 ], "rotation": 180 },
								"east": { "texture": "#chanterelle", "uv": [ 14.0, 14.0, 15.0, 15.0 ], "rotation": 180 },
								"south": { "texture": "#chanterelle", "uv": [ 10.5, 14.0, 11.5, 15.0 ], "rotation": 180 },
								"west": { "texture": "#chanterelle", "uv": [ 10.5, 14.0, 11.5, 15.0 ], "rotation": 180 },
								"up": { "texture": "#chanterelle", "uv": [ 0.0, 0.0, 1.0, 1.0 ], "enabled": false },
								"down": { "texture": "#chanterelle", "uv": [ 10.0, 14.5, 11.0, 15.5 ] }
							},
							"children": [
								{
									"name": "Cube15",
									"from": [ -0.3, 0.7, -0.3 ], 
									"to": [ 1.7, 1.7, 1.7 ], 
									"rotationOrigin": [ 0.7, 0.7, 0.7 ],
									"rotationX": -6.0,
									"rotationY": -6.0,
									"rotationZ": 14.0,
									"faces": {
										"north": { "texture": "#chanterelle", "uv": [ 2.0, 11.0, 4.0, 12.0 ] },
										"east": { "texture": "#chanterelle", "uv": [ 0.5, 11.0, 2.5, 12.0 ] },
										"south": { "texture": "#chanterelle", "uv": [ 1.5, 12.5, 3.5, 13.5 ] },
										"west": { "texture": "#chanterelle", "uv": [ 3.0, 10.5, 5.0, 11.5 ] },
										"up": { "texture": "#chanterelle", "uv": [ 10.0, 4.0, 12.0, 6.0 ], "enabled": false },
										"down": { "texture": "#chanterelle", "uv": [ 1.5, 11.5, 3.5, 13.5 ] }
									},
									"children": [
										{
											"name": "cap16",
											"from": [ -0.5, 0.8, -0.5 ], 
											"to": [ 2.5, 1.8, 2.5 ], 
											"rotationOrigin": [ 1.0, 0.8, 1.0 ],
											"rotationX": 3.0,
											"rotationY": -8.0,
											"rotationZ": -3.0,
											"faces": {
												"north": { "texture": "#chanterelle", "uv": [ 3.5, 2.5, 6.5, 3.5 ] },
												"east": { "texture": "#chanterelle", "uv": [ 5.5, 3.0, 8.5, 4.0 ] },
												"south": { "texture": "#chanterelle", "uv": [ 6.5, 6.0, 9.5, 7.0 ] },
												"west": { "texture": "#chanterelle", "uv": [ 5.0, 4.5, 8.0, 5.5 ] },
												"up": { "texture": "#chanterelle", "uv": [ 3.5, 3.0, 6.5, 6.0 ] },
												"down": { "texture": "#pores", "uv": [ 2.0, 10.0, 5.0, 13.0 ] }
											},
											"children": [
												{
													"name": "CapN17",
													"from": [ 0.0, 0.5, -1.0 ], 
													"to": [ 3.0, 1.0, 0.0 ], 
													"rotationOrigin": [ 1.5, 0.5, 0.0 ],
													"rotationX": 50.0,
													"faces": {
														"north": { "texture": "#chanterelle", "uv": [ 7.5, 5.5, 10.5, 6.0 ] },
														"east": { "texture": "#chanterelle", "uv": [ 5.5, 4.0, 6.5, 4.5 ] },
														"south": { "texture": "#chanterelle", "uv": [ 0.0, 0.0, 3.0, 0.5 ], "enabled": false },
														"west": { "texture": "#chanterelle", "uv": [ 5.0, 3.0, 6.0, 3.5 ] },
														"up": { "texture": "#chanterelle", "uv": [ 9.5, 5.0, 12.5, 6.0 ] },
														"down": { "texture": "#chanterelle", "uv": [ 7.0, 3.0, 10.0, 4.0 ] }
													},
													"children": [
														{
															"name": "Cube18",
															"from": [ 1.1, 0.0, -0.6 ], 
															"to": [ 2.6, 0.5, 0.0 ], 
															"rotationOrigin": [ 2.0, 0.0, 0.0 ],
															"rotationX": 44.0,
															"faces": {
																"north": { "texture": "#chanterelle", "uv": [ 2.5, 0.5, 4.0, 1.0 ] },
																"east": { "texture": "#chanterelle", "uv": [ 3.5, 2.5, 4.0, 3.0 ] },
																"south": { "texture": "#chanterelle", "uv": [ 0.0, 0.0, 1.5, 0.5 ], "enabled": false },
																"west": { "texture": "#chanterelle", "uv": [ 3.0, 2.0, 3.5, 2.5 ] },
																"up": { "texture": "#chanterelle", "uv": [ 2.0, 3.0, 3.5, 3.5 ] },
																"down": { "texture": "#chanterelle", "uv": [ 5.0, 3.5, 6.5, 4.0 ] }
															}
														}
													]
												},
												{
													"name": "CapS19",
													"from": [ 0.1, 0.4, 2.7 ], 
													"to": [ 1.1, 0.9, 3.7 ], 
													"rotationOrigin": [ 1.6, 0.9, 2.7 ],
													"rotationX": -19.0,
													"faces": {
														"north": { "texture": "#chanterelle", "uv": [ 0.0, 0.0, 1.0, 0.5 ], "enabled": false },
														"east": { "texture": "#chanterelle", "uv": [ 7.0, 3.0, 8.0, 3.5 ] },
														"south": { "texture": "#chanterelle", "uv": [ 4.0, 3.5, 5.0, 4.0 ] },
														"west": { "texture": "#chanterelle", "uv": [ 5.5, 2.5, 6.5, 3.0 ] },
														"up": { "texture": "#chanterelle", "uv": [ 5.5, 5.0, 6.5, 6.0 ] },
														"down": { "texture": "#chanterelle", "uv": [ 4.5, 2.5, 5.5, 3.5 ] }
													}
												},
												{
													"name": "CapW20",
													"from": [ -0.8, 0.5, 0.0 ], 
													"to": [ 0.0, 1.0, 3.0 ], 
													"rotationOrigin": [ 0.0, 0.5, 1.5 ],
													"rotationZ": -33.0,
													"faces": {
														"north": { "texture": "#chanterelle", "uv": [ 3.0, 1.0, 3.5, 1.5 ] },
														"east": { "texture": "#chanterelle", "uv": [ 0.0, 0.0, 3.0, 0.5 ], "enabled": false },
														"south": { "texture": "#chanterelle", "uv": [ 4.0, 2.5, 4.5, 3.0 ] },
														"west": { "texture": "#chanterelle", "uv": [ 4.0, 2.0, 7.0, 2.5 ] },
														"up": { "texture": "#chanterelle", "uv": [ 4.0, 2.5, 4.5, 5.5 ] },
														"down": { "texture": "#chanterelle", "uv": [ 6.5, 2.0, 7.0, 5.0 ] }
													}
												},
												{
													"name": "CapE21",
													"from": [ 3.0, 0.5, 0.0 ], 
													"to": [ 4.0, 1.0, 1.0 ], 
													"rotationOrigin": [ 3.0, 0.5, 1.5 ],
													"rotationZ": 22.0,
													"faces": {
														"north": { "texture": "#chanterelle", "uv": [ 3.0, 1.0, 4.0, 1.5 ] },
														"east": { "texture": "#chanterelle", "uv": [ 1.5, 1.0, 2.5, 1.5 ] },
														"south": { "texture": "#chanterelle", "uv": [ 5.5, 3.0, 6.5, 3.5 ] },
														"west": { "texture": "#chanterelle", "uv": [ 0.0, 0.0, 1.0, 0.5 ], "enabled": false },
														"up": { "texture": "#chanterelle", "uv": [ 4.0, 2.5, 5.0, 3.5 ] },
														"down": { "texture": "#chanterelle", "uv": [ 4.0, 1.5, 5.0, 2.5 ] }
													}
												},
												{
													"name": "CapE22",
													"from": [ 3.0, 0.5, 1.0 ], 
													"to": [ 4.3, 1.0, 3.0 ], 
													"rotationOrigin": [ 3.0, 0.5, 2.5 ],
													"rotationZ": 50.0,
													"faces": {
														"north": { "texture": "#chanterelle", "uv": [ 3.0, 1.0, 4.0, 1.5 ] },
														"east": { "texture": "#chanterelle", "uv": [ 1.5, 1.0, 3.5, 1.5 ] },
														"south": { "texture": "#chanterelle", "uv": [ 5.5, 3.0, 6.5, 3.5 ] },
														"west": { "texture": "#chanterelle", "uv": [ 0.0, 0.0, 2.0, 0.5 ], "enabled": false },
														"up": { "texture": "#chanterelle", "uv": [ 4.0, 2.5, 5.0, 4.5 ] },
														"down": { "texture": "#chanterelle", "uv": [ 4.0, 1.5, 5.0, 3.5 ] }
													}
												},
												{
													"name": "CapS23",
													"from": [ 1.2, 0.4, 2.7 ], 
													"to": [ 2.8, 0.9, 3.7 ], 
													"rotationOrigin": [ 2.4, 0.9, 2.7 ],
													"rotationX": -64.0,
													"faces": {
														"north": { "texture": "#chanterelle", "uv": [ 0.0, 0.0, 1.5, 0.5 ], "enabled": false },
														"east": { "texture": "#chanterelle", "uv": [ 7.0, 3.0, 8.0, 3.5 ] },
														"south": { "texture": "#chanterelle", "uv": [ 4.0, 3.5, 5.5, 4.0 ] },
														"west": { "texture": "#chanterelle", "uv": [ 5.5, 2.5, 6.5, 3.0 ] },
														"up": { "texture": "#chanterelle", "uv": [ 5.5, 5.0, 7.0, 6.0 ] },
														"down": { "texture": "#chanterelle", "uv": [ 4.5, 2.5, 6.0, 3.5 ] }
													}
												}
											]
										}
									]
								}
							]
						}
					]
				},
				{
					"name": "Stemsmall",
					"from": [ 1.5, -0.2, 2.5 ], 
					"to": [ 2.5, 0.8, 3.5 ], 
					"rotationOrigin": [ 2.0, -0.2, 3.0 ],
					"rotationY": -33.0,
					"faces": {
						"north": { "texture": "#chanterelle", "uv": [ 5.0, 10.0, 6.0, 11.0 ] },
						"east": { "texture": "#chanterelle", "uv": [ 3.5, 10.0, 4.5, 11.0 ] },
						"south": { "texture": "#chanterelle", "uv": [ 2.0, 11.0, 3.0, 12.0 ] },
						"west": { "texture": "#chanterelle", "uv": [ 3.0, 12.0, 4.0, 13.0 ] },
						"up": { "texture": "#chanterelle", "uv": [ 0.0, 0.0, 1.0, 1.0 ], "enabled": false },
						"down": { "texture": "#chanterelle", "uv": [ 5.0, 10.5, 6.0, 11.5 ] }
					},
					"children": [
						{
							"name": "Cube36",
							"from": [ -0.1, 0.7, -0.1 ], 
							"to": [ 1.1, 1.7, 1.1 ], 
							"rotationOrigin": [ 0.6, 0.7, 0.6 ],
							"rotationY": 22.0,
							"faces": {
								"north": { "texture": "#chanterelle", "uv": [ 4.5, 9.5, 5.5, 10.5 ] },
								"east": { "texture": "#chanterelle", "uv": [ 4.0, 12.0, 5.0, 13.0 ] },
								"south": { "texture": "#chanterelle", "uv": [ 3.5, 10.0, 4.5, 11.0 ] },
								"west": { "texture": "#chanterelle", "uv": [ 4.0, 14.0, 5.0, 15.0 ] },
								"up": { "texture": "#chanterelle", "uv": [ 0.0, 0.0, 1.0, 1.0 ], "enabled": false },
								"down": { "texture": "#chanterelle", "uv": [ 2.5, 10.0, 3.5, 11.0 ] }
							},
							"children": [
								{
									"name": "smallcap",
									"from": [ -0.7, 0.8, -0.7 ], 
									"to": [ 1.9, 1.3, 1.9 ], 
									"rotationOrigin": [ 0.6, 0.8, 0.6 ],
									"rotationX": 3.0,
									"rotationY": 17.0,
									"rotationZ": 14.0,
									"faces": {
										"north": { "texture": "#chanterelle", "uv": [ 0.0, 0.0, 2.5, 0.5 ] },
										"east": { "texture": "#chanterelle", "uv": [ 0.0, 0.0, 2.5, 0.5 ] },
										"south": { "texture": "#chanterelle", "uv": [ 0.0, 0.0, 2.5, 0.5 ] },
										"west": { "texture": "#chanterelle", "uv": [ 0.0, 0.0, 2.5, 0.5 ] },
										"up": { "texture": "#chanterelle", "uv": [ 0.0, 0.0, 2.5, 2.5 ] },
										"down": { "texture": "#pores", "uv": [ 2.5, 11.0, 5.0, 13.5 ] }
									}
								}
							]
						}
					]
				},
				{
					"name": "Stemsmall38",
					"from": [ 3.5, -0.2, -4.5 ], 
					"to": [ 4.5, 0.8, -3.5 ], 
					"rotationOrigin": [ 4.0, -0.2, -4.0 ],
					"rotationX": 6.0,
					"rotationY": -14.0,
					"faces": {
						"north": { "texture": "#chanterelle", "uv": [ 5.0, 10.0, 6.0, 11.0 ] },
						"east": { "texture": "#chanterelle", "uv": [ 3.5, 10.0, 4.5, 11.0 ] },
						"south": { "texture": "#chanterelle", "uv": [ 2.0, 11.0, 3.0, 12.0 ] },
						"west": { "texture": "#chanterelle", "uv": [ 3.0, 12.0, 4.0, 13.0 ] },
						"up": { "texture": "#chanterelle", "uv": [ 0.0, 0.0, 1.0, 1.0 ], "enabled": false },
						"down": { "texture": "#chanterelle", "uv": [ 5.0, 10.5, 6.0, 11.5 ] }
					},
					"children": [
						{
							"name": "Cube39",
							"from": [ -0.1, 0.8, -0.1 ], 
							"to": [ 1.1, 1.8, 1.1 ], 
							"rotationOrigin": [ 0.6, 0.8, 0.6 ],
							"rotationX": -6.0,
							"rotationZ": 28.0,
							"faces": {
								"north": { "texture": "#chanterelle", "uv": [ 4.5, 9.5, 5.5, 10.5 ] },
								"east": { "texture": "#chanterelle", "uv": [ 4.0, 12.0, 5.0, 13.0 ] },
								"south": { "texture": "#chanterelle", "uv": [ 3.5, 10.0, 4.5, 11.0 ] },
								"west": { "texture": "#chanterelle", "uv": [ 4.0, 14.0, 5.0, 15.0 ] },
								"up": { "texture": "#chanterelle", "uv": [ 0.0, 0.0, 1.0, 1.0 ], "enabled": false },
								"down": { "texture": "#chanterelle", "uv": [ 2.5, 10.0, 3.5, 11.0 ] }
							},
							"children": [
								{
									"name": "smallcap40",
									"from": [ -0.4, 0.8, -0.4 ], 
									"to": [ 1.6, 1.3, 1.6 ], 
									"rotationOrigin": [ 0.6, 0.8, 0.6 ],
									"rotationX": -3.0,
									"rotationY": 11.0,
									"faces": {
										"north": { "texture": "#chanterelle", "uv": [ 0.0, 0.0, 2.0, 0.5 ] },
										"east": { "texture": "#chanterelle", "uv": [ 0.0, 0.0, 2.0, 0.5 ] },
										"south": { "texture": "#chanterelle", "uv": [ 0.0, 0.0, 2.0, 0.5 ] },
										"west": { "texture": "#chanterelle", "uv": [ 0.0, 0.0, 2.0, 0.5 ] },
										"up": { "texture": "#chanterelle", "uv": [ 0.0, 0.0, 2.0, 2.0 ] },
										"down": { "texture": "#pores", "uv": [ 2.5, 11.0, 4.5, 13.0 ] }
									}
								}
							]
						}
					]
				},
				{
					"name": "Stemsmall41",
					"from": [ -2.5, -0.3, 3.5 ], 
					"to": [ -1.5, 0.7, 4.5 ], 
					"rotationOrigin": [ -2.0, -0.3, 4.0 ],
					"rotationX": 3.0,
					"rotationY": -42.0,
					"faces": {
						"north": { "texture": "#chanterelle", "uv": [ 5.0, 10.0, 6.0, 11.0 ] },
						"east": { "texture": "#chanterelle", "uv": [ 3.5, 10.0, 4.5, 11.0 ] },
						"south": { "texture": "#chanterelle", "uv": [ 2.0, 11.0, 3.0, 12.0 ] },
						"west": { "texture": "#chanterelle", "uv": [ 3.0, 12.0, 4.0, 13.0 ] },
						"up": { "texture": "#chanterelle", "uv": [ 0.0, 0.0, 1.0, 1.0 ], "enabled": false },
						"down": { "texture": "#chanterelle", "uv": [ 5.0, 10.5, 6.0, 11.5 ] }
					},
					"children": [
						{
							"name": "Cube42",
							"from": [ -0.1, 0.6, -0.1 ], 
							"to": [ 1.1, 1.6, 1.1 ], 
							"rotationOrigin": [ 0.6, 0.6, 0.6 ],
							"rotationX": -6.0,
							"rotationZ": -30.0,
							"faces": {
								"north": { "texture": "#chanterelle", "uv": [ 4.5, 9.5, 5.5, 10.5 ] },
								"east": { "texture": "#chanterelle", "uv": [ 4.0, 12.0, 5.0, 13.0 ] },
								"south": { "texture": "#chanterelle", "uv": [ 3.5, 10.0, 4.5, 11.0 ] },
								"west": { "texture": "#chanterelle", "uv": [ 4.0, 14.0, 5.0, 15.0 ] },
								"up": { "texture": "#chanterelle", "uv": [ 0.0, 0.0, 1.0, 1.0 ], "enabled": false },
								"down": { "texture": "#chanterelle", "uv": [ 2.5, 10.0, 3.5, 11.0 ] }
							},
							"children": [
								{
									"name": "smallcap43",
									"from": [ -0.4, 0.9, -0.4 ], 
									"to": [ 1.6, 1.4, 1.6 ], 
									"rotationOrigin": [ 0.6, 0.9, 0.6 ],
									"rotationX": -3.0,
									"rotationY": -8.0,
									"rotationZ": -8.0,
									"faces": {
										"north": { "texture": "#chanterelle", "uv": [ 0.0, 0.0, 2.0, 0.5 ] },
										"east": { "texture": "#chanterelle", "uv": [ 0.0, 0.0, 2.0, 0.5 ] },
										"south": { "texture": "#chanterelle", "uv": [ 0.0, 0.0, 2.0, 0.5 ] },
										"west": { "texture": "#chanterelle", "uv": [ 0.0, 0.0, 2.0, 0.5 ] },
										"up": { "texture": "#chanterelle", "uv": [ 0.0, 0.0, 2.0, 2.0 ] },
										"down": { "texture": "#pores", "uv": [ 2.5, 11.0, 4.5, 13.0 ] }
									}
								}
							]
						}
					]
				},
				{
					"name": "Stemsmall30",
					"from": [ -0.5, -0.2, 0.5 ], 
					"to": [ 0.5, 0.8, 1.5 ], 
					"rotationOrigin": [ 0.0, -0.2, 1.0 ],
					"rotationX": 6.0,
					"rotationY": -14.0,
					"faces": {
						"north": { "texture": "#chanterelle", "uv": [ 5.0, 10.0, 6.0, 11.0 ] },
						"east": { "texture": "#chanterelle", "uv": [ 3.5, 10.0, 4.5, 11.0 ] },
						"south": { "texture": "#chanterelle", "uv": [ 2.0, 11.0, 3.0, 12.0 ] },
						"west": { "texture": "#chanterelle", "uv": [ 3.0, 12.0, 4.0, 13.0 ] },
						"up": { "texture": "#chanterelle", "uv": [ 0.0, 0.0, 1.0, 1.0 ], "enabled": false },
						"down": { "texture": "#chanterelle", "uv": [ 5.0, 10.5, 6.0, 11.5 ] }
					},
					"children": [
						{
							"name": "Cube31",
							"from": [ -0.1, 0.7, -0.1 ], 
							"to": [ 1.1, 1.7, 1.1 ], 
							"rotationOrigin": [ 0.6, 0.7, 0.6 ],
							"rotationX": -6.0,
							"faces": {
								"north": { "texture": "#chanterelle", "uv": [ 4.5, 9.5, 5.5, 10.5 ] },
								"east": { "texture": "#chanterelle", "uv": [ 4.0, 12.0, 5.0, 13.0 ] },
								"south": { "texture": "#chanterelle", "uv": [ 3.5, 10.0, 4.5, 11.0 ] },
								"west": { "texture": "#chanterelle", "uv": [ 4.0, 14.0, 5.0, 15.0 ] },
								"up": { "texture": "#chanterelle", "uv": [ 0.0, 0.0, 1.0, 1.0 ], "enabled": false },
								"down": { "texture": "#chanterelle", "uv": [ 2.5, 10.0, 3.5, 11.0 ] }
							},
							"children": [
								{
									"name": "smallcap32",
									"from": [ -0.4, 0.8, -0.4 ], 
									"to": [ 1.6, 1.3, 1.6 ], 
									"rotationOrigin": [ 0.6, 0.8, 0.6 ],
									"rotationX": -3.0,
									"rotationY": -8.0,
									"rotationZ": 14.0,
									"faces": {
										"north": { "texture": "#chanterelle", "uv": [ 0.0, 0.0, 2.0, 0.5 ] },
										"east": { "texture": "#chanterelle", "uv": [ 0.0, 0.0, 2.0, 0.5 ] },
										"south": { "texture": "#chanterelle", "uv": [ 0.0, 0.0, 2.0, 0.5 ] },
										"west": { "texture": "#chanterelle", "uv": [ 0.0, 0.0, 2.0, 0.5 ] },
										"up": { "texture": "#chanterelle", "uv": [ 0.0, 0.0, 2.0, 2.0 ] },
										"down": { "texture": "#pores", "uv": [ 2.5, 11.0, 4.5, 13.0 ] }
									}
								}
							]
						}
					]
				},
				{
					"name": "Stem33",
					"from": [ 3.1, -0.3, -0.9 ], 
					"to": [ 4.1, 0.7, 0.1 ], 
					"rotationOrigin": [ 3.6, -0.3, -0.4 ],
					"rotationY": 22.0,
					"faces": {
						"north": { "texture": "#chanterelle", "uv": [ 5.0, 13.5, 6.0, 14.5 ] },
						"east": { "texture": "#chanterelle", "uv": [ 3.5, 11.5, 4.5, 12.5 ] },
						"south": { "texture": "#chanterelle", "uv": [ 3.0, 12.0, 4.0, 13.0 ] },
						"west": { "texture": "#chanterelle", "uv": [ 3.5, 13.0, 4.5, 14.0 ] },
						"up": { "texture": "#chanterelle", "uv": [ 0.0, 0.0, 1.0, 1.0 ], "enabled": false },
						"down": { "texture": "#chanterelle", "uv": [ 5.0, 12.0, 6.0, 13.0 ] }
					},
					"children": [
						{
							"name": "Cube34",
							"from": [ -0.2, 0.8, -0.2 ], 
							"to": [ 1.2, 1.8, 1.2 ], 
							"rotationOrigin": [ 0.5, 0.8, 0.4 ],
							"rotationX": 3.0,
							"rotationY": 14.0,
							"rotationZ": 3.0,
							"faces": {
								"north": { "texture": "#chanterelle", "uv": [ 12.0, 14.5, 13.0, 15.5 ], "rotation": 180 },
								"east": { "texture": "#chanterelle", "uv": [ 14.0, 14.0, 15.0, 15.0 ], "rotation": 180 },
								"south": { "texture": "#chanterelle", "uv": [ 10.5, 14.0, 11.5, 15.0 ], "rotation": 180 },
								"west": { "texture": "#chanterelle", "uv": [ 10.5, 14.0, 11.5, 15.0 ], "rotation": 180 },
								"up": { "texture": "#chanterelle", "uv": [ 0.0, 0.0, 1.0, 1.0 ], "enabled": false },
								"down": { "texture": "#chanterelle", "uv": [ 10.0, 14.5, 11.0, 15.5 ] }
							},
							"children": [
								{
									"name": "Cube35",
									"from": [ -0.3, 0.6, -0.3 ], 
									"to": [ 1.7, 1.6, 1.7 ], 
									"rotationOrigin": [ 0.7, 0.6, 0.7 ],
									"rotationY": 19.0,
									"rotationZ": -3.0,
									"faces": {
										"north": { "texture": "#chanterelle", "uv": [ 2.0, 11.0, 4.0, 12.0 ] },
										"east": { "texture": "#chanterelle", "uv": [ 0.5, 11.0, 2.5, 12.0 ] },
										"south": { "texture": "#chanterelle", "uv": [ 1.5, 12.5, 3.5, 13.5 ] },
										"west": { "texture": "#chanterelle", "uv": [ 3.0, 10.5, 5.0, 11.5 ] },
										"up": { "texture": "#chanterelle", "uv": [ 10.0, 4.0, 12.0, 6.0 ], "enabled": false },
										"down": { "texture": "#chanterelle", "uv": [ 1.5, 11.5, 3.5, 13.5 ] }
									},
									"children": [
										{
											"name": "cap36",
											"from": [ -0.5, 0.7, -0.5 ], 
											"to": [ 2.5, 1.7, 2.5 ], 
											"rotationOrigin": [ 1.0, 0.7, 1.0 ],
											"rotationX": 3.0,
											"rotationY": -19.0,
											"rotationZ": -8.0,
											"faces": {
												"north": { "texture": "#chanterelle", "uv": [ 3.5, 2.5, 6.5, 3.5 ] },
												"east": { "texture": "#chanterelle", "uv": [ 5.5, 3.0, 8.5, 4.0 ] },
												"south": { "texture": "#chanterelle", "uv": [ 6.5, 6.0, 9.5, 7.0 ] },
												"west": { "texture": "#chanterelle", "uv": [ 5.0, 4.5, 8.0, 5.5 ] },
												"up": { "texture": "#chanterelle", "uv": [ 3.5, 3.0, 6.5, 6.0 ] },
												"down": { "texture": "#pores", "uv": [ 2.0, 10.0, 5.0, 13.0 ] }
											},
											"children": [
												{
													"name": "CapN37",
													"from": [ 0.0, 0.5, -1.0 ], 
													"to": [ 3.0, 1.0, 0.0 ], 
													"rotationOrigin": [ 1.5, 0.5, 0.0 ],
													"rotationX": 61.0,
													"faces": {
														"north": { "texture": "#chanterelle", "uv": [ 7.5, 5.5, 10.5, 6.0 ] },
														"east": { "texture": "#chanterelle", "uv": [ 5.5, 4.0, 6.5, 4.5 ] },
														"south": { "texture": "#chanterelle", "uv": [ 0.0, 0.0, 3.0, 0.5 ], "enabled": false },
														"west": { "texture": "#chanterelle", "uv": [ 5.0, 3.0, 6.0, 3.5 ] },
														"up": { "texture": "#chanterelle", "uv": [ 9.5, 5.0, 12.5, 6.0 ] },
														"down": { "texture": "#chanterelle", "uv": [ 7.0, 3.0, 10.0, 4.0 ] }
													}
												},
												{
													"name": "CapW38",
													"from": [ -0.8, 0.5, 0.0 ], 
													"to": [ 0.2, 1.0, 3.0 ], 
													"rotationOrigin": [ 0.0, 0.5, 1.5 ],
													"rotationZ": -3.0,
													"faces": {
														"north": { "texture": "#chanterelle", "uv": [ 3.0, 1.0, 4.0, 1.5 ] },
														"east": { "texture": "#chanterelle", "uv": [ 0.0, 0.0, 3.0, 0.5 ], "enabled": false },
														"south": { "texture": "#chanterelle", "uv": [ 4.0, 2.5, 5.0, 3.0 ] },
														"west": { "texture": "#chanterelle", "uv": [ 4.0, 2.0, 7.0, 2.5 ] },
														"up": { "texture": "#chanterelle", "uv": [ 4.0, 2.5, 5.0, 5.5 ] },
														"down": { "texture": "#chanterelle", "uv": [ 6.5, 2.0, 7.5, 5.0 ] }
													}
												},
												{
													"name": "CapE39",
													"from": [ 3.0, 0.5, 0.0 ], 
													"to": [ 4.0, 1.0, 3.0 ], 
													"rotationOrigin": [ 3.0, 0.5, 2.5 ],
													"rotationZ": 42.0,
													"faces": {
														"north": { "texture": "#chanterelle", "uv": [ 3.0, 1.0, 4.0, 1.5 ] },
														"east": { "texture": "#chanterelle", "uv": [ 1.5, 1.0, 4.5, 1.5 ] },
														"south": { "texture": "#chanterelle", "uv": [ 5.5, 3.0, 6.5, 3.5 ] },
														"west": { "texture": "#chanterelle", "uv": [ 0.0, 0.0, 3.0, 0.5 ], "enabled": false },
														"up": { "texture": "#chanterelle", "uv": [ 4.0, 2.5, 5.0, 5.5 ] },
														"down": { "texture": "#chanterelle", "uv": [ 4.0, 1.5, 5.0, 4.5 ] }
													}
												},
												{
													"name": "CapS40",
													"from": [ 0.0, 0.4, 2.7 ], 
													"to": [ 3.0, 0.9, 3.7 ], 
													"rotationOrigin": [ 2.2, 0.9, 2.7 ],
													"rotationX": -8.0,
													"faces": {
														"north": { "texture": "#chanterelle", "uv": [ 0.0, 0.0, 3.0, 0.5 ], "enabled": false },
														"east": { "texture": "#chanterelle", "uv": [ 7.0, 3.0, 8.0, 3.5 ] },
														"south": { "texture": "#chanterelle", "uv": [ 4.0, 3.5, 7.0, 4.0 ] },
														"west": { "texture": "#chanterelle", "uv": [ 5.5, 2.5, 6.5, 3.0 ] },
														"up": { "texture": "#chanterelle", "uv": [ 5.5, 5.0, 8.5, 6.0 ] },
														"down": { "texture": "#chanterelle", "uv": [ 4.5, 2.5, 7.5, 3.5 ] }
													}
												}
											]
										}
									]
								}
							]
						}
					]
				},
				{
					"name": "Stemsmall42",
					"from": [ -3.5, -0.2, -3.5 ], 
					"to": [ -2.5, 0.8, -2.5 ], 
					"rotationOrigin": [ -3.0, -0.2, -3.0 ],
					"rotationY": 36.0,
					"faces": {
						"north": { "texture": "#chanterelle", "uv": [ 5.0, 10.0, 6.0, 11.0 ] },
						"east": { "texture": "#chanterelle", "uv": [ 3.5, 10.0, 4.5, 11.0 ] },
						"south": { "texture": "#chanterelle", "uv": [ 2.0, 11.0, 3.0, 12.0 ] },
						"west": { "texture": "#chanterelle", "uv": [ 3.0, 12.0, 4.0, 13.0 ] },
						"up": { "texture": "#chanterelle", "uv": [ 0.0, 0.0, 1.0, 1.0 ], "enabled": false },
						"down": { "texture": "#chanterelle", "uv": [ 5.0, 10.5, 6.0, 11.5 ] }
					},
					"children": [
						{
							"name": "Cube43",
							"from": [ -0.1, 0.8, -0.1 ], 
							"to": [ 1.1, 1.8, 1.1 ], 
							"rotationOrigin": [ 0.6, 0.8, 0.6 ],
							"rotationX": 19.0,
							"rotationY": 3.0,
							"faces": {
								"north": { "texture": "#chanterelle", "uv": [ 4.5, 9.5, 5.5, 10.5 ] },
								"east": { "texture": "#chanterelle", "uv": [ 4.0, 12.0, 5.0, 13.0 ] },
								"south": { "texture": "#chanterelle", "uv": [ 3.5, 10.0, 4.5, 11.0 ] },
								"west": { "texture": "#chanterelle", "uv": [ 4.0, 14.0, 5.0, 15.0 ] },
								"up": { "texture": "#chanterelle", "uv": [ 0.0, 0.0, 1.0, 1.0 ], "enabled": false },
								"down": { "texture": "#chanterelle", "uv": [ 2.5, 10.0, 3.5, 11.0 ] }
							},
							"children": [
								{
									"name": "smallcap44",
									"from": [ -0.7, 0.8, -0.7 ], 
									"to": [ 1.9, 1.3, 1.9 ], 
									"rotationOrigin": [ 0.6, 0.8, 0.6 ],
									"rotationX": -8.0,
									"rotationY": -6.0,
									"faces": {
										"north": { "texture": "#chanterelle", "uv": [ 0.0, 0.0, 2.5, 0.5 ] },
										"east": { "texture": "#chanterelle", "uv": [ 0.0, 0.0, 2.5, 0.5 ] },
										"south": { "texture": "#chanterelle", "uv": [ 0.0, 0.0, 2.5, 0.5 ] },
										"west": { "texture": "#chanterelle", "uv": [ 0.0, 0.0, 2.5, 0.5 ] },
										"up": { "texture": "#chanterelle", "uv": [ 0.0, 0.0, 2.5, 2.5 ] },
										"down": { "texture": "#pores", "uv": [ 2.5, 11.0, 5.0, 13.5 ] }
									}
								}
							]
						}
					]
				},
				{
					"name": "mycelium",
					"from": [ -5.0, 0.1, -5.0 ], 
					"to": [ 5.0, 0.1, 5.0 ], 
					"renderPass": 3,
					"rotationOrigin": [ 0.0, 0.1, 0.0 ],
					"faces": {
						"north": { "texture": "#chanterelle", "uv": [ 0.0, 0.0, 10.0, 0.5 ], "enabled": false },
						"east": { "texture": "#chanterelle", "uv": [ 0.0, 0.0, 10.0, 0.5 ], "enabled": false },
						"south": { "texture": "#chanterelle", "uv": [ 0.0, 0.0, 10.0, 0.5 ], "enabled": false },
						"west": { "texture": "#chanterelle", "uv": [ 0.0, 0.0, 10.0, 0.5 ], "enabled": false },
						"up": { "texture": "#mycelium3", "uv": [ 3.0, 3.0, 13.0, 13.0 ] },
						"down": { "texture": "#chanterelle", "uv": [ 0.0, 0.0, 10.0, 10.0 ], "enabled": false }
					}
				}
			]
		},
		{
			"name": "origin37",
			"from": [ 24.0, 0.0, 8.0 ], 
			"to": [ 24.0, 0.0, 8.0 ], 
			"rotationOrigin": [ 24.0, 0.0, 8.0 ],
			"rotationY": -180.0,
			"faces": {
				"north": { "texture": "#null", "uv": [ 0.0, 0.0, 0.5, 0.5 ], "enabled": false },
				"east": { "texture": "#null", "uv": [ 0.0, 0.0, 0.5, 0.5 ], "enabled": false },
				"south": { "texture": "#null", "uv": [ 0.0, 0.0, 0.5, 0.5 ], "enabled": false },
				"west": { "texture": "#null", "uv": [ 0.0, 0.0, 0.5, 0.5 ], "enabled": false },
				"up": { "texture": "#null", "uv": [ 0.0, 0.0, 0.5, 0.5 ], "enabled": false },
				"down": { "texture": "#null", "uv": [ 0.0, 0.0, 0.5, 0.5 ], "enabled": false }
			},
			"children": [
				{
					"name": "Stem38",
					"from": [ -3.9, -0.4, 1.1 ], 
					"to": [ -2.9, 0.6, 2.1 ], 
					"rotationOrigin": [ -3.4, -0.4, 1.6 ],
					"rotationX": -3.0,
					"rotationY": -19.0,
					"faces": {
						"north": { "texture": "#chanterelle", "uv": [ 5.0, 13.5, 6.0, 14.5 ] },
						"east": { "texture": "#chanterelle", "uv": [ 3.5, 11.5, 4.5, 12.5 ] },
						"south": { "texture": "#chanterelle", "uv": [ 3.0, 12.0, 4.0, 13.0 ] },
						"west": { "texture": "#chanterelle", "uv": [ 3.5, 13.0, 4.5, 14.0 ] },
						"up": { "texture": "#chanterelle", "uv": [ 0.0, 0.0, 1.0, 1.0 ], "enabled": false },
						"down": { "texture": "#chanterelle", "uv": [ 5.0, 11.5, 6.0, 12.5 ] }
					},
					"children": [
						{
							"name": "Cube40",
							"from": [ -0.2, 0.7, -0.2 ], 
							"to": [ 1.2, 1.7, 1.2 ], 
							"rotationOrigin": [ 0.5, 0.7, 0.4 ],
							"rotationY": -14.0,
							"rotationZ": -17.0,
							"faces": {
								"north": { "texture": "#chanterelle", "uv": [ 12.0, 14.5, 13.0, 15.5 ], "rotation": 180 },
								"east": { "texture": "#chanterelle", "uv": [ 14.0, 14.0, 15.0, 15.0 ], "rotation": 180 },
								"south": { "texture": "#chanterelle", "uv": [ 10.5, 14.0, 11.5, 15.0 ], "rotation": 180 },
								"west": { "texture": "#chanterelle", "uv": [ 10.5, 14.0, 11.5, 15.0 ], "rotation": 180 },
								"up": { "texture": "#chanterelle", "uv": [ 0.0, 0.0, 1.0, 1.0 ], "enabled": false },
								"down": { "texture": "#chanterelle", "uv": [ 10.0, 14.5, 11.0, 15.5 ] }
							},
							"children": [
								{
									"name": "Cube40",
									"from": [ -0.3, 0.7, -0.3 ], 
									"to": [ 1.7, 1.7, 1.7 ], 
									"rotationOrigin": [ 0.7, 0.7, 0.7 ],
									"rotationX": -6.0,
									"rotationY": -6.0,
									"rotationZ": 14.0,
									"faces": {
										"north": { "texture": "#chanterelle", "uv": [ 2.0, 11.0, 4.0, 12.0 ] },
										"east": { "texture": "#chanterelle", "uv": [ 0.5, 11.0, 2.5, 12.0 ] },
										"south": { "texture": "#chanterelle", "uv": [ 1.5, 12.5, 3.5, 13.5 ] },
										"west": { "texture": "#chanterelle", "uv": [ 3.0, 10.5, 5.0, 11.5 ] },
										"up": { "texture": "#chanterelle", "uv": [ 10.0, 4.0, 12.0, 6.0 ], "enabled": false },
										"down": { "texture": "#chanterelle", "uv": [ 1.5, 11.5, 3.5, 13.5 ] }
									},
									"children": [
										{
											"name": "cap41",
											"from": [ -0.5, 0.8, -0.5 ], 
											"to": [ 2.5, 1.8, 2.5 ], 
											"rotationOrigin": [ 1.0, 0.8, 1.0 ],
											"rotationX": 3.0,
											"rotationY": -8.0,
											"rotationZ": -3.0,
											"faces": {
												"north": { "texture": "#chanterelle", "uv": [ 3.5, 2.5, 6.5, 3.5 ] },
												"east": { "texture": "#chanterelle", "uv": [ 5.5, 3.0, 8.5, 4.0 ] },
												"south": { "texture": "#chanterelle", "uv": [ 6.5, 6.0, 9.5, 7.0 ] },
												"west": { "texture": "#chanterelle", "uv": [ 5.0, 4.5, 8.0, 5.5 ] },
												"up": { "texture": "#chanterelle", "uv": [ 3.5, 3.0, 6.5, 6.0 ] },
												"down": { "texture": "#pores", "uv": [ 2.0, 10.0, 5.0, 13.0 ] }
											},
											"children": [
												{
													"name": "CapN42",
													"from": [ 0.0, 0.5, -1.0 ], 
													"to": [ 3.0, 1.0, 0.0 ], 
													"rotationOrigin": [ 1.5, 0.5, 0.0 ],
													"rotationX": 50.0,
													"faces": {
														"north": { "texture": "#chanterelle", "uv": [ 7.5, 5.5, 10.5, 6.0 ] },
														"east": { "texture": "#chanterelle", "uv": [ 5.5, 4.0, 6.5, 4.5 ] },
														"south": { "texture": "#chanterelle", "uv": [ 0.0, 0.0, 3.0, 0.5 ], "enabled": false },
														"west": { "texture": "#chanterelle", "uv": [ 5.0, 3.0, 6.0, 3.5 ] },
														"up": { "texture": "#chanterelle", "uv": [ 9.5, 5.0, 12.5, 6.0 ] },
														"down": { "texture": "#chanterelle", "uv": [ 7.0, 3.0, 10.0, 4.0 ] }
													},
													"children": [
														{
															"name": "Cube44",
															"from": [ 1.1, 0.0, -0.6 ], 
															"to": [ 2.6, 0.5, 0.0 ], 
															"rotationOrigin": [ 2.0, 0.0, 0.0 ],
															"rotationX": 44.0,
															"faces": {
																"north": { "texture": "#chanterelle", "uv": [ 2.5, 0.5, 4.0, 1.0 ] },
																"east": { "texture": "#chanterelle", "uv": [ 3.5, 2.5, 4.0, 3.0 ] },
																"south": { "texture": "#chanterelle", "uv": [ 0.0, 0.0, 1.5, 0.5 ], "enabled": false },
																"west": { "texture": "#chanterelle", "uv": [ 3.0, 2.0, 3.5, 2.5 ] },
																"up": { "texture": "#chanterelle", "uv": [ 2.0, 3.0, 3.5, 3.5 ] },
																"down": { "texture": "#chanterelle", "uv": [ 5.0, 3.5, 6.5, 4.0 ] }
															}
														}
													]
												},
												{
													"name": "CapS44",
													"from": [ 0.1, 0.4, 2.7 ], 
													"to": [ 1.1, 0.9, 3.7 ], 
													"rotationOrigin": [ 1.6, 0.9, 2.7 ],
													"rotationX": -19.0,
													"faces": {
														"north": { "texture": "#chanterelle", "uv": [ 0.0, 0.0, 1.0, 0.5 ], "enabled": false },
														"east": { "texture": "#chanterelle", "uv": [ 7.0, 3.0, 8.0, 3.5 ] },
														"south": { "texture": "#chanterelle", "uv": [ 4.0, 3.5, 5.0, 4.0 ] },
														"west": { "texture": "#chanterelle", "uv": [ 5.5, 2.5, 6.5, 3.0 ] },
														"up": { "texture": "#chanterelle", "uv": [ 5.5, 5.0, 6.5, 6.0 ] },
														"down": { "texture": "#chanterelle", "uv": [ 4.5, 2.5, 5.5, 3.5 ] }
													}
												},
												{
													"name": "CapW45",
													"from": [ -0.8, 0.5, 0.0 ], 
													"to": [ 0.0, 1.0, 3.0 ], 
													"rotationOrigin": [ 0.0, 0.5, 1.5 ],
													"rotationZ": -33.0,
													"faces": {
														"north": { "texture": "#chanterelle", "uv": [ 3.0, 1.0, 3.5, 1.5 ] },
														"east": { "texture": "#chanterelle", "uv": [ 0.0, 0.0, 3.0, 0.5 ], "enabled": false },
														"south": { "texture": "#chanterelle", "uv": [ 4.0, 2.5, 4.5, 3.0 ] },
														"west": { "texture": "#chanterelle", "uv": [ 4.0, 2.0, 7.0, 2.5 ] },
														"up": { "texture": "#chanterelle", "uv": [ 4.0, 2.5, 4.5, 5.5 ] },
														"down": { "texture": "#chanterelle", "uv": [ 6.5, 2.0, 7.0, 5.0 ] }
													}
												},
												{
													"name": "CapE46",
													"from": [ 3.0, 0.5, 0.0 ], 
													"to": [ 4.0, 1.0, 1.0 ], 
													"rotationOrigin": [ 3.0, 0.5, 1.5 ],
													"rotationZ": 22.0,
													"faces": {
														"north": { "texture": "#chanterelle", "uv": [ 3.0, 1.0, 4.0, 1.5 ] },
														"east": { "texture": "#chanterelle", "uv": [ 1.5, 1.0, 2.5, 1.5 ] },
														"south": { "texture": "#chanterelle", "uv": [ 5.5, 3.0, 6.5, 3.5 ] },
														"west": { "texture": "#chanterelle", "uv": [ 0.0, 0.0, 1.0, 0.5 ], "enabled": false },
														"up": { "texture": "#chanterelle", "uv": [ 4.0, 2.5, 5.0, 3.5 ] },
														"down": { "texture": "#chanterelle", "uv": [ 4.0, 1.5, 5.0, 2.5 ] }
													}
												},
												{
													"name": "CapE47",
													"from": [ 3.0, 0.5, 1.0 ], 
													"to": [ 4.3, 1.0, 3.0 ], 
													"rotationOrigin": [ 3.0, 0.5, 2.5 ],
													"rotationZ": 50.0,
													"faces": {
														"north": { "texture": "#chanterelle", "uv": [ 3.0, 1.0, 4.0, 1.5 ] },
														"east": { "texture": "#chanterelle", "uv": [ 1.5, 1.0, 3.5, 1.5 ] },
														"south": { "texture": "#chanterelle", "uv": [ 5.5, 3.0, 6.5, 3.5 ] },
														"west": { "texture": "#chanterelle", "uv": [ 0.0, 0.0, 2.0, 0.5 ], "enabled": false },
														"up": { "texture": "#chanterelle", "uv": [ 4.0, 2.5, 5.0, 4.5 ] },
														"down": { "texture": "#chanterelle", "uv": [ 4.0, 1.5, 5.0, 3.5 ] }
													}
												},
												{
													"name": "CapS48",
													"from": [ 1.2, 0.4, 2.7 ], 
													"to": [ 2.8, 0.9, 3.7 ], 
													"rotationOrigin": [ 2.4, 0.9, 2.7 ],
													"rotationX": -64.0,
													"faces": {
														"north": { "texture": "#chanterelle", "uv": [ 0.0, 0.0, 1.5, 0.5 ], "enabled": false },
														"east": { "texture": "#chanterelle", "uv": [ 7.0, 3.0, 8.0, 3.5 ] },
														"south": { "texture": "#chanterelle", "uv": [ 4.0, 3.5, 5.5, 4.0 ] },
														"west": { "texture": "#chanterelle", "uv": [ 5.5, 2.5, 6.5, 3.0 ] },
														"up": { "texture": "#chanterelle", "uv": [ 5.5, 5.0, 7.0, 6.0 ] },
														"down": { "texture": "#chanterelle", "uv": [ 4.5, 2.5, 6.0, 3.5 ] }
													}
												}
											]
										}
									]
								}
							]
						}
					]
				},
				{
					"name": "Stemsmall49",
					"from": [ 1.5, -0.2, 2.5 ], 
					"to": [ 2.5, 0.8, 3.5 ], 
					"rotationOrigin": [ 2.0, -0.2, 3.0 ],
					"rotationY": -33.0,
					"faces": {
						"north": { "texture": "#chanterelle", "uv": [ 5.0, 10.0, 6.0, 11.0 ] },
						"east": { "texture": "#chanterelle", "uv": [ 3.5, 10.0, 4.5, 11.0 ] },
						"south": { "texture": "#chanterelle", "uv": [ 2.0, 11.0, 3.0, 12.0 ] },
						"west": { "texture": "#chanterelle", "uv": [ 3.0, 12.0, 4.0, 13.0 ] },
						"up": { "texture": "#chanterelle", "uv": [ 0.0, 0.0, 1.0, 1.0 ], "enabled": false },
						"down": { "texture": "#chanterelle", "uv": [ 5.0, 10.5, 6.0, 11.5 ] }
					},
					"children": [
						{
							"name": "Cube50",
							"from": [ -0.1, 0.7, -0.1 ], 
							"to": [ 1.1, 1.7, 1.1 ], 
							"rotationOrigin": [ 0.6, 0.7, 0.6 ],
							"rotationY": 22.0,
							"faces": {
								"north": { "texture": "#chanterelle", "uv": [ 4.5, 9.5, 5.5, 10.5 ] },
								"east": { "texture": "#chanterelle", "uv": [ 4.0, 12.0, 5.0, 13.0 ] },
								"south": { "texture": "#chanterelle", "uv": [ 3.5, 10.0, 4.5, 11.0 ] },
								"west": { "texture": "#chanterelle", "uv": [ 4.0, 14.0, 5.0, 15.0 ] },
								"up": { "texture": "#chanterelle", "uv": [ 0.0, 0.0, 1.0, 1.0 ], "enabled": false },
								"down": { "texture": "#chanterelle", "uv": [ 2.5, 10.0, 3.5, 11.0 ] }
							},
							"children": [
								{
									"name": "smallcap51",
									"from": [ -0.7, 0.8, -0.7 ], 
									"to": [ 1.9, 1.3, 1.9 ], 
									"rotationOrigin": [ 0.6, 0.8, 0.6 ],
									"rotationX": 3.0,
									"rotationY": 17.0,
									"rotationZ": 14.0,
									"faces": {
										"north": { "texture": "#chanterelle", "uv": [ 0.0, 0.0, 2.5, 0.5 ] },
										"east": { "texture": "#chanterelle", "uv": [ 0.0, 0.0, 2.5, 0.5 ] },
										"south": { "texture": "#chanterelle", "uv": [ 0.0, 0.0, 2.5, 0.5 ] },
										"west": { "texture": "#chanterelle", "uv": [ 0.0, 0.0, 2.5, 0.5 ] },
										"up": { "texture": "#chanterelle", "uv": [ 0.0, 0.0, 2.5, 2.5 ] },
										"down": { "texture": "#pores", "uv": [ 2.5, 11.0, 5.0, 13.5 ] }
									}
								}
							]
						}
					]
				},
				{
					"name": "Stemsmall52",
					"from": [ 3.5, -0.2, -4.5 ], 
					"to": [ 4.5, 0.8, -3.5 ], 
					"rotationOrigin": [ 4.0, -0.2, -4.0 ],
					"rotationX": 6.0,
					"rotationY": -14.0,
					"faces": {
						"north": { "texture": "#chanterelle", "uv": [ 5.0, 10.0, 6.0, 11.0 ] },
						"east": { "texture": "#chanterelle", "uv": [ 3.5, 10.0, 4.5, 11.0 ] },
						"south": { "texture": "#chanterelle", "uv": [ 2.0, 11.0, 3.0, 12.0 ] },
						"west": { "texture": "#chanterelle", "uv": [ 3.0, 12.0, 4.0, 13.0 ] },
						"up": { "texture": "#chanterelle", "uv": [ 0.0, 0.0, 1.0, 1.0 ], "enabled": false },
						"down": { "texture": "#chanterelle", "uv": [ 5.0, 10.5, 6.0, 11.5 ] }
					},
					"children": [
						{
							"name": "Cube53",
							"from": [ -0.1, 0.8, -0.1 ], 
							"to": [ 1.1, 1.8, 1.1 ], 
							"rotationOrigin": [ 0.6, 0.8, 0.6 ],
							"rotationX": -6.0,
							"rotationZ": 28.0,
							"faces": {
								"north": { "texture": "#chanterelle", "uv": [ 4.5, 9.5, 5.5, 10.5 ] },
								"east": { "texture": "#chanterelle", "uv": [ 4.0, 12.0, 5.0, 13.0 ] },
								"south": { "texture": "#chanterelle", "uv": [ 3.5, 10.0, 4.5, 11.0 ] },
								"west": { "texture": "#chanterelle", "uv": [ 4.0, 14.0, 5.0, 15.0 ] },
								"up": { "texture": "#chanterelle", "uv": [ 0.0, 0.0, 1.0, 1.0 ], "enabled": false },
								"down": { "texture": "#chanterelle", "uv": [ 2.5, 10.0, 3.5, 11.0 ] }
							},
							"children": [
								{
									"name": "smallcap54",
									"from": [ -0.4, 0.8, -0.4 ], 
									"to": [ 1.6, 1.3, 1.6 ], 
									"rotationOrigin": [ 0.6, 0.8, 0.6 ],
									"rotationX": -3.0,
									"rotationY": 11.0,
									"faces": {
										"north": { "texture": "#chanterelle", "uv": [ 0.0, 0.0, 2.0, 0.5 ] },
										"east": { "texture": "#chanterelle", "uv": [ 0.0, 0.0, 2.0, 0.5 ] },
										"south": { "texture": "#chanterelle", "uv": [ 0.0, 0.0, 2.0, 0.5 ] },
										"west": { "texture": "#chanterelle", "uv": [ 0.0, 0.0, 2.0, 0.5 ] },
										"up": { "texture": "#chanterelle", "uv": [ 0.0, 0.0, 2.0, 2.0 ] },
										"down": { "texture": "#pores", "uv": [ 2.5, 11.0, 4.5, 13.0 ] }
									}
								}
							]
						}
					]
				},
				{
					"name": "Stemsmall55",
					"from": [ -2.5, -0.3, 3.5 ], 
					"to": [ -1.5, 0.7, 4.5 ], 
					"rotationOrigin": [ -2.0, -0.3, 4.0 ],
					"rotationX": 3.0,
					"rotationY": -42.0,
					"faces": {
						"north": { "texture": "#chanterelle", "uv": [ 5.0, 10.0, 6.0, 11.0 ] },
						"east": { "texture": "#chanterelle", "uv": [ 3.5, 10.0, 4.5, 11.0 ] },
						"south": { "texture": "#chanterelle", "uv": [ 2.0, 11.0, 3.0, 12.0 ] },
						"west": { "texture": "#chanterelle", "uv": [ 3.0, 12.0, 4.0, 13.0 ] },
						"up": { "texture": "#chanterelle", "uv": [ 0.0, 0.0, 1.0, 1.0 ], "enabled": false },
						"down": { "texture": "#chanterelle", "uv": [ 5.0, 10.5, 6.0, 11.5 ] }
					},
					"children": [
						{
							"name": "Cube56",
							"from": [ -0.1, 0.6, -0.1 ], 
							"to": [ 1.1, 1.6, 1.1 ], 
							"rotationOrigin": [ 0.6, 0.6, 0.6 ],
							"rotationX": -6.0,
							"rotationZ": -30.0,
							"faces": {
								"north": { "texture": "#chanterelle", "uv": [ 4.5, 9.5, 5.5, 10.5 ] },
								"east": { "texture": "#chanterelle", "uv": [ 4.0, 12.0, 5.0, 13.0 ] },
								"south": { "texture": "#chanterelle", "uv": [ 3.5, 10.0, 4.5, 11.0 ] },
								"west": { "texture": "#chanterelle", "uv": [ 4.0, 14.0, 5.0, 15.0 ] },
								"up": { "texture": "#chanterelle", "uv": [ 0.0, 0.0, 1.0, 1.0 ], "enabled": false },
								"down": { "texture": "#chanterelle", "uv": [ 2.5, 10.0, 3.5, 11.0 ] }
							},
							"children": [
								{
									"name": "smallcap57",
									"from": [ -0.4, 0.9, -0.4 ], 
									"to": [ 1.6, 1.4, 1.6 ], 
									"rotationOrigin": [ 0.6, 0.9, 0.6 ],
									"rotationX": -3.0,
									"rotationY": -8.0,
									"rotationZ": -8.0,
									"faces": {
										"north": { "texture": "#chanterelle", "uv": [ 0.0, 0.0, 2.0, 0.5 ] },
										"east": { "texture": "#chanterelle", "uv": [ 0.0, 0.0, 2.0, 0.5 ] },
										"south": { "texture": "#chanterelle", "uv": [ 0.0, 0.0, 2.0, 0.5 ] },
										"west": { "texture": "#chanterelle", "uv": [ 0.0, 0.0, 2.0, 0.5 ] },
										"up": { "texture": "#chanterelle", "uv": [ 0.0, 0.0, 2.0, 2.0 ] },
										"down": { "texture": "#pores", "uv": [ 2.5, 11.0, 4.5, 13.0 ] }
									}
								}
							]
						}
					]
				},
				{
					"name": "Stemsmall58",
					"from": [ -0.5, -0.2, 0.5 ], 
					"to": [ 0.5, 0.8, 1.5 ], 
					"rotationOrigin": [ 0.0, -0.2, 1.0 ],
					"rotationX": 6.0,
					"rotationY": -14.0,
					"faces": {
						"north": { "texture": "#chanterelle", "uv": [ 5.0, 10.0, 6.0, 11.0 ] },
						"east": { "texture": "#chanterelle", "uv": [ 3.5, 10.0, 4.5, 11.0 ] },
						"south": { "texture": "#chanterelle", "uv": [ 2.0, 11.0, 3.0, 12.0 ] },
						"west": { "texture": "#chanterelle", "uv": [ 3.0, 12.0, 4.0, 13.0 ] },
						"up": { "texture": "#chanterelle", "uv": [ 0.0, 0.0, 1.0, 1.0 ], "enabled": false },
						"down": { "texture": "#chanterelle", "uv": [ 5.0, 10.5, 6.0, 11.5 ] }
					},
					"children": [
						{
							"name": "Cube59",
							"from": [ -0.1, 0.7, -0.1 ], 
							"to": [ 1.1, 1.7, 1.1 ], 
							"rotationOrigin": [ 0.6, 0.7, 0.6 ],
							"rotationX": -6.0,
							"faces": {
								"north": { "texture": "#chanterelle", "uv": [ 4.5, 9.5, 5.5, 10.5 ] },
								"east": { "texture": "#chanterelle", "uv": [ 4.0, 12.0, 5.0, 13.0 ] },
								"south": { "texture": "#chanterelle", "uv": [ 3.5, 10.0, 4.5, 11.0 ] },
								"west": { "texture": "#chanterelle", "uv": [ 4.0, 14.0, 5.0, 15.0 ] },
								"up": { "texture": "#chanterelle", "uv": [ 0.0, 0.0, 1.0, 1.0 ], "enabled": false },
								"down": { "texture": "#chanterelle", "uv": [ 2.5, 10.0, 3.5, 11.0 ] }
							},
							"children": [
								{
									"name": "smallcap60",
									"from": [ -0.4, 0.8, -0.4 ], 
									"to": [ 1.6, 1.3, 1.6 ], 
									"rotationOrigin": [ 0.6, 0.8, 0.6 ],
									"rotationX": -3.0,
									"rotationY": -8.0,
									"rotationZ": 14.0,
									"faces": {
										"north": { "texture": "#chanterelle", "uv": [ 0.0, 0.0, 2.0, 0.5 ] },
										"east": { "texture": "#chanterelle", "uv": [ 0.0, 0.0, 2.0, 0.5 ] },
										"south": { "texture": "#chanterelle", "uv": [ 0.0, 0.0, 2.0, 0.5 ] },
										"west": { "texture": "#chanterelle", "uv": [ 0.0, 0.0, 2.0, 0.5 ] },
										"up": { "texture": "#chanterelle", "uv": [ 0.0, 0.0, 2.0, 2.0 ] },
										"down": { "texture": "#pores", "uv": [ 2.5, 11.0, 4.5, 13.0 ] }
									}
								}
							]
						}
					]
				},
				{
					"name": "Stem61",
					"from": [ 3.1, -0.3, -0.9 ], 
					"to": [ 4.1, 0.7, 0.1 ], 
					"rotationOrigin": [ 3.6, -0.3, -0.4 ],
					"rotationY": 22.0,
					"faces": {
						"north": { "texture": "#chanterelle", "uv": [ 5.0, 13.5, 6.0, 14.5 ] },
						"east": { "texture": "#chanterelle", "uv": [ 3.5, 11.5, 4.5, 12.5 ] },
						"south": { "texture": "#chanterelle", "uv": [ 3.0, 12.0, 4.0, 13.0 ] },
						"west": { "texture": "#chanterelle", "uv": [ 3.5, 13.0, 4.5, 14.0 ] },
						"up": { "texture": "#chanterelle", "uv": [ 0.0, 0.0, 1.0, 1.0 ], "enabled": false },
						"down": { "texture": "#chanterelle", "uv": [ 5.0, 12.0, 6.0, 13.0 ] }
					},
					"children": [
						{
							"name": "Cube62",
							"from": [ -0.2, 0.8, -0.2 ], 
							"to": [ 1.2, 1.8, 1.2 ], 
							"rotationOrigin": [ 0.5, 0.8, 0.4 ],
							"rotationX": 3.0,
							"rotationY": 14.0,
							"rotationZ": 3.0,
							"faces": {
								"north": { "texture": "#chanterelle", "uv": [ 12.0, 14.5, 13.0, 15.5 ], "rotation": 180 },
								"east": { "texture": "#chanterelle", "uv": [ 14.0, 14.0, 15.0, 15.0 ], "rotation": 180 },
								"south": { "texture": "#chanterelle", "uv": [ 10.5, 14.0, 11.5, 15.0 ], "rotation": 180 },
								"west": { "texture": "#chanterelle", "uv": [ 10.5, 14.0, 11.5, 15.0 ], "rotation": 180 },
								"up": { "texture": "#chanterelle", "uv": [ 0.0, 0.0, 1.0, 1.0 ], "enabled": false },
								"down": { "texture": "#chanterelle", "uv": [ 10.0, 14.5, 11.0, 15.5 ] }
							},
							"children": [
								{
									"name": "Cube63",
									"from": [ -0.3, 0.6, -0.3 ], 
									"to": [ 1.7, 1.6, 1.7 ], 
									"rotationOrigin": [ 0.7, 0.6, 0.7 ],
									"rotationY": 19.0,
									"rotationZ": -3.0,
									"faces": {
										"north": { "texture": "#chanterelle", "uv": [ 2.0, 11.0, 4.0, 12.0 ] },
										"east": { "texture": "#chanterelle", "uv": [ 0.5, 11.0, 2.5, 12.0 ] },
										"south": { "texture": "#chanterelle", "uv": [ 1.5, 12.5, 3.5, 13.5 ] },
										"west": { "texture": "#chanterelle", "uv": [ 3.0, 10.5, 5.0, 11.5 ] },
										"up": { "texture": "#chanterelle", "uv": [ 10.0, 4.0, 12.0, 6.0 ], "enabled": false },
										"down": { "texture": "#chanterelle", "uv": [ 1.5, 11.5, 3.5, 13.5 ] }
									},
									"children": [
										{
											"name": "cap64",
											"from": [ -0.5, 0.7, -0.5 ], 
											"to": [ 2.5, 1.7, 2.5 ], 
											"rotationOrigin": [ 1.0, 0.7, 1.0 ],
											"rotationX": 3.0,
											"rotationY": -19.0,
											"rotationZ": -8.0,
											"faces": {
												"north": { "texture": "#chanterelle", "uv": [ 3.5, 2.5, 6.5, 3.5 ] },
												"east": { "texture": "#chanterelle", "uv": [ 5.5, 3.0, 8.5, 4.0 ] },
												"south": { "texture": "#chanterelle", "uv": [ 6.5, 6.0, 9.5, 7.0 ] },
												"west": { "texture": "#chanterelle", "uv": [ 5.0, 4.5, 8.0, 5.5 ] },
												"up": { "texture": "#chanterelle", "uv": [ 3.5, 3.0, 6.5, 6.0 ] },
												"down": { "texture": "#pores", "uv": [ 2.0, 10.0, 5.0, 13.0 ] }
											},
											"children": [
												{
													"name": "CapN65",
													"from": [ 0.0, 0.5, -1.0 ], 
													"to": [ 3.0, 1.0, 0.0 ], 
													"rotationOrigin": [ 1.5, 0.5, 0.0 ],
													"rotationX": 61.0,
													"faces": {
														"north": { "texture": "#chanterelle", "uv": [ 7.5, 5.5, 10.5, 6.0 ] },
														"east": { "texture": "#chanterelle", "uv": [ 5.5, 4.0, 6.5, 4.5 ] },
														"south": { "texture": "#chanterelle", "uv": [ 0.0, 0.0, 3.0, 0.5 ], "enabled": false },
														"west": { "texture": "#chanterelle", "uv": [ 5.0, 3.0, 6.0, 3.5 ] },
														"up": { "texture": "#chanterelle", "uv": [ 9.5, 5.0, 12.5, 6.0 ] },
														"down": { "texture": "#chanterelle", "uv": [ 7.0, 3.0, 10.0, 4.0 ] }
													}
												},
												{
													"name": "CapW66",
													"from": [ -0.8, 0.5, 0.0 ], 
													"to": [ 0.2, 1.0, 3.0 ], 
													"rotationOrigin": [ 0.0, 0.5, 1.5 ],
													"rotationZ": -3.0,
													"faces": {
														"north": { "texture": "#chanterelle", "uv": [ 3.0, 1.0, 4.0, 1.5 ] },
														"east": { "texture": "#chanterelle", "uv": [ 0.0, 0.0, 3.0, 0.5 ], "enabled": false },
														"south": { "texture": "#chanterelle", "uv": [ 4.0, 2.5, 5.0, 3.0 ] },
														"west": { "texture": "#chanterelle", "uv": [ 4.0, 2.0, 7.0, 2.5 ] },
														"up": { "texture": "#chanterelle", "uv": [ 4.0, 2.5, 5.0, 5.5 ] },
														"down": { "texture": "#chanterelle", "uv": [ 6.5, 2.0, 7.5, 5.0 ] }
													}
												},
												{
													"name": "CapE67",
													"from": [ 3.0, 0.5, 0.0 ], 
													"to": [ 4.0, 1.0, 3.0 ], 
													"rotationOrigin": [ 3.0, 0.5, 2.5 ],
													"rotationZ": 42.0,
													"faces": {
														"north": { "texture": "#chanterelle", "uv": [ 3.0, 1.0, 4.0, 1.5 ] },
														"east": { "texture": "#chanterelle", "uv": [ 1.5, 1.0, 4.5, 1.5 ] },
														"south": { "texture": "#chanterelle", "uv": [ 5.5, 3.0, 6.5, 3.5 ] },
														"west": { "texture": "#chanterelle", "uv": [ 0.0, 0.0, 3.0, 0.5 ], "enabled": false },
														"up": { "texture": "#chanterelle", "uv": [ 4.0, 2.5, 5.0, 5.5 ] },
														"down": { "texture": "#chanterelle", "uv": [ 4.0, 1.5, 5.0, 4.5 ] }
													}
												},
												{
													"name": "CapS68",
													"from": [ 0.0, 0.4, 2.7 ], 
													"to": [ 3.0, 0.9, 3.7 ], 
													"rotationOrigin": [ 2.2, 0.9, 2.7 ],
													"rotationX": -8.0,
													"faces": {
														"north": { "texture": "#chanterelle", "uv": [ 0.0, 0.0, 3.0, 0.5 ], "enabled": false },
														"east": { "texture": "#chanterelle", "uv": [ 7.0, 3.0, 8.0, 3.5 ] },
														"south": { "texture": "#chanterelle", "uv": [ 4.0, 3.5, 7.0, 4.0 ] },
														"west": { "texture": "#chanterelle", "uv": [ 5.5, 2.5, 6.5, 3.0 ] },
														"up": { "texture": "#chanterelle", "uv": [ 5.5, 5.0, 8.5, 6.0 ] },
														"down": { "texture": "#chanterelle", "uv": [ 4.5, 2.5, 7.5, 3.5 ] }
													}
												}
											]
										}
									]
								}
							]
						}
					]
				},
				{
					"name": "Stemsmall69",
					"from": [ -3.5, -0.2, -3.5 ], 
					"to": [ -2.5, 0.8, -2.5 ], 
					"rotationOrigin": [ -3.0, -0.2, -3.0 ],
					"rotationY": 36.0,
					"faces": {
						"north": { "texture": "#chanterelle", "uv": [ 5.0, 10.0, 6.0, 11.0 ] },
						"east": { "texture": "#chanterelle", "uv": [ 3.5, 10.0, 4.5, 11.0 ] },
						"south": { "texture": "#chanterelle", "uv": [ 2.0, 11.0, 3.0, 12.0 ] },
						"west": { "texture": "#chanterelle", "uv": [ 3.0, 12.0, 4.0, 13.0 ] },
						"up": { "texture": "#chanterelle", "uv": [ 0.0, 0.0, 1.0, 1.0 ], "enabled": false },
						"down": { "texture": "#chanterelle", "uv": [ 5.0, 10.5, 6.0, 11.5 ] }
					},
					"children": [
						{
							"name": "Cube70",
							"from": [ -0.1, 0.8, -0.1 ], 
							"to": [ 1.1, 1.8, 1.1 ], 
							"rotationOrigin": [ 0.6, 0.8, 0.6 ],
							"rotationX": 19.0,
							"rotationY": 3.0,
							"faces": {
								"north": { "texture": "#chanterelle", "uv": [ 4.5, 9.5, 5.5, 10.5 ] },
								"east": { "texture": "#chanterelle", "uv": [ 4.0, 12.0, 5.0, 13.0 ] },
								"south": { "texture": "#chanterelle", "uv": [ 3.5, 10.0, 4.5, 11.0 ] },
								"west": { "texture": "#chanterelle", "uv": [ 4.0, 14.0, 5.0, 15.0 ] },
								"up": { "texture": "#chanterelle", "uv": [ 0.0, 0.0, 1.0, 1.0 ], "enabled": false },
								"down": { "texture": "#chanterelle", "uv": [ 2.5, 10.0, 3.5, 11.0 ] }
							},
							"children": [
								{
									"name": "smallcap71",
									"from": [ -0.7, 0.8, -0.7 ], 
									"to": [ 1.9, 1.3, 1.9 ], 
									"rotationOrigin": [ 0.6, 0.8, 0.6 ],
									"rotationX": -8.0,
									"rotationY": -6.0,
									"faces": {
										"north": { "texture": "#chanterelle", "uv": [ 0.0, 0.0, 2.5, 0.5 ] },
										"east": { "texture": "#chanterelle", "uv": [ 0.0, 0.0, 2.5, 0.5 ] },
										"south": { "texture": "#chanterelle", "uv": [ 0.0, 0.0, 2.5, 0.5 ] },
										"west": { "texture": "#chanterelle", "uv": [ 0.0, 0.0, 2.5, 0.5 ] },
										"up": { "texture": "#chanterelle", "uv": [ 0.0, 0.0, 2.5, 2.5 ] },
										"down": { "texture": "#pores", "uv": [ 2.5, 11.0, 5.0, 13.5 ] }
									}
								}
							]
						}
					]
				},
				{
					"name": "mycelium72",
					"from": [ -5.0, 0.1, -5.0 ], 
					"to": [ 5.0, 0.1, 5.0 ], 
					"renderPass": 3,
					"rotationOrigin": [ 0.0, 0.1, 0.0 ],
					"faces": {
						"north": { "texture": "#chanterelle", "uv": [ 0.0, 0.0, 10.0, 0.5 ], "enabled": false },
						"east": { "texture": "#chanterelle", "uv": [ 0.0, 0.0, 10.0, 0.5 ], "enabled": false },
						"south": { "texture": "#chanterelle", "uv": [ 0.0, 0.0, 10.0, 0.5 ], "enabled": false },
						"west": { "texture": "#chanterelle", "uv": [ 0.0, 0.0, 10.0, 0.5 ], "enabled": false },
						"up": { "texture": "#mycelium3", "uv": [ 3.0, 3.0, 13.0, 13.0 ] },
						"down": { "texture": "#chanterelle", "uv": [ 0.0, 0.0, 10.0, 10.0 ], "enabled": false }
					}
				}
			]
		}
	]}