{
  "version": 0,
  "file": "KRPGEnchantment_Config.json",
  "patches": {},
  "settings": [
    {
      "type": "separator",
      "title": "KRPGEnchantmentSettings"
    },
    {
      "code": "MaxEnchantTier",
      "comment": "MaxEnchantTierComment",
      "type": "integer",
      "clientSide": false,
      "default": 5
    },
    {
      "code": "EnchantTimeOverride",
      "comment": "EnchantTimeOverrideComment",
      "type": "float",
      "clientSide": false,
      "default": -1.0
    },
    {
      "code": "LatentEnchantResetDays",
      "comment": "LatentEnchantResetDaysComment",
      "type": "float",
      "clientSide": false,
      "default": 7.0
    },
    {
      "code": "MaxLatentEnchants",
      "comment": "MaxLatentEnchantsComment",
      "type": "integer",
      "clientSide": false,
      "default": 3
    },
    {
      "code": "MaxDamageEnchants",
      "comment": "MaxDamageEnchantsComment",
      "type": "integer",
      "clientSide": false,
      "default": 3
    },
    {
      "code": "Debug",
      "comment": "DebugComment",
      "type": "bool",
      "clientSide": true,
      "default": false
    }
  ]
}