{
	"editor": {
		"allAngles": true,
		"entityTextureMode": false
	},
	"textureWidth": 16,
	"textureHeight": 16,
	"textureSizes": {
	},
	"textures": {
		"stinkhorn": "mycodiversity:block/plant/mushroom/stinkhorn/stinkhorn"
	},
	"elements": [
		{
			"name": "origin",
			"from": [ 8.0, 0.0, 7.0 ],
			"to": [ 8.0, 0.0, 7.0 ],
			"rotationOrigin": [ 8.0, 0.0, 7.0 ],
			"faces": {
				"north": { "texture": "#stinkhorn", "uv": [ 0.0, 0.0, 0.5, 0.5 ] },
				"east": { "texture": "#stinkhorn", "uv": [ 0.0, 0.0, 0.5, 0.5 ] },
				"south": { "texture": "#stinkhorn", "uv": [ 0.0, 0.0, 0.5, 0.5 ] },
				"west": { "texture": "#stinkhorn", "uv": [ 0.0, 0.0, 0.5, 0.5 ] },
				"up": { "texture": "#stinkhorn", "uv": [ 0.0, 0.0, 0.5, 0.5 ] },
				"down": { "texture": "#stinkhorn", "uv": [ 0.0, 0.0, 0.5, 0.5 ] }
			},
			"children": [
				{
					"name": "Cube6",
					"from": [ -2.0, -0.5, -2.0 ],
					"to": [ -0.2, 1.0, -0.2 ],
					"rotationOrigin": [ -2.0, -0.5, -2.0 ],
					"rotationX": 11.0,
					"rotationY": -152.0,
					"faces": {
						"north": { "texture": "#stinkhorn", "uv": [ 11.0, 14.0, 12.5, 15.5 ] },
						"east": { "texture": "#stinkhorn", "uv": [ 12.5, 14.0, 14.0, 15.5 ] },
						"south": { "texture": "#stinkhorn", "uv": [ 9.5, 14.0, 11.0, 15.5 ] },
						"west": { "texture": "#stinkhorn", "uv": [ 13.5, 14.0, 15.0, 15.5 ] },
						"up": { "texture": "#stinkhorn", "uv": [ 11.5, 14.5, 13.0, 16.0 ] },
						"down": { "texture": "#stinkhorn", "uv": [ 10.5, 14.0, 12.0, 15.5 ] }
					},
					"children": [
						{
							"name": "Cube2",
							"from": [ 0.2, 1.5, 0.2 ],
							"to": [ 1.6, 3.5, 1.6 ],
							"rotationOrigin": [ 0.2, 1.5, 0.0 ],
							"rotationX": 14.0,
							"faces": {
								"north": { "texture": "#stinkhorn", "uv": [ 8.5, 9.0, 9.5, 11.0 ] },
								"east": { "texture": "#stinkhorn", "uv": [ 10.5, 9.0, 11.5, 11.0 ] },
								"south": { "texture": "#stinkhorn", "uv": [ 13.0, 9.5, 14.0, 11.5 ] },
								"west": { "texture": "#stinkhorn", "uv": [ 13.0, 9.5, 14.0, 11.5 ] },
								"up": { "texture": "#stinkhorn", "uv": [ 11.5, 10.0, 12.5, 11.0 ] },
								"down": { "texture": "#stinkhorn", "uv": [ 11.0, 9.5, 12.0, 10.5 ] }
							},
							"children": [
								{
									"name": "Cube3",
									"from": [ 0.05, 2.0, 0.05 ],
									"to": [ 1.35, 3.5, 1.35 ],
									"rotationOrigin": [ 0.1, 2.0, 0.1 ],
									"rotationX": 8.0,
									"faces": {
										"north": { "texture": "#stinkhorn", "uv": [ 10.0, 8.5, 11.0, 10.0 ] },
										"east": { "texture": "#stinkhorn", "uv": [ 11.0, 8.5, 12.0, 10.0 ] },
										"south": { "texture": "#stinkhorn", "uv": [ 11.5, 8.5, 12.5, 10.0 ] },
										"west": { "texture": "#stinkhorn", "uv": [ 11.5, 9.5, 12.5, 11.0 ] },
										"up": { "texture": "#stinkhorn", "uv": [ 12.0, 10.5, 13.0, 11.5 ] },
										"down": { "texture": "#stinkhorn", "uv": [ 11.5, 11.0, 12.5, 12.0 ] }
									},
									"children": [
										{
											"name": "Cube4",
											"from": [ -0.2, 1.4, -0.2 ],
											"to": [ 1.5, 2.7, 1.5 ],
											"rotationOrigin": [ -0.2, 1.4, -0.2 ],
											"faces": {
												"north": { "texture": "#stinkhorn", "uv": [ 2.5, 5.5, 4.0, 6.5 ] },
												"east": { "texture": "#stinkhorn", "uv": [ 3.5, 5.0, 5.0, 6.0 ] },
												"south": { "texture": "#stinkhorn", "uv": [ 3.0, 4.5, 4.5, 5.5 ] },
												"west": { "texture": "#stinkhorn", "uv": [ 1.0, 4.5, 2.5, 5.5 ] },
												"up": { "texture": "#stinkhorn", "uv": [ 3.5, 3.5, 5.0, 5.0 ] },
												"down": { "texture": "#stinkhorn", "uv": [ 3.5, 6.5, 5.0, 8.0 ] }
											},
											"children": [
												{
													"name": "Cube5",
													"from": [ 0.15, 1.3, 0.15 ],
													"to": [ 1.55, 1.8, 1.55 ],
													"rotationOrigin": [ 0.1, 1.3, 0.2 ],
													"faces": {
														"north": { "texture": "#stinkhorn", "uv": [ 1.5, 7.0, 2.5, 7.5 ] },
														"east": { "texture": "#stinkhorn", "uv": [ 5.0, 6.5, 6.0, 7.0 ] },
														"south": { "texture": "#stinkhorn", "uv": [ 1.5, 5.5, 2.5, 6.0 ] },
														"west": { "texture": "#stinkhorn", "uv": [ 4.0, 4.5, 5.0, 5.0 ] },
														"up": { "texture": "#stinkhorn", "uv": [ 3.0, 4.0, 4.0, 5.0 ] },
														"down": { "texture": "#stinkhorn", "uv": [ 5.0, 3.5, 6.0, 4.5 ] }
													},
													"children": [
														{
															"name": "Cube7",
															"from": [ 0.2, 0.5, 0.2 ],
															"to": [ 1.2, 1.0, 1.2 ],
															"rotationOrigin": [ 0.15, 0.5, 0.25 ],
															"faces": {
																"north": { "texture": "#stinkhorn", "uv": [ 1.0, 2.0, 2.0, 2.5 ] },
																"east": { "texture": "#stinkhorn", "uv": [ 3.5, 3.0, 4.5, 3.5 ] },
																"south": { "texture": "#stinkhorn", "uv": [ 4.5, 3.0, 5.5, 3.5 ] },
																"west": { "texture": "#stinkhorn", "uv": [ 3.0, 1.0, 4.0, 1.5 ] },
																"up": { "texture": "#stinkhorn", "uv": [ 4.0, 3.0, 5.0, 4.0 ] },
																"down": { "texture": "#stinkhorn", "uv": [ 3.0, 4.5, 4.0, 5.5 ] }
															}
														}
													]
												}
											]
										}
									]
								}
							]
						}
					]
				},
				{
					"name": "Cube20",
					"from": [ -4.0, -0.7, 3.0 ],
					"to": [ -2.2, 0.8, 4.8 ],
					"rotationOrigin": [ -4.0, -0.7, 3.0 ],
					"rotationX": -11.0,
					"faces": {
						"north": { "texture": "#stinkhorn", "uv": [ 12.0, 12.0, 13.5, 13.5 ] },
						"east": { "texture": "#stinkhorn", "uv": [ 11.0, 12.0, 12.5, 13.5 ] },
						"south": { "texture": "#stinkhorn", "uv": [ 8.5, 11.5, 10.0, 13.0 ] },
						"west": { "texture": "#stinkhorn", "uv": [ 13.5, 11.5, 15.0, 13.0 ] },
						"up": { "texture": "#stinkhorn", "uv": [ 10.5, 11.5, 12.0, 13.0 ] },
						"down": { "texture": "#stinkhorn", "uv": [ 12.5, 11.5, 14.0, 13.0 ] }
					},
					"children": [
						{
							"name": "Cube21",
							"from": [ 0.25, 1.5, 0.25 ],
							"to": [ 1.55, 2.0, 1.55 ],
							"rotationOrigin": [ 0.3, 1.5, 0.3 ],
							"faces": {
								"north": { "texture": "#stinkhorn", "uv": [ 9.0, 12.5, 10.0, 13.0 ] },
								"east": { "texture": "#stinkhorn", "uv": [ 13.5, 13.0, 14.5, 13.5 ] },
								"south": { "texture": "#stinkhorn", "uv": [ 9.0, 11.5, 10.0, 12.0 ] },
								"west": { "texture": "#stinkhorn", "uv": [ 13.0, 11.0, 14.0, 11.5 ] },
								"up": { "texture": "#stinkhorn", "uv": [ 11.5, 13.0, 12.5, 14.0 ] },
								"down": { "texture": "#stinkhorn", "uv": [ 12.0, 11.5, 13.0, 12.5 ] }
							}
						}
					]
				},
				{
					"name": "Cube22",
					"from": [ 3.0, -0.5, -3.0 ],
					"to": [ 4.5, 0.5, -1.5 ],
					"rotationOrigin": [ 3.0, -0.5, -3.0 ],
					"rotationX": -8.0,
					"faces": {
						"north": { "texture": "#stinkhorn", "uv": [ 12.0, 12.5, 13.5, 13.5 ] },
						"east": { "texture": "#stinkhorn", "uv": [ 10.5, 12.5, 12.0, 13.5 ] },
						"south": { "texture": "#stinkhorn", "uv": [ 12.0, 12.5, 13.5, 13.5 ] },
						"west": { "texture": "#stinkhorn", "uv": [ 10.0, 12.0, 11.5, 13.0 ] },
						"up": { "texture": "#stinkhorn", "uv": [ 10.5, 12.0, 12.0, 13.5 ] },
						"down": { "texture": "#stinkhorn", "uv": [ 12.5, 11.0, 14.0, 12.5 ] }
					},
					"children": [
						{
							"name": "Cube23",
							"from": [ 0.25, 1.0, 0.25 ],
							"to": [ 1.25, 1.25, 1.25 ],
							"rotationOrigin": [ 0.3, 1.0, 0.5 ],
							"faces": {
								"north": { "texture": "#stinkhorn", "uv": [ 9.5, 14.0, 10.5, 14.5 ] },
								"east": { "texture": "#stinkhorn", "uv": [ 12.5, 14.0, 13.5, 14.5 ] },
								"south": { "texture": "#stinkhorn", "uv": [ 8.5, 14.0, 9.5, 14.5 ] },
								"west": { "texture": "#stinkhorn", "uv": [ 11.5, 14.0, 12.5, 14.5 ] },
								"up": { "texture": "#stinkhorn", "uv": [ 11.5, 14.5, 12.5, 15.5 ] },
								"down": { "texture": "#stinkhorn", "uv": [ 10.5, 14.0, 11.5, 15.0 ] }
							}
						}
					]
				},
				{
					"name": "Cube24",
					"from": [ 1.0, 0.0, 5.0 ],
					"to": [ 1.8, 0.8, 5.8 ],
					"rotationOrigin": [ 2.0, 0.0, 5.0 ],
					"rotationY": -66.0,
					"faces": {
						"north": { "texture": "#stinkhorn", "uv": [ 12.0, 12.5, 12.5, 13.0 ] },
						"east": { "texture": "#stinkhorn", "uv": [ 10.5, 12.5, 11.0, 13.0 ] },
						"south": { "texture": "#stinkhorn", "uv": [ 12.0, 12.5, 12.5, 13.0 ] },
						"west": { "texture": "#stinkhorn", "uv": [ 10.0, 12.0, 10.5, 12.5 ] },
						"up": { "texture": "#stinkhorn", "uv": [ 10.5, 12.0, 11.0, 12.5 ] },
						"down": { "texture": "#stinkhorn", "uv": [ 12.5, 11.0, 13.0, 11.5 ] }
					}
				},
				{
					"name": "Cube25",
					"from": [ 3.0, -0.4, -2.0 ],
					"to": [ 4.8, 1.1, -0.2 ],
					"rotationOrigin": [ 3.0, -0.4, -2.0 ],
					"rotationY": -47.0,
					"faces": {
						"north": { "texture": "#stinkhorn", "uv": [ 9.0, 14.0, 10.5, 15.5 ] },
						"east": { "texture": "#stinkhorn", "uv": [ 12.5, 14.0, 14.0, 15.5 ] },
						"south": { "texture": "#stinkhorn", "uv": [ 10.0, 14.0, 11.5, 15.5 ] },
						"west": { "texture": "#stinkhorn", "uv": [ 9.5, 14.0, 11.0, 15.5 ] },
						"up": { "texture": "#stinkhorn", "uv": [ 13.0, 14.5, 14.5, 16.0 ] },
						"down": { "texture": "#stinkhorn", "uv": [ 10.5, 14.0, 12.0, 15.5 ] }
					},
					"children": [
						{
							"name": "Cube26",
							"from": [ 0.3, 1.5, 0.3 ],
							"to": [ 1.5, 2.5, 1.5 ],
							"rotationOrigin": [ 0.3, 1.5, 0.1 ],
							"rotationX": 8.0,
							"faces": {
								"north": { "texture": "#stinkhorn", "uv": [ 8.5, 9.0, 9.5, 10.0 ] },
								"east": { "texture": "#stinkhorn", "uv": [ 10.5, 9.0, 11.5, 10.0 ] },
								"south": { "texture": "#stinkhorn", "uv": [ 13.0, 9.5, 14.0, 10.5 ] },
								"west": { "texture": "#stinkhorn", "uv": [ 13.0, 9.5, 14.0, 10.5 ] },
								"up": { "texture": "#stinkhorn", "uv": [ 11.5, 10.0, 12.5, 11.0 ] },
								"down": { "texture": "#stinkhorn", "uv": [ 11.0, 9.5, 12.0, 10.5 ] }
							},
							"children": [
								{
									"name": "Cube27",
									"from": [ 0.05, 1.0, 0.05 ],
									"to": [ 1.15, 2.0, 1.15 ],
									"rotationOrigin": [ 0.1, 1.0, 0.1 ],
									"rotationX": 6.0,
									"faces": {
										"north": { "texture": "#stinkhorn", "uv": [ 10.0, 8.5, 11.0, 9.5 ] },
										"east": { "texture": "#stinkhorn", "uv": [ 11.0, 8.5, 12.0, 9.5 ] },
										"south": { "texture": "#stinkhorn", "uv": [ 11.5, 8.5, 12.5, 9.5 ] },
										"west": { "texture": "#stinkhorn", "uv": [ 11.5, 9.5, 12.5, 10.5 ] },
										"up": { "texture": "#stinkhorn", "uv": [ 12.0, 10.5, 13.0, 11.5 ] },
										"down": { "texture": "#stinkhorn", "uv": [ 11.5, 11.0, 12.5, 12.0 ] }
									},
									"children": [
										{
											"name": "Cube28",
											"from": [ -0.2, 0.9, -0.2 ],
											"to": [ 1.3, 2.0, 1.3 ],
											"rotationOrigin": [ -0.2, 0.9, -0.2 ],
											"faces": {
												"north": { "texture": "#stinkhorn", "uv": [ 2.5, 12.0, 4.0, 13.0 ] },
												"east": { "texture": "#stinkhorn", "uv": [ 3.5, 10.5, 5.0, 11.5 ] },
												"south": { "texture": "#stinkhorn", "uv": [ 2.5, 12.5, 4.0, 13.5 ] },
												"west": { "texture": "#stinkhorn", "uv": [ 1.5, 10.5, 3.0, 11.5 ] },
												"up": { "texture": "#stinkhorn", "uv": [ 3.0, 10.5, 4.5, 12.0 ] },
												"down": { "texture": "#stinkhorn", "uv": [ 3.5, 10.5, 5.0, 12.0 ] }
											},
											"children": [
												{
													"name": "Cube29",
													"from": [ 0.15, 1.1, 0.15 ],
													"to": [ 1.35, 1.4, 1.35 ],
													"rotationOrigin": [ 0.1, 1.1, 0.2 ],
													"faces": {
														"north": { "texture": "#stinkhorn", "uv": [ 2.0, 11.5, 3.0, 12.0 ] },
														"east": { "texture": "#stinkhorn", "uv": [ 5.0, 10.5, 6.0, 11.0 ] },
														"south": { "texture": "#stinkhorn", "uv": [ 3.0, 14.5, 4.0, 15.0 ] },
														"west": { "texture": "#stinkhorn", "uv": [ 2.5, 10.0, 3.5, 10.5 ] },
														"up": { "texture": "#stinkhorn", "uv": [ 3.5, 10.5, 4.5, 11.5 ] },
														"down": { "texture": "#stinkhorn", "uv": [ 4.0, 8.0, 5.0, 9.0 ] }
													},
													"children": [
														{
															"name": "Cube30",
															"from": [ 0.2, 0.3, 0.2 ],
															"to": [ 1.0, 0.6, 1.0 ],
															"rotationOrigin": [ 0.15, 0.3, 0.25 ],
															"faces": {
																"north": { "texture": "#stinkhorn", "uv": [ 4.5, 9.0, 5.0, 9.5 ] },
																"east": { "texture": "#stinkhorn", "uv": [ 3.5, 11.0, 4.0, 11.5 ] },
																"south": { "texture": "#stinkhorn", "uv": [ 3.5, 10.5, 4.0, 11.0 ] },
																"west": { "texture": "#stinkhorn", "uv": [ 4.5, 8.5, 5.0, 9.0 ] },
																"up": { "texture": "#stinkhorn", "uv": [ 1.5, 9.0, 2.0, 9.5 ] },
																"down": { "texture": "#stinkhorn", "uv": [ 4.0, 10.5, 4.5, 11.0 ] }
															}
														}
													]
												}
											]
										}
									]
								}
							]
						}
					]
				},
				{
					"name": "Cube31",
					"from": [ -1.0, -0.3, 0.0 ],
					"to": [ 0.8, 1.2, 1.8 ],
					"rotationOrigin": [ -1.0, -0.3, 0.0 ],
					"rotationX": 8.0,
					"rotationY": -42.0,
					"faces": {
						"north": { "texture": "#stinkhorn", "uv": [ 11.0, 14.0, 12.5, 15.5 ] },
						"east": { "texture": "#stinkhorn", "uv": [ 12.5, 14.0, 14.0, 15.5 ] },
						"south": { "texture": "#stinkhorn", "uv": [ 10.0, 14.0, 11.5, 15.5 ] },
						"west": { "texture": "#stinkhorn", "uv": [ 13.0, 14.0, 14.5, 15.5 ] },
						"up": { "texture": "#stinkhorn", "uv": [ 11.5, 14.5, 13.0, 16.0 ] },
						"down": { "texture": "#stinkhorn", "uv": [ 10.5, 14.0, 12.0, 15.5 ] }
					},
					"children": [
						{
							"name": "Cube32",
							"from": [ 0.3, 0.8, 0.3 ],
							"to": [ 1.5, 1.2, 1.5 ],
							"rotationOrigin": [ 0.3, 0.8, 0.1 ],
							"faces": {
								"north": { "texture": "#stinkhorn", "uv": [ 8.5, 9.0, 9.5, 9.5 ] },
								"east": { "texture": "#stinkhorn", "uv": [ 10.5, 9.0, 11.5, 9.5 ] },
								"south": { "texture": "#stinkhorn", "uv": [ 13.0, 9.5, 14.0, 10.0 ] },
								"west": { "texture": "#stinkhorn", "uv": [ 13.0, 9.5, 14.0, 10.0 ] },
								"up": { "texture": "#stinkhorn", "uv": [ 11.5, 10.0, 12.5, 11.0 ] },
								"down": { "texture": "#stinkhorn", "uv": [ 11.0, 9.5, 12.0, 10.5 ] }
							},
							"children": [
								{
									"name": "Cube33",
									"from": [ 0.05, 0.4, 0.05 ],
									"to": [ 1.15, 1.4, 1.15 ],
									"rotationOrigin": [ 0.1, 0.4, 0.1 ],
									"faces": {
										"north": { "texture": "#stinkhorn", "uv": [ 10.0, 8.5, 11.0, 9.5 ] },
										"east": { "texture": "#stinkhorn", "uv": [ 11.0, 8.5, 12.0, 9.5 ] },
										"south": { "texture": "#stinkhorn", "uv": [ 11.5, 8.5, 12.5, 9.5 ] },
										"west": { "texture": "#stinkhorn", "uv": [ 11.5, 9.5, 12.5, 10.5 ] },
										"up": { "texture": "#stinkhorn", "uv": [ 12.0, 10.5, 13.0, 11.5 ] },
										"down": { "texture": "#stinkhorn", "uv": [ 11.5, 11.0, 12.5, 12.0 ] }
									},
									"children": [
										{
											"name": "Cube34",
											"from": [ -0.2, 0.9, -0.2 ],
											"to": [ 1.3, 1.9, 1.3 ],
											"rotationOrigin": [ -0.2, 0.9, -0.2 ],
											"faces": {
												"north": { "texture": "#stinkhorn", "uv": [ 2.5, 12.0, 4.0, 13.0 ] },
												"east": { "texture": "#stinkhorn", "uv": [ 3.5, 10.5, 5.0, 11.5 ] },
												"south": { "texture": "#stinkhorn", "uv": [ 2.5, 12.5, 4.0, 13.5 ] },
												"west": { "texture": "#stinkhorn", "uv": [ 1.5, 10.5, 3.0, 11.5 ] },
												"up": { "texture": "#stinkhorn", "uv": [ 3.0, 10.5, 4.5, 12.0 ] },
												"down": { "texture": "#stinkhorn", "uv": [ 3.5, 10.5, 5.0, 12.0 ] }
											},
											"children": [
												{
													"name": "Cube35",
													"from": [ 0.15, 1.0, 0.15 ],
													"to": [ 1.35, 1.3, 1.35 ],
													"rotationOrigin": [ 0.1, 1.0, 0.2 ],
													"faces": {
														"north": { "texture": "#stinkhorn", "uv": [ 2.0, 11.5, 3.0, 12.0 ] },
														"east": { "texture": "#stinkhorn", "uv": [ 5.0, 10.5, 6.0, 11.0 ] },
														"south": { "texture": "#stinkhorn", "uv": [ 3.0, 14.5, 4.0, 15.0 ] },
														"west": { "texture": "#stinkhorn", "uv": [ 2.5, 10.0, 3.5, 10.5 ] },
														"up": { "texture": "#stinkhorn", "uv": [ 3.5, 10.5, 4.5, 11.5 ] },
														"down": { "texture": "#stinkhorn", "uv": [ 4.0, 8.0, 5.0, 9.0 ] }
													},
													"children": [
														{
															"name": "Cube36",
															"from": [ 0.2, 0.3, 0.2 ],
															"to": [ 1.0, 0.6, 1.0 ],
															"rotationOrigin": [ 0.15, 0.3, 0.25 ],
															"faces": {
																"north": { "texture": "#stinkhorn", "uv": [ 4.5, 9.0, 5.0, 9.5 ] },
																"east": { "texture": "#stinkhorn", "uv": [ 3.5, 11.0, 4.0, 11.5 ] },
																"south": { "texture": "#stinkhorn", "uv": [ 3.5, 10.5, 4.0, 11.0 ] },
																"west": { "texture": "#stinkhorn", "uv": [ 4.5, 8.5, 5.0, 9.0 ] },
																"up": { "texture": "#stinkhorn", "uv": [ 1.5, 9.0, 2.0, 9.5 ] },
																"down": { "texture": "#stinkhorn", "uv": [ 4.0, 10.5, 4.5, 11.0 ] }
															}
														}
													]
												}
											]
										}
									]
								}
							]
						}
					]
				}
			]
		}
	]}