{
    "firearms-blunderbuss-flintlock-prime-temp": {
        "Hold": false,
        "PlayerKeyFrames": [
            {
                "EasingTime": 300,
                "EasingFunction": "Linear",
                "DetachedAnchor": false,
                "SwitchArms": false,
                "PitchFollow": false,
                "PitchDontFollow": false,
                "FOVMultiplier": 1,
                "BobbingAmplitude": 1,
                "Elements": {
                    "ItemAnchor": [ 2.5, 2.1, 0.9, 39, 16, 111 ],
                    "LowerArmR": [ 0, 0, 0, 0, 0, -85 ],
                    "UpperArmR": [ 0, -0.2, 0, 0, 36, -39 ],
                    "ItemAnchorL": [ 5.6, 1.7, -0.5, -6, 3, 109 ],
                    "LowerArmL": [ 0, 0, 0, 0, 0, -55 ],
                    "UpperArmL": [ 0, 0, 0, 0, 0, -53 ]
                }
            },
            {
                "EasingTime": 500,
                "EasingFunction": "Linear",
                "DetachedAnchor": false,
                "SwitchArms": true,
                "PitchFollow": false,
                "PitchDontFollow": false,
                "FOVMultiplier": 1,
                "BobbingAmplitude": 1,
                "Elements": { 
                    "ItemAnchor": [ 2.5, 2.1, 0.9, 39, 16, 111 ],
                    "ItemAnchorL": [ 5.6, 1.7, -0.5, -6, 3, 109 ],
                    "LowerArmL": [ 0, 0, 0, 0, 0, -55 ],
                    "UpperArmL": [ 0, 0, 0, 0, 0, -53 ]
                }
            },
            {
                "EasingTime": 800,
                "EasingFunction": "Linear",
                "DetachedAnchor": false,
                "SwitchArms": true,
                "PitchFollow": false,
                "PitchDontFollow": false,
                "FOVMultiplier": 1,
                "BobbingAmplitude": 1,
                "Elements": {
                    "ItemAnchor": [ 2.5, 2.1, 0.9, 39, 16, 111 ],
                    "ItemAnchorL": [ 5.6, 1.7, -0.5, -6, 3, 109 ],
                    "LowerArmL": [ 0, 0, 0, 0, 0, -55 ],
                    "UpperArmL": [ 0, 0, 0, 0, 0, -53 ]
                }
            },
            {
                "EasingTime": 1000,
                "EasingFunction": "Linear",
                "DetachedAnchor": false,
                "SwitchArms": true,
                "PitchFollow": false,
                "PitchDontFollow": false,
                "FOVMultiplier": 1,
                "BobbingAmplitude": 1,
                "Elements": {
                    "ItemAnchor": [ 2.5, 2.1, 0.9, 39, 16, 111 ],
                    "ItemAnchorL": [ 5.6, 1.7, -0.5, -6, 3, 109 ],
                    "LowerArmL": [ 0, 0, 0, 0, 0, -55 ],
                    "UpperArmL": [ 0, 0, 0, 0, 0, -53 ]
                }
            },
            {
                "EasingTime": 1300,
                "EasingFunction": "Linear",
                "DetachedAnchor": false,
                "SwitchArms": true,
                "PitchFollow": false,
                "PitchDontFollow": false,
                "FOVMultiplier": 1,
                "BobbingAmplitude": 1,
                "Elements": {
                    "ItemAnchor": [ 2.5, 2.1, 0.9, 39, 16, 111 ],
                    "ItemAnchorL": [ 5.6, 1.7, -0.5, -6, 3, 109 ],
                    "LowerArmL": [ 0, 0, 0, 0, 0, -55 ],
                    "UpperArmL": [ 0, 0, 0, 0, 0, -53 ]
                }
            },
            {
                "EasingTime": 1234,
                "EasingFunction": "Linear",
                "DetachedAnchor": false,
                "SwitchArms": true,
                "PitchFollow": false,
                "PitchDontFollow": false,
                "FOVMultiplier": 1,
                "BobbingAmplitude": 1,
                "Elements": {
                    "ItemAnchor": [ 2.5, 2.1, 0.9, 39, 16, 111 ],
                    "ItemAnchorL": [ 5.6, 1.7, -0.5, -6, 3, 109 ],
                    "LowerArmL": [ 0, 0, 0, 0, 0, -55 ],
                    "UpperArmL": [ 0, 0, 0, 0, 0, -53 ]
                }
            },
            {
                "EasingTime": 1225,
                "EasingFunction": "Linear",
                "DetachedAnchor": false,
                "SwitchArms": true,
                "PitchFollow": false,
                "PitchDontFollow": false,
                "FOVMultiplier": 1,
                "BobbingAmplitude": 1,
                "Elements": {
                    "ItemAnchor": [ 2.5, 2.1, 0.9, 39, 16, 111 ],
                    "ItemAnchorL": [ 5.6, 1.7, -0.5, -6, 3, 109 ],
                    "LowerArmL": [ 0, 0, 0, 0, 0, -55 ],
                    "UpperArmL": [ 0, 0, 0, 0, 0, -53 ]
                }
            },
            {
                "EasingTime": 1369,
                "EasingFunction": "Linear",
                "DetachedAnchor": false,
                "SwitchArms": true,
                "PitchFollow": false,
                "PitchDontFollow": false,
                "FOVMultiplier": 1,
                "BobbingAmplitude": 1,
                "Elements": {
                    "ItemAnchor": [ 2.5, 2.1, 0.9, 39, 16, 111 ],
                    "ItemAnchorL": [ 5.6, 1.7, -0.5, -6, 3, 109 ],
                    "LowerArmL": [ 0, 0, 0, 0, 0, -55 ],
                    "UpperArmL": [ 0, 0, 0, 0, 0, -53 ]
                }
            },
            {
                "EasingTime": 1514,
                "EasingFunction": "Linear",
                "DetachedAnchor": false,
                "SwitchArms": true,
                "PitchFollow": false,
                "PitchDontFollow": false,
                "FOVMultiplier": 1,
                "BobbingAmplitude": 1,
                "Elements": {
                    "ItemAnchor": [ 2.5, 2.1, 0.9, 39, 16, 111 ],
                    "ItemAnchorL": [ 5.6, 1.7, -0.5, -6, 3, 109 ],
                    "LowerArmL": [ 0, 0, 0, 0, 0, -55 ],
                    "UpperArmL": [ 0, 0, 0, 0, 0, -53 ]
                }
            },
            {
                "EasingTime": 1804,
                "EasingFunction": "Linear",
                "DetachedAnchor": false,
                "SwitchArms": true,
                "PitchFollow": false,
                "PitchDontFollow": false,
                "FOVMultiplier": 1,
                "BobbingAmplitude": 1,
                "Elements": {
                    "ItemAnchor": [ 2.5, 2.1, 0.9, 39, 16, 111 ],
                    "ItemAnchorL": [ 5.6, 1.7, -0.5, -6, 3, 109 ],
                    "LowerArmL": [ 0, 0, 0, 0, 0, -55 ],
                    "UpperArmL": [ 0, 0, 0, 0, 0, -53 ]
                }
            },
            {
                "EasingTime": 2949,
                "EasingFunction": "Linear",
                "DetachedAnchor": false,
                "SwitchArms": true,
                "PitchFollow": false,
                "PitchDontFollow": false,
                "FOVMultiplier": 1,
                "BobbingAmplitude": 1,
                "Elements": {
                    "ItemAnchor": [ 2.5, 2.1, 0.9, 39, 16, 111 ],
                    "ItemAnchorL": [ 5.6, 1.7, -0.5, -6, 3, 109 ],
                    "LowerArmL": [ 0, 0, 0, 0, 0, -55 ],
                    "UpperArmL": [ 0, 0, 0, 0, 0, -53 ]
                }
            },
            {
                "EasingTime": 3239,
                "EasingFunction": "Linear",
                "DetachedAnchor": false,
                "SwitchArms": true,
                "PitchFollow": false,
                "PitchDontFollow": false,
                "FOVMultiplier": 1,
                "BobbingAmplitude": 1,
                "Elements": {
                    "ItemAnchor": [ 2.5, 2.1, 0.9, 39, 16, 111 ],
                    "ItemAnchorL": [ 5.6, 1.7, -0.5, -6, 3, 109 ],
                    "LowerArmL": [ 0, 0, 0, 0, 0, -55 ],
                    "UpperArmL": [ 0, 0, 0, 0, 0, -53 ]
                }
            },
            {
                "EasingTime": 3500,
                "EasingFunction": "Linear",
                "DetachedAnchor": false,
                "SwitchArms": true,
                "PitchFollow": false,
                "PitchDontFollow": false,
                "FOVMultiplier": 1,
                "BobbingAmplitude": 1,
                "Elements": {
                    "ItemAnchor": [ 2.5, 2.1, 0.9, 39, 16, 111 ],
                    "ItemAnchorL": [ 5.6, 1.7, -0.5, -6, 3, 109 ],
                    "LowerArmL": [ 0, 0, 0, 0, 0, -55 ],
                    "UpperArmL": [ 0, 0, 0, 0, 0, -53 ]
                }
            },
            {
                "EasingTime": 4000,
                "EasingFunction": "Linear",
                "DetachedAnchor": false,
                "SwitchArms": true,
                "PitchFollow": false,
                "PitchDontFollow": false,
                "FOVMultiplier": 1,
                "BobbingAmplitude": 1,
                "Elements": {
                    "ItemAnchor": [ 2.5, 2.1, 0.9, 39, 16, 111 ],
                    "LowerArmR": [ 0, 0, 0, 0, 0, -85 ],
                    "UpperArmR": [ 0, -0.2, 0, 0, 36, -39 ],
                    "ItemAnchorL": [ 5.6, 1.7, -0.5, -6, 3, 109 ],
                    "LowerArmL": [ 0, 0, 0, 0, 0, -55 ],
                    "UpperArmL": [ 0, 0, 0, 0, 0, -53 ]
                }
            }
        ],
        "ItemKeyFrames": [
            {
                "DurationFraction": 0.0990991,
                "EasingFunction": "Linear",
                "Elements": {
                    "Flask_origin": [ -50, -79.7, -48.3, 0, 0, 0 ],
                    "Flask_origin_inner": [ 0, 0, 0, 0, 0, 0 ],
                    "Hammer": [ 0, 0, 0, 0, 0, 0 ],
                    "Frizzen": [ 0, 0, 0, 0, 0, 0 ],
                    "Hammer2": [ 0, 0, 0, 0, 0, 0 ],
                    "Frizzen2": [ 0, 0, 0, 0, 0, 0 ]
                }
            },
            {
                "DurationFraction": 0.1658325,
                "EasingFunction": "Linear",
                "Elements": {
                    "Flask_origin": [ -50, -79.7, -48.3, 0, 0, 0 ],
                    "Flask_origin_inner": [ 0, 0, 0, 0, 0, 0 ],
                    "Hammer": [ 0, 0, 0, 25, 0, 0 ],
                    "Frizzen": [ 0, 0, 0, 0, 0, 0 ],
                    "Hammer2": [ 0, 0, 0, 0, 0, 0 ],
                    "Frizzen2": [ 0, 0, 0, 0, 0, 0 ]
                }
            },
            {
                "DurationFraction": 0.2325659,
                "EasingFunction": "Linear",
                "Elements": {
                    "Flask_origin": [ -50, -79.7, -48.3, 0, 0, 0 ],
                    "Flask_origin_inner": [ 0, 0, 0, 0, 0, 0 ],
                    "Hammer": [ 0, 0, 0, 25, 0, 0 ],
                    "Frizzen": [ 0, 0, 0, 0, 0, 0 ],
                    "Hammer2": [ 0, 0, 0, 0, 0, 0 ],
                    "Frizzen2": [ 0, 0, 0, 0, 0, 0 ]
                }
            },
            {
                "DurationFraction": 0.2992993,
                "EasingFunction": "Linear",
                "Elements": {
                    "Flask_origin": [ -50, -79.7, -48.3, 0, 0, 0 ],
                    "Flask_origin_inner": [ 0, 0, 0, 0, 0, 0 ],
                    "Hammer": [ 0, 0, 0, 25, 0, 0 ],
                    "Frizzen": [ 0, 0, 0, 0, 0, 0 ],
                    "Hammer2": [ 0, 0, 0, 25, 0, 0 ],
                    "Frizzen2": [ 0, 0, 0, 0, 0, 0 ]
                }
            },
            {
                "DurationFraction": 0.3660327,
                "EasingFunction": "Linear",
                "Elements": {
                    "Flask_origin": [ -55, -57.7, -61.8, 0, 0, 0 ],
                    "Flask_origin_inner": [ 0, 0, 0, 0, 0, 0 ],
                    "Hammer": [ 0, 0, 0, 25, 0, 0 ],
                    "Frizzen": [ 0, 0, 0, 0, 0, 0 ],
                    "Hammer2": [ 0, 0, 0, 25, 0, 0 ],
                    "Frizzen2": [ 0, 0, 0, 0, 0, 0 ]
                }
            },
            {
                "DurationFraction": 0.4327661,
                "EasingFunction": "Linear",
                "Elements": {
                    "Flask_origin": [ -57, -56.4, -61.8, 0, 0, 0 ],
                    "Flask_origin_inner": [ 0, 0, 0, 0, 0, 90 ],
                    "Hammer": [ 0, 0, 0, 25, 0, 0 ],
                    "Frizzen": [ 0, 0, 0, 0, 0, 0 ],
                    "Hammer2": [ 0, 0, 0, 25, 0, 0 ],
                    "Frizzen2": [ 0, 0, 0, 0, 0, 0 ]
                }
            },
            {
                "DurationFraction": 0.4994995,
                "EasingFunction": "Linear",
                "Elements": {
                    "Flask_origin": [ -50, -79.7, -48.3, 0, 0, 0 ],
                    "Flask_origin_inner": [ 0, 0, 0, 0, 0, 0 ],
                    "Hammer": [ 0, 0, 0, 25, 0, 0 ],
                    "Frizzen": [ 0, 0, 0, 0, 0, 0 ],
                    "Hammer2": [ 0, 0, 0, 25, 0, 0 ],
                    "Frizzen2": [ 0, 0, 0, 0, 0, 0 ]
                }
            },
            {
                "DurationFraction": 0.6996997,
                "EasingFunction": "Linear",
                "Elements": {
                    "Flask_origin": [ -50, -79.7, -48.3, 0, 0, 0 ],
                    "Flask_origin_inner": [ 0, 0, 0, 0, 0, 0 ],
                    "Hammer": [ 0, 0, 0, 25, 0, 0 ],
                    "Frizzen": [ 0, 0, 0, 0, 0, 0 ],
                    "Hammer2": [ 0, 0, 0, 25, 0, 0 ],
                    "Frizzen2": [ 0, 0, 0, 0, 0, 0 ]
                }
            },
            {
                "DurationFraction": 0.7664331,
                "EasingFunction": "Linear",
                "Elements": {
                    "Flask_origin": [ -50, -79.7, -48.3, 0, 0, 0 ],
                    "Flask_origin_inner": [ 0, 0, 0, 0, 0, 0 ],
                    "Hammer": [ 0, 0, 0, 25, 0, 0 ],
                    "Frizzen": [ 0, 0, 0, 0, 0, 0 ],
                    "Hammer2": [ 0, 0, 0, 25, 0, 0 ],
                    "Frizzen2": [ 0, 0, 0, 0, 0, 0 ]
                }
            },
            {
                "DurationFraction": 0.8214286,
                "EasingFunction": "Linear",
                "Elements": {
                    "Flask_origin": [ -50, -79.7, -48.3, 0, 0, 0 ],
                    "Flask_origin_inner": [ 0, 0, 0, 0, 0, 0 ],
                    "Hammer": [ 0, 0, 0, 25, 0, 0 ],
                    "Frizzen": [ 0, 0, 0, 90, 0, 0 ],
                    "Hammer2": [ 0, 0, 0, 25, 0, 0 ],
                    "Frizzen2": [ 0, 0, 0, 0, 0, 0 ]
                }
            },
            {
                "DurationFraction": 0.89285713,
                "EasingFunction": "Linear",
                "Elements": {
                    "Flask_origin": [ -50, -79.7, -48.3, 0, 0, 0 ],
                    "Flask_origin_inner": [ 0, 0, 0, 0, 0, 0 ],
                    "Hammer": [ 0, 0, 0, 70, 0, 0 ],
                    "Frizzen": [ 0, 0, 0, 90, 0, 0 ],
                    "Hammer2": [ 0, 0, 0, 25, 0, 0 ],
                    "Frizzen2": [ 0, 0, 0, 0, 0, 0 ]
                }
            },
            {
                "DurationFraction": 0.9464286,
                "EasingFunction": "Linear",
                "Elements": {
                    "Flask_origin": [ -50, -79.7, -48.3, 0, 0, 0 ],
                    "Flask_origin_inner": [ 0, 0, 0, 0, 0, 0 ],
                    "Hammer": [ 0, 0, 0, 70, 0, 0 ],
                    "Frizzen": [ 0, 0, 0, 90, 0, 0 ],
                    "Hammer2": [ 0, 0, 0, 25, 0, 0 ],
                    "Frizzen2": [ 0, 0, 0, 90, 0, 0 ]
                }
            },
            {
                "DurationFraction": 1,
                "EasingFunction": "Linear",
                "Elements": {
                    "Flask_origin": [ -50, -79.7, -48.3, 0, 0, 0 ],
                    "Flask_origin_inner": [ 0, 0, 0, 0, 0, 0 ],
                    "Hammer": [ 0, 0, 0, 70, 0, 0 ],
                    "Frizzen": [ 0, 0, 0, 90, 0, 0 ],
                    "Hammer2": [ 0, 0, 0, 70, 0, 0 ],
                    "Frizzen2": [ 0, 0, 0, 90, 0, 0 ]
                }
            }
        ],
        "SoundFrames": [],
        "ParticlesFrames": [],
        "CallbackFrames": [
            {
                "Code": "attach",
                "DurationFraction": 0.16666667
            },
            {
                "Code": "detach",
                "DurationFraction": 0.8333333
            }
        ],
        "ItemAnimationStart": 500,
        "ItemAnimationEnd": 3300
    }
}