{
    "firearms-volleygun-load": {
        "Hold": false,
        "PlayerKeyFrames": [
            {
                "EasingTime": 300,
                "EasingFunction": "Linear",
                "DetachedAnchor": false,
                "SwitchArms": false,
                "PitchFollow": false,
                "PitchDontFollow": false,
                "FOVMultiplier": 1,
                "BobbingAmplitude": 1,
                "Elements": {
                    "ItemAnchor": [ 9.9, 0.8, 0.9, 113, -13, 11 ],
                    "LowerArmR": [ 0, 0, 0, 0, 0, -24 ],
                    "UpperArmR": [ 0, 0, 0, 0, 28, -57 ],
                    "ItemAnchorL": [ 10.8, -0.8, 0.5, 74, 0, -2 ],
                    "LowerArmL": [ 0, 0, 0, 0, 0, -48 ],
                    "UpperArmL": [ 0, 0, 0, 0, 0, -42 ]
                }
            },
            {
                "EasingTime": 500,
                "EasingFunction": "Linear",
                "DetachedAnchor": false,
                "SwitchArms": true,
                "PitchFollow": false,
                "PitchDontFollow": false,
                "FOVMultiplier": 1,
                "BobbingAmplitude": 1,
                "Elements": {
                    "ItemAnchor": [ 9.9, 0.8, 0.9, 113, -13, 11 ],
                    "LowerArmR": [ 0, 0, 0, 0, 0, 3 ],
                    "UpperArmR": [ 0, 0, 0, 0, 14, -10 ],
                    "ItemAnchorL": [ 10.8, -0.8, 0.5, 74, 0, -2 ],
                    "LowerArmL": [ 0, 0, 0, 0, 0, -48 ],
                    "UpperArmL": [ 0, 0, 0, 0, 0, -42 ]
                }
            },
            {
                "EasingTime": 924,
                "EasingFunction": "Linear",
                "DetachedAnchor": false,
                "SwitchArms": true,
                "PitchFollow": false,
                "PitchDontFollow": false,
                "FOVMultiplier": 1,
                "BobbingAmplitude": 1,
                "Elements": {
                    "ItemAnchor": [ 9.9, 0.8, 0.9, 113, -13, 11 ],
                    "LowerArmR": [ 0, 0, 0, 0, 0, -47 ],
                    "UpperArmR": [ 0, 0, 0, 13, 0, -74 ],
                    "ItemAnchorL": [ 10.8, -0.8, 0.5, 74, 0, -2 ],
                    "LowerArmL": [ 0, 0, 0, 0, 0, -48 ],
                    "UpperArmL": [ 0, 0, 0, 0, 0, -42 ]
                }
            },
            {
                "EasingTime": 1136,
                "EasingFunction": "Linear",
                "DetachedAnchor": false,
                "SwitchArms": true,
                "PitchFollow": false,
                "PitchDontFollow": false,
                "FOVMultiplier": 1,
                "BobbingAmplitude": 1,
                "Elements": {
                    "ItemAnchor": [ 9.9, 0.8, 0.9, 113, -13, 11 ],
                    "LowerArmR": [ 0, 0, 0, 0, 0, -46 ],
                    "UpperArmR": [ 0.5, 0, 0, 64, -4, -92 ],
                    "ItemAnchorL": [ 10.8, -0.8, 0.5, 74, 0, -2 ],
                    "LowerArmL": [ 0, 0, 0, 0, 0, -48 ],
                    "UpperArmL": [ 0, 0, 0, 0, 0, -42 ]
                }
            },
            {
                "EasingTime": 1348,
                "EasingFunction": "Linear",
                "DetachedAnchor": false,
                "SwitchArms": true,
                "PitchFollow": false,
                "PitchDontFollow": false,
                "FOVMultiplier": 1,
                "BobbingAmplitude": 1,
                "Elements": {
                    "ItemAnchor": [ 9.9, 0.8, 0.9, 113, -13, 11 ],
                    "LowerArmR": [ 0, 0, 0, 0, 0, -47 ],
                    "UpperArmR": [ 0, 0, 0, 13, 0, -74 ],
                    "ItemAnchorL": [ 10.8, -0.8, 0.5, 74, 0, -2 ],
                    "LowerArmL": [ 0, 0, 0, 0, 0, -48 ],
                    "UpperArmL": [ 0, 0, 0, 0, 0, -42 ]
                }
            },
            {
                "EasingTime": 1773,
                "EasingFunction": "Linear",
                "DetachedAnchor": false,
                "SwitchArms": true,
                "PitchFollow": false,
                "PitchDontFollow": false,
                "FOVMultiplier": 1,
                "BobbingAmplitude": 1,
                "Elements": {
                    "ItemAnchor": [ 9.9, 0.8, 0.9, 113, -13, 11 ],
                    "LowerArmR": [ 0, 0, 0, 0, 0, 3 ],
                    "UpperArmR": [ 0, 0, 0, 0, 14, -10 ],
                    "ItemAnchorL": [ 10.8, -0.8, 0.5, 74, 0, -2 ],
                    "LowerArmL": [ 0, 0, 0, 0, 0, -48 ],
                    "UpperArmL": [ 0, 0, 0, 0, 0, -42 ]
                }
            },
            {
                "EasingTime": 2197,
                "EasingFunction": "Linear",
                "DetachedAnchor": false,
                "SwitchArms": true,
                "PitchFollow": false,
                "PitchDontFollow": false,
                "FOVMultiplier": 1,
                "BobbingAmplitude": 1,
                "Elements": {
                    "ItemAnchor": [ 9.9, 0.8, 0.9, 113, -13, 11 ],
                    "LowerArmR": [ 0, 0, 0, 0, 0, -50 ],
                    "UpperArmR": [ 0, 0, 0, 4, 1, -67 ],
                    "ItemAnchorL": [ 10.8, -0.8, 0.5, 74, 0, -2 ],
                    "LowerArmL": [ 0, 0, 0, 0, 0, -48 ],
                    "UpperArmL": [ 0, 0, 0, 0, 0, -42 ]
                }
            },
            {
                "EasingTime": 2409,
                "EasingFunction": "Linear",
                "DetachedAnchor": false,
                "SwitchArms": true,
                "PitchFollow": false,
                "PitchDontFollow": false,
                "FOVMultiplier": 1,
                "BobbingAmplitude": 1,
                "Elements": {
                    "ItemAnchor": [ 9.9, 0.8, 0.9, 113, -13, 11 ],
                    "LowerArmR": [ 0, 0, 0, 0, 0, -45 ],
                    "UpperArmR": [ 0, 0, 0, 10, 20, -73 ],
                    "ItemAnchorL": [ 10.8, -0.8, 0.5, 74, 0, -2 ],
                    "LowerArmL": [ 0, 0, 0, 0, 0, -48 ],
                    "UpperArmL": [ 0, 0, 0, 0, 0, -42 ]
                }
            },
            {
                "EasingTime": 2621,
                "EasingFunction": "Linear",
                "DetachedAnchor": false,
                "SwitchArms": true,
                "PitchFollow": false,
                "PitchDontFollow": false,
                "FOVMultiplier": 1,
                "BobbingAmplitude": 1,
                "Elements": {
                    "ItemAnchor": [ 9.9, 0.8, 0.9, 113, -13, 11 ],
                    "LowerArmR": [ 0, 0, 0, 0, 0, 3 ],
                    "UpperArmR": [ 0, 0, 0, 0, 14, -10 ],
                    "ItemAnchorL": [ 10.8, -0.8, 0.5, 74, 0, -2 ],
                    "LowerArmL": [ 0, 0, 0, 0, 0, -48 ],
                    "UpperArmL": [ 0, 0, 0, 0, 0, -42 ]
                }
            },
            {
                "EasingTime": 3045,
                "EasingFunction": "Linear",
                "DetachedAnchor": false,
                "SwitchArms": true,
                "PitchFollow": false,
                "PitchDontFollow": false,
                "FOVMultiplier": 1,
                "BobbingAmplitude": 1,
                "Elements": {
                    "ItemAnchor": [ 9.9, 0.8, 0.9, 113, -13, 11 ],
                    "LowerArmR": [ 0, 0, 0, 0, 0, -45 ],
                    "UpperArmR": [ 0, 0, 0, 0, 5, -69 ],
                    "ItemAnchorL": [ 10.8, -0.8, 0.5, 74, 0, -2 ],
                    "LowerArmL": [ 0, 0, 0, 0, 0, -48 ],
                    "UpperArmL": [ 0, 0, 0, 0, 0, -42 ]
                }
            },
            {
                "EasingTime": 3257,
                "EasingFunction": "Linear",
                "DetachedAnchor": false,
                "SwitchArms": true,
                "PitchFollow": false,
                "PitchDontFollow": false,
                "FOVMultiplier": 1,
                "BobbingAmplitude": 1,
                "Elements": {
                    "ItemAnchor": [ 9.9, 0.8, 0.9, 113, -13, 11 ],
                    "LowerArmR": [ 0, 0, 0, 0, 0, -45 ],
                    "UpperArmR": [ 0, 0, 0, 7, 20, -72 ],
                    "ItemAnchorL": [ 10.8, -0.8, 0.5, 74, 0, -2 ],
                    "LowerArmL": [ 0, 0, 0, 0, 0, -48 ],
                    "UpperArmL": [ 0, 0, 0, 0, 0, -42 ]
                }
            },
            {
                "EasingTime": 3469,
                "EasingFunction": "Linear",
                "DetachedAnchor": false,
                "SwitchArms": true,
                "PitchFollow": false,
                "PitchDontFollow": false,
                "FOVMultiplier": 1,
                "BobbingAmplitude": 1,
                "Elements": {
                    "ItemAnchor": [ 9.9, 0.8, 0.9, 113, -13, 11 ],
                    "LowerArmR": [ 0, 0, 0, 0, 0, -45 ],
                    "UpperArmR": [ 0, 0, 0, 35, 14.3, -81.3 ],
                    "ItemAnchorL": [ 10.8, -0.8, 0.5, 74, 0, -2 ],
                    "LowerArmL": [ 0, 0, 0, 0, 0, -48 ],
                    "UpperArmL": [ 0, 0, 0, 0, 0, -42 ]
                }
            },
            {
                "EasingTime": 3681,
                "EasingFunction": "Linear",
                "DetachedAnchor": false,
                "SwitchArms": true,
                "PitchFollow": false,
                "PitchDontFollow": false,
                "FOVMultiplier": 1,
                "BobbingAmplitude": 1,
                "Elements": {
                    "ItemAnchor": [ 9.9, 0.8, 0.9, 113, -13, 11 ],
                    "LowerArmR": [ 0, 0, 0, 0, 0, -9 ],
                    "UpperArmR": [ 0, 0, 0, 10, 26.3, -66.3 ],
                    "ItemAnchorL": [ 10.8, -0.8, 0.5, 74, 0, -2 ],
                    "LowerArmL": [ 0, 0, 0, 0, 0, -48 ],
                    "UpperArmL": [ 0, 0, 0, 0, 0, -42 ]
                }
            },
            {
                "EasingTime": 4106,
                "EasingFunction": "Linear",
                "DetachedAnchor": false,
                "SwitchArms": true,
                "PitchFollow": false,
                "PitchDontFollow": false,
                "FOVMultiplier": 1,
                "BobbingAmplitude": 1,
                "Elements": {
                    "ItemAnchor": [ 9.9, 0.8, 0.9, 113, -13, 11 ],
                    "LowerArmR": [ 0, 0, 0, 0, 0, -6 ],
                    "UpperArmR": [ 0, 0, 0, 10, 6.3, -121.3 ],
                    "ItemAnchorL": [ 10.8, -0.8, 0.5, 74, 0, -2 ],
                    "LowerArmL": [ 0, 0, 0, 0, 0, -48 ],
                    "UpperArmL": [ 0, 0, 0, 0, 0, -42 ]
                }
            },
            {
                "EasingTime": 4530,
                "EasingFunction": "Linear",
                "DetachedAnchor": false,
                "SwitchArms": true,
                "PitchFollow": false,
                "PitchDontFollow": false,
                "FOVMultiplier": 1,
                "BobbingAmplitude": 1,
                "Elements": {
                    "ItemAnchor": [ 9.9, 0.8, 0.9, 113, -13, 11 ],
                    "LowerArmR": [ 0, 0, 0, 0, 0, -1 ],
                    "UpperArmR": [ 1.2, 0, 0, 37, -10.7, -130.3 ],
                    "ItemAnchorL": [ 10.8, -0.8, 0.5, 74, 0, -2 ],
                    "LowerArmL": [ 0, 0, 0, 0, 0, -48 ],
                    "UpperArmL": [ 0, 0, 0, 0, 0, -42 ]
                }
            },
            {
                "EasingTime": 4954,
                "EasingFunction": "Linear",
                "DetachedAnchor": false,
                "SwitchArms": true,
                "PitchFollow": false,
                "PitchDontFollow": false,
                "FOVMultiplier": 1,
                "BobbingAmplitude": 1,
                "Elements": {
                    "ItemAnchor": [ 9.9, 0.8, 0.9, 113, -13, 11 ],
                    "LowerArmR": [ 0, 0, 0, 0, 0, -28 ],
                    "UpperArmR": [ 1.2, 0, 0, 37, 13.3, -99.3 ],
                    "ItemAnchorL": [ 10.8, -0.8, 0.5, 74, 0, -2 ],
                    "LowerArmL": [ 0, 0, 0, 0, 0, -48 ],
                    "UpperArmL": [ 0, 0, 0, 0, 0, -42 ]
                }
            },
            {
                "EasingTime": 5166,
                "EasingFunction": "Linear",
                "DetachedAnchor": false,
                "SwitchArms": true,
                "PitchFollow": false,
                "PitchDontFollow": false,
                "FOVMultiplier": 1,
                "BobbingAmplitude": 1,
                "Elements": {
                    "ItemAnchor": [ 9.9, 0.8, 0.9, 113, -13, 11 ],
                    "LowerArmR": [ 0, 0, 0, 0, 0, 0 ],
                    "UpperArmR": [ 1.2, 0, 0, 37, -12.7, -132.3 ],
                    "ItemAnchorL": [ 10.8, -0.8, 0.5, 74, 0, -2 ],
                    "LowerArmL": [ 0, 0, 0, 0, 0, -48 ],
                    "UpperArmL": [ 0, 0, 0, 0, 0, -42 ]
                }
            },
            {
                "EasingTime": 5590,
                "EasingFunction": "Linear",
                "DetachedAnchor": false,
                "SwitchArms": true,
                "PitchFollow": false,
                "PitchDontFollow": false,
                "FOVMultiplier": 1,
                "BobbingAmplitude": 1,
                "Elements": {
                    "ItemAnchor": [ 9.9, 0.8, 0.9, 113, -13, 11 ],
                    "LowerArmR": [ 0, 0, 0, 0, 0, -25 ],
                    "UpperArmR": [ 1.2, 0, 0, 37, 14.3, -100.3 ],
                    "ItemAnchorL": [ 10.8, -0.8, 0.5, 74, 0, -2 ],
                    "LowerArmL": [ 0, 0, 0, 0, 0, -48 ],
                    "UpperArmL": [ 0, 0, 0, 0, 0, -42 ]
                }
            },
            {
                "EasingTime": 5803,
                "EasingFunction": "Linear",
                "DetachedAnchor": false,
                "SwitchArms": true,
                "PitchFollow": false,
                "PitchDontFollow": false,
                "FOVMultiplier": 1,
                "BobbingAmplitude": 1,
                "Elements": {
                    "ItemAnchor": [ 9.9, 0.8, 0.9, 113, -13, 11 ],
                    "LowerArmR": [ 0, 0, 0, 0, 0, -22 ],
                    "UpperArmR": [ 1.2, 0, 0, 37, 3.3, -110.3 ],
                    "ItemAnchorL": [ 10.8, -0.8, 0.5, 74, 0, -2 ],
                    "LowerArmL": [ 0, 0, 0, 0, 0, -48 ],
                    "UpperArmL": [ 0, 0, 0, 0, 0, -42 ]
                }
            },
            {
                "EasingTime": 6015,
                "EasingFunction": "Linear",
                "DetachedAnchor": false,
                "SwitchArms": true,
                "PitchFollow": false,
                "PitchDontFollow": false,
                "FOVMultiplier": 1,
                "BobbingAmplitude": 1,
                "Elements": {
                    "ItemAnchor": [ 9.9, 0.8, 0.9, 113, -13, 11 ],
                    "LowerArmR": [ 0, 0, 0, 0, 0, -25 ],
                    "UpperArmR": [ 1.2, 0, 0, 37, 14.3, -100.3 ],
                    "ItemAnchorL": [ 10.8, -0.8, 0.5, 74, 0, -2 ],
                    "LowerArmL": [ 0, 0, 0, 0, 0, -48 ],
                    "UpperArmL": [ 0, 0, 0, 0, 0, -42 ]
                }
            },
            {
                "EasingTime": 6227,
                "EasingFunction": "Linear",
                "DetachedAnchor": false,
                "SwitchArms": true,
                "PitchFollow": false,
                "PitchDontFollow": false,
                "FOVMultiplier": 1,
                "BobbingAmplitude": 1,
                "Elements": {
                    "ItemAnchor": [ 9.9, 0.8, 0.9, 113, -13, 11 ],
                    "LowerArmR": [ 0, 0, 0, 0, 0, -1 ],
                    "UpperArmR": [ 1.2, 0, 0, 37, -10.7, -130.3 ],
                    "ItemAnchorL": [ 10.8, -0.8, 0.5, 74, 0, -2 ],
                    "LowerArmL": [ 0, 0, 0, 0, 0, -48 ],
                    "UpperArmL": [ 0, 0, 0, 0, 0, -42 ]
                }
            },
            {
                "EasingTime": 6439,
                "EasingFunction": "Linear",
                "DetachedAnchor": false,
                "SwitchArms": true,
                "PitchFollow": false,
                "PitchDontFollow": false,
                "FOVMultiplier": 1,
                "BobbingAmplitude": 1,
                "Elements": {
                    "ItemAnchor": [ 9.9, 0.8, 0.9, 113, -13, 11 ],
                    "LowerArmR": [ 0, 0, 0, 0, 0, -28 ],
                    "UpperArmR": [ 1.2, 0, 0, 37, 13.3, -99.3 ],
                    "ItemAnchorL": [ 10.8, -0.8, 0.5, 74, 0, -2 ],
                    "LowerArmL": [ 0, 0, 0, 0, 0, -48 ],
                    "UpperArmL": [ 0, 0, 0, 0, 0, -42 ]
                }
            },
            {
                "EasingTime": 6651,
                "EasingFunction": "Linear",
                "DetachedAnchor": false,
                "SwitchArms": true,
                "PitchFollow": false,
                "PitchDontFollow": false,
                "FOVMultiplier": 1,
                "BobbingAmplitude": 1,
                "Elements": {
                    "ItemAnchor": [ 9.9, 0.8, 0.9, 113, -13, 11 ],
                    "LowerArmR": [ 0, 0, 0, 0, 0, -1 ],
                    "UpperArmR": [ 1.2, 0, 0, 37, -10.7, -130.3 ],
                    "ItemAnchorL": [ 10.8, -0.8, 0.5, 74, 0, -2 ],
                    "LowerArmL": [ 0, 0, 0, 0, 0, -48 ],
                    "UpperArmL": [ 0, 0, 0, 0, 0, -42 ]
                }
            },
            {
                "EasingTime": 7075,
                "EasingFunction": "Linear",
                "DetachedAnchor": false,
                "SwitchArms": true,
                "PitchFollow": false,
                "PitchDontFollow": false,
                "FOVMultiplier": 1,
                "BobbingAmplitude": 1,
                "Elements": {
                    "ItemAnchor": [ 9.9, 0.8, 0.9, 113, -13, 11 ],
                    "LowerArmR": [ 0, 0, 0, 0, 0, -6 ],
                    "UpperArmR": [ 0, 0, 0, 10, 6.3, -121.3 ],
                    "ItemAnchorL": [ 10.8, -0.8, 0.5, 74, 0, -2 ],
                    "LowerArmL": [ 0, 0, 0, 0, 0, -48 ],
                    "UpperArmL": [ 0, 0, 0, 0, 0, -42 ]
                }
            },
            {
                "EasingTime": 7500,
                "EasingFunction": "Linear",
                "DetachedAnchor": false,
                "SwitchArms": true,
                "PitchFollow": false,
                "PitchDontFollow": false,
                "FOVMultiplier": 1,
                "BobbingAmplitude": 1,
                "Elements": {
                    "ItemAnchor": [ 9.9, 0.8, 0.9, 113, -13, 11 ],
                    "LowerArmR": [ 0, 0, 0, 0, 0, -9 ],
                    "UpperArmR": [ 0, 0, 0, 10, 26.3, -66.3 ],
                    "ItemAnchorL": [ 10.8, -0.8, 0.5, 74, 0, -2 ],
                    "LowerArmL": [ 0, 0, 0, 0, 0, -48 ],
                    "UpperArmL": [ 0, 0, 0, 0, 0, -42 ]
                }
            },
            {
                "EasingTime": 8000,
                "EasingFunction": "Linear",
                "DetachedAnchor": false,
                "SwitchArms": true,
                "PitchFollow": false,
                "PitchDontFollow": false,
                "FOVMultiplier": 1,
                "BobbingAmplitude": 1,
                "Elements": {
                    "ItemAnchor": [ 9.9, 0.8, 0.9, 113, -13, 11 ],
                    "LowerArmR": [ 0, 0, 0, 0, 0, -24 ],
                    "UpperArmR": [ 0, 0, 0, 0, 28, -57 ],
                    "ItemAnchorL": [ 10.8, -0.8, 0.5, 74, 0, -2 ],
                    "LowerArmL": [ 0, 0, 0, 0, 0, -48 ],
                    "UpperArmL": [ 0, 0, 0, 0, 0, -42 ]
                }
            }
        ],
        "ItemKeyFrames": [
            {
                "DurationFraction": 0,
                "EasingFunction": "Linear",
                "Elements": {
                    "Linen_3": [ 0.3, -0.2, 0, 0, 0, 0 ],
                    "Flask_origin_inner": [ 0, 0, 0, -90, 90, 0 ],
                    "Linen_0": [ 0.2, 0.2, 0, 0, 0, 0 ],
                    "Linen_1": [ -0.2, 0.2, 0, 0, 0, 0 ],
                    "Patch": [ 0, -7, 31, 0, 0, 0 ],
                    "Ramrod": [ 0, 0, 0, 0, 0, 0 ],
                    "Linen_2": [ -0.3, -0.2, 0, 0, 0, 0 ],
                    "Bullet": [ 0, -7, 30.8, 0, 0, 0 ],
                    "Flask_origin": [ -66, -66, -78, 0, 0, 0 ],
                    "Ramdrod_origin": [ 0, 0, 0, 0, 0, 0 ]
                }
            },
            {
                "DurationFraction": 0.060606062,
                "EasingFunction": "Linear",
                "Elements": {
                    "Linen_3": [ 0.3, -0.2, 0, 0, 0, 0 ],
                    "Flask_origin_inner": [ 0, 0, 0, -90, 90, 0 ],
                    "Linen_0": [ 0.2, 0.2, 0, 0, 0, 0 ],
                    "Linen_1": [ -0.2, 0.2, 0, 0, 0, 0 ],
                    "Patch": [ 0, -7, 31, 0, 0, 0 ],
                    "Ramrod": [ 0, 0, 0, 0, 0, 0 ],
                    "Linen_2": [ -0.3, -0.2, 0, 0, 0, 0 ],
                    "Bullet": [ 0, -7, 30.8, 0, 0, 0 ],
                    "Flask_origin": [ -66, -61, -109, 0, 0, 0 ],
                    "Ramdrod_origin": [ 0, 0, 0, 0, 0, 0 ]
                }
            },
            {
                "DurationFraction": 0.09090909,
                "EasingFunction": "Linear",
                "Elements": {
                    "Linen_3": [ 0.3, -0.2, 0, 0, 0, 0 ],
                    "Flask_origin_inner": [ 0, 0, 0, -90, 90, 90 ],
                    "Linen_0": [ 0.2, 0.2, 0, 0, 0, 0 ],
                    "Linen_1": [ -0.2, 0.2, 0, 0, 0, 0 ],
                    "Patch": [ 0, -7, 31, 0, 0, 0 ],
                    "Ramrod": [ 0, 0, 0, 0, 0, 0 ],
                    "Linen_2": [ -0.3, -0.2, 0, 0, 0, 0 ],
                    "Bullet": [ 0, -7, 30.8, 0, 0, 0 ],
                    "Flask_origin": [ -66, -58.2, -110, 0, 0, 0 ],
                    "Ramdrod_origin": [ 0, 0, 0, 0, 0, 0 ]
                }
            },
            {
                "DurationFraction": 0.121212125,
                "EasingFunction": "Linear",
                "Elements": {
                    "Linen_3": [ 0.3, -0.2, 0, 0, 0, 0 ],
                    "Flask_origin_inner": [ 0, 0, 0, -90, 90, 0 ],
                    "Linen_0": [ 0.2, 0.2, 0, 0, 0, 0 ],
                    "Linen_1": [ -0.2, 0.2, 0, 0, 0, 0 ],
                    "Patch": [ 0, -7, 31, 0, 0, 0 ],
                    "Ramrod": [ 0, 0, 0, 0, 0, 0 ],
                    "Linen_2": [ -0.3, -0.2, 0, 0, 0, 0 ],
                    "Bullet": [ 0, -7, 30.8, 0, 0, 0 ],
                    "Flask_origin": [ -66, -61, -109, 0, 0, 0 ],
                    "Ramdrod_origin": [ 0, 0, 0, 0, 0, 0 ]
                }
            },
            {
                "DurationFraction": 0.18181819,
                "EasingFunction": "Linear",
                "Elements": {
                    "Linen_3": [ 0.3, -0.2, 0, 0, 0, 0 ],
                    "Flask_origin_inner": [ 0, 0, 0, -90, 90, 0 ],
                    "Linen_0": [ 0.2, 0.2, 0, 0, 0, 0 ],
                    "Linen_1": [ -0.2, 0.2, 0, 0, 0, 0 ],
                    "Patch": [ 0, -7, 31, 0, 0, 0 ],
                    "Ramrod": [ 0, 0, 0, 0, 0, 0 ],
                    "Linen_2": [ -0.3, -0.2, 0, 0, 0, 0 ],
                    "Bullet": [ 0, -7, 30.8, 0, 0, 0 ],
                    "Flask_origin": [ -66, -66, -78, 0, 0, 0 ],
                    "Ramdrod_origin": [ 0, 0, 0, 0, 0, 0 ]
                }
            },
            {
                "DurationFraction": 0.24242425,
                "EasingFunction": "Linear",
                "Elements": {
                    "Linen_3": [ 0.3, -0.2, 0, 0, 0, 0 ],
                    "Flask_origin_inner": [ 0, 0, 0, -90, 90, 0 ],
                    "Linen_0": [ 0.2, 0.2, 0, 0, 0, 0 ],
                    "Linen_1": [ -0.2, 0.2, 0, 0, 0, 0 ],
                    "Patch": [ 0, -5, -2.3, 0, 0, 0 ],
                    "Ramrod": [ 0, 0, 0, 0, 0, 0 ],
                    "Linen_2": [ -0.3, -0.2, 0, 0, 0, 0 ],
                    "Bullet": [ 0, -7, 30.8, 0, 0, 0 ],
                    "Flask_origin": [ -66, -66, -78, 0, 0, 0 ],
                    "Ramdrod_origin": [ 0, 0, 0, 0, 0, 0 ]
                }
            },
            {
                "DurationFraction": 0.27272725,
                "EasingFunction": "Linear",
                "Elements": {
                    "Linen_3": [ 0.3, -0.2, 0, 0, 0, 0 ],
                    "Flask_origin_inner": [ 0, 0, 0, -90, 90, 0 ],
                    "Linen_0": [ 0.2, 0.2, 0, 0, 0, 0 ],
                    "Linen_1": [ -0.2, 0.2, 0, 0, 0, 0 ],
                    "Patch": [ 0, 0, -1.3, 0, 0, 0 ],
                    "Ramrod": [ 0, 0, 0, 0, 0, 0 ],
                    "Linen_2": [ -0.3, -0.2, 0, 0, 0, 0 ],
                    "Bullet": [ 0, -7, 30.8, 0, 0, 0 ],
                    "Flask_origin": [ -66, -66, -78, 0, 0, 0 ],
                    "Ramdrod_origin": [ 0, 0, 0, 0, 0, 0 ]
                }
            },
            {
                "DurationFraction": 0.3030303,
                "EasingFunction": "Linear",
                "Elements": {
                    "Linen_3": [ 0.3, -0.2, 0, 0, 0, 0 ],
                    "Flask_origin_inner": [ 0, 0, 0, -90, 90, 0 ],
                    "Linen_0": [ 0.2, 0.2, 0, 0, 0, 0 ],
                    "Linen_1": [ -0.2, 0.2, 0, 0, 0, 0 ],
                    "Patch": [ 0, 0, -1.3, 0, 0, 0 ],
                    "Ramrod": [ 0, 0, 0, 0, 0, 0 ],
                    "Linen_2": [ -0.3, -0.2, 0, 0, 0, 0 ],
                    "Bullet": [ 0, -7, 30.8, 0, 0, 0 ],
                    "Flask_origin": [ -66, -66, -78, 0, 0, 0 ],
                    "Ramdrod_origin": [ 0, 0, 0, 0, 0, 0 ]
                }
            },
            {
                "DurationFraction": 0.36363637,
                "EasingFunction": "Linear",
                "Elements": {
                    "Linen_3": [ 0.3, -0.2, 0, 0, 0, 0 ],
                    "Flask_origin_inner": [ 0, 0, 0, -90, 90, 0 ],
                    "Linen_0": [ 0.2, 0.2, 0, 0, 0, 0 ],
                    "Linen_1": [ -0.2, 0.2, 0, 0, 0, 0 ],
                    "Patch": [ 0, 0, -1.3, 0, 0, 0 ],
                    "Ramrod": [ 0, 0, 0, 0, 0, 0 ],
                    "Linen_2": [ -0.3, -0.2, 0, 0, 0, 0 ],
                    "Bullet": [ 0, -4, -2.2, 0, 0, 0 ],
                    "Flask_origin": [ -66, -66, -78, 0, 0, 0 ],
                    "Ramdrod_origin": [ 0, 0, 0, 0, 0, 0 ]
                }
            },
            {
                "DurationFraction": 0.3939394,
                "EasingFunction": "Linear",
                "Elements": {
                    "Linen_3": [ 0.3, -0.2, 0, 0, 0, 0 ],
                    "Flask_origin_inner": [ 0, 0, 0, -90, 90, 0 ],
                    "Linen_0": [ 0.2, 0.2, 0, 0, 0, 0 ],
                    "Linen_1": [ -0.2, 0.2, 0, 0, 0, 0 ],
                    "Patch": [ 0, 0, -1.3, 0, 0, 0 ],
                    "Ramrod": [ 0, 0, 0, 0, 0, 0 ],
                    "Linen_2": [ -0.3, -0.2, 0, 0, 0, 0 ],
                    "Bullet": [ 0, 0, -1.5, 0, 0, 0 ],
                    "Flask_origin": [ -66, -66, -78, 0, 0, 0 ],
                    "Ramdrod_origin": [ 0, 0, 0, 0, 0, 0 ]
                }
            },
            {
                "DurationFraction": 0.42424244,
                "EasingFunction": "Linear",
                "Elements": {
                    "Linen_3": [ 0.2, -0.1, -0.1, 20, 20, 0 ],
                    "Flask_origin_inner": [ 0, 0, 0, -90, 90, 0 ],
                    "Linen_0": [ 0.1, 0.1, 0, -20, 13, 0 ],
                    "Linen_1": [ -0.1, 0.1, 0, -20, -15, 0 ],
                    "Patch": [ 0, 0, -1, 0, 0, 0 ],
                    "Ramrod": [ 0, 0, 0, 0, 0, 0 ],
                    "Linen_2": [ -0.2, -0.1, -0.1, 20, -20, 0 ],
                    "Bullet": [ 0, 0, -1.2, 0, 0, 0 ],
                    "Flask_origin": [ -66, -66, -78, 0, 0, 0 ],
                    "Ramdrod_origin": [ 0, 0, 0, 0, 0, 0 ]
                }
            },
            {
                "DurationFraction": 0.45454547,
                "EasingFunction": "Linear",
                "Elements": {
                    "Linen_3": [ 0.2, -0.1, -0.1, 20, 20, 0 ],
                    "Flask_origin_inner": [ 0, 0, 0, -90, 90, 0 ],
                    "Linen_0": [ 0.1, 0.1, 0, -20, 13, 0 ],
                    "Linen_1": [ -0.1, 0.1, 0, -20, -15, 0 ],
                    "Patch": [ 0, 0, -1, 0, 0, 0 ],
                    "Ramrod": [ 0, 0, 0, 0, 0, 0 ],
                    "Linen_2": [ -0.2, -0.1, -0.1, 20, -20, 0 ],
                    "Bullet": [ 0, 0, -1.2, 0, 0, 0 ],
                    "Flask_origin": [ -66, -66, -78, 0, 0, 0 ],
                    "Ramdrod_origin": [ 0, 0, 0, 0, 0, 0 ]
                }
            },
            {
                "DurationFraction": 0.5151515,
                "EasingFunction": "Linear",
                "Elements": {
                    "Linen_3": [ 0.2, -0.1, -0.1, 20, 20, 0 ],
                    "Flask_origin_inner": [ 0, 0, 0, -90, 90, 0 ],
                    "Linen_0": [ 0.1, 0.1, 0, -20, 13, 0 ],
                    "Linen_1": [ -0.1, 0.1, 0, -20, -15, 0 ],
                    "Patch": [ 0, 0, -1, 0, 0, 0 ],
                    "Ramrod": [ 0, 0, 0, 0, 0, 0 ],
                    "Linen_2": [ -0.2, -0.1, -0.1, 20, -20, 0 ],
                    "Bullet": [ 0, 0, -1.2, 0, 0, 0 ],
                    "Flask_origin": [ -66, -66, -78, 0, 0, 0 ],
                    "Ramdrod_origin": [ 0, 0, -16, 0, 0, 0 ]
                }
            },
            {
                "DurationFraction": 0.57575756,
                "EasingFunction": "Linear",
                "Elements": {
                    "Linen_3": [ 0.2, -0.1, -0.1, 20, 20, 0 ],
                    "Flask_origin_inner": [ 0, 0, 0, -90, 90, 0 ],
                    "Linen_0": [ 0.1, 0.1, 0, -20, 13, 0 ],
                    "Linen_1": [ -0.1, 0.1, 0, -20, -15, 0 ],
                    "Patch": [ 0, 0, -1, 0, 0, 0 ],
                    "Ramrod": [ 0, 0, 0, 180, 0, 0 ],
                    "Linen_2": [ -0.2, -0.1, -0.1, 20, -20, 0 ],
                    "Bullet": [ 0, 0, -1.2, 0, 0, 0 ],
                    "Flask_origin": [ -66, -66, -78, 0, 0, 0 ],
                    "Ramdrod_origin": [ 0, 0.55, -17, 0, 0, 0 ]
                }
            },
            {
                "DurationFraction": 0.58181816,
                "EasingFunction": "Linear",
                "Elements": {
                    "Linen_3": [ 0, 0, 0, 0, 0, 0 ],
                    "Flask_origin_inner": [ 0, 0, 0, -90, 90, 0 ],
                    "Linen_0": [ 0, 0, 0, 0, 0, 0 ],
                    "Linen_1": [ 0, 0, 0, 0, 0, 0 ],
                    "Patch": [ 0, 0, -0.099999964, 0, 0, 0 ],
                    "Ramrod": [ 0, 0, 0, 180, 0, 0 ],
                    "Linen_2": [ 0, 0, 0, 0, 0, 0 ],
                    "Bullet": [ 0, 0, -0.3, 0, 0, 0 ],
                    "Flask_origin": [ -66, -66, -78, 0, 0, 0 ],
                    "Ramdrod_origin": [ 0, 0.55, -16.1, 0, 0, 0 ]
                }
            },
            {
                "DurationFraction": 0.6363636,
                "EasingFunction": "Linear",
                "Elements": {
                    "Linen_3": [ 0, 0, 0, 20, 20, 0 ],
                    "Flask_origin_inner": [ 0, 0, 0, -90, 90, 0 ],
                    "Linen_0": [ 0, 0, 0, -20, 13, 0 ],
                    "Linen_1": [ 0, 0, 0, -20, -15, 0 ],
                    "Patch": [ 0, 0, 8, 0, 0, 0 ],
                    "Ramrod": [ 0, 0, 0, 180, 0, 0 ],
                    "Linen_2": [ 0, 0, 0, 20, -20, 0 ],
                    "Bullet": [ 0, 0, 7.8, 0, 0, 0 ],
                    "Flask_origin": [ -66, -66, -78, 0, 0, 0 ],
                    "Ramdrod_origin": [ 0, 0.55, -8, 0, 0, 0 ]
                }
            },
            {
                "DurationFraction": 0.6666667,
                "EasingFunction": "Linear",
                "Elements": {
                    "Linen_3": [ 0, 0, 0, 20, 20, 0 ],
                    "Flask_origin_inner": [ 0, 0, 0, -90, 90, 0 ],
                    "Linen_0": [ 0, 0, 0, -20, 13, 0 ],
                    "Linen_1": [ 0, 0, 0, -20, -15, 0 ],
                    "Patch": [ 0, 0, 8, 0, 0, 0 ],
                    "Ramrod": [ 0, 0, 0, 180, 0, 0 ],
                    "Linen_2": [ 0, 0, 0, 20, -20, 0 ],
                    "Bullet": [ 0, 0, 7.8, 0, 0, 0 ],
                    "Flask_origin": [ -66, -66, -78, 0, 0, 0 ],
                    "Ramdrod_origin": [ 0, 0.55, -8, 0, 0, 0 ]
                }
            },
            {
                "DurationFraction": 0.72727275,
                "EasingFunction": "Linear",
                "Elements": {
                    "Linen_3": [ 0, 0, 0, 20, 20, 0 ],
                    "Flask_origin_inner": [ 0, 0, 0, -90, 90, 0 ],
                    "Linen_0": [ 0, 0, 0, -20, 13, 0 ],
                    "Linen_1": [ 0, 0, 0, -20, -15, 0 ],
                    "Patch": [ 0, 0, 8, 0, 0, 0 ],
                    "Ramrod": [ 0, 0, 0, 180, 0, 0 ],
                    "Linen_2": [ 0, 0, 0, 20, -20, 0 ],
                    "Bullet": [ 0, 0, 7.8, 0, 0, 0 ],
                    "Flask_origin": [ -66, -66, -78, 0, 0, 0 ],
                    "Ramdrod_origin": [ 0, 0.55, 1, 0, 0, 0 ]
                }
            },
            {
                "DurationFraction": 0.75757575,
                "EasingFunction": "Linear",
                "Elements": {
                    "Linen_3": [ 0, 0, 0, 20, 20, 0 ],
                    "Flask_origin_inner": [ 0, 0, 0, -90, 90, 0 ],
                    "Linen_0": [ 0, 0, 0, -20, 13, 0 ],
                    "Linen_1": [ 0, 0, 0, -20, -15, 0 ],
                    "Patch": [ 0, 0, 8, 0, 0, 0 ],
                    "Ramrod": [ 0, 0, 0, 180, 0, 0 ],
                    "Linen_2": [ 0, 0, 0, 20, -20, 0 ],
                    "Bullet": [ 0, 0, 7.8, 0, 0, 0 ],
                    "Flask_origin": [ -66, -66, -78, 0, 0, 0 ],
                    "Ramdrod_origin": [ 0, 0.55, -2, 0, 0, 0 ]
                }
            },
            {
                "DurationFraction": 0.7878788,
                "EasingFunction": "Linear",
                "Elements": {
                    "Linen_3": [ 0, 0, 0, 20, 20, 0 ],
                    "Flask_origin_inner": [ 0, 0, 0, -90, 90, 0 ],
                    "Linen_0": [ 0, 0, 0, -20, 13, 0 ],
                    "Linen_1": [ 0, 0, 0, -20, -15, 0 ],
                    "Patch": [ 0, 0, 8, 0, 0, 0 ],
                    "Ramrod": [ 0, 0, 0, 180, 0, 0 ],
                    "Linen_2": [ 0, 0, 0, 20, -20, 0 ],
                    "Bullet": [ 0, 0, 7.8, 0, 0, 0 ],
                    "Flask_origin": [ -66, -66, -78, 0, 0, 0 ],
                    "Ramdrod_origin": [ 0, 0.55, 1, 0, 0, 0 ]
                }
            },
            {
                "DurationFraction": 0.81818175,
                "EasingFunction": "Linear",
                "Elements": {
                    "Linen_3": [ 0, 0, 0, 20, 20, 0 ],
                    "Flask_origin_inner": [ 0, 0, 0, -90, 90, 0 ],
                    "Linen_0": [ 0, 0, 0, -20, 13, 0 ],
                    "Linen_1": [ 0, 0, 0, -20, -15, 0 ],
                    "Patch": [ 0, 0, 8, 0, 0, 0 ],
                    "Ramrod": [ 0, 0, 0, 180, 0, 0 ],
                    "Linen_2": [ 0, 0, 0, 20, -20, 0 ],
                    "Bullet": [ 0, 0, 7.8, 0, 0, 0 ],
                    "Flask_origin": [ -66, -66, -78, 0, 0, 0 ],
                    "Ramdrod_origin": [ 0, 0.55, -9, 0, 0, 0 ]
                }
            },
            {
                "DurationFraction": 0.8484849,
                "EasingFunction": "Linear",
                "Elements": {
                    "Linen_3": [ 0, 0, 0, 20, 20, 0 ],
                    "Flask_origin_inner": [ 0, 0, 0, -90, 90, 0 ],
                    "Linen_0": [ 0, 0, 0, -20, 13, 0 ],
                    "Linen_1": [ 0, 0, 0, -20, -15, 0 ],
                    "Patch": [ 0, 0, 8, 0, 0, 0 ],
                    "Ramrod": [ 0, 0, 0, 180, 0, 0 ],
                    "Linen_2": [ 0, 0, 0, 20, -20, 0 ],
                    "Bullet": [ 0, 0, 7.8, 0, 0, 0 ],
                    "Flask_origin": [ -66, -66, -78, 0, 0, 0 ],
                    "Ramdrod_origin": [ 0, 0.55, -9, 0, 0, 0 ]
                }
            },
            {
                "DurationFraction": 0.8787879,
                "EasingFunction": "Linear",
                "Elements": {
                    "Linen_3": [ 0, 0, 0, 20, 20, 0 ],
                    "Flask_origin_inner": [ 0, 0, 0, -90, 90, 0 ],
                    "Linen_0": [ 0, 0, 0, -20, 13, 0 ],
                    "Linen_1": [ 0, 0, 0, -20, -15, 0 ],
                    "Patch": [ 0, 0, 8, 0, 0, 0 ],
                    "Ramrod": [ 0, 0, 0, 180, 0, 0 ],
                    "Linen_2": [ 0, 0, 0, 20, -20, 0 ],
                    "Bullet": [ 0, 0, 7.8, 0, 0, 0 ],
                    "Flask_origin": [ -66, -66, -78, 0, 0, 0 ],
                    "Ramdrod_origin": [ 0, 0.55, -17, 0, 0, 0 ]
                }
            },
            {
                "DurationFraction": 0.9393939,
                "EasingFunction": "Linear",
                "Elements": {
                    "Linen_3": [ 0, 0, 0, 20, 20, 0 ],
                    "Flask_origin_inner": [ 0, 0, 0, -90, 90, 0 ],
                    "Linen_0": [ 0, 0, 0, -20, 13, 0 ],
                    "Linen_1": [ 0, 0, 0, -20, -15, 0 ],
                    "Patch": [ 0, 0, 8, 0, 0, 0 ],
                    "Ramrod": [ 0, 0, 0, 0, 0, 0 ],
                    "Linen_2": [ 0, 0, 0, 20, -20, 0 ],
                    "Bullet": [ 0, 0, 7.8, 0, 0, 0 ],
                    "Flask_origin": [ -66, -66, -78, 0, 0, 0 ],
                    "Ramdrod_origin": [ 0, 0, -17, 0, 0, 0 ]
                }
            },
            {
                "DurationFraction": 1,
                "EasingFunction": "Linear",
                "Elements": {
                    "Linen_3": [ 0, 0, 0, 20, 20, 0 ],
                    "Flask_origin_inner": [ 0, 0, 0, -90, 90, 0 ],
                    "Linen_0": [ 0, 0, 0, -20, 13, 0 ],
                    "Linen_1": [ 0, 0, 0, -20, -15, 0 ],
                    "Patch": [ 0, 0, 8, 0, 0, 0 ],
                    "Ramrod": [ 0, 0, 0, 0, 0, 0 ],
                    "Linen_2": [ 0, 0, 0, 20, -20, 0 ],
                    "Bullet": [ 0, 0, 7.8, 0, 0, 0 ],
                    "Flask_origin": [ -66, -66, -78, 0, 0, 0 ],
                    "Ramdrod_origin": [ 0, 0, 0, 0, 0, 0 ]
                }
            }
        ],
        "SoundFrames": [],
        "ParticlesFrames": [],
        "CallbackFrames": [
            {
                "Code": "attach",
                "DurationFraction": 0.0625
            },
            {
                "Code": "detach",
                "DurationFraction": 0.9375
            }
        ],
        "ItemAnimationStart": 500,
        "ItemAnimationEnd": 7500
    }
}