{
	"textures": {
		"almondmushroom": "game:block/plant/mushroom/almondmushroom/almondmushroom",
		"mycelium3": "game:block/plant/mushroom/mycelium3"
	},
	"elements": [
		{
			"name": "origin",
			"from": [ 8.0, 0.0, 8.0 ], 
			"to": [ 8.0, 0.0, 8.0 ], 
			"rotationOrigin": [ 8.0, 0.0, 8.0 ],
			"faces": {
				"north": { "texture": "#bitterbolete", "uv": [ 0.0, 0.0, 0.5, 0.5 ], "enabled": false },
				"east": { "texture": "#bitterbolete", "uv": [ 0.0, 0.0, 0.5, 0.5 ], "enabled": false },
				"south": { "texture": "#bitterbolete", "uv": [ 0.0, 0.0, 0.5, 0.5 ], "enabled": false },
				"west": { "texture": "#bitterbolete", "uv": [ 0.0, 0.0, 0.5, 0.5 ], "enabled": false },
				"up": { "texture": "#bitterbolete", "uv": [ 0.0, 0.0, 0.5, 0.5 ], "enabled": false },
				"down": { "texture": "#bitterbolete", "uv": [ 0.0, 0.0, 0.5, 0.5 ], "enabled": false }
			},
			"children": [
				{
					"name": "single voxel11",
					"from": [ -1.0, 0.0, 3.0 ], 
					"to": [ 0.0, 0.5, 4.0 ], 
					"rotationOrigin": [ -0.5, 0.0, 3.5 ],
					"rotationY": 5.0,
					"faces": {
						"north": { "texture": "#bitterbolete", "uv": [ 3.0, 6.0, 4.0, 6.5 ] },
						"east": { "texture": "#bitterbolete", "uv": [ 4.0, 4.0, 5.0, 4.5 ] },
						"south": { "texture": "#bitterbolete", "uv": [ 3.0, 3.0, 4.0, 3.5 ] },
						"west": { "texture": "#bitterbolete", "uv": [ 4.0, 2.0, 5.0, 2.5 ] },
						"up": { "texture": "#bitterbolete", "uv": [ 5.0, 6.0, 6.0, 7.0 ] },
						"down": { "texture": "#pores", "uv": [ 9.0, 1.5, 10.0, 2.5 ] }
					}
				},
				{
					"name": "single voxel25",
					"from": [ -3.0, 0.0, 1.5 ], 
					"to": [ -2.0, 0.5, 2.5 ], 
					"rotationOrigin": [ -2.5, 0.0, 2.0 ],
					"rotationY": -45.0,
					"faces": {
						"north": { "texture": "#bitterbolete", "uv": [ 5.0, 12.5, 6.0, 13.0 ] },
						"east": { "texture": "#bitterbolete", "uv": [ 7.5, 11.0, 8.5, 11.5 ] },
						"south": { "texture": "#bitterbolete", "uv": [ 3.5, 10.5, 4.5, 11.0 ] },
						"west": { "texture": "#bitterbolete", "uv": [ 4.5, 12.5, 5.5, 13.0 ] },
						"up": { "texture": "#bitterbolete", "uv": [ 6.0, 10.5, 7.0, 11.5 ] },
						"down": { "texture": "#bitterbolete", "uv": [ 14.0, 13.5, 15.0, 14.5 ] }
					}
				},
				{
					"name": "tiny22",
					"from": [ 3.0, 0.0, -1.0 ], 
					"to": [ 4.0, 0.5, 0.0 ], 
					"rotationOrigin": [ 3.5, 0.0, -0.5 ],
					"rotationY": 20.0,
					"faces": {
						"north": { "texture": "#bitterbolete", "uv": [ 4.5, 11.5, 5.5, 12.0 ] },
						"east": { "texture": "#bitterbolete", "uv": [ 6.0, 13.0, 7.0, 13.5 ] },
						"south": { "texture": "#bitterbolete", "uv": [ 7.0, 10.5, 8.0, 11.0 ] },
						"west": { "texture": "#bitterbolete", "uv": [ 7.0, 15.0, 8.0, 15.5 ] },
						"up": { "texture": "#bitterbolete", "uv": [ 4.0, 5.0, 5.0, 6.0 ], "enabled": false },
						"down": { "texture": "#bitterbolete", "uv": [ 2.0, 14.0, 3.0, 15.0 ] }
					},
					"children": [
						{
							"name": "Cube26",
							"from": [ -0.1, 0.5, -0.1 ], 
							"to": [ 1.1, 1.0, 1.1 ], 
							"rotationOrigin": [ -0.1, 0.0, -0.1 ],
							"faces": {
								"north": { "texture": "#bitterbolete", "uv": [ 9.0, 5.5, 10.0, 6.0 ] },
								"east": { "texture": "#bitterbolete", "uv": [ 8.5, 5.5, 9.5, 6.0 ] },
								"south": { "texture": "#bitterbolete", "uv": [ 11.5, 7.0, 12.5, 7.5 ] },
								"west": { "texture": "#bitterbolete", "uv": [ 10.5, 4.0, 11.5, 4.5 ] },
								"up": { "texture": "#bitterbolete", "uv": [ 10.0, 1.0, 11.0, 2.0 ] },
								"down": { "texture": "#pores", "uv": [ 10.0, 5.0, 11.0, 6.0 ] }
							}
						}
					]
				},
				{
					"name": "tiny20",
					"from": [ -3.0, 0.0, -1.0 ], 
					"to": [ -2.0, 0.5, 0.0 ], 
					"rotationOrigin": [ -2.5, 0.0, -0.5 ],
					"rotationX": -2.0,
					"rotationY": 10.0,
					"rotationZ": 3.0,
					"faces": {
						"north": { "texture": "#bitterbolete", "uv": [ 9.0, 14.0, 10.0, 14.5 ] },
						"east": { "texture": "#bitterbolete", "uv": [ 9.0, 11.0, 10.0, 11.5 ] },
						"south": { "texture": "#bitterbolete", "uv": [ 6.0, 11.5, 7.0, 12.0 ] },
						"west": { "texture": "#bitterbolete", "uv": [ 9.0, 9.0, 10.0, 9.5 ] },
						"up": { "texture": "#bitterbolete", "uv": [ 4.0, 5.0, 5.0, 6.0 ], "enabled": false },
						"down": { "texture": "#bitterbolete", "uv": [ 2.0, 14.0, 3.0, 15.0 ] }
					},
					"children": [
						{
							"name": "Cube21",
							"from": [ -0.2, 0.5, -0.2 ], 
							"to": [ 1.3, 1.5, 1.3 ], 
							"faces": {
								"north": { "texture": "#bitterbolete", "uv": [ 10.5, 5.5, 12.0, 6.5 ] },
								"east": { "texture": "#bitterbolete", "uv": [ 8.0, 4.5, 9.5, 5.5 ] },
								"south": { "texture": "#bitterbolete", "uv": [ 9.0, 4.0, 10.5, 5.0 ] },
								"west": { "texture": "#bitterbolete", "uv": [ 11.0, 4.5, 12.5, 5.5 ] },
								"up": { "texture": "#bitterbolete", "uv": [ 9.0, 1.0, 10.5, 2.5 ] },
								"down": { "texture": "#pores", "uv": [ 8.5, 3.5, 10.0, 5.0 ] }
							}
						}
					]
				},
				{
					"name": "tiny24",
					"from": [ 1.0, 0.0, -4.0 ], 
					"to": [ 2.5, 0.5, -2.5 ], 
					"rotationOrigin": [ 2.0, 0.0, -3.0 ],
					"rotationX": -2.0,
					"rotationY": -6.0,
					"rotationZ": 3.0,
					"faces": {
						"north": { "texture": "#bitterbolete", "uv": [ 3.0, 13.0, 4.5, 13.5 ] },
						"east": { "texture": "#bitterbolete", "uv": [ 7.5, 12.5, 9.0, 13.0 ] },
						"south": { "texture": "#bitterbolete", "uv": [ 2.0, 8.5, 3.5, 9.0 ] },
						"west": { "texture": "#bitterbolete", "uv": [ 6.5, 15.0, 8.0, 15.5 ] },
						"up": { "texture": "#bitterbolete", "uv": [ 4.0, 5.0, 5.5, 6.5 ], "enabled": false },
						"down": { "texture": "#bitterbolete", "uv": [ 2.0, 14.0, 3.5, 15.5 ] }
					},
					"children": [
						{
							"name": "Cube25",
							"from": [ -0.2, 0.5, -0.2 ], 
							"to": [ 1.8, 2.0, 1.8 ], 
							"faces": {
								"north": { "texture": "#bitterbolete", "uv": [ 4.0, 1.0, 6.0, 2.5 ] },
								"east": { "texture": "#bitterbolete", "uv": [ 3.0, 1.5, 5.0, 3.0 ] },
								"south": { "texture": "#bitterbolete", "uv": [ 2.0, 3.5, 4.0, 5.0 ] },
								"west": { "texture": "#bitterbolete", "uv": [ 5.0, 6.0, 7.0, 7.5 ] },
								"up": { "texture": "#bitterbolete", "uv": [ 3.0, 2.0, 5.0, 4.0 ] },
								"down": { "texture": "#pores", "uv": [ 9.0, 2.0, 11.0, 4.0 ] }
							}
						}
					]
				},
				{
					"name": "medium",
					"from": [ -1.0, 0.0, 0.0 ], 
					"to": [ 1.0, 1.0, 2.0 ], 
					"rotationOrigin": [ 0.0, 0.0, 1.0 ],
					"rotationX": -3.0,
					"rotationY": -20.0,
					"rotationZ": 2.0,
					"faces": {
						"north": { "texture": "#bitterbolete", "uv": [ 4.0, 13.0, 6.0, 14.0 ] },
						"east": { "texture": "#bitterbolete", "uv": [ 9.5, 12.5, 11.5, 13.5 ] },
						"south": { "texture": "#bitterbolete", "uv": [ 3.0, 14.0, 5.0, 15.0 ] },
						"west": { "texture": "#bitterbolete", "uv": [ 6.0, 12.0, 8.0, 13.0 ] },
						"up": { "texture": "#bitterbolete", "uv": [ 4.0, 5.0, 6.0, 7.0 ], "enabled": false },
						"down": { "texture": "#bitterbolete", "uv": [ 2.0, 14.0, 4.0, 16.0 ] }
					},
					"children": [
						{
							"name": "Cube2",
							"from": [ -0.5, 1.0, -0.5 ], 
							"to": [ 2.5, 3.0, 2.4 ], 
							"faces": {
								"north": { "texture": "#bitterbolete", "uv": [ 1.0, 5.0, 4.0, 7.0 ] },
								"east": { "texture": "#bitterbolete", "uv": [ 1.0, 2.5, 3.5, 4.5 ] },
								"south": { "texture": "#bitterbolete", "uv": [ 2.5, 5.5, 5.5, 7.5 ] },
								"west": { "texture": "#bitterbolete", "uv": [ 2.5, 3.5, 5.0, 5.5 ] },
								"up": { "texture": "#bitterbolete", "uv": [ 4.5, 3.0, 7.5, 5.5 ] },
								"down": { "texture": "#pores", "uv": [ 10.5, 3.0, 13.5, 5.5 ] }
							},
							"children": [
								{
									"name": "Cube3",
									"from": [ 0.5, 2.0, 0.5 ], 
									"to": [ 2.5, 2.5, 2.5 ], 
									"faces": {
										"north": { "texture": "#bitterbolete", "uv": [ 10.5, 6.0, 12.5, 6.5 ] },
										"east": { "texture": "#bitterbolete", "uv": [ 7.0, 7.0, 9.0, 7.5 ] },
										"south": { "texture": "#bitterbolete", "uv": [ 10.5, 5.0, 12.5, 5.5 ] },
										"west": { "texture": "#bitterbolete", "uv": [ 9.5, 5.0, 11.5, 5.5 ] },
										"up": { "texture": "#bitterbolete", "uv": [ 13.0, 2.0, 15.0, 4.0 ] },
										"down": { "texture": "#bitterbolete", "uv": [ 0.0, 0.0, 2.0, 2.0 ], "enabled": false }
									}
								}
							]
						}
					]
				},
				{
					"name": "mycelium",
					"from": [ -5.0, 0.1, -5.0 ], 
					"to": [ 5.0, 0.1, 5.0 ], 
					"renderPass": 3,
					"rotationOrigin": [ 0.0, 0.1, 0.0 ],
					"faces": {
						"north": { "texture": "#bitterbolete", "uv": [ 0.0, 0.0, 10.0, 0.5 ], "enabled": false },
						"east": { "texture": "#bitterbolete", "uv": [ 0.0, 0.0, 10.0, 0.5 ], "enabled": false },
						"south": { "texture": "#bitterbolete", "uv": [ 0.0, 0.0, 10.0, 0.5 ], "enabled": false },
						"west": { "texture": "#bitterbolete", "uv": [ 0.0, 0.0, 10.0, 0.5 ], "enabled": false },
						"up": { "texture": "#mycelium3", "uv": [ 3.0, 3.0, 13.0, 13.0 ] },
						"down": { "texture": "#bitterbolete", "uv": [ 0.0, 0.0, 10.0, 10.0 ], "enabled": false }
					}
				}
			]
		},
		{
			"name": "origin14",
			"from": [ 24.0, 0.0, 8.0 ], 
			"to": [ 24.0, 0.0, 8.0 ], 
			"rotationOrigin": [ 24.0, 0.0, 8.0 ],
			"rotationY": -180.0,
			"faces": {
				"north": { "texture": "#bitterbolete", "uv": [ 0.0, 0.0, 0.5, 0.5 ], "enabled": false },
				"east": { "texture": "#bitterbolete", "uv": [ 0.0, 0.0, 0.5, 0.5 ], "enabled": false },
				"south": { "texture": "#bitterbolete", "uv": [ 0.0, 0.0, 0.5, 0.5 ], "enabled": false },
				"west": { "texture": "#bitterbolete", "uv": [ 0.0, 0.0, 0.5, 0.5 ], "enabled": false },
				"up": { "texture": "#bitterbolete", "uv": [ 0.0, 0.0, 0.5, 0.5 ], "enabled": false },
				"down": { "texture": "#bitterbolete", "uv": [ 0.0, 0.0, 0.5, 0.5 ], "enabled": false }
			},
			"children": [
				{
					"name": "single voxel15",
					"from": [ -1.0, 0.0, 3.0 ], 
					"to": [ 0.0, 0.5, 4.0 ], 
					"rotationOrigin": [ -0.5, 0.0, 3.5 ],
					"rotationY": 5.0,
					"faces": {
						"north": { "texture": "#bitterbolete", "uv": [ 3.0, 6.0, 4.0, 6.5 ] },
						"east": { "texture": "#bitterbolete", "uv": [ 4.0, 4.0, 5.0, 4.5 ] },
						"south": { "texture": "#bitterbolete", "uv": [ 3.0, 3.0, 4.0, 3.5 ] },
						"west": { "texture": "#bitterbolete", "uv": [ 4.0, 2.0, 5.0, 2.5 ] },
						"up": { "texture": "#bitterbolete", "uv": [ 5.0, 6.0, 6.0, 7.0 ] },
						"down": { "texture": "#pores", "uv": [ 9.0, 1.5, 10.0, 2.5 ] }
					}
				},
				{
					"name": "single voxel16",
					"from": [ -3.0, 0.0, 1.5 ], 
					"to": [ -2.0, 0.5, 2.5 ], 
					"rotationOrigin": [ -2.5, 0.0, 2.0 ],
					"rotationY": -45.0,
					"faces": {
						"north": { "texture": "#bitterbolete", "uv": [ 5.0, 12.5, 6.0, 13.0 ] },
						"east": { "texture": "#bitterbolete", "uv": [ 7.5, 11.0, 8.5, 11.5 ] },
						"south": { "texture": "#bitterbolete", "uv": [ 3.5, 10.5, 4.5, 11.0 ] },
						"west": { "texture": "#bitterbolete", "uv": [ 4.5, 12.5, 5.5, 13.0 ] },
						"up": { "texture": "#bitterbolete", "uv": [ 6.0, 10.5, 7.0, 11.5 ] },
						"down": { "texture": "#bitterbolete", "uv": [ 14.0, 13.5, 15.0, 14.5 ] }
					}
				},
				{
					"name": "tiny17",
					"from": [ 3.0, 0.0, -1.0 ], 
					"to": [ 4.0, 0.5, 0.0 ], 
					"rotationOrigin": [ 3.5, 0.0, -0.5 ],
					"rotationY": 20.0,
					"faces": {
						"north": { "texture": "#bitterbolete", "uv": [ 4.5, 11.5, 5.5, 12.0 ] },
						"east": { "texture": "#bitterbolete", "uv": [ 6.0, 13.0, 7.0, 13.5 ] },
						"south": { "texture": "#bitterbolete", "uv": [ 7.0, 10.5, 8.0, 11.0 ] },
						"west": { "texture": "#bitterbolete", "uv": [ 7.0, 15.0, 8.0, 15.5 ] },
						"up": { "texture": "#bitterbolete", "uv": [ 4.0, 5.0, 5.0, 6.0 ], "enabled": false },
						"down": { "texture": "#bitterbolete", "uv": [ 2.0, 14.0, 3.0, 15.0 ] }
					},
					"children": [
						{
							"name": "Cube18",
							"from": [ -0.1, 0.5, -0.1 ], 
							"to": [ 1.1, 1.0, 1.1 ], 
							"rotationOrigin": [ -0.1, 0.0, -0.1 ],
							"faces": {
								"north": { "texture": "#bitterbolete", "uv": [ 9.0, 5.5, 10.0, 6.0 ] },
								"east": { "texture": "#bitterbolete", "uv": [ 8.5, 5.5, 9.5, 6.0 ] },
								"south": { "texture": "#bitterbolete", "uv": [ 11.5, 7.0, 12.5, 7.5 ] },
								"west": { "texture": "#bitterbolete", "uv": [ 10.5, 4.0, 11.5, 4.5 ] },
								"up": { "texture": "#bitterbolete", "uv": [ 10.0, 1.0, 11.0, 2.0 ] },
								"down": { "texture": "#pores", "uv": [ 10.0, 5.0, 11.0, 6.0 ] }
							}
						}
					]
				},
				{
					"name": "tiny19",
					"from": [ -3.0, 0.0, -1.0 ], 
					"to": [ -2.0, 0.5, 0.0 ], 
					"rotationOrigin": [ -2.5, 0.0, -0.5 ],
					"rotationX": -2.0,
					"rotationY": 10.0,
					"rotationZ": 3.0,
					"faces": {
						"north": { "texture": "#bitterbolete", "uv": [ 9.0, 14.0, 10.0, 14.5 ] },
						"east": { "texture": "#bitterbolete", "uv": [ 9.0, 11.0, 10.0, 11.5 ] },
						"south": { "texture": "#bitterbolete", "uv": [ 6.0, 11.5, 7.0, 12.0 ] },
						"west": { "texture": "#bitterbolete", "uv": [ 9.0, 9.0, 10.0, 9.5 ] },
						"up": { "texture": "#bitterbolete", "uv": [ 4.0, 5.0, 5.0, 6.0 ], "enabled": false },
						"down": { "texture": "#bitterbolete", "uv": [ 2.0, 14.0, 3.0, 15.0 ] }
					},
					"children": [
						{
							"name": "Cube20",
							"from": [ -0.2, 0.5, -0.2 ], 
							"to": [ 1.3, 1.5, 1.3 ], 
							"faces": {
								"north": { "texture": "#bitterbolete", "uv": [ 10.5, 5.5, 12.0, 6.5 ] },
								"east": { "texture": "#bitterbolete", "uv": [ 8.0, 4.5, 9.5, 5.5 ] },
								"south": { "texture": "#bitterbolete", "uv": [ 9.0, 4.0, 10.5, 5.0 ] },
								"west": { "texture": "#bitterbolete", "uv": [ 11.0, 4.5, 12.5, 5.5 ] },
								"up": { "texture": "#bitterbolete", "uv": [ 9.0, 1.0, 10.5, 2.5 ] },
								"down": { "texture": "#pores", "uv": [ 8.5, 3.5, 10.0, 5.0 ] }
							}
						}
					]
				},
				{
					"name": "tiny21",
					"from": [ 1.0, 0.0, -4.0 ], 
					"to": [ 2.5, 0.5, -2.5 ], 
					"rotationOrigin": [ 2.0, 0.0, -3.0 ],
					"rotationX": -2.0,
					"rotationY": -6.0,
					"rotationZ": 3.0,
					"faces": {
						"north": { "texture": "#bitterbolete", "uv": [ 3.0, 13.0, 4.5, 13.5 ] },
						"east": { "texture": "#bitterbolete", "uv": [ 7.5, 12.5, 9.0, 13.0 ] },
						"south": { "texture": "#bitterbolete", "uv": [ 2.0, 8.5, 3.5, 9.0 ] },
						"west": { "texture": "#bitterbolete", "uv": [ 6.5, 15.0, 8.0, 15.5 ] },
						"up": { "texture": "#bitterbolete", "uv": [ 4.0, 5.0, 5.5, 6.5 ], "enabled": false },
						"down": { "texture": "#bitterbolete", "uv": [ 2.0, 14.0, 3.5, 15.5 ] }
					},
					"children": [
						{
							"name": "Cube22",
							"from": [ -0.2, 0.5, -0.2 ], 
							"to": [ 1.8, 2.0, 1.8 ], 
							"faces": {
								"north": { "texture": "#bitterbolete", "uv": [ 4.0, 1.0, 6.0, 2.5 ] },
								"east": { "texture": "#bitterbolete", "uv": [ 3.0, 1.5, 5.0, 3.0 ] },
								"south": { "texture": "#bitterbolete", "uv": [ 2.0, 3.5, 4.0, 5.0 ] },
								"west": { "texture": "#bitterbolete", "uv": [ 5.0, 6.0, 7.0, 7.5 ] },
								"up": { "texture": "#bitterbolete", "uv": [ 3.0, 2.0, 5.0, 4.0 ] },
								"down": { "texture": "#pores", "uv": [ 9.0, 2.0, 11.0, 4.0 ] }
							}
						}
					]
				},
				{
					"name": "medium23",
					"from": [ -1.0, 0.0, 0.0 ], 
					"to": [ 1.0, 1.0, 2.0 ], 
					"rotationOrigin": [ 0.0, 0.0, 1.0 ],
					"rotationX": -3.0,
					"rotationY": -20.0,
					"rotationZ": 2.0,
					"faces": {
						"north": { "texture": "#bitterbolete", "uv": [ 4.0, 13.0, 6.0, 14.0 ] },
						"east": { "texture": "#bitterbolete", "uv": [ 9.5, 12.5, 11.5, 13.5 ] },
						"south": { "texture": "#bitterbolete", "uv": [ 3.0, 14.0, 5.0, 15.0 ] },
						"west": { "texture": "#bitterbolete", "uv": [ 6.0, 12.0, 8.0, 13.0 ] },
						"up": { "texture": "#bitterbolete", "uv": [ 4.0, 5.0, 6.0, 7.0 ], "enabled": false },
						"down": { "texture": "#bitterbolete", "uv": [ 2.0, 14.0, 4.0, 16.0 ] }
					},
					"children": [
						{
							"name": "Cube24",
							"from": [ -0.5, 1.0, -0.5 ], 
							"to": [ 2.5, 3.0, 2.4 ], 
							"faces": {
								"north": { "texture": "#bitterbolete", "uv": [ 1.0, 5.0, 4.0, 7.0 ] },
								"east": { "texture": "#bitterbolete", "uv": [ 1.0, 2.5, 3.5, 4.5 ] },
								"south": { "texture": "#bitterbolete", "uv": [ 2.5, 5.5, 5.5, 7.5 ] },
								"west": { "texture": "#bitterbolete", "uv": [ 2.5, 3.5, 5.0, 5.5 ] },
								"up": { "texture": "#bitterbolete", "uv": [ 4.5, 3.0, 7.5, 5.5 ] },
								"down": { "texture": "#pores", "uv": [ 10.5, 3.0, 13.5, 5.5 ] }
							},
							"children": [
								{
									"name": "Cube27",
									"from": [ 0.5, 2.0, 0.5 ], 
									"to": [ 2.5, 2.5, 2.5 ], 
									"faces": {
										"north": { "texture": "#bitterbolete", "uv": [ 10.5, 6.0, 12.5, 6.5 ] },
										"east": { "texture": "#bitterbolete", "uv": [ 7.0, 7.0, 9.0, 7.5 ] },
										"south": { "texture": "#bitterbolete", "uv": [ 10.5, 5.0, 12.5, 5.5 ] },
										"west": { "texture": "#bitterbolete", "uv": [ 9.5, 5.0, 11.5, 5.5 ] },
										"up": { "texture": "#bitterbolete", "uv": [ 13.0, 2.0, 15.0, 4.0 ] },
										"down": { "texture": "#bitterbolete", "uv": [ 0.0, 0.0, 2.0, 2.0 ], "enabled": false }
									}
								}
							]
						}
					]
				},
				{
					"name": "mycelium26",
					"from": [ -5.0, 0.1, -5.0 ], 
					"to": [ 5.0, 0.1, 5.0 ], 
					"renderPass": 3,
					"rotationOrigin": [ 0.0, 0.1, 0.0 ],
					"faces": {
						"north": { "texture": "#bitterbolete", "uv": [ 0.0, 0.0, 10.0, 0.5 ], "enabled": false },
						"east": { "texture": "#bitterbolete", "uv": [ 0.0, 0.0, 10.0, 0.5 ], "enabled": false },
						"south": { "texture": "#bitterbolete", "uv": [ 0.0, 0.0, 10.0, 0.5 ], "enabled": false },
						"west": { "texture": "#bitterbolete", "uv": [ 0.0, 0.0, 10.0, 0.5 ], "enabled": false },
						"up": { "texture": "#mycelium3", "uv": [ 3.0, 3.0, 13.0, 13.0 ] },
						"down": { "texture": "#bitterbolete", "uv": [ 0.0, 0.0, 10.0, 10.0 ], "enabled": false }
					}
				}
			]
		}
	]}