{
    "code": "compostbin",
    "entityClass": "GenericTypedContainer",
    "creativeinventory": { "general": ["*-north"], "decorative": ["*-north"], "decorbazaar": ["*-north"] },
    "behaviors": [{ "name": "HorizontalOrientable" }, {name: "Container"}],
    "variantgroups": [
        {
            "code": "wood",
            "states": [
                "aged",
                "acacia",
                "baldcypress",
                "birch",
                "ebony",
                "kapok",
                "larch",
                "maple",
                "oak",
                "pine",
                "purpleheart",
                "redwood",
                "walnut"
            ]
        },
        {
            "code": "side",
            "loadFromProperties": "abstract/horizontalorientation"
        }
    ],
	attributes: {
		inventoryClassName: "chest",
		"handbook": { groupBy: ["compostbin-*"] },
		dialogTitleLangCode: "vesselcontents",
		defaultType: "normal",
		types: ["normal"],
		"quantitySlots": "12",
		drop: {
			"normal": true
		},
		quantitySlots: {
			"normal": 12
		},
		dialogTitleLangCode: {
			"normal": "vesselcontents"
		},
		storageType: {
			"normal": 32
		},
		retrieveOnly: {
			"normal": false
		},
		spoilSpeedMulByFoodCat: {
			"normal": {
				"vegetable": 2.0,
				"grain": 2.0
			}
		},
},
shapeByType: {

         "*-north": { base: "block/gardendecor/compostbin", rotateY: 0 },
         "*-east": { base: "block/gardendecor/compostbin", rotateY: 270 },
         "*-south": { base: "block/gardendecor/compostbin", rotateY: 180 },
         "*-west": { base: "block/gardendecor/compostbin", rotateY: 90 }
     },
    "blockmaterial": "Wood",
  "lightAbsorption": 0,
    "sidesolid": {
        "all": "false"
    },
    "sideopaque": {
        "all": "false"
    },
    "drawtype": "json",
    "texturesByType": {
        "*": {
            "wood": {
                "base": "game:block/wood/planks/{wood}1"
            }
        }
    },
    "resistance": 1.0,
    "sounds": {
        "place": "game:block/planks",
        "walk": "game:walk/stone"
    },
	guiTransform: {
		rotation: { x: -22.6, y: 148, z: 0 }
	}
}
