{
    "code": "pottingbench",
    "entityClass": "GenericContainer",
    "creativeinventory": { "general": ["*-north"], "decorative": ["*-north"], "decorbazaar": ["*-north"] },
    "behaviors": [{ "name": "HorizontalOrientable" }, {name: "Container"}],
    "variantgroups": [{ "code": "side", "loadFromProperties": "abstract/horizontalorientation" }],
	attributes: {
		"inventoryClassName": "Cabinet",
		"quantitySlots": "12",
		"dialogTitleLangCode": "Cabinet Storage"
	},
    "shape": {
        "base": "block/gardendecor/pottingbench",
        "rotateYByType": {
            "*-north": 180,
            "*-east": 90,
            "*-south": 0,
            "*-west": 270
        }
    },
    "blockmaterial": "stone",
  "lightAbsorption": 0,
    "sidesolid": {
        "all": "false"
    },
    "sideopaque": {
        "all": "false"
    },
    "drawtype": "json",
    "resistance": 3.5,
    "guiTransform": {
		rotation: { x: -31, y: 154, z: -2 },
		scale: 0.9
	},
    "sounds": {
        "place": "game:block/planks",
        "walk": "game:walk/stone"
    }
}