[
    {
      "__comment": "billboard",
      "ingredientPattern": "NHN,PPP,PPP",
      "ingredients": {
        "H": { "type": "item", "code": "game:hammer-*", "isTool": true },
        "N": {
          "type": "item",
          "code": "game:metalnailsandstrips-*",
          "quantity": 2
        },
        "P": {
          "type": "item",
          "code": "game:plank-*",
          "quantity": 8,
          "name": "wood"
        }
      },
      "width": 3,
      "height": 3,
      "output": { "type": "block", "code": "sign-bigboard-{wood}-wall-north" }
    },
    {
      "__comment": "billboard2",
      "ingredientPattern": "NHN,PPP,PPP",
      "ingredients": {
        "H": { "type": "item", "code": "game:hammer-*", "isTool": true },
        "S": { "type": "item", "code": "game:saw-*", "isTool": true },
        "N": {
          "type": "item",
          "code": "game:metalnailsandstrips-*",
          "quantity": 4
        },
        "P": {
          "type": "block",
          "code": "game:plaster-plain",
          "quantity": 4,
          "name": "wood"
        }
      },
      "width": 3,
      "height": 3,
      "output": { "type": "block", "code": "sign-bigboard2-plaster-wall-north" }
    },
    {
      "__comment": "3x3board",
      "ingredientPattern": "NHN,PPP,P_P",
      "ingredients": {
        "H": { "type": "item", "code": "game:hammer-*", "isTool": true },
        "N": {
          "type": "item",
          "code": "game:metalnailsandstrips-*",
          "quantity": 1
        },
        "P": {
          "type": "item",
          "code": "game:plank-*",
          "quantity": 6,
          "name": "wood"
        }
      },
      "width": 3,
      "height": 3,
      "output": { "type": "block", "code": "sign-3x3board-{wood}-wall-north" }
    },
    {
      "__comment": "3x3board2",
      "ingredientPattern": "NHN,PPP,P_P",
      "ingredients": {
        "H": { "type": "item", "code": "game:hammer-*", "isTool": true },
        "S": { "type": "item", "code": "game:saw-*", "isTool": true },
        "N": {
          "type": "item",
          "code": "game:metalnailsandstrips-*",
          "quantity": 2
        },
        "P": {
          "type": "block",
          "code": "game:plaster-plain",
          "quantity": 3,
          "name": "wood"
        }
      },
      "width": 3,
      "height": 3,
      "output": { "type": "block", "code": "sign-3x3board2-plaster-wall-north" }
    },
    {
      "__comment": "3x2board",
      "ingredientPattern": "NHN,PPP",
      "ingredients": {
        "H": { "type": "item", "code": "game:hammer-*", "isTool": true },
        "N": {
          "type": "item",
          "code": "game:metalnailsandstrips-*",
          "quantity": 2
        },
        "P": {
          "type": "item",
          "code": "game:plank-*",
          "quantity": 6,
          "name": "wood"
        }
      },
      "width": 3,
      "height": 2,
      "output": { "type": "block", "code": "sign-3x2board-{wood}-wall-north" }
    },
    {
      "__comment": "3x2board2",
      "ingredientPattern": "NHN,PPP",
      "ingredients": {
        "H": { "type": "item", "code": "game:hammer-*", "isTool": true },
        "S": { "type": "item", "code": "game:saw-*", "isTool": true },
        "N": {
          "type": "item",
          "code": "game:metalnailsandstrips-*",
          "quantity": 4
        },
        "P": {
          "type": "block",
          "code": "game:plaster-plain",
          "quantity": 3,
          "name": "wood"
        }
      },
      "width": 3,
      "height": 2,
      "output": { "type": "block", "code": "sign-3x2board2-plaster-wall-north" }
    }
]