[
  {
    "name": "enchantment-durable",
    "processingHours": 1,
    "ingredients": {
      "armor": {
        "type": "item",
        "code": "game:armor-*-*-*"
      },
      "arrow": {
        "type": "item",
        "code": "game:arrow-*",
        "quantity": 64
      },
      "axe": {
        "type": "item",
        "code": "game:axe-*-*"
      },
      "blade": {
        "type": "item",
        "code": "game:blade-*-*"
      },
      "bow": {
        "type": "item",
        "code": "game:bow-*"
      },
      "bugnet": {
        "type": "item",
        "code": "game:bugnet-*"
      },
      "bullets": {
        "type": "item",
        "code": "game:bullets-*",
        "quantity": 64
      },
      "chisel": {
        "type": "item",
        "code": "game:chisel-*",
        "quantity": 1
      },
      "cleaver": {
        "type": "item",
        "code": "game:cleaver-*"
      },
      "club": {
        "type": "item",
        "code": "game:club-*-*"
      },
      "hammer": {
        "type": "item",
        "code": "game:hammer-*"
      },
      "hoe": {
        "type": "item",
        "code": "game:hoe-*-*"
      },
      "knife": {
        "type": "item",
        "code": "game:knife-*-*"
      },
      "pickaxe": {
        "type": "item",
        "code": "game:pickaxe-*"
      },
      "plumbandsquare": {
        "type": "item",
        "code": "game:plumbandsquare"
      },
      "prospectingpick": {
        "type": "item",
        "code": "game:prospectingpick-*"
      },
      "saw": {
        "type": "item",
        "code": "game:saw-*"
      },
      "scythe": {
        "type": "item",
        "code": "game:scythe-*"
      },
      "shears": {
        "type": "item",
        "code": "game:shears-*"
      },
      "shovel": {
        "type": "item",
        "code": "game:shovel-*"
      },
      "sling": {
        "type": "item",
        "code": "game:sling"
      },
      "solderingiron": {
        "type": "item",
        "code": "game:solderingiron"
      },
      "spear": {
        "type": "item",
        "code": "game:spear-*-*"
      },
      "wrench": {
        "type": "item",
        "code": "game:wrench-*"
      }
    },
    "enchantments": {
      "durable": 5
    }
  }
]