{
    "code": "planter2x1",
    "classByType": {
        "*-raw-*": "Block",
        "*": "Planter2x1"
    },
    "entityClass": "PlantContainer",
    "behaviorsByType": {
        "*-raw-*": [
            {
                "name": "FancyPlanters.BbName",
                "properties": {
                    "main": "block-clayplanter-{type}",
                    "parts": [" (2x1)"]
                }
            },
            { "name": "GroundStorable", "properties": { "collisionBox": { "x1": 0.125, "y1": 0, "z1": 0.3377, "x2": 0.875, "y2": 0.25, "z2": 0.6623 } } },
            { "name": "Unplaceable" },
            { "name": "RightClickPickup" }
        ],
        "*": [
            {
                "name": "FancyPlanters.BbName",
                "properties": {
                    "main": "block-clayplanter-{type}",
                    "parts": [" (2x1)"]
                }
            },
            { "name": "HorizontalOrientable" },
            {
                "name": "Multiblock",
                "propertiesByType": {
                    "*-north": { "sizex": 2, "sizey": 1, "sizez": 1, "cposition": { "x": 0, "y": 0, "z": 0 } },
                    "*-east": { "sizex": 1, "sizey": 1, "sizez": 2, "cposition": { "x": 0, "y": 0, "z": 0 } },
                    "*-south": { "sizex": 2, "sizey": 1, "sizez": 1, "cposition": { "x": 1, "y": 0, "z": 0 } },
                    "*-west": { "sizex": 1, "sizey": 1, "sizez": 2, "cposition": { "x": 0, "y": 0, "z": 1 } }
                }
            }
        ]
    },
    "attributes": {
        "sitHeight": 0.75,
        "beeFeedByType": { "*-empty": false, "*": true },
        "butterflyFeedByType": { "*-empty": false, "*": true },
        "plantContainerSize": "fplanter2x1",
        "filledShape": { "base": "block/clay/planter2x1/full" },
        "fillHeight": 0.5,
        "groundStorageTransform": {
            "translation": { "x": -0.127, "y": 0, "z": 0 },
            "origin": { "x": 0.5, "y": 0, "z": 0.5 },
            "scale": 0.65
        }
    },
    "variantgroups": [
        { "code": "type", "states": ["raw", "burnt", "amber", "ashforest", "copper", "cthonic", "earthern", "loam", "ochre", "rime", "seasalt", "tenmoku", "undergrowth"] },
        { "code": "side", "loadFromProperties": "abstract/horizontalorientation" }
    ],
    "creativeinventory": { "general": ["*-north"], "decorative": ["*-north"], "fancyplanters": ["*-north"] },
    "shapeByType": {
        "*-raw-*": { "base": "block/clay/planter2x1/raw" },
        "*": { "base": "block/clay/planter2x1/empty" }
    },
    "blockmaterial": "Ceramic",
    "replaceable": 900,
    "resistance": 1.5,
    "lightAbsorption": 1,
    "maxStackSize": 4,
    "texturesByType": {
        "*-raw-*": { "all": { "base": "game:block/clay/blueclay" } },
        "*-burnt-*": {
            "sides": { "base": "game:block/clay/ceramic" },
            "ceramic": { "base": "game:block/clay/ceramic" },
            "soil": { "base": "game:block/clay/planter/soil" }
        },
        "*": {
            "sides": { "base": "game:block/clay/planter/{type}" },
            "soil": { "base": "game:block/clay/planter/soil" }
        }
    },
    "heldTpIdleAnimation": "holdbothhandslarge",
    "heldTpUseAnimation": "twohandplaceblock",
    "sidesolid": { "all": false },
    "sideopaque": { "all": false },
    "emitsideao": { "all": false },
    "combustiblePropsByType": {
        "planter2x1-raw-north": {
            "meltingPoint": 600,
            "meltingDuration": 30,
            "smeltedRatio": 1,
            "smeltingType": "fire",
            "smeltedStack": { "type": "block", "code": "planter2x1-burnt-north" },
            "requiresContainer": false
        }
    },
    "collisionSelectionBox": {
        "x1": 0.125,
        "y1": 0,
        "z1": 0.125,
        "x2": 1,
        "y2": 0.5625,
        "z2": 0.875,
        "rotateYByType": {
            "*-east": 270,
            "*-west": 90,
            "*-south": 180
        }
    },
    "guiTransform": {
        "origin": { "x": 1, "y": 0.5, "z": 0.5 },
        "scale": 0.85
    },
    "fpHandTransform": {
        "rotation": { "x": 0, "y": 0, "z": 0 }
    },
    "tpHandTransform": {
        "translation": { "x": -1.65, "y": -0.6, "z": -0.9 },
        "rotation": { "x": -80, "y": 13, "z": -104 },
        "scale": 0.5
    }
}
