{
	"editor": {
		"allAngles": true,
		"entityTextureMode": false
	},
	"textureWidth": 16,
	"textureHeight": 16,
	"textureSizes": {
	},
	"textures": {
		"birchbolete": "mycodiversity:block/plant/mushroom/birchbolete/birchbolete"
	},
	"elements": [
		{
			"name": "origin",
			"from": [ 8.0, 0.0, 8.0 ],
			"to": [ 8.0, 0.0, 8.0 ],
			"rotationOrigin": [ 8.0, 0.0, 8.0 ],
			"faces": {
			},
			"children": [
				{
					"name": "single voxel25",
					"from": [ 3.0, 0.0, 5.0 ],
					"to": [ 4.0, 0.5, 6.0 ],
					"rotationOrigin": [ 3.5, 0.0, 5.5 ],
					"rotationY": 6.0,
					"faces": {
						"north": { "texture": "#birchbolete", "uv": [ 12.5, 4.0, 13.5, 4.5 ] },
						"east": { "texture": "#birchbolete", "uv": [ 11.5, 3.0, 12.5, 3.5 ] },
						"south": { "texture": "#birchbolete", "uv": [ 10.5, 4.5, 11.5, 5.0 ] },
						"west": { "texture": "#birchbolete", "uv": [ 10.5, 3.0, 11.5, 3.5 ] },
						"up": { "texture": "#birchbolete", "uv": [ 10.0, 3.5, 11.0, 4.5 ] },
						"down": { "texture": "#birchbolete", "uv": [ 11.5, 9.5, 12.5, 10.5 ] }
					}
				},
				{
					"name": "tiny22",
					"from": [ 2.0, -0.1, -4.0 ],
					"to": [ 3.0, 0.4, -3.0 ],
					"rotationOrigin": [ 2.5, -0.1, -3.5 ],
					"rotationX": 4.0,
					"rotationY": -14.0,
					"rotationZ": -9.0,
					"faces": {
						"north": { "texture": "#birchbolete", "uv": [ 10.5, 12.0, 11.5, 12.5 ] },
						"east": { "texture": "#birchbolete", "uv": [ 12.0, 11.5, 13.0, 12.0 ] },
						"south": { "texture": "#birchbolete", "uv": [ 12.0, 12.0, 13.0, 12.5 ] },
						"west": { "texture": "#birchbolete", "uv": [ 11.0, 12.0, 12.0, 12.5 ] },
						"down": { "texture": "#birchbolete", "uv": [ 11.5, 11.5, 12.5, 12.5 ] }
					},
					"children": [
						{
							"name": "Cube26",
							"from": [ -0.2, 0.5, -0.2 ],
							"to": [ 1.3, 2.0, 1.3 ],
							"faces": {
								"north": { "texture": "#birchbolete", "uv": [ 11.5, 6.0, 13.0, 7.5 ] },
								"east": { "texture": "#birchbolete", "uv": [ 6.0, 3.0, 7.5, 4.5 ] },
								"south": { "texture": "#birchbolete", "uv": [ 10.0, 2.5, 11.5, 4.0 ] },
								"west": { "texture": "#birchbolete", "uv": [ 9.5, 4.5, 11.0, 6.0 ] },
								"up": { "texture": "#birchbolete", "uv": [ 8.5, 6.0, 10.0, 7.5 ] },
								"down": { "texture": "#birchbolete", "uv": [ 4.0, 12.0, 5.5, 13.5 ] }
							}
						}
					]
				},
				{
					"name": "tiny20",
					"from": [ -4.0, -0.1, -2.0 ],
					"to": [ -3.0, 0.4, -1.0 ],
					"rotationOrigin": [ -3.5, -0.1, -1.5 ],
					"rotationX": 3.0,
					"rotationY": -20.0,
					"rotationZ": 8.0,
					"faces": {
						"north": { "texture": "#birchbolete", "uv": [ 12.0, 13.0, 13.0, 13.5 ] },
						"east": { "texture": "#birchbolete", "uv": [ 12.0, 12.0, 13.0, 12.5 ] },
						"south": { "texture": "#birchbolete", "uv": [ 10.0, 13.5, 11.0, 14.0 ] },
						"west": { "texture": "#birchbolete", "uv": [ 9.0, 9.0, 10.0, 9.5 ] },
						"down": { "texture": "#birchbolete", "uv": [ 11.5, 10.5, 12.5, 11.5 ] }
					},
					"children": [
						{
							"name": "Cube21",
							"from": [ -0.2, 0.5, -0.2 ],
							"to": [ 1.3, 1.5, 1.3 ],
							"faces": {
								"north": { "texture": "#birchbolete", "uv": [ 12.5, 1.5, 14.0, 2.5 ] },
								"east": { "texture": "#birchbolete", "uv": [ 13.0, 1.0, 14.5, 2.0 ] },
								"south": { "texture": "#birchbolete", "uv": [ 10.0, 1.5, 11.5, 2.5 ] },
								"west": { "texture": "#birchbolete", "uv": [ 9.0, 3.0, 10.5, 4.0 ] },
								"up": { "texture": "#birchbolete", "uv": [ 9.5, 5.0, 11.0, 6.5 ] },
								"down": { "texture": "#birchbolete", "uv": [ 3.0, 11.0, 4.5, 12.5 ] }
							}
						}
					]
				},
				{
					"name": "tiny24",
					"from": [ 4.0, 0.0, 5.0 ],
					"to": [ 5.5, 0.5, 6.5 ],
					"rotationOrigin": [ 5.0, 0.0, 6.0 ],
					"rotationX": 4.0,
					"rotationY": -13.0,
					"faces": {
						"north": { "texture": "#birchbolete", "uv": [ 9.5, 13.0, 11.0, 13.5 ] },
						"east": { "texture": "#birchbolete", "uv": [ 11.0, 11.5, 12.5, 12.0 ] },
						"south": { "texture": "#birchbolete", "uv": [ 12.0, 10.5, 13.5, 11.0 ] },
						"west": { "texture": "#birchbolete", "uv": [ 9.0, 9.0, 10.5, 9.5 ] },
						"down": { "texture": "#birchbolete", "uv": [ 10.0, 11.0, 11.5, 12.5 ] }
					},
					"children": [
						{
							"name": "Cube25",
							"from": [ -0.2, 0.5, -0.2 ],
							"to": [ 1.8, 2.0, 1.8 ],
							"faces": {
								"north": { "texture": "#birchbolete", "uv": [ 13.0, 4.0, 15.0, 5.5 ] },
								"east": { "texture": "#birchbolete", "uv": [ 11.5, 5.0, 13.5, 6.5 ] },
								"south": { "texture": "#birchbolete", "uv": [ 9.0, 3.0, 11.0, 4.5 ] },
								"west": { "texture": "#birchbolete", "uv": [ 10.5, 5.5, 12.5, 7.0 ] },
								"up": { "texture": "#birchbolete", "uv": [ 11.5, 3.5, 13.5, 5.5 ] },
								"down": { "texture": "#birchbolete", "uv": [ 3.5, 11.0, 5.5, 13.0 ] }
							}
						}
					]
				},
				{
					"name": "tiny21",
					"from": [ 1.0, 0.0, 0.0 ],
					"to": [ 2.0, 0.5, 1.0 ],
					"rotationOrigin": [ 1.5, 0.0, 0.5 ],
					"rotationX": 2.0,
					"rotationY": -22.0,
					"rotationZ": 3.0,
					"faces": {
						"north": { "texture": "#birchbolete", "uv": [ 11.0, 12.5, 12.0, 13.0 ] },
						"east": { "texture": "#birchbolete", "uv": [ 13.0, 14.5, 14.0, 15.0 ] },
						"south": { "texture": "#birchbolete", "uv": [ 12.5, 10.0, 13.5, 10.5 ] },
						"west": { "texture": "#birchbolete", "uv": [ 9.0, 10.5, 10.0, 11.0 ] },
						"down": { "texture": "#birchbolete", "uv": [ 11.0, 11.5, 12.0, 12.5 ] }
					},
					"children": [
						{
							"name": "Cube22",
							"from": [ -0.2, 0.5, -0.2 ],
							"to": [ 1.3, 1.0, 1.3 ],
							"faces": {
								"north": { "texture": "#birchbolete", "uv": [ 5.0, 3.5, 6.5, 4.0 ] },
								"east": { "texture": "#birchbolete", "uv": [ 2.5, 1.5, 4.0, 2.0 ] },
								"south": { "texture": "#birchbolete", "uv": [ 2.5, 1.0, 4.0, 1.5 ] },
								"west": { "texture": "#birchbolete", "uv": [ 4.5, 5.5, 6.0, 6.0 ] },
								"up": { "texture": "#birchbolete", "uv": [ 8.0, 4.0, 9.5, 5.5 ] },
								"down": { "texture": "#birchbolete", "uv": [ 4.5, 2.5, 6.0, 4.0 ] }
							}
						}
					]
				},
				{
					"name": "large",
					"from": [ 0.0, -0.1, -3.0 ],
					"to": [ 2.5, 3.9, -0.5 ],
					"rotationOrigin": [ 1.0, -0.1, -2.0 ],
					"rotationX": 7.0,
					"rotationY": 23.0,
					"rotationZ": 4.0,
					"faces": {
						"north": { "texture": "#birchbolete", "uv": [ 11.5, 9.5, 14.0, 13.5 ] },
						"east": { "texture": "#birchbolete", "uv": [ 12.0, 11.5, 14.5, 15.5 ] },
						"south": { "texture": "#birchbolete", "uv": [ 11.5, 10.0, 14.0, 14.0 ] },
						"west": { "texture": "#birchbolete", "uv": [ 12.0, 11.5, 14.5, 15.5 ] },
						"down": { "texture": "#birchbolete", "uv": [ 12.5, 13.0, 15.0, 15.5 ] }
					},
					"children": [
						{
							"name": "Cube16",
							"from": [ -1.2, 4.0, -1.2 ],
							"to": [ 3.8, 6.0, 3.8 ],
							"faces": {
								"north": { "texture": "#birchbolete", "uv": [ 3.0, 4.5, 8.0, 6.5 ] },
								"east": { "texture": "#birchbolete", "uv": [ 2.5, 4.0, 7.5, 6.0 ] },
								"south": { "texture": "#birchbolete", "uv": [ 1.0, 3.5, 6.0, 5.5 ] },
								"west": { "texture": "#birchbolete", "uv": [ 1.5, 0.5, 6.5, 2.5 ] },
								"up": { "texture": "#birchbolete", "uv": [ 1.0, 1.0, 6.0, 6.0 ] },
								"down": { "texture": "#birchbolete", "uv": [ 1.0, 9.5, 6.0, 14.5 ] }
							},
							"children": [
								{
									"name": "Cube23",
									"from": [ 0.5, 2.0, 0.5 ],
									"to": [ 4.5, 2.5, 4.5 ],
									"rotationOrigin": [ -4.0, 0.0, -4.0 ],
									"faces": {
										"north": { "texture": "#birchbolete", "uv": [ 2.0, 5.5, 6.0, 6.0 ] },
										"east": { "texture": "#birchbolete", "uv": [ 2.0, 4.5, 6.0, 5.0 ] },
										"south": { "texture": "#birchbolete", "uv": [ 2.5, 4.5, 6.5, 5.0 ] },
										"west": { "texture": "#birchbolete", "uv": [ 2.0, 6.5, 6.0, 7.0 ] },
										"up": { "texture": "#birchbolete", "uv": [ 2.0, 1.5, 6.0, 5.5 ] }
									},
									"children": [
										{
											"name": "Cube24",
											"from": [ 1.0, 0.5, 1.0 ],
											"to": [ 3.0, 1.0, 3.0 ],
											"rotationOrigin": [ 4.0, 0.0, 4.0 ],
											"faces": {
												"north": { "texture": "#birchbolete", "uv": [ 4.0, 3.0, 6.0, 3.5 ] },
												"east": { "texture": "#birchbolete", "uv": [ 4.0, 5.0, 6.0, 5.5 ] },
												"south": { "texture": "#birchbolete", "uv": [ 4.0, 1.5, 6.0, 2.0 ] },
												"west": { "texture": "#birchbolete", "uv": [ 4.5, 4.0, 6.5, 4.5 ] },
												"up": { "texture": "#birchbolete", "uv": [ 12.5, 1.0, 14.5, 3.0 ] }
											}
										}
									]
								}
							]
						},
						{
							"name": "Cube1",
							"from": [ -0.5, 0.5, -0.5 ],
							"to": [ 3.0, 3.5, 3.0 ],
							"rotationOrigin": [ -0.5, 0.5, -0.5 ],
							"faces": {
								"north": { "texture": "#birchbolete", "uv": [ 12.0, 10.5, 15.5, 13.5 ] },
								"east": { "texture": "#birchbolete", "uv": [ 11.5, 10.5, 15.0, 13.5 ] },
								"south": { "texture": "#birchbolete", "uv": [ 10.5, 9.5, 14.0, 12.5 ] },
								"west": { "texture": "#birchbolete", "uv": [ 12.5, 11.5, 16.0, 14.5 ] },
								"up": { "texture": "#birchbolete", "uv": [ 8.5, 10.5, 12.0, 14.0 ] },
								"down": { "texture": "#birchbolete", "uv": [ 11.5, 10.5, 15.0, 14.0 ] }
							}
						}
					]
				},
				{
					"name": "medium",
					"from": [ -3.0, 0.0, 0.0 ],
					"to": [ -1.0, 1.0, 2.0 ],
					"rotationOrigin": [ -2.0, 0.0, 1.0 ],
					"rotationX": 3.0,
					"rotationY": -2.0,
					"rotationZ": 2.0,
					"faces": {
						"north": { "texture": "#birchbolete", "uv": [ 13.0, 11.5, 15.0, 12.5 ] },
						"east": { "texture": "#birchbolete", "uv": [ 13.5, 11.5, 15.5, 12.5 ] },
						"south": { "texture": "#birchbolete", "uv": [ 9.0, 11.0, 11.0, 12.0 ] },
						"west": { "texture": "#birchbolete", "uv": [ 12.0, 11.5, 14.0, 12.5 ] },
						"down": { "texture": "#birchbolete", "uv": [ 12.0, 10.5, 14.0, 12.5 ] }
					},
					"children": [
						{
							"name": "Cube2",
							"from": [ -0.5, 1.0, -0.5 ],
							"to": [ 2.5, 2.5, 2.5 ],
							"faces": {
								"north": { "texture": "#birchbolete", "uv": [ 9.0, 5.0, 12.0, 6.5 ] },
								"east": { "texture": "#birchbolete", "uv": [ 11.0, 4.5, 14.0, 6.0 ] },
								"south": { "texture": "#birchbolete", "uv": [ 11.0, 6.0, 14.0, 7.5 ] },
								"west": { "texture": "#birchbolete", "uv": [ 10.5, 6.0, 13.5, 7.5 ] },
								"up": { "texture": "#birchbolete", "uv": [ 10.5, 2.0, 13.5, 5.0 ] },
								"down": { "texture": "#birchbolete", "uv": [ 3.5, 10.0, 6.5, 13.0 ] }
							},
							"children": [
								{
									"name": "Cube3",
									"from": [ 0.5, 1.5, 0.5 ],
									"to": [ 2.5, 2.0, 2.5 ],
									"faces": {
										"north": { "texture": "#birchbolete", "uv": [ 10.0, 2.0, 12.0, 2.5 ] },
										"east": { "texture": "#birchbolete", "uv": [ 9.0, 4.5, 11.0, 5.0 ] },
										"south": { "texture": "#birchbolete", "uv": [ 10.5, 4.0, 12.5, 4.5 ] },
										"west": { "texture": "#birchbolete", "uv": [ 11.0, 3.0, 13.0, 3.5 ] },
										"up": { "texture": "#birchbolete", "uv": [ 11.5, 2.0, 13.5, 4.0 ] }
									}
								}
							]
						}
					]
				}
			]
		}
	]}