[
  {
    "op": "add",
    "path": "/server/behaviors/11/aitasks/16",
    "file": "viverridae:entities/land/nandiniidae.json",
    "value": {
      "code": "fleeentity",
      "entityCodes": [
        "scarecrow"
      ],
      "priority": 1.6,
      "movespeedByType": {
        "*-adult-*-nandiniabinotata": 0.04,
        "*-baby-*-nandiniabinotata": 0.03
      },
      "animationSpeedByType": {
        "*-adult-male-nandiniabinotata": 2.7,
        "*-adult-female-nandiniabinotata": 3,
        "*-baby-*-nandiniabinotata": 4,
        "*": 1
      },
      "seekingRange": 16,
      "animation": "Canter"
    },
    "side": "server"
  },
  {
    "op": "add",
    "path": "/server/behaviors/11/aitasks/17",
    "file": "viverridae:entities/land/nandiniidae.json",
    "value": {
      "code": "fleeentity",
      "entityCodes": [
        "little-scarecrow"
      ],
      "priority": 1.59,
      "movespeedByType": {
        "*-adult-*-nandiniabinotata": 0.04,
        "*-baby-*-nandiniabinotata": 0.03
      },
      "animationSpeedByType": {
        "*-adult-male-nandiniabinotata": 2.7,
        "*-adult-female-nandiniabinotata": 3,
        "*-baby-*-nandiniabinotata": 4,
        "*": 1
      },
      "seekingRange": 8,
      "animation": "Canter"
    },
    "side": "server"
  },
  {
    "op": "add",
    "path": "/server/behaviors/11/aitasks/18",
    "file": "viverridae:entities/land/nandiniidae.json",
    "value": {
      "code": "fleeentity",
      "entityCodes": [
        "strawdummy"
      ],
      "priority": 1.59,
      "movespeedByType": {
        "*-adult-*-nandiniabinotata": 0.04,
        "*-baby-*-nandiniabinotata": 0.03
      },
      "animationSpeedByType": {
        "*-adult-male-nandiniabinotata": 2.7,
        "*-adult-female-nandiniabinotata": 3,
        "*-baby-*-nandiniabinotata": 4,
        "*": 1
      },
      "seekingRange": 4,
      "animation": "Canter"
    },
    "side": "server"
  },
  {
    "op": "replace",
    "path": "/server/behaviors/11/aitasks/16/seekingRange",
    "file": "viverridae:entities/land/nandiniidae.json",
    "condition": {
      "when": "Scarecrow_Blockingradius_Scarecrow",
      "useValue": true
    },
    "side": "server"
  },
  {
    "op": "replace",
    "path": "/server/behaviors/11/aitasks/17/seekingRange",
    "file": "viverridae:entities/land/nandiniidae.json",
    "condition": {
      "when": "Scarecrow_Blockingradius_LittleScarecrow",
      "useValue": true
    },
    "side": "server"
  },
  {
    "op": "replace",
    "path": "/server/behaviors/11/aitasks/18/seekingRange",
    "file": "viverridae:entities/land/nandiniidae.json",
    "condition": {
      "when": "Scarecrow_Blockingradius_Strawdummy",
      "useValue": true
    },
    "side": "server"
  }
]