{
  "code": "ovenwglassfancy",
  "class": "BlockClayOven",
  "entityClass": "Oven",
  "attributes": {
    "handbook": {
      "extraSections": [
        {
          "text": "clayoven-handbook-help-text",
          "title": "clayoven-handbook-help-title"
        }
      ],
      "groupBy": [ "clayoven-*" ]
    },
    "ovenFuelShape": "game:block/clay/ovenfuel"
  },
  "creativeinventory": {
    "general": [ "*-north" ],
    "decorative": [ "*-north" ],
    "decorbazaar": [ "*-north" ]
  },
  "behaviors": [ { "name": "HorizontalOrientable" } ],
  "variantgroups": [
    {
      "code": "side",
      "loadFromProperties": "abstract/horizontalorientation"
    }
  ],
  "shape": {
    "base": "block/stoves/ovenwglassfancy",
    "rotateYByType": {
      "*-north": 0,
      "*-east": 270,
      "*-south": 180,
      "*-west": 90
    }
  },
  "blockmaterial": "stone",
  "lightAbsorption": 0,
  "sidesolid": {
    "all": "false"
  },
  "sideopaque": {
    "all": "false"
  },
  "drawtype": "json",
  "resistance": 3.5,
  "sounds": {
    "place": "game:block/planks",
    "walk": "game:walk/stone"
  },
  "guiTransform": {
    "rotation": {
      "x": -22.6,
      "y": 139,
      "z": 0
    }
  },
	selectionBox: { x1: 0, y1: 0, z1: 0, x2: 1, y2: 0.625, z2: 1 },
	"particleProperties": [
		{
			hsvaColor: [{ avg: 0, var: 0 }, { avg: 0, var: 0 }, { avg: 40, var: 30 }, { avg: 220, var: 50 }],
			opacityEvolve: { transform: "quadratic", factor: -16 },
			gravityEffect: { avg: 0, var: 0 },
			posOffset: [ { avg: 0, var: 0.2 }, { avg: -0.4, var: 0 }, { avg: 0, var: 0.2 }],
			velocity: [ { avg: 0, var: 0.05 }, { avg: 0.1, var: 0.05 }, { avg: 0, var: 0.05 }],
			quantity: { avg: 0 },
			terrainCollision: false,
			size: { avg: 0.4, var: 0.04 },
			sizeEvolve: { transform: "quadratic", factor: 0.5 },
			particleModel: "Quad",
			lifeLength: { avg: 0.8, var: 0.21 },
			vertexFlags: 1
		},
		{
			hsvaColor: [{ avg: 11, var: 3 }, { avg: 238, var: 7 }, { avg: 136, var: 30 }, { avg: 220, var: 50 }],
			opacityEvolve: { transform: "quadratic", factor: -32 },
			gravityEffect: { avg: 0, var: 0 },
			posOffset: [ { avg: 0, var: 0.005 }, { avg: -0.4, var: 0.01 }, { avg: 0, var: 0.005 }],
			velocity: [ { avg: 0, var: 0.05 }, { avg: 0.02, var: 0.01 }, { avg: 0, var: 0.05 }],
			quantity: { avg: 0 },
			terrainCollision: false,
			size: { avg: 0.18, var: 0.03 },
			sizeEvolve: { transform: "quadratic", factor: -0.4 },
			particleModel: "Quad",
			lifeLength: { avg: 0.3, var: 0.06 },
			vertexFlags: 1
		},
		{
			hsvaColor: [{ avg: 26, var: 8 }, { avg: 245, var: 7 }, { avg: 236, var: 19 }, { avg: 30, var: 50 }],
			opacityEvolve: { transform: "quadratic", factor: 32 },
			gravityEffect: { avg: 0, var: 0 },
			posOffset: [ { avg: 0, var: 0.01 }, { avg: -0.4, var: 0.02 }, { avg: 0, var: 0.01 }],
			velocity: [ { avg: 0, var: 0.04 }, { avg: 0.03, var: 0.02 }, { avg: 0, var: 0.04 }],
			quantity: { avg: 0 },
			terrainCollision: false,
			size: { avg: 0.23, var: 0.03 },
			sizeEvolve: { transform: "quadratic", factor: -0.2 },
			particleModel: "Quad",
			lifeLength: { avg: 0.3, var: 0.04 },
			vertexFlags: 1
		},
		{
			hsvaColor: [{ avg: 49, var: 5 }, { avg: 178, var: 7 }, { avg: 250, var: 5 }, { avg: 30, var: 50 }],
			opacityEvolve: { transform: "quadratic", factor: 32 },
			gravityEffect: { avg: 0, var: 0 },
			posOffset: [ { avg: 0, var: 0.015 }, { avg: -0.4, var: 0.03 }, { avg: 0, var: 0.015 }],
			velocity: [ { avg: 0, var: 0.03 }, { avg: 0.04, var: 0.03 }, { avg: 0, var: 0.03 }],
			quantity: { avg: 0 },
			terrainCollision: false,
			size: { avg: 0.3, var: 0.04 },
			sizeEvolve: { transform: "quadratic", factor: 0.4 },
			particleModel: "Quad",
			lifeLength: { avg: 0.2, var: 0.02 },
			vertexFlags: 1
		}
  ]
}