{
  "code": "stonestove",
  "class": "BlockFirepit",
  "entityClass": "DecorBazaarStove",
  "attributes": {
    "handbook": {
      "extraSections": [
        {
          "title": "clayoven-handbook-help-title",
          "text": "clayoven-handbook-help-text"
        }
      ],
      "groupBy": [ "clayoven-*" ]
    }
  },
  "creativeinventory": {
    "general": [ "*-north-extinct" ],
    "decorative": [ "*-north-extinct" ],
    "decorbazaar": [ "*-north-extinct" ]
  },
  "behaviorsByType": {
    "*-construct*": [ { "name": "HorizontalOrientable" } ],
    "*": [
      { "name": "HorizontalOrientable" },
      { "name": "Container" },
      { "name": "Ignitable" },
      { "name": "HeatSource" }
    ]
  },
  "variantgroups": [
    {
      "code": "side",
      "loadFromProperties": "abstract/horizontalorientation"
    },
    {
      "code": "burnstate",
      "states": [ "construct1", "construct2", "construct3", "construct4", "extinct", "lit", "cold" ]
    }
  ],
  "shape": {
    "base": "block/stoves/stonestove",
    "rotateYByType": {
      "*-north-*": 90,
      "*-east-*": 0,
      "*-south-*": 270,
      "*-west-*": 180
    }
  },
  "blockmaterial": "stone",
  "lightAbsorption": 0,
  "sidesolid": {
    "all": "false"
  },
  "sideopaque": {
    "all": "false"
  },
  "drawtype": "json",
  "textures": {
    "burned": { "base": "game:block/clay/vessel/sides/burned" },
    "harvest": { "base": "game:block/clay/vessel/sides/harvest" },
    "oxblood": { "base": "game:block/clay/vessel/sides/oxblood" },
    "rutile": { "base": "game:block/clay/vessel/sides/rutile" },
    "brown": { "base": "game:block/glass/brown" },
    "normal2": { "base": "game:block/metal/corroded/normal2" },
    "iron1": { "base": "game:block/metal/sheet/iron1" },
    "basalt1": { "base": "game:block/stone/rock/basalt1" },
    "claystone2": { "base": "game:block/stone/rock/claystone2" },
    "side": { "base": "game:block/wood/firewood/side" },
    "south": { "base": "game:block/wood/firewood/south" }
  },
  "resistance": 3.5,
  "sounds": {
    "place": "game:block/planks",
    "walk": "game:walk/stone"
  },
  "guiTransform": {
    "rotation": {
      "x": -22.6,
      "y": 150,
      "z": 0
    }
  },
  "particleProperties": [
    {
      "gravityEffect": {
        "avg": 0,
        "var": 0
      },
      "hsvaColor": [
        {
          "avg": 0,
          "var": 0
        },
        {
          "avg": 0,
          "var": 0
        },
        {
          "avg": 40,
          "var": 30
        },
        {
          "avg": 220,
          "var": 50
        }
      ],
      "lifeLength": {
        "avg": 0.8,
        "var": 0.21
      },
      "opacityEvolve": {
        "factor": -16,
        "transform": "quadratic"
      },
      "particleModel": "Quad",
      "posOffset": [
        {
          "avg": 0,
          "var": 0.2
        },
        {
          "avg": -0.4,
          "var": 0
        },
        {
          "avg": 0,
          "var": 0.2
        }
      ],
      "quantity": { "avg": 0 },
      "size": {
        "avg": 0.4,
        "var": 0.04
      },
      "sizeEvolve": {
        "factor": 0.5,
        "transform": "quadratic"
      },
      "terrainCollision": false,
      "velocity": [
        {
          "avg": 0,
          "var": 0.05
        },
        {
          "avg": 0.1,
          "var": 0.05
        },
        {
          "avg": 0,
          "var": 0.05
        }
      ],
      "vertexFlags": 1
    },
    {
      "gravityEffect": {
        "avg": 0,
        "var": 0
      },
      "hsvaColor": [
        {
          "avg": 11,
          "var": 3
        },
        {
          "avg": 238,
          "var": 7
        },
        {
          "avg": 136,
          "var": 30
        },
        {
          "avg": 220,
          "var": 50
        }
      ],
      "lifeLength": {
        "avg": 0.3,
        "var": 0.06
      },
      "opacityEvolve": {
        "factor": -32,
        "transform": "quadratic"
      },
      "particleModel": "Quad",
      "posOffset": [
        {
          "avg": 0,
          "var": 0.005
        },
        {
          "avg": -0.4,
          "var": 0.01
        },
        {
          "avg": 0,
          "var": 0.005
        }
      ],
      "quantity": { "avg": 0 },
      "size": {
        "avg": 0.18,
        "var": 0.03
      },
      "sizeEvolve": {
        "factor": -0.4,
        "transform": "quadratic"
      },
      "terrainCollision": false,
      "velocity": [
        {
          "avg": 0,
          "var": 0.05
        },
        {
          "avg": 0.02,
          "var": 0.01
        },
        {
          "avg": 0,
          "var": 0.05
        }
      ],
      "vertexFlags": 1
    },
    {
      "gravityEffect": {
        "avg": 0,
        "var": 0
      },
      "hsvaColor": [
        {
          "avg": 26,
          "var": 8
        },
        {
          "avg": 245,
          "var": 7
        },
        {
          "avg": 236,
          "var": 19
        },
        {
          "avg": 30,
          "var": 50
        }
      ],
      "lifeLength": {
        "avg": 0.3,
        "var": 0.04
      },
      "opacityEvolve": {
        "factor": 32,
        "transform": "quadratic"
      },
      "particleModel": "Quad",
      "posOffset": [
        {
          "avg": 0,
          "var": 0.01
        },
        {
          "avg": -0.4,
          "var": 0.02
        },
        {
          "avg": 0,
          "var": 0.01
        }
      ],
      "quantity": { "avg": 0 },
      "size": {
        "avg": 0.23,
        "var": 0.03
      },
      "sizeEvolve": {
        "factor": -0.2,
        "transform": "quadratic"
      },
      "terrainCollision": false,
      "velocity": [
        {
          "avg": 0,
          "var": 0.04
        },
        {
          "avg": 0.03,
          "var": 0.02
        },
        {
          "avg": 0,
          "var": 0.04
        }
      ],
      "vertexFlags": 1
    },
    {
      "gravityEffect": {
        "avg": 0,
        "var": 0
      },
      "hsvaColor": [
        {
          "avg": 49,
          "var": 5
        },
        {
          "avg": 178,
          "var": 7
        },
        {
          "avg": 250,
          "var": 5
        },
        {
          "avg": 30,
          "var": 50
        }
      ],
      "lifeLength": {
        "avg": 0.2,
        "var": 0.02
      },
      "opacityEvolve": {
        "factor": 32,
        "transform": "quadratic"
      },
      "particleModel": "Quad",
      "posOffset": [
        {
          "avg": 0,
          "var": 0.015
        },
        {
          "avg": -0.4,
          "var": 0.03
        },
        {
          "avg": 0,
          "var": 0.015
        }
      ],
      "quantity": { "avg": 0 },
      "size": {
        "avg": 0.3,
        "var": 0.04
      },
      "sizeEvolve": {
        "factor": 0.4,
        "transform": "quadratic"
      },
      "terrainCollision": false,
      "velocity": [
        {
          "avg": 0,
          "var": 0.03
        },
        {
          "avg": 0.04,
          "var": 0.03
        },
        {
          "avg": 0,
          "var": 0.03
        }
      ],
      "vertexFlags": 1
    }
  ]
}
