{
	"editor": {
		"allAngles": false,
		"entityTextureMode": false
	},
	"textureWidth": 16,
	"textureHeight": 16,
	"textureSizes": {
	},
	"textures": {
		"material": "game:block/stone/rock/granite1"
	},
	"elements": [
		{
			"name": "Stone",
			"from": [ 6.5, 0.0, 7.0 ],
			"to": [ 8.5, 2.0, 9.0 ],
			"rotationOrigin": [ 9.0, 0.0, 9.0 ],
			"faces": {
				"north": { "texture": "#material", "uv": [ 0.0, 8.0, 2.0, 10.0 ] },
				"east": { "texture": "#material", "uv": [ 10.0, 13.0, 12.0, 15.0 ] },
				"south": { "texture": "#material", "uv": [ 2.0, 10.0, 4.0, 12.0 ] },
				"west": { "texture": "#material", "uv": [ 7.0, 5.0, 9.0, 7.0 ] },
				"up": { "texture": "#material", "uv": [ 5.0, 7.0, 7.0, 9.0 ] },
				"down": { "texture": "#material", "uv": [ 7.0, 2.0, 9.0, 4.0 ] }
			}
		},
		{
			"name": "Stone2",
			"from": [ 6.5, 0.0, 9.0 ],
			"to": [ 7.5, 1.0, 10.0 ],
			"rotationOrigin": [ 9.0, 0.0, 11.0 ],
			"faces": {
				"north": { "texture": "#material", "uv": [ 0.0, 8.0, 1.0, 9.0 ] },
				"east": { "texture": "#material", "uv": [ 10.0, 13.0, 11.0, 14.0 ] },
				"south": { "texture": "#material", "uv": [ 2.0, 10.0, 3.0, 11.0 ] },
				"west": { "texture": "#material", "uv": [ 7.0, 5.0, 8.0, 6.0 ] },
				"up": { "texture": "#material", "uv": [ 5.0, 7.0, 6.0, 8.0 ] },
				"down": { "texture": "#material", "uv": [ 7.0, 2.0, 8.0, 3.0 ] }
			}
		},
		{
			"name": "Stone3",
			"from": [ 8.5, 0.0, 8.0 ],
			"to": [ 9.5, 1.0, 9.0 ],
			"rotationOrigin": [ 11.0, 0.0, 10.0 ],
			"faces": {
				"north": { "texture": "#material", "uv": [ 0.0, 8.0, 1.0, 9.0 ] },
				"east": { "texture": "#material", "uv": [ 10.0, 13.0, 11.0, 14.0 ] },
				"south": { "texture": "#material", "uv": [ 2.0, 10.0, 3.0, 11.0 ] },
				"west": { "texture": "#material", "uv": [ 7.0, 5.0, 8.0, 6.0 ] },
				"up": { "texture": "#material", "uv": [ 5.0, 7.0, 6.0, 8.0 ] },
				"down": { "texture": "#material", "uv": [ 7.0, 2.0, 8.0, 3.0 ] }
			}
		},
		{
			"name": "Stone4",
			"from": [ 5.5, 0.0, 8.0 ],
			"to": [ 6.5, 1.0, 9.0 ],
			"rotationOrigin": [ 8.0, 0.0, 10.0 ],
			"faces": {
				"north": { "texture": "#material", "uv": [ 0.0, 8.0, 1.0, 9.0 ] },
				"east": { "texture": "#material", "uv": [ 10.0, 13.0, 11.0, 14.0 ] },
				"south": { "texture": "#material", "uv": [ 2.0, 10.0, 3.0, 11.0 ] },
				"west": { "texture": "#material", "uv": [ 7.0, 5.0, 8.0, 6.0 ] },
				"up": { "texture": "#material", "uv": [ 5.0, 7.0, 6.0, 8.0 ] },
				"down": { "texture": "#material", "uv": [ 7.0, 2.0, 8.0, 3.0 ] }
			}
		},
		{
			"name": "Stone5",
			"from": [ 6.5, 0.0, 6.0 ],
			"to": [ 7.5, 1.0, 7.0 ],
			"rotationOrigin": [ 9.0, 0.0, 8.0 ],
			"faces": {
				"north": { "texture": "#material", "uv": [ 0.0, 8.0, 1.0, 9.0 ] },
				"east": { "texture": "#material", "uv": [ 10.0, 13.0, 11.0, 14.0 ] },
				"south": { "texture": "#material", "uv": [ 2.0, 10.0, 3.0, 11.0 ] },
				"west": { "texture": "#material", "uv": [ 7.0, 5.0, 8.0, 6.0 ] },
				"up": { "texture": "#material", "uv": [ 5.0, 7.0, 6.0, 8.0 ] },
				"down": { "texture": "#material", "uv": [ 7.0, 2.0, 8.0, 3.0 ] }
			}
		}
	]}