{
	"type": "content",
	"modid": "bone2lime",
	"name": "Bones to Lime",
	"Authors": [
	  "LAJ-47FC9"
	],
	"contributors": [ ],
	"description": "Tired of being absolutely unable to find lime? This mod offers an extremely simple version of making mortar from bones, through converting bonemeal into lime (this is supposed to represent charred bonemeal). Go forth! Be free of painful worldgen limitations!",
	"version": "1.0.2",
	"dependency": {
	  "game": ""
	},
	"Side": "Universal",
	"RequiredOnClient": true,
	"RequiredOnServer": true
  }