[
  {
    "file": "rope-bridges:blocktypes/wood/ropebridge-middle-right.json",
    "op": "addeach",
    "path": "/variantgroups/2/states/-",
    "value": [ "araucariaheterophylla", "dacrydiumcupressinum", "nothofagusmenziesii", "podocarpustotara"],
    "side": "server",
    "dependsOn": [{ "modid": "floralzonesneozeylandicregion" }]
  },
  {
    "file": "rope-bridges:blocktypes/wood/ropebridge-middle-left.json",
    "op": "addeach",
    "path": "/variantgroups/2/states/-",
    "value": [ "araucariaheterophylla", "dacrydiumcupressinum", "nothofagusmenziesii", "podocarpustotara"],
    "side": "server",
    "dependsOn": [{ "modid": "floralzonesneozeylandicregion" }]
  },
  {
    "file": "rope-bridges:blocktypes/wood/ropebridge-middle.json",
    "op": "addeach",
    "path": "/variantgroups/1/states/-",
    "value": [ "araucariaheterophylla", "dacrydiumcupressinum", "nothofagusmenziesii", "podocarpustotara"],
    "side": "server",
    "dependsOn": [{ "modid": "floralzonesneozeylandicregion" }]
  },
  {
    "file": "rope-bridges:blocktypes/wood/ropebridge-end-right.json",
    "op": "addeach",
    "path": "/variantgroups/2/states/-",
    "value": [ "araucariaheterophylla", "dacrydiumcupressinum", "nothofagusmenziesii", "podocarpustotara"],
    "side": "server",
    "dependsOn": [{ "modid": "floralzonesneozeylandicregion" }]
  },
  {
    "file": "rope-bridges:blocktypes/wood/ropebridge-end-left.json",
    "op": "addeach",
    "path": "/variantgroups/2/states/-",
    "value": [ "araucariaheterophylla", "dacrydiumcupressinum", "nothofagusmenziesii", "podocarpustotara"],
    "side": "server",
    "dependsOn": [{ "modid": "floralzonesneozeylandicregion" }]
  },
  {
    "file": "rope-bridges:blocktypes/wood/ropebridge-end.json",
    "op": "addeach",
    "path": "/variantgroups/1/states/-",
    "value": [ "araucariaheterophylla", "dacrydiumcupressinum", "nothofagusmenziesii", "podocarpustotara"],
    "side": "server",
    "dependsOn": [{ "modid": "floralzonesneozeylandicregion" }]
  },
]