{
	"editor": {
		"allAngles": true,
		"entityTextureMode": false
	},
	"textureWidth": 16,
	"textureHeight": 16,
	"textureSizes": {
	},
	"textures": {
		"hawkwing": "mycodiversity:block/plant/mushroom/hawkwing/hawkwing"
	},
	"elements": [
		{
			"name": "origin",
			"from": [ 8.0, 0.0, 8.0 ],
			"to": [ 8.0, 0.0, 8.0 ],
			"rotationOrigin": [ 8.0, 0.0, 8.0 ],
			"faces": {
			},
			"children": [
				{
					"name": "tiny14",
					"from": [ 2.0, 0.0, 3.0 ],
					"to": [ 3.0, 1.5, 4.0 ],
					"rotationOrigin": [ 2.5, 0.0, 3.5 ],
					"rotationY": -18.0,
					"faces": {
						"north": { "texture": "#hawkwing", "uv": [ 0.5, 10.0, 1.5, 11.5 ] },
						"east": { "texture": "#hawkwing", "uv": [ 1.5, 10.0, 2.5, 11.5 ] },
						"south": { "texture": "#hawkwing", "uv": [ 0.0, 9.0, 1.0, 10.5 ] },
						"west": { "texture": "#hawkwing", "uv": [ 1.0, 9.5, 2.0, 11.0 ] },
						"down": { "texture": "#hawkwing", "uv": [ 1.5, 12.0, 2.5, 13.0 ] }
					},
					"children": [
						{
							"name": "cap15",
							"from": [ -0.2, 1.5, -0.2 ],
							"to": [ 1.3, 2.0, 1.3 ],
							"rotationOrigin": [ 0.0, 1.0, 0.0 ],
							"faces": {
								"north": { "texture": "#hawkwing", "uv": [ 13.5, 6.0, 15.0, 6.5 ] },
								"east": { "texture": "#hawkwing", "uv": [ 11.5, 4.5, 13.0, 5.0 ] },
								"south": { "texture": "#hawkwing", "uv": [ 11.0, 6.5, 12.5, 7.0 ] },
								"west": { "texture": "#hawkwing", "uv": [ 9.5, 6.0, 11.0, 6.5 ] },
								"up": { "texture": "#hawkwing", "uv": [ 11.0, 1.5, 12.5, 3.0 ] },
								"down": { "texture": "#hawkwing", "uv": [ 11.5, 10.0, 13.0, 11.5 ] }
							}
						}
					]
				},
				{
					"name": "tiny18",
					"from": [ -6.0, 0.0, 1.0 ],
					"to": [ -5.0, 1.0, 2.0 ],
					"rotationOrigin": [ -5.5, 0.0, 1.5 ],
					"rotationX": 5.0,
					"rotationY": -62.0,
					"rotationZ": 3.0,
					"faces": {
						"north": { "texture": "#hawkwing", "uv": [ 1.5, 8.5, 2.5, 9.5 ] },
						"east": { "texture": "#hawkwing", "uv": [ 1.0, 9.0, 2.0, 10.0 ] },
						"south": { "texture": "#hawkwing", "uv": [ 0.5, 10.0, 1.5, 11.0 ] },
						"west": { "texture": "#hawkwing", "uv": [ 0.0, 11.0, 1.0, 12.0 ] },
						"down": { "texture": "#hawkwing", "uv": [ 1.5, 13.0, 2.5, 14.0 ] }
					},
					"children": [
						{
							"name": "cap19",
							"from": [ -0.2, 0.9, -0.2 ],
							"to": [ 1.3, 1.4, 1.3 ],
							"rotationOrigin": [ 0.5, 0.9, 0.5 ],
							"rotationX": 4.0,
							"rotationZ": 5.0,
							"faces": {
								"north": { "texture": "#hawkwing", "uv": [ 11.5, 9.5, 13.0, 10.0 ] },
								"east": { "texture": "#hawkwing", "uv": [ 8.0, 5.5, 9.5, 6.0 ] },
								"south": { "texture": "#hawkwing", "uv": [ 11.5, 5.0, 13.0, 5.5 ] },
								"west": { "texture": "#hawkwing", "uv": [ 9.0, 7.0, 10.5, 7.5 ] },
								"up": { "texture": "#hawkwing", "uv": [ 10.0, 5.5, 11.5, 7.0 ] },
								"down": { "texture": "#hawkwing", "uv": [ 10.5, 9.0, 12.0, 10.5 ] }
							}
						}
					]
				},
				{
					"name": "tiny21",
					"from": [ 5.0, 0.0, -4.0 ],
					"to": [ 6.0, 0.5, -3.0 ],
					"rotationOrigin": [ 5.5, 0.0, -3.5 ],
					"rotationY": 13.0,
					"faces": {
						"north": { "texture": "#hawkwing", "uv": [ 0.5, 10.0, 1.5, 10.5 ] },
						"east": { "texture": "#hawkwing", "uv": [ 1.5, 9.0, 2.5, 9.5 ] },
						"south": { "texture": "#hawkwing", "uv": [ 0.5, 9.5, 1.5, 10.0 ] },
						"west": { "texture": "#hawkwing", "uv": [ 1.0, 11.0, 2.0, 11.5 ] },
						"down": { "texture": "#hawkwing", "uv": [ 1.5, 9.5, 2.5, 10.5 ] }
					},
					"children": [
						{
							"name": "cap21",
							"from": [ -0.2, 0.5, -0.2 ],
							"to": [ 1.3, 1.0, 1.3 ],
							"rotationOrigin": [ 0.5, 0.5, 0.5 ],
							"rotationZ": 5.0,
							"faces": {
								"north": { "texture": "#hawkwing", "uv": [ 2.5, 4.5, 4.0, 5.0 ] },
								"east": { "texture": "#hawkwing", "uv": [ 4.5, 4.5, 6.0, 5.0 ] },
								"south": { "texture": "#hawkwing", "uv": [ 4.5, 5.5, 6.0, 6.0 ] },
								"west": { "texture": "#hawkwing", "uv": [ 3.0, 5.5, 4.5, 6.0 ] },
								"up": { "texture": "#hawkwing", "uv": [ 1.0, 4.5, 2.5, 6.0 ] },
								"down": { "texture": "#hawkwing", "uv": [ 9.5, 11.0, 11.0, 12.5 ] }
							}
						}
					]
				},
				{
					"name": "medium stalk",
					"from": [ -3.15, -0.1, -4.22 ],
					"to": [ -2.15, 1.4, -3.22 ],
					"rotationOrigin": [ -2.6509, -0.1, -3.7237 ],
					"rotationX": 3.0,
					"rotationY": -22.0,
					"rotationZ": -5.0,
					"faces": {
						"north": { "texture": "#hawkwing", "uv": [ 3.5, 11.5, 4.5, 13.0 ] },
						"east": { "texture": "#hawkwing", "uv": [ 4.0, 11.0, 5.0, 12.5 ] },
						"south": { "texture": "#hawkwing", "uv": [ 2.5, 10.5, 3.5, 12.0 ] },
						"west": { "texture": "#hawkwing", "uv": [ 3.5, 12.0, 4.5, 13.5 ] },
						"down": { "texture": "#hawkwing", "uv": [ 2.5, 11.5, 3.5, 12.5 ] }
					},
					"children": [
						{
							"name": "cap17",
							"from": [ -0.7, 2.4, -1.0 ],
							"to": [ 1.3, 2.9, 1.0 ],
							"rotationOrigin": [ 0.3, 2.4, 0.0 ],
							"rotationX": -8.0,
							"faces": {
								"north": { "texture": "#hawkwing", "uv": [ 11.5, 5.5, 13.5, 6.0 ] },
								"east": { "texture": "#hawkwing", "uv": [ 11.0, 4.5, 13.0, 5.0 ] },
								"south": { "texture": "#hawkwing", "uv": [ 11.5, 6.0, 13.5, 6.5 ] },
								"west": { "texture": "#hawkwing", "uv": [ 10.0, 7.5, 12.0, 8.0 ] },
								"up": { "texture": "#hawkwing", "uv": [ 11.0, 5.0, 13.0, 7.0 ] },
								"down": { "texture": "#hawkwing", "uv": [ 12.0, 10.0, 14.0, 12.0 ] }
							}
						},
						{
							"name": "medium stalk 2",
							"from": [ 0.0, 1.2, 0.0 ],
							"to": [ 1.0, 2.7, 1.0 ],
							"rotationOrigin": [ 0.5, 1.2, 0.5 ],
							"rotationX": -19.0,
							"rotationZ": 11.0,
							"faces": {
								"north": { "texture": "#hawkwing", "uv": [ 1.0, 10.0, 2.0, 11.5 ] },
								"east": { "texture": "#hawkwing", "uv": [ 1.0, 10.0, 2.0, 11.5 ] },
								"south": { "texture": "#hawkwing", "uv": [ 1.0, 9.0, 2.0, 10.5 ] },
								"west": { "texture": "#hawkwing", "uv": [ 1.0, 7.0, 2.0, 8.5 ] }
							}
						}
					]
				},
				{
					"name": "medium small2",
					"from": [ -2.8491, -0.2, -0.7763 ],
					"to": [ -1.8491, 1.3, 0.2237 ],
					"rotationOrigin": [ -2.3491, -0.2, -0.2763 ],
					"rotationX": -8.0,
					"rotationY": -22.0,
					"rotationZ": -6.0,
					"faces": {
						"north": { "texture": "#hawkwing", "uv": [ 5.5, 11.5, 6.5, 13.0 ] },
						"east": { "texture": "#hawkwing", "uv": [ 3.0, 12.0, 4.0, 13.5 ] },
						"south": { "texture": "#hawkwing", "uv": [ 1.0, 10.5, 2.0, 12.0 ] },
						"west": { "texture": "#hawkwing", "uv": [ 2.0, 10.5, 3.0, 12.0 ] },
						"down": { "texture": "#hawkwing", "uv": [ 1.5, 14.0, 2.5, 15.0 ] }
					},
					"children": [
						{
							"name": "cap3",
							"from": [ -0.8, 2.7, -0.4 ],
							"to": [ 1.2, 3.2, 1.6 ],
							"rotationOrigin": [ 0.2, 2.7, 0.6 ],
							"rotationZ": 25.0,
							"faces": {
								"up": { "texture": "#hawkwing", "uv": [ 11.0, 4.0, 13.0, 6.0 ] },
								"down": { "texture": "#hawkwing", "uv": [ 13.5, 12.0, 15.5, 14.0 ] }
							},
							"children": [
								{
									"name": "Cube28",
									"from": [ 0.0, -0.1, 1.7 ],
									"to": [ 2.0, 0.4, 2.7 ],
									"rotationOrigin": [ 1.0, 0.4, 1.7 ],
									"rotationX": -30.0,
									"faces": {
										"north": { "texture": "#hawkwing", "uv": [ 6.5, 10.0, 8.5, 10.5 ] },
										"east": { "texture": "#hawkwing", "uv": [ 8.0, 2.5, 9.0, 3.0 ] },
										"south": { "texture": "#hawkwing", "uv": [ 11.5, 3.5, 13.5, 4.0 ] },
										"west": { "texture": "#hawkwing", "uv": [ 10.5, 6.5, 11.5, 7.0 ] },
										"up": { "texture": "#hawkwing", "uv": [ 12.0, 4.0, 14.0, 5.0 ] },
										"down": { "texture": "#hawkwing", "uv": [ 9.0, 9.5, 11.0, 10.5 ] }
									}
								},
								{
									"name": "Cube29",
									"from": [ 0.0, -0.1, -0.6 ],
									"to": [ 2.0, 0.4, 0.4 ],
									"rotationOrigin": [ 1.0, 0.4, 0.4 ],
									"rotationX": 42.0,
									"faces": {
										"north": { "texture": "#hawkwing", "uv": [ 12.0, 6.5, 14.0, 7.0 ] },
										"east": { "texture": "#hawkwing", "uv": [ 11.5, 4.0, 12.5, 4.5 ] },
										"west": { "texture": "#hawkwing", "uv": [ 10.0, 3.5, 11.0, 4.0 ] },
										"up": { "texture": "#hawkwing", "uv": [ 12.5, 1.0, 14.5, 2.0 ] },
										"down": { "texture": "#hawkwing", "uv": [ 10.5, 11.0, 12.5, 12.0 ] }
									}
								},
								{
									"name": "Cube30",
									"from": [ 1.8, -0.1, 0.0 ],
									"to": [ 2.8, 0.4, 2.0 ],
									"rotationOrigin": [ 1.8, 0.4, 1.0 ],
									"rotationZ": 22.0,
									"faces": {
										"north": { "texture": "#hawkwing", "uv": [ 10.5, 5.5, 11.5, 6.0 ] },
										"east": { "texture": "#hawkwing", "uv": [ 9.5, 6.5, 11.5, 7.0 ] },
										"south": { "texture": "#hawkwing", "uv": [ 12.5, 4.0, 13.5, 4.5 ] },
										"up": { "texture": "#hawkwing", "uv": [ 13.5, 1.0, 14.5, 3.0 ] },
										"down": { "texture": "#hawkwing", "uv": [ 13.5, 8.0, 14.5, 10.0 ] }
									}
								},
								{
									"name": "Cube31",
									"from": [ -0.6, -0.2, 0.0 ],
									"to": [ 0.4, 0.3, 2.0 ],
									"rotationOrigin": [ 0.4, 0.3, 1.0 ],
									"rotationZ": -53.0,
									"faces": {
										"north": { "texture": "#hawkwing", "uv": [ 11.0, 4.5, 12.0, 5.0 ] },
										"south": { "texture": "#hawkwing", "uv": [ 10.5, 6.0, 11.5, 6.5 ] },
										"west": { "texture": "#hawkwing", "uv": [ 10.5, 2.5, 12.5, 3.0 ] },
										"up": { "texture": "#hawkwing", "uv": [ 12.0, 5.0, 13.0, 7.0 ] },
										"down": { "texture": "#hawkwing", "uv": [ 12.5, 8.5, 13.5, 10.5 ] }
									}
								}
							]
						},
						{
							"name": "stem2",
							"from": [ 0.0, 1.4, 0.0 ],
							"to": [ 1.0, 2.9, 1.0 ],
							"rotationOrigin": [ 0.5, 1.4, 0.5 ],
							"rotationX": 4.0,
							"rotationZ": 7.0,
							"faces": {
								"north": { "texture": "#hawkwing", "uv": [ 0.0, 10.0, 1.0, 11.5 ] },
								"east": { "texture": "#hawkwing", "uv": [ 0.0, 9.5, 1.0, 11.0 ] },
								"south": { "texture": "#hawkwing", "uv": [ 1.5, 10.0, 2.5, 11.5 ] },
								"west": { "texture": "#hawkwing", "uv": [ 0.5, 10.0, 1.5, 11.5 ] }
							}
						}
					]
				},
				{
					"name": "medium small",
					"from": [ 1.0, -0.3, -4.0 ],
					"to": [ 2.0, 1.7, -3.0 ],
					"rotationOrigin": [ 1.5, -0.3, -3.5 ],
					"rotationX": 14.0,
					"rotationY": 16.0,
					"rotationZ": -17.0,
					"faces": {
						"north": { "texture": "#hawkwing", "uv": [ 1.0, 8.5, 2.0, 10.5 ] },
						"east": { "texture": "#hawkwing", "uv": [ 2.5, 9.0, 3.5, 11.0 ] },
						"south": { "texture": "#hawkwing", "uv": [ 2.0, 10.5, 3.0, 12.5 ] },
						"west": { "texture": "#hawkwing", "uv": [ 1.0, 9.0, 2.0, 11.0 ] },
						"down": { "texture": "#hawkwing", "uv": [ 2.5, 12.0, 3.5, 13.0 ] }
					},
					"children": [
						{
							"name": "cap",
							"from": [ -1.8, 2.9, -1.5 ],
							"to": [ 1.2, 3.4, 1.5 ],
							"rotationOrigin": [ -0.3, 2.9, 0.0 ],
							"rotationX": -19.0,
							"rotationZ": 25.0,
							"faces": {
								"up": { "texture": "#hawkwing", "uv": [ 11.5, 3.5, 14.5, 6.5 ] },
								"down": { "texture": "#hawkwing", "uv": [ 10.5, 11.5, 13.5, 14.5 ] }
							},
							"children": [
								{
									"name": "Cube1",
									"from": [ 0.0, -0.1, 2.7 ],
									"to": [ 3.0, 0.4, 3.7 ],
									"rotationOrigin": [ 1.5, 0.4, 2.7 ],
									"rotationX": -25.0,
									"faces": {
										"east": { "texture": "#hawkwing", "uv": [ 9.5, 6.0, 10.5, 6.5 ] },
										"south": { "texture": "#hawkwing", "uv": [ 10.0, 6.0, 13.0, 6.5 ] },
										"west": { "texture": "#hawkwing", "uv": [ 10.5, 4.0, 11.5, 4.5 ] },
										"up": { "texture": "#hawkwing", "uv": [ 9.0, 4.0, 12.0, 5.0 ] },
										"down": { "texture": "#hawkwing", "uv": [ 12.0, 10.5, 15.0, 11.5 ] }
									}
								},
								{
									"name": "Cube24",
									"from": [ 0.0, -0.1, -0.6 ],
									"to": [ 3.0, 0.4, 0.4 ],
									"rotationOrigin": [ 1.5, 0.4, 0.4 ],
									"rotationX": 28.0,
									"faces": {
										"north": { "texture": "#hawkwing", "uv": [ 8.5, 6.5, 11.5, 7.0 ] },
										"east": { "texture": "#hawkwing", "uv": [ 6.5, 1.0, 7.5, 1.5 ] },
										"west": { "texture": "#hawkwing", "uv": [ 4.0, 4.5, 5.0, 5.0 ] },
										"up": { "texture": "#hawkwing", "uv": [ 8.0, 3.5, 11.0, 4.5 ] },
										"down": { "texture": "#hawkwing", "uv": [ 11.5, 9.5, 14.5, 10.5 ] }
									}
								},
								{
									"name": "Cube25",
									"from": [ 2.7, -0.1, 0.0 ],
									"to": [ 3.7, 0.4, 3.0 ],
									"rotationOrigin": [ 2.7, 0.4, 1.5 ],
									"rotationZ": 28.0,
									"faces": {
										"north": { "texture": "#hawkwing", "uv": [ 14.5, 4.0, 15.5, 4.5 ] },
										"east": { "texture": "#hawkwing", "uv": [ 10.5, 1.0, 13.5, 1.5 ] },
										"south": { "texture": "#hawkwing", "uv": [ 11.5, 2.5, 12.5, 3.0 ] },
										"up": { "texture": "#hawkwing", "uv": [ 11.5, 0.5, 12.5, 3.5 ] },
										"down": { "texture": "#hawkwing", "uv": [ 12.0, 10.5, 13.0, 13.5 ] }
									}
								},
								{
									"name": "Cube26",
									"from": [ -0.7, -0.2, 0.0 ],
									"to": [ 0.3, 0.3, 3.0 ],
									"rotationOrigin": [ 0.3, 0.3, 1.5 ],
									"rotationZ": -42.0,
									"faces": {
										"north": { "texture": "#hawkwing", "uv": [ 14.5, 4.0, 15.5, 4.5 ] },
										"south": { "texture": "#hawkwing", "uv": [ 5.5, 2.0, 6.5, 2.5 ] },
										"west": { "texture": "#hawkwing", "uv": [ 11.0, 6.0, 14.0, 6.5 ] },
										"up": { "texture": "#hawkwing", "uv": [ 13.5, 0.0, 14.5, 3.0 ] },
										"down": { "texture": "#hawkwing", "uv": [ 13.0, 11.0, 14.0, 14.0 ] }
									}
								}
							]
						},
						{
							"name": "stem",
							"from": [ 0.1, 1.6, 0.1 ],
							"to": [ 1.1, 3.6, 1.1 ],
							"rotationOrigin": [ 0.6, 1.6, 0.6 ],
							"rotationX": -25.0,
							"rotationZ": 28.0,
							"faces": {
								"north": { "texture": "#hawkwing", "uv": [ 1.5, 9.0, 2.5, 11.0 ] },
								"east": { "texture": "#hawkwing", "uv": [ 0.0, 8.5, 1.0, 10.5 ] },
								"south": { "texture": "#hawkwing", "uv": [ 0.5, 10.0, 1.5, 12.0 ] },
								"west": { "texture": "#hawkwing", "uv": [ 1.0, 8.5, 2.0, 10.5 ] }
							}
						}
					]
				},
				{
					"name": "tiny20",
					"from": [ 2.69, 0.0, 0.76 ],
					"to": [ 3.69, 0.5, 1.76 ],
					"rotationOrigin": [ 3.1856, 0.0, 1.2631 ],
					"rotationY": 16.0,
					"faces": {
						"north": { "texture": "#hawkwing", "uv": [ 1.5, 9.0, 2.5, 9.5 ] },
						"east": { "texture": "#hawkwing", "uv": [ 0.0, 11.0, 1.0, 11.5 ] },
						"south": { "texture": "#hawkwing", "uv": [ 1.0, 8.0, 2.0, 8.5 ] },
						"west": { "texture": "#hawkwing", "uv": [ 1.0, 11.0, 2.0, 11.5 ] },
						"down": { "texture": "#hawkwing", "uv": [ 1.0, 11.5, 2.0, 12.5 ] }
					},
					"children": [
						{
							"name": "cap6",
							"from": [ -0.2, 0.5, -0.2 ],
							"to": [ 1.3, 1.0, 1.3 ],
							"faces": {
								"north": { "texture": "#hawkwing", "uv": [ 4.0, 4.0, 5.5, 4.5 ] },
								"east": { "texture": "#hawkwing", "uv": [ 3.0, 5.0, 4.5, 5.5 ] },
								"south": { "texture": "#hawkwing", "uv": [ 5.0, 4.0, 6.5, 4.5 ] },
								"west": { "texture": "#hawkwing", "uv": [ 2.5, 5.0, 4.0, 5.5 ] },
								"up": { "texture": "#hawkwing", "uv": [ 4.5, 4.0, 6.0, 5.5 ] },
								"down": { "texture": "#hawkwing", "uv": [ 2.5, 10.5, 4.0, 12.0 ] }
							}
						}
					]
				},
				{
					"name": "stem1",
					"from": [ 3.5, -0.5, -0.5 ],
					"to": [ 4.5, 1.5, 0.5 ],
					"rotationOrigin": [ 4.0, -0.5, 0.0 ],
					"rotationX": -6.0,
					"rotationZ": -25.0,
					"faces": {
						"north": { "texture": "#hawkwing", "uv": [ 3.5, 11.0, 4.5, 13.0 ] },
						"east": { "texture": "#hawkwing", "uv": [ 2.0, 9.0, 3.0, 11.0 ] },
						"south": { "texture": "#hawkwing", "uv": [ 4.5, 8.0, 5.5, 10.0 ] },
						"west": { "texture": "#hawkwing", "uv": [ 3.5, 11.0, 4.5, 13.0 ] },
						"down": { "texture": "#hawkwing", "uv": [ 0.5, 12.0, 1.5, 13.0 ] }
					},
					"children": [
						{
							"name": "Cap1",
							"from": [ -1.3, 3.0, -1.0 ],
							"to": [ 1.7, 4.0, 2.0 ],
							"rotationOrigin": [ 0.2, 3.0, 0.5 ],
							"rotationY": 14.0,
							"faces": {
								"north": { "texture": "#hawkwing", "uv": [ 2.5, 5.5, 5.5, 6.5 ] },
								"east": { "texture": "#hawkwing", "uv": [ 3.5, 5.5, 6.5, 6.5 ] },
								"south": { "texture": "#hawkwing", "uv": [ 2.5, 5.0, 5.5, 6.0 ] },
								"west": { "texture": "#hawkwing", "uv": [ 2.5, 5.5, 5.5, 6.5 ] },
								"up": { "texture": "#hawkwing", "uv": [ 2.5, 1.0, 5.5, 4.0 ] },
								"down": { "texture": "#hawkwing", "uv": [ 9.0, 10.5, 12.0, 13.5 ] }
							}
						},
						{
							"name": "gillsE",
							"from": [ 0.9, 1.6, 0.0 ],
							"to": [ 2.5, 2.3, 1.0 ],
							"rotationOrigin": [ 0.6, 1.6, 0.5 ],
							"rotationZ": 55.0,
							"faces": {
								"north": { "texture": "#hawkwing", "uv": [ 8.5, 9.5, 10.0, 10.0 ] },
								"south": { "texture": "#hawkwing", "uv": [ 9.0, 11.5, 10.5, 12.0 ] },
								"down": { "texture": "#hawkwing", "uv": [ 13.0, 10.5, 14.5, 11.5 ] }
							}
						},
						{
							"name": "gillsW",
							"from": [ -2.0, 1.6, 0.0 ],
							"to": [ 0.0, 2.6, 1.0 ],
							"rotationOrigin": [ 0.0, 1.6, 0.5 ],
							"rotationZ": -45.0,
							"faces": {
								"north": { "texture": "#hawkwing", "uv": [ 11.0, 10.5, 13.0, 11.5 ] },
								"south": { "texture": "#hawkwing", "uv": [ 10.0, 9.5, 12.0, 10.5 ] },
								"down": { "texture": "#hawkwing", "uv": [ 13.5, 11.5, 15.5, 12.5 ] }
							}
						},
						{
							"name": "gillsS",
							"from": [ -0.1, 1.6, 0.6 ],
							"to": [ 0.9, 2.1, 2.6 ],
							"rotationOrigin": [ 0.4, 1.6, 0.6 ],
							"rotationX": -45.0,
							"faces": {
								"east": { "texture": "#hawkwing", "uv": [ 5.0, 8.0, 7.0, 8.5 ] },
								"west": { "texture": "#hawkwing", "uv": [ 1.0, 9.5, 3.0, 10.0 ] },
								"down": { "texture": "#hawkwing", "uv": [ 4.0, 11.5, 5.0, 13.5 ] }
							}
						},
						{
							"name": "gillsN",
							"from": [ -0.2, 1.6, -1.6 ],
							"to": [ 0.8, 2.1, 0.4 ],
							"rotationOrigin": [ 0.3, 1.6, 0.4 ],
							"rotationX": 45.0,
							"faces": {
								"east": { "texture": "#hawkwing", "uv": [ 10.5, 12.5, 12.5, 13.0 ] },
								"west": { "texture": "#hawkwing", "uv": [ 11.5, 13.5, 13.5, 14.0 ] },
								"down": { "texture": "#hawkwing", "uv": [ 12.5, 10.5, 13.5, 12.5 ] }
							}
						},
						{
							"name": "ring1",
							"from": [ -0.1, 1.8, -0.1 ],
							"to": [ 1.1, 3.3, 1.1 ],
							"rotationOrigin": [ 0.5, 1.8, 0.5 ],
							"rotationZ": 19.0,
							"faces": {
								"north": { "texture": "#hawkwing", "uv": [ 1.0, 11.0, 2.0, 12.5 ] },
								"east": { "texture": "#hawkwing", "uv": [ 1.0, 11.5, 2.0, 13.0 ] },
								"south": { "texture": "#hawkwing", "uv": [ 1.5, 11.0, 2.5, 12.5 ] },
								"west": { "texture": "#hawkwing", "uv": [ 0.5, 11.0, 1.5, 12.5 ] },
								"down": { "texture": "#hawkwing", "uv": [ 1.0, 12.0, 2.0, 13.0 ] }
							}
						}
					]
				},
				{
					"name": "stem9",
					"from": [ -4.5, -0.3, 3.5 ],
					"to": [ -3.1, 1.2, 4.9 ],
					"rotationOrigin": [ -4.0, -0.3, 4.0 ],
					"rotationX": 14.0,
					"rotationZ": 14.0,
					"faces": {
						"north": { "texture": "#hawkwing", "uv": [ 1.0, 13.5, 2.0, 15.0 ] },
						"east": { "texture": "#hawkwing", "uv": [ 2.5, 13.5, 3.5, 15.0 ] },
						"south": { "texture": "#hawkwing", "uv": [ 2.5, 13.5, 3.5, 15.0 ] },
						"west": { "texture": "#hawkwing", "uv": [ 2.0, 14.0, 3.0, 15.5 ] },
						"down": { "texture": "#hawkwing", "uv": [ 1.5, 14.0, 2.5, 15.0 ] }
					},
					"children": [
						{
							"name": "Cap10",
							"from": [ -2.0, 3.0, -2.0 ],
							"to": [ 3.0, 4.1, 3.0 ],
							"rotationOrigin": [ 0.5, 3.0, 0.5 ],
							"rotationY": -78.0,
							"faces": {
								"north": { "texture": "#hawkwing", "uv": [ 1.0, 3.5, 6.0, 4.5 ] },
								"east": { "texture": "#hawkwing", "uv": [ 1.5, 5.5, 6.5, 6.5 ] },
								"south": { "texture": "#hawkwing", "uv": [ 1.0, 4.5, 6.0, 5.5 ] },
								"west": { "texture": "#hawkwing", "uv": [ 0.0, 5.0, 5.0, 6.0 ] },
								"up": { "texture": "#hawkwing", "uv": [ 0.5, 1.0, 5.5, 6.0 ] },
								"down": { "texture": "#hawkwing", "uv": [ 1.0, 10.5, 6.0, 15.5 ] }
							}
						},
						{
							"name": "gillsE11",
							"from": [ 1.6, 1.6, 0.0 ],
							"to": [ 3.6, 3.1, 1.5 ],
							"rotationOrigin": [ 1.6, 1.6, 0.5 ],
							"rotationZ": 45.0,
							"faces": {
								"north": { "texture": "#hawkwing", "uv": [ 4.5, 12.0, 6.5, 13.5 ] },
								"south": { "texture": "#hawkwing", "uv": [ 3.0, 13.0, 5.0, 14.5 ] },
								"down": { "texture": "#hawkwing", "uv": [ 2.5, 12.5, 4.5, 14.0 ] }
							}
						},
						{
							"name": "gillsW12",
							"from": [ -2.2, 1.6, 0.0 ],
							"to": [ -0.2, 3.1, 1.5 ],
							"rotationOrigin": [ -0.2, 1.6, 0.5 ],
							"rotationZ": -45.0,
							"faces": {
								"north": { "texture": "#hawkwing", "uv": [ 6.0, 13.0, 8.0, 14.5 ] },
								"south": { "texture": "#hawkwing", "uv": [ 3.5, 13.0, 5.5, 14.5 ] },
								"down": { "texture": "#hawkwing", "uv": [ 1.0, 13.0, 3.0, 14.5 ] }
							}
						},
						{
							"name": "gillsS13",
							"from": [ 0.0, 1.6, 1.6 ],
							"to": [ 1.5, 3.1, 3.6 ],
							"rotationOrigin": [ 0.5, 1.6, 1.6 ],
							"rotationX": -45.0,
							"faces": {
								"east": { "texture": "#hawkwing", "uv": [ 4.5, 12.5, 6.5, 14.0 ] },
								"west": { "texture": "#hawkwing", "uv": [ 4.5, 13.0, 6.5, 14.5 ] },
								"down": { "texture": "#hawkwing", "uv": [ 5.0, 13.0, 6.5, 15.0 ] }
							}
						},
						{
							"name": "gillsN14",
							"from": [ 0.0, 1.6, -2.2 ],
							"to": [ 1.5, 3.1, -0.2 ],
							"rotationOrigin": [ 0.5, 1.6, -0.2 ],
							"rotationX": 45.0,
							"faces": {
								"east": { "texture": "#hawkwing", "uv": [ 4.5, 12.5, 6.5, 14.0 ] },
								"west": { "texture": "#hawkwing", "uv": [ 4.5, 13.0, 6.5, 14.5 ] },
								"down": { "texture": "#hawkwing", "uv": [ 5.0, 13.0, 6.5, 15.0 ] }
							}
						},
						{
							"name": "ring15",
							"from": [ -0.3, 1.5, -0.3 ],
							"to": [ 1.7, 3.0, 1.7 ],
							"rotationOrigin": [ 0.5, 1.5, 0.5 ],
							"faces": {
								"north": { "texture": "#hawkwing", "uv": [ 0.5, 13.0, 2.5, 14.5 ] },
								"east": { "texture": "#hawkwing", "uv": [ 1.0, 13.0, 3.0, 14.5 ] },
								"south": { "texture": "#hawkwing", "uv": [ 1.5, 13.0, 3.5, 14.5 ] },
								"west": { "texture": "#hawkwing", "uv": [ 0.5, 13.0, 2.5, 14.5 ] },
								"down": { "texture": "#hawkwing", "uv": [ 0.0, 12.5, 2.0, 14.5 ] }
							}
						}
					]
				},
				{
					"name": "stem23",
					"from": [ -6.5, -0.2, -1.5 ],
					"to": [ -5.9, 1.3, -0.9 ],
					"rotationOrigin": [ -6.0, -0.2, -1.0 ],
					"rotationX": 7.0,
					"rotationZ": 9.0,
					"faces": {
						"north": { "texture": "#hawkwing", "uv": [ 1.0, 9.0, 1.5, 10.5 ] },
						"east": { "texture": "#hawkwing", "uv": [ 1.5, 11.0, 2.0, 12.5 ] },
						"south": { "texture": "#hawkwing", "uv": [ 2.5, 11.0, 3.0, 12.5 ] },
						"west": { "texture": "#hawkwing", "uv": [ 2.0, 9.5, 2.5, 11.0 ] },
						"down": { "texture": "#hawkwing", "uv": [ 1.5, 10.0, 2.0, 10.5 ] }
					},
					"children": [
						{
							"name": "Cap24",
							"from": [ -0.7, 2.6, -0.5 ],
							"to": [ 1.3, 3.2, 1.5 ],
							"rotationOrigin": [ 0.3, 2.6, 0.5 ],
							"rotationX": -6.0,
							"rotationY": 6.0,
							"rotationZ": -8.0,
							"faces": {
								"north": { "texture": "#hawkwing", "uv": [ 11.0, 5.5, 13.0, 6.0 ] },
								"east": { "texture": "#hawkwing", "uv": [ 10.5, 5.5, 12.5, 6.0 ] },
								"south": { "texture": "#hawkwing", "uv": [ 11.0, 4.5, 13.0, 5.0 ] },
								"west": { "texture": "#hawkwing", "uv": [ 11.5, 5.5, 13.5, 6.0 ] },
								"up": { "texture": "#hawkwing", "uv": [ 10.5, 3.0, 12.5, 5.0 ] },
								"down": { "texture": "#hawkwing", "uv": [ 10.0, 9.5, 12.0, 11.5 ] }
							}
						},
						{
							"name": "ring29",
							"from": [ -0.2, 1.3, -0.2 ],
							"to": [ 0.8, 2.8, 0.8 ],
							"rotationOrigin": [ 0.3, 1.3, 0.3 ],
							"rotationX": 6.0,
							"faces": {
								"north": { "texture": "#hawkwing", "uv": [ 0.5, 10.0, 1.5, 11.5 ] },
								"east": { "texture": "#hawkwing", "uv": [ 1.0, 11.5, 2.0, 13.0 ] },
								"south": { "texture": "#hawkwing", "uv": [ 1.5, 11.5, 2.5, 13.0 ] },
								"west": { "texture": "#hawkwing", "uv": [ 0.5, 13.0, 1.5, 14.5 ] },
								"down": { "texture": "#hawkwing", "uv": [ 1.0, 10.0, 2.0, 11.0 ] }
							}
						}
					]
				},
				{
					"name": "stem29",
					"from": [ -0.5, -0.4, 3.5 ],
					"to": [ 0.3, 1.1, 4.3 ],
					"rotationOrigin": [ 0.0, -0.4, 4.0 ],
					"rotationX": -22.0,
					"rotationZ": 9.0,
					"faces": {
						"north": { "texture": "#hawkwing", "uv": [ 1.0, 10.0, 1.5, 11.5 ] },
						"east": { "texture": "#hawkwing", "uv": [ 1.5, 11.0, 2.0, 12.5 ] },
						"south": { "texture": "#hawkwing", "uv": [ 1.5, 9.5, 2.0, 11.0 ] },
						"west": { "texture": "#hawkwing", "uv": [ 1.5, 8.0, 2.0, 9.5 ] },
						"down": { "texture": "#hawkwing", "uv": [ 2.0, 14.0, 2.5, 14.5 ] }
					},
					"children": [
						{
							"name": "Cap30",
							"from": [ -0.4, 2.3, -0.9 ],
							"to": [ 2.1, 2.9, 1.6 ],
							"rotationOrigin": [ 0.7, 2.3, 0.4 ],
							"rotationX": 8.0,
							"rotationY": 14.0,
							"rotationZ": -8.0,
							"faces": {
								"north": { "texture": "#hawkwing", "uv": [ 5.5, 5.5, 8.0, 6.0 ] },
								"east": { "texture": "#hawkwing", "uv": [ 5.5, 5.5, 8.0, 6.0 ] },
								"south": { "texture": "#hawkwing", "uv": [ 4.5, 5.0, 7.0, 5.5 ] },
								"west": { "texture": "#hawkwing", "uv": [ 6.5, 5.5, 9.0, 6.0 ] },
								"up": { "texture": "#hawkwing", "uv": [ 2.5, 2.5, 5.0, 5.0 ] },
								"down": { "texture": "#hawkwing", "uv": [ 2.5, 10.0, 5.0, 12.5 ] }
							}
						},
						{
							"name": "ring31",
							"from": [ -0.3, 1.1, -0.3 ],
							"to": [ 1.1, 2.6, 1.1 ],
							"rotationOrigin": [ 0.4, 1.1, 0.4 ],
							"rotationX": 6.0,
							"rotationZ": -14.0,
							"faces": {
								"north": { "texture": "#hawkwing", "uv": [ 0.5, 12.0, 1.5, 13.5 ] },
								"east": { "texture": "#hawkwing", "uv": [ 1.0, 12.0, 2.0, 13.5 ] },
								"south": { "texture": "#hawkwing", "uv": [ 1.5, 12.0, 2.5, 13.5 ] },
								"west": { "texture": "#hawkwing", "uv": [ 1.5, 11.5, 2.5, 13.0 ] },
								"down": { "texture": "#hawkwing", "uv": [ 0.5, 10.0, 1.5, 11.0 ] }
							}
						}
					]
				}
			]
		}
	]}