{
	"editor": {
		"allAngles": true,
		"entityTextureMode": false
	},
	"textureWidth": 16,
	"textureHeight": 16,
	"textureSizes": {
	},
	"textures": {
		"hawkwing": "mycodiversity:block/plant/mushroom/hawkwing/hawkwing"
	},
	"elements": [
		{
			"name": "origin",
			"from": [ 8.0, 0.0, 8.0 ],
			"to": [ 8.0, 0.0, 8.0 ],
			"rotationOrigin": [ 8.0, 0.0, 8.0 ],
			"faces": {
			},
			"children": [
				{
					"name": "large",
					"from": [ -2.28, 0.0, -1.66 ],
					"to": [ -0.78, 2.0, -0.16 ],
					"rotationOrigin": [ -1.5825, 0.0, -0.9588 ],
					"rotationY": 24.0,
					"faces": {
						"north": { "texture": "#hawkwing", "uv": [ 1.0, 11.5, 2.5, 13.5 ] },
						"east": { "texture": "#hawkwing", "uv": [ 1.0, 11.0, 2.5, 13.0 ] },
						"south": { "texture": "#hawkwing", "uv": [ 1.0, 10.5, 2.5, 12.5 ] },
						"west": { "texture": "#hawkwing", "uv": [ 1.0, 11.0, 2.5, 13.0 ] },
						"down": { "texture": "#hawkwing", "uv": [ 2.0, 12.5, 3.5, 14.0 ] }
					},
					"children": [
						{
							"name": "cap4",
							"from": [ -1.8, 3.5, -1.0 ],
							"to": [ 2.7, 4.5, 3.5 ],
							"rotationOrigin": [ 0.3, 3.5, 1.3 ],
							"rotationX": 19.0,
							"rotationZ": 8.0,
							"faces": {
								"up": { "texture": "#hawkwing", "uv": [ 0.5, 1.0, 5.0, 5.5 ] },
								"down": { "texture": "#hawkwing", "uv": [ 10.0, 8.5, 14.5, 13.0 ] }
							},
							"children": [
								{
									"name": "Cube1",
									"from": [ 0.0, -0.2, -0.6 ],
									"to": [ 4.5, 0.8, 0.4 ],
									"rotationOrigin": [ 2.0, 0.8, 0.4 ],
									"rotationX": 28.0,
									"faces": {
										"north": { "texture": "#hawkwing", "uv": [ 4.5, 5.5, 9.0, 6.5 ] },
										"east": { "texture": "#hawkwing", "uv": [ 4.0, 5.5, 5.0, 6.5 ] },
										"west": { "texture": "#hawkwing", "uv": [ 1.5, 4.0, 2.5, 5.0 ] },
										"up": { "texture": "#hawkwing", "uv": [ 1.0, 6.0, 5.5, 7.0 ] },
										"down": { "texture": "#hawkwing", "uv": [ 3.0, 10.0, 7.5, 11.0 ] }
									}
								},
								{
									"name": "Cube22",
									"from": [ 0.0, -0.3, 3.9 ],
									"to": [ 4.5, 0.7, 4.9 ],
									"rotationOrigin": [ 2.0, 0.7, 3.9 ],
									"rotationX": -39.0,
									"faces": {
										"east": { "texture": "#hawkwing", "uv": [ 6.5, 4.0, 7.5, 5.0 ] },
										"south": { "texture": "#hawkwing", "uv": [ 1.5, 4.5, 6.0, 5.5 ] },
										"west": { "texture": "#hawkwing", "uv": [ 4.5, 6.0, 5.5, 7.0 ] },
										"up": { "texture": "#hawkwing", "uv": [ 3.5, 6.0, 8.0, 7.0 ] },
										"down": { "texture": "#hawkwing", "uv": [ 3.5, 11.0, 8.0, 12.0 ] }
									}
								},
								{
									"name": "Cube23",
									"from": [ -0.4, -0.3, 0.0 ],
									"to": [ 0.6, 0.7, 4.5 ],
									"rotationOrigin": [ 0.6, 0.7, 2.5 ],
									"rotationZ": -39.0,
									"faces": {
										"north": { "texture": "#hawkwing", "uv": [ 4.5, 5.0, 5.5, 6.0 ] },
										"south": { "texture": "#hawkwing", "uv": [ 0.5, 4.5, 1.5, 5.5 ] },
										"west": { "texture": "#hawkwing", "uv": [ 0.5, 5.0, 5.0, 6.0 ] },
										"up": { "texture": "#hawkwing", "uv": [ 5.0, 2.0, 6.0, 6.5 ] },
										"down": { "texture": "#hawkwing", "uv": [ 5.0, 9.0, 6.0, 13.5 ] }
									}
								},
								{
									"name": "Cube24",
									"from": [ 4.0, -0.2, 0.0 ],
									"to": [ 5.0, 0.8, 4.5 ],
									"rotationOrigin": [ 4.0, 0.8, 2.5 ],
									"rotationZ": 33.0,
									"faces": {
										"north": { "texture": "#hawkwing", "uv": [ 3.5, 4.5, 4.5, 5.5 ] },
										"east": { "texture": "#hawkwing", "uv": [ 0.5, 5.5, 5.0, 6.5 ] },
										"south": { "texture": "#hawkwing", "uv": [ 5.0, 5.5, 6.0, 6.5 ] },
										"up": { "texture": "#hawkwing", "uv": [ 4.5, 2.5, 5.5, 7.0 ] },
										"down": { "texture": "#hawkwing", "uv": [ 4.5, 10.0, 5.5, 14.5 ] }
									}
								}
							]
						},
						{
							"name": "stem3",
							"from": [ 0.0, 1.8, 0.0 ],
							"to": [ 1.5, 3.8, 1.5 ],
							"rotationOrigin": [ 0.7, 1.8, 0.7 ],
							"rotationX": 10.0,
							"rotationZ": 8.0,
							"faces": {
								"north": { "texture": "#hawkwing", "uv": [ 2.0, 9.5, 3.5, 11.5 ] },
								"east": { "texture": "#hawkwing", "uv": [ 1.0, 9.5, 2.5, 11.5 ] },
								"south": { "texture": "#hawkwing", "uv": [ 4.0, 11.0, 5.5, 13.0 ] },
								"west": { "texture": "#hawkwing", "uv": [ 3.5, 10.0, 5.0, 12.0 ] }
							}
						}
					]
				},
				{
					"name": "tiny13",
					"from": [ -4.75, -0.2, 3.25 ],
					"to": [ -3.75, 1.3, 4.25 ],
					"rotationOrigin": [ -4.2534, -0.2, 3.6601 ],
					"rotationX": 9.0,
					"rotationY": 55.0,
					"faces": {
						"north": { "texture": "#hawkwing", "uv": [ 10.0, 9.0, 11.0, 10.5 ] },
						"east": { "texture": "#hawkwing", "uv": [ 9.5, 10.0, 10.5, 11.5 ] },
						"south": { "texture": "#hawkwing", "uv": [ 10.5, 9.0, 11.5, 10.5 ] },
						"west": { "texture": "#hawkwing", "uv": [ 10.5, 10.0, 11.5, 11.5 ] },
						"down": { "texture": "#hawkwing", "uv": [ 10.0, 8.5, 11.0, 9.5 ] }
					},
					"children": [
						{
							"name": "cap3",
							"from": [ -1.1, 2.6, -1.1 ],
							"to": [ 1.9, 3.1, 1.9 ],
							"rotationOrigin": [ 0.4, 2.6, 0.4 ],
							"rotationZ": 22.0,
							"faces": {
								"north": { "texture": "#hawkwing", "uv": [ 9.5, 6.5, 12.5, 7.0 ] },
								"east": { "texture": "#hawkwing", "uv": [ 10.5, 5.0, 13.5, 5.5 ] },
								"south": { "texture": "#hawkwing", "uv": [ 9.5, 4.5, 12.5, 5.0 ] },
								"west": { "texture": "#hawkwing", "uv": [ 10.5, 3.5, 13.5, 4.0 ] },
								"up": { "texture": "#hawkwing", "uv": [ 10.0, 2.5, 13.0, 5.5 ] },
								"down": { "texture": "#hawkwing", "uv": [ 11.0, 9.5, 14.0, 12.5 ] }
							}
						},
						{
							"name": "stem2",
							"from": [ 0.0, 1.4, 0.0 ],
							"to": [ 1.0, 2.9, 1.0 ],
							"rotationOrigin": [ 0.5, 1.4, 0.5 ],
							"rotationX": -5.0,
							"rotationZ": 8.0,
							"faces": {
								"north": { "texture": "#hawkwing", "uv": [ 9.0, 11.5, 10.0, 13.0 ] },
								"east": { "texture": "#hawkwing", "uv": [ 9.5, 11.5, 10.5, 13.0 ] },
								"south": { "texture": "#hawkwing", "uv": [ 10.5, 11.0, 11.5, 12.5 ] },
								"west": { "texture": "#hawkwing", "uv": [ 10.5, 8.5, 11.5, 10.0 ] }
							}
						}
					]
				},
				{
					"name": "medium small",
					"from": [ -4.75, 0.0, -3.84 ],
					"to": [ -3.75, 1.0, -2.84 ],
					"rotationOrigin": [ -4.25, 0.0, -3.34 ],
					"rotationY": -22.0,
					"rotationZ": 4.0,
					"faces": {
						"north": { "texture": "#hawkwing", "uv": [ 5.5, 12.5, 6.5, 13.5 ] },
						"east": { "texture": "#hawkwing", "uv": [ 11.0, 11.5, 12.0, 12.5 ] },
						"south": { "texture": "#hawkwing", "uv": [ 10.5, 9.5, 11.5, 10.5 ] },
						"west": { "texture": "#hawkwing", "uv": [ 10.0, 10.0, 11.0, 11.0 ] },
						"down": { "texture": "#hawkwing", "uv": [ 10.5, 10.0, 11.5, 11.0 ] }
					},
					"children": [
						{
							"name": "cap",
							"from": [ -1.0, 1.7, -1.0 ],
							"to": [ 2.0, 2.2, 2.0 ],
							"rotationOrigin": [ 0.5, 1.7, 0.5 ],
							"rotationX": -9.0,
							"rotationZ": 14.0,
							"faces": {
								"north": { "texture": "#hawkwing", "uv": [ 13.0, 3.0, 16.0, 3.5 ] },
								"east": { "texture": "#hawkwing", "uv": [ 9.0, 7.0, 12.0, 7.5 ] },
								"south": { "texture": "#hawkwing", "uv": [ 10.0, 8.0, 13.0, 8.5 ] },
								"west": { "texture": "#hawkwing", "uv": [ 9.0, 7.0, 12.0, 7.5 ] },
								"up": { "texture": "#hawkwing", "uv": [ 9.5, 1.5, 12.5, 4.5 ] },
								"down": { "texture": "#hawkwing", "uv": [ 10.0, 9.5, 13.0, 12.5 ] }
							},
							"children": [
								{
									"name": "Cube25",
									"from": [ 0.0, 0.0, 2.5 ],
									"to": [ 3.0, 0.5, 3.0 ],
									"rotationOrigin": [ 1.5, 0.5, 2.5 ],
									"rotationX": -44.0,
									"faces": {
										"east": { "texture": "#hawkwing", "uv": [ 9.5, 4.5, 10.0, 5.0 ] },
										"south": { "texture": "#hawkwing", "uv": [ 8.5, 5.0, 11.5, 5.5 ] },
										"west": { "texture": "#hawkwing", "uv": [ 8.5, 5.0, 9.0, 5.5 ] },
										"up": { "texture": "#hawkwing", "uv": [ 8.5, 4.5, 11.5, 5.0 ] },
										"down": { "texture": "#hawkwing", "uv": [ 10.5, 6.0, 13.5, 6.5 ] }
									}
								},
								{
									"name": "Cube26",
									"from": [ 0.0, 0.0, -0.1 ],
									"to": [ 3.0, 0.5, 0.4 ],
									"rotationOrigin": [ 1.5, 0.5, 0.4 ],
									"rotationX": 33.0,
									"faces": {
										"north": { "texture": "#hawkwing", "uv": [ 4.5, 2.5, 7.5, 3.0 ] },
										"east": { "texture": "#hawkwing", "uv": [ 3.0, 5.5, 3.5, 6.0 ] },
										"west": { "texture": "#hawkwing", "uv": [ 5.0, 4.0, 5.5, 4.5 ] },
										"up": { "texture": "#hawkwing", "uv": [ 7.5, 4.0, 10.5, 4.5 ] },
										"down": { "texture": "#hawkwing", "uv": [ 10.5, 3.0, 13.5, 3.5 ] }
									}
								},
								{
									"name": "Cube27",
									"from": [ 2.6, 0.0, 0.0 ],
									"to": [ 3.1, 0.5, 3.0 ],
									"rotationOrigin": [ 2.6, 0.5, 1.5 ],
									"rotationZ": 22.0,
									"faces": {
										"north": { "texture": "#hawkwing", "uv": [ 9.0, 6.5, 9.5, 7.0 ] },
										"east": { "texture": "#hawkwing", "uv": [ 7.0, 5.5, 10.0, 6.0 ] },
										"south": { "texture": "#hawkwing", "uv": [ 8.5, 5.5, 9.0, 6.0 ] },
										"up": { "texture": "#hawkwing", "uv": [ 9.0, 1.5, 9.5, 4.5 ] },
										"down": { "texture": "#hawkwing", "uv": [ 14.5, 1.5, 15.0, 4.5 ] }
									}
								},
								{
									"name": "Cube28",
									"from": [ -0.1, 0.0, 0.0 ],
									"to": [ 0.4, 0.5, 3.0 ],
									"rotationOrigin": [ 0.4, 0.5, 1.5 ],
									"rotationZ": -44.0,
									"faces": {
										"north": { "texture": "#hawkwing", "uv": [ 4.0, 5.5, 4.5, 6.0 ] },
										"south": { "texture": "#hawkwing", "uv": [ 8.5, 4.0, 9.0, 4.5 ] },
										"west": { "texture": "#hawkwing", "uv": [ 8.0, 7.0, 11.0, 7.5 ] },
										"up": { "texture": "#hawkwing", "uv": [ 10.0, 4.0, 10.5, 7.0 ] },
										"down": { "texture": "#hawkwing", "uv": [ 15.0, 0.5, 15.5, 3.5 ] }
									}
								}
							]
						},
						{
							"name": "stem",
							"from": [ 0.0, 0.8, 0.0 ],
							"to": [ 1.0, 1.8, 1.0 ],
							"rotationOrigin": [ 0.5, 0.8, 0.5 ],
							"rotationX": -6.0,
							"rotationZ": 4.0,
							"faces": {
								"north": { "texture": "#hawkwing", "uv": [ 8.5, 11.0, 9.5, 12.0 ] },
								"east": { "texture": "#hawkwing", "uv": [ 9.0, 11.0, 10.0, 12.0 ] },
								"south": { "texture": "#hawkwing", "uv": [ 9.5, 8.5, 10.5, 9.5 ] },
								"west": { "texture": "#hawkwing", "uv": [ 11.0, 8.0, 12.0, 9.0 ] }
							}
						}
					]
				},
				{
					"name": "stem9",
					"from": [ 2.5, 0.0, -1.5 ],
					"to": [ 3.3, 1.0, -0.7 ],
					"rotationOrigin": [ 2.9, 0.0, -1.1 ],
					"faces": {
						"north": { "texture": "#hawkwing", "uv": [ 1.0, 10.0, 1.5, 11.0 ] },
						"east": { "texture": "#hawkwing", "uv": [ 1.5, 11.0, 2.0, 12.0 ] },
						"south": { "texture": "#hawkwing", "uv": [ 1.0, 11.0, 1.5, 12.0 ] },
						"west": { "texture": "#hawkwing", "uv": [ 1.0, 11.0, 1.5, 12.0 ] },
						"down": { "texture": "#hawkwing", "uv": [ 0.5, 14.5, 1.0, 15.0 ] }
					},
					"children": [
						{
							"name": "Cap10",
							"from": [ -0.6, 2.0, -0.6 ],
							"to": [ 1.4, 2.5, 1.4 ],
							"rotationOrigin": [ 0.4, 2.0, 0.4 ],
							"faces": {
								"north": { "texture": "#hawkwing", "uv": [ 5.5, 5.5, 7.5, 6.0 ] },
								"east": { "texture": "#hawkwing", "uv": [ 5.5, 5.5, 7.5, 6.0 ] },
								"south": { "texture": "#hawkwing", "uv": [ 4.5, 5.0, 6.5, 5.5 ] },
								"west": { "texture": "#hawkwing", "uv": [ 6.5, 5.5, 8.5, 6.0 ] },
								"up": { "texture": "#hawkwing", "uv": [ 2.5, 3.5, 4.5, 5.5 ] },
								"down": { "texture": "#hawkwing", "uv": [ 1.5, 11.5, 3.5, 13.5 ] }
							}
						},
						{
							"name": "ring15",
							"from": [ -0.1, 1.0, -0.1 ],
							"to": [ 0.9, 2.5, 0.9 ],
							"rotationOrigin": [ 0.5, 1.0, 0.5 ],
							"faces": {
								"north": { "texture": "#hawkwing", "uv": [ 1.0, 11.5, 2.0, 13.0 ] },
								"east": { "texture": "#hawkwing", "uv": [ 1.0, 10.5, 2.0, 12.0 ] },
								"south": { "texture": "#hawkwing", "uv": [ 1.5, 12.0, 2.5, 13.5 ] },
								"west": { "texture": "#hawkwing", "uv": [ 0.5, 9.5, 1.5, 11.0 ] },
								"down": { "texture": "#hawkwing", "uv": [ 0.0, 10.0, 1.0, 11.0 ] }
							}
						}
					]
				},
				{
					"name": "stem16",
					"from": [ 2.0, -0.7, 1.5 ],
					"to": [ 3.0, 1.8, 2.5 ],
					"rotationOrigin": [ 3.0, -0.7, 2.0 ],
					"rotationX": 14.0,
					"rotationY": -33.0,
					"rotationZ": -14.0,
					"faces": {
						"north": { "texture": "#hawkwing", "uv": [ 3.0, 7.5, 4.0, 10.0 ] },
						"east": { "texture": "#hawkwing", "uv": [ 4.0, 10.0, 5.0, 12.5 ] },
						"south": { "texture": "#hawkwing", "uv": [ 2.5, 9.0, 3.5, 11.5 ] },
						"west": { "texture": "#hawkwing", "uv": [ 1.5, 10.0, 2.5, 12.5 ] },
						"down": { "texture": "#hawkwing", "uv": [ 3.5, 10.5, 4.5, 11.5 ] }
					},
					"children": [
						{
							"name": "Cap17",
							"from": [ -1.5, 3.7, -1.5 ],
							"to": [ 2.5, 4.7, 2.5 ],
							"rotationOrigin": [ 0.5, 3.7, 0.5 ],
							"rotationX": -10.0,
							"rotationZ": 10.0,
							"faces": {
								"north": { "texture": "#hawkwing", "uv": [ 10.5, 5.5, 14.5, 6.5 ] },
								"east": { "texture": "#hawkwing", "uv": [ 10.5, 4.5, 14.5, 5.5 ] },
								"south": { "texture": "#hawkwing", "uv": [ 12.0, 5.5, 16.0, 6.5 ] },
								"west": { "texture": "#hawkwing", "uv": [ 11.5, 5.5, 15.5, 6.5 ] },
								"up": { "texture": "#hawkwing", "uv": [ 10.5, 1.5, 14.5, 5.5 ] },
								"down": { "texture": "#hawkwing", "uv": [ 9.5, 10.0, 13.5, 14.0 ] }
							}
						},
						{
							"name": "gillsE18",
							"from": [ 0.6, 2.6, 0.0 ],
							"to": [ 2.6, 3.1, 1.0 ],
							"rotationOrigin": [ 0.6, 2.6, 0.5 ],
							"rotationZ": 45.0,
							"faces": {
								"north": { "texture": "#hawkwing", "uv": [ 9.5, 10.5, 11.5, 11.0 ] },
								"south": { "texture": "#hawkwing", "uv": [ 10.0, 9.5, 12.0, 10.0 ] },
								"down": { "texture": "#hawkwing", "uv": [ 9.0, 9.5, 11.0, 10.5 ] }
							}
						},
						{
							"name": "gillsW19",
							"from": [ -1.6, 2.6, 0.0 ],
							"to": [ 0.4, 3.1, 1.0 ],
							"rotationOrigin": [ 0.4, 2.6, 0.5 ],
							"rotationZ": -25.0,
							"faces": {
								"north": { "texture": "#hawkwing", "uv": [ 9.0, 9.0, 11.0, 9.5 ] },
								"south": { "texture": "#hawkwing", "uv": [ 10.0, 9.5, 12.0, 10.0 ] },
								"down": { "texture": "#hawkwing", "uv": [ 8.5, 9.5, 10.5, 10.5 ] }
							}
						},
						{
							"name": "gillsS20",
							"from": [ 0.0, 2.6, 0.6 ],
							"to": [ 1.0, 3.1, 2.6 ],
							"rotationOrigin": [ 0.5, 2.6, 0.6 ],
							"rotationX": -50.0,
							"faces": {
								"east": { "texture": "#hawkwing", "uv": [ 11.0, 8.5, 13.0, 9.0 ] },
								"west": { "texture": "#hawkwing", "uv": [ 10.0, 10.5, 12.0, 11.0 ] },
								"down": { "texture": "#hawkwing", "uv": [ 10.0, 10.0, 11.0, 12.0 ] }
							}
						},
						{
							"name": "gillsN21",
							"from": [ 0.0, 2.6, -1.6 ],
							"to": [ 1.0, 3.1, 0.4 ],
							"rotationOrigin": [ 0.5, 2.6, 0.4 ],
							"rotationX": 45.0,
							"faces": {
								"east": { "texture": "#hawkwing", "uv": [ 4.5, 11.5, 6.5, 12.0 ] },
								"west": { "texture": "#hawkwing", "uv": [ 3.0, 11.0, 5.0, 11.5 ] },
								"down": { "texture": "#hawkwing", "uv": [ 4.5, 10.5, 5.5, 12.5 ] }
							}
						},
						{
							"name": "ring22",
							"from": [ -0.1, 1.5, -0.1 ],
							"to": [ 1.1, 4.0, 1.1 ],
							"rotationOrigin": [ 0.5, 1.5, 0.5 ],
							"faces": {
								"north": { "texture": "#hawkwing", "uv": [ 11.0, 11.0, 12.0, 13.5 ] },
								"east": { "texture": "#hawkwing", "uv": [ 13.0, 10.5, 14.0, 13.0 ] },
								"south": { "texture": "#hawkwing", "uv": [ 11.0, 9.5, 12.0, 12.0 ] },
								"west": { "texture": "#hawkwing", "uv": [ 10.5, 10.0, 11.5, 12.5 ] },
								"down": { "texture": "#hawkwing", "uv": [ 11.0, 10.0, 12.0, 11.0 ] }
							}
						}
					]
				},
				{
					"name": "stem29",
					"from": [ 0.5, -0.2, -3.5 ],
					"to": [ 1.3, 0.8, -2.7 ],
					"rotationOrigin": [ 0.9, -0.2, -3.1 ],
					"rotationX": -19.0,
					"faces": {
						"north": { "texture": "#hawkwing", "uv": [ 10.5, 14.0, 11.0, 15.0 ] },
						"east": { "texture": "#hawkwing", "uv": [ 9.0, 13.0, 9.5, 14.0 ] },
						"south": { "texture": "#hawkwing", "uv": [ 8.0, 13.0, 8.5, 14.0 ] },
						"west": { "texture": "#hawkwing", "uv": [ 10.5, 13.5, 11.0, 14.5 ] },
						"down": { "texture": "#hawkwing", "uv": [ 7.0, 15.5, 7.5, 16.0 ] }
					},
					"children": [
						{
							"name": "Cap30",
							"from": [ -0.4, 2.0, -0.6 ],
							"to": [ 1.6, 2.7, 1.4 ],
							"rotationOrigin": [ 0.6, 2.0, 0.4 ],
							"rotationX": -6.0,
							"rotationZ": 6.0,
							"faces": {
								"north": { "texture": "#hawkwing", "uv": [ 9.0, 5.5, 11.0, 6.0 ] },
								"east": { "texture": "#hawkwing", "uv": [ 10.0, 6.5, 12.0, 7.0 ] },
								"south": { "texture": "#hawkwing", "uv": [ 10.0, 4.5, 12.0, 5.0 ] },
								"west": { "texture": "#hawkwing", "uv": [ 9.5, 4.5, 11.5, 5.0 ] },
								"up": { "texture": "#hawkwing", "uv": [ 10.0, 5.0, 12.0, 7.0 ] },
								"down": { "texture": "#hawkwing", "uv": [ 8.5, 9.0, 10.5, 11.0 ] }
							}
						},
						{
							"name": "ring31",
							"from": [ -0.1, 1.0, -0.1 ],
							"to": [ 0.9, 2.5, 0.9 ],
							"rotationOrigin": [ 0.4, 1.0, 0.4 ],
							"rotationZ": -6.0,
							"faces": {
								"north": { "texture": "#hawkwing", "uv": [ 9.5, 12.5, 10.5, 14.0 ] },
								"east": { "texture": "#hawkwing", "uv": [ 9.5, 12.0, 10.5, 13.5 ] },
								"south": { "texture": "#hawkwing", "uv": [ 8.5, 11.0, 9.5, 12.5 ] },
								"west": { "texture": "#hawkwing", "uv": [ 11.0, 11.5, 12.0, 13.0 ] },
								"down": { "texture": "#hawkwing", "uv": [ 9.0, 13.0, 10.0, 14.0 ] }
							}
						}
					]
				}
			]
		}
	]}