{
	"textures": {
		"commonmorel": "game:block/plant/mushroom/commonmorel/commonmorel",
		"mycelium2": "game:block/plant/mushroom/mycelium2"
	},
	"elements": [
		{
			"name": "origin",
			"from": [ 8.0, 0.0, 8.0 ], 
			"to": [ 8.0, 0.0, 8.0 ], 
			"rotationOrigin": [ 8.0, 0.0, 8.0 ],
			"faces": {
				"north": { "texture": "#null", "uv": [ 0.0, 0.0, 0.5, 0.5 ], "enabled": false },
				"east": { "texture": "#null", "uv": [ 0.0, 0.0, 0.5, 0.5 ], "enabled": false },
				"south": { "texture": "#null", "uv": [ 0.0, 0.0, 0.5, 0.5 ], "enabled": false },
				"west": { "texture": "#null", "uv": [ 0.0, 0.0, 0.5, 0.5 ], "enabled": false },
				"up": { "texture": "#null", "uv": [ 0.0, 0.0, 0.5, 0.5 ], "enabled": false },
				"down": { "texture": "#null", "uv": [ 0.0, 0.0, 0.5, 0.5 ], "enabled": false }
			},
			"children": [
				{
					"name": "stem1",
					"from": [ -4.1, -0.3, -2.5 ], 
					"to": [ -3.1, 1.7, -1.5 ], 
					"rotationOrigin": [ -3.6, -0.2, -2.0 ],
					"rotationY": 28.0,
					"rotationZ": -6.0,
					"faces": {
						"north": { "texture": "#commonmorel", "uv": [ 1.0, 14.0, 2.0, 16.0 ] },
						"east": { "texture": "#commonmorel", "uv": [ 0.5, 13.0, 1.5, 15.0 ] },
						"south": { "texture": "#commonmorel", "uv": [ 0.5, 13.5, 1.5, 15.5 ] },
						"west": { "texture": "#commonmorel", "uv": [ 1.5, 13.5, 2.5, 15.5 ] },
						"up": { "texture": "#commonmorel", "uv": [ 0.0, 0.0, 1.0, 1.0 ], "enabled": false },
						"down": { "texture": "#commonmorel", "uv": [ 1.0, 15.0, 2.0, 16.0 ] }
					},
					"children": [
						{
							"name": "cap1",
							"from": [ -0.5, 1.8, -0.5 ], 
							"to": [ 1.5, 3.8, 1.5 ], 
							"rotationOrigin": [ 0.5, 1.8, 0.5 ],
							"rotationY": 19.0,
							"rotationZ": 8.0,
							"faces": {
								"north": { "texture": "#commonmorel", "uv": [ 7.5, 1.5, 9.5, 3.5 ] },
								"east": { "texture": "#commonmorel", "uv": [ 6.0, 4.5, 8.0, 6.5 ] },
								"south": { "texture": "#commonmorel", "uv": [ 7.5, 3.5, 9.5, 5.5 ] },
								"west": { "texture": "#commonmorel", "uv": [ 7.0, 5.0, 9.0, 7.0 ] },
								"up": { "texture": "#commonmorel", "uv": [ 8.0, 4.5, 10.0, 6.5 ] },
								"down": { "texture": "#commonmorel", "uv": [ 7.5, 4.5, 9.5, 6.5 ] }
							},
							"children": [
								{
									"name": "tip1",
									"from": [ 0.3, 2.0, 0.3 ], 
									"to": [ 1.7, 3.0, 1.7 ], 
									"rotationOrigin": [ 1.0, 2.0, 1.0 ],
									"faces": {
										"north": { "texture": "#commonmorel", "uv": [ 8.0, 1.5, 9.0, 2.5 ] },
										"east": { "texture": "#commonmorel", "uv": [ 7.5, 0.0, 8.5, 1.0 ] },
										"south": { "texture": "#commonmorel", "uv": [ 8.5, 3.0, 9.5, 4.0 ] },
										"west": { "texture": "#commonmorel", "uv": [ 7.5, 6.0, 8.5, 7.0 ] },
										"up": { "texture": "#commonmorel", "uv": [ 9.5, 4.5, 10.5, 5.5 ] },
										"down": { "texture": "#commonmorel", "uv": [ 0.0, 0.0, 1.0, 1.0 ], "enabled": false }
									}
								}
							]
						}
					]
				},
				{
					"name": "stem8",
					"from": [ 0.5, -0.2, -0.5 ], 
					"to": [ 1.5, 0.8, 0.5 ], 
					"rotationOrigin": [ 1.0, -0.1, 0.0 ],
					"rotationY": -42.0,
					"rotationZ": -14.0,
					"faces": {
						"north": { "texture": "#commonmorel", "uv": [ 2.5, 14.0, 3.5, 15.0 ] },
						"east": { "texture": "#commonmorel", "uv": [ 4.0, 13.5, 5.0, 14.5 ] },
						"south": { "texture": "#commonmorel", "uv": [ 4.0, 14.0, 5.0, 15.0 ] },
						"west": { "texture": "#commonmorel", "uv": [ 3.0, 13.0, 4.0, 14.0 ] },
						"up": { "texture": "#commonmorel", "uv": [ 0.0, 0.0, 1.0, 1.0 ], "enabled": false },
						"down": { "texture": "#commonmorel", "uv": [ 2.5, 15.0, 3.5, 16.0 ] }
					},
					"children": [
						{
							"name": "cap9",
							"from": [ -0.8, 0.8, -0.8 ], 
							"to": [ 1.7, 2.8, 1.7 ], 
							"rotationOrigin": [ 0.5, 0.8, 0.5 ],
							"rotationX": -14.0,
							"rotationZ": 19.0,
							"faces": {
								"north": { "texture": "#commonmorel", "uv": [ 7.0, 5.5, 9.5, 7.5 ] },
								"east": { "texture": "#commonmorel", "uv": [ 5.5, 1.0, 8.0, 3.0 ] },
								"south": { "texture": "#commonmorel", "uv": [ 7.0, 3.5, 9.5, 5.5 ] },
								"west": { "texture": "#commonmorel", "uv": [ 6.5, 4.0, 9.0, 6.0 ] },
								"up": { "texture": "#commonmorel", "uv": [ 7.5, 4.0, 10.0, 6.5 ] },
								"down": { "texture": "#commonmorel", "uv": [ 8.0, 2.5, 10.5, 5.0 ] }
							}
						}
					]
				},
				{
					"name": "stem10",
					"from": [ -4.5, -0.2, 2.5 ], 
					"to": [ -3.5, 1.3, 3.5 ], 
					"rotationOrigin": [ -4.0, -0.1, 3.0 ],
					"rotationY": 36.0,
					"rotationZ": -6.0,
					"faces": {
						"north": { "texture": "#commonmorel", "uv": [ 4.0, 14.0, 5.0, 15.5 ] },
						"east": { "texture": "#commonmorel", "uv": [ 3.0, 13.5, 4.0, 15.0 ] },
						"south": { "texture": "#commonmorel", "uv": [ 3.0, 13.5, 4.0, 15.0 ] },
						"west": { "texture": "#commonmorel", "uv": [ 3.0, 14.5, 4.0, 16.0 ] },
						"up": { "texture": "#commonmorel", "uv": [ 0.0, 0.0, 1.0, 1.0 ], "enabled": false },
						"down": { "texture": "#commonmorel", "uv": [ 4.0, 14.0, 5.0, 15.0 ] }
					},
					"children": [
						{
							"name": "cap11",
							"from": [ -0.5, 1.3, -0.5 ], 
							"to": [ 1.5, 2.8, 1.5 ], 
							"rotationOrigin": [ 0.5, 1.3, 0.5 ],
							"rotationX": -11.0,
							"rotationZ": 8.0,
							"faces": {
								"north": { "texture": "#commonmorel", "uv": [ 12.5, 10.0, 14.5, 11.5 ] },
								"east": { "texture": "#commonmorel", "uv": [ 13.5, 12.5, 15.5, 14.0 ] },
								"south": { "texture": "#commonmorel", "uv": [ 12.0, 11.0, 14.0, 12.5 ] },
								"west": { "texture": "#commonmorel", "uv": [ 13.0, 12.0, 15.0, 13.5 ] },
								"up": { "texture": "#commonmorel", "uv": [ 12.0, 9.5, 14.0, 11.5 ] },
								"down": { "texture": "#commonmorel", "uv": [ 13.0, 9.5, 15.0, 11.5 ] }
							},
							"children": [
								{
									"name": "tip12",
									"from": [ 0.3, 1.5, 0.3 ], 
									"to": [ 1.7, 2.5, 1.7 ], 
									"rotationOrigin": [ 1.0, 1.5, 1.0 ],
									"faces": {
										"north": { "texture": "#commonmorel", "uv": [ 15.0, 11.0, 16.0, 12.0 ] },
										"east": { "texture": "#commonmorel", "uv": [ 12.0, 10.0, 13.0, 11.0 ] },
										"south": { "texture": "#commonmorel", "uv": [ 12.5, 11.0, 13.5, 12.0 ] },
										"west": { "texture": "#commonmorel", "uv": [ 13.0, 11.5, 14.0, 12.5 ] },
										"up": { "texture": "#commonmorel", "uv": [ 12.0, 13.5, 13.0, 14.5 ] },
										"down": { "texture": "#commonmorel", "uv": [ 0.0, 0.0, 1.0, 1.0 ], "enabled": false }
									}
								}
							]
						}
					]
				},
				{
					"name": "stem13",
					"from": [ -1.5, -0.2, 1.5 ], 
					"to": [ -0.5, 0.8, 2.5 ], 
					"rotationOrigin": [ -1.0, -0.1, 2.0 ],
					"rotationX": -6.0,
					"rotationY": 3.0,
					"rotationZ": 6.0,
					"faces": {
						"north": { "texture": "#commonmorel", "uv": [ 3.0, 6.0, 4.0, 7.0 ] },
						"east": { "texture": "#commonmorel", "uv": [ 2.0, 5.0, 3.0, 6.0 ] },
						"south": { "texture": "#commonmorel", "uv": [ 2.0, 6.0, 3.0, 7.0 ] },
						"west": { "texture": "#commonmorel", "uv": [ 1.5, 6.0, 2.5, 7.0 ] },
						"up": { "texture": "#commonmorel", "uv": [ 0.0, 0.0, 1.0, 1.0 ], "enabled": false },
						"down": { "texture": "#commonmorel", "uv": [ 1.5, 6.5, 2.5, 7.5 ] }
					},
					"children": [
						{
							"name": "cap14",
							"from": [ -0.5, 0.9, -0.5 ], 
							"to": [ 1.5, 1.9, 1.5 ], 
							"rotationOrigin": [ 0.5, 0.9, 0.5 ],
							"rotationY": 28.0,
							"faces": {
								"north": { "texture": "#commonmorel", "uv": [ 8.0, 11.0, 10.0, 12.0 ] },
								"east": { "texture": "#commonmorel", "uv": [ 8.0, 11.0, 10.0, 12.0 ] },
								"south": { "texture": "#commonmorel", "uv": [ 5.5, 12.0, 7.5, 13.0 ] },
								"west": { "texture": "#commonmorel", "uv": [ 7.5, 11.0, 9.5, 12.0 ] },
								"up": { "texture": "#commonmorel", "uv": [ 8.0, 11.5, 10.0, 13.5 ] },
								"down": { "texture": "#commonmorel", "uv": [ 7.0, 11.0, 9.0, 13.0 ] }
							},
							"children": [
								{
									"name": "tip15",
									"from": [ 0.3, 1.0, 0.3 ], 
									"to": [ 1.7, 1.5, 1.7 ], 
									"rotationOrigin": [ 1.0, 1.0, 1.0 ],
									"faces": {
										"north": { "texture": "#commonmorel", "uv": [ 9.0, 15.0, 10.0, 15.5 ] },
										"east": { "texture": "#commonmorel", "uv": [ 9.5, 10.5, 10.5, 11.0 ] },
										"south": { "texture": "#commonmorel", "uv": [ 6.5, 10.5, 7.5, 11.0 ] },
										"west": { "texture": "#commonmorel", "uv": [ 8.0, 13.5, 9.0, 14.0 ] },
										"up": { "texture": "#commonmorel", "uv": [ 7.5, 11.5, 8.5, 12.5 ] },
										"down": { "texture": "#commonmorel", "uv": [ 0.0, 0.0, 1.0, 1.0 ], "enabled": false }
									}
								}
							]
						}
					]
				},
				{
					"name": "stem16",
					"from": [ 1.5, -0.2, 2.5 ], 
					"to": [ 2.5, 0.8, 3.5 ], 
					"rotationOrigin": [ 2.0, -0.1, 3.0 ],
					"rotationX": -6.0,
					"rotationY": 17.0,
					"rotationZ": 3.0,
					"faces": {
						"north": { "texture": "#commonmorel", "uv": [ 0.5, 15.0, 1.5, 16.0 ] },
						"east": { "texture": "#commonmorel", "uv": [ 0.5, 14.5, 1.5, 15.5 ] },
						"south": { "texture": "#commonmorel", "uv": [ 0.5, 14.0, 1.5, 15.0 ] },
						"west": { "texture": "#commonmorel", "uv": [ 0.5, 13.5, 1.5, 14.5 ] },
						"up": { "texture": "#commonmorel", "uv": [ 0.0, 0.0, 1.0, 1.0 ], "enabled": false },
						"down": { "texture": "#commonmorel", "uv": [ 0.0, 11.5, 1.0, 12.5 ] }
					},
					"children": [
						{
							"name": "cap17",
							"from": [ -0.5, 0.8, -0.5 ], 
							"to": [ 1.5, 1.8, 1.5 ], 
							"rotationOrigin": [ 0.5, 0.8, 0.5 ],
							"rotationX": 8.0,
							"rotationY": -22.0,
							"faces": {
								"north": { "texture": "#commonmorel", "uv": [ 7.0, 2.5, 9.0, 3.5 ] },
								"east": { "texture": "#commonmorel", "uv": [ 6.0, 3.5, 8.0, 4.5 ] },
								"south": { "texture": "#commonmorel", "uv": [ 6.5, 2.5, 8.5, 3.5 ] },
								"west": { "texture": "#commonmorel", "uv": [ 7.0, 5.0, 9.0, 6.0 ] },
								"up": { "texture": "#commonmorel", "uv": [ 6.0, 5.0, 8.0, 7.0 ] },
								"down": { "texture": "#commonmorel", "uv": [ 5.5, 3.0, 7.5, 5.0 ] }
							},
							"children": [
								{
									"name": "tip18",
									"from": [ 0.3, 1.0, 0.3 ], 
									"to": [ 1.7, 1.5, 1.7 ], 
									"rotationOrigin": [ 1.0, 1.0, 1.0 ],
									"faces": {
										"north": { "texture": "#commonmorel", "uv": [ 7.0, 3.0, 8.0, 3.5 ] },
										"east": { "texture": "#commonmorel", "uv": [ 8.0, 3.5, 9.0, 4.0 ] },
										"south": { "texture": "#commonmorel", "uv": [ 8.5, 2.0, 9.5, 2.5 ] },
										"west": { "texture": "#commonmorel", "uv": [ 8.0, 6.5, 9.0, 7.0 ] },
										"up": { "texture": "#commonmorel", "uv": [ 7.5, 7.0, 8.5, 8.0 ] },
										"down": { "texture": "#commonmorel", "uv": [ 0.0, 0.0, 1.0, 1.0 ], "enabled": false }
									}
								}
							]
						}
					]
				},
				{
					"name": "stem17",
					"from": [ 3.5, -0.2, -3.5 ], 
					"to": [ 4.5, 0.8, -2.5 ], 
					"rotationOrigin": [ 4.0, -0.1, -3.0 ],
					"rotationY": -75.0,
					"rotationZ": -3.0,
					"faces": {
						"north": { "texture": "#commonmorel", "uv": [ 2.0, 4.5, 3.0, 5.5 ] },
						"east": { "texture": "#commonmorel", "uv": [ 1.0, 3.0, 2.0, 4.0 ] },
						"south": { "texture": "#commonmorel", "uv": [ 3.0, 4.5, 4.0, 5.5 ] },
						"west": { "texture": "#commonmorel", "uv": [ 2.5, 5.0, 3.5, 6.0 ] },
						"up": { "texture": "#commonmorel", "uv": [ 0.0, 0.0, 1.0, 1.0 ], "enabled": false },
						"down": { "texture": "#commonmorel", "uv": [ 1.0, 4.0, 2.0, 5.0 ] }
					},
					"children": [
						{
							"name": "cap18",
							"from": [ -0.8, 0.8, -0.8 ], 
							"to": [ 1.7, 2.8, 1.7 ], 
							"rotationOrigin": [ 0.5, 0.8, 0.5 ],
							"rotationX": -6.0,
							"rotationY": 50.0,
							"rotationZ": -3.0,
							"faces": {
								"north": { "texture": "#commonmorel", "uv": [ 12.0, 10.5, 14.5, 12.5 ] },
								"east": { "texture": "#commonmorel", "uv": [ 13.0, 9.5, 15.5, 11.5 ] },
								"south": { "texture": "#commonmorel", "uv": [ 12.0, 10.0, 14.5, 12.0 ] },
								"west": { "texture": "#commonmorel", "uv": [ 10.5, 10.0, 13.0, 12.0 ] },
								"up": { "texture": "#commonmorel", "uv": [ 11.0, 9.0, 13.5, 11.5 ] },
								"down": { "texture": "#commonmorel", "uv": [ 11.5, 11.0, 14.0, 13.5 ] }
							}
						}
					]
				},
				{
					"name": "stem18",
					"from": [ -2.4, -0.2, -4.4 ], 
					"to": [ -1.6, 0.8, -3.6 ], 
					"rotationOrigin": [ -2.0, -0.1, -4.0 ],
					"rotationX": -6.0,
					"rotationY": 17.0,
					"rotationZ": 3.0,
					"faces": {
						"north": { "texture": "#commonmorel", "uv": [ 4.0, 14.5, 4.5, 15.5 ] },
						"east": { "texture": "#commonmorel", "uv": [ 4.0, 13.5, 4.5, 14.5 ] },
						"south": { "texture": "#commonmorel", "uv": [ 3.5, 13.0, 4.0, 14.0 ] },
						"west": { "texture": "#commonmorel", "uv": [ 4.0, 14.0, 4.5, 15.0 ] },
						"up": { "texture": "#commonmorel", "uv": [ 0.0, 0.0, 0.5, 0.5 ], "enabled": false },
						"down": { "texture": "#commonmorel", "uv": [ 3.5, 14.0, 4.0, 14.5 ] }
					},
					"children": [
						{
							"name": "cap19",
							"from": [ -0.2, 0.8, -0.2 ], 
							"to": [ 1.0, 2.3, 1.0 ], 
							"rotationOrigin": [ 0.5, 0.8, 0.5 ],
							"rotationX": 8.0,
							"rotationY": -22.0,
							"faces": {
								"north": { "texture": "#commonmorel", "uv": [ 12.0, 2.5, 13.0, 4.0 ] },
								"east": { "texture": "#commonmorel", "uv": [ 11.0, 4.0, 12.0, 5.5 ] },
								"south": { "texture": "#commonmorel", "uv": [ 11.5, 3.0, 12.5, 4.5 ] },
								"west": { "texture": "#commonmorel", "uv": [ 12.5, 3.5, 13.5, 5.0 ] },
								"up": { "texture": "#commonmorel", "uv": [ 11.0, 4.5, 12.0, 5.5 ] },
								"down": { "texture": "#commonmorel", "uv": [ 13.5, 5.5, 14.5, 6.5 ] }
							}
						}
					]
				},
				{
					"name": "stem20",
					"from": [ -0.4, -0.2, 3.6 ], 
					"to": [ 0.4, 0.8, 4.4 ], 
					"rotationOrigin": [ 0.0, -0.1, 4.0 ],
					"rotationX": -6.0,
					"rotationY": -19.0,
					"rotationZ": 3.0,
					"faces": {
						"north": { "texture": "#commonmorel", "uv": [ 1.0, 11.5, 1.5, 12.5 ] },
						"east": { "texture": "#commonmorel", "uv": [ 0.5, 12.0, 1.0, 13.0 ] },
						"south": { "texture": "#commonmorel", "uv": [ 1.5, 11.5, 2.0, 12.5 ] },
						"west": { "texture": "#commonmorel", "uv": [ 1.0, 9.5, 1.5, 10.5 ] },
						"up": { "texture": "#commonmorel", "uv": [ 0.0, 0.0, 0.5, 0.5 ], "enabled": false },
						"down": { "texture": "#commonmorel", "uv": [ 2.0, 7.5, 2.5, 8.0 ] }
					},
					"children": [
						{
							"name": "cap21",
							"from": [ -0.2, 0.8, -0.2 ], 
							"to": [ 1.0, 2.3, 1.0 ], 
							"rotationOrigin": [ 0.5, 0.8, 0.5 ],
							"rotationY": 6.0,
							"faces": {
								"north": { "texture": "#commonmorel", "uv": [ 12.0, 2.5, 13.0, 4.0 ] },
								"east": { "texture": "#commonmorel", "uv": [ 11.0, 4.0, 12.0, 5.5 ] },
								"south": { "texture": "#commonmorel", "uv": [ 11.5, 3.0, 12.5, 4.5 ] },
								"west": { "texture": "#commonmorel", "uv": [ 12.5, 3.5, 13.5, 5.0 ] },
								"up": { "texture": "#commonmorel", "uv": [ 11.0, 4.5, 12.0, 5.5 ] },
								"down": { "texture": "#commonmorel", "uv": [ 13.0, 2.0, 14.0, 3.0 ] }
							}
						}
					]
				},
				{
					"name": "mycelium",
					"from": [ -5.0, 0.1, -5.0 ], 
					"to": [ 5.0, 0.1, 5.0 ], 
					"renderPass": 3,
					"rotationOrigin": [ 0.0, 0.1, 0.0 ],
					"faces": {
						"north": { "texture": "#commonmorel", "uv": [ 0.0, 0.0, 10.0, 0.5 ], "enabled": false },
						"east": { "texture": "#commonmorel", "uv": [ 0.0, 0.0, 10.0, 0.5 ], "enabled": false },
						"south": { "texture": "#commonmorel", "uv": [ 0.0, 0.0, 10.0, 0.5 ], "enabled": false },
						"west": { "texture": "#commonmorel", "uv": [ 0.0, 0.0, 10.0, 0.5 ], "enabled": false },
						"up": { "texture": "#mycelium2", "uv": [ 3.0, 3.0, 13.0, 13.0 ] },
						"down": { "texture": "#commonmorel", "uv": [ 0.0, 0.0, 10.0, 10.0 ], "enabled": false }
					}
				}
			]
		},
		{
			"name": "origin23",
			"from": [ 24.0, 0.0, 8.0 ], 
			"to": [ 24.0, 0.0, 8.0 ], 
			"rotationOrigin": [ 24.0, 0.0, 8.0 ],
			"rotationY": -180.0,
			"faces": {
				"north": { "texture": "#null", "uv": [ 0.0, 0.0, 0.5, 0.5 ], "enabled": false },
				"east": { "texture": "#null", "uv": [ 0.0, 0.0, 0.5, 0.5 ], "enabled": false },
				"south": { "texture": "#null", "uv": [ 0.0, 0.0, 0.5, 0.5 ], "enabled": false },
				"west": { "texture": "#null", "uv": [ 0.0, 0.0, 0.5, 0.5 ], "enabled": false },
				"up": { "texture": "#null", "uv": [ 0.0, 0.0, 0.5, 0.5 ], "enabled": false },
				"down": { "texture": "#null", "uv": [ 0.0, 0.0, 0.5, 0.5 ], "enabled": false }
			},
			"children": [
				{
					"name": "stem24",
					"from": [ -4.1, -0.3, -2.5 ], 
					"to": [ -3.1, 1.7, -1.5 ], 
					"rotationOrigin": [ -3.6, -0.2, -2.0 ],
					"rotationY": 28.0,
					"rotationZ": -6.0,
					"faces": {
						"north": { "texture": "#commonmorel", "uv": [ 1.0, 14.0, 2.0, 16.0 ] },
						"east": { "texture": "#commonmorel", "uv": [ 0.5, 13.0, 1.5, 15.0 ] },
						"south": { "texture": "#commonmorel", "uv": [ 0.5, 13.5, 1.5, 15.5 ] },
						"west": { "texture": "#commonmorel", "uv": [ 1.5, 13.5, 2.5, 15.5 ] },
						"up": { "texture": "#commonmorel", "uv": [ 0.0, 0.0, 1.0, 1.0 ], "enabled": false },
						"down": { "texture": "#commonmorel", "uv": [ 1.0, 15.0, 2.0, 16.0 ] }
					},
					"children": [
						{
							"name": "cap25",
							"from": [ -0.5, 1.8, -0.5 ], 
							"to": [ 1.5, 3.8, 1.5 ], 
							"rotationOrigin": [ 0.5, 1.8, 0.5 ],
							"rotationY": 19.0,
							"rotationZ": 8.0,
							"faces": {
								"north": { "texture": "#commonmorel", "uv": [ 7.5, 1.5, 9.5, 3.5 ] },
								"east": { "texture": "#commonmorel", "uv": [ 6.0, 4.5, 8.0, 6.5 ] },
								"south": { "texture": "#commonmorel", "uv": [ 7.5, 3.5, 9.5, 5.5 ] },
								"west": { "texture": "#commonmorel", "uv": [ 7.0, 5.0, 9.0, 7.0 ] },
								"up": { "texture": "#commonmorel", "uv": [ 8.0, 4.5, 10.0, 6.5 ] },
								"down": { "texture": "#commonmorel", "uv": [ 7.5, 4.5, 9.5, 6.5 ] }
							},
							"children": [
								{
									"name": "tip26",
									"from": [ 0.3, 2.0, 0.3 ], 
									"to": [ 1.7, 3.0, 1.7 ], 
									"rotationOrigin": [ 1.0, 2.0, 1.0 ],
									"faces": {
										"north": { "texture": "#commonmorel", "uv": [ 8.0, 1.5, 9.0, 2.5 ] },
										"east": { "texture": "#commonmorel", "uv": [ 7.5, 0.0, 8.5, 1.0 ] },
										"south": { "texture": "#commonmorel", "uv": [ 8.5, 3.0, 9.5, 4.0 ] },
										"west": { "texture": "#commonmorel", "uv": [ 7.5, 6.0, 8.5, 7.0 ] },
										"up": { "texture": "#commonmorel", "uv": [ 9.5, 4.5, 10.5, 5.5 ] },
										"down": { "texture": "#commonmorel", "uv": [ 0.0, 0.0, 1.0, 1.0 ], "enabled": false }
									}
								}
							]
						}
					]
				},
				{
					"name": "stem27",
					"from": [ 0.5, -0.2, -0.5 ], 
					"to": [ 1.5, 0.8, 0.5 ], 
					"rotationOrigin": [ 1.0, -0.1, 0.0 ],
					"rotationY": -42.0,
					"rotationZ": -14.0,
					"faces": {
						"north": { "texture": "#commonmorel", "uv": [ 2.5, 14.0, 3.5, 15.0 ] },
						"east": { "texture": "#commonmorel", "uv": [ 4.0, 13.5, 5.0, 14.5 ] },
						"south": { "texture": "#commonmorel", "uv": [ 4.0, 14.0, 5.0, 15.0 ] },
						"west": { "texture": "#commonmorel", "uv": [ 3.0, 13.0, 4.0, 14.0 ] },
						"up": { "texture": "#commonmorel", "uv": [ 0.0, 0.0, 1.0, 1.0 ], "enabled": false },
						"down": { "texture": "#commonmorel", "uv": [ 2.5, 15.0, 3.5, 16.0 ] }
					},
					"children": [
						{
							"name": "cap28",
							"from": [ -0.8, 0.8, -0.8 ], 
							"to": [ 1.7, 2.8, 1.7 ], 
							"rotationOrigin": [ 0.5, 0.8, 0.5 ],
							"rotationX": -14.0,
							"rotationZ": 19.0,
							"faces": {
								"north": { "texture": "#commonmorel", "uv": [ 7.0, 5.5, 9.5, 7.5 ] },
								"east": { "texture": "#commonmorel", "uv": [ 5.5, 1.0, 8.0, 3.0 ] },
								"south": { "texture": "#commonmorel", "uv": [ 7.0, 3.5, 9.5, 5.5 ] },
								"west": { "texture": "#commonmorel", "uv": [ 6.5, 4.0, 9.0, 6.0 ] },
								"up": { "texture": "#commonmorel", "uv": [ 7.5, 4.0, 10.0, 6.5 ] },
								"down": { "texture": "#commonmorel", "uv": [ 8.0, 2.5, 10.5, 5.0 ] }
							}
						}
					]
				},
				{
					"name": "stem29",
					"from": [ -4.5, -0.2, 2.5 ], 
					"to": [ -3.5, 1.3, 3.5 ], 
					"rotationOrigin": [ -4.0, -0.1, 3.0 ],
					"rotationY": 36.0,
					"rotationZ": -6.0,
					"faces": {
						"north": { "texture": "#commonmorel", "uv": [ 4.0, 14.0, 5.0, 15.5 ] },
						"east": { "texture": "#commonmorel", "uv": [ 3.0, 13.5, 4.0, 15.0 ] },
						"south": { "texture": "#commonmorel", "uv": [ 3.0, 13.5, 4.0, 15.0 ] },
						"west": { "texture": "#commonmorel", "uv": [ 3.0, 14.5, 4.0, 16.0 ] },
						"up": { "texture": "#commonmorel", "uv": [ 0.0, 0.0, 1.0, 1.0 ], "enabled": false },
						"down": { "texture": "#commonmorel", "uv": [ 4.0, 14.0, 5.0, 15.0 ] }
					},
					"children": [
						{
							"name": "cap30",
							"from": [ -0.5, 1.3, -0.5 ], 
							"to": [ 1.5, 2.8, 1.5 ], 
							"rotationOrigin": [ 0.5, 1.3, 0.5 ],
							"rotationX": -11.0,
							"rotationZ": 8.0,
							"faces": {
								"north": { "texture": "#commonmorel", "uv": [ 12.5, 10.0, 14.5, 11.5 ] },
								"east": { "texture": "#commonmorel", "uv": [ 13.5, 12.5, 15.5, 14.0 ] },
								"south": { "texture": "#commonmorel", "uv": [ 12.0, 11.0, 14.0, 12.5 ] },
								"west": { "texture": "#commonmorel", "uv": [ 13.0, 12.0, 15.0, 13.5 ] },
								"up": { "texture": "#commonmorel", "uv": [ 12.0, 9.5, 14.0, 11.5 ] },
								"down": { "texture": "#commonmorel", "uv": [ 13.0, 9.5, 15.0, 11.5 ] }
							},
							"children": [
								{
									"name": "tip31",
									"from": [ 0.3, 1.5, 0.3 ], 
									"to": [ 1.7, 2.5, 1.7 ], 
									"rotationOrigin": [ 1.0, 1.5, 1.0 ],
									"faces": {
										"north": { "texture": "#commonmorel", "uv": [ 15.0, 11.0, 16.0, 12.0 ] },
										"east": { "texture": "#commonmorel", "uv": [ 12.0, 10.0, 13.0, 11.0 ] },
										"south": { "texture": "#commonmorel", "uv": [ 12.5, 11.0, 13.5, 12.0 ] },
										"west": { "texture": "#commonmorel", "uv": [ 13.0, 11.5, 14.0, 12.5 ] },
										"up": { "texture": "#commonmorel", "uv": [ 12.0, 13.5, 13.0, 14.5 ] },
										"down": { "texture": "#commonmorel", "uv": [ 0.0, 0.0, 1.0, 1.0 ], "enabled": false }
									}
								}
							]
						}
					]
				},
				{
					"name": "stem32",
					"from": [ -1.5, -0.2, 1.5 ], 
					"to": [ -0.5, 0.8, 2.5 ], 
					"rotationOrigin": [ -1.0, -0.1, 2.0 ],
					"rotationX": -6.0,
					"rotationY": 3.0,
					"rotationZ": 6.0,
					"faces": {
						"north": { "texture": "#commonmorel", "uv": [ 3.0, 6.0, 4.0, 7.0 ] },
						"east": { "texture": "#commonmorel", "uv": [ 2.0, 5.0, 3.0, 6.0 ] },
						"south": { "texture": "#commonmorel", "uv": [ 2.0, 6.0, 3.0, 7.0 ] },
						"west": { "texture": "#commonmorel", "uv": [ 1.5, 6.0, 2.5, 7.0 ] },
						"up": { "texture": "#commonmorel", "uv": [ 0.0, 0.0, 1.0, 1.0 ], "enabled": false },
						"down": { "texture": "#commonmorel", "uv": [ 1.5, 6.5, 2.5, 7.5 ] }
					},
					"children": [
						{
							"name": "cap33",
							"from": [ -0.5, 0.9, -0.5 ], 
							"to": [ 1.5, 1.9, 1.5 ], 
							"rotationOrigin": [ 0.5, 0.9, 0.5 ],
							"rotationY": 28.0,
							"faces": {
								"north": { "texture": "#commonmorel", "uv": [ 8.0, 11.0, 10.0, 12.0 ] },
								"east": { "texture": "#commonmorel", "uv": [ 8.0, 11.0, 10.0, 12.0 ] },
								"south": { "texture": "#commonmorel", "uv": [ 5.5, 12.0, 7.5, 13.0 ] },
								"west": { "texture": "#commonmorel", "uv": [ 7.5, 11.0, 9.5, 12.0 ] },
								"up": { "texture": "#commonmorel", "uv": [ 8.0, 11.5, 10.0, 13.5 ] },
								"down": { "texture": "#commonmorel", "uv": [ 7.0, 11.0, 9.0, 13.0 ] }
							},
							"children": [
								{
									"name": "tip34",
									"from": [ 0.3, 1.0, 0.3 ], 
									"to": [ 1.7, 1.5, 1.7 ], 
									"rotationOrigin": [ 1.0, 1.0, 1.0 ],
									"faces": {
										"north": { "texture": "#commonmorel", "uv": [ 9.0, 15.0, 10.0, 15.5 ] },
										"east": { "texture": "#commonmorel", "uv": [ 9.5, 10.5, 10.5, 11.0 ] },
										"south": { "texture": "#commonmorel", "uv": [ 6.5, 10.5, 7.5, 11.0 ] },
										"west": { "texture": "#commonmorel", "uv": [ 8.0, 13.5, 9.0, 14.0 ] },
										"up": { "texture": "#commonmorel", "uv": [ 7.5, 11.5, 8.5, 12.5 ] },
										"down": { "texture": "#commonmorel", "uv": [ 0.0, 0.0, 1.0, 1.0 ], "enabled": false }
									}
								}
							]
						}
					]
				},
				{
					"name": "stem35",
					"from": [ 1.5, -0.2, 2.5 ], 
					"to": [ 2.5, 0.8, 3.5 ], 
					"rotationOrigin": [ 2.0, -0.1, 3.0 ],
					"rotationX": -6.0,
					"rotationY": 17.0,
					"rotationZ": 3.0,
					"faces": {
						"north": { "texture": "#commonmorel", "uv": [ 0.5, 15.0, 1.5, 16.0 ] },
						"east": { "texture": "#commonmorel", "uv": [ 0.5, 14.5, 1.5, 15.5 ] },
						"south": { "texture": "#commonmorel", "uv": [ 0.5, 14.0, 1.5, 15.0 ] },
						"west": { "texture": "#commonmorel", "uv": [ 0.5, 13.5, 1.5, 14.5 ] },
						"up": { "texture": "#commonmorel", "uv": [ 0.0, 0.0, 1.0, 1.0 ], "enabled": false },
						"down": { "texture": "#commonmorel", "uv": [ 0.0, 11.5, 1.0, 12.5 ] }
					},
					"children": [
						{
							"name": "cap36",
							"from": [ -0.5, 0.8, -0.5 ], 
							"to": [ 1.5, 1.8, 1.5 ], 
							"rotationOrigin": [ 0.5, 0.8, 0.5 ],
							"rotationX": 8.0,
							"rotationY": -22.0,
							"faces": {
								"north": { "texture": "#commonmorel", "uv": [ 7.0, 2.5, 9.0, 3.5 ] },
								"east": { "texture": "#commonmorel", "uv": [ 6.0, 3.5, 8.0, 4.5 ] },
								"south": { "texture": "#commonmorel", "uv": [ 6.5, 2.5, 8.5, 3.5 ] },
								"west": { "texture": "#commonmorel", "uv": [ 7.0, 5.0, 9.0, 6.0 ] },
								"up": { "texture": "#commonmorel", "uv": [ 6.0, 5.0, 8.0, 7.0 ] },
								"down": { "texture": "#commonmorel", "uv": [ 5.5, 3.0, 7.5, 5.0 ] }
							},
							"children": [
								{
									"name": "tip37",
									"from": [ 0.3, 1.0, 0.3 ], 
									"to": [ 1.7, 1.5, 1.7 ], 
									"rotationOrigin": [ 1.0, 1.0, 1.0 ],
									"faces": {
										"north": { "texture": "#commonmorel", "uv": [ 7.0, 3.0, 8.0, 3.5 ] },
										"east": { "texture": "#commonmorel", "uv": [ 8.0, 3.5, 9.0, 4.0 ] },
										"south": { "texture": "#commonmorel", "uv": [ 8.5, 2.0, 9.5, 2.5 ] },
										"west": { "texture": "#commonmorel", "uv": [ 8.0, 6.5, 9.0, 7.0 ] },
										"up": { "texture": "#commonmorel", "uv": [ 7.5, 7.0, 8.5, 8.0 ] },
										"down": { "texture": "#commonmorel", "uv": [ 0.0, 0.0, 1.0, 1.0 ], "enabled": false }
									}
								}
							]
						}
					]
				},
				{
					"name": "stem38",
					"from": [ 3.5, -0.2, -3.5 ], 
					"to": [ 4.5, 0.8, -2.5 ], 
					"rotationOrigin": [ 4.0, -0.1, -3.0 ],
					"rotationY": -75.0,
					"rotationZ": -3.0,
					"faces": {
						"north": { "texture": "#commonmorel", "uv": [ 2.0, 4.5, 3.0, 5.5 ] },
						"east": { "texture": "#commonmorel", "uv": [ 1.0, 3.0, 2.0, 4.0 ] },
						"south": { "texture": "#commonmorel", "uv": [ 3.0, 4.5, 4.0, 5.5 ] },
						"west": { "texture": "#commonmorel", "uv": [ 2.5, 5.0, 3.5, 6.0 ] },
						"up": { "texture": "#commonmorel", "uv": [ 0.0, 0.0, 1.0, 1.0 ], "enabled": false },
						"down": { "texture": "#commonmorel", "uv": [ 1.0, 4.0, 2.0, 5.0 ] }
					},
					"children": [
						{
							"name": "cap39",
							"from": [ -0.8, 0.8, -0.8 ], 
							"to": [ 1.7, 2.8, 1.7 ], 
							"rotationOrigin": [ 0.5, 0.8, 0.5 ],
							"rotationX": -6.0,
							"rotationY": 50.0,
							"rotationZ": -3.0,
							"faces": {
								"north": { "texture": "#commonmorel", "uv": [ 12.0, 10.5, 14.5, 12.5 ] },
								"east": { "texture": "#commonmorel", "uv": [ 13.0, 9.5, 15.5, 11.5 ] },
								"south": { "texture": "#commonmorel", "uv": [ 12.0, 10.0, 14.5, 12.0 ] },
								"west": { "texture": "#commonmorel", "uv": [ 10.5, 10.0, 13.0, 12.0 ] },
								"up": { "texture": "#commonmorel", "uv": [ 11.0, 9.0, 13.5, 11.5 ] },
								"down": { "texture": "#commonmorel", "uv": [ 11.5, 11.0, 14.0, 13.5 ] }
							}
						}
					]
				},
				{
					"name": "stem40",
					"from": [ -2.4, -0.2, -4.4 ], 
					"to": [ -1.6, 0.8, -3.6 ], 
					"rotationOrigin": [ -2.0, -0.1, -4.0 ],
					"rotationX": -6.0,
					"rotationY": 17.0,
					"rotationZ": 3.0,
					"faces": {
						"north": { "texture": "#commonmorel", "uv": [ 4.0, 14.5, 4.5, 15.5 ] },
						"east": { "texture": "#commonmorel", "uv": [ 4.0, 13.5, 4.5, 14.5 ] },
						"south": { "texture": "#commonmorel", "uv": [ 3.5, 13.0, 4.0, 14.0 ] },
						"west": { "texture": "#commonmorel", "uv": [ 4.0, 14.0, 4.5, 15.0 ] },
						"up": { "texture": "#commonmorel", "uv": [ 0.0, 0.0, 0.5, 0.5 ], "enabled": false },
						"down": { "texture": "#commonmorel", "uv": [ 3.5, 14.0, 4.0, 14.5 ] }
					},
					"children": [
						{
							"name": "cap41",
							"from": [ -0.2, 0.8, -0.2 ], 
							"to": [ 1.0, 2.3, 1.0 ], 
							"rotationOrigin": [ 0.5, 0.8, 0.5 ],
							"rotationX": 8.0,
							"rotationY": -22.0,
							"faces": {
								"north": { "texture": "#commonmorel", "uv": [ 12.0, 2.5, 13.0, 4.0 ] },
								"east": { "texture": "#commonmorel", "uv": [ 11.0, 4.0, 12.0, 5.5 ] },
								"south": { "texture": "#commonmorel", "uv": [ 11.5, 3.0, 12.5, 4.5 ] },
								"west": { "texture": "#commonmorel", "uv": [ 12.5, 3.5, 13.5, 5.0 ] },
								"up": { "texture": "#commonmorel", "uv": [ 11.0, 4.5, 12.0, 5.5 ] },
								"down": { "texture": "#commonmorel", "uv": [ 13.5, 5.5, 14.5, 6.5 ] }
							}
						}
					]
				},
				{
					"name": "stem42",
					"from": [ -0.4, -0.2, 3.6 ], 
					"to": [ 0.4, 0.8, 4.4 ], 
					"rotationOrigin": [ 0.0, -0.1, 4.0 ],
					"rotationX": -6.0,
					"rotationY": -19.0,
					"rotationZ": 3.0,
					"faces": {
						"north": { "texture": "#commonmorel", "uv": [ 1.0, 11.5, 1.5, 12.5 ] },
						"east": { "texture": "#commonmorel", "uv": [ 0.5, 12.0, 1.0, 13.0 ] },
						"south": { "texture": "#commonmorel", "uv": [ 1.5, 11.5, 2.0, 12.5 ] },
						"west": { "texture": "#commonmorel", "uv": [ 1.0, 9.5, 1.5, 10.5 ] },
						"up": { "texture": "#commonmorel", "uv": [ 0.0, 0.0, 0.5, 0.5 ], "enabled": false },
						"down": { "texture": "#commonmorel", "uv": [ 2.0, 7.5, 2.5, 8.0 ] }
					},
					"children": [
						{
							"name": "cap43",
							"from": [ -0.2, 0.8, -0.2 ], 
							"to": [ 1.0, 2.3, 1.0 ], 
							"rotationOrigin": [ 0.5, 0.8, 0.5 ],
							"rotationY": 6.0,
							"faces": {
								"north": { "texture": "#commonmorel", "uv": [ 12.0, 2.5, 13.0, 4.0 ] },
								"east": { "texture": "#commonmorel", "uv": [ 11.0, 4.0, 12.0, 5.5 ] },
								"south": { "texture": "#commonmorel", "uv": [ 11.5, 3.0, 12.5, 4.5 ] },
								"west": { "texture": "#commonmorel", "uv": [ 12.5, 3.5, 13.5, 5.0 ] },
								"up": { "texture": "#commonmorel", "uv": [ 11.0, 4.5, 12.0, 5.5 ] },
								"down": { "texture": "#commonmorel", "uv": [ 13.0, 2.0, 14.0, 3.0 ] }
							}
						}
					]
				},
				{
					"name": "mycelium44",
					"from": [ -5.0, 0.1, -5.0 ], 
					"to": [ 5.0, 0.1, 5.0 ], 
					"renderPass": 3,
					"rotationOrigin": [ 0.0, 0.1, 0.0 ],
					"faces": {
						"north": { "texture": "#commonmorel", "uv": [ 0.0, 0.0, 10.0, 0.5 ], "enabled": false },
						"east": { "texture": "#commonmorel", "uv": [ 0.0, 0.0, 10.0, 0.5 ], "enabled": false },
						"south": { "texture": "#commonmorel", "uv": [ 0.0, 0.0, 10.0, 0.5 ], "enabled": false },
						"west": { "texture": "#commonmorel", "uv": [ 0.0, 0.0, 10.0, 0.5 ], "enabled": false },
						"up": { "texture": "#mycelium2", "uv": [ 3.0, 3.0, 13.0, 13.0 ] },
						"down": { "texture": "#commonmorel", "uv": [ 0.0, 0.0, 10.0, 10.0 ], "enabled": false }
					}
				}
			]
		}
	]}