{
	"editor": {
		"allAngles": true,
		"entityTextureMode": false
	},
	"textureWidth": 16,
	"textureHeight": 16,
	"textureSizes": {
	},
	"textures": {
		"golddropmilkcap": "game:block/plant/mushroom/golddropmilkcap/golddropmilkcap",
		"mycelium2": "game:block/plant/mushroom/mycelium2",
		"pores": "game:block/plant/mushroom/pores"
	},
	"elements": [
		{
			"name": "origin",
			"from": [ 8.0, 0.0, 8.0 ], 
			"to": [ 8.0, 0.0, 8.0 ], 
			"rotationOrigin": [ 8.0, 0.0, 8.0 ],
			"faces": {
				"north": { "texture": "#golddropmilkcap", "uv": [ 0.0, 0.0, 0.5, 0.5 ], "enabled": false },
				"east": { "texture": "#golddropmilkcap", "uv": [ 0.0, 0.0, 0.5, 0.5 ], "enabled": false },
				"south": { "texture": "#golddropmilkcap", "uv": [ 0.0, 0.0, 0.5, 0.5 ], "enabled": false },
				"west": { "texture": "#golddropmilkcap", "uv": [ 0.0, 0.0, 0.5, 0.5 ], "enabled": false },
				"up": { "texture": "#golddropmilkcap", "uv": [ 0.0, 0.0, 0.5, 0.5 ], "enabled": false },
				"down": { "texture": "#golddropmilkcap", "uv": [ 0.0, 0.0, 0.5, 0.5 ], "enabled": false }
			},
			"children": [
				{
					"name": "stem1",
					"from": [ 1.5, -0.3, 2.5 ], 
					"to": [ 2.5, 1.2, 3.5 ], 
					"rotationOrigin": [ 2.0, -0.3, 3.0 ],
					"rotationZ": -22.0,
					"faces": {
						"north": { "texture": "#golddropmilkcap", "uv": [ 1.0, 10.0, 2.0, 11.5 ] },
						"east": { "texture": "#golddropmilkcap", "uv": [ 1.5, 11.0, 2.5, 12.5 ] },
						"south": { "texture": "#golddropmilkcap", "uv": [ 1.0, 11.0, 2.0, 12.5 ] },
						"west": { "texture": "#golddropmilkcap", "uv": [ 1.0, 11.0, 2.0, 12.5 ] },
						"up": { "texture": "#golddropmilkcap", "uv": [ 0.0, 0.0, 1.0, 1.0 ], "enabled": false },
						"down": { "texture": "#golddropmilkcap", "uv": [ 0.5, 14.5, 1.5, 15.5 ] }
					},
					"children": [
						{
							"name": "Cap1",
							"from": [ -2.3, 2.5, -2.0 ], 
							"to": [ 2.7, 3.5, 3.0 ], 
							"rotationOrigin": [ 0.2, 2.5, 0.5 ],
							"rotationY": -33.0,
							"rotationZ": 14.0,
							"faces": {
								"north": { "texture": "#golddropmilkcap", "uv": [ 5.5, 5.5, 10.5, 6.5 ] },
								"east": { "texture": "#golddropmilkcap", "uv": [ 5.5, 5.5, 10.5, 6.5 ] },
								"south": { "texture": "#golddropmilkcap", "uv": [ 4.5, 5.0, 9.5, 6.0 ] },
								"west": { "texture": "#golddropmilkcap", "uv": [ 6.5, 5.5, 11.5, 6.5 ] },
								"up": { "texture": "#golddropmilkcap", "uv": [ 10.0, 1.0, 15.0, 6.0 ] },
								"down": { "texture": "#pores", "uv": [ 1.5, 9.5, 6.5, 14.5 ] }
							}
						},
						{
							"name": "gillsE",
							"from": [ 0.6, 1.6, 0.0 ], 
							"to": [ 2.6, 2.1, 1.0 ], 
							"rotationOrigin": [ 0.6, 1.6, 0.5 ],
							"rotationZ": 45.0,
							"faces": {
								"north": { "texture": "#pores", "uv": [ 4.0, 13.0, 6.0, 13.5 ] },
								"east": { "texture": "#pores", "uv": [ 8.5, 10.5, 9.5, 11.0 ], "enabled": false },
								"south": { "texture": "#pores", "uv": [ 2.0, 9.5, 4.0, 10.0 ] },
								"west": { "texture": "#pores", "uv": [ 11.5, 11.5, 12.5, 12.0 ], "enabled": false },
								"up": { "texture": "#pores", "uv": [ 10.0, 10.0, 12.0, 11.0 ], "enabled": false },
								"down": { "texture": "#pores", "uv": [ 3.0, 10.0, 5.0, 11.0 ] }
							}
						},
						{
							"name": "gillsW",
							"from": [ -2.0, 1.2, 0.0 ], 
							"to": [ 0.0, 1.7, 1.0 ], 
							"rotationOrigin": [ 0.0, 1.2, 0.5 ],
							"rotationZ": -45.0,
							"faces": {
								"north": { "texture": "#pores", "uv": [ 5.5, 12.0, 7.5, 12.5 ] },
								"east": { "texture": "#pores", "uv": [ 10.5, 10.5, 11.5, 11.0 ], "enabled": false },
								"south": { "texture": "#pores", "uv": [ 1.0, 11.5, 3.0, 12.0 ] },
								"west": { "texture": "#pores", "uv": [ 9.0, 10.5, 10.0, 11.0 ], "enabled": false },
								"up": { "texture": "#pores", "uv": [ 10.0, 11.0, 12.0, 12.0 ], "enabled": false },
								"down": { "texture": "#pores", "uv": [ 1.5, 13.0, 3.5, 14.0 ] }
							}
						},
						{
							"name": "gillsS",
							"from": [ 0.0, 1.2, 0.6 ], 
							"to": [ 1.0, 1.7, 2.9 ], 
							"rotationOrigin": [ 0.5, 1.2, 0.6 ],
							"rotationX": -45.0,
							"rotationZ": 19.0,
							"faces": {
								"north": { "texture": "#pores", "uv": [ 10.0, 9.0, 11.0, 9.5 ], "enabled": false },
								"east": { "texture": "#pores", "uv": [ 1.5, 10.0, 3.5, 10.5 ] },
								"south": { "texture": "#pores", "uv": [ 5.5, 6.0, 6.5, 6.5 ], "enabled": false },
								"west": { "texture": "#pores", "uv": [ 4.0, 11.0, 6.0, 11.5 ] },
								"up": { "texture": "#pores", "uv": [ 0.0, 0.0, 1.0, 2.0 ], "enabled": false },
								"down": { "texture": "#pores", "uv": [ 3.0, 10.5, 4.0, 12.5 ] }
							}
						},
						{
							"name": "gillsN",
							"from": [ -0.3, 1.6, -1.5 ], 
							"to": [ 0.7, 2.1, 0.4 ], 
							"rotationOrigin": [ 0.2, 1.6, 0.4 ],
							"rotationX": 45.0,
							"rotationY": 14.0,
							"faces": {
								"north": { "texture": "#pores", "uv": [ 0.0, 0.0, 1.0, 0.5 ], "enabled": false },
								"east": { "texture": "#pores", "uv": [ 6.0, 12.0, 7.5, 12.5 ] },
								"south": { "texture": "#pores", "uv": [ 0.0, 0.0, 1.0, 0.5 ], "enabled": false },
								"west": { "texture": "#pores", "uv": [ 5.0, 12.0, 6.5, 12.5 ] },
								"up": { "texture": "#pores", "uv": [ 5.5, 1.5, 6.5, 3.0 ], "enabled": false },
								"down": { "texture": "#pores", "uv": [ 6.5, 10.5, 7.5, 12.0 ] }
							}
						},
						{
							"name": "ring1",
							"from": [ -0.1, 1.3, -0.1 ], 
							"to": [ 1.1, 2.8, 1.1 ], 
							"rotationOrigin": [ 0.5, 1.3, 0.5 ],
							"rotationZ": 14.0,
							"faces": {
								"north": { "texture": "#golddropmilkcap", "uv": [ 0.5, 7.5, 1.5, 9.0 ] },
								"east": { "texture": "#golddropmilkcap", "uv": [ 1.0, 8.0, 2.0, 9.5 ] },
								"south": { "texture": "#golddropmilkcap", "uv": [ 1.5, 7.0, 2.5, 8.5 ] },
								"west": { "texture": "#golddropmilkcap", "uv": [ 0.5, 5.0, 1.5, 6.5 ] },
								"up": { "texture": "#golddropmilkcap", "uv": [ 0.0, 0.0, 1.0, 1.0 ], "enabled": false },
								"down": { "texture": "#golddropmilkcap", "uv": [ 0.0, 0.0, 1.0, 1.0 ] }
							}
						}
					]
				},
				{
					"name": "stem9",
					"from": [ -3.8, -0.3, -2.5 ], 
					"to": [ -2.8, 0.7, -1.5 ], 
					"rotationOrigin": [ -3.3, -0.3, -2.0 ],
					"rotationX": 11.0,
					"rotationZ": 14.0,
					"faces": {
						"north": { "texture": "#golddropmilkcap", "uv": [ 1.0, 10.0, 2.0, 11.0 ] },
						"east": { "texture": "#golddropmilkcap", "uv": [ 1.5, 11.0, 2.5, 12.0 ] },
						"south": { "texture": "#golddropmilkcap", "uv": [ 1.0, 11.0, 2.0, 12.0 ] },
						"west": { "texture": "#golddropmilkcap", "uv": [ 1.0, 11.0, 2.0, 12.0 ] },
						"up": { "texture": "#golddropmilkcap", "uv": [ 0.0, 0.0, 1.0, 1.0 ], "enabled": false },
						"down": { "texture": "#golddropmilkcap", "uv": [ 0.5, 14.5, 1.5, 15.5 ] }
					},
					"children": [
						{
							"name": "Cap10",
							"from": [ -1.2, 2.7, -1.2 ], 
							"to": [ 2.3, 3.4, 2.3 ], 
							"rotationOrigin": [ 0.3, 2.7, 0.5 ],
							"rotationY": -8.0,
							"faces": {
								"north": { "texture": "#golddropmilkcap", "uv": [ 5.5, 5.5, 9.0, 6.0 ] },
								"east": { "texture": "#golddropmilkcap", "uv": [ 5.5, 5.5, 9.0, 6.0 ] },
								"south": { "texture": "#golddropmilkcap", "uv": [ 4.5, 5.0, 8.0, 5.5 ] },
								"west": { "texture": "#golddropmilkcap", "uv": [ 6.5, 5.5, 10.0, 6.0 ] },
								"up": { "texture": "#golddropmilkcap", "uv": [ 11.0, 7.5, 14.5, 11.0 ] },
								"down": { "texture": "#pores", "uv": [ 4.5, 10.5, 8.0, 14.0 ] }
							}
						},
						{
							"name": "gillsE11",
							"from": [ 0.6, 1.6, 0.1 ], 
							"to": [ 2.6, 2.1, 1.1 ], 
							"rotationOrigin": [ 0.6, 1.6, 0.6 ],
							"rotationZ": 45.0,
							"faces": {
								"north": { "texture": "#pores", "uv": [ 4.0, 13.0, 6.0, 13.5 ] },
								"east": { "texture": "#pores", "uv": [ 8.5, 10.5, 9.5, 11.0 ], "enabled": false },
								"south": { "texture": "#pores", "uv": [ 1.5, 12.0, 3.5, 12.5 ] },
								"west": { "texture": "#pores", "uv": [ 11.5, 11.5, 12.5, 12.0 ], "enabled": false },
								"up": { "texture": "#pores", "uv": [ 10.0, 10.0, 12.0, 11.0 ], "enabled": false },
								"down": { "texture": "#pores", "uv": [ 4.0, 12.0, 6.0, 13.0 ] }
							}
						},
						{
							"name": "gillsW12",
							"from": [ -1.6, 1.3, 0.1 ], 
							"to": [ 0.4, 1.8, 1.1 ], 
							"rotationOrigin": [ 0.4, 1.3, 0.6 ],
							"rotationZ": -45.0,
							"faces": {
								"north": { "texture": "#pores", "uv": [ 5.0, 12.5, 7.0, 13.0 ] },
								"east": { "texture": "#pores", "uv": [ 10.5, 10.5, 11.5, 11.0 ], "enabled": false },
								"south": { "texture": "#pores", "uv": [ 3.0, 10.0, 5.0, 10.5 ] },
								"west": { "texture": "#pores", "uv": [ 9.0, 10.5, 10.0, 11.0 ], "enabled": false },
								"up": { "texture": "#pores", "uv": [ 10.0, 11.0, 12.0, 12.0 ], "enabled": false },
								"down": { "texture": "#pores", "uv": [ 5.5, 10.5, 7.5, 11.5 ] }
							}
						},
						{
							"name": "gillsS13",
							"from": [ 0.0, 1.4, 0.6 ], 
							"to": [ 1.0, 1.9, 2.6 ], 
							"rotationOrigin": [ 0.5, 1.4, 0.6 ],
							"rotationX": -45.0,
							"faces": {
								"north": { "texture": "#pores", "uv": [ 10.0, 9.0, 11.0, 9.5 ], "enabled": false },
								"east": { "texture": "#pores", "uv": [ 3.0, 13.5, 5.0, 14.0 ] },
								"south": { "texture": "#pores", "uv": [ 5.5, 6.0, 6.5, 6.5 ], "enabled": false },
								"west": { "texture": "#pores", "uv": [ 0.5, 13.0, 2.5, 13.5 ] },
								"up": { "texture": "#pores", "uv": [ 0.0, 0.0, 1.0, 2.0 ], "enabled": false },
								"down": { "texture": "#pores", "uv": [ 2.5, 10.5, 3.5, 12.5 ] }
							}
						},
						{
							"name": "gillsN14",
							"from": [ 0.0, 1.4, -1.6 ], 
							"to": [ 1.0, 1.9, 0.4 ], 
							"rotationOrigin": [ 0.5, 1.4, 0.4 ],
							"rotationX": 45.0,
							"faces": {
								"north": { "texture": "#pores", "uv": [ 0.0, 0.0, 1.0, 0.5 ], "enabled": false },
								"east": { "texture": "#pores", "uv": [ 4.5, 12.0, 6.5, 12.5 ] },
								"south": { "texture": "#pores", "uv": [ 0.0, 0.0, 1.0, 0.5 ], "enabled": false },
								"west": { "texture": "#pores", "uv": [ 1.5, 14.0, 3.5, 14.5 ] },
								"up": { "texture": "#pores", "uv": [ 5.5, 1.5, 6.5, 3.5 ], "enabled": false },
								"down": { "texture": "#pores", "uv": [ 3.5, 12.5, 4.5, 14.5 ] }
							}
						},
						{
							"name": "ring15",
							"from": [ -0.1, 0.8, -0.1 ], 
							"to": [ 1.1, 2.3, 1.1 ], 
							"rotationOrigin": [ 0.5, 0.8, 0.5 ],
							"rotationX": 5.0,
							"faces": {
								"north": { "texture": "#golddropmilkcap", "uv": [ 0.5, 7.5, 1.5, 9.0 ] },
								"east": { "texture": "#golddropmilkcap", "uv": [ 1.0, 8.0, 2.0, 9.5 ] },
								"south": { "texture": "#golddropmilkcap", "uv": [ 1.5, 7.0, 2.5, 8.5 ] },
								"west": { "texture": "#golddropmilkcap", "uv": [ 0.5, 5.0, 1.5, 6.5 ] },
								"up": { "texture": "#golddropmilkcap", "uv": [ 0.0, 0.0, 1.0, 1.0 ], "enabled": false },
								"down": { "texture": "#golddropmilkcap", "uv": [ 0.0, 0.0, 1.0, 1.0 ] }
							}
						}
					]
				},
				{
					"name": "stem23",
					"from": [ 1.5, -0.3, -2.5 ], 
					"to": [ 2.5, 1.2, -1.5 ], 
					"rotationOrigin": [ 2.0, -0.3, -2.0 ],
					"rotationX": -9.0,
					"rotationY": -36.0,
					"rotationZ": 4.0,
					"faces": {
						"north": { "texture": "#golddropmilkcap", "uv": [ 1.0, 10.0, 2.0, 11.5 ] },
						"east": { "texture": "#golddropmilkcap", "uv": [ 1.5, 11.0, 2.5, 12.5 ] },
						"south": { "texture": "#golddropmilkcap", "uv": [ 1.0, 11.0, 2.0, 12.5 ] },
						"west": { "texture": "#golddropmilkcap", "uv": [ 1.0, 11.0, 2.0, 12.5 ] },
						"up": { "texture": "#golddropmilkcap", "uv": [ 0.0, 0.0, 1.0, 1.0 ], "enabled": false },
						"down": { "texture": "#golddropmilkcap", "uv": [ 0.5, 14.5, 1.5, 15.5 ] }
					},
					"children": [
						{
							"name": "Cap24",
							"from": [ -1.5, 3.0, -1.5 ], 
							"to": [ 2.5, 4.0, 2.5 ], 
							"rotationOrigin": [ 0.5, 3.0, 0.5 ],
							"rotationX": 5.0,
							"rotationY": -14.0,
							"faces": {
								"north": { "texture": "#golddropmilkcap", "uv": [ 5.5, 5.5, 9.5, 6.5 ] },
								"east": { "texture": "#golddropmilkcap", "uv": [ 5.5, 5.5, 9.5, 6.5 ] },
								"south": { "texture": "#golddropmilkcap", "uv": [ 4.5, 5.0, 8.5, 6.0 ] },
								"west": { "texture": "#golddropmilkcap", "uv": [ 6.5, 5.5, 10.5, 6.5 ] },
								"up": { "texture": "#golddropmilkcap", "uv": [ 5.0, 9.0, 9.0, 13.0 ] },
								"down": { "texture": "#pores", "uv": [ 0.5, 10.5, 4.5, 14.5 ] }
							}
						},
						{
							"name": "gillsE25",
							"from": [ 0.6, 1.6, 0.0 ], 
							"to": [ 2.6, 2.1, 1.0 ], 
							"rotationOrigin": [ 0.6, 1.6, 0.5 ],
							"rotationZ": 45.0,
							"faces": {
								"north": { "texture": "#pores", "uv": [ 2.5, 13.0, 4.5, 13.5 ] },
								"east": { "texture": "#pores", "uv": [ 8.5, 10.5, 9.5, 11.0 ], "enabled": false },
								"south": { "texture": "#pores", "uv": [ 0.5, 11.0, 2.5, 11.5 ] },
								"west": { "texture": "#pores", "uv": [ 11.5, 11.5, 12.5, 12.0 ], "enabled": false },
								"up": { "texture": "#pores", "uv": [ 10.0, 10.0, 12.0, 11.0 ], "enabled": false },
								"down": { "texture": "#pores", "uv": [ 1.0, 11.5, 3.0, 12.5 ] }
							}
						},
						{
							"name": "gillsW26",
							"from": [ -1.6, 1.6, 0.0 ], 
							"to": [ 0.4, 2.1, 1.0 ], 
							"rotationOrigin": [ 0.4, 1.6, 0.5 ],
							"rotationZ": -45.0,
							"faces": {
								"north": { "texture": "#pores", "uv": [ 2.5, 12.5, 4.5, 13.0 ] },
								"east": { "texture": "#pores", "uv": [ 10.5, 10.5, 11.5, 11.0 ], "enabled": false },
								"south": { "texture": "#pores", "uv": [ 2.5, 10.5, 4.5, 11.0 ] },
								"west": { "texture": "#pores", "uv": [ 9.0, 10.5, 10.0, 11.0 ], "enabled": false },
								"up": { "texture": "#pores", "uv": [ 10.0, 11.0, 12.0, 12.0 ], "enabled": false },
								"down": { "texture": "#pores", "uv": [ 5.0, 12.5, 7.0, 13.5 ] }
							}
						},
						{
							"name": "gillsS27",
							"from": [ 0.0, 1.6, 0.6 ], 
							"to": [ 1.0, 2.1, 2.6 ], 
							"rotationOrigin": [ 0.5, 1.6, 0.6 ],
							"rotationX": -45.0,
							"faces": {
								"north": { "texture": "#pores", "uv": [ 10.0, 9.0, 11.0, 9.5 ], "enabled": false },
								"east": { "texture": "#pores", "uv": [ 4.5, 11.0, 6.5, 11.5 ] },
								"south": { "texture": "#pores", "uv": [ 5.5, 6.0, 6.5, 6.5 ], "enabled": false },
								"west": { "texture": "#pores", "uv": [ 2.5, 13.0, 4.5, 13.5 ] },
								"up": { "texture": "#pores", "uv": [ 0.0, 0.0, 1.0, 2.0 ], "enabled": false },
								"down": { "texture": "#pores", "uv": [ 4.0, 10.5, 5.0, 12.5 ] }
							}
						},
						{
							"name": "gillsN28",
							"from": [ 0.0, 1.9, -1.6 ], 
							"to": [ 1.0, 2.4, 0.4 ], 
							"rotationOrigin": [ 0.5, 1.9, 0.4 ],
							"rotationX": 40.0,
							"faces": {
								"north": { "texture": "#pores", "uv": [ 0.0, 0.0, 1.0, 0.5 ], "enabled": false },
								"east": { "texture": "#pores", "uv": [ 5.5, 12.0, 7.5, 12.5 ] },
								"south": { "texture": "#pores", "uv": [ 0.0, 0.0, 1.0, 0.5 ], "enabled": false },
								"west": { "texture": "#pores", "uv": [ 5.0, 11.5, 7.0, 12.0 ] },
								"up": { "texture": "#pores", "uv": [ 5.5, 1.5, 6.5, 3.5 ], "enabled": false },
								"down": { "texture": "#pores", "uv": [ 5.0, 9.5, 6.0, 11.5 ] }
							}
						},
						{
							"name": "ring29",
							"from": [ -0.1, 1.4, -0.1 ], 
							"to": [ 1.1, 2.9, 1.1 ], 
							"rotationOrigin": [ 0.5, 1.4, 0.5 ],
							"rotationZ": 3.0,
							"faces": {
								"north": { "texture": "#golddropmilkcap", "uv": [ 0.5, 7.5, 1.5, 9.0 ] },
								"east": { "texture": "#golddropmilkcap", "uv": [ 1.0, 8.0, 2.0, 9.5 ] },
								"south": { "texture": "#golddropmilkcap", "uv": [ 1.5, 7.0, 2.5, 8.5 ] },
								"west": { "texture": "#golddropmilkcap", "uv": [ 0.5, 5.0, 1.5, 6.5 ] },
								"up": { "texture": "#golddropmilkcap", "uv": [ 0.0, 0.0, 1.0, 1.0 ], "enabled": false },
								"down": { "texture": "#golddropmilkcap", "uv": [ 0.0, 0.0, 1.0, 1.0 ] }
							}
						}
					]
				},
				{
					"name": "stem30",
					"from": [ -3.5, -0.3, 1.5 ], 
					"to": [ -2.5, 2.2, 2.5 ], 
					"rotationOrigin": [ -3.0, -0.3, 2.0 ],
					"rotationX": 3.0,
					"rotationY": 28.0,
					"rotationZ": 6.0,
					"faces": {
						"north": { "texture": "#golddropmilkcap", "uv": [ 1.0, 10.0, 2.0, 12.5 ] },
						"east": { "texture": "#golddropmilkcap", "uv": [ 1.5, 11.0, 2.5, 13.5 ] },
						"south": { "texture": "#golddropmilkcap", "uv": [ 1.0, 11.0, 2.0, 13.5 ] },
						"west": { "texture": "#golddropmilkcap", "uv": [ 1.0, 11.0, 2.0, 13.5 ] },
						"up": { "texture": "#golddropmilkcap", "uv": [ 0.0, 0.0, 1.0, 1.0 ], "enabled": false },
						"down": { "texture": "#golddropmilkcap", "uv": [ 0.5, 14.5, 1.5, 15.5 ] }
					},
					"children": [
						{
							"name": "Cap31",
							"from": [ -1.0, 3.8, -1.0 ], 
							"to": [ 2.0, 4.5, 2.0 ], 
							"rotationOrigin": [ 0.5, 3.8, 0.5 ],
							"rotationX": 5.0,
							"rotationY": 19.0,
							"faces": {
								"north": { "texture": "#golddropmilkcap", "uv": [ 5.5, 5.5, 8.5, 6.0 ] },
								"east": { "texture": "#golddropmilkcap", "uv": [ 5.5, 5.5, 8.5, 6.0 ] },
								"south": { "texture": "#golddropmilkcap", "uv": [ 4.5, 5.0, 7.5, 5.5 ] },
								"west": { "texture": "#golddropmilkcap", "uv": [ 6.5, 5.5, 9.5, 6.0 ] },
								"up": { "texture": "#golddropmilkcap", "uv": [ 5.5, 1.0, 8.5, 4.0 ] },
								"down": { "texture": "#pores", "uv": [ 3.0, 13.0, 6.0, 16.0 ] }
							}
						},
						{
							"name": "gillsE32",
							"from": [ 0.6, 2.6, 0.0 ], 
							"to": [ 2.6, 3.1, 1.0 ], 
							"rotationOrigin": [ 0.6, 2.6, 0.5 ],
							"rotationZ": 45.0,
							"faces": {
								"north": { "texture": "#pores", "uv": [ 3.0, 11.5, 5.0, 12.0 ] },
								"east": { "texture": "#pores", "uv": [ 8.5, 10.5, 9.5, 11.0 ], "enabled": false },
								"south": { "texture": "#pores", "uv": [ 2.0, 10.5, 4.0, 11.0 ] },
								"west": { "texture": "#pores", "uv": [ 11.5, 11.5, 12.5, 12.0 ], "enabled": false },
								"up": { "texture": "#pores", "uv": [ 10.0, 10.0, 12.0, 11.0 ], "enabled": false },
								"down": { "texture": "#pores", "uv": [ 5.0, 10.0, 7.0, 11.0 ] }
							}
						},
						{
							"name": "gillsW33",
							"from": [ -1.6, 2.6, 0.0 ], 
							"to": [ 0.4, 3.1, 1.0 ], 
							"rotationOrigin": [ 0.4, 2.6, 0.5 ],
							"rotationZ": -45.0,
							"faces": {
								"north": { "texture": "#pores", "uv": [ 3.5, 12.5, 5.5, 13.0 ] },
								"east": { "texture": "#pores", "uv": [ 10.5, 10.5, 11.5, 11.0 ], "enabled": false },
								"south": { "texture": "#pores", "uv": [ 4.5, 11.0, 6.5, 11.5 ] },
								"west": { "texture": "#pores", "uv": [ 9.0, 10.5, 10.0, 11.0 ], "enabled": false },
								"up": { "texture": "#pores", "uv": [ 10.0, 11.0, 12.0, 12.0 ], "enabled": false },
								"down": { "texture": "#pores", "uv": [ 3.5, 12.5, 5.5, 13.5 ] }
							}
						},
						{
							"name": "gillsS34",
							"from": [ 0.0, 2.6, 0.6 ], 
							"to": [ 1.0, 3.1, 2.6 ], 
							"rotationOrigin": [ 0.5, 2.6, 0.6 ],
							"rotationX": -45.0,
							"faces": {
								"north": { "texture": "#pores", "uv": [ 10.0, 9.0, 11.0, 9.5 ], "enabled": false },
								"east": { "texture": "#pores", "uv": [ 4.5, 10.5, 6.5, 11.0 ] },
								"south": { "texture": "#pores", "uv": [ 5.5, 6.0, 6.5, 6.5 ], "enabled": false },
								"west": { "texture": "#pores", "uv": [ 2.0, 10.5, 4.0, 11.0 ] },
								"up": { "texture": "#pores", "uv": [ 0.0, 0.0, 1.0, 2.0 ], "enabled": false },
								"down": { "texture": "#pores", "uv": [ 3.5, 11.0, 4.5, 13.0 ] }
							}
						},
						{
							"name": "gillsN35",
							"from": [ 0.0, 2.6, -1.6 ], 
							"to": [ 1.0, 3.1, 0.4 ], 
							"rotationOrigin": [ 0.5, 2.6, 0.4 ],
							"rotationX": 45.0,
							"faces": {
								"north": { "texture": "#pores", "uv": [ 0.0, 0.0, 1.0, 0.5 ], "enabled": false },
								"east": { "texture": "#pores", "uv": [ 4.0, 11.0, 6.0, 11.5 ] },
								"south": { "texture": "#pores", "uv": [ 0.0, 0.0, 1.0, 0.5 ], "enabled": false },
								"west": { "texture": "#pores", "uv": [ 5.0, 11.0, 7.0, 11.5 ] },
								"up": { "texture": "#pores", "uv": [ 5.5, 1.5, 6.5, 3.5 ], "enabled": false },
								"down": { "texture": "#pores", "uv": [ 7.0, 10.0, 8.0, 12.0 ] }
							}
						},
						{
							"name": "ring36",
							"from": [ -0.1, 1.5, -0.1 ], 
							"to": [ 1.1, 4.0, 1.1 ], 
							"rotationOrigin": [ 0.5, 1.5, 0.5 ],
							"rotationX": 4.0,
							"faces": {
								"north": { "texture": "#golddropmilkcap", "uv": [ 0.5, 7.5, 1.5, 10.0 ] },
								"east": { "texture": "#golddropmilkcap", "uv": [ 1.0, 8.0, 2.0, 10.5 ] },
								"south": { "texture": "#golddropmilkcap", "uv": [ 1.5, 7.0, 2.5, 9.5 ] },
								"west": { "texture": "#golddropmilkcap", "uv": [ 0.5, 5.0, 1.5, 7.5 ] },
								"up": { "texture": "#golddropmilkcap", "uv": [ 0.0, 0.0, 1.0, 1.0 ], "enabled": false },
								"down": { "texture": "#golddropmilkcap", "uv": [ 0.0, 0.0, 1.0, 1.0 ] }
							}
						}
					]
				},
				{
					"name": "stem37",
					"from": [ -2.4, -0.4, 2.6 ], 
					"to": [ -1.6, 0.6, 3.4 ], 
					"rotationOrigin": [ -2.0, -0.4, 3.0 ],
					"rotationX": 5.0,
					"faces": {
						"north": { "texture": "#golddropmilkcap", "uv": [ 1.0, 10.0, 1.5, 11.0 ] },
						"east": { "texture": "#golddropmilkcap", "uv": [ 1.5, 11.0, 2.0, 12.0 ] },
						"south": { "texture": "#golddropmilkcap", "uv": [ 1.0, 11.0, 1.5, 12.0 ] },
						"west": { "texture": "#golddropmilkcap", "uv": [ 1.0, 11.0, 1.5, 12.0 ] },
						"up": { "texture": "#golddropmilkcap", "uv": [ 0.0, 0.0, 0.5, 0.5 ], "enabled": false },
						"down": { "texture": "#golddropmilkcap", "uv": [ 0.5, 14.5, 1.0, 15.0 ] }
					},
					"children": [
						{
							"name": "Cap38",
							"from": [ -0.9, 1.8, -0.8 ], 
							"to": [ 1.6, 2.4, 1.7 ], 
							"rotationOrigin": [ 0.5, 1.8, 0.5 ],
							"rotationY": 14.0,
							"faces": {
								"north": { "texture": "#golddropmilkcap", "uv": [ 5.5, 5.5, 8.0, 6.0 ] },
								"east": { "texture": "#golddropmilkcap", "uv": [ 5.5, 5.5, 8.0, 6.0 ] },
								"south": { "texture": "#golddropmilkcap", "uv": [ 4.5, 5.0, 7.0, 5.5 ] },
								"west": { "texture": "#golddropmilkcap", "uv": [ 6.5, 5.5, 9.0, 6.0 ] },
								"up": { "texture": "#golddropmilkcap", "uv": [ 7.0, 1.5, 9.5, 4.0 ] },
								"down": { "texture": "#pores", "uv": [ 3.5, 13.0, 6.0, 15.5 ] }
							}
						},
						{
							"name": "ring43",
							"from": [ -0.2, 0.9, -0.2 ], 
							"to": [ 1.0, 1.9, 1.0 ], 
							"rotationOrigin": [ 0.4, 0.9, 0.4 ],
							"rotationZ": 7.0,
							"faces": {
								"north": { "texture": "#golddropmilkcap", "uv": [ 0.5, 7.5, 1.5, 8.5 ] },
								"east": { "texture": "#golddropmilkcap", "uv": [ 1.0, 8.0, 2.0, 9.0 ] },
								"south": { "texture": "#golddropmilkcap", "uv": [ 1.5, 7.0, 2.5, 8.0 ] },
								"west": { "texture": "#golddropmilkcap", "uv": [ 0.5, 5.0, 1.5, 6.0 ] },
								"up": { "texture": "#golddropmilkcap", "uv": [ 0.0, 0.0, 1.0, 1.0 ], "enabled": false },
								"down": { "texture": "#golddropmilkcap", "uv": [ 0.0, 0.0, 1.0, 1.0 ] }
							}
						}
					]
				},
				{
					"name": "stem40",
					"from": [ -1.4, -0.4, -3.4 ], 
					"to": [ -0.6, 0.6, -2.6 ], 
					"rotationOrigin": [ -1.0, -0.4, -3.0 ],
					"rotationX": -17.0,
					"rotationZ": 19.0,
					"faces": {
						"north": { "texture": "#golddropmilkcap", "uv": [ 1.0, 10.0, 1.5, 11.0 ] },
						"east": { "texture": "#golddropmilkcap", "uv": [ 1.5, 11.0, 2.0, 12.0 ] },
						"south": { "texture": "#golddropmilkcap", "uv": [ 1.0, 11.0, 1.5, 12.0 ] },
						"west": { "texture": "#golddropmilkcap", "uv": [ 1.0, 11.0, 1.5, 12.0 ] },
						"up": { "texture": "#golddropmilkcap", "uv": [ 0.0, 0.0, 0.5, 0.5 ], "enabled": false },
						"down": { "texture": "#golddropmilkcap", "uv": [ 0.5, 14.5, 1.0, 15.0 ] }
					},
					"children": [
						{
							"name": "Cap41",
							"from": [ -0.9, 1.9, -0.8 ], 
							"to": [ 1.6, 2.5, 1.7 ], 
							"rotationOrigin": [ 0.5, 1.9, 0.5 ],
							"rotationX": 8.0,
							"rotationZ": -22.0,
							"faces": {
								"north": { "texture": "#golddropmilkcap", "uv": [ 5.5, 5.5, 8.0, 6.0 ] },
								"east": { "texture": "#golddropmilkcap", "uv": [ 5.5, 5.5, 8.0, 6.0 ] },
								"south": { "texture": "#golddropmilkcap", "uv": [ 4.5, 5.0, 7.0, 5.5 ] },
								"west": { "texture": "#golddropmilkcap", "uv": [ 6.5, 5.5, 9.0, 6.0 ] },
								"up": { "texture": "#golddropmilkcap", "uv": [ 7.0, 1.0, 9.5, 3.5 ] },
								"down": { "texture": "#pores", "uv": [ 2.0, 12.5, 4.5, 15.0 ] }
							}
						},
						{
							"name": "ring42",
							"from": [ -0.2, 0.9, -0.2 ], 
							"to": [ 1.0, 2.1, 1.0 ], 
							"rotationOrigin": [ 0.4, 0.9, 0.4 ],
							"rotationZ": -8.0,
							"faces": {
								"north": { "texture": "#golddropmilkcap", "uv": [ 0.5, 7.5, 1.5, 8.5 ] },
								"east": { "texture": "#golddropmilkcap", "uv": [ 1.0, 8.0, 2.0, 9.0 ] },
								"south": { "texture": "#golddropmilkcap", "uv": [ 1.5, 7.0, 2.5, 8.0 ] },
								"west": { "texture": "#golddropmilkcap", "uv": [ 0.5, 5.0, 1.5, 6.0 ] },
								"up": { "texture": "#golddropmilkcap", "uv": [ 0.0, 0.0, 1.0, 1.0 ], "enabled": false },
								"down": { "texture": "#golddropmilkcap", "uv": [ 0.0, 0.0, 1.0, 1.0 ] }
							}
						}
					]
				},
				{
					"name": "stem43",
					"from": [ -0.4, -0.2, 0.4 ], 
					"to": [ 0.4, 0.6, 1.2 ], 
					"rotationOrigin": [ 0.0, -0.2, 0.8 ],
					"rotationZ": 5.0,
					"faces": {
						"north": { "texture": "#golddropmilkcap", "uv": [ 1.0, 10.0, 1.5, 10.5 ] },
						"east": { "texture": "#golddropmilkcap", "uv": [ 1.5, 11.0, 2.0, 11.5 ] },
						"south": { "texture": "#golddropmilkcap", "uv": [ 1.0, 11.0, 1.5, 11.5 ] },
						"west": { "texture": "#golddropmilkcap", "uv": [ 1.0, 11.0, 1.5, 11.5 ] },
						"up": { "texture": "#golddropmilkcap", "uv": [ 0.0, 0.0, 0.5, 0.5 ], "enabled": false },
						"down": { "texture": "#golddropmilkcap", "uv": [ 0.5, 14.5, 1.0, 15.0 ] }
					},
					"children": [
						{
							"name": "Cap44",
							"from": [ -0.4, 1.2, -0.3 ], 
							"to": [ 1.1, 1.8, 1.2 ], 
							"rotationOrigin": [ 0.5, 1.2, 0.5 ],
							"faces": {
								"north": { "texture": "#golddropmilkcap", "uv": [ 5.5, 5.5, 7.0, 6.0 ] },
								"east": { "texture": "#golddropmilkcap", "uv": [ 5.5, 5.5, 7.0, 6.0 ] },
								"south": { "texture": "#golddropmilkcap", "uv": [ 4.5, 5.0, 6.0, 5.5 ] },
								"west": { "texture": "#golddropmilkcap", "uv": [ 6.5, 5.5, 8.0, 6.0 ] },
								"up": { "texture": "#golddropmilkcap", "uv": [ 8.5, 8.0, 10.0, 9.5 ] },
								"down": { "texture": "#pores", "uv": [ 1.5, 13.5, 3.0, 15.0 ] }
							}
						},
						{
							"name": "ring45",
							"from": [ -0.2, 0.7, -0.2 ], 
							"to": [ 1.0, 1.5, 1.0 ], 
							"rotationOrigin": [ 0.4, 0.7, 0.4 ],
							"rotationZ": 8.0,
							"faces": {
								"north": { "texture": "#golddropmilkcap", "uv": [ 0.5, 7.5, 1.5, 8.0 ] },
								"east": { "texture": "#golddropmilkcap", "uv": [ 1.0, 8.0, 2.0, 8.5 ] },
								"south": { "texture": "#golddropmilkcap", "uv": [ 1.5, 7.0, 2.5, 7.5 ] },
								"west": { "texture": "#golddropmilkcap", "uv": [ 0.5, 5.0, 1.5, 5.5 ] },
								"up": { "texture": "#golddropmilkcap", "uv": [ 0.0, 0.0, 1.0, 1.0 ], "enabled": false },
								"down": { "texture": "#golddropmilkcap", "uv": [ 0.0, 0.0, 1.0, 1.0 ] }
							}
						}
					]
				},
				{
					"name": "voxel1",
					"from": [ 1.0, 0.0, 3.7 ], 
					"to": [ 2.0, 0.5, 4.7 ], 
					"rotationOrigin": [ 1.5, 0.0, 4.2 ],
					"rotationY": -28.0,
					"faces": {
						"north": { "texture": "#golddropmilkcap", "uv": [ 5.0, 4.5, 6.0, 5.0 ] },
						"east": { "texture": "#golddropmilkcap", "uv": [ 10.0, 10.5, 11.0, 11.0 ] },
						"south": { "texture": "#golddropmilkcap", "uv": [ 6.0, 8.5, 7.0, 9.0 ] },
						"west": { "texture": "#golddropmilkcap", "uv": [ 8.5, 9.0, 9.5, 9.5 ] },
						"up": { "texture": "#golddropmilkcap", "uv": [ 7.0, 9.0, 8.0, 10.0 ] },
						"down": { "texture": "#golddropmilkcap", "uv": [ 12.0, 12.0, 13.0, 13.0 ] }
					}
				},
				{
					"name": "voxel47",
					"from": [ -3.0, 0.0, -1.3 ], 
					"to": [ -2.0, 0.5, -0.3 ], 
					"rotationOrigin": [ -2.5, 0.0, -0.8 ],
					"rotationY": 14.0,
					"faces": {
						"north": { "texture": "#golddropmilkcap", "uv": [ 5.0, 4.5, 6.0, 5.0 ] },
						"east": { "texture": "#golddropmilkcap", "uv": [ 10.0, 10.5, 11.0, 11.0 ] },
						"south": { "texture": "#golddropmilkcap", "uv": [ 6.0, 8.5, 7.0, 9.0 ] },
						"west": { "texture": "#golddropmilkcap", "uv": [ 8.5, 9.0, 9.5, 9.5 ] },
						"up": { "texture": "#golddropmilkcap", "uv": [ 7.0, 9.0, 8.0, 10.0 ] },
						"down": { "texture": "#golddropmilkcap", "uv": [ 12.0, 12.0, 13.0, 13.0 ] }
					}
				},
				{
					"name": "voxel48",
					"from": [ 3.0, 0.0, -4.3 ], 
					"to": [ 4.0, 0.5, -3.3 ], 
					"rotationOrigin": [ 3.5, 0.0, -3.8 ],
					"rotationY": 8.0,
					"faces": {
						"north": { "texture": "#golddropmilkcap", "uv": [ 5.0, 4.5, 6.0, 5.0 ] },
						"east": { "texture": "#golddropmilkcap", "uv": [ 10.0, 10.5, 11.0, 11.0 ] },
						"south": { "texture": "#golddropmilkcap", "uv": [ 6.0, 8.5, 7.0, 9.0 ] },
						"west": { "texture": "#golddropmilkcap", "uv": [ 8.5, 9.0, 9.5, 9.5 ] },
						"up": { "texture": "#golddropmilkcap", "uv": [ 7.0, 9.0, 8.0, 10.0 ] },
						"down": { "texture": "#golddropmilkcap", "uv": [ 12.0, 12.0, 13.0, 13.0 ] }
					}
				},
				{
					"name": "mycelium",
					"from": [ -5.0, 0.1, -5.0 ], 
					"to": [ 5.0, 0.1, 5.0 ], 
					"renderPass": 3,
					"rotationOrigin": [ 0.0, 0.1, 0.0 ],
					"faces": {
						"north": { "texture": "#golddropmilkcap", "uv": [ 0.0, 0.0, 10.0, 0.5 ], "enabled": false },
						"east": { "texture": "#golddropmilkcap", "uv": [ 0.0, 0.0, 10.0, 0.5 ], "enabled": false },
						"south": { "texture": "#golddropmilkcap", "uv": [ 0.0, 0.0, 10.0, 0.5 ], "enabled": false },
						"west": { "texture": "#golddropmilkcap", "uv": [ 0.0, 0.0, 10.0, 0.5 ], "enabled": false },
						"up": { "texture": "#mycelium2", "uv": [ 3.0, 3.0, 13.0, 13.0 ] },
						"down": { "texture": "#golddropmilkcap", "uv": [ 0.0, 0.0, 10.0, 10.0 ], "enabled": false }
					}
				}
			]
		},
		{
			"name": "origin43",
			"from": [ 24.0, 0.0, 8.0 ], 
			"to": [ 24.0, 0.0, 8.0 ], 
			"rotationOrigin": [ 24.0, 0.0, 8.0 ],
			"rotationY": -180.0,
			"faces": {
				"north": { "texture": "#golddropmilkcap", "uv": [ 0.0, 0.0, 0.5, 0.5 ], "enabled": false },
				"east": { "texture": "#golddropmilkcap", "uv": [ 0.0, 0.0, 0.5, 0.5 ], "enabled": false },
				"south": { "texture": "#golddropmilkcap", "uv": [ 0.0, 0.0, 0.5, 0.5 ], "enabled": false },
				"west": { "texture": "#golddropmilkcap", "uv": [ 0.0, 0.0, 0.5, 0.5 ], "enabled": false },
				"up": { "texture": "#golddropmilkcap", "uv": [ 0.0, 0.0, 0.5, 0.5 ], "enabled": false },
				"down": { "texture": "#golddropmilkcap", "uv": [ 0.0, 0.0, 0.5, 0.5 ], "enabled": false }
			},
			"children": [
				{
					"name": "stem44",
					"from": [ 1.5, -0.3, 2.5 ], 
					"to": [ 2.5, 1.2, 3.5 ], 
					"rotationOrigin": [ 2.0, -0.3, 3.0 ],
					"rotationZ": -22.0,
					"faces": {
						"north": { "texture": "#golddropmilkcap", "uv": [ 1.0, 10.0, 2.0, 11.5 ] },
						"east": { "texture": "#golddropmilkcap", "uv": [ 1.5, 11.0, 2.5, 12.5 ] },
						"south": { "texture": "#golddropmilkcap", "uv": [ 1.0, 11.0, 2.0, 12.5 ] },
						"west": { "texture": "#golddropmilkcap", "uv": [ 1.0, 11.0, 2.0, 12.5 ] },
						"up": { "texture": "#golddropmilkcap", "uv": [ 0.0, 0.0, 1.0, 1.0 ], "enabled": false },
						"down": { "texture": "#golddropmilkcap", "uv": [ 0.5, 14.5, 1.5, 15.5 ] }
					},
					"children": [
						{
							"name": "Cap45",
							"from": [ -2.3, 2.5, -2.0 ], 
							"to": [ 2.7, 3.5, 3.0 ], 
							"rotationOrigin": [ 0.2, 2.5, 0.5 ],
							"rotationY": -33.0,
							"rotationZ": 14.0,
							"faces": {
								"north": { "texture": "#golddropmilkcap", "uv": [ 5.5, 5.5, 10.5, 6.5 ] },
								"east": { "texture": "#golddropmilkcap", "uv": [ 5.5, 5.5, 10.5, 6.5 ] },
								"south": { "texture": "#golddropmilkcap", "uv": [ 4.5, 5.0, 9.5, 6.0 ] },
								"west": { "texture": "#golddropmilkcap", "uv": [ 6.5, 5.5, 11.5, 6.5 ] },
								"up": { "texture": "#golddropmilkcap", "uv": [ 10.0, 1.0, 15.0, 6.0 ] },
								"down": { "texture": "#pores", "uv": [ 1.5, 9.5, 6.5, 14.5 ] }
							}
						},
						{
							"name": "gillsE46",
							"from": [ 0.6, 1.6, 0.0 ], 
							"to": [ 2.6, 2.1, 1.0 ], 
							"rotationOrigin": [ 0.6, 1.6, 0.5 ],
							"rotationZ": 45.0,
							"faces": {
								"north": { "texture": "#pores", "uv": [ 4.0, 13.0, 6.0, 13.5 ] },
								"east": { "texture": "#pores", "uv": [ 8.5, 10.5, 9.5, 11.0 ], "enabled": false },
								"south": { "texture": "#pores", "uv": [ 2.0, 9.5, 4.0, 10.0 ] },
								"west": { "texture": "#pores", "uv": [ 11.5, 11.5, 12.5, 12.0 ], "enabled": false },
								"up": { "texture": "#pores", "uv": [ 10.0, 10.0, 12.0, 11.0 ], "enabled": false },
								"down": { "texture": "#pores", "uv": [ 3.0, 10.0, 5.0, 11.0 ] }
							}
						},
						{
							"name": "gillsW47",
							"from": [ -2.0, 1.2, 0.0 ], 
							"to": [ 0.0, 1.7, 1.0 ], 
							"rotationOrigin": [ 0.0, 1.2, 0.5 ],
							"rotationZ": -45.0,
							"faces": {
								"north": { "texture": "#pores", "uv": [ 5.5, 12.0, 7.5, 12.5 ] },
								"east": { "texture": "#pores", "uv": [ 10.5, 10.5, 11.5, 11.0 ], "enabled": false },
								"south": { "texture": "#pores", "uv": [ 1.0, 11.5, 3.0, 12.0 ] },
								"west": { "texture": "#pores", "uv": [ 9.0, 10.5, 10.0, 11.0 ], "enabled": false },
								"up": { "texture": "#pores", "uv": [ 10.0, 11.0, 12.0, 12.0 ], "enabled": false },
								"down": { "texture": "#pores", "uv": [ 1.5, 13.0, 3.5, 14.0 ] }
							}
						},
						{
							"name": "gillsS48",
							"from": [ 0.0, 1.2, 0.6 ], 
							"to": [ 1.0, 1.7, 2.9 ], 
							"rotationOrigin": [ 0.5, 1.2, 0.6 ],
							"rotationX": -45.0,
							"rotationZ": 19.0,
							"faces": {
								"north": { "texture": "#pores", "uv": [ 10.0, 9.0, 11.0, 9.5 ], "enabled": false },
								"east": { "texture": "#pores", "uv": [ 1.5, 10.0, 3.5, 10.5 ] },
								"south": { "texture": "#pores", "uv": [ 5.5, 6.0, 6.5, 6.5 ], "enabled": false },
								"west": { "texture": "#pores", "uv": [ 4.0, 11.0, 6.0, 11.5 ] },
								"up": { "texture": "#pores", "uv": [ 0.0, 0.0, 1.0, 2.0 ], "enabled": false },
								"down": { "texture": "#pores", "uv": [ 3.0, 10.5, 4.0, 12.5 ] }
							}
						},
						{
							"name": "gillsN49",
							"from": [ -0.3, 1.6, -1.5 ], 
							"to": [ 0.7, 2.1, 0.4 ], 
							"rotationOrigin": [ 0.2, 1.6, 0.4 ],
							"rotationX": 45.0,
							"rotationY": 14.0,
							"faces": {
								"north": { "texture": "#pores", "uv": [ 0.0, 0.0, 1.0, 0.5 ], "enabled": false },
								"east": { "texture": "#pores", "uv": [ 6.0, 12.0, 7.5, 12.5 ] },
								"south": { "texture": "#pores", "uv": [ 0.0, 0.0, 1.0, 0.5 ], "enabled": false },
								"west": { "texture": "#pores", "uv": [ 5.0, 12.0, 6.5, 12.5 ] },
								"up": { "texture": "#pores", "uv": [ 5.5, 1.5, 6.5, 3.0 ], "enabled": false },
								"down": { "texture": "#pores", "uv": [ 6.5, 10.5, 7.5, 12.0 ] }
							}
						},
						{
							"name": "ring50",
							"from": [ -0.1, 1.3, -0.1 ], 
							"to": [ 1.1, 2.8, 1.1 ], 
							"rotationOrigin": [ 0.5, 1.3, 0.5 ],
							"rotationZ": 14.0,
							"faces": {
								"north": { "texture": "#golddropmilkcap", "uv": [ 0.5, 7.5, 1.5, 9.0 ] },
								"east": { "texture": "#golddropmilkcap", "uv": [ 1.0, 8.0, 2.0, 9.5 ] },
								"south": { "texture": "#golddropmilkcap", "uv": [ 1.5, 7.0, 2.5, 8.5 ] },
								"west": { "texture": "#golddropmilkcap", "uv": [ 0.5, 5.0, 1.5, 6.5 ] },
								"up": { "texture": "#golddropmilkcap", "uv": [ 0.0, 0.0, 1.0, 1.0 ], "enabled": false },
								"down": { "texture": "#golddropmilkcap", "uv": [ 0.0, 0.0, 1.0, 1.0 ] }
							}
						}
					]
				},
				{
					"name": "stem51",
					"from": [ -3.8, -0.3, -2.5 ], 
					"to": [ -2.8, 0.7, -1.5 ], 
					"rotationOrigin": [ -3.3, -0.3, -2.0 ],
					"rotationX": 11.0,
					"rotationZ": 14.0,
					"faces": {
						"north": { "texture": "#golddropmilkcap", "uv": [ 1.0, 10.0, 2.0, 11.0 ] },
						"east": { "texture": "#golddropmilkcap", "uv": [ 1.5, 11.0, 2.5, 12.0 ] },
						"south": { "texture": "#golddropmilkcap", "uv": [ 1.0, 11.0, 2.0, 12.0 ] },
						"west": { "texture": "#golddropmilkcap", "uv": [ 1.0, 11.0, 2.0, 12.0 ] },
						"up": { "texture": "#golddropmilkcap", "uv": [ 0.0, 0.0, 1.0, 1.0 ], "enabled": false },
						"down": { "texture": "#golddropmilkcap", "uv": [ 0.5, 14.5, 1.5, 15.5 ] }
					},
					"children": [
						{
							"name": "Cap52",
							"from": [ -1.2, 2.7, -1.2 ], 
							"to": [ 2.3, 3.4, 2.3 ], 
							"rotationOrigin": [ 0.3, 2.7, 0.5 ],
							"rotationY": -8.0,
							"faces": {
								"north": { "texture": "#golddropmilkcap", "uv": [ 5.5, 5.5, 9.0, 6.0 ] },
								"east": { "texture": "#golddropmilkcap", "uv": [ 5.5, 5.5, 9.0, 6.0 ] },
								"south": { "texture": "#golddropmilkcap", "uv": [ 4.5, 5.0, 8.0, 5.5 ] },
								"west": { "texture": "#golddropmilkcap", "uv": [ 6.5, 5.5, 10.0, 6.0 ] },
								"up": { "texture": "#golddropmilkcap", "uv": [ 11.0, 7.5, 14.5, 11.0 ] },
								"down": { "texture": "#pores", "uv": [ 4.5, 10.5, 8.0, 14.0 ] }
							}
						},
						{
							"name": "gillsE53",
							"from": [ 0.6, 1.6, 0.1 ], 
							"to": [ 2.6, 2.1, 1.1 ], 
							"rotationOrigin": [ 0.6, 1.6, 0.6 ],
							"rotationZ": 45.0,
							"faces": {
								"north": { "texture": "#pores", "uv": [ 4.0, 13.0, 6.0, 13.5 ] },
								"east": { "texture": "#pores", "uv": [ 8.5, 10.5, 9.5, 11.0 ], "enabled": false },
								"south": { "texture": "#pores", "uv": [ 1.5, 12.0, 3.5, 12.5 ] },
								"west": { "texture": "#pores", "uv": [ 11.5, 11.5, 12.5, 12.0 ], "enabled": false },
								"up": { "texture": "#pores", "uv": [ 10.0, 10.0, 12.0, 11.0 ], "enabled": false },
								"down": { "texture": "#pores", "uv": [ 4.0, 12.0, 6.0, 13.0 ] }
							}
						},
						{
							"name": "gillsW54",
							"from": [ -1.6, 1.3, 0.1 ], 
							"to": [ 0.4, 1.8, 1.1 ], 
							"rotationOrigin": [ 0.4, 1.3, 0.6 ],
							"rotationZ": -45.0,
							"faces": {
								"north": { "texture": "#pores", "uv": [ 5.0, 12.5, 7.0, 13.0 ] },
								"east": { "texture": "#pores", "uv": [ 10.5, 10.5, 11.5, 11.0 ], "enabled": false },
								"south": { "texture": "#pores", "uv": [ 3.0, 10.0, 5.0, 10.5 ] },
								"west": { "texture": "#pores", "uv": [ 9.0, 10.5, 10.0, 11.0 ], "enabled": false },
								"up": { "texture": "#pores", "uv": [ 10.0, 11.0, 12.0, 12.0 ], "enabled": false },
								"down": { "texture": "#pores", "uv": [ 5.5, 10.5, 7.5, 11.5 ] }
							}
						},
						{
							"name": "gillsS55",
							"from": [ 0.0, 1.4, 0.6 ], 
							"to": [ 1.0, 1.9, 2.6 ], 
							"rotationOrigin": [ 0.5, 1.4, 0.6 ],
							"rotationX": -45.0,
							"faces": {
								"north": { "texture": "#pores", "uv": [ 10.0, 9.0, 11.0, 9.5 ], "enabled": false },
								"east": { "texture": "#pores", "uv": [ 3.0, 13.5, 5.0, 14.0 ] },
								"south": { "texture": "#pores", "uv": [ 5.5, 6.0, 6.5, 6.5 ], "enabled": false },
								"west": { "texture": "#pores", "uv": [ 0.5, 13.0, 2.5, 13.5 ] },
								"up": { "texture": "#pores", "uv": [ 0.0, 0.0, 1.0, 2.0 ], "enabled": false },
								"down": { "texture": "#pores", "uv": [ 2.5, 10.5, 3.5, 12.5 ] }
							}
						},
						{
							"name": "gillsN56",
							"from": [ 0.0, 1.4, -1.6 ], 
							"to": [ 1.0, 1.9, 0.4 ], 
							"rotationOrigin": [ 0.5, 1.4, 0.4 ],
							"rotationX": 45.0,
							"faces": {
								"north": { "texture": "#pores", "uv": [ 0.0, 0.0, 1.0, 0.5 ], "enabled": false },
								"east": { "texture": "#pores", "uv": [ 4.5, 12.0, 6.5, 12.5 ] },
								"south": { "texture": "#pores", "uv": [ 0.0, 0.0, 1.0, 0.5 ], "enabled": false },
								"west": { "texture": "#pores", "uv": [ 1.5, 14.0, 3.5, 14.5 ] },
								"up": { "texture": "#pores", "uv": [ 5.5, 1.5, 6.5, 3.5 ], "enabled": false },
								"down": { "texture": "#pores", "uv": [ 3.5, 12.5, 4.5, 14.5 ] }
							}
						},
						{
							"name": "ring57",
							"from": [ -0.1, 0.8, -0.1 ], 
							"to": [ 1.1, 2.3, 1.1 ], 
							"rotationOrigin": [ 0.5, 0.8, 0.5 ],
							"rotationX": 5.0,
							"faces": {
								"north": { "texture": "#golddropmilkcap", "uv": [ 0.5, 7.5, 1.5, 9.0 ] },
								"east": { "texture": "#golddropmilkcap", "uv": [ 1.0, 8.0, 2.0, 9.5 ] },
								"south": { "texture": "#golddropmilkcap", "uv": [ 1.5, 7.0, 2.5, 8.5 ] },
								"west": { "texture": "#golddropmilkcap", "uv": [ 0.5, 5.0, 1.5, 6.5 ] },
								"up": { "texture": "#golddropmilkcap", "uv": [ 0.0, 0.0, 1.0, 1.0 ], "enabled": false },
								"down": { "texture": "#golddropmilkcap", "uv": [ 0.0, 0.0, 1.0, 1.0 ] }
							}
						}
					]
				},
				{
					"name": "stem58",
					"from": [ 1.5, -0.3, -2.5 ], 
					"to": [ 2.5, 1.2, -1.5 ], 
					"rotationOrigin": [ 2.0, -0.3, -2.0 ],
					"rotationX": -9.0,
					"rotationY": -36.0,
					"rotationZ": 4.0,
					"faces": {
						"north": { "texture": "#golddropmilkcap", "uv": [ 1.0, 10.0, 2.0, 11.5 ] },
						"east": { "texture": "#golddropmilkcap", "uv": [ 1.5, 11.0, 2.5, 12.5 ] },
						"south": { "texture": "#golddropmilkcap", "uv": [ 1.0, 11.0, 2.0, 12.5 ] },
						"west": { "texture": "#golddropmilkcap", "uv": [ 1.0, 11.0, 2.0, 12.5 ] },
						"up": { "texture": "#golddropmilkcap", "uv": [ 0.0, 0.0, 1.0, 1.0 ], "enabled": false },
						"down": { "texture": "#golddropmilkcap", "uv": [ 0.5, 14.5, 1.5, 15.5 ] }
					},
					"children": [
						{
							"name": "Cap59",
							"from": [ -1.5, 3.0, -1.5 ], 
							"to": [ 2.5, 4.0, 2.5 ], 
							"rotationOrigin": [ 0.5, 3.0, 0.5 ],
							"rotationX": 5.0,
							"rotationY": -14.0,
							"faces": {
								"north": { "texture": "#golddropmilkcap", "uv": [ 5.5, 5.5, 9.5, 6.5 ] },
								"east": { "texture": "#golddropmilkcap", "uv": [ 5.5, 5.5, 9.5, 6.5 ] },
								"south": { "texture": "#golddropmilkcap", "uv": [ 4.5, 5.0, 8.5, 6.0 ] },
								"west": { "texture": "#golddropmilkcap", "uv": [ 6.5, 5.5, 10.5, 6.5 ] },
								"up": { "texture": "#golddropmilkcap", "uv": [ 5.0, 9.0, 9.0, 13.0 ] },
								"down": { "texture": "#pores", "uv": [ 0.5, 10.5, 4.5, 14.5 ] }
							}
						},
						{
							"name": "gillsE60",
							"from": [ 0.6, 1.6, 0.0 ], 
							"to": [ 2.6, 2.1, 1.0 ], 
							"rotationOrigin": [ 0.6, 1.6, 0.5 ],
							"rotationZ": 45.0,
							"faces": {
								"north": { "texture": "#pores", "uv": [ 2.5, 13.0, 4.5, 13.5 ] },
								"east": { "texture": "#pores", "uv": [ 8.5, 10.5, 9.5, 11.0 ], "enabled": false },
								"south": { "texture": "#pores", "uv": [ 0.5, 11.0, 2.5, 11.5 ] },
								"west": { "texture": "#pores", "uv": [ 11.5, 11.5, 12.5, 12.0 ], "enabled": false },
								"up": { "texture": "#pores", "uv": [ 10.0, 10.0, 12.0, 11.0 ], "enabled": false },
								"down": { "texture": "#pores", "uv": [ 1.0, 11.5, 3.0, 12.5 ] }
							}
						},
						{
							"name": "gillsW61",
							"from": [ -1.6, 1.6, 0.0 ], 
							"to": [ 0.4, 2.1, 1.0 ], 
							"rotationOrigin": [ 0.4, 1.6, 0.5 ],
							"rotationZ": -45.0,
							"faces": {
								"north": { "texture": "#pores", "uv": [ 2.5, 12.5, 4.5, 13.0 ] },
								"east": { "texture": "#pores", "uv": [ 10.5, 10.5, 11.5, 11.0 ], "enabled": false },
								"south": { "texture": "#pores", "uv": [ 2.5, 10.5, 4.5, 11.0 ] },
								"west": { "texture": "#pores", "uv": [ 9.0, 10.5, 10.0, 11.0 ], "enabled": false },
								"up": { "texture": "#pores", "uv": [ 10.0, 11.0, 12.0, 12.0 ], "enabled": false },
								"down": { "texture": "#pores", "uv": [ 5.0, 12.5, 7.0, 13.5 ] }
							}
						},
						{
							"name": "gillsS62",
							"from": [ 0.0, 1.6, 0.6 ], 
							"to": [ 1.0, 2.1, 2.6 ], 
							"rotationOrigin": [ 0.5, 1.6, 0.6 ],
							"rotationX": -45.0,
							"faces": {
								"north": { "texture": "#pores", "uv": [ 10.0, 9.0, 11.0, 9.5 ], "enabled": false },
								"east": { "texture": "#pores", "uv": [ 4.5, 11.0, 6.5, 11.5 ] },
								"south": { "texture": "#pores", "uv": [ 5.5, 6.0, 6.5, 6.5 ], "enabled": false },
								"west": { "texture": "#pores", "uv": [ 2.5, 13.0, 4.5, 13.5 ] },
								"up": { "texture": "#pores", "uv": [ 0.0, 0.0, 1.0, 2.0 ], "enabled": false },
								"down": { "texture": "#pores", "uv": [ 4.0, 10.5, 5.0, 12.5 ] }
							}
						},
						{
							"name": "gillsN63",
							"from": [ 0.0, 1.9, -1.6 ], 
							"to": [ 1.0, 2.4, 0.4 ], 
							"rotationOrigin": [ 0.5, 1.9, 0.4 ],
							"rotationX": 40.0,
							"faces": {
								"north": { "texture": "#pores", "uv": [ 0.0, 0.0, 1.0, 0.5 ], "enabled": false },
								"east": { "texture": "#pores", "uv": [ 5.5, 12.0, 7.5, 12.5 ] },
								"south": { "texture": "#pores", "uv": [ 0.0, 0.0, 1.0, 0.5 ], "enabled": false },
								"west": { "texture": "#pores", "uv": [ 5.0, 11.5, 7.0, 12.0 ] },
								"up": { "texture": "#pores", "uv": [ 5.5, 1.5, 6.5, 3.5 ], "enabled": false },
								"down": { "texture": "#pores", "uv": [ 5.0, 9.5, 6.0, 11.5 ] }
							}
						},
						{
							"name": "ring64",
							"from": [ -0.1, 1.4, -0.1 ], 
							"to": [ 1.1, 2.9, 1.1 ], 
							"rotationOrigin": [ 0.5, 1.4, 0.5 ],
							"rotationZ": 3.0,
							"faces": {
								"north": { "texture": "#golddropmilkcap", "uv": [ 0.5, 7.5, 1.5, 9.0 ] },
								"east": { "texture": "#golddropmilkcap", "uv": [ 1.0, 8.0, 2.0, 9.5 ] },
								"south": { "texture": "#golddropmilkcap", "uv": [ 1.5, 7.0, 2.5, 8.5 ] },
								"west": { "texture": "#golddropmilkcap", "uv": [ 0.5, 5.0, 1.5, 6.5 ] },
								"up": { "texture": "#golddropmilkcap", "uv": [ 0.0, 0.0, 1.0, 1.0 ], "enabled": false },
								"down": { "texture": "#golddropmilkcap", "uv": [ 0.0, 0.0, 1.0, 1.0 ] }
							}
						}
					]
				},
				{
					"name": "stem65",
					"from": [ -3.5, -0.3, 1.5 ], 
					"to": [ -2.5, 2.2, 2.5 ], 
					"rotationOrigin": [ -3.0, -0.3, 2.0 ],
					"rotationX": 3.0,
					"rotationY": 28.0,
					"rotationZ": 6.0,
					"faces": {
						"north": { "texture": "#golddropmilkcap", "uv": [ 1.0, 10.0, 2.0, 12.5 ] },
						"east": { "texture": "#golddropmilkcap", "uv": [ 1.5, 11.0, 2.5, 13.5 ] },
						"south": { "texture": "#golddropmilkcap", "uv": [ 1.0, 11.0, 2.0, 13.5 ] },
						"west": { "texture": "#golddropmilkcap", "uv": [ 1.0, 11.0, 2.0, 13.5 ] },
						"up": { "texture": "#golddropmilkcap", "uv": [ 0.0, 0.0, 1.0, 1.0 ], "enabled": false },
						"down": { "texture": "#golddropmilkcap", "uv": [ 0.5, 14.5, 1.5, 15.5 ] }
					},
					"children": [
						{
							"name": "Cap66",
							"from": [ -1.0, 3.8, -1.0 ], 
							"to": [ 2.0, 4.5, 2.0 ], 
							"rotationOrigin": [ 0.5, 3.8, 0.5 ],
							"rotationX": 5.0,
							"rotationY": 19.0,
							"faces": {
								"north": { "texture": "#golddropmilkcap", "uv": [ 5.5, 5.5, 8.5, 6.0 ] },
								"east": { "texture": "#golddropmilkcap", "uv": [ 5.5, 5.5, 8.5, 6.0 ] },
								"south": { "texture": "#golddropmilkcap", "uv": [ 4.5, 5.0, 7.5, 5.5 ] },
								"west": { "texture": "#golddropmilkcap", "uv": [ 6.5, 5.5, 9.5, 6.0 ] },
								"up": { "texture": "#golddropmilkcap", "uv": [ 5.5, 1.0, 8.5, 4.0 ] },
								"down": { "texture": "#pores", "uv": [ 3.0, 13.0, 6.0, 16.0 ] }
							}
						},
						{
							"name": "gillsE67",
							"from": [ 0.6, 2.6, 0.0 ], 
							"to": [ 2.6, 3.1, 1.0 ], 
							"rotationOrigin": [ 0.6, 2.6, 0.5 ],
							"rotationZ": 45.0,
							"faces": {
								"north": { "texture": "#pores", "uv": [ 3.0, 11.5, 5.0, 12.0 ] },
								"east": { "texture": "#pores", "uv": [ 8.5, 10.5, 9.5, 11.0 ], "enabled": false },
								"south": { "texture": "#pores", "uv": [ 2.0, 10.5, 4.0, 11.0 ] },
								"west": { "texture": "#pores", "uv": [ 11.5, 11.5, 12.5, 12.0 ], "enabled": false },
								"up": { "texture": "#pores", "uv": [ 10.0, 10.0, 12.0, 11.0 ], "enabled": false },
								"down": { "texture": "#pores", "uv": [ 5.0, 10.0, 7.0, 11.0 ] }
							}
						},
						{
							"name": "gillsW68",
							"from": [ -1.6, 2.6, 0.0 ], 
							"to": [ 0.4, 3.1, 1.0 ], 
							"rotationOrigin": [ 0.4, 2.6, 0.5 ],
							"rotationZ": -45.0,
							"faces": {
								"north": { "texture": "#pores", "uv": [ 3.5, 12.5, 5.5, 13.0 ] },
								"east": { "texture": "#pores", "uv": [ 10.5, 10.5, 11.5, 11.0 ], "enabled": false },
								"south": { "texture": "#pores", "uv": [ 4.5, 11.0, 6.5, 11.5 ] },
								"west": { "texture": "#pores", "uv": [ 9.0, 10.5, 10.0, 11.0 ], "enabled": false },
								"up": { "texture": "#pores", "uv": [ 10.0, 11.0, 12.0, 12.0 ], "enabled": false },
								"down": { "texture": "#pores", "uv": [ 3.5, 12.5, 5.5, 13.5 ] }
							}
						},
						{
							"name": "gillsS69",
							"from": [ 0.0, 2.6, 0.6 ], 
							"to": [ 1.0, 3.1, 2.6 ], 
							"rotationOrigin": [ 0.5, 2.6, 0.6 ],
							"rotationX": -45.0,
							"faces": {
								"north": { "texture": "#pores", "uv": [ 10.0, 9.0, 11.0, 9.5 ], "enabled": false },
								"east": { "texture": "#pores", "uv": [ 4.5, 10.5, 6.5, 11.0 ] },
								"south": { "texture": "#pores", "uv": [ 5.5, 6.0, 6.5, 6.5 ], "enabled": false },
								"west": { "texture": "#pores", "uv": [ 2.0, 10.5, 4.0, 11.0 ] },
								"up": { "texture": "#pores", "uv": [ 0.0, 0.0, 1.0, 2.0 ], "enabled": false },
								"down": { "texture": "#pores", "uv": [ 3.5, 11.0, 4.5, 13.0 ] }
							}
						},
						{
							"name": "gillsN70",
							"from": [ 0.0, 2.6, -1.6 ], 
							"to": [ 1.0, 3.1, 0.4 ], 
							"rotationOrigin": [ 0.5, 2.6, 0.4 ],
							"rotationX": 45.0,
							"faces": {
								"north": { "texture": "#pores", "uv": [ 0.0, 0.0, 1.0, 0.5 ], "enabled": false },
								"east": { "texture": "#pores", "uv": [ 4.0, 11.0, 6.0, 11.5 ] },
								"south": { "texture": "#pores", "uv": [ 0.0, 0.0, 1.0, 0.5 ], "enabled": false },
								"west": { "texture": "#pores", "uv": [ 5.0, 11.0, 7.0, 11.5 ] },
								"up": { "texture": "#pores", "uv": [ 5.5, 1.5, 6.5, 3.5 ], "enabled": false },
								"down": { "texture": "#pores", "uv": [ 7.0, 10.0, 8.0, 12.0 ] }
							}
						},
						{
							"name": "ring71",
							"from": [ -0.1, 1.5, -0.1 ], 
							"to": [ 1.1, 4.0, 1.1 ], 
							"rotationOrigin": [ 0.5, 1.5, 0.5 ],
							"rotationX": 4.0,
							"faces": {
								"north": { "texture": "#golddropmilkcap", "uv": [ 0.5, 7.5, 1.5, 10.0 ] },
								"east": { "texture": "#golddropmilkcap", "uv": [ 1.0, 8.0, 2.0, 10.5 ] },
								"south": { "texture": "#golddropmilkcap", "uv": [ 1.5, 7.0, 2.5, 9.5 ] },
								"west": { "texture": "#golddropmilkcap", "uv": [ 0.5, 5.0, 1.5, 7.5 ] },
								"up": { "texture": "#golddropmilkcap", "uv": [ 0.0, 0.0, 1.0, 1.0 ], "enabled": false },
								"down": { "texture": "#golddropmilkcap", "uv": [ 0.0, 0.0, 1.0, 1.0 ] }
							}
						}
					]
				},
				{
					"name": "stem72",
					"from": [ -2.4, -0.4, 2.6 ], 
					"to": [ -1.6, 0.6, 3.4 ], 
					"rotationOrigin": [ -2.0, -0.4, 3.0 ],
					"rotationX": 5.0,
					"faces": {
						"north": { "texture": "#golddropmilkcap", "uv": [ 1.0, 10.0, 1.5, 11.0 ] },
						"east": { "texture": "#golddropmilkcap", "uv": [ 1.5, 11.0, 2.0, 12.0 ] },
						"south": { "texture": "#golddropmilkcap", "uv": [ 1.0, 11.0, 1.5, 12.0 ] },
						"west": { "texture": "#golddropmilkcap", "uv": [ 1.0, 11.0, 1.5, 12.0 ] },
						"up": { "texture": "#golddropmilkcap", "uv": [ 0.0, 0.0, 0.5, 0.5 ], "enabled": false },
						"down": { "texture": "#golddropmilkcap", "uv": [ 0.5, 14.5, 1.0, 15.0 ] }
					},
					"children": [
						{
							"name": "Cap73",
							"from": [ -0.9, 1.8, -0.8 ], 
							"to": [ 1.6, 2.4, 1.7 ], 
							"rotationOrigin": [ 0.5, 1.8, 0.5 ],
							"rotationY": 14.0,
							"faces": {
								"north": { "texture": "#golddropmilkcap", "uv": [ 5.5, 5.5, 8.0, 6.0 ] },
								"east": { "texture": "#golddropmilkcap", "uv": [ 5.5, 5.5, 8.0, 6.0 ] },
								"south": { "texture": "#golddropmilkcap", "uv": [ 4.5, 5.0, 7.0, 5.5 ] },
								"west": { "texture": "#golddropmilkcap", "uv": [ 6.5, 5.5, 9.0, 6.0 ] },
								"up": { "texture": "#golddropmilkcap", "uv": [ 7.0, 1.5, 9.5, 4.0 ] },
								"down": { "texture": "#pores", "uv": [ 3.5, 13.0, 6.0, 15.5 ] }
							}
						},
						{
							"name": "ring74",
							"from": [ -0.2, 0.9, -0.2 ], 
							"to": [ 1.0, 1.9, 1.0 ], 
							"rotationOrigin": [ 0.4, 0.9, 0.4 ],
							"rotationZ": 7.0,
							"faces": {
								"north": { "texture": "#golddropmilkcap", "uv": [ 0.5, 7.5, 1.5, 8.5 ] },
								"east": { "texture": "#golddropmilkcap", "uv": [ 1.0, 8.0, 2.0, 9.0 ] },
								"south": { "texture": "#golddropmilkcap", "uv": [ 1.5, 7.0, 2.5, 8.0 ] },
								"west": { "texture": "#golddropmilkcap", "uv": [ 0.5, 5.0, 1.5, 6.0 ] },
								"up": { "texture": "#golddropmilkcap", "uv": [ 0.0, 0.0, 1.0, 1.0 ], "enabled": false },
								"down": { "texture": "#golddropmilkcap", "uv": [ 0.0, 0.0, 1.0, 1.0 ] }
							}
						}
					]
				},
				{
					"name": "stem75",
					"from": [ -1.4, -0.4, -3.4 ], 
					"to": [ -0.6, 0.6, -2.6 ], 
					"rotationOrigin": [ -1.0, -0.4, -3.0 ],
					"rotationX": -17.0,
					"rotationZ": 19.0,
					"faces": {
						"north": { "texture": "#golddropmilkcap", "uv": [ 1.0, 10.0, 1.5, 11.0 ] },
						"east": { "texture": "#golddropmilkcap", "uv": [ 1.5, 11.0, 2.0, 12.0 ] },
						"south": { "texture": "#golddropmilkcap", "uv": [ 1.0, 11.0, 1.5, 12.0 ] },
						"west": { "texture": "#golddropmilkcap", "uv": [ 1.0, 11.0, 1.5, 12.0 ] },
						"up": { "texture": "#golddropmilkcap", "uv": [ 0.0, 0.0, 0.5, 0.5 ], "enabled": false },
						"down": { "texture": "#golddropmilkcap", "uv": [ 0.5, 14.5, 1.0, 15.0 ] }
					},
					"children": [
						{
							"name": "Cap76",
							"from": [ -0.9, 1.9, -0.8 ], 
							"to": [ 1.6, 2.5, 1.7 ], 
							"rotationOrigin": [ 0.5, 1.9, 0.5 ],
							"rotationX": 8.0,
							"rotationZ": -22.0,
							"faces": {
								"north": { "texture": "#golddropmilkcap", "uv": [ 5.5, 5.5, 8.0, 6.0 ] },
								"east": { "texture": "#golddropmilkcap", "uv": [ 5.5, 5.5, 8.0, 6.0 ] },
								"south": { "texture": "#golddropmilkcap", "uv": [ 4.5, 5.0, 7.0, 5.5 ] },
								"west": { "texture": "#golddropmilkcap", "uv": [ 6.5, 5.5, 9.0, 6.0 ] },
								"up": { "texture": "#golddropmilkcap", "uv": [ 7.0, 1.0, 9.5, 3.5 ] },
								"down": { "texture": "#pores", "uv": [ 2.0, 12.5, 4.5, 15.0 ] }
							}
						},
						{
							"name": "ring77",
							"from": [ -0.2, 0.9, -0.2 ], 
							"to": [ 1.0, 2.1, 1.0 ], 
							"rotationOrigin": [ 0.4, 0.9, 0.4 ],
							"rotationZ": -8.0,
							"faces": {
								"north": { "texture": "#golddropmilkcap", "uv": [ 0.5, 7.5, 1.5, 8.5 ] },
								"east": { "texture": "#golddropmilkcap", "uv": [ 1.0, 8.0, 2.0, 9.0 ] },
								"south": { "texture": "#golddropmilkcap", "uv": [ 1.5, 7.0, 2.5, 8.0 ] },
								"west": { "texture": "#golddropmilkcap", "uv": [ 0.5, 5.0, 1.5, 6.0 ] },
								"up": { "texture": "#golddropmilkcap", "uv": [ 0.0, 0.0, 1.0, 1.0 ], "enabled": false },
								"down": { "texture": "#golddropmilkcap", "uv": [ 0.0, 0.0, 1.0, 1.0 ] }
							}
						}
					]
				},
				{
					"name": "stem78",
					"from": [ -0.4, -0.2, 0.4 ], 
					"to": [ 0.4, 0.6, 1.2 ], 
					"rotationOrigin": [ 0.0, -0.2, 0.8 ],
					"rotationZ": 5.0,
					"faces": {
						"north": { "texture": "#golddropmilkcap", "uv": [ 1.0, 10.0, 1.5, 10.5 ] },
						"east": { "texture": "#golddropmilkcap", "uv": [ 1.5, 11.0, 2.0, 11.5 ] },
						"south": { "texture": "#golddropmilkcap", "uv": [ 1.0, 11.0, 1.5, 11.5 ] },
						"west": { "texture": "#golddropmilkcap", "uv": [ 1.0, 11.0, 1.5, 11.5 ] },
						"up": { "texture": "#golddropmilkcap", "uv": [ 0.0, 0.0, 0.5, 0.5 ], "enabled": false },
						"down": { "texture": "#golddropmilkcap", "uv": [ 0.5, 14.5, 1.0, 15.0 ] }
					},
					"children": [
						{
							"name": "Cap79",
							"from": [ -0.4, 1.2, -0.3 ], 
							"to": [ 1.1, 1.8, 1.2 ], 
							"rotationOrigin": [ 0.5, 1.2, 0.5 ],
							"faces": {
								"north": { "texture": "#golddropmilkcap", "uv": [ 5.5, 5.5, 7.0, 6.0 ] },
								"east": { "texture": "#golddropmilkcap", "uv": [ 5.5, 5.5, 7.0, 6.0 ] },
								"south": { "texture": "#golddropmilkcap", "uv": [ 4.5, 5.0, 6.0, 5.5 ] },
								"west": { "texture": "#golddropmilkcap", "uv": [ 6.5, 5.5, 8.0, 6.0 ] },
								"up": { "texture": "#golddropmilkcap", "uv": [ 8.5, 8.0, 10.0, 9.5 ] },
								"down": { "texture": "#pores", "uv": [ 1.5, 13.5, 3.0, 15.0 ] }
							}
						},
						{
							"name": "ring80",
							"from": [ -0.2, 0.7, -0.2 ], 
							"to": [ 1.0, 1.5, 1.0 ], 
							"rotationOrigin": [ 0.4, 0.7, 0.4 ],
							"rotationZ": 8.0,
							"faces": {
								"north": { "texture": "#golddropmilkcap", "uv": [ 0.5, 7.5, 1.5, 8.0 ] },
								"east": { "texture": "#golddropmilkcap", "uv": [ 1.0, 8.0, 2.0, 8.5 ] },
								"south": { "texture": "#golddropmilkcap", "uv": [ 1.5, 7.0, 2.5, 7.5 ] },
								"west": { "texture": "#golddropmilkcap", "uv": [ 0.5, 5.0, 1.5, 5.5 ] },
								"up": { "texture": "#golddropmilkcap", "uv": [ 0.0, 0.0, 1.0, 1.0 ], "enabled": false },
								"down": { "texture": "#golddropmilkcap", "uv": [ 0.0, 0.0, 1.0, 1.0 ] }
							}
						}
					]
				},
				{
					"name": "voxel81",
					"from": [ 1.0, 0.0, 3.7 ], 
					"to": [ 2.0, 0.5, 4.7 ], 
					"rotationOrigin": [ 1.5, 0.0, 4.2 ],
					"rotationY": -28.0,
					"faces": {
						"north": { "texture": "#golddropmilkcap", "uv": [ 5.0, 4.5, 6.0, 5.0 ] },
						"east": { "texture": "#golddropmilkcap", "uv": [ 10.0, 10.5, 11.0, 11.0 ] },
						"south": { "texture": "#golddropmilkcap", "uv": [ 6.0, 8.5, 7.0, 9.0 ] },
						"west": { "texture": "#golddropmilkcap", "uv": [ 8.5, 9.0, 9.5, 9.5 ] },
						"up": { "texture": "#golddropmilkcap", "uv": [ 7.0, 9.0, 8.0, 10.0 ] },
						"down": { "texture": "#golddropmilkcap", "uv": [ 12.0, 12.0, 13.0, 13.0 ] }
					}
				},
				{
					"name": "voxel82",
					"from": [ -3.0, 0.0, -1.3 ], 
					"to": [ -2.0, 0.5, -0.3 ], 
					"rotationOrigin": [ -2.5, 0.0, -0.8 ],
					"rotationY": 14.0,
					"faces": {
						"north": { "texture": "#golddropmilkcap", "uv": [ 5.0, 4.5, 6.0, 5.0 ] },
						"east": { "texture": "#golddropmilkcap", "uv": [ 10.0, 10.5, 11.0, 11.0 ] },
						"south": { "texture": "#golddropmilkcap", "uv": [ 6.0, 8.5, 7.0, 9.0 ] },
						"west": { "texture": "#golddropmilkcap", "uv": [ 8.5, 9.0, 9.5, 9.5 ] },
						"up": { "texture": "#golddropmilkcap", "uv": [ 7.0, 9.0, 8.0, 10.0 ] },
						"down": { "texture": "#golddropmilkcap", "uv": [ 12.0, 12.0, 13.0, 13.0 ] }
					}
				},
				{
					"name": "voxel83",
					"from": [ 3.0, 0.0, -4.3 ], 
					"to": [ 4.0, 0.5, -3.3 ], 
					"rotationOrigin": [ 3.5, 0.0, -3.8 ],
					"rotationY": 8.0,
					"faces": {
						"north": { "texture": "#golddropmilkcap", "uv": [ 5.0, 4.5, 6.0, 5.0 ] },
						"east": { "texture": "#golddropmilkcap", "uv": [ 10.0, 10.5, 11.0, 11.0 ] },
						"south": { "texture": "#golddropmilkcap", "uv": [ 6.0, 8.5, 7.0, 9.0 ] },
						"west": { "texture": "#golddropmilkcap", "uv": [ 8.5, 9.0, 9.5, 9.5 ] },
						"up": { "texture": "#golddropmilkcap", "uv": [ 7.0, 9.0, 8.0, 10.0 ] },
						"down": { "texture": "#golddropmilkcap", "uv": [ 12.0, 12.0, 13.0, 13.0 ] }
					}
				},
				{
					"name": "mycelium84",
					"from": [ -5.0, 0.1, -5.0 ], 
					"to": [ 5.0, 0.1, 5.0 ], 
					"renderPass": 3,
					"rotationOrigin": [ 0.0, 0.1, 0.0 ],
					"faces": {
						"north": { "texture": "#golddropmilkcap", "uv": [ 0.0, 0.0, 10.0, 0.5 ], "enabled": false },
						"east": { "texture": "#golddropmilkcap", "uv": [ 0.0, 0.0, 10.0, 0.5 ], "enabled": false },
						"south": { "texture": "#golddropmilkcap", "uv": [ 0.0, 0.0, 10.0, 0.5 ], "enabled": false },
						"west": { "texture": "#golddropmilkcap", "uv": [ 0.0, 0.0, 10.0, 0.5 ], "enabled": false },
						"up": { "texture": "#mycelium2", "uv": [ 3.0, 3.0, 13.0, 13.0 ] },
						"down": { "texture": "#golddropmilkcap", "uv": [ 0.0, 0.0, 10.0, 10.0 ], "enabled": false }
					}
				}
			]
		}
	]}