{
	"editor": {
		"allAngles": true,
		"entityTextureMode": false
	},
	"textureWidth": 16,
	"textureHeight": 16,
	"textureSizes": {
	},
	"textures": {
		"golddropmilkcap": "game:block/plant/mushroom/golddropmilkcap/golddropmilkcap",
		"mycelium1": "game:block/plant/mushroom/mycelium1",
		"pores": "game:block/plant/mushroom/pores"
	},
	"elements": [
		{
			"name": "origin",
			"from": [ 8.0, 0.0, 8.0 ], 
			"to": [ 8.0, 0.0, 8.0 ], 
			"rotationOrigin": [ 8.0, 0.0, 8.0 ],
			"faces": {
				"north": { "texture": "#golddropmilkcap", "uv": [ 0.0, 0.0, 0.5, 0.5 ], "enabled": false },
				"east": { "texture": "#golddropmilkcap", "uv": [ 0.0, 0.0, 0.5, 0.5 ], "enabled": false },
				"south": { "texture": "#golddropmilkcap", "uv": [ 0.0, 0.0, 0.5, 0.5 ], "enabled": false },
				"west": { "texture": "#golddropmilkcap", "uv": [ 0.0, 0.0, 0.5, 0.5 ], "enabled": false },
				"up": { "texture": "#golddropmilkcap", "uv": [ 0.0, 0.0, 0.5, 0.5 ], "enabled": false },
				"down": { "texture": "#golddropmilkcap", "uv": [ 0.0, 0.0, 0.5, 0.5 ], "enabled": false }
			},
			"children": [
				{
					"name": "stem1",
					"from": [ -0.5, -0.1, -0.5 ], 
					"to": [ 0.5, 2.4, 0.5 ], 
					"rotationOrigin": [ 0.0, -0.1, 0.0 ],
					"rotationX": 4.0,
					"rotationY": 6.0,
					"rotationZ": 3.0,
					"faces": {
						"north": { "texture": "#golddropmilkcap", "uv": [ 1.0, 10.0, 2.0, 12.5 ] },
						"east": { "texture": "#golddropmilkcap", "uv": [ 1.5, 11.0, 2.5, 13.5 ] },
						"south": { "texture": "#golddropmilkcap", "uv": [ 1.0, 11.0, 2.0, 13.5 ] },
						"west": { "texture": "#golddropmilkcap", "uv": [ 1.0, 11.0, 2.0, 13.5 ] },
						"up": { "texture": "#golddropmilkcap", "uv": [ 0.0, 0.0, 1.0, 1.0 ], "enabled": false },
						"down": { "texture": "#golddropmilkcap", "uv": [ 0.5, 14.5, 1.5, 15.5 ] }
					},
					"children": [
						{
							"name": "Cap1",
							"from": [ -2.0, 3.6, -2.0 ], 
							"to": [ 3.0, 4.8, 3.0 ], 
							"rotationOrigin": [ 0.5, 3.6, 0.5 ],
							"rotationX": 4.0,
							"rotationZ": 3.0,
							"faces": {
								"north": { "texture": "#golddropmilkcap", "uv": [ 5.5, 5.5, 10.5, 6.5 ] },
								"east": { "texture": "#golddropmilkcap", "uv": [ 5.5, 5.5, 10.5, 6.5 ] },
								"south": { "texture": "#golddropmilkcap", "uv": [ 4.5, 5.0, 9.5, 6.0 ] },
								"west": { "texture": "#golddropmilkcap", "uv": [ 6.5, 5.5, 11.5, 6.5 ] },
								"up": { "texture": "#golddropmilkcap", "uv": [ 10.5, 0.5, 15.5, 5.5 ] },
								"down": { "texture": "#pores", "uv": [ 2.0, 9.0, 7.0, 14.0 ] }
							}
						},
						{
							"name": "gillsE",
							"from": [ 0.61, 1.6, 0.0 ], 
							"to": [ 3.61, 2.6, 1.0 ], 
							"rotationOrigin": [ 0.6, 1.6, 0.5 ],
							"rotationZ": 45.0,
							"faces": {
								"north": { "texture": "#pores", "uv": [ 3.0, 12.5, 6.0, 13.5 ] },
								"east": { "texture": "#pores", "uv": [ 8.5, 10.5, 9.5, 11.5 ], "enabled": false },
								"south": { "texture": "#pores", "uv": [ 4.0, 10.5, 7.0, 11.5 ] },
								"west": { "texture": "#pores", "uv": [ 11.5, 11.5, 12.5, 12.5 ], "enabled": false },
								"up": { "texture": "#pores", "uv": [ 10.0, 10.0, 13.0, 11.0 ], "enabled": false },
								"down": { "texture": "#pores", "uv": [ 0.5, 9.5, 3.5, 10.5 ] }
							}
						},
						{
							"name": "gillsW",
							"from": [ -2.6, 2.5, 0.0 ], 
							"to": [ 0.4, 3.6, 1.0 ], 
							"rotationOrigin": [ -0.6, 2.5, 0.5 ],
							"rotationZ": -45.0,
							"faces": {
								"north": { "texture": "#pores", "uv": [ 4.0, 12.5, 7.0, 13.5 ] },
								"east": { "texture": "#pores", "uv": [ 10.5, 10.5, 11.5, 11.5 ], "enabled": false },
								"south": { "texture": "#pores", "uv": [ 3.5, 10.5, 6.5, 11.5 ] },
								"west": { "texture": "#pores", "uv": [ 9.0, 10.5, 10.0, 11.5 ], "enabled": false },
								"up": { "texture": "#pores", "uv": [ 10.0, 11.0, 13.0, 12.0 ], "enabled": false },
								"down": { "texture": "#pores", "uv": [ 0.5, 13.0, 3.5, 14.0 ] }
							}
						},
						{
							"name": "gillsS",
							"from": [ 0.0, 1.8, 0.8 ], 
							"to": [ 1.0, 2.9, 3.8 ], 
							"rotationOrigin": [ 0.5, 1.8, 0.8 ],
							"rotationX": -45.0,
							"faces": {
								"north": { "texture": "#pores", "uv": [ 10.0, 9.0, 11.0, 10.0 ], "enabled": false },
								"east": { "texture": "#pores", "uv": [ 4.5, 11.0, 7.5, 12.0 ] },
								"south": { "texture": "#pores", "uv": [ 5.5, 6.0, 6.5, 7.0 ], "enabled": false },
								"west": { "texture": "#pores", "uv": [ 3.5, 11.0, 6.5, 12.0 ] },
								"up": { "texture": "#pores", "uv": [ 0.0, 0.0, 1.0, 3.0 ], "enabled": false },
								"down": { "texture": "#pores", "uv": [ 6.0, 10.5, 7.0, 13.5 ] }
							}
						},
						{
							"name": "gillsN",
							"from": [ 0.0, 1.6, -2.6 ], 
							"to": [ 1.0, 2.6, 0.4 ], 
							"rotationOrigin": [ 0.5, 1.6, 0.4 ],
							"rotationX": 45.0,
							"faces": {
								"north": { "texture": "#pores", "uv": [ 0.0, 0.0, 1.0, 1.0 ], "enabled": false },
								"east": { "texture": "#pores", "uv": [ 4.0, 12.5, 7.0, 13.5 ] },
								"south": { "texture": "#pores", "uv": [ 0.0, 0.0, 1.0, 1.0 ], "enabled": false },
								"west": { "texture": "#pores", "uv": [ 3.5, 10.5, 6.5, 11.5 ] },
								"up": { "texture": "#pores", "uv": [ 5.5, 1.5, 6.5, 4.5 ], "enabled": false },
								"down": { "texture": "#pores", "uv": [ 3.0, 9.0, 4.0, 12.0 ] }
							}
						},
						{
							"name": "ring1",
							"from": [ -0.1, 1.4, -0.1 ], 
							"to": [ 1.1, 3.9, 1.1 ], 
							"rotationOrigin": [ 0.5, 1.4, 0.5 ],
							"rotationX": 3.0,
							"faces": {
								"north": { "texture": "#golddropmilkcap", "uv": [ 0.5, 7.5, 1.5, 10.0 ] },
								"east": { "texture": "#golddropmilkcap", "uv": [ 1.0, 8.0, 2.0, 10.5 ] },
								"south": { "texture": "#golddropmilkcap", "uv": [ 1.5, 7.0, 2.5, 9.5 ] },
								"west": { "texture": "#golddropmilkcap", "uv": [ 0.5, 5.0, 1.5, 7.5 ] },
								"up": { "texture": "#golddropmilkcap", "uv": [ 0.0, 0.0, 1.0, 1.0 ], "enabled": false },
								"down": { "texture": "#golddropmilkcap", "uv": [ 0.0, 0.0, 1.0, 1.0 ] }
							}
						}
					]
				},
				{
					"name": "stem9",
					"from": [ 2.5, 0.0, -1.5 ], 
					"to": [ 3.3, 1.0, -0.7 ], 
					"rotationOrigin": [ 2.9, 0.0, -1.1 ],
					"faces": {
						"north": { "texture": "#golddropmilkcap", "uv": [ 1.0, 10.0, 1.5, 11.0 ] },
						"east": { "texture": "#golddropmilkcap", "uv": [ 1.5, 11.0, 2.0, 12.0 ] },
						"south": { "texture": "#golddropmilkcap", "uv": [ 1.0, 11.0, 1.5, 12.0 ] },
						"west": { "texture": "#golddropmilkcap", "uv": [ 1.0, 11.0, 1.5, 12.0 ] },
						"up": { "texture": "#golddropmilkcap", "uv": [ 0.0, 0.0, 0.5, 0.5 ], "enabled": false },
						"down": { "texture": "#golddropmilkcap", "uv": [ 0.5, 14.5, 1.0, 15.0 ] }
					},
					"children": [
						{
							"name": "Cap10",
							"from": [ -0.6, 2.0, -0.6 ], 
							"to": [ 1.4, 2.5, 1.4 ], 
							"rotationOrigin": [ 0.4, 2.0, 0.4 ],
							"faces": {
								"north": { "texture": "#golddropmilkcap", "uv": [ 5.5, 5.5, 7.5, 6.0 ] },
								"east": { "texture": "#golddropmilkcap", "uv": [ 5.5, 5.5, 7.5, 6.0 ] },
								"south": { "texture": "#golddropmilkcap", "uv": [ 4.5, 5.0, 6.5, 5.5 ] },
								"west": { "texture": "#golddropmilkcap", "uv": [ 6.5, 5.5, 8.5, 6.0 ] },
								"up": { "texture": "#golddropmilkcap", "uv": [ 7.5, 8.0, 9.5, 10.0 ] },
								"down": { "texture": "#pores", "uv": [ 3.5, 11.5, 5.5, 13.5 ] }
							}
						},
						{
							"name": "ring15",
							"from": [ -0.1, 1.0, -0.1 ], 
							"to": [ 0.9, 2.5, 0.9 ], 
							"rotationOrigin": [ 0.5, 1.0, 0.5 ],
							"faces": {
								"north": { "texture": "#golddropmilkcap", "uv": [ 0.5, 7.5, 1.5, 9.0 ] },
								"east": { "texture": "#golddropmilkcap", "uv": [ 1.0, 8.0, 2.0, 9.5 ] },
								"south": { "texture": "#golddropmilkcap", "uv": [ 1.5, 7.0, 2.5, 8.5 ] },
								"west": { "texture": "#golddropmilkcap", "uv": [ 0.5, 5.0, 1.5, 6.5 ] },
								"up": { "texture": "#golddropmilkcap", "uv": [ 0.0, 0.0, 1.0, 1.0 ], "enabled": false },
								"down": { "texture": "#golddropmilkcap", "uv": [ 0.0, 0.0, 1.0, 1.0 ] }
							}
						}
					]
				},
				{
					"name": "stem16",
					"from": [ 2.5, -0.7, 0.5 ], 
					"to": [ 3.5, 1.8, 1.5 ], 
					"rotationOrigin": [ 3.0, -0.7, 1.0 ],
					"rotationX": 14.0,
					"rotationY": -33.0,
					"rotationZ": -14.0,
					"faces": {
						"north": { "texture": "#golddropmilkcap", "uv": [ 1.0, 10.0, 2.0, 12.5 ] },
						"east": { "texture": "#golddropmilkcap", "uv": [ 1.5, 11.0, 2.5, 13.5 ] },
						"south": { "texture": "#golddropmilkcap", "uv": [ 1.0, 11.0, 2.0, 13.5 ] },
						"west": { "texture": "#golddropmilkcap", "uv": [ 1.0, 11.0, 2.0, 13.5 ] },
						"up": { "texture": "#golddropmilkcap", "uv": [ 0.0, 0.0, 1.0, 1.0 ], "enabled": false },
						"down": { "texture": "#golddropmilkcap", "uv": [ 0.5, 14.5, 1.5, 15.5 ] }
					},
					"children": [
						{
							"name": "Cap17",
							"from": [ -1.5, 3.7, -1.5 ], 
							"to": [ 2.5, 4.7, 2.5 ], 
							"rotationOrigin": [ 0.5, 3.7, 0.5 ],
							"rotationX": -10.0,
							"rotationZ": 10.0,
							"faces": {
								"north": { "texture": "#golddropmilkcap", "uv": [ 5.5, 5.5, 9.5, 6.5 ] },
								"east": { "texture": "#golddropmilkcap", "uv": [ 5.5, 5.5, 9.5, 6.5 ] },
								"south": { "texture": "#golddropmilkcap", "uv": [ 4.5, 5.0, 8.5, 6.0 ] },
								"west": { "texture": "#golddropmilkcap", "uv": [ 6.5, 5.5, 10.5, 6.5 ] },
								"up": { "texture": "#golddropmilkcap", "uv": [ 5.0, 0.5, 9.0, 4.5 ] },
								"down": { "texture": "#pores", "uv": [ 2.0, 10.5, 6.0, 14.5 ] }
							}
						},
						{
							"name": "gillsE18",
							"from": [ 0.6, 2.6, 0.0 ], 
							"to": [ 2.6, 3.1, 1.0 ], 
							"rotationOrigin": [ 0.6, 2.6, 0.5 ],
							"rotationZ": 45.0,
							"faces": {
								"north": { "texture": "#pores", "uv": [ 5.5, 13.0, 7.5, 13.5 ] },
								"east": { "texture": "#pores", "uv": [ 8.5, 10.5, 9.5, 11.0 ], "enabled": false },
								"south": { "texture": "#pores", "uv": [ 3.5, 10.0, 5.5, 10.5 ] },
								"west": { "texture": "#pores", "uv": [ 11.5, 11.5, 12.5, 12.0 ], "enabled": false },
								"up": { "texture": "#pores", "uv": [ 10.0, 10.0, 12.0, 11.0 ], "enabled": false },
								"down": { "texture": "#pores", "uv": [ 1.5, 11.5, 3.5, 12.5 ] }
							}
						},
						{
							"name": "gillsW19",
							"from": [ -1.6, 2.6, 0.0 ], 
							"to": [ 0.4, 3.1, 1.0 ], 
							"rotationOrigin": [ 0.4, 2.6, 0.5 ],
							"rotationZ": -25.0,
							"faces": {
								"north": { "texture": "#pores", "uv": [ 4.5, 12.5, 6.5, 13.0 ] },
								"east": { "texture": "#pores", "uv": [ 10.5, 10.5, 11.5, 11.0 ], "enabled": false },
								"south": { "texture": "#pores", "uv": [ 3.5, 9.5, 5.5, 10.0 ] },
								"west": { "texture": "#pores", "uv": [ 9.0, 10.5, 10.0, 11.0 ], "enabled": false },
								"up": { "texture": "#pores", "uv": [ 10.0, 11.0, 12.0, 12.0 ], "enabled": false },
								"down": { "texture": "#pores", "uv": [ 4.5, 12.0, 6.5, 13.0 ] }
							}
						},
						{
							"name": "gillsS20",
							"from": [ 0.0, 2.6, 0.6 ], 
							"to": [ 1.0, 3.1, 2.6 ], 
							"rotationOrigin": [ 0.5, 2.6, 0.6 ],
							"rotationX": -50.0,
							"faces": {
								"north": { "texture": "#pores", "uv": [ 10.0, 9.0, 11.0, 9.5 ], "enabled": false },
								"east": { "texture": "#pores", "uv": [ 4.5, 8.0, 6.5, 8.5 ] },
								"south": { "texture": "#pores", "uv": [ 5.5, 6.0, 6.5, 6.5 ], "enabled": false },
								"west": { "texture": "#pores", "uv": [ 3.5, 13.0, 5.5, 13.5 ] },
								"up": { "texture": "#pores", "uv": [ 0.0, 0.0, 1.0, 2.0 ], "enabled": false },
								"down": { "texture": "#pores", "uv": [ 5.0, 11.5, 6.0, 13.5 ] }
							}
						},
						{
							"name": "gillsN21",
							"from": [ 0.0, 2.6, -1.6 ], 
							"to": [ 1.0, 3.1, 0.4 ], 
							"rotationOrigin": [ 0.5, 2.6, 0.4 ],
							"rotationX": 45.0,
							"faces": {
								"north": { "texture": "#pores", "uv": [ 0.0, 0.0, 1.0, 0.5 ], "enabled": false },
								"east": { "texture": "#pores", "uv": [ 3.5, 12.0, 5.5, 12.5 ] },
								"south": { "texture": "#pores", "uv": [ 0.0, 0.0, 1.0, 0.5 ], "enabled": false },
								"west": { "texture": "#pores", "uv": [ 4.0, 12.0, 6.0, 12.5 ] },
								"up": { "texture": "#pores", "uv": [ 5.5, 1.5, 6.5, 3.5 ], "enabled": false },
								"down": { "texture": "#pores", "uv": [ 3.5, 10.5, 4.5, 12.5 ] }
							}
						},
						{
							"name": "ring22",
							"from": [ -0.1, 1.5, -0.1 ], 
							"to": [ 1.1, 4.0, 1.1 ], 
							"rotationOrigin": [ 0.5, 1.5, 0.5 ],
							"faces": {
								"north": { "texture": "#golddropmilkcap", "uv": [ 0.5, 7.5, 1.5, 10.0 ] },
								"east": { "texture": "#golddropmilkcap", "uv": [ 1.0, 8.0, 2.0, 10.5 ] },
								"south": { "texture": "#golddropmilkcap", "uv": [ 1.5, 7.0, 2.5, 9.5 ] },
								"west": { "texture": "#golddropmilkcap", "uv": [ 0.5, 5.0, 1.5, 7.5 ] },
								"up": { "texture": "#golddropmilkcap", "uv": [ 0.0, 0.0, 1.0, 1.0 ], "enabled": false },
								"down": { "texture": "#golddropmilkcap", "uv": [ 0.0, 0.0, 1.0, 1.0 ] }
							}
						}
					]
				},
				{
					"name": "stem23",
					"from": [ -3.5, -0.6, -3.5 ], 
					"to": [ -2.5, 0.9, -2.5 ], 
					"rotationOrigin": [ -3.0, -0.6, -3.0 ],
					"rotationX": -17.0,
					"rotationY": -22.0,
					"rotationZ": 9.0,
					"faces": {
						"north": { "texture": "#golddropmilkcap", "uv": [ 1.0, 10.0, 2.0, 11.5 ] },
						"east": { "texture": "#golddropmilkcap", "uv": [ 1.5, 11.0, 2.5, 12.5 ] },
						"south": { "texture": "#golddropmilkcap", "uv": [ 1.0, 11.0, 2.0, 12.5 ] },
						"west": { "texture": "#golddropmilkcap", "uv": [ 1.0, 11.0, 2.0, 12.5 ] },
						"up": { "texture": "#golddropmilkcap", "uv": [ 0.0, 0.0, 1.0, 1.0 ], "enabled": false },
						"down": { "texture": "#golddropmilkcap", "uv": [ 0.5, 14.5, 1.5, 15.5 ] }
					},
					"children": [
						{
							"name": "Cap24",
							"from": [ -1.5, 3.0, -1.5 ], 
							"to": [ 2.5, 4.0, 2.5 ], 
							"rotationOrigin": [ 0.5, 3.0, 0.5 ],
							"rotationX": 4.0,
							"rotationZ": 5.0,
							"faces": {
								"north": { "texture": "#golddropmilkcap", "uv": [ 9.5, 9.5, 13.5, 10.5 ] },
								"east": { "texture": "#golddropmilkcap", "uv": [ 8.0, 7.0, 12.0, 8.0 ] },
								"south": { "texture": "#golddropmilkcap", "uv": [ 7.0, 11.0, 11.0, 12.0 ] },
								"west": { "texture": "#golddropmilkcap", "uv": [ 10.5, 10.5, 14.5, 11.5 ] },
								"up": { "texture": "#golddropmilkcap", "uv": [ 11.0, 7.5, 15.0, 11.5 ] },
								"down": { "texture": "#pores", "uv": [ 1.5, 11.0, 5.5, 15.0 ] }
							}
						},
						{
							"name": "gillsE25",
							"from": [ 0.6, 1.6, 0.0 ], 
							"to": [ 2.6, 2.1, 1.0 ], 
							"rotationOrigin": [ 0.6, 1.6, 0.5 ],
							"rotationZ": 45.0,
							"faces": {
								"north": { "texture": "#pores", "uv": [ 4.5, 13.0, 6.5, 13.5 ] },
								"east": { "texture": "#pores", "uv": [ 8.5, 10.5, 9.5, 11.0 ], "enabled": false },
								"south": { "texture": "#pores", "uv": [ 3.0, 13.5, 5.0, 14.0 ] },
								"west": { "texture": "#pores", "uv": [ 11.5, 11.5, 12.5, 12.0 ], "enabled": false },
								"up": { "texture": "#pores", "uv": [ 10.0, 10.0, 12.0, 11.0 ], "enabled": false },
								"down": { "texture": "#pores", "uv": [ 5.0, 11.0, 7.0, 12.0 ] }
							}
						},
						{
							"name": "gillsW26",
							"from": [ -1.6, 1.6, 0.0 ], 
							"to": [ 0.4, 2.1, 1.0 ], 
							"rotationOrigin": [ 0.4, 1.6, 0.5 ],
							"rotationZ": -45.0,
							"faces": {
								"north": { "texture": "#pores", "uv": [ 5.5, 12.5, 7.5, 13.0 ] },
								"east": { "texture": "#pores", "uv": [ 10.5, 10.5, 11.5, 11.0 ], "enabled": false },
								"south": { "texture": "#pores", "uv": [ 2.5, 11.0, 4.5, 11.5 ] },
								"west": { "texture": "#pores", "uv": [ 9.0, 10.5, 10.0, 11.0 ], "enabled": false },
								"up": { "texture": "#pores", "uv": [ 10.0, 11.0, 12.0, 12.0 ], "enabled": false },
								"down": { "texture": "#pores", "uv": [ 2.0, 12.5, 4.0, 13.5 ] }
							}
						},
						{
							"name": "gillsS27",
							"from": [ 0.0, 1.6, 0.6 ], 
							"to": [ 1.0, 2.1, 2.6 ], 
							"rotationOrigin": [ 0.5, 1.6, 0.6 ],
							"rotationX": -45.0,
							"faces": {
								"north": { "texture": "#pores", "uv": [ 10.0, 9.0, 11.0, 9.5 ], "enabled": false },
								"east": { "texture": "#pores", "uv": [ 4.0, 10.5, 6.0, 11.0 ] },
								"south": { "texture": "#pores", "uv": [ 5.5, 6.0, 6.5, 6.5 ], "enabled": false },
								"west": { "texture": "#pores", "uv": [ 3.5, 12.5, 5.5, 13.0 ] },
								"up": { "texture": "#pores", "uv": [ 0.0, 0.0, 1.0, 2.0 ], "enabled": false },
								"down": { "texture": "#pores", "uv": [ 4.5, 10.0, 5.5, 12.0 ] }
							}
						},
						{
							"name": "gillsN28",
							"from": [ 0.0, 1.6, -1.6 ], 
							"to": [ 1.0, 2.1, 0.4 ], 
							"rotationOrigin": [ 0.5, 1.6, 0.4 ],
							"rotationX": 45.0,
							"faces": {
								"north": { "texture": "#pores", "uv": [ 0.0, 0.0, 1.0, 0.5 ], "enabled": false },
								"east": { "texture": "#pores", "uv": [ 5.5, 12.0, 7.5, 12.5 ] },
								"south": { "texture": "#pores", "uv": [ 0.0, 0.0, 1.0, 0.5 ], "enabled": false },
								"west": { "texture": "#pores", "uv": [ 3.5, 11.0, 5.5, 11.5 ] },
								"up": { "texture": "#pores", "uv": [ 5.5, 1.5, 6.5, 3.5 ], "enabled": false },
								"down": { "texture": "#pores", "uv": [ 7.0, 10.0, 8.0, 12.0 ] }
							}
						},
						{
							"name": "ring29",
							"from": [ -0.1, 1.5, -0.1 ], 
							"to": [ 1.1, 3.0, 1.1 ], 
							"rotationOrigin": [ 0.5, 1.5, 0.5 ],
							"faces": {
								"north": { "texture": "#golddropmilkcap", "uv": [ 0.5, 7.5, 1.5, 9.0 ] },
								"east": { "texture": "#golddropmilkcap", "uv": [ 1.0, 8.0, 2.0, 9.5 ] },
								"south": { "texture": "#golddropmilkcap", "uv": [ 1.5, 7.0, 2.5, 8.5 ] },
								"west": { "texture": "#golddropmilkcap", "uv": [ 0.5, 5.0, 1.5, 6.5 ] },
								"up": { "texture": "#golddropmilkcap", "uv": [ 0.0, 0.0, 1.0, 1.0 ], "enabled": false },
								"down": { "texture": "#golddropmilkcap", "uv": [ 0.0, 0.0, 1.0, 1.0 ] }
							}
						}
					]
				},
				{
					"name": "stem26",
					"from": [ -2.5, -0.2, 1.5 ], 
					"to": [ -1.7, 0.8, 2.3 ], 
					"rotationOrigin": [ -2.1, -0.2, 1.9 ],
					"rotationX": 7.0,
					"rotationZ": 3.0,
					"faces": {
						"north": { "texture": "#golddropmilkcap", "uv": [ 1.0, 10.0, 1.5, 11.0 ] },
						"east": { "texture": "#golddropmilkcap", "uv": [ 1.5, 11.0, 2.0, 12.0 ] },
						"south": { "texture": "#golddropmilkcap", "uv": [ 1.0, 11.0, 1.5, 12.0 ] },
						"west": { "texture": "#golddropmilkcap", "uv": [ 1.0, 11.0, 1.5, 12.0 ] },
						"up": { "texture": "#golddropmilkcap", "uv": [ 0.0, 0.0, 0.5, 0.5 ], "enabled": false },
						"down": { "texture": "#golddropmilkcap", "uv": [ 0.5, 14.5, 1.0, 15.0 ] }
					},
					"children": [
						{
							"name": "Cap27",
							"from": [ -0.7, 2.1, -0.4 ], 
							"to": [ 1.3, 2.6, 1.6 ], 
							"rotationOrigin": [ 0.3, 2.1, 0.6 ],
							"rotationX": 9.0,
							"faces": {
								"north": { "texture": "#golddropmilkcap", "uv": [ 5.5, 5.5, 7.5, 6.0 ] },
								"east": { "texture": "#golddropmilkcap", "uv": [ 5.5, 5.5, 7.5, 6.0 ] },
								"south": { "texture": "#golddropmilkcap", "uv": [ 4.5, 5.0, 6.5, 5.5 ] },
								"west": { "texture": "#golddropmilkcap", "uv": [ 6.5, 5.5, 8.5, 6.0 ] },
								"up": { "texture": "#golddropmilkcap", "uv": [ 11.5, 8.0, 13.5, 10.0 ] },
								"down": { "texture": "#pores", "uv": [ 3.5, 11.5, 5.5, 13.5 ] }
							}
						},
						{
							"name": "ring28",
							"from": [ -0.2, 0.9, -0.2 ], 
							"to": [ 1.0, 2.4, 1.0 ], 
							"rotationOrigin": [ 0.5, 0.9, 0.5 ],
							"rotationX": 7.0,
							"rotationZ": 4.0,
							"faces": {
								"north": { "texture": "#golddropmilkcap", "uv": [ 0.5, 7.5, 1.5, 9.0 ] },
								"east": { "texture": "#golddropmilkcap", "uv": [ 1.0, 8.0, 2.0, 9.5 ] },
								"south": { "texture": "#golddropmilkcap", "uv": [ 1.5, 7.0, 2.5, 8.5 ] },
								"west": { "texture": "#golddropmilkcap", "uv": [ 0.5, 5.0, 1.5, 6.5 ] },
								"up": { "texture": "#golddropmilkcap", "uv": [ 0.0, 0.0, 1.0, 1.0 ], "enabled": false },
								"down": { "texture": "#golddropmilkcap", "uv": [ 0.0, 0.0, 1.0, 1.0 ] }
							}
						}
					]
				},
				{
					"name": "stem29",
					"from": [ -0.5, -0.2, -2.5 ], 
					"to": [ 0.3, 0.8, -1.7 ], 
					"rotationOrigin": [ -0.1, -0.2, -2.1 ],
					"rotationX": -19.0,
					"faces": {
						"north": { "texture": "#golddropmilkcap", "uv": [ 1.0, 10.0, 1.5, 11.0 ] },
						"east": { "texture": "#golddropmilkcap", "uv": [ 1.5, 11.0, 2.0, 12.0 ] },
						"south": { "texture": "#golddropmilkcap", "uv": [ 1.0, 11.0, 1.5, 12.0 ] },
						"west": { "texture": "#golddropmilkcap", "uv": [ 1.0, 11.0, 1.5, 12.0 ] },
						"up": { "texture": "#golddropmilkcap", "uv": [ 0.0, 0.0, 0.5, 0.5 ], "enabled": false },
						"down": { "texture": "#golddropmilkcap", "uv": [ 0.5, 14.5, 1.0, 15.0 ] }
					},
					"children": [
						{
							"name": "Cap30",
							"from": [ -0.4, 2.0, -0.6 ], 
							"to": [ 1.6, 2.7, 1.4 ], 
							"rotationOrigin": [ 0.6, 2.0, 0.4 ],
							"rotationX": -6.0,
							"rotationZ": 6.0,
							"faces": {
								"north": { "texture": "#golddropmilkcap", "uv": [ 5.5, 5.5, 7.5, 6.0 ] },
								"east": { "texture": "#golddropmilkcap", "uv": [ 5.5, 5.5, 7.5, 6.0 ] },
								"south": { "texture": "#golddropmilkcap", "uv": [ 4.5, 5.0, 6.5, 5.5 ] },
								"west": { "texture": "#golddropmilkcap", "uv": [ 6.5, 5.5, 8.5, 6.0 ] },
								"up": { "texture": "#golddropmilkcap", "uv": [ 6.5, 1.0, 8.5, 3.0 ] },
								"down": { "texture": "#pores", "uv": [ 3.0, 11.5, 5.0, 13.5 ] }
							}
						},
						{
							"name": "ring31",
							"from": [ -0.1, 1.0, -0.1 ], 
							"to": [ 0.9, 2.5, 0.9 ], 
							"rotationOrigin": [ 0.4, 1.0, 0.4 ],
							"rotationZ": -6.0,
							"faces": {
								"north": { "texture": "#golddropmilkcap", "uv": [ 0.5, 7.5, 1.5, 9.0 ] },
								"east": { "texture": "#golddropmilkcap", "uv": [ 1.0, 8.0, 2.0, 9.5 ] },
								"south": { "texture": "#golddropmilkcap", "uv": [ 1.5, 7.0, 2.5, 8.5 ] },
								"west": { "texture": "#golddropmilkcap", "uv": [ 0.5, 5.0, 1.5, 6.5 ] },
								"up": { "texture": "#golddropmilkcap", "uv": [ 0.0, 0.0, 1.0, 1.0 ], "enabled": false },
								"down": { "texture": "#golddropmilkcap", "uv": [ 0.0, 0.0, 1.0, 1.0 ] }
							}
						}
					]
				},
				{
					"name": "voxel1",
					"from": [ -4.0, 0.0, 2.0 ], 
					"to": [ -3.0, 0.5, 3.0 ], 
					"rotationOrigin": [ -3.5, 0.0, 2.5 ],
					"rotationY": -19.0,
					"faces": {
						"north": { "texture": "#golddropmilkcap", "uv": [ 9.0, 10.5, 10.0, 11.0 ] },
						"east": { "texture": "#golddropmilkcap", "uv": [ 8.0, 9.0, 9.0, 9.5 ] },
						"south": { "texture": "#golddropmilkcap", "uv": [ 5.5, 11.0, 6.5, 11.5 ] },
						"west": { "texture": "#golddropmilkcap", "uv": [ 10.5, 10.0, 11.5, 10.5 ] },
						"up": { "texture": "#golddropmilkcap", "uv": [ 13.0, 4.0, 14.0, 5.0 ] },
						"down": { "texture": "#golddropmilkcap", "uv": [ 10.0, 10.0, 11.0, 11.0 ] }
					}
				},
				{
					"name": "voxel33",
					"from": [ 2.0, 0.0, -3.0 ], 
					"to": [ 3.0, 0.5, -2.0 ], 
					"rotationOrigin": [ 2.5, 0.0, -2.5 ],
					"rotationY": -19.0,
					"faces": {
						"north": { "texture": "#golddropmilkcap", "uv": [ 9.0, 10.5, 10.0, 11.0 ] },
						"east": { "texture": "#golddropmilkcap", "uv": [ 8.0, 9.0, 9.0, 9.5 ] },
						"south": { "texture": "#golddropmilkcap", "uv": [ 5.5, 11.0, 6.5, 11.5 ] },
						"west": { "texture": "#golddropmilkcap", "uv": [ 10.5, 10.0, 11.5, 10.5 ] },
						"up": { "texture": "#golddropmilkcap", "uv": [ 7.5, 6.0, 8.5, 7.0 ] },
						"down": { "texture": "#golddropmilkcap", "uv": [ 10.0, 10.0, 11.0, 11.0 ] }
					}
				},
				{
					"name": "voxel34",
					"from": [ 0.0, 0.0, 4.0 ], 
					"to": [ 1.0, 0.5, 5.0 ], 
					"rotationOrigin": [ 0.5, 0.0, 4.5 ],
					"rotationY": 14.0,
					"faces": {
						"north": { "texture": "#golddropmilkcap", "uv": [ 9.0, 10.5, 10.0, 11.0 ] },
						"east": { "texture": "#golddropmilkcap", "uv": [ 8.0, 9.0, 9.0, 9.5 ] },
						"south": { "texture": "#golddropmilkcap", "uv": [ 5.5, 11.0, 6.5, 11.5 ] },
						"west": { "texture": "#golddropmilkcap", "uv": [ 10.5, 10.0, 11.5, 10.5 ] },
						"up": { "texture": "#golddropmilkcap", "uv": [ 7.5, 6.0, 8.5, 7.0 ] },
						"down": { "texture": "#golddropmilkcap", "uv": [ 10.0, 10.0, 11.0, 11.0 ] }
					}
				},
				{
					"name": "voxel35",
					"from": [ -5.0, 0.0, -2.0 ], 
					"to": [ -4.0, 0.5, -1.0 ], 
					"rotationOrigin": [ -4.5, 0.0, -1.5 ],
					"rotationY": 28.0,
					"faces": {
						"north": { "texture": "#golddropmilkcap", "uv": [ 9.0, 10.5, 10.0, 11.0 ] },
						"east": { "texture": "#golddropmilkcap", "uv": [ 8.0, 9.0, 9.0, 9.5 ] },
						"south": { "texture": "#golddropmilkcap", "uv": [ 5.5, 11.0, 6.5, 11.5 ] },
						"west": { "texture": "#golddropmilkcap", "uv": [ 10.5, 10.0, 11.5, 10.5 ] },
						"up": { "texture": "#golddropmilkcap", "uv": [ 7.5, 6.0, 8.5, 7.0 ] },
						"down": { "texture": "#golddropmilkcap", "uv": [ 10.0, 10.0, 11.0, 11.0 ] }
					}
				},
				{
					"name": "mycelium",
					"from": [ -5.0, 0.1, -5.0 ], 
					"to": [ 5.0, 0.1, 5.0 ], 
					"renderPass": 3,
					"rotationOrigin": [ 0.0, 0.1, 0.0 ],
					"faces": {
						"north": { "texture": "#golddropmilkcap", "uv": [ 0.0, 0.0, 10.0, 0.5 ], "enabled": false },
						"east": { "texture": "#golddropmilkcap", "uv": [ 0.0, 0.0, 10.0, 0.5 ], "enabled": false },
						"south": { "texture": "#golddropmilkcap", "uv": [ 0.0, 0.0, 10.0, 0.5 ], "enabled": false },
						"west": { "texture": "#golddropmilkcap", "uv": [ 0.0, 0.0, 10.0, 0.5 ], "enabled": false },
						"up": { "texture": "#mycelium1", "uv": [ 3.0, 3.0, 13.0, 13.0 ] },
						"down": { "texture": "#golddropmilkcap", "uv": [ 0.0, 0.0, 10.0, 10.0 ], "enabled": false }
					}
				}
			]
		},
		{
			"name": "origin37",
			"from": [ 24.0, 0.0, 8.0 ], 
			"to": [ 24.0, 0.0, 8.0 ], 
			"rotationOrigin": [ 24.0, 0.0, 8.0 ],
			"rotationY": -180.0,
			"faces": {
				"north": { "texture": "#golddropmilkcap", "uv": [ 0.0, 0.0, 0.5, 0.5 ], "enabled": false },
				"east": { "texture": "#golddropmilkcap", "uv": [ 0.0, 0.0, 0.5, 0.5 ], "enabled": false },
				"south": { "texture": "#golddropmilkcap", "uv": [ 0.0, 0.0, 0.5, 0.5 ], "enabled": false },
				"west": { "texture": "#golddropmilkcap", "uv": [ 0.0, 0.0, 0.5, 0.5 ], "enabled": false },
				"up": { "texture": "#golddropmilkcap", "uv": [ 0.0, 0.0, 0.5, 0.5 ], "enabled": false },
				"down": { "texture": "#golddropmilkcap", "uv": [ 0.0, 0.0, 0.5, 0.5 ], "enabled": false }
			},
			"children": [
				{
					"name": "stem38",
					"from": [ -0.5, -0.1, -0.5 ], 
					"to": [ 0.5, 2.4, 0.5 ], 
					"rotationOrigin": [ 0.0, -0.1, 0.0 ],
					"rotationX": 4.0,
					"rotationY": 6.0,
					"rotationZ": 3.0,
					"faces": {
						"north": { "texture": "#golddropmilkcap", "uv": [ 1.0, 10.0, 2.0, 12.5 ] },
						"east": { "texture": "#golddropmilkcap", "uv": [ 1.5, 11.0, 2.5, 13.5 ] },
						"south": { "texture": "#golddropmilkcap", "uv": [ 1.0, 11.0, 2.0, 13.5 ] },
						"west": { "texture": "#golddropmilkcap", "uv": [ 1.0, 11.0, 2.0, 13.5 ] },
						"up": { "texture": "#golddropmilkcap", "uv": [ 0.0, 0.0, 1.0, 1.0 ], "enabled": false },
						"down": { "texture": "#golddropmilkcap", "uv": [ 0.5, 14.5, 1.5, 15.5 ] }
					},
					"children": [
						{
							"name": "Cap39",
							"from": [ -2.0, 3.6, -2.0 ], 
							"to": [ 3.0, 4.8, 3.0 ], 
							"rotationOrigin": [ 0.5, 3.6, 0.5 ],
							"rotationX": 4.0,
							"rotationZ": 3.0,
							"faces": {
								"north": { "texture": "#golddropmilkcap", "uv": [ 5.5, 5.5, 10.5, 6.5 ] },
								"east": { "texture": "#golddropmilkcap", "uv": [ 5.5, 5.5, 10.5, 6.5 ] },
								"south": { "texture": "#golddropmilkcap", "uv": [ 4.5, 5.0, 9.5, 6.0 ] },
								"west": { "texture": "#golddropmilkcap", "uv": [ 6.5, 5.5, 11.5, 6.5 ] },
								"up": { "texture": "#golddropmilkcap", "uv": [ 10.5, 0.5, 15.5, 5.5 ] },
								"down": { "texture": "#pores", "uv": [ 2.0, 9.0, 7.0, 14.0 ] }
							}
						},
						{
							"name": "gillsE40",
							"from": [ 0.61, 1.6, 0.0 ], 
							"to": [ 3.61, 2.6, 1.0 ], 
							"rotationOrigin": [ 0.6, 1.6, 0.5 ],
							"rotationZ": 45.0,
							"faces": {
								"north": { "texture": "#pores", "uv": [ 3.0, 12.5, 6.0, 13.5 ] },
								"east": { "texture": "#pores", "uv": [ 8.5, 10.5, 9.5, 11.5 ], "enabled": false },
								"south": { "texture": "#pores", "uv": [ 4.0, 10.5, 7.0, 11.5 ] },
								"west": { "texture": "#pores", "uv": [ 11.5, 11.5, 12.5, 12.5 ], "enabled": false },
								"up": { "texture": "#pores", "uv": [ 10.0, 10.0, 13.0, 11.0 ], "enabled": false },
								"down": { "texture": "#pores", "uv": [ 0.5, 9.5, 3.5, 10.5 ] }
							}
						},
						{
							"name": "gillsW41",
							"from": [ -2.6, 2.5, 0.0 ], 
							"to": [ 0.4, 3.6, 1.0 ], 
							"rotationOrigin": [ -0.6, 2.5, 0.5 ],
							"rotationZ": -45.0,
							"faces": {
								"north": { "texture": "#pores", "uv": [ 4.0, 12.5, 7.0, 13.5 ] },
								"east": { "texture": "#pores", "uv": [ 10.5, 10.5, 11.5, 11.5 ], "enabled": false },
								"south": { "texture": "#pores", "uv": [ 3.5, 10.5, 6.5, 11.5 ] },
								"west": { "texture": "#pores", "uv": [ 9.0, 10.5, 10.0, 11.5 ], "enabled": false },
								"up": { "texture": "#pores", "uv": [ 10.0, 11.0, 13.0, 12.0 ], "enabled": false },
								"down": { "texture": "#pores", "uv": [ 0.5, 13.0, 3.5, 14.0 ] }
							}
						},
						{
							"name": "gillsS42",
							"from": [ 0.0, 1.8, 0.8 ], 
							"to": [ 1.0, 2.9, 3.8 ], 
							"rotationOrigin": [ 0.5, 1.8, 0.8 ],
							"rotationX": -45.0,
							"faces": {
								"north": { "texture": "#pores", "uv": [ 10.0, 9.0, 11.0, 10.0 ], "enabled": false },
								"east": { "texture": "#pores", "uv": [ 4.5, 11.0, 7.5, 12.0 ] },
								"south": { "texture": "#pores", "uv": [ 5.5, 6.0, 6.5, 7.0 ], "enabled": false },
								"west": { "texture": "#pores", "uv": [ 3.5, 11.0, 6.5, 12.0 ] },
								"up": { "texture": "#pores", "uv": [ 0.0, 0.0, 1.0, 3.0 ], "enabled": false },
								"down": { "texture": "#pores", "uv": [ 6.0, 10.5, 7.0, 13.5 ] }
							}
						},
						{
							"name": "gillsN43",
							"from": [ 0.0, 1.6, -2.6 ], 
							"to": [ 1.0, 2.6, 0.4 ], 
							"rotationOrigin": [ 0.5, 1.6, 0.4 ],
							"rotationX": 45.0,
							"faces": {
								"north": { "texture": "#pores", "uv": [ 0.0, 0.0, 1.0, 1.0 ], "enabled": false },
								"east": { "texture": "#pores", "uv": [ 4.0, 12.5, 7.0, 13.5 ] },
								"south": { "texture": "#pores", "uv": [ 0.0, 0.0, 1.0, 1.0 ], "enabled": false },
								"west": { "texture": "#pores", "uv": [ 3.5, 10.5, 6.5, 11.5 ] },
								"up": { "texture": "#pores", "uv": [ 5.5, 1.5, 6.5, 4.5 ], "enabled": false },
								"down": { "texture": "#pores", "uv": [ 3.0, 9.0, 4.0, 12.0 ] }
							}
						},
						{
							"name": "ring44",
							"from": [ -0.1, 1.4, -0.1 ], 
							"to": [ 1.1, 3.9, 1.1 ], 
							"rotationOrigin": [ 0.5, 1.4, 0.5 ],
							"rotationX": 3.0,
							"faces": {
								"north": { "texture": "#golddropmilkcap", "uv": [ 0.5, 7.5, 1.5, 10.0 ] },
								"east": { "texture": "#golddropmilkcap", "uv": [ 1.0, 8.0, 2.0, 10.5 ] },
								"south": { "texture": "#golddropmilkcap", "uv": [ 1.5, 7.0, 2.5, 9.5 ] },
								"west": { "texture": "#golddropmilkcap", "uv": [ 0.5, 5.0, 1.5, 7.5 ] },
								"up": { "texture": "#golddropmilkcap", "uv": [ 0.0, 0.0, 1.0, 1.0 ], "enabled": false },
								"down": { "texture": "#golddropmilkcap", "uv": [ 0.0, 0.0, 1.0, 1.0 ] }
							}
						}
					]
				},
				{
					"name": "stem45",
					"from": [ 2.5, 0.0, -1.5 ], 
					"to": [ 3.3, 1.0, -0.7 ], 
					"rotationOrigin": [ 2.9, 0.0, -1.1 ],
					"faces": {
						"north": { "texture": "#golddropmilkcap", "uv": [ 1.0, 10.0, 1.5, 11.0 ] },
						"east": { "texture": "#golddropmilkcap", "uv": [ 1.5, 11.0, 2.0, 12.0 ] },
						"south": { "texture": "#golddropmilkcap", "uv": [ 1.0, 11.0, 1.5, 12.0 ] },
						"west": { "texture": "#golddropmilkcap", "uv": [ 1.0, 11.0, 1.5, 12.0 ] },
						"up": { "texture": "#golddropmilkcap", "uv": [ 0.0, 0.0, 0.5, 0.5 ], "enabled": false },
						"down": { "texture": "#golddropmilkcap", "uv": [ 0.5, 14.5, 1.0, 15.0 ] }
					},
					"children": [
						{
							"name": "Cap46",
							"from": [ -0.6, 2.0, -0.6 ], 
							"to": [ 1.4, 2.5, 1.4 ], 
							"rotationOrigin": [ 0.4, 2.0, 0.4 ],
							"faces": {
								"north": { "texture": "#golddropmilkcap", "uv": [ 5.5, 5.5, 7.5, 6.0 ] },
								"east": { "texture": "#golddropmilkcap", "uv": [ 5.5, 5.5, 7.5, 6.0 ] },
								"south": { "texture": "#golddropmilkcap", "uv": [ 4.5, 5.0, 6.5, 5.5 ] },
								"west": { "texture": "#golddropmilkcap", "uv": [ 6.5, 5.5, 8.5, 6.0 ] },
								"up": { "texture": "#golddropmilkcap", "uv": [ 7.5, 8.0, 9.5, 10.0 ] },
								"down": { "texture": "#pores", "uv": [ 3.5, 11.5, 5.5, 13.5 ] }
							}
						},
						{
							"name": "ring47",
							"from": [ -0.1, 1.0, -0.1 ], 
							"to": [ 0.9, 2.5, 0.9 ], 
							"rotationOrigin": [ 0.5, 1.0, 0.5 ],
							"faces": {
								"north": { "texture": "#golddropmilkcap", "uv": [ 0.5, 7.5, 1.5, 9.0 ] },
								"east": { "texture": "#golddropmilkcap", "uv": [ 1.0, 8.0, 2.0, 9.5 ] },
								"south": { "texture": "#golddropmilkcap", "uv": [ 1.5, 7.0, 2.5, 8.5 ] },
								"west": { "texture": "#golddropmilkcap", "uv": [ 0.5, 5.0, 1.5, 6.5 ] },
								"up": { "texture": "#golddropmilkcap", "uv": [ 0.0, 0.0, 1.0, 1.0 ], "enabled": false },
								"down": { "texture": "#golddropmilkcap", "uv": [ 0.0, 0.0, 1.0, 1.0 ] }
							}
						}
					]
				},
				{
					"name": "stem48",
					"from": [ 2.5, -0.7, 0.5 ], 
					"to": [ 3.5, 1.8, 1.5 ], 
					"rotationOrigin": [ 3.0, -0.7, 1.0 ],
					"rotationX": 14.0,
					"rotationY": -33.0,
					"rotationZ": -14.0,
					"faces": {
						"north": { "texture": "#golddropmilkcap", "uv": [ 1.0, 10.0, 2.0, 12.5 ] },
						"east": { "texture": "#golddropmilkcap", "uv": [ 1.5, 11.0, 2.5, 13.5 ] },
						"south": { "texture": "#golddropmilkcap", "uv": [ 1.0, 11.0, 2.0, 13.5 ] },
						"west": { "texture": "#golddropmilkcap", "uv": [ 1.0, 11.0, 2.0, 13.5 ] },
						"up": { "texture": "#golddropmilkcap", "uv": [ 0.0, 0.0, 1.0, 1.0 ], "enabled": false },
						"down": { "texture": "#golddropmilkcap", "uv": [ 0.5, 14.5, 1.5, 15.5 ] }
					},
					"children": [
						{
							"name": "Cap49",
							"from": [ -1.5, 3.7, -1.5 ], 
							"to": [ 2.5, 4.7, 2.5 ], 
							"rotationOrigin": [ 0.5, 3.7, 0.5 ],
							"rotationX": -10.0,
							"rotationZ": 10.0,
							"faces": {
								"north": { "texture": "#golddropmilkcap", "uv": [ 5.5, 5.5, 9.5, 6.5 ] },
								"east": { "texture": "#golddropmilkcap", "uv": [ 5.5, 5.5, 9.5, 6.5 ] },
								"south": { "texture": "#golddropmilkcap", "uv": [ 4.5, 5.0, 8.5, 6.0 ] },
								"west": { "texture": "#golddropmilkcap", "uv": [ 6.5, 5.5, 10.5, 6.5 ] },
								"up": { "texture": "#golddropmilkcap", "uv": [ 5.0, 0.5, 9.0, 4.5 ] },
								"down": { "texture": "#pores", "uv": [ 2.0, 10.5, 6.0, 14.5 ] }
							}
						},
						{
							"name": "gillsE50",
							"from": [ 0.6, 2.6, 0.0 ], 
							"to": [ 2.6, 3.1, 1.0 ], 
							"rotationOrigin": [ 0.6, 2.6, 0.5 ],
							"rotationZ": 45.0,
							"faces": {
								"north": { "texture": "#pores", "uv": [ 5.5, 13.0, 7.5, 13.5 ] },
								"east": { "texture": "#pores", "uv": [ 8.5, 10.5, 9.5, 11.0 ], "enabled": false },
								"south": { "texture": "#pores", "uv": [ 3.5, 10.0, 5.5, 10.5 ] },
								"west": { "texture": "#pores", "uv": [ 11.5, 11.5, 12.5, 12.0 ], "enabled": false },
								"up": { "texture": "#pores", "uv": [ 10.0, 10.0, 12.0, 11.0 ], "enabled": false },
								"down": { "texture": "#pores", "uv": [ 1.5, 11.5, 3.5, 12.5 ] }
							}
						},
						{
							"name": "gillsW51",
							"from": [ -1.6, 2.6, 0.0 ], 
							"to": [ 0.4, 3.1, 1.0 ], 
							"rotationOrigin": [ 0.4, 2.6, 0.5 ],
							"rotationZ": -25.0,
							"faces": {
								"north": { "texture": "#pores", "uv": [ 4.5, 12.5, 6.5, 13.0 ] },
								"east": { "texture": "#pores", "uv": [ 10.5, 10.5, 11.5, 11.0 ], "enabled": false },
								"south": { "texture": "#pores", "uv": [ 3.5, 9.5, 5.5, 10.0 ] },
								"west": { "texture": "#pores", "uv": [ 9.0, 10.5, 10.0, 11.0 ], "enabled": false },
								"up": { "texture": "#pores", "uv": [ 10.0, 11.0, 12.0, 12.0 ], "enabled": false },
								"down": { "texture": "#pores", "uv": [ 4.5, 12.0, 6.5, 13.0 ] }
							}
						},
						{
							"name": "gillsS52",
							"from": [ 0.0, 2.6, 0.6 ], 
							"to": [ 1.0, 3.1, 2.6 ], 
							"rotationOrigin": [ 0.5, 2.6, 0.6 ],
							"rotationX": -50.0,
							"faces": {
								"north": { "texture": "#pores", "uv": [ 10.0, 9.0, 11.0, 9.5 ], "enabled": false },
								"east": { "texture": "#pores", "uv": [ 4.5, 8.0, 6.5, 8.5 ] },
								"south": { "texture": "#pores", "uv": [ 5.5, 6.0, 6.5, 6.5 ], "enabled": false },
								"west": { "texture": "#pores", "uv": [ 3.5, 13.0, 5.5, 13.5 ] },
								"up": { "texture": "#pores", "uv": [ 0.0, 0.0, 1.0, 2.0 ], "enabled": false },
								"down": { "texture": "#pores", "uv": [ 5.0, 11.5, 6.0, 13.5 ] }
							}
						},
						{
							"name": "gillsN53",
							"from": [ 0.0, 2.6, -1.6 ], 
							"to": [ 1.0, 3.1, 0.4 ], 
							"rotationOrigin": [ 0.5, 2.6, 0.4 ],
							"rotationX": 45.0,
							"faces": {
								"north": { "texture": "#pores", "uv": [ 0.0, 0.0, 1.0, 0.5 ], "enabled": false },
								"east": { "texture": "#pores", "uv": [ 3.5, 12.0, 5.5, 12.5 ] },
								"south": { "texture": "#pores", "uv": [ 0.0, 0.0, 1.0, 0.5 ], "enabled": false },
								"west": { "texture": "#pores", "uv": [ 4.0, 12.0, 6.0, 12.5 ] },
								"up": { "texture": "#pores", "uv": [ 5.5, 1.5, 6.5, 3.5 ], "enabled": false },
								"down": { "texture": "#pores", "uv": [ 3.5, 10.5, 4.5, 12.5 ] }
							}
						},
						{
							"name": "ring54",
							"from": [ -0.1, 1.5, -0.1 ], 
							"to": [ 1.1, 4.0, 1.1 ], 
							"rotationOrigin": [ 0.5, 1.5, 0.5 ],
							"faces": {
								"north": { "texture": "#golddropmilkcap", "uv": [ 0.5, 7.5, 1.5, 10.0 ] },
								"east": { "texture": "#golddropmilkcap", "uv": [ 1.0, 8.0, 2.0, 10.5 ] },
								"south": { "texture": "#golddropmilkcap", "uv": [ 1.5, 7.0, 2.5, 9.5 ] },
								"west": { "texture": "#golddropmilkcap", "uv": [ 0.5, 5.0, 1.5, 7.5 ] },
								"up": { "texture": "#golddropmilkcap", "uv": [ 0.0, 0.0, 1.0, 1.0 ], "enabled": false },
								"down": { "texture": "#golddropmilkcap", "uv": [ 0.0, 0.0, 1.0, 1.0 ] }
							}
						}
					]
				},
				{
					"name": "stem55",
					"from": [ -3.5, -0.6, -3.5 ], 
					"to": [ -2.5, 0.9, -2.5 ], 
					"rotationOrigin": [ -3.0, -0.6, -3.0 ],
					"rotationX": -17.0,
					"rotationY": -22.0,
					"rotationZ": 9.0,
					"faces": {
						"north": { "texture": "#golddropmilkcap", "uv": [ 1.0, 10.0, 2.0, 11.5 ] },
						"east": { "texture": "#golddropmilkcap", "uv": [ 1.5, 11.0, 2.5, 12.5 ] },
						"south": { "texture": "#golddropmilkcap", "uv": [ 1.0, 11.0, 2.0, 12.5 ] },
						"west": { "texture": "#golddropmilkcap", "uv": [ 1.0, 11.0, 2.0, 12.5 ] },
						"up": { "texture": "#golddropmilkcap", "uv": [ 0.0, 0.0, 1.0, 1.0 ], "enabled": false },
						"down": { "texture": "#golddropmilkcap", "uv": [ 0.5, 14.5, 1.5, 15.5 ] }
					},
					"children": [
						{
							"name": "Cap56",
							"from": [ -1.5, 3.0, -1.5 ], 
							"to": [ 2.5, 4.0, 2.5 ], 
							"rotationOrigin": [ 0.5, 3.0, 0.5 ],
							"rotationX": 4.0,
							"rotationZ": 5.0,
							"faces": {
								"north": { "texture": "#golddropmilkcap", "uv": [ 9.5, 9.5, 13.5, 10.5 ] },
								"east": { "texture": "#golddropmilkcap", "uv": [ 8.0, 7.0, 12.0, 8.0 ] },
								"south": { "texture": "#golddropmilkcap", "uv": [ 7.0, 11.0, 11.0, 12.0 ] },
								"west": { "texture": "#golddropmilkcap", "uv": [ 10.5, 10.5, 14.5, 11.5 ] },
								"up": { "texture": "#golddropmilkcap", "uv": [ 11.0, 7.5, 15.0, 11.5 ] },
								"down": { "texture": "#pores", "uv": [ 1.5, 11.0, 5.5, 15.0 ] }
							}
						},
						{
							"name": "gillsE57",
							"from": [ 0.6, 1.6, 0.0 ], 
							"to": [ 2.6, 2.1, 1.0 ], 
							"rotationOrigin": [ 0.6, 1.6, 0.5 ],
							"rotationZ": 45.0,
							"faces": {
								"north": { "texture": "#pores", "uv": [ 4.5, 13.0, 6.5, 13.5 ] },
								"east": { "texture": "#pores", "uv": [ 8.5, 10.5, 9.5, 11.0 ], "enabled": false },
								"south": { "texture": "#pores", "uv": [ 3.0, 13.5, 5.0, 14.0 ] },
								"west": { "texture": "#pores", "uv": [ 11.5, 11.5, 12.5, 12.0 ], "enabled": false },
								"up": { "texture": "#pores", "uv": [ 10.0, 10.0, 12.0, 11.0 ], "enabled": false },
								"down": { "texture": "#pores", "uv": [ 5.0, 11.0, 7.0, 12.0 ] }
							}
						},
						{
							"name": "gillsW58",
							"from": [ -1.6, 1.6, 0.0 ], 
							"to": [ 0.4, 2.1, 1.0 ], 
							"rotationOrigin": [ 0.4, 1.6, 0.5 ],
							"rotationZ": -45.0,
							"faces": {
								"north": { "texture": "#pores", "uv": [ 5.5, 12.5, 7.5, 13.0 ] },
								"east": { "texture": "#pores", "uv": [ 10.5, 10.5, 11.5, 11.0 ], "enabled": false },
								"south": { "texture": "#pores", "uv": [ 2.5, 11.0, 4.5, 11.5 ] },
								"west": { "texture": "#pores", "uv": [ 9.0, 10.5, 10.0, 11.0 ], "enabled": false },
								"up": { "texture": "#pores", "uv": [ 10.0, 11.0, 12.0, 12.0 ], "enabled": false },
								"down": { "texture": "#pores", "uv": [ 2.0, 12.5, 4.0, 13.5 ] }
							}
						},
						{
							"name": "gillsS59",
							"from": [ 0.0, 1.6, 0.6 ], 
							"to": [ 1.0, 2.1, 2.6 ], 
							"rotationOrigin": [ 0.5, 1.6, 0.6 ],
							"rotationX": -45.0,
							"faces": {
								"north": { "texture": "#pores", "uv": [ 10.0, 9.0, 11.0, 9.5 ], "enabled": false },
								"east": { "texture": "#pores", "uv": [ 4.0, 10.5, 6.0, 11.0 ] },
								"south": { "texture": "#pores", "uv": [ 5.5, 6.0, 6.5, 6.5 ], "enabled": false },
								"west": { "texture": "#pores", "uv": [ 3.5, 12.5, 5.5, 13.0 ] },
								"up": { "texture": "#pores", "uv": [ 0.0, 0.0, 1.0, 2.0 ], "enabled": false },
								"down": { "texture": "#pores", "uv": [ 4.5, 10.0, 5.5, 12.0 ] }
							}
						},
						{
							"name": "gillsN60",
							"from": [ 0.0, 1.6, -1.6 ], 
							"to": [ 1.0, 2.1, 0.4 ], 
							"rotationOrigin": [ 0.5, 1.6, 0.4 ],
							"rotationX": 45.0,
							"faces": {
								"north": { "texture": "#pores", "uv": [ 0.0, 0.0, 1.0, 0.5 ], "enabled": false },
								"east": { "texture": "#pores", "uv": [ 5.5, 12.0, 7.5, 12.5 ] },
								"south": { "texture": "#pores", "uv": [ 0.0, 0.0, 1.0, 0.5 ], "enabled": false },
								"west": { "texture": "#pores", "uv": [ 3.5, 11.0, 5.5, 11.5 ] },
								"up": { "texture": "#pores", "uv": [ 5.5, 1.5, 6.5, 3.5 ], "enabled": false },
								"down": { "texture": "#pores", "uv": [ 7.0, 10.0, 8.0, 12.0 ] }
							}
						},
						{
							"name": "ring61",
							"from": [ -0.1, 1.5, -0.1 ], 
							"to": [ 1.1, 3.0, 1.1 ], 
							"rotationOrigin": [ 0.5, 1.5, 0.5 ],
							"faces": {
								"north": { "texture": "#golddropmilkcap", "uv": [ 0.5, 7.5, 1.5, 9.0 ] },
								"east": { "texture": "#golddropmilkcap", "uv": [ 1.0, 8.0, 2.0, 9.5 ] },
								"south": { "texture": "#golddropmilkcap", "uv": [ 1.5, 7.0, 2.5, 8.5 ] },
								"west": { "texture": "#golddropmilkcap", "uv": [ 0.5, 5.0, 1.5, 6.5 ] },
								"up": { "texture": "#golddropmilkcap", "uv": [ 0.0, 0.0, 1.0, 1.0 ], "enabled": false },
								"down": { "texture": "#golddropmilkcap", "uv": [ 0.0, 0.0, 1.0, 1.0 ] }
							}
						}
					]
				},
				{
					"name": "stem62",
					"from": [ -2.5, -0.2, 1.5 ], 
					"to": [ -1.7, 0.8, 2.3 ], 
					"rotationOrigin": [ -2.1, -0.2, 1.9 ],
					"rotationX": 7.0,
					"rotationZ": 3.0,
					"faces": {
						"north": { "texture": "#golddropmilkcap", "uv": [ 1.0, 10.0, 1.5, 11.0 ] },
						"east": { "texture": "#golddropmilkcap", "uv": [ 1.5, 11.0, 2.0, 12.0 ] },
						"south": { "texture": "#golddropmilkcap", "uv": [ 1.0, 11.0, 1.5, 12.0 ] },
						"west": { "texture": "#golddropmilkcap", "uv": [ 1.0, 11.0, 1.5, 12.0 ] },
						"up": { "texture": "#golddropmilkcap", "uv": [ 0.0, 0.0, 0.5, 0.5 ], "enabled": false },
						"down": { "texture": "#golddropmilkcap", "uv": [ 0.5, 14.5, 1.0, 15.0 ] }
					},
					"children": [
						{
							"name": "Cap63",
							"from": [ -0.7, 2.1, -0.4 ], 
							"to": [ 1.3, 2.6, 1.6 ], 
							"rotationOrigin": [ 0.3, 2.1, 0.6 ],
							"rotationX": 9.0,
							"faces": {
								"north": { "texture": "#golddropmilkcap", "uv": [ 5.5, 5.5, 7.5, 6.0 ] },
								"east": { "texture": "#golddropmilkcap", "uv": [ 5.5, 5.5, 7.5, 6.0 ] },
								"south": { "texture": "#golddropmilkcap", "uv": [ 4.5, 5.0, 6.5, 5.5 ] },
								"west": { "texture": "#golddropmilkcap", "uv": [ 6.5, 5.5, 8.5, 6.0 ] },
								"up": { "texture": "#golddropmilkcap", "uv": [ 11.5, 8.0, 13.5, 10.0 ] },
								"down": { "texture": "#pores", "uv": [ 3.5, 11.5, 5.5, 13.5 ] }
							}
						},
						{
							"name": "ring64",
							"from": [ -0.2, 0.9, -0.2 ], 
							"to": [ 1.0, 2.4, 1.0 ], 
							"rotationOrigin": [ 0.5, 0.9, 0.5 ],
							"rotationX": 7.0,
							"rotationZ": 4.0,
							"faces": {
								"north": { "texture": "#golddropmilkcap", "uv": [ 0.5, 7.5, 1.5, 9.0 ] },
								"east": { "texture": "#golddropmilkcap", "uv": [ 1.0, 8.0, 2.0, 9.5 ] },
								"south": { "texture": "#golddropmilkcap", "uv": [ 1.5, 7.0, 2.5, 8.5 ] },
								"west": { "texture": "#golddropmilkcap", "uv": [ 0.5, 5.0, 1.5, 6.5 ] },
								"up": { "texture": "#golddropmilkcap", "uv": [ 0.0, 0.0, 1.0, 1.0 ], "enabled": false },
								"down": { "texture": "#golddropmilkcap", "uv": [ 0.0, 0.0, 1.0, 1.0 ] }
							}
						}
					]
				},
				{
					"name": "stem65",
					"from": [ -0.5, -0.2, -2.5 ], 
					"to": [ 0.3, 0.8, -1.7 ], 
					"rotationOrigin": [ -0.1, -0.2, -2.1 ],
					"rotationX": -19.0,
					"faces": {
						"north": { "texture": "#golddropmilkcap", "uv": [ 1.0, 10.0, 1.5, 11.0 ] },
						"east": { "texture": "#golddropmilkcap", "uv": [ 1.5, 11.0, 2.0, 12.0 ] },
						"south": { "texture": "#golddropmilkcap", "uv": [ 1.0, 11.0, 1.5, 12.0 ] },
						"west": { "texture": "#golddropmilkcap", "uv": [ 1.0, 11.0, 1.5, 12.0 ] },
						"up": { "texture": "#golddropmilkcap", "uv": [ 0.0, 0.0, 0.5, 0.5 ], "enabled": false },
						"down": { "texture": "#golddropmilkcap", "uv": [ 0.5, 14.5, 1.0, 15.0 ] }
					},
					"children": [
						{
							"name": "Cap66",
							"from": [ -0.4, 2.0, -0.6 ], 
							"to": [ 1.6, 2.7, 1.4 ], 
							"rotationOrigin": [ 0.6, 2.0, 0.4 ],
							"rotationX": -6.0,
							"rotationZ": 6.0,
							"faces": {
								"north": { "texture": "#golddropmilkcap", "uv": [ 5.5, 5.5, 7.5, 6.0 ] },
								"east": { "texture": "#golddropmilkcap", "uv": [ 5.5, 5.5, 7.5, 6.0 ] },
								"south": { "texture": "#golddropmilkcap", "uv": [ 4.5, 5.0, 6.5, 5.5 ] },
								"west": { "texture": "#golddropmilkcap", "uv": [ 6.5, 5.5, 8.5, 6.0 ] },
								"up": { "texture": "#golddropmilkcap", "uv": [ 6.5, 1.0, 8.5, 3.0 ] },
								"down": { "texture": "#pores", "uv": [ 3.0, 11.5, 5.0, 13.5 ] }
							}
						},
						{
							"name": "ring67",
							"from": [ -0.1, 1.0, -0.1 ], 
							"to": [ 0.9, 2.5, 0.9 ], 
							"rotationOrigin": [ 0.4, 1.0, 0.4 ],
							"rotationZ": -6.0,
							"faces": {
								"north": { "texture": "#golddropmilkcap", "uv": [ 0.5, 7.5, 1.5, 9.0 ] },
								"east": { "texture": "#golddropmilkcap", "uv": [ 1.0, 8.0, 2.0, 9.5 ] },
								"south": { "texture": "#golddropmilkcap", "uv": [ 1.5, 7.0, 2.5, 8.5 ] },
								"west": { "texture": "#golddropmilkcap", "uv": [ 0.5, 5.0, 1.5, 6.5 ] },
								"up": { "texture": "#golddropmilkcap", "uv": [ 0.0, 0.0, 1.0, 1.0 ], "enabled": false },
								"down": { "texture": "#golddropmilkcap", "uv": [ 0.0, 0.0, 1.0, 1.0 ] }
							}
						}
					]
				},
				{
					"name": "voxel68",
					"from": [ -4.0, 0.0, 2.0 ], 
					"to": [ -3.0, 0.5, 3.0 ], 
					"rotationOrigin": [ -3.5, 0.0, 2.5 ],
					"rotationY": -19.0,
					"faces": {
						"north": { "texture": "#golddropmilkcap", "uv": [ 9.0, 10.5, 10.0, 11.0 ] },
						"east": { "texture": "#golddropmilkcap", "uv": [ 8.0, 9.0, 9.0, 9.5 ] },
						"south": { "texture": "#golddropmilkcap", "uv": [ 5.5, 11.0, 6.5, 11.5 ] },
						"west": { "texture": "#golddropmilkcap", "uv": [ 10.5, 10.0, 11.5, 10.5 ] },
						"up": { "texture": "#golddropmilkcap", "uv": [ 13.0, 4.0, 14.0, 5.0 ] },
						"down": { "texture": "#golddropmilkcap", "uv": [ 10.0, 10.0, 11.0, 11.0 ] }
					}
				},
				{
					"name": "voxel69",
					"from": [ 2.0, 0.0, -3.0 ], 
					"to": [ 3.0, 0.5, -2.0 ], 
					"rotationOrigin": [ 2.5, 0.0, -2.5 ],
					"rotationY": -19.0,
					"faces": {
						"north": { "texture": "#golddropmilkcap", "uv": [ 9.0, 10.5, 10.0, 11.0 ] },
						"east": { "texture": "#golddropmilkcap", "uv": [ 8.0, 9.0, 9.0, 9.5 ] },
						"south": { "texture": "#golddropmilkcap", "uv": [ 5.5, 11.0, 6.5, 11.5 ] },
						"west": { "texture": "#golddropmilkcap", "uv": [ 10.5, 10.0, 11.5, 10.5 ] },
						"up": { "texture": "#golddropmilkcap", "uv": [ 7.5, 6.0, 8.5, 7.0 ] },
						"down": { "texture": "#golddropmilkcap", "uv": [ 10.0, 10.0, 11.0, 11.0 ] }
					}
				},
				{
					"name": "voxel70",
					"from": [ 0.0, 0.0, 4.0 ], 
					"to": [ 1.0, 0.5, 5.0 ], 
					"rotationOrigin": [ 0.5, 0.0, 4.5 ],
					"rotationY": 14.0,
					"faces": {
						"north": { "texture": "#golddropmilkcap", "uv": [ 9.0, 10.5, 10.0, 11.0 ] },
						"east": { "texture": "#golddropmilkcap", "uv": [ 8.0, 9.0, 9.0, 9.5 ] },
						"south": { "texture": "#golddropmilkcap", "uv": [ 5.5, 11.0, 6.5, 11.5 ] },
						"west": { "texture": "#golddropmilkcap", "uv": [ 10.5, 10.0, 11.5, 10.5 ] },
						"up": { "texture": "#golddropmilkcap", "uv": [ 7.5, 6.0, 8.5, 7.0 ] },
						"down": { "texture": "#golddropmilkcap", "uv": [ 10.0, 10.0, 11.0, 11.0 ] }
					}
				},
				{
					"name": "voxel71",
					"from": [ -5.0, 0.0, -2.0 ], 
					"to": [ -4.0, 0.5, -1.0 ], 
					"rotationOrigin": [ -4.5, 0.0, -1.5 ],
					"rotationY": 28.0,
					"faces": {
						"north": { "texture": "#golddropmilkcap", "uv": [ 9.0, 10.5, 10.0, 11.0 ] },
						"east": { "texture": "#golddropmilkcap", "uv": [ 8.0, 9.0, 9.0, 9.5 ] },
						"south": { "texture": "#golddropmilkcap", "uv": [ 5.5, 11.0, 6.5, 11.5 ] },
						"west": { "texture": "#golddropmilkcap", "uv": [ 10.5, 10.0, 11.5, 10.5 ] },
						"up": { "texture": "#golddropmilkcap", "uv": [ 7.5, 6.0, 8.5, 7.0 ] },
						"down": { "texture": "#golddropmilkcap", "uv": [ 10.0, 10.0, 11.0, 11.0 ] }
					}
				},
				{
					"name": "mycelium72",
					"from": [ -5.0, 0.1, -5.0 ], 
					"to": [ 5.0, 0.1, 5.0 ], 
					"renderPass": 3,
					"rotationOrigin": [ 0.0, 0.1, 0.0 ],
					"faces": {
						"north": { "texture": "#golddropmilkcap", "uv": [ 0.0, 0.0, 10.0, 0.5 ], "enabled": false },
						"east": { "texture": "#golddropmilkcap", "uv": [ 0.0, 0.0, 10.0, 0.5 ], "enabled": false },
						"south": { "texture": "#golddropmilkcap", "uv": [ 0.0, 0.0, 10.0, 0.5 ], "enabled": false },
						"west": { "texture": "#golddropmilkcap", "uv": [ 0.0, 0.0, 10.0, 0.5 ], "enabled": false },
						"up": { "texture": "#mycelium1", "uv": [ 3.0, 3.0, 13.0, 13.0 ] },
						"down": { "texture": "#golddropmilkcap", "uv": [ 0.0, 0.0, 10.0, 10.0 ], "enabled": false }
					}
				}
			]
		}
	]}