{
	"editor": {
		"allAngles": true,
		"entityTextureMode": true
	},
	"textureWidth": 28,
	"textureHeight": 36,
	"textureSizes": {
		"skin": [28,36]
	},
	"textures": {
	},
	"elements": [
		{
			"name": "Rotation Point",
			"from": [ 0.0, 0.0, 0.0 ],
			"to": [ 0.0, 0.0, 0.0 ],
			"uv": [ 0.0, 0.0 ],
			"faces": {
			},
			"children": [
				{
					"name": "Base",
					"from": [ 0.0, 0.0, 8.0 ],
					"to": [ 0.0, 0.0, 8.0 ],
					"uv": [ 0.0, 0.0 ],
					"rotationOrigin": [ 0.0, 0.0, 8.0 ],
					"faces": {
					},
					"children": [
						{
							"name": "PeltBody",
							"from": [ 0.0, 0.0, -1.5 ],
							"to": [ 3.0, 0.42, 1.5 ],
							"unwrapMode": 5,
							"unwrapRotation": 1,
							"autoUnwrap": false,
							"uv": [ 1.5, 11.0 ],
							"rotationOrigin": [ 0.0, 0.0, -1.5 ],
							"faces": {
								"north": { "texture": "#skin", "uv": [ 3.0, 17.0, 3.5, 20.0 ], "rotation": 270, "windMode": [-1,-1,-1,-1] },
								"east": { "texture": "#skin", "uv": [ 3.5, 16.5, 6.5, 17.0 ], "rotation": 180, "windMode": [-1,-1,-1,-1] },
								"south": { "texture": "#skin", "uv": [ 6.5, 17.0, 7.0, 20.0 ], "rotation": 90, "windMode": [-1,-1,-1,-1] },
								"west": { "texture": "#skin", "uv": [ 3.5, 21.0, 6.5, 21.5 ], "windMode": [-1,-1,-1,-1] },
								"up": { "texture": "#skin", "uv": [ 3.5, 17.0, 6.5, 20.0 ], "rotation": 90, "windMode": [-1,-1,-1,-1] },
								"down": { "texture": "#skin", "uv": [ 9.5, 17.0, 12.5, 20.0 ], "rotation": 270, "windMode": [-1,-1,-1,-1] }
							},
							"children": [
								{
									"name": "LBody",
									"from": [ 0.0, 0.01, 2.7 ],
									"to": [ 3.0, 0.41, 4.9 ],
									"unwrapMode": 5,
									"unwrapRotation": 1,
									"autoUnwrap": false,
									"uv": [ 1.5, 16.5 ],
									"rotationOrigin": [ 0.0, -0.01, 2.7 ],
									"rotationY": -3.0,
									"faces": {
										"east": { "texture": "#skin", "uv": [ 3.5, 16.5, 5.5, 17.0 ], "rotation": 180, "windMode": [-1,-1,-1,-1] },
										"south": { "texture": "#skin", "uv": [ 1.0, 17.0, 1.5, 20.0 ], "rotation": 90, "windMode": [-1,-1,-1,-1] },
										"west": { "texture": "#skin", "uv": [ 1.5, 21.0, 3.5, 21.5 ], "windMode": [-1,-1,-1,-1] },
										"up": { "texture": "#skin", "uv": [ 2.0, 17.0, 4.0, 20.0 ], "rotation": 270, "windMode": [-1,-1,-1,-1] },
										"down": { "texture": "#skin", "uv": [ 10.5, 17.0, 12.5, 20.0 ], "rotation": 270 }
									},
									"children": [
										{
											"name": "LArm",
											"from": [ 0.0, 0.01, 1.5 ],
											"to": [ 0.5, 0.39, 3.5 ],
											"unwrapMode": 5,
											"uv": [ 19.5, 1.0 ],
											"rotationOrigin": [ 0.0, 0.01, 1.5 ],
											"rotationY": -30.0,
											"faces": {
												"east": { "texture": "#skin", "uv": [ 20.5, 1.0, 21.0, 3.0 ], "rotation": 90 },
												"south": { "texture": "#skin", "uv": [ 20.0, 3.0, 20.5, 3.5 ], "windMode": [-1,-1,-1,-1] },
												"west": { "texture": "#skin", "uv": [ 19.5, 1.0, 20.0, 3.0 ], "rotation": 270, "windMode": [-1,-1,-1,-1] },
												"up": { "texture": "#skin", "uv": [ 20.0, 1.0, 20.5, 3.0 ], "windMode": [-1,-1,-1,-1] },
												"down": { "texture": "#skin", "uv": [ 21.0, 1.0, 21.5, 3.0 ], "windMode": [-1,-1,-1,-1] }
											},
											"children": [
												{
													"name": "LArmLower",
													"from": [ 0.5, 0.01, 0.0 ],
													"to": [ 1.0, 0.37, 2.0 ],
													"unwrapMode": 5,
													"uv": [ 21.0, 1.0 ],
													"rotationOrigin": [ 1.5, 0.01, 0.0 ],
													"rotationY": -10.0,
													"faces": {
														"east": { "texture": "#skin", "uv": [ 21.5, 1.0, 22.0, 3.0 ], "rotation": 90 },
														"south": { "texture": "#skin", "uv": [ 21.0, 3.0, 21.5, 3.5 ], "windMode": [-1,-1,-1,-1] },
														"up": { "texture": "#skin", "uv": [ 21.0, 1.0, 21.5, 3.0 ], "windMode": [-1,-1,-1,-1] },
														"down": { "texture": "#skin", "uv": [ 22.0, 1.0, 22.5, 3.0 ], "windMode": [-1,-1,-1,-1] }
													}
												}
											]
										}
									]
								},
								{
									"name": "RBody",
									"from": [ 0.0, -0.41, 0.3 ],
									"to": [ 3.0, -0.01, 2.5 ],
									"unwrapMode": 6,
									"unwrapRotation": 1,
									"autoUnwrap": false,
									"uv": [ 6.5, 16.5 ],
									"rotationOrigin": [ 0.0, 0.0, 0.3 ],
									"rotationX": 180.0,
									"rotationY": -3.0,
									"faces": {
										"east": { "texture": "#skin", "uv": [ 6.5, 21.0, 8.5, 21.5 ], "rotation": 180 },
										"south": { "texture": "#skin", "uv": [ 8.5, 17.0, 9.0, 20.0 ], "rotation": 270, "windMode": [-1,-1,-1,-1] },
										"west": { "texture": "#skin", "uv": [ 4.5, 16.5, 6.5, 17.0 ], "windMode": [-1,-1,-1,-1] },
										"up": { "texture": "#skin", "uv": [ 9.5, 17.0, 11.5, 20.0 ], "rotation": 270, "windMode": [-1,-1,-1,-1] },
										"down": { "texture": "#skin", "uv": [ 6.0, 17.0, 8.0, 20.0 ], "rotation": 90, "windMode": [-1,-1,-1,-1] }
									},
									"children": [
										{
											"name": "RArm",
											"from": [ 0.0, 0.01, 1.5 ],
											"to": [ 0.5, 0.39, 3.5 ],
											"unwrapMode": 6,
											"uv": [ 23.5, 1.0 ],
											"rotationOrigin": [ 0.0, 0.39, 1.5 ],
											"rotationY": -30.0,
											"faces": {
												"east": { "texture": "#skin", "uv": [ 23.5, 1.0, 24.0, 3.0 ], "rotation": 90 },
												"south": { "texture": "#skin", "uv": [ 24.0, 3.0, 24.5, 3.5 ], "rotation": 180, "windMode": [-1,-1,-1,-1] },
												"west": { "texture": "#skin", "uv": [ 24.5, 1.0, 25.0, 3.0 ], "rotation": 270, "windMode": [-1,-1,-1,-1] },
												"up": { "texture": "#skin", "uv": [ 25.0, 1.0, 25.5, 3.0 ], "windMode": [-1,-1,-1,-1] },
												"down": { "texture": "#skin", "uv": [ 24.0, 1.0, 24.5, 3.0 ], "windMode": [-1,-1,-1,-1] }
											},
											"children": [
												{
													"name": "RArmLower",
													"from": [ 0.5, 0.01, 0.0 ],
													"to": [ 1.0, 0.37, 2.0 ],
													"unwrapMode": 5,
													"uv": [ 25.0, 1.0 ],
													"rotationOrigin": [ 1.5, 0.37, 0.0 ],
													"rotationY": -10.0,
													"faces": {
														"east": { "texture": "#skin", "uv": [ 25.5, 1.0, 26.0, 3.0 ], "rotation": 90, "windMode": [-1,-1,-1,-1] },
														"south": { "texture": "#skin", "uv": [ 25.0, 3.0, 25.5, 3.5 ], "windMode": [-1,-1,-1,-1] },
														"up": { "texture": "#skin", "uv": [ 25.0, 1.0, 25.5, 3.0 ], "windMode": [-1,-1,-1,-1] },
														"down": { "texture": "#skin", "uv": [ 26.0, 1.0, 26.5, 3.0 ], "windMode": [-1,-1,-1,-1] }
													}
												}
											]
										}
									]
								},
								{
									"name": "PeltAbdomen",
									"from": [ 2.7, 0.01, 0.0 ],
									"to": [ 5.2, 0.41, 3.0 ],
									"unwrapMode": 5,
									"unwrapRotation": 1,
									"autoUnwrap": false,
									"uv": [ 3.0, 11.0 ],
									"rotationOrigin": [ 2.7, 0.01, -0.05 ],
									"faces": {
										"north": { "texture": "#skin", "uv": [ 3.0, 25.0, 3.5, 27.5 ], "rotation": 270 },
										"east": { "texture": "#skin", "uv": [ 3.5, 27.5, 6.5, 28.0 ], "rotation": 180, "windMode": [-1,-1,-1,-1] },
										"south": { "texture": "#skin", "uv": [ 6.5, 25.0, 7.0, 27.5 ], "rotation": 90, "windMode": [-1,-1,-1,-1] },
										"up": { "texture": "#skin", "uv": [ 3.5, 25.0, 6.5, 27.5 ], "rotation": 90, "windMode": [-1,-1,-1,-1] },
										"down": { "texture": "#skin", "uv": [ 10.5, 25.0, 13.5, 27.5 ], "rotation": 270 }
									},
									"children": [
										{
											"name": "LAbdomen",
											"from": [ 0.0, 0.01, 2.8 ],
											"to": [ 2.5, 0.39, 5.0 ],
											"unwrapMode": 5,
											"unwrapRotation": 1,
											"autoUnwrap": false,
											"uv": [ 1.5, 24.5 ],
											"rotationOrigin": [ 0.0, 0.01, 2.8 ],
											"rotationY": -3.0,
											"faces": {
												"east": { "texture": "#skin", "uv": [ 3.5, 23.5, 5.5, 24.0 ], "rotation": 180 },
												"south": { "texture": "#skin", "uv": [ 1.0, 25.0, 1.5, 27.5 ], "rotation": 90, "windMode": [-1,-1,-1,-1] },
												"west": { "texture": "#skin", "uv": [ 3.5, 23.5, 5.5, 24.0 ] },
												"up": { "texture": "#skin", "uv": [ 2.0, 25.0, 4.0, 27.5 ], "rotation": 270, "windMode": [-1,-1,-1,-1] },
												"down": { "texture": "#skin", "uv": [ 11.0, 25.0, 13.0, 27.5 ], "rotation": 270, "windMode": [-1,-1,-1,-1] }
											},
											"children": [
												{
													"name": "LLeg",
													"from": [ 1.1, 0.01, 2.2 ],
													"to": [ 2.1, 0.37, 4.2 ],
													"unwrapMode": 5,
													"uv": [ 14.0, 16.5 ],
													"rotationOrigin": [ 1.1, 0.01, 2.2 ],
													"rotationY": 72.0,
													"faces": {
														"east": { "texture": "#skin", "uv": [ 15.5, 16.5, 16.0, 18.5 ], "rotation": 90 },
														"south": { "texture": "#skin", "uv": [ 14.5, 18.5, 15.5, 19.0 ], "windMode": [-1,-1,-1,-1] },
														"west": { "texture": "#skin", "uv": [ 14.0, 16.5, 14.5, 18.5 ], "rotation": 270, "windMode": [-1,-1,-1,-1] },
														"up": { "texture": "#skin", "uv": [ 14.5, 16.5, 15.5, 18.5 ], "windMode": [-1,-1,-1,-1] },
														"down": { "texture": "#skin", "uv": [ 16.0, 16.5, 17.0, 18.5 ], "windMode": [-1,-1,-1,-1] }
													},
													"children": [
														{
															"name": "LLegEnd",
															"from": [ 0.0, -0.01, 2.0 ],
															"to": [ 1.0, 0.37, 3.0 ],
															"unwrapMode": 5,
															"uv": [ 14.0, 22.5 ],
															"rotationOrigin": [ 1.0, -0.01, 2.0 ],
															"rotationY": -14.0,
															"faces": {
																"north": { "texture": "#skin", "uv": [ 14.5, 22.5, 15.5, 23.0 ], "rotation": 180 },
																"east": { "texture": "#skin", "uv": [ 15.5, 23.0, 16.0, 24.0 ], "rotation": 90, "windMode": [-1,-1,-1,-1] },
																"south": { "texture": "#skin", "uv": [ 14.5, 24.0, 15.5, 24.5 ], "windMode": [-1,-1,-1,-1] },
																"west": { "texture": "#skin", "uv": [ 14.0, 23.0, 14.5, 24.0 ], "rotation": 270, "windMode": [-1,-1,-1,-1] },
																"up": { "texture": "#skin", "uv": [ 14.5, 23.0, 15.5, 24.0 ], "windMode": [-1,-1,-1,-1] },
																"down": { "texture": "#skin", "uv": [ 16.0, 23.0, 17.0, 24.0 ], "windMode": [-1,-1,-1,-1] }
															}
														}
													]
												},
												{
													"name": "LLegLower",
													"from": [ 1.6, 0.02, -0.3 ],
													"to": [ 2.1, 0.36, 2.2 ],
													"unwrapMode": 5,
													"uv": [ 16.0, 16.5 ],
													"rotationOrigin": [ 2.1, 0.02, -0.3 ],
													"rotationY": 26.0,
													"faces": {
														"east": { "texture": "#skin", "uv": [ 16.5, 16.5, 17.0, 19.0 ], "rotation": 90 },
														"up": { "texture": "#skin", "uv": [ 16.0, 16.5, 16.5, 19.0 ], "windMode": [-1,-1,-1,-1] },
														"down": { "texture": "#skin", "uv": [ 17.0, 16.5, 17.5, 19.0 ], "windMode": [-1,-1,-1,-1] }
													}
												}
											]
										},
										{
											"name": "RAbdomen",
											"from": [ 0.0, -0.37, 0.2 ],
											"to": [ 2.5, 0.01, 2.4 ],
											"unwrapMode": 5,
											"unwrapRotation": 1,
											"autoUnwrap": false,
											"uv": [ 6.5, 24.5 ],
											"rotationOrigin": [ 0.0, 0.01, 0.2 ],
											"rotationX": 180.0,
											"rotationY": -3.0,
											"faces": {
												"east": { "texture": "#skin", "uv": [ 6.5, 23.5, 8.5, 24.0 ], "rotation": 180 },
												"south": { "texture": "#skin", "uv": [ 8.5, 25.0, 9.0, 27.5 ], "rotation": 90, "windMode": [-1,-1,-1,-1] },
												"west": { "texture": "#skin", "uv": [ 6.5, 23.5, 8.5, 24.0 ] },
												"up": { "texture": "#skin", "uv": [ 11.0, 25.0, 13.0, 27.5 ], "rotation": 90, "windMode": [-1,-1,-1,-1] },
												"down": { "texture": "#skin", "uv": [ 6.0, 25.0, 8.0, 27.5 ], "rotation": 90, "windMode": [-1,-1,-1,-1] }
											},
											"children": [
												{
													"name": "RLeg",
													"from": [ 1.1, 0.01, 2.2 ],
													"to": [ 2.1, 0.37, 4.2 ],
													"unwrapMode": 5,
													"uv": [ 21.5, 16.5 ],
													"rotationOrigin": [ 1.1, 0.37, 2.2 ],
													"rotationY": 72.0,
													"faces": {
														"east": { "texture": "#skin", "uv": [ 23.0, 16.5, 23.5, 18.5 ], "rotation": 90 },
														"south": { "texture": "#skin", "uv": [ 22.0, 18.5, 23.0, 19.0 ], "windMode": [-1,-1,-1,-1] },
														"west": { "texture": "#skin", "uv": [ 21.5, 16.5, 22.0, 18.5 ], "rotation": 270, "windMode": [-1,-1,-1,-1] },
														"up": { "texture": "#skin", "uv": [ 22.0, 16.5, 23.0, 18.5 ], "windMode": [-1,-1,-1,-1] },
														"down": { "texture": "#skin", "uv": [ 23.5, 16.5, 24.5, 18.5 ], "windMode": [-1,-1,-1,-1] }
													},
													"children": [
														{
															"name": "RLegEnd",
															"from": [ 0.0, -0.01, 2.0 ],
															"to": [ 1.0, 0.37, 3.0 ],
															"unwrapMode": 5,
															"uv": [ 21.0, 22.5 ],
															"rotationOrigin": [ 1.0, 0.38, 2.0 ],
															"rotationY": -14.0,
															"faces": {
																"north": { "texture": "#skin", "uv": [ 21.5, 22.5, 22.5, 23.0 ], "rotation": 180 },
																"east": { "texture": "#skin", "uv": [ 22.5, 23.0, 23.0, 24.0 ], "rotation": 90, "windMode": [-1,-1,-1,-1] },
																"south": { "texture": "#skin", "uv": [ 21.5, 24.0, 22.5, 24.5 ], "windMode": [-1,-1,-1,-1] },
																"west": { "texture": "#skin", "uv": [ 21.0, 23.0, 21.5, 24.0 ], "rotation": 270, "windMode": [-1,-1,-1,-1] },
																"up": { "texture": "#skin", "uv": [ 21.5, 23.0, 22.5, 24.0 ], "windMode": [-1,-1,-1,-1] },
																"down": { "texture": "#skin", "uv": [ 23.0, 23.0, 24.0, 24.0 ], "windMode": [-1,-1,-1,-1] }
															}
														}
													]
												},
												{
													"name": "RLegLower",
													"from": [ 1.6, 0.02, -0.3 ],
													"to": [ 2.1, 0.36, 2.2 ],
													"unwrapMode": 5,
													"uv": [ 23.5, 16.5 ],
													"rotationOrigin": [ 2.1, 0.36, -0.3 ],
													"rotationY": 26.0,
													"faces": {
														"east": { "texture": "#skin", "uv": [ 24.0, 16.5, 24.5, 19.0 ], "rotation": 90, "windMode": [-1,-1,-1,-1] },
														"up": { "texture": "#skin", "uv": [ 23.5, 16.5, 24.0, 19.0 ], "windMode": [-1,-1,-1,-1] },
														"down": { "texture": "#skin", "uv": [ 24.5, 16.5, 25.0, 19.0 ], "windMode": [-1,-1,-1,-1] }
													}
												}
											]
										},
										{
											"name": "PeltTail",
											"from": [ 2.5, 0.01, 1.2 ],
											"to": [ 3.0, 0.39, 1.8 ],
											"unwrapMode": 7,
											"uv": [ 8.0, 28.5 ],
											"rotationOrigin": [ 2.5, 0.01, 1.2 ],
											"faces": {
												"north": { "texture": "#skin", "uv": [ 9.0, 29.0, 9.5, 29.5 ] },
												"east": { "texture": "#skin", "uv": [ 8.5, 29.5, 9.0, 30.0 ], "rotation": 270, "windMode": [-1,-1,-1,-1] },
												"south": { "texture": "#skin", "uv": [ 8.0, 29.0, 8.5, 29.5 ], "rotation": 180, "windMode": [-1,-1,-1,-1] },
												"west": { "texture": "#skin", "uv": [ 8.5, 28.5, 9.0, 29.0 ], "rotation": 90, "windMode": [-1,-1,-1,-1] },
												"up": { "texture": "#skin", "uv": [ 8.5, 29.0, 9.0, 29.5 ], "rotation": 180, "windMode": [-1,-1,-1,-1] },
												"down": { "texture": "#skin", "uv": [ 9.5, 29.0, 10.0, 29.5 ], "windMode": [-1,-1,-1,-1] }
											},
											"children": [
												{
													"name": "PeltTailEnd",
													"from": [ 0.5, -0.01, -0.05 ],
													"to": [ 1.1, 0.38, 0.65 ],
													"unwrapMode": 7,
													"uv": [ 10.0, 28.5 ],
													"rotationOrigin": [ 0.5, -0.01, -0.05 ],
													"faces": {
														"north": { "texture": "#skin", "uv": [ 11.0, 29.0, 11.5, 29.5 ], "windMode": [-1,-1,-1,-1] },
														"east": { "texture": "#skin", "uv": [ 10.5, 29.5, 11.0, 30.0 ], "rotation": 270, "windMode": [-1,-1,-1,-1] },
														"south": { "texture": "#skin", "uv": [ 10.0, 29.0, 10.5, 29.5 ], "rotation": 180, "windMode": [-1,-1,-1,-1] },
														"west": { "texture": "#skin", "uv": [ 10.5, 28.5, 11.0, 29.0 ], "rotation": 90, "windMode": [-1,-1,-1,-1] },
														"up": { "texture": "#skin", "uv": [ 10.5, 29.0, 11.0, 29.5 ], "rotation": 180, "windMode": [-1,-1,-1,-1] },
														"down": { "texture": "#skin", "uv": [ 11.5, 29.0, 12.0, 29.5 ], "windMode": [-1,-1,-1,-1] }
													}
												}
											]
										}
									]
								},
								{
									"name": "LNeck",
									"from": [ -1.5, 0.02, 1.5 ],
									"to": [ 0.0, 0.4, 3.5 ],
									"unwrapMode": 5,
									"unwrapRotation": 1,
									"autoUnwrap": false,
									"uv": [ 2.5, 4.5 ],
									"rotationOrigin": [ 0.0, 0.02, 1.5 ],
									"rotationY": 22.0,
									"faces": {
										"north": { "texture": "#skin", "uv": [ 2.5, 4.5, 3.0, 6.0 ], "rotation": 270 },
										"south": { "texture": "#skin", "uv": [ 5.0, 4.5, 5.5, 6.0 ], "rotation": 90, "windMode": [-1,-1,-1,-1] },
										"west": { "texture": "#skin", "uv": [ 3.5, 5.5, 5.5, 6.0 ], "windMode": [-1,-1,-1,-1] },
										"up": { "texture": "#skin", "uv": [ 3.0, 4.5, 5.0, 6.0 ], "rotation": 270, "windMode": [-1,-1,-1,-1] },
										"down": { "texture": "#skin", "uv": [ 5.5, 2.5, 7.5, 4.0 ], "rotation": 270, "windMode": [-1,-1,-1,-1] }
									}
								},
								{
									"name": "RNeck",
									"from": [ -1.5, -0.36, 1.5 ],
									"to": [ 0.0, 0.02, 3.5 ],
									"unwrapMode": 6,
									"unwrapRotation": 1,
									"autoUnwrap": false,
									"uv": [ 3.5, 4.0 ],
									"rotationOrigin": [ 0.0, 0.02, 1.5 ],
									"rotationX": 180.0,
									"rotationY": 22.0,
									"faces": {
										"north": { "texture": "#skin", "uv": [ 3.5, 4.5, 4.0, 6.0 ], "rotation": 90 },
										"south": { "texture": "#skin", "uv": [ 6.0, 4.5, 6.5, 6.0 ], "rotation": 270, "windMode": [-1,-1,-1,-1] },
										"west": { "texture": "#skin", "uv": [ 4.0, 4.0, 6.0, 4.5 ], "windMode": [-1,-1,-1,-1] },
										"up": { "texture": "#skin", "uv": [ 5.5, 2.5, 7.5, 4.0 ], "rotation": 270, "windMode": [-1,-1,-1,-1] },
										"down": { "texture": "#skin", "uv": [ 4.0, 4.5, 6.0, 6.0 ], "rotation": 90, "windMode": [-1,-1,-1,-1] }
									}
								}
							]
						}
					]
				}
			]
		}
	]}