{
	"editor": {
		"allAngles": true,
		"entityTextureMode": true
	},
	"textureWidth": 40,
	"textureHeight": 48,
	"textureSizes": {
		"skin": [40,48]
	},
	"textures": {
	},
	"elements": [
		{
			"name": "Rotation Point",
			"from": [ 0.0, 0.0, 0.0 ],
			"to": [ 0.0, 0.0, 0.0 ],
			"uv": [ 0.0, 0.0 ],
			"faces": {
			},
			"children": [
				{
					"name": "Base",
					"from": [ 1.0, 0.0, 8.0 ],
					"to": [ 1.0, 0.0, 8.0 ],
					"uv": [ 0.0, 0.0 ],
					"rotationOrigin": [ 1.0, 0.0, 8.0 ],
					"faces": {
					},
					"children": [
						{
							"name": "PeltBody",
							"from": [ 0.0, 0.0, -2.0 ],
							"to": [ 4.0, 0.42, 2.0 ],
							"unwrapMode": 7,
							"unwrapRotation": 1,
							"autoUnwrap": false,
							"uv": [ 5.0, 21.0 ],
							"rotationOrigin": [ 0.0, 0.0, -2.0 ],
							"faces": {
								"north": { "texture": "#skin", "uv": [ 9.5, 21.5, 10.0, 25.5 ], "rotation": 90, "windMode": [-1,-1,-1,-1] },
								"east": { "texture": "#skin", "uv": [ 5.5, 27.0, 9.5, 27.5 ], "windMode": [-1,-1,-1,-1] },
								"south": { "texture": "#skin", "uv": [ 5.0, 21.5, 5.5, 25.5 ], "rotation": 270, "windMode": [-1,-1,-1,-1] },
								"west": { "texture": "#skin", "uv": [ 5.5, 21.0, 9.5, 21.5 ], "rotation": 180, "windMode": [-1,-1,-1,-1] },
								"up": { "texture": "#skin", "uv": [ 5.5, 21.5, 9.5, 25.5 ], "rotation": 270, "windMode": [-1,-1,-1,-1] },
								"down": { "texture": "#skin", "uv": [ 14.5, 21.5, 18.5, 25.5 ], "rotation": 90, "windMode": [-1,-1,-1,-1] }
							},
							"children": [
								{
									"name": "LBody",
									"from": [ 0.0, 0.01, 3.0 ],
									"to": [ 4.0, 0.41, 6.5 ],
									"unwrapMode": 7,
									"unwrapRotation": 1,
									"autoUnwrap": false,
									"uv": [ 21.0, 20.5 ],
									"rotationOrigin": [ 0.0, -0.01, 3.0 ],
									"rotationY": -3.0,
									"faces": {
										"east": { "texture": "#skin", "uv": [ 5.5, 27.0, 9.0, 27.5 ], "windMode": [-1,-1,-1,-1] },
										"south": { "texture": "#skin", "uv": [ 4.0, 21.5, 4.5, 25.5 ], "rotation": 270, "windMode": [-1,-1,-1,-1] },
										"west": { "texture": "#skin", "uv": [ 5.5, 21.0, 9.0, 21.5 ], "rotation": 180, "windMode": [-1,-1,-1,-1] },
										"up": { "texture": "#skin", "uv": [ 0.5, 21.5, 4.0, 25.5 ], "rotation": 270, "windMode": [-1,-1,-1,-1] },
										"down": { "texture": "#skin", "uv": [ 15.0, 21.5, 18.5, 25.5 ], "rotation": 90 }
									},
									"children": [
										{
											"name": "LArm",
											"from": [ 0.0, 0.01, 2.5 ],
											"to": [ 1.0, 0.39, 5.5 ],
											"unwrapMode": 5,
											"uv": [ 26.0, 8.5 ],
											"rotationOrigin": [ 0.0, 0.01, 2.5 ],
											"rotationY": -30.0,
											"faces": {
												"east": { "texture": "#skin", "uv": [ 27.5, 8.5, 28.0, 11.5 ], "rotation": 90, "windMode": [-1,-1,-1,-1] },
												"south": { "texture": "#skin", "uv": [ 26.5, 11.5, 27.5, 12.0 ], "windMode": [-1,-1,-1,-1] },
												"west": { "texture": "#skin", "uv": [ 26.0, 8.5, 26.5, 11.5 ], "rotation": 270, "windMode": [-1,-1,-1,-1] },
												"up": { "texture": "#skin", "uv": [ 26.5, 8.5, 27.5, 11.5 ], "windMode": [-1,-1,-1,-1] },
												"down": { "texture": "#skin", "uv": [ 28.0, 8.5, 29.0, 11.5 ], "windMode": [-1,-1,-1,-1] }
											},
											"children": [
												{
													"name": "LArmLower",
													"from": [ 1.0, 0.01, 0.0 ],
													"to": [ 2.0, 0.37, 3.0 ],
													"unwrapMode": 5,
													"uv": [ 28.0, 8.5 ],
													"rotationOrigin": [ 2.0, 0.01, 0.0 ],
													"rotationY": -10.0,
													"faces": {
														"east": { "texture": "#skin", "uv": [ 29.0, 8.5, 29.5, 11.5 ], "rotation": 90, "windMode": [-1,-1,-1,-1] },
														"south": { "texture": "#skin", "uv": [ 28.0, 11.5, 29.0, 12.0 ], "windMode": [-1,-1,-1,-1] },
														"up": { "texture": "#skin", "uv": [ 28.0, 8.5, 29.0, 11.5 ], "windMode": [-1,-1,-1,-1] },
														"down": { "texture": "#skin", "uv": [ 29.5, 8.5, 30.5, 11.5 ], "windMode": [-1,-1,-1,-1] }
													}
												}
											]
										}
									]
								},
								{
									"name": "RBody",
									"from": [ 0.0, -0.41, 1.0 ],
									"to": [ 4.0, -0.01, 4.5 ],
									"unwrapMode": 7,
									"unwrapRotation": 1,
									"autoUnwrap": false,
									"uv": [ 14.5, 21.0 ],
									"rotationOrigin": [ 0.0, 0.0, 1.0 ],
									"rotationX": 180.0,
									"rotationY": -3.0,
									"faces": {
										"east": { "texture": "#skin", "uv": [ 15.0, 27.0, 18.5, 27.5 ], "windMode": [-1,-1,-1,-1] },
										"south": { "texture": "#skin", "uv": [ 13.0, 21.5, 13.5, 25.5 ], "rotation": 270, "windMode": [-1,-1,-1,-1] },
										"west": { "texture": "#skin", "uv": [ 5.5, 21.0, 9.0, 21.5 ], "rotation": 180, "windMode": [-1,-1,-1,-1] },
										"up": { "texture": "#skin", "uv": [ 15.0, 21.5, 18.5, 25.5 ], "rotation": 270, "windMode": [-1,-1,-1,-1] },
										"down": { "texture": "#skin", "uv": [ 9.5, 21.5, 13.0, 25.5 ], "rotation": 90, "windMode": [-1,-1,-1,-1] }
									},
									"children": [
										{
											"name": "RArm",
											"from": [ 0.0, 0.01, 2.5 ],
											"to": [ 1.0, 0.39, 5.5 ],
											"unwrapMode": 6,
											"uv": [ 33.5, 8.5 ],
											"rotationOrigin": [ 0.0, 0.39, 2.5 ],
											"rotationY": -30.0,
											"faces": {
												"east": { "texture": "#skin", "uv": [ 33.5, 8.5, 34.0, 11.5 ], "rotation": 90 },
												"south": { "texture": "#skin", "uv": [ 34.0, 11.5, 35.0, 12.0 ], "rotation": 180, "windMode": [-1,-1,-1,-1] },
												"west": { "texture": "#skin", "uv": [ 35.0, 8.5, 35.5, 11.5 ], "rotation": 270, "windMode": [-1,-1,-1,-1] },
												"up": { "texture": "#skin", "uv": [ 35.5, 8.5, 36.5, 11.5 ], "windMode": [-1,-1,-1,-1] },
												"down": { "texture": "#skin", "uv": [ 34.0, 8.5, 35.0, 11.5 ], "windMode": [-1,-1,-1,-1] }
											},
											"children": [
												{
													"name": "RArmLower",
													"from": [ 1.0, 0.01, 0.0 ],
													"to": [ 2.0, 0.37, 3.0 ],
													"unwrapMode": 5,
													"uv": [ 35.5, 8.5 ],
													"rotationOrigin": [ 2.0, 0.37, 0.0 ],
													"rotationY": -10.0,
													"faces": {
														"east": { "texture": "#skin", "uv": [ 36.5, 8.5, 37.0, 11.5 ], "rotation": 90, "windMode": [-1,-1,-1,-1] },
														"south": { "texture": "#skin", "uv": [ 35.5, 11.5, 36.5, 12.0 ], "windMode": [-1,-1,-1,-1] },
														"up": { "texture": "#skin", "uv": [ 35.5, 8.5, 36.5, 11.5 ], "windMode": [-1,-1,-1,-1] },
														"down": { "texture": "#skin", "uv": [ 37.0, 8.5, 38.0, 11.5 ], "windMode": [-1,-1,-1,-1] }
													}
												}
											]
										}
									]
								},
								{
									"name": "PeltAbdomen",
									"from": [ 4.0, 0.01, -0.05 ],
									"to": [ 8.0, 0.41, 4.05 ],
									"unwrapMode": 7,
									"unwrapRotation": 1,
									"autoUnwrap": false,
									"uv": [ 5.0, 32.0 ],
									"rotationOrigin": [ 4.0, 0.01, -0.05 ],
									"faces": {
										"north": { "texture": "#skin", "uv": [ 9.5, 32.0, 10.0, 36.0 ], "rotation": 90, "windMode": [-1,-1,-1,-1] },
										"east": { "texture": "#skin", "uv": [ 5.5, 36.0, 9.5, 36.5 ], "windMode": [-1,-1,-1,-1] },
										"south": { "texture": "#skin", "uv": [ 5.0, 32.0, 5.5, 36.0 ], "rotation": 270, "windMode": [-1,-1,-1,-1] },
										"up": { "texture": "#skin", "uv": [ 5.5, 32.0, 9.5, 36.0 ], "rotation": 270, "windMode": [-1,-1,-1,-1] },
										"down": { "texture": "#skin", "uv": [ 14.5, 32.0, 18.5, 36.0 ], "rotation": 90 }
									},
									"children": [
										{
											"name": "LAbdomen",
											"from": [ 0.0, 0.01, 3.3 ],
											"to": [ 4.0, 0.39, 6.8 ],
											"unwrapMode": 7,
											"unwrapRotation": 1,
											"autoUnwrap": false,
											"uv": [ 20.5, 33.0 ],
											"rotationOrigin": [ 0.0, 0.01, 3.3 ],
											"rotationY": -3.0,
											"faces": {
												"east": { "texture": "#skin", "uv": [ 5.5, 36.0, 9.0, 36.5 ], "windMode": [-1,-1,-1,-1] },
												"south": { "texture": "#skin", "uv": [ 1.0, 32.0, 1.5, 36.0 ], "rotation": 270, "windMode": [-1,-1,-1,-1] },
												"west": { "texture": "#skin", "uv": [ 5.5, 30.0, 9.0, 30.5 ], "rotation": 180, "windMode": [-1,-1,-1,-1] },
												"up": { "texture": "#skin", "uv": [ 1.5, 32.0, 5.0, 36.0 ], "rotation": 270, "windMode": [-1,-1,-1,-1] },
												"down": { "texture": "#skin", "uv": [ 15.0, 32.0, 18.5, 36.0 ], "rotation": 90, "windMode": [-1,-1,-1,-1] }
											},
											"children": [
												{
													"name": "LLeg",
													"from": [ 1.2, 0.01, 3.5 ],
													"to": [ 3.2, 0.37, 7.5 ],
													"unwrapMode": 5,
													"uv": [ 20.5, 25.5 ],
													"rotationOrigin": [ 1.2, 0.01, 3.5 ],
													"rotationY": 72.0,
													"faces": {
														"east": { "texture": "#skin", "uv": [ 23.0, 25.5, 23.5, 29.5 ], "rotation": 90, "windMode": [-1,-1,-1,-1] },
														"south": { "texture": "#skin", "uv": [ 21.0, 29.5, 23.0, 30.0 ], "windMode": [-1,-1,-1,-1] },
														"west": { "texture": "#skin", "uv": [ 20.5, 25.5, 21.0, 29.5 ], "rotation": 270, "windMode": [-1,-1,-1,-1] },
														"up": { "texture": "#skin", "uv": [ 21.0, 25.5, 23.0, 29.5 ], "windMode": [-1,-1,-1,-1] },
														"down": { "texture": "#skin", "uv": [ 23.5, 25.5, 25.5, 29.5 ], "windMode": [-1,-1,-1,-1] }
													},
													"children": [
														{
															"name": "LLegEnd",
															"from": [ 0.0, -0.01, 3.5 ],
															"to": [ 2.0, 0.37, 5.5 ],
															"unwrapMode": 5,
															"unwrapRotation": 1,
															"uv": [ 20.5, 32.5 ],
															"rotationOrigin": [ 1.0, -0.01, 3.5 ],
															"rotationY": -14.0,
															"faces": {
																"north": { "texture": "#skin", "uv": [ 20.5, 33.0, 21.0, 35.0 ], "rotation": 270, "windMode": [-1,-1,-1,-1] },
																"east": { "texture": "#skin", "uv": [ 21.0, 32.5, 23.0, 33.0 ], "rotation": 180, "windMode": [-1,-1,-1,-1] },
																"south": { "texture": "#skin", "uv": [ 23.0, 33.0, 23.5, 35.0 ], "rotation": 90, "windMode": [-1,-1,-1,-1] },
																"west": { "texture": "#skin", "uv": [ 21.0, 35.0, 23.0, 35.5 ], "windMode": [-1,-1,-1,-1] },
																"up": { "texture": "#skin", "uv": [ 21.0, 33.0, 23.0, 35.0 ], "rotation": 90, "windMode": [-1,-1,-1,-1] },
																"down": { "texture": "#skin", "uv": [ 23.5, 33.0, 25.5, 35.0 ], "rotation": 270, "windMode": [-1,-1,-1,-1] }
															}
														}
													]
												},
												{
													"name": "LLegLower",
													"from": [ 2.5, 0.02, 0.0 ],
													"to": [ 4.0, 0.36, 3.5 ],
													"unwrapMode": 5,
													"uv": [ 22.5, 26.0 ],
													"rotationOrigin": [ 4.0, 0.02, 0.0 ],
													"rotationY": 26.0,
													"faces": {
														"east": { "texture": "#skin", "uv": [ 24.0, 26.0, 24.5, 29.5 ], "rotation": 90, "windMode": [-1,-1,-1,-1] },
														"up": { "texture": "#skin", "uv": [ 22.5, 26.0, 24.0, 29.5 ], "windMode": [-1,-1,-1,-1] },
														"down": { "texture": "#skin", "uv": [ 24.5, 26.0, 26.0, 29.5 ], "windMode": [-1,-1,-1,-1] }
													}
												}
											]
										},
										{
											"name": "RAbdomen",
											"from": [ 0.0, -0.37, 0.8 ],
											"to": [ 4.0, 0.01, 4.3 ],
											"unwrapMode": 7,
											"unwrapRotation": 1,
											"autoUnwrap": false,
											"uv": [ 19.5, 32.0 ],
											"rotationOrigin": [ 0.0, 0.01, 0.8 ],
											"rotationX": 180.0,
											"rotationY": -3.0,
											"faces": {
												"east": { "texture": "#skin", "uv": [ 6.0, 36.0, 9.5, 36.5 ], "windMode": [-1,-1,-1,-1] },
												"south": { "texture": "#skin", "uv": [ 13.5, 32.0, 14.0, 36.0 ], "rotation": 270, "windMode": [-1,-1,-1,-1] },
												"west": { "texture": "#skin", "uv": [ 6.0, 30.0, 9.5, 30.5 ], "rotation": 180, "windMode": [-1,-1,-1,-1] },
												"up": { "texture": "#skin", "uv": [ 15.0, 32.0, 18.5, 36.0 ], "rotation": 270, "windMode": [-1,-1,-1,-1] },
												"down": { "texture": "#skin", "uv": [ 10.0, 32.0, 13.5, 36.0 ], "rotation": 90, "windMode": [-1,-1,-1,-1] }
											},
											"children": [
												{
													"name": "RLeg",
													"from": [ 1.0, 0.01, 3.5 ],
													"to": [ 3.0, 0.37, 7.5 ],
													"unwrapMode": 5,
													"uv": [ 31.0, 25.5 ],
													"rotationOrigin": [ 1.0, 0.37, 3.5 ],
													"rotationY": 72.0,
													"faces": {
														"east": { "texture": "#skin", "uv": [ 33.5, 25.5, 34.0, 29.5 ], "rotation": 90, "windMode": [-1,-1,-1,-1] },
														"south": { "texture": "#skin", "uv": [ 31.5, 29.5, 33.5, 30.0 ], "windMode": [-1,-1,-1,-1] },
														"west": { "texture": "#skin", "uv": [ 31.0, 25.5, 31.5, 29.5 ], "rotation": 270, "windMode": [-1,-1,-1,-1] },
														"up": { "texture": "#skin", "uv": [ 31.5, 25.5, 33.5, 29.5 ], "windMode": [-1,-1,-1,-1] },
														"down": { "texture": "#skin", "uv": [ 34.0, 25.5, 36.0, 29.5 ], "windMode": [-1,-1,-1,-1] }
													},
													"children": [
														{
															"name": "RLegEnd",
															"from": [ 0.0, -0.01, 3.5 ],
															"to": [ 2.0, 0.37, 5.5 ],
															"unwrapMode": 5,
															"unwrapRotation": 1,
															"uv": [ 31.0, 32.5 ],
															"rotationOrigin": [ 1.0, 0.38, 3.5 ],
															"rotationY": -14.0,
															"faces": {
																"north": { "texture": "#skin", "uv": [ 31.0, 33.0, 31.5, 35.0 ], "rotation": 270, "windMode": [-1,-1,-1,-1] },
																"east": { "texture": "#skin", "uv": [ 31.5, 32.5, 33.5, 33.0 ], "rotation": 180, "windMode": [-1,-1,-1,-1] },
																"south": { "texture": "#skin", "uv": [ 33.5, 33.0, 34.0, 35.0 ], "rotation": 90, "windMode": [-1,-1,-1,-1] },
																"west": { "texture": "#skin", "uv": [ 31.5, 35.0, 33.5, 35.5 ], "windMode": [-1,-1,-1,-1] },
																"up": { "texture": "#skin", "uv": [ 31.5, 33.0, 33.5, 35.0 ], "rotation": 90, "windMode": [-1,-1,-1,-1] },
																"down": { "texture": "#skin", "uv": [ 34.0, 33.0, 36.0, 35.0 ], "rotation": 270, "windMode": [-1,-1,-1,-1] }
															}
														}
													]
												},
												{
													"name": "RLegLower",
													"from": [ 2.5, 0.02, 0.0 ],
													"to": [ 4.0, 0.36, 3.5 ],
													"unwrapMode": 5,
													"uv": [ 33.0, 26.0 ],
													"rotationOrigin": [ 4.0, 0.36, 0.0 ],
													"rotationY": 26.0,
													"faces": {
														"east": { "texture": "#skin", "uv": [ 34.5, 26.0, 35.0, 29.5 ], "rotation": 90, "windMode": [-1,-1,-1,-1] },
														"up": { "texture": "#skin", "uv": [ 33.0, 26.0, 34.5, 29.5 ], "windMode": [-1,-1,-1,-1] },
														"down": { "texture": "#skin", "uv": [ 35.0, 26.0, 36.5, 29.5 ], "windMode": [-1,-1,-1,-1] }
													}
												}
											]
										},
										{
											"name": "PeltTail",
											"from": [ 4.0, 0.01, 1.65 ],
											"to": [ 4.8, 0.39, 2.55 ],
											"unwrapMode": 1,
											"uv": [ 11.0, 38.0 ],
											"rotationOrigin": [ 4.0, 0.01, 1.65 ],
											"faces": {
												"north": { "texture": "#skin", "uv": [ 11.5, 38.5, 12.0, 39.0 ], "windMode": [-1,-1,-1,-1] },
												"east": { "texture": "#skin", "uv": [ 11.0, 38.5, 11.5, 39.0 ], "windMode": [-1,-1,-1,-1] },
												"south": { "texture": "#skin", "uv": [ 12.5, 38.5, 13.0, 39.0 ], "windMode": [-1,-1,-1,-1] },
												"west": { "texture": "#skin", "uv": [ 12.0, 38.5, 12.5, 39.0 ], "windMode": [-1,-1,-1,-1] },
												"up": { "texture": "#skin", "uv": [ 11.5, 38.0, 12.0, 38.5 ], "rotation": 180, "windMode": [-1,-1,-1,-1] },
												"down": { "texture": "#skin", "uv": [ 11.5, 39.0, 12.0, 39.5 ], "windMode": [-1,-1,-1,-1] }
											},
											"children": [
												{
													"name": "PeltTailEnd",
													"from": [ 0.8, -0.01, 0.1 ],
													"to": [ 1.6, 0.38, 0.9 ],
													"unwrapMode": 1,
													"uv": [ 14.5, 38.0 ],
													"rotationOrigin": [ 0.8, -0.01, 0.1 ],
													"faces": {
														"north": { "texture": "#skin", "uv": [ 15.0, 38.5, 15.5, 39.0 ] },
														"east": { "texture": "#skin", "uv": [ 14.5, 38.5, 15.0, 39.0 ], "windMode": [-1,-1,-1,-1] },
														"south": { "texture": "#skin", "uv": [ 16.0, 38.5, 16.5, 39.0 ], "windMode": [-1,-1,-1,-1] },
														"west": { "texture": "#skin", "uv": [ 15.5, 38.5, 16.0, 39.0 ], "windMode": [-1,-1,-1,-1] },
														"up": { "texture": "#skin", "uv": [ 15.0, 38.0, 15.5, 38.5 ], "rotation": 180, "windMode": [-1,-1,-1,-1] },
														"down": { "texture": "#skin", "uv": [ 15.0, 39.0, 15.5, 39.5 ], "windMode": [-1,-1,-1,-1] }
													}
												}
											]
										}
									]
								},
								{
									"name": "LNeck",
									"from": [ -2.0, 0.02, 2.0 ],
									"to": [ 0.0, 0.4, 5.0 ],
									"unwrapMode": 5,
									"uv": [ 5.0, 11.5 ],
									"rotationOrigin": [ 0.0, 0.02, 2.0 ],
									"rotationY": 22.0,
									"faces": {
										"north": { "texture": "#skin", "uv": [ 5.5, 11.5, 7.5, 11.88 ], "rotation": 180, "snapUv": false },
										"south": { "texture": "#skin", "uv": [ 5.5, 15.0, 7.5, 15.38 ], "snapUv": false, "windMode": [-1,-1,-1,-1] },
										"west": { "texture": "#skin", "uv": [ 5.0, 12.0, 5.38, 15.0 ], "rotation": 270, "snapUv": false, "windMode": [-1,-1,-1,-1] },
										"up": { "texture": "#skin", "uv": [ 5.5, 12.0, 7.5, 15.0 ], "snapUv": false, "windMode": [-1,-1,-1,-1] },
										"down": { "texture": "#skin", "uv": [ 7.5, 12.0, 9.5, 15.0 ], "snapUv": false, "windMode": [-1,-1,-1,-1] }
									}
								},
								{
									"name": "RNeck",
									"from": [ -2.0, -0.36, 2.0 ],
									"to": [ 0.0, 0.02, 5.0 ],
									"unwrapMode": 6,
									"uv": [ 8.0, 11.5 ],
									"rotationOrigin": [ 0.0, 0.02, 2.0 ],
									"rotationX": 180.0,
									"rotationY": 22.0,
									"faces": {
										"north": { "texture": "#skin", "uv": [ 8.0, 11.5, 10.0, 12.0 ] },
										"south": { "texture": "#skin", "uv": [ 8.0, 15.0, 10.0, 15.5 ], "rotation": 180, "windMode": [-1,-1,-1,-1] },
										"west": { "texture": "#skin", "uv": [ 10.0, 12.0, 10.5, 15.0 ], "rotation": 270, "windMode": [-1,-1,-1,-1] },
										"up": { "texture": "#skin", "uv": [ 10.5, 12.0, 12.5, 15.0 ], "windMode": [-1,-1,-1,-1] },
										"down": { "texture": "#skin", "uv": [ 8.0, 12.0, 10.0, 15.0 ], "windMode": [-1,-1,-1,-1] }
									}
								}
							]
						}
					]
				}
			]
		}
	]}