{
	"textures": {
		"almondmushroom": "game:block/plant/mushroom/almondmushroom/almondmushroom",
		"mycelium2": "game:block/plant/mushroom/mycelium2"
	},
	"elements": [
		{
			"name": "origin",
			"from": [ 8.0, 0.0, 8.0 ], 
			"to": [ 8.0, 0.0, 8.0 ], 
			"rotationOrigin": [ 8.0, 0.0, 8.0 ],
			"faces": {
				"north": { "texture": "#null", "uv": [ 0.0, 0.0, 0.5, 0.5 ], "enabled": false },
				"east": { "texture": "#null", "uv": [ 0.0, 0.0, 0.5, 0.5 ], "enabled": false },
				"south": { "texture": "#null", "uv": [ 0.0, 0.0, 0.5, 0.5 ], "enabled": false },
				"west": { "texture": "#null", "uv": [ 0.0, 0.0, 0.5, 0.5 ], "enabled": false },
				"up": { "texture": "#null", "uv": [ 0.0, 0.0, 0.5, 0.5 ], "enabled": false },
				"down": { "texture": "#null", "uv": [ 0.0, 0.0, 0.5, 0.5 ], "enabled": false }
			},
			"children": [
				{
					"name": "med",
					"from": [ 1.0, -0.4, -3.0 ], 
					"to": [ 2.5, 1.6, -1.5 ], 
					"rotationOrigin": [ 1.8, -0.4, -2.3 ],
					"rotationX": -10.0,
					"rotationY": 14.0,
					"rotationZ": -14.0,
					"faces": {
						"north": { "texture": "#almondmushroom", "uv": [ 1.0, 9.0, 2.5, 11.0 ] },
						"east": { "texture": "#almondmushroom", "uv": [ 0.0, 8.5, 1.5, 10.5 ] },
						"south": { "texture": "#almondmushroom", "uv": [ 0.0, 9.0, 1.5, 11.0 ] },
						"west": { "texture": "#almondmushroom", "uv": [ 1.0, 9.0, 2.5, 11.0 ] },
						"up": { "texture": "#almondmushroom", "uv": [ 11.0, 0.0, 12.5, 1.5 ], "enabled": false },
						"down": { "texture": "#almondmushroom", "uv": [ 0.5, 13.0, 2.0, 14.5 ] }
					},
					"children": [
						{
							"name": "cap7",
							"from": [ -0.5, 1.6, -0.5 ], 
							"to": [ 2.0, 3.6, 2.0 ], 
							"rotationOrigin": [ 0.8, 1.6, 0.8 ],
							"rotationX": 14.0,
							"rotationZ": 14.0,
							"faces": {
								"north": { "texture": "#almondmushroom", "uv": [ 12.5, 5.5, 15.0, 7.5 ] },
								"east": { "texture": "#almondmushroom", "uv": [ 10.0, 4.5, 12.5, 6.5 ] },
								"south": { "texture": "#almondmushroom", "uv": [ 10.5, 5.0, 13.0, 7.0 ] },
								"west": { "texture": "#almondmushroom", "uv": [ 8.0, 5.0, 10.5, 7.0 ] },
								"up": { "texture": "#almondmushroom", "uv": [ 10.5, 2.0, 13.0, 4.5 ] },
								"down": { "texture": "#almondmushroom", "uv": [ 10.0, 10.5, 12.5, 13.0 ] }
							},
							"children": [
								{
									"name": "captop8",
									"from": [ 0.5, 2.0, 0.5 ], 
									"to": [ 2.1, 2.5, 2.1 ], 
									"rotationOrigin": [ 0.5, 1.9, 0.5 ],
									"faces": {
										"north": { "texture": "#almondmushroom", "uv": [ 11.5, 4.5, 13.0, 5.0 ] },
										"east": { "texture": "#almondmushroom", "uv": [ 10.5, 5.5, 12.0, 6.0 ] },
										"south": { "texture": "#almondmushroom", "uv": [ 11.0, 6.0, 12.5, 6.5 ] },
										"west": { "texture": "#almondmushroom", "uv": [ 11.0, 5.0, 12.5, 5.5 ] },
										"up": { "texture": "#almondmushroom", "uv": [ 11.0, 2.0, 12.5, 3.5 ] },
										"down": { "texture": "#almondmushroom", "uv": [ 7.0, 12.0, 8.5, 13.5 ], "enabled": false }
									}
								}
							]
						},
						{
							"name": "frill9",
							"from": [ -0.2, 1.0, -0.2 ], 
							"to": [ 1.8, 1.0, 1.8 ], 
							"rotationOrigin": [ 0.8, 1.0, 0.8 ],
							"faces": {
								"north": { "texture": "#almondmushroom", "uv": [ 0.0, 0.0, 2.0, 0.5 ], "enabled": false },
								"east": { "texture": "#almondmushroom", "uv": [ 0.0, 0.0, 2.0, 0.5 ], "enabled": false },
								"south": { "texture": "#almondmushroom", "uv": [ 0.0, 0.0, 2.0, 0.5 ], "enabled": false },
								"west": { "texture": "#almondmushroom", "uv": [ 0.0, 0.0, 2.0, 0.5 ], "enabled": false },
								"up": { "texture": "#almondmushroom", "uv": [ 0.0, 0.0, 2.0, 2.0 ] },
								"down": { "texture": "#almondmushroom", "uv": [ 0.0, 0.0, 2.0, 2.0 ], "enabled": false }
							}
						}
					]
				},
				{
					"name": "small",
					"from": [ -1.0, -0.2, -5.0 ], 
					"to": [ 0.0, 0.8, -4.0 ], 
					"rotationOrigin": [ -0.5, -0.2, -4.6 ],
					"rotationY": -33.0,
					"rotationZ": -28.0,
					"faces": {
						"north": { "texture": "#almondmushroom", "uv": [ 1.0, 9.0, 2.0, 10.0 ] },
						"east": { "texture": "#almondmushroom", "uv": [ 0.0, 8.5, 1.0, 9.5 ] },
						"south": { "texture": "#almondmushroom", "uv": [ 0.0, 9.0, 1.0, 10.0 ] },
						"west": { "texture": "#almondmushroom", "uv": [ 1.0, 9.0, 2.0, 10.0 ] },
						"up": { "texture": "#almondmushroom", "uv": [ 11.0, 0.0, 12.0, 1.0 ], "enabled": false },
						"down": { "texture": "#almondmushroom", "uv": [ 1.0, 11.5, 2.0, 12.5 ] }
					},
					"children": [
						{
							"name": "cap11",
							"from": [ -0.5, 0.7, -0.5 ], 
							"to": [ 1.5, 2.2, 1.5 ], 
							"rotationOrigin": [ 0.5, 0.7, 0.5 ],
							"rotationZ": 19.0,
							"faces": {
								"north": { "texture": "#almondmushroom", "uv": [ 12.5, 5.5, 14.5, 7.0 ] },
								"east": { "texture": "#almondmushroom", "uv": [ 10.0, 4.5, 12.0, 6.0 ] },
								"south": { "texture": "#almondmushroom", "uv": [ 10.5, 5.0, 12.5, 6.5 ] },
								"west": { "texture": "#almondmushroom", "uv": [ 8.0, 5.0, 10.0, 6.5 ] },
								"up": { "texture": "#almondmushroom", "uv": [ 10.5, 2.0, 12.5, 4.0 ] },
								"down": { "texture": "#almondmushroom", "uv": [ 10.0, 10.5, 12.0, 12.5 ] }
							}
						}
					]
				},
				{
					"name": "small12",
					"from": [ -1.0, -0.1, -1.0 ], 
					"to": [ 0.0, 0.9, 0.0 ], 
					"rotationOrigin": [ -0.5, -0.1, -0.6 ],
					"rotationX": 5.0,
					"rotationY": 19.0,
					"faces": {
						"north": { "texture": "#almondmushroom", "uv": [ 1.0, 9.0, 2.0, 10.0 ] },
						"east": { "texture": "#almondmushroom", "uv": [ 0.0, 8.5, 1.0, 9.5 ] },
						"south": { "texture": "#almondmushroom", "uv": [ 0.0, 9.0, 1.0, 10.0 ] },
						"west": { "texture": "#almondmushroom", "uv": [ 1.0, 9.0, 2.0, 10.0 ] },
						"up": { "texture": "#almondmushroom", "uv": [ 11.0, 0.0, 12.0, 1.0 ], "enabled": false },
						"down": { "texture": "#almondmushroom", "uv": [ 0.5, 13.0, 1.5, 14.0 ] }
					},
					"children": [
						{
							"name": "cap13",
							"from": [ -0.3, 0.9, -0.3 ], 
							"to": [ 1.3, 2.9, 1.3 ], 
							"rotationOrigin": [ 0.5, 0.9, 0.5 ],
							"rotationX": -6.0,
							"rotationY": -6.0,
							"faces": {
								"north": { "texture": "#almondmushroom", "uv": [ 12.5, 5.5, 14.0, 7.5 ] },
								"east": { "texture": "#almondmushroom", "uv": [ 10.0, 4.5, 11.5, 6.5 ] },
								"south": { "texture": "#almondmushroom", "uv": [ 10.5, 5.0, 12.0, 7.0 ] },
								"west": { "texture": "#almondmushroom", "uv": [ 8.0, 5.0, 9.5, 7.0 ] },
								"up": { "texture": "#almondmushroom", "uv": [ 10.5, 2.0, 12.0, 3.5 ] },
								"down": { "texture": "#almondmushroom", "uv": [ 10.0, 10.5, 11.5, 12.0 ] }
							}
						}
					]
				},
				{
					"name": "big",
					"from": [ 2.3, -0.2, 0.3 ], 
					"to": [ 3.7, 1.8, 1.7 ], 
					"rotationOrigin": [ 3.0, -0.2, 1.0 ],
					"rotationY": -14.0,
					"rotationZ": -6.0,
					"faces": {
						"north": { "texture": "#almondmushroom", "uv": [ 2.0, 10.5, 3.0, 12.5 ] },
						"east": { "texture": "#almondmushroom", "uv": [ 1.0, 10.5, 2.0, 12.5 ] },
						"south": { "texture": "#almondmushroom", "uv": [ 0.5, 10.5, 1.5, 12.5 ] },
						"west": { "texture": "#almondmushroom", "uv": [ 1.5, 11.5, 2.5, 13.5 ] },
						"up": { "texture": "#almondmushroom", "uv": [ 1.5, 9.0, 2.5, 10.0 ], "enabled": false },
						"down": { "texture": "#almondmushroom", "uv": [ 1.0, 12.5, 2.0, 13.5 ] }
					},
					"children": [
						{
							"name": "stem",
							"from": [ 0.0, 1.7, 0.0 ], 
							"to": [ 1.4, 3.2, 1.4 ], 
							"rotationOrigin": [ 0.7, 1.7, 0.7 ],
							"rotationX": 1.0,
							"rotationZ": 14.0,
							"faces": {
								"north": { "texture": "#almondmushroom", "uv": [ 1.0, 9.0, 2.0, 10.5 ] },
								"east": { "texture": "#almondmushroom", "uv": [ 1.5, 9.5, 2.5, 11.0 ] },
								"south": { "texture": "#almondmushroom", "uv": [ 1.0, 8.0, 2.0, 9.5 ] },
								"west": { "texture": "#almondmushroom", "uv": [ 2.5, 10.0, 3.5, 11.5 ] },
								"up": { "texture": "#almondmushroom", "uv": [ 0.0, 0.0, 1.0, 1.0 ], "enabled": false },
								"down": { "texture": "#almondmushroom", "uv": [ 0.0, 0.0, 1.0, 1.0 ], "enabled": false }
							},
							"children": [
								{
									"name": "cap",
									"from": [ -1.3, 1.4, -1.3 ], 
									"to": [ 2.7, 2.4, 2.7 ], 
									"rotationOrigin": [ 0.7, 1.4, 0.7 ],
									"rotationX": -14.0,
									"rotationY": 14.0,
									"faces": {
										"north": { "texture": "#almondmushroom", "uv": [ 10.5, 4.0, 14.5, 5.0 ] },
										"east": { "texture": "#almondmushroom", "uv": [ 9.5, 2.5, 13.5, 3.5 ] },
										"south": { "texture": "#almondmushroom", "uv": [ 8.5, 2.0, 12.5, 3.0 ] },
										"west": { "texture": "#almondmushroom", "uv": [ 10.5, 4.0, 14.5, 5.0 ] },
										"up": { "texture": "#almondmushroom", "uv": [ 9.0, 1.5, 13.0, 5.5 ] },
										"down": { "texture": "#almondmushroom", "uv": [ 9.5, 11.0, 13.5, 15.0 ] }
									}
								},
								{
									"name": "frill",
									"from": [ -0.2, 0.3, -0.2 ], 
									"to": [ 1.6, 0.3, 1.6 ], 
									"rotationOrigin": [ 0.7, 0.3, 0.7 ],
									"faces": {
										"north": { "texture": "#almondmushroom", "uv": [ 0.0, 0.0, 1.5, 0.5 ], "enabled": false },
										"east": { "texture": "#almondmushroom", "uv": [ 0.0, 0.0, 1.5, 0.5 ], "enabled": false },
										"south": { "texture": "#almondmushroom", "uv": [ 0.0, 0.0, 1.5, 0.5 ], "enabled": false },
										"west": { "texture": "#almondmushroom", "uv": [ 0.0, 0.0, 1.5, 0.5 ], "enabled": false },
										"up": { "texture": "#almondmushroom", "uv": [ 5.0, 4.5, 6.5, 6.0 ] },
										"down": { "texture": "#almondmushroom", "uv": [ 0.0, 0.0, 1.5, 1.5 ], "enabled": false }
									}
								}
							]
						}
					]
				},
				{
					"name": "big18",
					"from": [ -3.7, -0.4, -2.7 ], 
					"to": [ -2.3, 1.6, -1.3 ], 
					"rotationOrigin": [ -3.0, -0.4, -2.0 ],
					"rotationX": -22.0,
					"rotationY": 8.0,
					"rotationZ": -6.0,
					"faces": {
						"north": { "texture": "#almondmushroom", "uv": [ 2.0, 10.5, 3.0, 12.5 ] },
						"east": { "texture": "#almondmushroom", "uv": [ 1.0, 10.5, 2.0, 12.5 ] },
						"south": { "texture": "#almondmushroom", "uv": [ 0.5, 10.5, 1.5, 12.5 ] },
						"west": { "texture": "#almondmushroom", "uv": [ 1.5, 11.5, 2.5, 13.5 ] },
						"up": { "texture": "#almondmushroom", "uv": [ 1.5, 9.0, 2.5, 10.0 ], "enabled": false },
						"down": { "texture": "#almondmushroom", "uv": [ 1.0, 12.5, 2.0, 13.5 ] }
					},
					"children": [
						{
							"name": "stem19",
							"from": [ 0.0, 1.8, 0.0 ], 
							"to": [ 1.4, 4.3, 1.4 ], 
							"rotationOrigin": [ 0.7, 1.8, 0.7 ],
							"rotationX": 2.0,
							"rotationZ": 14.0,
							"faces": {
								"north": { "texture": "#almondmushroom", "uv": [ 1.5, 7.5, 2.5, 10.0 ] },
								"east": { "texture": "#almondmushroom", "uv": [ 1.5, 9.5, 2.5, 12.0 ] },
								"south": { "texture": "#almondmushroom", "uv": [ 1.0, 8.5, 2.0, 11.0 ] },
								"west": { "texture": "#almondmushroom", "uv": [ 1.5, 6.5, 2.5, 9.0 ] },
								"up": { "texture": "#almondmushroom", "uv": [ 0.0, 0.0, 1.0, 1.0 ], "enabled": false },
								"down": { "texture": "#almondmushroom", "uv": [ 0.0, 0.0, 1.0, 1.0 ], "enabled": false }
							},
							"children": [
								{
									"name": "cap20",
									"from": [ -1.3, 2.2, -1.3 ], 
									"to": [ 2.7, 3.2, 2.7 ], 
									"rotationOrigin": [ 0.7, 2.2, 0.7 ],
									"rotationX": 19.0,
									"rotationZ": -14.0,
									"faces": {
										"north": { "texture": "#almondmushroom", "uv": [ 10.5, 4.0, 14.5, 5.0 ], "enabled": false },
										"east": { "texture": "#almondmushroom", "uv": [ 9.5, 2.5, 13.5, 3.5 ], "enabled": false },
										"south": { "texture": "#almondmushroom", "uv": [ 8.5, 2.0, 12.5, 3.0 ], "enabled": false },
										"west": { "texture": "#almondmushroom", "uv": [ 10.5, 4.0, 14.5, 5.0 ], "enabled": false },
										"up": { "texture": "#almondmushroom", "uv": [ 10.0, 3.0, 14.0, 7.0 ] },
										"down": { "texture": "#almondmushroom", "uv": [ 9.5, 11.0, 13.5, 15.0 ] }
									},
									"children": [
										{
											"name": "Cube1",
											"from": [ 0.0, 0.0, 4.0 ], 
											"to": [ 4.0, 1.0, 5.0 ], 
											"rotationOrigin": [ 2.0, 1.0, 4.0 ],
											"rotationX": 22.0,
											"faces": {
												"north": { "texture": "#almondmushroom", "uv": [ 0.0, 0.0, 4.0, 1.0 ], "enabled": false },
												"east": { "texture": "#almondmushroom", "uv": [ 9.0, 6.5, 10.0, 7.5 ] },
												"south": { "texture": "#almondmushroom", "uv": [ 8.0, 1.5, 12.0, 2.5 ] },
												"west": { "texture": "#almondmushroom", "uv": [ 13.5, 4.0, 14.5, 5.0 ] },
												"up": { "texture": "#almondmushroom", "uv": [ 10.0, 0.5, 14.0, 1.5 ] },
												"down": { "texture": "#almondmushroom", "uv": [ 10.5, 10.5, 14.5, 11.5 ] }
											}
										},
										{
											"name": "Cube23",
											"from": [ 0.0, 0.0, -1.0 ], 
											"to": [ 4.0, 1.0, 0.0 ], 
											"rotationOrigin": [ 2.0, 1.0, 0.0 ],
											"rotationX": -36.0,
											"faces": {
												"north": { "texture": "#almondmushroom", "uv": [ 10.5, 4.5, 14.5, 5.5 ] },
												"east": { "texture": "#almondmushroom", "uv": [ 9.0, 6.5, 10.0, 7.5 ] },
												"south": { "texture": "#almondmushroom", "uv": [ 8.0, 1.5, 12.0, 2.5 ], "enabled": false },
												"west": { "texture": "#almondmushroom", "uv": [ 13.5, 4.0, 14.5, 5.0 ] },
												"up": { "texture": "#almondmushroom", "uv": [ 10.0, 0.5, 14.0, 1.5 ] },
												"down": { "texture": "#almondmushroom", "uv": [ 10.5, 10.5, 14.5, 11.5 ] }
											}
										},
										{
											"name": "Cube24",
											"from": [ 4.0, 0.0, 0.0 ], 
											"to": [ 5.0, 1.0, 4.0 ], 
											"rotationOrigin": [ 4.0, 1.0, 2.0 ],
											"rotationZ": -36.0,
											"faces": {
												"north": { "texture": "#almondmushroom", "uv": [ 11.5, 5.0, 12.5, 6.0 ] },
												"east": { "texture": "#almondmushroom", "uv": [ 10.0, 2.5, 14.0, 3.5 ] },
												"south": { "texture": "#almondmushroom", "uv": [ 12.5, 3.0, 13.5, 4.0 ] },
												"west": { "texture": "#almondmushroom", "uv": [ 10.5, 3.0, 14.5, 4.0 ], "enabled": false },
												"up": { "texture": "#almondmushroom", "uv": [ 11.0, 3.0, 12.0, 7.0 ] },
												"down": { "texture": "#almondmushroom", "uv": [ 11.5, 10.0, 12.5, 14.0 ] }
											}
										},
										{
											"name": "Cube25",
											"from": [ -1.0, 0.0, 0.0 ], 
											"to": [ 0.0, 1.0, 4.0 ], 
											"rotationOrigin": [ 0.0, 1.0, 2.0 ],
											"rotationZ": 22.0,
											"faces": {
												"north": { "texture": "#almondmushroom", "uv": [ 11.5, 5.0, 12.5, 6.0 ] },
												"east": { "texture": "#almondmushroom", "uv": [ 10.0, 2.5, 14.0, 3.5 ], "enabled": false },
												"south": { "texture": "#almondmushroom", "uv": [ 12.5, 3.0, 13.5, 4.0 ] },
												"west": { "texture": "#almondmushroom", "uv": [ 10.5, 3.0, 14.5, 4.0 ] },
												"up": { "texture": "#almondmushroom", "uv": [ 11.0, 3.0, 12.0, 7.0 ] },
												"down": { "texture": "#almondmushroom", "uv": [ 11.5, 10.0, 12.5, 14.0 ] }
											}
										}
									]
								},
								{
									"name": "frill21",
									"from": [ -0.2, 0.3, -0.2 ], 
									"to": [ 1.6, 0.3, 1.6 ], 
									"rotationOrigin": [ 0.7, 0.3, 0.7 ],
									"faces": {
										"north": { "texture": "#almondmushroom", "uv": [ 0.0, 0.0, 1.5, 0.5 ], "enabled": false },
										"east": { "texture": "#almondmushroom", "uv": [ 0.0, 0.0, 1.5, 0.5 ], "enabled": false },
										"south": { "texture": "#almondmushroom", "uv": [ 0.0, 0.0, 1.5, 0.5 ], "enabled": false },
										"west": { "texture": "#almondmushroom", "uv": [ 0.0, 0.0, 1.5, 0.5 ], "enabled": false },
										"up": { "texture": "#almondmushroom", "uv": [ 5.0, 4.5, 6.5, 6.0 ] },
										"down": { "texture": "#almondmushroom", "uv": [ 0.0, 0.0, 1.5, 1.5 ], "enabled": false }
									}
								}
							]
						}
					]
				},
				{
					"name": "big26",
					"from": [ -2.7, -0.3, 2.3 ], 
					"to": [ -1.3, 1.7, 3.7 ], 
					"rotationOrigin": [ -2.0, -0.3, 3.0 ],
					"rotationX": 14.0,
					"rotationZ": -6.0,
					"faces": {
						"north": { "texture": "#almondmushroom", "uv": [ 2.0, 10.5, 3.0, 12.5 ] },
						"east": { "texture": "#almondmushroom", "uv": [ 1.0, 10.5, 2.0, 12.5 ] },
						"south": { "texture": "#almondmushroom", "uv": [ 0.5, 10.5, 1.5, 12.5 ] },
						"west": { "texture": "#almondmushroom", "uv": [ 1.5, 11.5, 2.5, 13.5 ] },
						"up": { "texture": "#almondmushroom", "uv": [ 1.5, 9.0, 2.5, 10.0 ], "enabled": false },
						"down": { "texture": "#almondmushroom", "uv": [ 1.0, 12.5, 2.0, 13.5 ] }
					},
					"children": [
						{
							"name": "stem27",
							"from": [ 0.0, 1.6, 0.0 ], 
							"to": [ 1.4, 3.1, 1.4 ], 
							"rotationOrigin": [ 0.7, 1.6, 0.7 ],
							"rotationX": -19.0,
							"rotationZ": -8.0,
							"faces": {
								"north": { "texture": "#almondmushroom", "uv": [ 1.0, 9.0, 2.0, 10.5 ] },
								"east": { "texture": "#almondmushroom", "uv": [ 1.5, 9.5, 2.5, 11.0 ] },
								"south": { "texture": "#almondmushroom", "uv": [ 1.0, 8.0, 2.0, 9.5 ] },
								"west": { "texture": "#almondmushroom", "uv": [ 2.0, 9.0, 3.0, 10.5 ] },
								"up": { "texture": "#almondmushroom", "uv": [ 0.0, 0.0, 1.0, 1.0 ], "enabled": false },
								"down": { "texture": "#almondmushroom", "uv": [ 0.0, 0.0, 1.0, 1.0 ], "enabled": false }
							},
							"children": [
								{
									"name": "cap28",
									"from": [ -1.3, 1.5, -1.3 ], 
									"to": [ 2.7, 2.5, 2.7 ], 
									"rotationOrigin": [ 0.7, 1.5, 0.7 ],
									"rotationY": -14.0,
									"rotationZ": 14.0,
									"faces": {
										"north": { "texture": "#almondmushroom", "uv": [ 10.5, 4.0, 14.5, 5.0 ] },
										"east": { "texture": "#almondmushroom", "uv": [ 9.5, 2.5, 13.5, 3.5 ] },
										"south": { "texture": "#almondmushroom", "uv": [ 8.5, 2.0, 12.5, 3.0 ] },
										"west": { "texture": "#almondmushroom", "uv": [ 10.5, 4.0, 14.5, 5.0 ] },
										"up": { "texture": "#almondmushroom", "uv": [ 10.5, 2.5, 14.5, 6.5 ] },
										"down": { "texture": "#almondmushroom", "uv": [ 9.5, 11.0, 13.5, 15.0 ] }
									}
								},
								{
									"name": "frill29",
									"from": [ -0.2, 0.3, -0.2 ], 
									"to": [ 1.6, 0.3, 1.6 ], 
									"rotationOrigin": [ 0.7, 0.3, 0.7 ],
									"faces": {
										"north": { "texture": "#almondmushroom", "uv": [ 0.0, 0.0, 1.5, 0.5 ], "enabled": false },
										"east": { "texture": "#almondmushroom", "uv": [ 0.0, 0.0, 1.5, 0.5 ], "enabled": false },
										"south": { "texture": "#almondmushroom", "uv": [ 0.0, 0.0, 1.5, 0.5 ], "enabled": false },
										"west": { "texture": "#almondmushroom", "uv": [ 0.0, 0.0, 1.5, 0.5 ], "enabled": false },
										"up": { "texture": "#almondmushroom", "uv": [ 5.0, 4.5, 6.5, 6.0 ] },
										"down": { "texture": "#almondmushroom", "uv": [ 0.0, 0.0, 1.5, 1.5 ], "enabled": false }
									}
								}
							]
						}
					]
				},
				{
					"name": "voxel",
					"from": [ 0.0, 0.0, 2.0 ], 
					"to": [ 1.0, 1.0, 3.0 ], 
					"rotationOrigin": [ 0.5, 0.0, 2.5 ],
					"rotationY": -25.0,
					"faces": {
						"north": { "texture": "#almondmushroom", "uv": [ 9.5, 2.5, 10.5, 3.5 ] },
						"east": { "texture": "#almondmushroom", "uv": [ 8.0, 5.5, 9.0, 6.5 ] },
						"south": { "texture": "#almondmushroom", "uv": [ 8.0, 4.0, 9.0, 5.0 ] },
						"west": { "texture": "#almondmushroom", "uv": [ 10.5, 2.5, 11.5, 3.5 ] },
						"up": { "texture": "#almondmushroom", "uv": [ 10.5, 4.0, 11.5, 5.0 ] },
						"down": { "texture": "#almondmushroom", "uv": [ 10.0, 9.5, 11.0, 10.5 ] }
					}
				},
				{
					"name": "voxel33",
					"from": [ -4.7, 0.0, 0.0 ], 
					"to": [ -3.7, 1.0, 1.0 ], 
					"rotationOrigin": [ -4.2, 0.0, 0.5 ],
					"rotationY": -6.0,
					"faces": {
						"north": { "texture": "#almondmushroom", "uv": [ 9.5, 2.5, 10.5, 3.5 ] },
						"east": { "texture": "#almondmushroom", "uv": [ 8.0, 5.5, 9.0, 6.5 ] },
						"south": { "texture": "#almondmushroom", "uv": [ 8.0, 4.0, 9.0, 5.0 ] },
						"west": { "texture": "#almondmushroom", "uv": [ 10.5, 2.5, 11.5, 3.5 ] },
						"up": { "texture": "#almondmushroom", "uv": [ 10.5, 4.0, 11.5, 5.0 ] },
						"down": { "texture": "#almondmushroom", "uv": [ 10.0, 9.5, 11.0, 10.5 ] }
					}
				},
				{
					"name": "voxel34",
					"from": [ 3.7, 0.0, -2.0 ], 
					"to": [ 4.7, 1.0, -1.0 ], 
					"rotationOrigin": [ 4.2, 0.0, -1.5 ],
					"rotationY": -42.0,
					"faces": {
						"north": { "texture": "#almondmushroom", "uv": [ 9.5, 2.5, 10.5, 3.5 ] },
						"east": { "texture": "#almondmushroom", "uv": [ 8.0, 5.5, 9.0, 6.5 ] },
						"south": { "texture": "#almondmushroom", "uv": [ 8.0, 4.0, 9.0, 5.0 ] },
						"west": { "texture": "#almondmushroom", "uv": [ 10.5, 2.5, 11.5, 3.5 ] },
						"up": { "texture": "#almondmushroom", "uv": [ 10.5, 4.0, 11.5, 5.0 ] },
						"down": { "texture": "#almondmushroom", "uv": [ 10.0, 9.5, 11.0, 10.5 ] }
					}
				},
				{
					"name": "mycelium",
					"from": [ -5.0, 0.1, -5.0 ], 
					"to": [ 5.0, 0.1, 5.0 ], 
					"renderPass": 3,
					"rotationOrigin": [ 0.0, 0.1, 0.0 ],
					"faces": {
						"north": { "texture": "#almondmushroom", "uv": [ 0.0, 0.0, 10.0, 0.5 ], "enabled": false },
						"east": { "texture": "#almondmushroom", "uv": [ 0.0, 0.0, 10.0, 0.5 ], "enabled": false },
						"south": { "texture": "#almondmushroom", "uv": [ 0.0, 0.0, 10.0, 0.5 ], "enabled": false },
						"west": { "texture": "#almondmushroom", "uv": [ 0.0, 0.0, 10.0, 0.5 ], "enabled": false },
						"up": { "texture": "#mycelium2", "uv": [ 3.0, 3.0, 13.0, 13.0 ] },
						"down": { "texture": "#almondmushroom", "uv": [ 0.0, 0.0, 10.0, 10.0 ], "enabled": false }
					}
				}
			]
		},
		{
			"name": "origin30",
			"from": [ 24.0, 0.0, 8.0 ], 
			"to": [ 24.0, 0.0, 8.0 ], 
			"rotationOrigin": [ 24.0, 0.0, 8.0 ],
			"rotationY": -180.0,
			"faces": {
				"north": { "texture": "#null", "uv": [ 0.0, 0.0, 0.5, 0.5 ], "enabled": false },
				"east": { "texture": "#null", "uv": [ 0.0, 0.0, 0.5, 0.5 ], "enabled": false },
				"south": { "texture": "#null", "uv": [ 0.0, 0.0, 0.5, 0.5 ], "enabled": false },
				"west": { "texture": "#null", "uv": [ 0.0, 0.0, 0.5, 0.5 ], "enabled": false },
				"up": { "texture": "#null", "uv": [ 0.0, 0.0, 0.5, 0.5 ], "enabled": false },
				"down": { "texture": "#null", "uv": [ 0.0, 0.0, 0.5, 0.5 ], "enabled": false }
			},
			"children": [
				{
					"name": "med31",
					"from": [ 1.0, -0.4, -3.0 ], 
					"to": [ 2.5, 1.6, -1.5 ], 
					"rotationOrigin": [ 1.8, -0.4, -2.3 ],
					"rotationX": -10.0,
					"rotationY": 14.0,
					"rotationZ": -14.0,
					"faces": {
						"north": { "texture": "#almondmushroom", "uv": [ 1.0, 9.0, 2.5, 11.0 ] },
						"east": { "texture": "#almondmushroom", "uv": [ 0.0, 8.5, 1.5, 10.5 ] },
						"south": { "texture": "#almondmushroom", "uv": [ 0.0, 9.0, 1.5, 11.0 ] },
						"west": { "texture": "#almondmushroom", "uv": [ 1.0, 9.0, 2.5, 11.0 ] },
						"up": { "texture": "#almondmushroom", "uv": [ 11.0, 0.0, 12.5, 1.5 ], "enabled": false },
						"down": { "texture": "#almondmushroom", "uv": [ 0.5, 13.0, 2.0, 14.5 ] }
					},
					"children": [
						{
							"name": "cap32",
							"from": [ -0.5, 1.6, -0.5 ], 
							"to": [ 2.0, 3.6, 2.0 ], 
							"rotationOrigin": [ 0.8, 1.6, 0.8 ],
							"rotationX": 14.0,
							"rotationZ": 14.0,
							"faces": {
								"north": { "texture": "#almondmushroom", "uv": [ 12.5, 5.5, 15.0, 7.5 ] },
								"east": { "texture": "#almondmushroom", "uv": [ 10.0, 4.5, 12.5, 6.5 ] },
								"south": { "texture": "#almondmushroom", "uv": [ 10.5, 5.0, 13.0, 7.0 ] },
								"west": { "texture": "#almondmushroom", "uv": [ 8.0, 5.0, 10.5, 7.0 ] },
								"up": { "texture": "#almondmushroom", "uv": [ 10.5, 2.0, 13.0, 4.5 ] },
								"down": { "texture": "#almondmushroom", "uv": [ 10.0, 10.5, 12.5, 13.0 ] }
							},
							"children": [
								{
									"name": "captop33",
									"from": [ 0.5, 2.0, 0.5 ], 
									"to": [ 2.1, 2.5, 2.1 ], 
									"rotationOrigin": [ 0.5, 1.9, 0.5 ],
									"faces": {
										"north": { "texture": "#almondmushroom", "uv": [ 11.5, 4.5, 13.0, 5.0 ] },
										"east": { "texture": "#almondmushroom", "uv": [ 10.5, 5.5, 12.0, 6.0 ] },
										"south": { "texture": "#almondmushroom", "uv": [ 11.0, 6.0, 12.5, 6.5 ] },
										"west": { "texture": "#almondmushroom", "uv": [ 11.0, 5.0, 12.5, 5.5 ] },
										"up": { "texture": "#almondmushroom", "uv": [ 11.0, 2.0, 12.5, 3.5 ] },
										"down": { "texture": "#almondmushroom", "uv": [ 7.0, 12.0, 8.5, 13.5 ], "enabled": false }
									}
								}
							]
						},
						{
							"name": "frill34",
							"from": [ -0.2, 1.0, -0.2 ], 
							"to": [ 1.8, 1.0, 1.8 ], 
							"rotationOrigin": [ 0.8, 1.0, 0.8 ],
							"faces": {
								"north": { "texture": "#almondmushroom", "uv": [ 0.0, 0.0, 2.0, 0.5 ], "enabled": false },
								"east": { "texture": "#almondmushroom", "uv": [ 0.0, 0.0, 2.0, 0.5 ], "enabled": false },
								"south": { "texture": "#almondmushroom", "uv": [ 0.0, 0.0, 2.0, 0.5 ], "enabled": false },
								"west": { "texture": "#almondmushroom", "uv": [ 0.0, 0.0, 2.0, 0.5 ], "enabled": false },
								"up": { "texture": "#almondmushroom", "uv": [ 0.0, 0.0, 2.0, 2.0 ] },
								"down": { "texture": "#almondmushroom", "uv": [ 0.0, 0.0, 2.0, 2.0 ], "enabled": false }
							}
						}
					]
				},
				{
					"name": "small35",
					"from": [ -1.0, -0.2, -5.0 ], 
					"to": [ 0.0, 0.8, -4.0 ], 
					"rotationOrigin": [ -0.5, -0.2, -4.6 ],
					"rotationY": -33.0,
					"rotationZ": -28.0,
					"faces": {
						"north": { "texture": "#almondmushroom", "uv": [ 1.0, 9.0, 2.0, 10.0 ] },
						"east": { "texture": "#almondmushroom", "uv": [ 0.0, 8.5, 1.0, 9.5 ] },
						"south": { "texture": "#almondmushroom", "uv": [ 0.0, 9.0, 1.0, 10.0 ] },
						"west": { "texture": "#almondmushroom", "uv": [ 1.0, 9.0, 2.0, 10.0 ] },
						"up": { "texture": "#almondmushroom", "uv": [ 11.0, 0.0, 12.0, 1.0 ], "enabled": false },
						"down": { "texture": "#almondmushroom", "uv": [ 1.0, 11.5, 2.0, 12.5 ] }
					},
					"children": [
						{
							"name": "cap36",
							"from": [ -0.5, 0.7, -0.5 ], 
							"to": [ 1.5, 2.2, 1.5 ], 
							"rotationOrigin": [ 0.5, 0.7, 0.5 ],
							"rotationZ": 19.0,
							"faces": {
								"north": { "texture": "#almondmushroom", "uv": [ 12.5, 5.5, 14.5, 7.0 ] },
								"east": { "texture": "#almondmushroom", "uv": [ 10.0, 4.5, 12.0, 6.0 ] },
								"south": { "texture": "#almondmushroom", "uv": [ 10.5, 5.0, 12.5, 6.5 ] },
								"west": { "texture": "#almondmushroom", "uv": [ 8.0, 5.0, 10.0, 6.5 ] },
								"up": { "texture": "#almondmushroom", "uv": [ 10.5, 2.0, 12.5, 4.0 ] },
								"down": { "texture": "#almondmushroom", "uv": [ 10.0, 10.5, 12.0, 12.5 ] }
							}
						}
					]
				},
				{
					"name": "small37",
					"from": [ -1.0, -0.1, -1.0 ], 
					"to": [ 0.0, 0.9, 0.0 ], 
					"rotationOrigin": [ -0.5, -0.1, -0.6 ],
					"rotationX": 5.0,
					"rotationY": 19.0,
					"faces": {
						"north": { "texture": "#almondmushroom", "uv": [ 1.0, 9.0, 2.0, 10.0 ] },
						"east": { "texture": "#almondmushroom", "uv": [ 0.0, 8.5, 1.0, 9.5 ] },
						"south": { "texture": "#almondmushroom", "uv": [ 0.0, 9.0, 1.0, 10.0 ] },
						"west": { "texture": "#almondmushroom", "uv": [ 1.0, 9.0, 2.0, 10.0 ] },
						"up": { "texture": "#almondmushroom", "uv": [ 11.0, 0.0, 12.0, 1.0 ], "enabled": false },
						"down": { "texture": "#almondmushroom", "uv": [ 0.5, 13.0, 1.5, 14.0 ] }
					},
					"children": [
						{
							"name": "cap38",
							"from": [ -0.3, 0.9, -0.3 ], 
							"to": [ 1.3, 2.9, 1.3 ], 
							"rotationOrigin": [ 0.5, 0.9, 0.5 ],
							"rotationX": -6.0,
							"rotationY": -6.0,
							"faces": {
								"north": { "texture": "#almondmushroom", "uv": [ 12.5, 5.5, 14.0, 7.5 ] },
								"east": { "texture": "#almondmushroom", "uv": [ 10.0, 4.5, 11.5, 6.5 ] },
								"south": { "texture": "#almondmushroom", "uv": [ 10.5, 5.0, 12.0, 7.0 ] },
								"west": { "texture": "#almondmushroom", "uv": [ 8.0, 5.0, 9.5, 7.0 ] },
								"up": { "texture": "#almondmushroom", "uv": [ 10.5, 2.0, 12.0, 3.5 ] },
								"down": { "texture": "#almondmushroom", "uv": [ 10.0, 10.5, 11.5, 12.0 ] }
							}
						}
					]
				},
				{
					"name": "big39",
					"from": [ 2.3, -0.2, 0.3 ], 
					"to": [ 3.7, 1.8, 1.7 ], 
					"rotationOrigin": [ 3.0, -0.2, 1.0 ],
					"rotationY": -14.0,
					"rotationZ": -6.0,
					"faces": {
						"north": { "texture": "#almondmushroom", "uv": [ 2.0, 10.5, 3.0, 12.5 ] },
						"east": { "texture": "#almondmushroom", "uv": [ 1.0, 10.5, 2.0, 12.5 ] },
						"south": { "texture": "#almondmushroom", "uv": [ 0.5, 10.5, 1.5, 12.5 ] },
						"west": { "texture": "#almondmushroom", "uv": [ 1.5, 11.5, 2.5, 13.5 ] },
						"up": { "texture": "#almondmushroom", "uv": [ 1.5, 9.0, 2.5, 10.0 ], "enabled": false },
						"down": { "texture": "#almondmushroom", "uv": [ 1.0, 12.5, 2.0, 13.5 ] }
					},
					"children": [
						{
							"name": "stem40",
							"from": [ 0.0, 1.7, 0.0 ], 
							"to": [ 1.4, 3.2, 1.4 ], 
							"rotationOrigin": [ 0.7, 1.7, 0.7 ],
							"rotationX": 1.0,
							"rotationZ": 14.0,
							"faces": {
								"north": { "texture": "#almondmushroom", "uv": [ 1.0, 9.0, 2.0, 10.5 ] },
								"east": { "texture": "#almondmushroom", "uv": [ 1.5, 9.5, 2.5, 11.0 ] },
								"south": { "texture": "#almondmushroom", "uv": [ 1.0, 8.0, 2.0, 9.5 ] },
								"west": { "texture": "#almondmushroom", "uv": [ 2.5, 10.0, 3.5, 11.5 ] },
								"up": { "texture": "#almondmushroom", "uv": [ 0.0, 0.0, 1.0, 1.0 ], "enabled": false },
								"down": { "texture": "#almondmushroom", "uv": [ 0.0, 0.0, 1.0, 1.0 ], "enabled": false }
							},
							"children": [
								{
									"name": "cap41",
									"from": [ -1.3, 1.4, -1.3 ], 
									"to": [ 2.7, 2.4, 2.7 ], 
									"rotationOrigin": [ 0.7, 1.4, 0.7 ],
									"rotationX": -14.0,
									"rotationY": 14.0,
									"faces": {
										"north": { "texture": "#almondmushroom", "uv": [ 10.5, 4.0, 14.5, 5.0 ] },
										"east": { "texture": "#almondmushroom", "uv": [ 9.5, 2.5, 13.5, 3.5 ] },
										"south": { "texture": "#almondmushroom", "uv": [ 8.5, 2.0, 12.5, 3.0 ] },
										"west": { "texture": "#almondmushroom", "uv": [ 10.5, 4.0, 14.5, 5.0 ] },
										"up": { "texture": "#almondmushroom", "uv": [ 9.0, 1.5, 13.0, 5.5 ] },
										"down": { "texture": "#almondmushroom", "uv": [ 9.5, 11.0, 13.5, 15.0 ] }
									}
								},
								{
									"name": "frill42",
									"from": [ -0.2, 0.3, -0.2 ], 
									"to": [ 1.6, 0.3, 1.6 ], 
									"rotationOrigin": [ 0.7, 0.3, 0.7 ],
									"faces": {
										"north": { "texture": "#almondmushroom", "uv": [ 0.0, 0.0, 1.5, 0.5 ], "enabled": false },
										"east": { "texture": "#almondmushroom", "uv": [ 0.0, 0.0, 1.5, 0.5 ], "enabled": false },
										"south": { "texture": "#almondmushroom", "uv": [ 0.0, 0.0, 1.5, 0.5 ], "enabled": false },
										"west": { "texture": "#almondmushroom", "uv": [ 0.0, 0.0, 1.5, 0.5 ], "enabled": false },
										"up": { "texture": "#almondmushroom", "uv": [ 5.0, 4.5, 6.5, 6.0 ] },
										"down": { "texture": "#almondmushroom", "uv": [ 0.0, 0.0, 1.5, 1.5 ], "enabled": false }
									}
								}
							]
						}
					]
				},
				{
					"name": "big43",
					"from": [ -3.7, -0.4, -2.7 ], 
					"to": [ -2.3, 1.6, -1.3 ], 
					"rotationOrigin": [ -3.0, -0.4, -2.0 ],
					"rotationX": -22.0,
					"rotationY": 8.0,
					"rotationZ": -6.0,
					"faces": {
						"north": { "texture": "#almondmushroom", "uv": [ 2.0, 10.5, 3.0, 12.5 ] },
						"east": { "texture": "#almondmushroom", "uv": [ 1.0, 10.5, 2.0, 12.5 ] },
						"south": { "texture": "#almondmushroom", "uv": [ 0.5, 10.5, 1.5, 12.5 ] },
						"west": { "texture": "#almondmushroom", "uv": [ 1.5, 11.5, 2.5, 13.5 ] },
						"up": { "texture": "#almondmushroom", "uv": [ 1.5, 9.0, 2.5, 10.0 ], "enabled": false },
						"down": { "texture": "#almondmushroom", "uv": [ 1.0, 12.5, 2.0, 13.5 ] }
					},
					"children": [
						{
							"name": "stem44",
							"from": [ 0.0, 1.8, 0.0 ], 
							"to": [ 1.4, 4.3, 1.4 ], 
							"rotationOrigin": [ 0.7, 1.8, 0.7 ],
							"rotationX": 2.0,
							"rotationZ": 14.0,
							"faces": {
								"north": { "texture": "#almondmushroom", "uv": [ 1.5, 7.5, 2.5, 10.0 ] },
								"east": { "texture": "#almondmushroom", "uv": [ 1.5, 9.5, 2.5, 12.0 ] },
								"south": { "texture": "#almondmushroom", "uv": [ 1.0, 8.5, 2.0, 11.0 ] },
								"west": { "texture": "#almondmushroom", "uv": [ 1.5, 6.5, 2.5, 9.0 ] },
								"up": { "texture": "#almondmushroom", "uv": [ 0.0, 0.0, 1.0, 1.0 ], "enabled": false },
								"down": { "texture": "#almondmushroom", "uv": [ 0.0, 0.0, 1.0, 1.0 ], "enabled": false }
							},
							"children": [
								{
									"name": "cap45",
									"from": [ -1.3, 2.2, -1.3 ], 
									"to": [ 2.7, 3.2, 2.7 ], 
									"rotationOrigin": [ 0.7, 2.2, 0.7 ],
									"rotationX": 19.0,
									"rotationZ": -14.0,
									"faces": {
										"north": { "texture": "#almondmushroom", "uv": [ 10.5, 4.0, 14.5, 5.0 ], "enabled": false },
										"east": { "texture": "#almondmushroom", "uv": [ 9.5, 2.5, 13.5, 3.5 ], "enabled": false },
										"south": { "texture": "#almondmushroom", "uv": [ 8.5, 2.0, 12.5, 3.0 ], "enabled": false },
										"west": { "texture": "#almondmushroom", "uv": [ 10.5, 4.0, 14.5, 5.0 ], "enabled": false },
										"up": { "texture": "#almondmushroom", "uv": [ 10.0, 3.0, 14.0, 7.0 ] },
										"down": { "texture": "#almondmushroom", "uv": [ 9.5, 11.0, 13.5, 15.0 ] }
									},
									"children": [
										{
											"name": "Cube46",
											"from": [ 0.0, 0.0, 4.0 ], 
											"to": [ 4.0, 1.0, 5.0 ], 
											"rotationOrigin": [ 2.0, 1.0, 4.0 ],
											"rotationX": 22.0,
											"faces": {
												"north": { "texture": "#almondmushroom", "uv": [ 0.0, 0.0, 4.0, 1.0 ], "enabled": false },
												"east": { "texture": "#almondmushroom", "uv": [ 9.0, 6.5, 10.0, 7.5 ] },
												"south": { "texture": "#almondmushroom", "uv": [ 8.0, 1.5, 12.0, 2.5 ] },
												"west": { "texture": "#almondmushroom", "uv": [ 13.5, 4.0, 14.5, 5.0 ] },
												"up": { "texture": "#almondmushroom", "uv": [ 10.0, 0.5, 14.0, 1.5 ] },
												"down": { "texture": "#almondmushroom", "uv": [ 10.5, 10.5, 14.5, 11.5 ] }
											}
										},
										{
											"name": "Cube47",
											"from": [ 0.0, 0.0, -1.0 ], 
											"to": [ 4.0, 1.0, 0.0 ], 
											"rotationOrigin": [ 2.0, 1.0, 0.0 ],
											"rotationX": -36.0,
											"faces": {
												"north": { "texture": "#almondmushroom", "uv": [ 10.5, 4.5, 14.5, 5.5 ] },
												"east": { "texture": "#almondmushroom", "uv": [ 9.0, 6.5, 10.0, 7.5 ] },
												"south": { "texture": "#almondmushroom", "uv": [ 8.0, 1.5, 12.0, 2.5 ], "enabled": false },
												"west": { "texture": "#almondmushroom", "uv": [ 13.5, 4.0, 14.5, 5.0 ] },
												"up": { "texture": "#almondmushroom", "uv": [ 10.0, 0.5, 14.0, 1.5 ] },
												"down": { "texture": "#almondmushroom", "uv": [ 10.5, 10.5, 14.5, 11.5 ] }
											}
										},
										{
											"name": "Cube48",
											"from": [ 4.0, 0.0, 0.0 ], 
											"to": [ 5.0, 1.0, 4.0 ], 
											"rotationOrigin": [ 4.0, 1.0, 2.0 ],
											"rotationZ": -36.0,
											"faces": {
												"north": { "texture": "#almondmushroom", "uv": [ 11.5, 5.0, 12.5, 6.0 ] },
												"east": { "texture": "#almondmushroom", "uv": [ 10.0, 2.5, 14.0, 3.5 ] },
												"south": { "texture": "#almondmushroom", "uv": [ 12.5, 3.0, 13.5, 4.0 ] },
												"west": { "texture": "#almondmushroom", "uv": [ 10.5, 3.0, 14.5, 4.0 ], "enabled": false },
												"up": { "texture": "#almondmushroom", "uv": [ 11.0, 3.0, 12.0, 7.0 ] },
												"down": { "texture": "#almondmushroom", "uv": [ 11.5, 10.0, 12.5, 14.0 ] }
											}
										},
										{
											"name": "Cube49",
											"from": [ -1.0, 0.0, 0.0 ], 
											"to": [ 0.0, 1.0, 4.0 ], 
											"rotationOrigin": [ 0.0, 1.0, 2.0 ],
											"rotationZ": 22.0,
											"faces": {
												"north": { "texture": "#almondmushroom", "uv": [ 11.5, 5.0, 12.5, 6.0 ] },
												"east": { "texture": "#almondmushroom", "uv": [ 10.0, 2.5, 14.0, 3.5 ], "enabled": false },
												"south": { "texture": "#almondmushroom", "uv": [ 12.5, 3.0, 13.5, 4.0 ] },
												"west": { "texture": "#almondmushroom", "uv": [ 10.5, 3.0, 14.5, 4.0 ] },
												"up": { "texture": "#almondmushroom", "uv": [ 11.0, 3.0, 12.0, 7.0 ] },
												"down": { "texture": "#almondmushroom", "uv": [ 11.5, 10.0, 12.5, 14.0 ] }
											}
										}
									]
								},
								{
									"name": "frill50",
									"from": [ -0.2, 0.3, -0.2 ], 
									"to": [ 1.6, 0.3, 1.6 ], 
									"rotationOrigin": [ 0.7, 0.3, 0.7 ],
									"faces": {
										"north": { "texture": "#almondmushroom", "uv": [ 0.0, 0.0, 1.5, 0.5 ], "enabled": false },
										"east": { "texture": "#almondmushroom", "uv": [ 0.0, 0.0, 1.5, 0.5 ], "enabled": false },
										"south": { "texture": "#almondmushroom", "uv": [ 0.0, 0.0, 1.5, 0.5 ], "enabled": false },
										"west": { "texture": "#almondmushroom", "uv": [ 0.0, 0.0, 1.5, 0.5 ], "enabled": false },
										"up": { "texture": "#almondmushroom", "uv": [ 5.0, 4.5, 6.5, 6.0 ] },
										"down": { "texture": "#almondmushroom", "uv": [ 0.0, 0.0, 1.5, 1.5 ], "enabled": false }
									}
								}
							]
						}
					]
				},
				{
					"name": "big51",
					"from": [ -2.7, -0.3, 2.3 ], 
					"to": [ -1.3, 1.7, 3.7 ], 
					"rotationOrigin": [ -2.0, -0.3, 3.0 ],
					"rotationX": 14.0,
					"rotationZ": -6.0,
					"faces": {
						"north": { "texture": "#almondmushroom", "uv": [ 2.0, 10.5, 3.0, 12.5 ] },
						"east": { "texture": "#almondmushroom", "uv": [ 1.0, 10.5, 2.0, 12.5 ] },
						"south": { "texture": "#almondmushroom", "uv": [ 0.5, 10.5, 1.5, 12.5 ] },
						"west": { "texture": "#almondmushroom", "uv": [ 1.5, 11.5, 2.5, 13.5 ] },
						"up": { "texture": "#almondmushroom", "uv": [ 1.5, 9.0, 2.5, 10.0 ], "enabled": false },
						"down": { "texture": "#almondmushroom", "uv": [ 1.0, 12.5, 2.0, 13.5 ] }
					},
					"children": [
						{
							"name": "stem52",
							"from": [ 0.0, 1.6, 0.0 ], 
							"to": [ 1.4, 3.1, 1.4 ], 
							"rotationOrigin": [ 0.7, 1.6, 0.7 ],
							"rotationX": -19.0,
							"rotationZ": -8.0,
							"faces": {
								"north": { "texture": "#almondmushroom", "uv": [ 1.0, 9.0, 2.0, 10.5 ] },
								"east": { "texture": "#almondmushroom", "uv": [ 1.5, 9.5, 2.5, 11.0 ] },
								"south": { "texture": "#almondmushroom", "uv": [ 1.0, 8.0, 2.0, 9.5 ] },
								"west": { "texture": "#almondmushroom", "uv": [ 2.0, 9.0, 3.0, 10.5 ] },
								"up": { "texture": "#almondmushroom", "uv": [ 0.0, 0.0, 1.0, 1.0 ], "enabled": false },
								"down": { "texture": "#almondmushroom", "uv": [ 0.0, 0.0, 1.0, 1.0 ], "enabled": false }
							},
							"children": [
								{
									"name": "cap53",
									"from": [ -1.3, 1.5, -1.3 ], 
									"to": [ 2.7, 2.5, 2.7 ], 
									"rotationOrigin": [ 0.7, 1.5, 0.7 ],
									"rotationY": -14.0,
									"rotationZ": 14.0,
									"faces": {
										"north": { "texture": "#almondmushroom", "uv": [ 10.5, 4.0, 14.5, 5.0 ] },
										"east": { "texture": "#almondmushroom", "uv": [ 9.5, 2.5, 13.5, 3.5 ] },
										"south": { "texture": "#almondmushroom", "uv": [ 8.5, 2.0, 12.5, 3.0 ] },
										"west": { "texture": "#almondmushroom", "uv": [ 10.5, 4.0, 14.5, 5.0 ] },
										"up": { "texture": "#almondmushroom", "uv": [ 10.5, 2.5, 14.5, 6.5 ] },
										"down": { "texture": "#almondmushroom", "uv": [ 9.5, 11.0, 13.5, 15.0 ] }
									}
								},
								{
									"name": "frill54",
									"from": [ -0.2, 0.3, -0.2 ], 
									"to": [ 1.6, 0.3, 1.6 ], 
									"rotationOrigin": [ 0.7, 0.3, 0.7 ],
									"faces": {
										"north": { "texture": "#almondmushroom", "uv": [ 0.0, 0.0, 1.5, 0.5 ], "enabled": false },
										"east": { "texture": "#almondmushroom", "uv": [ 0.0, 0.0, 1.5, 0.5 ], "enabled": false },
										"south": { "texture": "#almondmushroom", "uv": [ 0.0, 0.0, 1.5, 0.5 ], "enabled": false },
										"west": { "texture": "#almondmushroom", "uv": [ 0.0, 0.0, 1.5, 0.5 ], "enabled": false },
										"up": { "texture": "#almondmushroom", "uv": [ 5.0, 4.5, 6.5, 6.0 ] },
										"down": { "texture": "#almondmushroom", "uv": [ 0.0, 0.0, 1.5, 1.5 ], "enabled": false }
									}
								}
							]
						}
					]
				},
				{
					"name": "voxel55",
					"from": [ 0.0, 0.0, 2.0 ], 
					"to": [ 1.0, 1.0, 3.0 ], 
					"rotationOrigin": [ 0.5, 0.0, 2.5 ],
					"rotationY": -25.0,
					"faces": {
						"north": { "texture": "#almondmushroom", "uv": [ 9.5, 2.5, 10.5, 3.5 ] },
						"east": { "texture": "#almondmushroom", "uv": [ 8.0, 5.5, 9.0, 6.5 ] },
						"south": { "texture": "#almondmushroom", "uv": [ 8.0, 4.0, 9.0, 5.0 ] },
						"west": { "texture": "#almondmushroom", "uv": [ 10.5, 2.5, 11.5, 3.5 ] },
						"up": { "texture": "#almondmushroom", "uv": [ 10.5, 4.0, 11.5, 5.0 ] },
						"down": { "texture": "#almondmushroom", "uv": [ 10.0, 9.5, 11.0, 10.5 ] }
					}
				},
				{
					"name": "voxel56",
					"from": [ -4.7, 0.0, 0.0 ], 
					"to": [ -3.7, 1.0, 1.0 ], 
					"rotationOrigin": [ -4.2, 0.0, 0.5 ],
					"rotationY": -6.0,
					"faces": {
						"north": { "texture": "#almondmushroom", "uv": [ 9.5, 2.5, 10.5, 3.5 ] },
						"east": { "texture": "#almondmushroom", "uv": [ 8.0, 5.5, 9.0, 6.5 ] },
						"south": { "texture": "#almondmushroom", "uv": [ 8.0, 4.0, 9.0, 5.0 ] },
						"west": { "texture": "#almondmushroom", "uv": [ 10.5, 2.5, 11.5, 3.5 ] },
						"up": { "texture": "#almondmushroom", "uv": [ 10.5, 4.0, 11.5, 5.0 ] },
						"down": { "texture": "#almondmushroom", "uv": [ 10.0, 9.5, 11.0, 10.5 ] }
					}
				},
				{
					"name": "voxel57",
					"from": [ 3.7, 0.0, -2.0 ], 
					"to": [ 4.7, 1.0, -1.0 ], 
					"rotationOrigin": [ 4.2, 0.0, -1.5 ],
					"rotationY": -42.0,
					"faces": {
						"north": { "texture": "#almondmushroom", "uv": [ 9.5, 2.5, 10.5, 3.5 ] },
						"east": { "texture": "#almondmushroom", "uv": [ 8.0, 5.5, 9.0, 6.5 ] },
						"south": { "texture": "#almondmushroom", "uv": [ 8.0, 4.0, 9.0, 5.0 ] },
						"west": { "texture": "#almondmushroom", "uv": [ 10.5, 2.5, 11.5, 3.5 ] },
						"up": { "texture": "#almondmushroom", "uv": [ 10.5, 4.0, 11.5, 5.0 ] },
						"down": { "texture": "#almondmushroom", "uv": [ 10.0, 9.5, 11.0, 10.5 ] }
					}
				},
				{
					"name": "mycelium58",
					"from": [ -5.0, 0.1, -5.0 ], 
					"to": [ 5.0, 0.1, 5.0 ], 
					"renderPass": 3,
					"rotationOrigin": [ 0.0, 0.1, 0.0 ],
					"faces": {
						"north": { "texture": "#almondmushroom", "uv": [ 0.0, 0.0, 10.0, 0.5 ], "enabled": false },
						"east": { "texture": "#almondmushroom", "uv": [ 0.0, 0.0, 10.0, 0.5 ], "enabled": false },
						"south": { "texture": "#almondmushroom", "uv": [ 0.0, 0.0, 10.0, 0.5 ], "enabled": false },
						"west": { "texture": "#almondmushroom", "uv": [ 0.0, 0.0, 10.0, 0.5 ], "enabled": false },
						"up": { "texture": "#mycelium2", "uv": [ 3.0, 3.0, 13.0, 13.0 ] },
						"down": { "texture": "#almondmushroom", "uv": [ 0.0, 0.0, 10.0, 10.0 ], "enabled": false }
					}
				}
			]
		}
	]}