{
	"textures": {
		"almondmushroom": "game:block/plant/mushroom/almondmushroom/almondmushroom",
		"mycelium1": "game:block/plant/mushroom/mycelium1"
	},
	"elements": [
		{
			"name": "origin",
			"from": [ 8.0, 0.0, 8.0 ], 
			"to": [ 8.0, 0.0, 8.0 ], 
			"rotationOrigin": [ 8.0, 0.0, 8.0 ],
			"faces": {
				"north": { "texture": "#null", "uv": [ 0.0, 0.0, 0.5, 0.5 ], "enabled": false },
				"east": { "texture": "#null", "uv": [ 0.0, 0.0, 0.5, 0.5 ], "enabled": false },
				"south": { "texture": "#null", "uv": [ 0.0, 0.0, 0.5, 0.5 ], "enabled": false },
				"west": { "texture": "#null", "uv": [ 0.0, 0.0, 0.5, 0.5 ], "enabled": false },
				"up": { "texture": "#null", "uv": [ 0.0, 0.0, 0.5, 0.5 ], "enabled": false },
				"down": { "texture": "#null", "uv": [ 0.0, 0.0, 0.5, 0.5 ], "enabled": false }
			},
			"children": [
				{
					"name": "large",
					"from": [ 1.0, -0.6, 2.0 ], 
					"to": [ 3.0, 1.9, 4.0 ], 
					"rotationOrigin": [ 2.0, -0.6, 3.0 ],
					"rotationX": -6.0,
					"rotationZ": -19.0,
					"faces": {
						"north": { "texture": "#almondmushroom", "uv": [ 1.0, 9.0, 3.0, 11.5 ] },
						"east": { "texture": "#almondmushroom", "uv": [ 0.0, 8.5, 2.0, 11.0 ] },
						"south": { "texture": "#almondmushroom", "uv": [ 0.0, 9.0, 2.0, 11.5 ] },
						"west": { "texture": "#almondmushroom", "uv": [ 1.0, 9.0, 3.0, 11.5 ] },
						"up": { "texture": "#almondmushroom", "uv": [ 11.0, 0.0, 13.0, 2.0 ], "enabled": false },
						"down": { "texture": "#almondmushroom", "uv": [ 0.5, 9.5, 2.5, 11.5 ] }
					},
					"children": [
						{
							"name": "cap1",
							"from": [ -0.7, 2.1, -0.7 ], 
							"to": [ 2.8, 4.1, 2.8 ], 
							"rotationOrigin": [ 1.0, 2.1, 1.0 ],
							"rotationY": 28.0,
							"rotationZ": 14.0,
							"faces": {
								"north": { "texture": "#almondmushroom", "uv": [ 12.5, 5.5, 16.0, 7.5 ] },
								"east": { "texture": "#almondmushroom", "uv": [ 10.0, 4.5, 13.5, 6.5 ] },
								"south": { "texture": "#almondmushroom", "uv": [ 10.5, 5.0, 14.0, 7.0 ] },
								"west": { "texture": "#almondmushroom", "uv": [ 8.0, 5.0, 11.5, 7.0 ] },
								"up": { "texture": "#almondmushroom", "uv": [ 10.5, 2.0, 14.0, 5.5 ] },
								"down": { "texture": "#almondmushroom", "uv": [ 10.0, 10.5, 13.5, 14.0 ] }
							},
							"children": [
								{
									"name": "captop",
									"from": [ 0.4, 2.0, 0.4 ], 
									"to": [ 3.0, 2.5, 3.0 ], 
									"rotationOrigin": [ 0.2, -0.5, 0.2 ],
									"rotationX": 0.0,
									"rotationY": 0.0,
									"rotationZ": 0.0,
									"faces": {
										"north": { "texture": "#almondmushroom", "uv": [ 11.5, 4.5, 14.0, 5.0 ] },
										"east": { "texture": "#almondmushroom", "uv": [ 10.5, 5.5, 13.0, 6.0 ] },
										"south": { "texture": "#almondmushroom", "uv": [ 11.0, 6.0, 13.5, 6.5 ] },
										"west": { "texture": "#almondmushroom", "uv": [ 11.0, 5.0, 13.5, 5.5 ] },
										"up": { "texture": "#almondmushroom", "uv": [ 11.0, 2.0, 13.5, 4.5 ] },
										"down": { "texture": "#almondmushroom", "uv": [ 7.0, 12.0, 9.5, 14.5 ], "enabled": false }
									}
								}
							]
						},
						{
							"name": "frill1",
							"from": [ -0.2, 1.5, -0.2 ], 
							"to": [ 2.2, 1.5, 2.2 ], 
							"rotationOrigin": [ 1.0, 1.5, 1.0 ],
							"faces": {
								"north": { "texture": "#almondmushroom", "uv": [ 0.0, 0.0, 2.0, 0.5 ], "enabled": false },
								"east": { "texture": "#almondmushroom", "uv": [ 0.0, 0.0, 2.0, 0.5 ], "enabled": false },
								"south": { "texture": "#almondmushroom", "uv": [ 0.0, 0.0, 2.0, 0.5 ], "enabled": false },
								"west": { "texture": "#almondmushroom", "uv": [ 0.0, 0.0, 2.0, 0.5 ], "enabled": false },
								"up": { "texture": "#almondmushroom", "uv": [ 0.0, 0.0, 2.0, 2.0 ] },
								"down": { "texture": "#almondmushroom", "uv": [ 0.0, 0.0, 2.0, 2.0 ], "enabled": false }
							}
						}
					]
				},
				{
					"name": "med",
					"from": [ -4.0, -0.5, 3.0 ], 
					"to": [ -2.5, 1.5, 4.5 ], 
					"rotationOrigin": [ -3.2, -0.5, 3.7 ],
					"rotationX": 25.0,
					"rotationY": -19.0,
					"faces": {
						"north": { "texture": "#almondmushroom", "uv": [ 1.0, 9.0, 2.5, 11.0 ] },
						"east": { "texture": "#almondmushroom", "uv": [ 0.0, 8.5, 1.5, 10.5 ] },
						"south": { "texture": "#almondmushroom", "uv": [ 0.0, 9.0, 1.5, 11.0 ] },
						"west": { "texture": "#almondmushroom", "uv": [ 1.0, 9.0, 2.5, 11.0 ] },
						"up": { "texture": "#almondmushroom", "uv": [ 11.0, 0.0, 12.5, 1.5 ], "enabled": false },
						"down": { "texture": "#almondmushroom", "uv": [ 0.5, 13.0, 2.0, 14.5 ] }
					},
					"children": [
						{
							"name": "cap7",
							"from": [ -0.5, 1.9, -0.5 ], 
							"to": [ 2.0, 3.9, 2.0 ], 
							"rotationOrigin": [ 0.8, 1.9, 0.8 ],
							"rotationY": -22.0,
							"rotationZ": 6.0,
							"faces": {
								"north": { "texture": "#almondmushroom", "uv": [ 12.5, 5.5, 15.0, 7.5 ] },
								"east": { "texture": "#almondmushroom", "uv": [ 10.0, 4.5, 12.5, 6.5 ] },
								"south": { "texture": "#almondmushroom", "uv": [ 10.5, 5.0, 13.0, 7.0 ] },
								"west": { "texture": "#almondmushroom", "uv": [ 8.0, 5.0, 10.5, 7.0 ] },
								"up": { "texture": "#almondmushroom", "uv": [ 10.5, 2.0, 13.0, 4.5 ] },
								"down": { "texture": "#almondmushroom", "uv": [ 10.0, 10.5, 12.5, 13.0 ] }
							},
							"children": [
								{
									"name": "captop8",
									"from": [ 0.5, 2.0, 0.5 ], 
									"to": [ 2.1, 2.5, 2.1 ], 
									"rotationOrigin": [ 0.5, 1.9, 0.5 ],
									"faces": {
										"north": { "texture": "#almondmushroom", "uv": [ 11.5, 4.5, 13.0, 5.0 ] },
										"east": { "texture": "#almondmushroom", "uv": [ 10.5, 5.5, 12.0, 6.0 ] },
										"south": { "texture": "#almondmushroom", "uv": [ 11.0, 6.0, 12.5, 6.5 ] },
										"west": { "texture": "#almondmushroom", "uv": [ 11.0, 5.0, 12.5, 5.5 ] },
										"up": { "texture": "#almondmushroom", "uv": [ 11.0, 2.0, 12.5, 3.5 ] },
										"down": { "texture": "#almondmushroom", "uv": [ 7.0, 12.0, 8.5, 13.5 ], "enabled": false }
									}
								}
							]
						},
						{
							"name": "frill9",
							"from": [ -0.2, 1.0, -0.2 ], 
							"to": [ 1.8, 1.0, 1.8 ], 
							"rotationOrigin": [ 0.8, 1.0, 0.8 ],
							"faces": {
								"north": { "texture": "#almondmushroom", "uv": [ 0.0, 0.0, 2.0, 0.5 ], "enabled": false },
								"east": { "texture": "#almondmushroom", "uv": [ 0.0, 0.0, 2.0, 0.5 ], "enabled": false },
								"south": { "texture": "#almondmushroom", "uv": [ 0.0, 0.0, 2.0, 0.5 ], "enabled": false },
								"west": { "texture": "#almondmushroom", "uv": [ 0.0, 0.0, 2.0, 0.5 ], "enabled": false },
								"up": { "texture": "#almondmushroom", "uv": [ 0.0, 0.0, 2.0, 2.0 ] },
								"down": { "texture": "#almondmushroom", "uv": [ 0.0, 0.0, 2.0, 2.0 ], "enabled": false }
							}
						}
					]
				},
				{
					"name": "small",
					"from": [ -4.0, -0.1, -3.0 ], 
					"to": [ -3.0, 0.9, -2.0 ], 
					"rotationOrigin": [ -3.5, -0.1, -2.6 ],
					"rotationY": -36.0,
					"faces": {
						"north": { "texture": "#almondmushroom", "uv": [ 1.0, 9.0, 2.0, 10.0 ] },
						"east": { "texture": "#almondmushroom", "uv": [ 0.0, 8.5, 1.0, 9.5 ] },
						"south": { "texture": "#almondmushroom", "uv": [ 0.0, 9.0, 1.0, 10.0 ] },
						"west": { "texture": "#almondmushroom", "uv": [ 1.0, 9.0, 2.0, 10.0 ] },
						"up": { "texture": "#almondmushroom", "uv": [ 11.0, 0.0, 12.0, 1.0 ], "enabled": false },
						"down": { "texture": "#almondmushroom", "uv": [ 1.0, 11.5, 2.0, 12.5 ] }
					},
					"children": [
						{
							"name": "cap11",
							"from": [ -0.5, 1.0, -0.5 ], 
							"to": [ 1.5, 2.5, 1.5 ], 
							"rotationOrigin": [ 0.5, 1.0, 0.5 ],
							"faces": {
								"north": { "texture": "#almondmushroom", "uv": [ 12.5, 5.5, 14.5, 7.0 ] },
								"east": { "texture": "#almondmushroom", "uv": [ 10.0, 4.5, 12.0, 6.0 ] },
								"south": { "texture": "#almondmushroom", "uv": [ 10.5, 5.0, 12.5, 6.5 ] },
								"west": { "texture": "#almondmushroom", "uv": [ 8.0, 5.0, 10.0, 6.5 ] },
								"up": { "texture": "#almondmushroom", "uv": [ 10.5, 2.0, 12.5, 4.0 ] },
								"down": { "texture": "#almondmushroom", "uv": [ 10.0, 10.5, 12.0, 12.5 ] }
							}
						}
					]
				},
				{
					"name": "small12",
					"from": [ 3.0, -0.2, -3.0 ], 
					"to": [ 4.0, 0.8, -2.0 ], 
					"rotationOrigin": [ 3.5, -0.2, -2.6 ],
					"rotationY": 19.0,
					"faces": {
						"north": { "texture": "#almondmushroom", "uv": [ 1.0, 9.0, 2.0, 10.0 ] },
						"east": { "texture": "#almondmushroom", "uv": [ 0.0, 8.5, 1.0, 9.5 ] },
						"south": { "texture": "#almondmushroom", "uv": [ 0.0, 9.0, 1.0, 10.0 ] },
						"west": { "texture": "#almondmushroom", "uv": [ 1.0, 9.0, 2.0, 10.0 ] },
						"up": { "texture": "#almondmushroom", "uv": [ 11.0, 0.0, 12.0, 1.0 ], "enabled": false },
						"down": { "texture": "#almondmushroom", "uv": [ 0.5, 13.0, 1.5, 14.0 ] }
					},
					"children": [
						{
							"name": "cap13",
							"from": [ -0.3, 0.9, -0.3 ], 
							"to": [ 1.3, 2.9, 1.3 ], 
							"rotationOrigin": [ 0.5, 0.9, 0.5 ],
							"rotationZ": 8.0,
							"faces": {
								"north": { "texture": "#almondmushroom", "uv": [ 12.5, 5.5, 14.0, 7.5 ] },
								"east": { "texture": "#almondmushroom", "uv": [ 10.0, 4.5, 11.5, 6.5 ] },
								"south": { "texture": "#almondmushroom", "uv": [ 10.5, 5.0, 12.0, 7.0 ] },
								"west": { "texture": "#almondmushroom", "uv": [ 8.0, 5.0, 9.5, 7.0 ] },
								"up": { "texture": "#almondmushroom", "uv": [ 10.5, 2.0, 12.0, 3.5 ] },
								"down": { "texture": "#almondmushroom", "uv": [ 10.0, 10.5, 11.5, 12.0 ] }
							}
						}
					]
				},
				{
					"name": "small14",
					"from": [ 2.0, -0.3, -1.0 ], 
					"to": [ 3.0, 0.7, 0.0 ], 
					"rotationOrigin": [ 2.5, -0.3, -0.6 ],
					"rotationY": 14.0,
					"rotationZ": 25.0,
					"faces": {
						"north": { "texture": "#almondmushroom", "uv": [ 1.0, 9.0, 2.0, 10.0 ] },
						"east": { "texture": "#almondmushroom", "uv": [ 0.0, 8.5, 1.0, 9.5 ] },
						"south": { "texture": "#almondmushroom", "uv": [ 0.0, 9.0, 1.0, 10.0 ] },
						"west": { "texture": "#almondmushroom", "uv": [ 1.0, 9.0, 2.0, 10.0 ] },
						"up": { "texture": "#almondmushroom", "uv": [ 11.0, 0.0, 12.0, 1.0 ], "enabled": false },
						"down": { "texture": "#almondmushroom", "uv": [ 0.5, 13.0, 1.5, 14.0 ] }
					},
					"children": [
						{
							"name": "cap15",
							"from": [ -0.3, 0.7, -0.3 ], 
							"to": [ 1.3, 2.7, 1.3 ], 
							"rotationOrigin": [ 0.5, 0.7, 0.5 ],
							"rotationZ": -22.0,
							"faces": {
								"north": { "texture": "#almondmushroom", "uv": [ 12.5, 5.5, 14.0, 7.5 ] },
								"east": { "texture": "#almondmushroom", "uv": [ 10.0, 4.5, 11.5, 6.5 ] },
								"south": { "texture": "#almondmushroom", "uv": [ 10.5, 5.0, 12.0, 7.0 ] },
								"west": { "texture": "#almondmushroom", "uv": [ 8.0, 5.0, 9.5, 7.0 ] },
								"up": { "texture": "#almondmushroom", "uv": [ 10.5, 2.0, 12.0, 3.5 ] },
								"down": { "texture": "#almondmushroom", "uv": [ 10.0, 10.5, 11.5, 12.0 ] }
							}
						}
					]
				},
				{
					"name": "small18",
					"from": [ -3.0, 0.0, 0.0 ], 
					"to": [ -2.0, 1.0, 1.0 ], 
					"rotationOrigin": [ -2.5, 0.0, 0.4 ],
					"rotationX": 7.0,
					"rotationY": 6.0,
					"faces": {
						"north": { "texture": "#almondmushroom", "uv": [ 1.0, 9.0, 2.0, 10.0 ] },
						"east": { "texture": "#almondmushroom", "uv": [ 0.0, 8.5, 1.0, 9.5 ] },
						"south": { "texture": "#almondmushroom", "uv": [ 0.0, 9.0, 1.0, 10.0 ] },
						"west": { "texture": "#almondmushroom", "uv": [ 1.0, 9.0, 2.0, 10.0 ] },
						"up": { "texture": "#almondmushroom", "uv": [ 11.0, 0.0, 12.0, 1.0 ], "enabled": false },
						"down": { "texture": "#almondmushroom", "uv": [ 1.0, 11.5, 2.0, 12.5 ] }
					},
					"children": [
						{
							"name": "cap19",
							"from": [ -0.5, 0.8, -0.5 ], 
							"to": [ 1.5, 2.3, 1.5 ], 
							"rotationOrigin": [ 0.5, 0.8, 0.5 ],
							"rotationY": 11.0,
							"rotationZ": 6.0,
							"faces": {
								"north": { "texture": "#almondmushroom", "uv": [ 12.5, 5.5, 14.5, 7.0 ] },
								"east": { "texture": "#almondmushroom", "uv": [ 10.0, 4.5, 12.0, 6.0 ] },
								"south": { "texture": "#almondmushroom", "uv": [ 10.5, 5.0, 12.5, 6.5 ] },
								"west": { "texture": "#almondmushroom", "uv": [ 8.0, 5.0, 10.0, 6.5 ] },
								"up": { "texture": "#almondmushroom", "uv": [ 9.0, 4.0, 11.0, 6.0 ] },
								"down": { "texture": "#almondmushroom", "uv": [ 10.0, 10.5, 12.0, 12.5 ] }
							}
						}
					]
				},
				{
					"name": "small20",
					"from": [ -1.0, -0.1, 2.0 ], 
					"to": [ 0.0, 0.9, 3.0 ], 
					"rotationOrigin": [ -0.5, -0.1, 2.4 ],
					"rotationY": 14.0,
					"faces": {
						"north": { "texture": "#almondmushroom", "uv": [ 1.0, 9.0, 2.0, 10.0 ] },
						"east": { "texture": "#almondmushroom", "uv": [ 0.0, 8.5, 1.0, 9.5 ] },
						"south": { "texture": "#almondmushroom", "uv": [ 0.0, 9.0, 1.0, 10.0 ] },
						"west": { "texture": "#almondmushroom", "uv": [ 1.0, 9.0, 2.0, 10.0 ] },
						"up": { "texture": "#almondmushroom", "uv": [ 11.0, 0.0, 12.0, 1.0 ], "enabled": false },
						"down": { "texture": "#almondmushroom", "uv": [ 0.5, 13.0, 1.5, 14.0 ] }
					},
					"children": [
						{
							"name": "cap21",
							"from": [ -0.3, 0.9, -0.3 ], 
							"to": [ 1.3, 2.9, 1.3 ], 
							"rotationOrigin": [ 0.5, 0.9, 0.5 ],
							"rotationX": 4.0,
							"faces": {
								"north": { "texture": "#almondmushroom", "uv": [ 12.5, 5.5, 14.0, 7.5 ] },
								"east": { "texture": "#almondmushroom", "uv": [ 10.0, 4.5, 11.5, 6.5 ] },
								"south": { "texture": "#almondmushroom", "uv": [ 10.5, 5.0, 12.0, 7.0 ] },
								"west": { "texture": "#almondmushroom", "uv": [ 8.0, 5.0, 9.5, 7.0 ] },
								"up": { "texture": "#almondmushroom", "uv": [ 10.5, 2.0, 12.0, 3.5 ] },
								"down": { "texture": "#almondmushroom", "uv": [ 10.0, 10.5, 11.5, 12.0 ] }
							}
						}
					]
				},
				{
					"name": "med22",
					"from": [ -2.0, -0.5, -3.0 ], 
					"to": [ -0.5, 1.5, -1.5 ], 
					"rotationOrigin": [ -1.2, -0.5, -2.3 ],
					"rotationX": -8.0,
					"rotationY": -19.0,
					"faces": {
						"north": { "texture": "#almondmushroom", "uv": [ 1.0, 9.0, 2.5, 11.0 ] },
						"east": { "texture": "#almondmushroom", "uv": [ 0.0, 8.5, 1.5, 10.5 ] },
						"south": { "texture": "#almondmushroom", "uv": [ 0.0, 9.0, 1.5, 11.0 ] },
						"west": { "texture": "#almondmushroom", "uv": [ 1.0, 9.0, 2.5, 11.0 ] },
						"up": { "texture": "#almondmushroom", "uv": [ 11.0, 0.0, 12.5, 1.5 ], "enabled": false },
						"down": { "texture": "#almondmushroom", "uv": [ 0.5, 13.0, 2.0, 14.5 ] }
					},
					"children": [
						{
							"name": "cap23",
							"from": [ -0.5, 1.9, -0.5 ], 
							"to": [ 2.0, 3.9, 2.0 ], 
							"rotationOrigin": [ 0.8, 1.9, 0.8 ],
							"rotationX": 6.0,
							"rotationY": 3.0,
							"rotationZ": 6.0,
							"faces": {
								"north": { "texture": "#almondmushroom", "uv": [ 12.5, 5.5, 15.0, 7.5 ] },
								"east": { "texture": "#almondmushroom", "uv": [ 10.0, 4.5, 12.5, 6.5 ] },
								"south": { "texture": "#almondmushroom", "uv": [ 10.5, 5.0, 13.0, 7.0 ] },
								"west": { "texture": "#almondmushroom", "uv": [ 8.0, 5.0, 10.5, 7.0 ] },
								"up": { "texture": "#almondmushroom", "uv": [ 10.5, 2.0, 13.0, 4.5 ] },
								"down": { "texture": "#almondmushroom", "uv": [ 10.0, 10.5, 12.5, 13.0 ] }
							},
							"children": [
								{
									"name": "captop24",
									"from": [ 0.5, 2.0, 0.5 ], 
									"to": [ 2.1, 2.5, 2.1 ], 
									"rotationOrigin": [ 0.5, 1.9, 0.5 ],
									"faces": {
										"north": { "texture": "#almondmushroom", "uv": [ 11.5, 4.5, 13.0, 5.0 ] },
										"east": { "texture": "#almondmushroom", "uv": [ 10.5, 5.5, 12.0, 6.0 ] },
										"south": { "texture": "#almondmushroom", "uv": [ 11.0, 6.0, 12.5, 6.5 ] },
										"west": { "texture": "#almondmushroom", "uv": [ 11.0, 5.0, 12.5, 5.5 ] },
										"up": { "texture": "#almondmushroom", "uv": [ 11.0, 2.0, 12.5, 3.5 ] },
										"down": { "texture": "#almondmushroom", "uv": [ 7.0, 12.0, 8.5, 13.5 ], "enabled": false }
									}
								}
							]
						},
						{
							"name": "frill25",
							"from": [ -0.2, 1.0, -0.2 ], 
							"to": [ 1.8, 1.0, 1.8 ], 
							"rotationOrigin": [ 0.8, 1.0, 0.8 ],
							"faces": {
								"north": { "texture": "#almondmushroom", "uv": [ 0.0, 0.0, 2.0, 0.5 ], "enabled": false },
								"east": { "texture": "#almondmushroom", "uv": [ 0.0, 0.0, 2.0, 0.5 ], "enabled": false },
								"south": { "texture": "#almondmushroom", "uv": [ 0.0, 0.0, 2.0, 0.5 ], "enabled": false },
								"west": { "texture": "#almondmushroom", "uv": [ 0.0, 0.0, 2.0, 0.5 ], "enabled": false },
								"up": { "texture": "#almondmushroom", "uv": [ 0.0, 0.0, 2.0, 2.0 ] },
								"down": { "texture": "#almondmushroom", "uv": [ 0.0, 0.0, 2.0, 2.0 ], "enabled": false }
							}
						}
					]
				},
				{
					"name": "voxel",
					"from": [ -4.7, 0.0, 1.5 ], 
					"to": [ -3.7, 1.0, 2.5 ], 
					"rotationOrigin": [ -4.2, 0.0, 2.0 ],
					"rotationY": 33.0,
					"faces": {
						"north": { "texture": "#almondmushroom", "uv": [ 11.0, 5.5, 12.0, 6.5 ] },
						"east": { "texture": "#almondmushroom", "uv": [ 9.5, 4.0, 10.5, 5.0 ] },
						"south": { "texture": "#almondmushroom", "uv": [ 8.0, 4.5, 9.0, 5.5 ] },
						"west": { "texture": "#almondmushroom", "uv": [ 8.5, 5.0, 9.5, 6.0 ] },
						"up": { "texture": "#almondmushroom", "uv": [ 10.0, 4.0, 11.0, 5.0 ] },
						"down": { "texture": "#almondmushroom", "uv": [ 12.5, 8.5, 13.5, 9.5 ] }
					}
				},
				{
					"name": "voxel27",
					"from": [ 3.5, 0.0, -0.5 ], 
					"to": [ 4.5, 1.0, 0.5 ], 
					"rotationOrigin": [ 4.0, 0.0, 0.0 ],
					"rotationY": 8.0,
					"faces": {
						"north": { "texture": "#almondmushroom", "uv": [ 11.0, 5.5, 12.0, 6.5 ] },
						"east": { "texture": "#almondmushroom", "uv": [ 9.5, 4.0, 10.5, 5.0 ] },
						"south": { "texture": "#almondmushroom", "uv": [ 8.0, 4.5, 9.0, 5.5 ] },
						"west": { "texture": "#almondmushroom", "uv": [ 8.5, 5.0, 9.5, 6.0 ] },
						"up": { "texture": "#almondmushroom", "uv": [ 10.0, 4.0, 11.0, 5.0 ] },
						"down": { "texture": "#almondmushroom", "uv": [ 12.5, 8.5, 13.5, 9.5 ] }
					}
				},
				{
					"name": "voxel28",
					"from": [ 1.5, 0.0, -4.5 ], 
					"to": [ 2.5, 1.0, -3.5 ], 
					"rotationOrigin": [ 2.0, 0.0, -4.0 ],
					"rotationY": 3.0,
					"faces": {
						"north": { "texture": "#almondmushroom", "uv": [ 11.0, 5.5, 12.0, 6.5 ] },
						"east": { "texture": "#almondmushroom", "uv": [ 9.5, 4.0, 10.5, 5.0 ] },
						"south": { "texture": "#almondmushroom", "uv": [ 8.0, 4.5, 9.0, 5.5 ] },
						"west": { "texture": "#almondmushroom", "uv": [ 8.5, 5.0, 9.5, 6.0 ] },
						"up": { "texture": "#almondmushroom", "uv": [ 10.0, 4.0, 11.0, 5.0 ] },
						"down": { "texture": "#almondmushroom", "uv": [ 12.5, 8.5, 13.5, 9.5 ] }
					}
				},
				{
					"name": "voxel29",
					"from": [ -0.5, 0.0, 0.5 ], 
					"to": [ 0.5, 1.0, 1.5 ], 
					"rotationOrigin": [ 0.0, 0.0, 1.0 ],
					"rotationY": -3.0,
					"faces": {
						"north": { "texture": "#almondmushroom", "uv": [ 11.0, 5.5, 12.0, 6.5 ] },
						"east": { "texture": "#almondmushroom", "uv": [ 9.5, 4.0, 10.5, 5.0 ] },
						"south": { "texture": "#almondmushroom", "uv": [ 8.0, 4.5, 9.0, 5.5 ] },
						"west": { "texture": "#almondmushroom", "uv": [ 8.5, 5.0, 9.5, 6.0 ] },
						"up": { "texture": "#almondmushroom", "uv": [ 10.0, 4.0, 11.0, 5.0 ] },
						"down": { "texture": "#almondmushroom", "uv": [ 12.5, 8.5, 13.5, 9.5 ] }
					}
				},
				{
					"name": "mycelium",
					"from": [ -5.0, 0.1, -5.0 ], 
					"to": [ 5.0, 0.1, 5.0 ], 
					"renderPass": 3,
					"rotationOrigin": [ 0.0, 0.1, 0.0 ],
					"faces": {
						"north": { "texture": "#almondmushroom", "uv": [ 0.0, 0.0, 10.0, 0.5 ], "enabled": false },
						"east": { "texture": "#almondmushroom", "uv": [ 0.0, 0.0, 10.0, 0.5 ], "enabled": false },
						"south": { "texture": "#almondmushroom", "uv": [ 0.0, 0.0, 10.0, 0.5 ], "enabled": false },
						"west": { "texture": "#almondmushroom", "uv": [ 0.0, 0.0, 10.0, 0.5 ], "enabled": false },
						"up": { "texture": "#mycelium1", "uv": [ 3.0, 3.0, 13.0, 13.0 ] },
						"down": { "texture": "#almondmushroom", "uv": [ 0.0, 0.0, 10.0, 10.0 ], "enabled": false }
					}
				}
			]
		},
		{
			"name": "origin29",
			"from": [ 24.0, 0.0, 8.0 ], 
			"to": [ 24.0, 0.0, 8.0 ], 
			"rotationOrigin": [ 24.0, 0.0, 8.0 ],
			"rotationY": -180.0,
			"faces": {
				"north": { "texture": "#null", "uv": [ 0.0, 0.0, 0.5, 0.5 ], "enabled": false },
				"east": { "texture": "#null", "uv": [ 0.0, 0.0, 0.5, 0.5 ], "enabled": false },
				"south": { "texture": "#null", "uv": [ 0.0, 0.0, 0.5, 0.5 ], "enabled": false },
				"west": { "texture": "#null", "uv": [ 0.0, 0.0, 0.5, 0.5 ], "enabled": false },
				"up": { "texture": "#null", "uv": [ 0.0, 0.0, 0.5, 0.5 ], "enabled": false },
				"down": { "texture": "#null", "uv": [ 0.0, 0.0, 0.5, 0.5 ], "enabled": false }
			},
			"children": [
				{
					"name": "large30",
					"from": [ 1.0, -0.6, 2.0 ], 
					"to": [ 3.0, 1.9, 4.0 ], 
					"rotationOrigin": [ 2.0, -0.6, 3.0 ],
					"rotationX": -6.0,
					"rotationZ": -19.0,
					"faces": {
						"north": { "texture": "#almondmushroom", "uv": [ 1.0, 9.0, 3.0, 11.5 ] },
						"east": { "texture": "#almondmushroom", "uv": [ 0.0, 8.5, 2.0, 11.0 ] },
						"south": { "texture": "#almondmushroom", "uv": [ 0.0, 9.0, 2.0, 11.5 ] },
						"west": { "texture": "#almondmushroom", "uv": [ 1.0, 9.0, 3.0, 11.5 ] },
						"up": { "texture": "#almondmushroom", "uv": [ 11.0, 0.0, 13.0, 2.0 ], "enabled": false },
						"down": { "texture": "#almondmushroom", "uv": [ 0.5, 9.5, 2.5, 11.5 ] }
					},
					"children": [
						{
							"name": "cap31",
							"from": [ -0.7, 2.1, -0.7 ], 
							"to": [ 2.8, 4.1, 2.8 ], 
							"rotationOrigin": [ 1.0, 2.1, 1.0 ],
							"rotationY": 28.0,
							"rotationZ": 14.0,
							"faces": {
								"north": { "texture": "#almondmushroom", "uv": [ 12.5, 5.5, 16.0, 7.5 ] },
								"east": { "texture": "#almondmushroom", "uv": [ 10.0, 4.5, 13.5, 6.5 ] },
								"south": { "texture": "#almondmushroom", "uv": [ 10.5, 5.0, 14.0, 7.0 ] },
								"west": { "texture": "#almondmushroom", "uv": [ 8.0, 5.0, 11.5, 7.0 ] },
								"up": { "texture": "#almondmushroom", "uv": [ 10.5, 2.0, 14.0, 5.5 ] },
								"down": { "texture": "#almondmushroom", "uv": [ 10.0, 10.5, 13.5, 14.0 ] }
							},
							"children": [
								{
									"name": "captop32",
									"from": [ 0.4, 2.0, 0.4 ], 
									"to": [ 3.0, 2.5, 3.0 ], 
									"rotationOrigin": [ 0.2, -0.5, 0.2 ],
									"rotationX": 0.0,
									"rotationY": 0.0,
									"rotationZ": 0.0,
									"faces": {
										"north": { "texture": "#almondmushroom", "uv": [ 11.5, 4.5, 14.0, 5.0 ] },
										"east": { "texture": "#almondmushroom", "uv": [ 10.5, 5.5, 13.0, 6.0 ] },
										"south": { "texture": "#almondmushroom", "uv": [ 11.0, 6.0, 13.5, 6.5 ] },
										"west": { "texture": "#almondmushroom", "uv": [ 11.0, 5.0, 13.5, 5.5 ] },
										"up": { "texture": "#almondmushroom", "uv": [ 11.0, 2.0, 13.5, 4.5 ] },
										"down": { "texture": "#almondmushroom", "uv": [ 7.0, 12.0, 9.5, 14.5 ], "enabled": false }
									}
								}
							]
						},
						{
							"name": "frill33",
							"from": [ -0.2, 1.5, -0.2 ], 
							"to": [ 2.2, 1.5, 2.2 ], 
							"rotationOrigin": [ 1.0, 1.5, 1.0 ],
							"faces": {
								"north": { "texture": "#almondmushroom", "uv": [ 0.0, 0.0, 2.0, 0.5 ], "enabled": false },
								"east": { "texture": "#almondmushroom", "uv": [ 0.0, 0.0, 2.0, 0.5 ], "enabled": false },
								"south": { "texture": "#almondmushroom", "uv": [ 0.0, 0.0, 2.0, 0.5 ], "enabled": false },
								"west": { "texture": "#almondmushroom", "uv": [ 0.0, 0.0, 2.0, 0.5 ], "enabled": false },
								"up": { "texture": "#almondmushroom", "uv": [ 0.0, 0.0, 2.0, 2.0 ] },
								"down": { "texture": "#almondmushroom", "uv": [ 0.0, 0.0, 2.0, 2.0 ], "enabled": false }
							}
						}
					]
				},
				{
					"name": "med34",
					"from": [ -4.0, -0.5, 3.0 ], 
					"to": [ -2.5, 1.5, 4.5 ], 
					"rotationOrigin": [ -3.2, -0.5, 3.7 ],
					"rotationX": 25.0,
					"rotationY": -19.0,
					"faces": {
						"north": { "texture": "#almondmushroom", "uv": [ 1.0, 9.0, 2.5, 11.0 ] },
						"east": { "texture": "#almondmushroom", "uv": [ 0.0, 8.5, 1.5, 10.5 ] },
						"south": { "texture": "#almondmushroom", "uv": [ 0.0, 9.0, 1.5, 11.0 ] },
						"west": { "texture": "#almondmushroom", "uv": [ 1.0, 9.0, 2.5, 11.0 ] },
						"up": { "texture": "#almondmushroom", "uv": [ 11.0, 0.0, 12.5, 1.5 ], "enabled": false },
						"down": { "texture": "#almondmushroom", "uv": [ 0.5, 13.0, 2.0, 14.5 ] }
					},
					"children": [
						{
							"name": "cap35",
							"from": [ -0.5, 1.9, -0.5 ], 
							"to": [ 2.0, 3.9, 2.0 ], 
							"rotationOrigin": [ 0.8, 1.9, 0.8 ],
							"rotationY": -22.0,
							"rotationZ": 6.0,
							"faces": {
								"north": { "texture": "#almondmushroom", "uv": [ 12.5, 5.5, 15.0, 7.5 ] },
								"east": { "texture": "#almondmushroom", "uv": [ 10.0, 4.5, 12.5, 6.5 ] },
								"south": { "texture": "#almondmushroom", "uv": [ 10.5, 5.0, 13.0, 7.0 ] },
								"west": { "texture": "#almondmushroom", "uv": [ 8.0, 5.0, 10.5, 7.0 ] },
								"up": { "texture": "#almondmushroom", "uv": [ 10.5, 2.0, 13.0, 4.5 ] },
								"down": { "texture": "#almondmushroom", "uv": [ 10.0, 10.5, 12.5, 13.0 ] }
							},
							"children": [
								{
									"name": "captop36",
									"from": [ 0.5, 2.0, 0.5 ], 
									"to": [ 2.1, 2.5, 2.1 ], 
									"rotationOrigin": [ 0.5, 1.9, 0.5 ],
									"faces": {
										"north": { "texture": "#almondmushroom", "uv": [ 11.5, 4.5, 13.0, 5.0 ] },
										"east": { "texture": "#almondmushroom", "uv": [ 10.5, 5.5, 12.0, 6.0 ] },
										"south": { "texture": "#almondmushroom", "uv": [ 11.0, 6.0, 12.5, 6.5 ] },
										"west": { "texture": "#almondmushroom", "uv": [ 11.0, 5.0, 12.5, 5.5 ] },
										"up": { "texture": "#almondmushroom", "uv": [ 11.0, 2.0, 12.5, 3.5 ] },
										"down": { "texture": "#almondmushroom", "uv": [ 7.0, 12.0, 8.5, 13.5 ], "enabled": false }
									}
								}
							]
						},
						{
							"name": "frill37",
							"from": [ -0.2, 1.0, -0.2 ], 
							"to": [ 1.8, 1.0, 1.8 ], 
							"rotationOrigin": [ 0.8, 1.0, 0.8 ],
							"faces": {
								"north": { "texture": "#almondmushroom", "uv": [ 0.0, 0.0, 2.0, 0.5 ], "enabled": false },
								"east": { "texture": "#almondmushroom", "uv": [ 0.0, 0.0, 2.0, 0.5 ], "enabled": false },
								"south": { "texture": "#almondmushroom", "uv": [ 0.0, 0.0, 2.0, 0.5 ], "enabled": false },
								"west": { "texture": "#almondmushroom", "uv": [ 0.0, 0.0, 2.0, 0.5 ], "enabled": false },
								"up": { "texture": "#almondmushroom", "uv": [ 0.0, 0.0, 2.0, 2.0 ] },
								"down": { "texture": "#almondmushroom", "uv": [ 0.0, 0.0, 2.0, 2.0 ], "enabled": false }
							}
						}
					]
				},
				{
					"name": "small38",
					"from": [ -4.0, -0.1, -3.0 ], 
					"to": [ -3.0, 0.9, -2.0 ], 
					"rotationOrigin": [ -3.5, -0.1, -2.6 ],
					"rotationY": -36.0,
					"faces": {
						"north": { "texture": "#almondmushroom", "uv": [ 1.0, 9.0, 2.0, 10.0 ] },
						"east": { "texture": "#almondmushroom", "uv": [ 0.0, 8.5, 1.0, 9.5 ] },
						"south": { "texture": "#almondmushroom", "uv": [ 0.0, 9.0, 1.0, 10.0 ] },
						"west": { "texture": "#almondmushroom", "uv": [ 1.0, 9.0, 2.0, 10.0 ] },
						"up": { "texture": "#almondmushroom", "uv": [ 11.0, 0.0, 12.0, 1.0 ], "enabled": false },
						"down": { "texture": "#almondmushroom", "uv": [ 1.0, 11.5, 2.0, 12.5 ] }
					},
					"children": [
						{
							"name": "cap39",
							"from": [ -0.5, 1.0, -0.5 ], 
							"to": [ 1.5, 2.5, 1.5 ], 
							"rotationOrigin": [ 0.5, 1.0, 0.5 ],
							"faces": {
								"north": { "texture": "#almondmushroom", "uv": [ 12.5, 5.5, 14.5, 7.0 ] },
								"east": { "texture": "#almondmushroom", "uv": [ 10.0, 4.5, 12.0, 6.0 ] },
								"south": { "texture": "#almondmushroom", "uv": [ 10.5, 5.0, 12.5, 6.5 ] },
								"west": { "texture": "#almondmushroom", "uv": [ 8.0, 5.0, 10.0, 6.5 ] },
								"up": { "texture": "#almondmushroom", "uv": [ 10.5, 2.0, 12.5, 4.0 ] },
								"down": { "texture": "#almondmushroom", "uv": [ 10.0, 10.5, 12.0, 12.5 ] }
							}
						}
					]
				},
				{
					"name": "small40",
					"from": [ 3.0, -0.2, -3.0 ], 
					"to": [ 4.0, 0.8, -2.0 ], 
					"rotationOrigin": [ 3.5, -0.2, -2.6 ],
					"rotationY": 19.0,
					"faces": {
						"north": { "texture": "#almondmushroom", "uv": [ 1.0, 9.0, 2.0, 10.0 ] },
						"east": { "texture": "#almondmushroom", "uv": [ 0.0, 8.5, 1.0, 9.5 ] },
						"south": { "texture": "#almondmushroom", "uv": [ 0.0, 9.0, 1.0, 10.0 ] },
						"west": { "texture": "#almondmushroom", "uv": [ 1.0, 9.0, 2.0, 10.0 ] },
						"up": { "texture": "#almondmushroom", "uv": [ 11.0, 0.0, 12.0, 1.0 ], "enabled": false },
						"down": { "texture": "#almondmushroom", "uv": [ 0.5, 13.0, 1.5, 14.0 ] }
					},
					"children": [
						{
							"name": "cap41",
							"from": [ -0.3, 0.9, -0.3 ], 
							"to": [ 1.3, 2.9, 1.3 ], 
							"rotationOrigin": [ 0.5, 0.9, 0.5 ],
							"rotationZ": 8.0,
							"faces": {
								"north": { "texture": "#almondmushroom", "uv": [ 12.5, 5.5, 14.0, 7.5 ] },
								"east": { "texture": "#almondmushroom", "uv": [ 10.0, 4.5, 11.5, 6.5 ] },
								"south": { "texture": "#almondmushroom", "uv": [ 10.5, 5.0, 12.0, 7.0 ] },
								"west": { "texture": "#almondmushroom", "uv": [ 8.0, 5.0, 9.5, 7.0 ] },
								"up": { "texture": "#almondmushroom", "uv": [ 10.5, 2.0, 12.0, 3.5 ] },
								"down": { "texture": "#almondmushroom", "uv": [ 10.0, 10.5, 11.5, 12.0 ] }
							}
						}
					]
				},
				{
					"name": "small42",
					"from": [ 2.0, -0.3, -1.0 ], 
					"to": [ 3.0, 0.7, 0.0 ], 
					"rotationOrigin": [ 2.5, -0.3, -0.6 ],
					"rotationY": 14.0,
					"rotationZ": 25.0,
					"faces": {
						"north": { "texture": "#almondmushroom", "uv": [ 1.0, 9.0, 2.0, 10.0 ] },
						"east": { "texture": "#almondmushroom", "uv": [ 0.0, 8.5, 1.0, 9.5 ] },
						"south": { "texture": "#almondmushroom", "uv": [ 0.0, 9.0, 1.0, 10.0 ] },
						"west": { "texture": "#almondmushroom", "uv": [ 1.0, 9.0, 2.0, 10.0 ] },
						"up": { "texture": "#almondmushroom", "uv": [ 11.0, 0.0, 12.0, 1.0 ], "enabled": false },
						"down": { "texture": "#almondmushroom", "uv": [ 0.5, 13.0, 1.5, 14.0 ] }
					},
					"children": [
						{
							"name": "cap43",
							"from": [ -0.3, 0.7, -0.3 ], 
							"to": [ 1.3, 2.7, 1.3 ], 
							"rotationOrigin": [ 0.5, 0.7, 0.5 ],
							"rotationZ": -22.0,
							"faces": {
								"north": { "texture": "#almondmushroom", "uv": [ 12.5, 5.5, 14.0, 7.5 ] },
								"east": { "texture": "#almondmushroom", "uv": [ 10.0, 4.5, 11.5, 6.5 ] },
								"south": { "texture": "#almondmushroom", "uv": [ 10.5, 5.0, 12.0, 7.0 ] },
								"west": { "texture": "#almondmushroom", "uv": [ 8.0, 5.0, 9.5, 7.0 ] },
								"up": { "texture": "#almondmushroom", "uv": [ 10.5, 2.0, 12.0, 3.5 ] },
								"down": { "texture": "#almondmushroom", "uv": [ 10.0, 10.5, 11.5, 12.0 ] }
							}
						}
					]
				},
				{
					"name": "small44",
					"from": [ -3.0, 0.0, 0.0 ], 
					"to": [ -2.0, 1.0, 1.0 ], 
					"rotationOrigin": [ -2.5, 0.0, 0.4 ],
					"rotationX": 7.0,
					"rotationY": 6.0,
					"faces": {
						"north": { "texture": "#almondmushroom", "uv": [ 1.0, 9.0, 2.0, 10.0 ] },
						"east": { "texture": "#almondmushroom", "uv": [ 0.0, 8.5, 1.0, 9.5 ] },
						"south": { "texture": "#almondmushroom", "uv": [ 0.0, 9.0, 1.0, 10.0 ] },
						"west": { "texture": "#almondmushroom", "uv": [ 1.0, 9.0, 2.0, 10.0 ] },
						"up": { "texture": "#almondmushroom", "uv": [ 11.0, 0.0, 12.0, 1.0 ], "enabled": false },
						"down": { "texture": "#almondmushroom", "uv": [ 1.0, 11.5, 2.0, 12.5 ] }
					},
					"children": [
						{
							"name": "cap45",
							"from": [ -0.5, 0.8, -0.5 ], 
							"to": [ 1.5, 2.3, 1.5 ], 
							"rotationOrigin": [ 0.5, 0.8, 0.5 ],
							"rotationY": 11.0,
							"rotationZ": 6.0,
							"faces": {
								"north": { "texture": "#almondmushroom", "uv": [ 12.5, 5.5, 14.5, 7.0 ] },
								"east": { "texture": "#almondmushroom", "uv": [ 10.0, 4.5, 12.0, 6.0 ] },
								"south": { "texture": "#almondmushroom", "uv": [ 10.5, 5.0, 12.5, 6.5 ] },
								"west": { "texture": "#almondmushroom", "uv": [ 8.0, 5.0, 10.0, 6.5 ] },
								"up": { "texture": "#almondmushroom", "uv": [ 9.0, 4.0, 11.0, 6.0 ] },
								"down": { "texture": "#almondmushroom", "uv": [ 10.0, 10.5, 12.0, 12.5 ] }
							}
						}
					]
				},
				{
					"name": "small46",
					"from": [ -1.0, -0.1, 2.0 ], 
					"to": [ 0.0, 0.9, 3.0 ], 
					"rotationOrigin": [ -0.5, -0.1, 2.4 ],
					"rotationY": 14.0,
					"faces": {
						"north": { "texture": "#almondmushroom", "uv": [ 1.0, 9.0, 2.0, 10.0 ] },
						"east": { "texture": "#almondmushroom", "uv": [ 0.0, 8.5, 1.0, 9.5 ] },
						"south": { "texture": "#almondmushroom", "uv": [ 0.0, 9.0, 1.0, 10.0 ] },
						"west": { "texture": "#almondmushroom", "uv": [ 1.0, 9.0, 2.0, 10.0 ] },
						"up": { "texture": "#almondmushroom", "uv": [ 11.0, 0.0, 12.0, 1.0 ], "enabled": false },
						"down": { "texture": "#almondmushroom", "uv": [ 0.5, 13.0, 1.5, 14.0 ] }
					},
					"children": [
						{
							"name": "cap47",
							"from": [ -0.3, 0.9, -0.3 ], 
							"to": [ 1.3, 2.9, 1.3 ], 
							"rotationOrigin": [ 0.5, 0.9, 0.5 ],
							"rotationX": 4.0,
							"faces": {
								"north": { "texture": "#almondmushroom", "uv": [ 12.5, 5.5, 14.0, 7.5 ] },
								"east": { "texture": "#almondmushroom", "uv": [ 10.0, 4.5, 11.5, 6.5 ] },
								"south": { "texture": "#almondmushroom", "uv": [ 10.5, 5.0, 12.0, 7.0 ] },
								"west": { "texture": "#almondmushroom", "uv": [ 8.0, 5.0, 9.5, 7.0 ] },
								"up": { "texture": "#almondmushroom", "uv": [ 10.5, 2.0, 12.0, 3.5 ] },
								"down": { "texture": "#almondmushroom", "uv": [ 10.0, 10.5, 11.5, 12.0 ] }
							}
						}
					]
				},
				{
					"name": "med48",
					"from": [ -2.0, -0.5, -3.0 ], 
					"to": [ -0.5, 1.5, -1.5 ], 
					"rotationOrigin": [ -1.2, -0.5, -2.3 ],
					"rotationX": -8.0,
					"rotationY": -19.0,
					"faces": {
						"north": { "texture": "#almondmushroom", "uv": [ 1.0, 9.0, 2.5, 11.0 ] },
						"east": { "texture": "#almondmushroom", "uv": [ 0.0, 8.5, 1.5, 10.5 ] },
						"south": { "texture": "#almondmushroom", "uv": [ 0.0, 9.0, 1.5, 11.0 ] },
						"west": { "texture": "#almondmushroom", "uv": [ 1.0, 9.0, 2.5, 11.0 ] },
						"up": { "texture": "#almondmushroom", "uv": [ 11.0, 0.0, 12.5, 1.5 ], "enabled": false },
						"down": { "texture": "#almondmushroom", "uv": [ 0.5, 13.0, 2.0, 14.5 ] }
					},
					"children": [
						{
							"name": "cap49",
							"from": [ -0.5, 1.9, -0.5 ], 
							"to": [ 2.0, 3.9, 2.0 ], 
							"rotationOrigin": [ 0.8, 1.9, 0.8 ],
							"rotationX": 6.0,
							"rotationY": 3.0,
							"rotationZ": 6.0,
							"faces": {
								"north": { "texture": "#almondmushroom", "uv": [ 12.5, 5.5, 15.0, 7.5 ] },
								"east": { "texture": "#almondmushroom", "uv": [ 10.0, 4.5, 12.5, 6.5 ] },
								"south": { "texture": "#almondmushroom", "uv": [ 10.5, 5.0, 13.0, 7.0 ] },
								"west": { "texture": "#almondmushroom", "uv": [ 8.0, 5.0, 10.5, 7.0 ] },
								"up": { "texture": "#almondmushroom", "uv": [ 10.5, 2.0, 13.0, 4.5 ] },
								"down": { "texture": "#almondmushroom", "uv": [ 10.0, 10.5, 12.5, 13.0 ] }
							},
							"children": [
								{
									"name": "captop50",
									"from": [ 0.5, 2.0, 0.5 ], 
									"to": [ 2.1, 2.5, 2.1 ], 
									"rotationOrigin": [ 0.5, 1.9, 0.5 ],
									"faces": {
										"north": { "texture": "#almondmushroom", "uv": [ 11.5, 4.5, 13.0, 5.0 ] },
										"east": { "texture": "#almondmushroom", "uv": [ 10.5, 5.5, 12.0, 6.0 ] },
										"south": { "texture": "#almondmushroom", "uv": [ 11.0, 6.0, 12.5, 6.5 ] },
										"west": { "texture": "#almondmushroom", "uv": [ 11.0, 5.0, 12.5, 5.5 ] },
										"up": { "texture": "#almondmushroom", "uv": [ 11.0, 2.0, 12.5, 3.5 ] },
										"down": { "texture": "#almondmushroom", "uv": [ 7.0, 12.0, 8.5, 13.5 ], "enabled": false }
									}
								}
							]
						},
						{
							"name": "frill51",
							"from": [ -0.2, 1.0, -0.2 ], 
							"to": [ 1.8, 1.0, 1.8 ], 
							"rotationOrigin": [ 0.8, 1.0, 0.8 ],
							"faces": {
								"north": { "texture": "#almondmushroom", "uv": [ 0.0, 0.0, 2.0, 0.5 ], "enabled": false },
								"east": { "texture": "#almondmushroom", "uv": [ 0.0, 0.0, 2.0, 0.5 ], "enabled": false },
								"south": { "texture": "#almondmushroom", "uv": [ 0.0, 0.0, 2.0, 0.5 ], "enabled": false },
								"west": { "texture": "#almondmushroom", "uv": [ 0.0, 0.0, 2.0, 0.5 ], "enabled": false },
								"up": { "texture": "#almondmushroom", "uv": [ 0.0, 0.0, 2.0, 2.0 ] },
								"down": { "texture": "#almondmushroom", "uv": [ 0.0, 0.0, 2.0, 2.0 ], "enabled": false }
							}
						}
					]
				},
				{
					"name": "voxel52",
					"from": [ -4.7, 0.0, 1.5 ], 
					"to": [ -3.7, 1.0, 2.5 ], 
					"rotationOrigin": [ -4.2, 0.0, 2.0 ],
					"rotationY": 33.0,
					"faces": {
						"north": { "texture": "#almondmushroom", "uv": [ 11.0, 5.5, 12.0, 6.5 ] },
						"east": { "texture": "#almondmushroom", "uv": [ 9.5, 4.0, 10.5, 5.0 ] },
						"south": { "texture": "#almondmushroom", "uv": [ 8.0, 4.5, 9.0, 5.5 ] },
						"west": { "texture": "#almondmushroom", "uv": [ 8.5, 5.0, 9.5, 6.0 ] },
						"up": { "texture": "#almondmushroom", "uv": [ 10.0, 4.0, 11.0, 5.0 ] },
						"down": { "texture": "#almondmushroom", "uv": [ 12.5, 8.5, 13.5, 9.5 ] }
					}
				},
				{
					"name": "voxel53",
					"from": [ 3.5, 0.0, -0.5 ], 
					"to": [ 4.5, 1.0, 0.5 ], 
					"rotationOrigin": [ 4.0, 0.0, 0.0 ],
					"rotationY": 8.0,
					"faces": {
						"north": { "texture": "#almondmushroom", "uv": [ 11.0, 5.5, 12.0, 6.5 ] },
						"east": { "texture": "#almondmushroom", "uv": [ 9.5, 4.0, 10.5, 5.0 ] },
						"south": { "texture": "#almondmushroom", "uv": [ 8.0, 4.5, 9.0, 5.5 ] },
						"west": { "texture": "#almondmushroom", "uv": [ 8.5, 5.0, 9.5, 6.0 ] },
						"up": { "texture": "#almondmushroom", "uv": [ 10.0, 4.0, 11.0, 5.0 ] },
						"down": { "texture": "#almondmushroom", "uv": [ 12.5, 8.5, 13.5, 9.5 ] }
					}
				},
				{
					"name": "voxel54",
					"from": [ 1.5, 0.0, -4.5 ], 
					"to": [ 2.5, 1.0, -3.5 ], 
					"rotationOrigin": [ 2.0, 0.0, -4.0 ],
					"rotationY": 3.0,
					"faces": {
						"north": { "texture": "#almondmushroom", "uv": [ 11.0, 5.5, 12.0, 6.5 ] },
						"east": { "texture": "#almondmushroom", "uv": [ 9.5, 4.0, 10.5, 5.0 ] },
						"south": { "texture": "#almondmushroom", "uv": [ 8.0, 4.5, 9.0, 5.5 ] },
						"west": { "texture": "#almondmushroom", "uv": [ 8.5, 5.0, 9.5, 6.0 ] },
						"up": { "texture": "#almondmushroom", "uv": [ 10.0, 4.0, 11.0, 5.0 ] },
						"down": { "texture": "#almondmushroom", "uv": [ 12.5, 8.5, 13.5, 9.5 ] }
					}
				},
				{
					"name": "voxel55",
					"from": [ -0.5, 0.0, 0.5 ], 
					"to": [ 0.5, 1.0, 1.5 ], 
					"rotationOrigin": [ 0.0, 0.0, 1.0 ],
					"rotationY": -3.0,
					"faces": {
						"north": { "texture": "#almondmushroom", "uv": [ 11.0, 5.5, 12.0, 6.5 ] },
						"east": { "texture": "#almondmushroom", "uv": [ 9.5, 4.0, 10.5, 5.0 ] },
						"south": { "texture": "#almondmushroom", "uv": [ 8.0, 4.5, 9.0, 5.5 ] },
						"west": { "texture": "#almondmushroom", "uv": [ 8.5, 5.0, 9.5, 6.0 ] },
						"up": { "texture": "#almondmushroom", "uv": [ 10.0, 4.0, 11.0, 5.0 ] },
						"down": { "texture": "#almondmushroom", "uv": [ 12.5, 8.5, 13.5, 9.5 ] }
					}
				},
				{
					"name": "mycelium56",
					"from": [ -5.0, 0.1, -5.0 ], 
					"to": [ 5.0, 0.1, 5.0 ], 
					"renderPass": 3,
					"rotationOrigin": [ 0.0, 0.1, 0.0 ],
					"faces": {
						"north": { "texture": "#almondmushroom", "uv": [ 0.0, 0.0, 10.0, 0.5 ], "enabled": false },
						"east": { "texture": "#almondmushroom", "uv": [ 0.0, 0.0, 10.0, 0.5 ], "enabled": false },
						"south": { "texture": "#almondmushroom", "uv": [ 0.0, 0.0, 10.0, 0.5 ], "enabled": false },
						"west": { "texture": "#almondmushroom", "uv": [ 0.0, 0.0, 10.0, 0.5 ], "enabled": false },
						"up": { "texture": "#mycelium1", "uv": [ 3.0, 3.0, 13.0, 13.0 ] },
						"down": { "texture": "#almondmushroom", "uv": [ 0.0, 0.0, 10.0, 10.0 ], "enabled": false }
					}
				}
			]
		}
	]}