{
	"editor": {
		"backDropShape": "game:entity/land/hooved/deer/water/adult",
		"collapsedPaths": "Root/Body/Right Shoulder,Root/Body/Left Shoulder",
		"allAngles": true,
		"entityTextureMode": true
	},
	"textureWidth": 40,
	"textureHeight": 48,
	"textureSizes": {
		"inermis-adult2": [40,48]
	},
	"textures": {
		"inermis-adult2": "game:entity/hooved/deer/water-adult"
	},
	"elements": [
		{
			"name": "Horn attachment",
			"stepParentName": "head",
			"from": [ -0.995, 2.31, 1.3 ],
			"to": [ -0.195, 3.11, 2.1 ],
			"uv": [ 0.0, 0.0 ],
			"rotationOrigin": [ -1.0, 2.2, 1.3 ],
			"faces": {
			},
			"children": [
				{
					"name": "R Fang2",
					"from": [ -0.2243, -0.71, -0.75 ],
					"to": [ -0.0243, -0.21, -0.55 ],
					"unwrapMode": 2,
					"uv": [ 27.5, 47.0 ],
					"rotationOrigin": [ -0.2243, -0.2072, -0.5 ],
					"rotationZ": -31.0,
					"faces": {
						"north": { "texture": "#inermis-adult2", "uv": [ 28.5, 47.0, 29.0, 47.5 ] },
						"east": { "texture": "#inermis-adult2", "uv": [ 28.0, 47.0, 28.5, 47.5 ] },
						"south": { "texture": "#inermis-adult2", "uv": [ 27.5, 47.0, 28.0, 47.5 ] },
						"west": { "texture": "#inermis-adult2", "uv": [ 29.0, 47.0, 29.5, 47.5 ] },
						"down": { "texture": "#inermis-adult2", "uv": [ 28.0, 47.5, 28.5, 48.0 ], "rotation": 270 }
					}
				},
				{
					"name": "L Fang2",
					"from": [ -0.222, -0.715, 0.45 ],
					"to": [ -0.022, -0.215, 0.65 ],
					"unwrapMode": 2,
					"uv": [ 26.0, 46.0 ],
					"rotationOrigin": [ -0.2243, -0.2072, 0.4 ],
					"rotationZ": -31.0,
					"faces": {
						"north": { "texture": "#inermis-adult2", "uv": [ 27.0, 46.0, 27.5, 46.5 ] },
						"east": { "texture": "#inermis-adult2", "uv": [ 26.5, 46.0, 27.0, 46.5 ] },
						"south": { "texture": "#inermis-adult2", "uv": [ 26.0, 46.0, 26.5, 46.5 ] },
						"west": { "texture": "#inermis-adult2", "uv": [ 27.5, 46.0, 28.0, 46.5 ] },
						"down": { "texture": "#inermis-adult2", "uv": [ 26.5, 46.5, 27.0, 47.0 ], "rotation": 270 }
					}
				}
			]
		}
	]}