﻿[
  {"file": "game:itemtypes/tool/spear", "op": "replace", "path": "/class", "value": "Bullseye:Spear"},
  {
    "file": "game:itemtypes/tool/spear",
    "op": "add",
    "path": "/attributes/ThrowAttack",
    "value": {
      "AimAnimation": "combatoverhaul:javelin-aim",
      "ThrowAnimation": "combatoverhaul:javelin-throw",
      "TpAimAnimation": "",
      "TpThrowAnimation": "",
      "Aiming": {
        "AimDifficulty": 1,
        "CursorType": "Fixed",
        "AccuracyOvertimeSec": 0,
        "CursorTextureReady": "combatoverhaul:gui/aiming/arrow-full.png",
        "CursorTextureNotReady": "combatoverhaul:gui/aiming/arrow-part.png",
        "AllowSprint": true,
        "MoveSpeedPenalty": 0.1,
        "AimDrift": 60,
        "AimTwitch": 4,
        "AnimationFollowX": 5.5,
        "AnimationFollowY": 5.5,
        "VerticalLimit": 0.25,
        "VerticalOffset": -0.05
      },
      "DamageStrengthByType": {
        "*-flint": 2,
        "*-obsidian": 3,
        "*-copper": 3,
        "*-*bronze": 3,
        "*-iron": 4,
        "*-ornategold": 4,
        "*-ornatesilver": 4,
        "*-meteoriciron": 4.5,
        "*-steel": 5,
        "*": 2
      },
      "Knockback": 1,
      "DurabilityDamage": 1,
      "Velocity": 0.7,
      "Zeroing": 1.5
    }
  },
  {
    "file": "game:itemtypes/tool/spear",
    "op": "add",
    "path": "/attributes/OneHandedStance",
    "value": {"CanAttack": false, "CanParry": false, "CanBlock": false, "CanSprint": true, "CanThrow": true}
  },
  {
    "file": "game:itemtypes/tool/spear",
    "op": "add",
    "path": "/behaviors/-",
    "value": {
      "name": "CombatOverhaul:Projectile",
      "properties": {
        "stats": {
          "AdditionalDurabilityCost": 0,
          "CollisionRadius": 0.05,
          "DamageStatsByType": {
            "*-flint": {"DamageType": "PiercingAttack", "Damage": 4},
            "*-obsidian": {"DamageType": "PiercingAttack", "Damage": 4},
            "*-copper": {"DamageType": "PiercingAttack", "Damage": 4.5},
            "*-*bronze": {"DamageType": "PiercingAttack", "Damage": 5},
            "*-*iron": {"DamageType": "PiercingAttack", "Damage": 5.5},
            "*-ornategold": {"DamageType": "PiercingAttack", "Damage": 5.5},
            "*-ornatesilver": {"DamageType": "PiercingAttack", "Damage": 5.5},
            "*-steel": {"DamageType": "PiercingAttack", "Damage": 6},
            "*": {"DamageType": "PiercingAttack", "Damage": 3.5}
          },
          "HitSound": "game:sounds/player/projectilehit",
          "SpeedThreshold": 0.3,
          "Knockback": 0.3,
          "EntityCode": "combatoverhaul:spear-{type}-{material}",
          "DurabilityDamage": 1,
          "DropChance": 1
        }
      }
    }
  },
  { "side": "Server", "file": "game:itemtypes/tool/spear", "op": "add", "path": "/attackpowerbytype/spear-generic-iron", "value": 4.25 },
	{ "side": "Server", "file": "game:itemtypes/tool/spear", "op": "add", "path": "/attackpowerbytype/spear-generic-meteoriciron", "value": 4.5 },
	{ "side": "Server", "file": "game:itemtypes/tool/spear", "op": "add", "path": "/attackpowerbytype/spear-generic-steel", "value": 4.5 },
  { "side": "Server", "file": "game:itemtypes/tool/spear", "op": "add", "path": "/durabilitybytype/spear-generic-iron", "value": 550 },
	{ "side": "Server", "file": "game:itemtypes/tool/spear", "op": "add", "path": "/durabilitybytype/spear-generic-meteoriciron", "value": 700 },
	{ "side": "Server", "file": "game:itemtypes/tool/spear", "op": "add", "path": "/durabilitybytype/spear-generic-steel", "value": 1350 },
  { "side": "Server", "file": "game:itemtypes/tool/spear", "op": "add", "path": "/attributes/damageByType/*-iron", "value": 9 },
	{ "side": "Server", "file": "game:itemtypes/tool/spear", "op": "add", "path": "/attributes/damageByType/*-meteoriciron", "value": 9.25 },
	{ "side": "Server", "file": "game:itemtypes/tool/spear", "op": "add", "path": "/attributes/damageByType/*-steel", "value": 9.25 },
  { 
		"side": "Server", "file": "game:itemtypes/tool/spear", "op": "add", "path": "/tooltierbytype", "value": 
		{
			"*-chert": 1,
			"*-granite": 1,
			"*-andesite": 1,
			"*-basalt": 1,
			"*-peridotite": 1,
			"*-flint": 1,
			"*-obsidian": 1,
			"*-scrap": 2,
			"*-copper": 2,
			"*-bismuthbronze": 3,
			"*-tinbronze": 3,
			"*-blackbronze": 3,
			"*-ornate-gold": 4,
			"*-ornate-silver": 4,
			"*-iron": 4,
			"*-meteoriciron": 4,
			"*-steel": 5,
			"*-hacking": 4,
			"*-ruined": 4,
		  "*-erel": 2
		}
	},
  { "side": "Server", "file": "game:itemtypes/tool/spear", "op": "add", "path": "/variantgroups/1/states/-", "value": "iron" },
	{ "side": "Server", "file": "game:itemtypes/tool/spear", "op": "add", "path": "/variantgroups/1/states/-", "value": "meteoriciron" },
	{ "side": "Server", "file": "game:itemtypes/tool/spear", "op": "add", "path": "/variantgroups/1/states/-", "value": "steel" },
  { "side": "Server", "file": "game:itemtypes/tool/spear", "op": "add", "path": "/shapeByType/@spear-generic-(iron|meteoriciron|steel)", "value": { "base": "combatoverhaul:spear-iron" } },
  { "side": "Server", "file": "game:itemtypes/tool/spear", "op": "move", "frompath": "/texturesByType/spear-generic-*", "path": "/move-temp"},
	{ "side": "Server", "file": "game:itemtypes/tool/spear", "op": "add", "path": "/texturesByType/@spear-generic-(iron|meteoriciron|steel)", "value": { "material": { "base": "game:block/metal/ingot/{material}" } } },
	{ "side": "Server", "file": "game:itemtypes/tool/spear", "op": "move", "frompath": "/move-temp", "path": "/texturesByType/spear-generic-*"},
  {"side": "Server", "file": "game:recipes/grid/tool/spear", "op": "add", "path": "/ingredients/T/allowedVariants/-", "value": "iron"},
  {"side": "Server", "file": "game:recipes/grid/tool/spear", "op": "add", "path": "/ingredients/T/allowedVariants/-", "value": "meteoriciron"},
  {"side": "Server", "file": "game:recipes/grid/tool/spear", "op": "add", "path": "/ingredients/T/allowedVariants/-", "value": "steel"},
  {"side": "Server", "file": "game:recipes/smithing/spear", "op": "add", "path": "/ingredient/allowedVariants/-", "value": "iron"},
  {"side": "Server", "file": "game:recipes/smithing/spear", "op": "add", "path": "/ingredient/allowedVariants/-", "value": "meteoriciron"},
  {"side": "Server", "file": "game:recipes/smithing/spear", "op": "add", "path": "/ingredient/allowedVariants/-", "value": "steel"},
  {"side": "Server", "file": "game:itemtypes/toolhead/spearhead", "op": "add", "path": "/variantgroups/0/states/-", "value": "iron"},
  {"side": "Server", "file": "game:itemtypes/toolhead/spearhead", "op": "add", "path": "/variantgroups/0/states/-", "value": "meteoriciron"},
  {"side": "Server", "file": "game:itemtypes/toolhead/spearhead", "op": "add", "path": "/variantgroups/0/states/-", "value": "steel"},
  {
    "side": "Server",
    "file": "game:itemtypes/toolhead/spearhead",
    "op": "add",
    "path": "/shapeByType/@*-(iron|meteoriciron|steel)",
    "value": {"base": "item/tool/spear/spearhead-metal"}
  },
  {"side": "Server", "file": "game:itemtypes/toolhead/spearhead", "op": "move", "frompath": "/guiTransformByType/*", "path": "/move-temp"},
  {
    "side": "Server",
    "file": "game:itemtypes/toolhead/spearhead",
    "op": "add",
    "path": "/guiTransformByType/@*-(iron|meteoriciron|steel)",
    "value": {"translation": {"x": 0, "y": 0, "z": 0}, "rotation": {"x": 43, "y": 28, "z": -59}, "origin": {"x": 0.45, "y": 0.02, "z": 0.5}, "scale": 3.51}
  },
  {"side": "Server", "file": "game:itemtypes/toolhead/spearhead", "op": "move", "frompath": "/move-temp", "path": "/guiTransformByType/*"},
  {"side": "Server", "file": "game:itemtypes/toolhead/spearhead", "op": "move", "frompath": "/fpHandTransformByType/*", "path": "/move-temp"},
  {
    "side": "Server",
    "file": "game:itemtypes/toolhead/spearhead",
    "op": "add",
    "path": "/fpHandTransformByType/@*-(iron|meteoriciron|steel)",
    "value": {"translation": {"x": 0, "y": 0, "z": 0}, "rotation": {"x": -23, "y": 127, "z": 81}, "origin": {"x": 0.5, "y": 0.06, "z": 0.51}, "scale": 2.5}
  },
  {"side": "Server", "file": "game:itemtypes/toolhead/spearhead", "op": "move", "frompath": "/move-temp", "path": "/fpHandTransformByType/*"},
  {"side": "Server", "file": "game:itemtypes/toolhead/spearhead", "op": "move", "frompath": "/tpHandTransformByType/*", "path": "/move-temp"},
  {
    "side": "Server",
    "file": "game:itemtypes/toolhead/spearhead",
    "op": "add",
    "path": "/tpHandTransformByType/@*-(iron|meteoriciron|steel)",
    "value": {"translation": {"x": -0.8, "y": -0.1, "z": -0.6}, "rotation": {"x": -19, "y": -22, "z": -22}, "origin": {"x": 0.5, "y": 0, "z": 0.5}, "scale": 0.82}
  },
  {"side": "Server", "file": "game:itemtypes/toolhead/spearhead", "op": "move", "frompath": "/move-temp", "path": "/tpHandTransformByType/*"},
  {"side": "Server", "file": "game:itemtypes/toolhead/spearhead", "op": "move", "frompath": "/groundTransformByType/*", "path": "/move-temp"},
  {
    "side": "Server",
    "file": "game:itemtypes/toolhead/spearhead",
    "op": "add",
    "path": "/groundTransformByType/@*-(iron|meteoriciron|steel)",
    "value": {"translation": {"x": 0, "y": 0, "z": 0}, "rotation": {"x": 90, "y": -5, "z": 0}, "origin": {"x": 0.5, "y": 0.05, "z": 0.52}, "scale": 4.63}
  },
  {"side": "Server", "file": "game:itemtypes/toolhead/spearhead", "op": "move", "frompath": "/move-temp", "path": "/groundTransformByType/*"}
]