[
  {
    "side": "server",
    "op": "replace",
    "path": "/client/shape/base",
    "value": "scarecrow:entity/land/scarecrow-alt",
    "file": "scarecrow:entities/land/scarecrow.json",
    "dependsOn": [ { "modid": "plumpkinsartofgrowingaddon" } ]
  },
  {
    "side": "server",
    "op": "replace",
    "path": "/shape/base",
    "value": "scarecrow:entity/land/scarecrow-alt",
    "file": "scarecrow:itemtypes/scarecrow.json",
    "dependsOn": [ { "modid": "plumpkinsartofgrowingaddon" } ]
  }
]
