{
    "code": "counterclutter",
    "creativeinventory": { "general": ["*-north"], "decorative": ["*-north"], "decorbazaar": ["*-north"] },
    "behaviors": [{ "name": "HorizontalOrientable" }],
    "attributes": {
		"pieFormingSurface": true
     },
    "variantgroups": [{ "code": "side", "loadFromProperties": "abstract/horizontalorientation" }],
    "shape": {
        "base": "block/kitchendecor/counterclutter",
        "rotateYByType": {
            "*-north": 0,
            "*-east": 270,
            "*-south": 180,
            "*-west": 90
        }
    },
    "blockmaterial": "stone",
  "lightAbsorption": 0,
    "sidesolid": {
        "all": "false",
	"up": "false"
    },
    "sideopaque": {
        "all": "false",
	"up": "false"
    },
	"textures": {
		"jar": { "base": "block/bazaar/ceramic/jar" },
		"flintporceilan": { "base": "game:block/clay/crock/flintporceilan" },
		"base2": { "base": "game:block/clay/oven/base2" },
		"tinbronze": { "base": "game:block/metal/ingot/tinbronze" },
		"pine": { "base": "game:block/wood/bark/pine" }
	},
    "resistance": 3.5,
    "selectionBox": { x1: 0, y1: 0, z1: 0, x2: 1, y2: 0.625, z2: 1 },
    "materialDensity": 400,
    "sounds": {
        "place": "game:block/planks",
        "walk": "game:walk/stone"
    },
	guiTransform: {
		rotation: { x: -22.6, y: 143, z: 0 }
	}
}