{
    "code": "dishrack",
    "creativeinventory": { "general": ["*-north"], "decorative": ["*-north"], "decorbazaar": ["*-north"] },
    "behaviors": [{ "name": "HorizontalOrientable" }],
    "variantgroups": [{ "code": "side", "loadFromProperties": "abstract/horizontalorientation" }],
    "shape": {
        "base": "block/kitchendecor/dishrack",
        "rotateYByType": {
            "*-north": 0,
            "*-east": 270,
            "*-south": 180,
            "*-west": 90
        }
    },
    "blockmaterial": "stone",
  "lightAbsorption": 0,
    "sidesolid": {
        "all": "false"
    },
    "sideopaque": {
        "all": "false"
    },
    "drawtype": "json",
	"textures": {
		"0": { base: "game:block/clay/vessel/sides/seasalt" },
		"1": { base: "game:block/clay/crock/flintporceilan" },
		"2": { base: "game:block/wood/planks/baldcypress1" },
		"3": { base: "game:block/wood/planks/aged1" },
		"4": { base: "game:block/clay/vessel/sides/burned" }
	},
    "resistance": 3.5,
    "sounds": {
        "place": "game:block/planks",
        "walk": "game:walk/stone"
    },
	guiTransform: {
		rotation: { x: -22.6, y: 144, z: 0 }
	}
}