{
    "code": "glasstray",
    "creativeinventory": { "general": ["*-north"], "decorative": ["*-north"], "decorbazaar": ["*-north"] },
    "behaviors": [{ "name": "HorizontalOrientable" }],
    "variantgroups": [{ "code": "side", "loadFromProperties": "abstract/horizontalorientation" }],
    "shape": {
        "base": "block/kitchendecor/glasstray",
        "rotateYByType": {
            "*-north": 0,
            "*-east": 270,
            "*-south": 180,
            "*-west": 90
        }
    },
    "blockmaterial": "Wood",
  "lightAbsorption": 0,
    "sidesolid": {
        "all": "false"
    },
    "sideopaque": {
        "all": "false"
    },
	"textures": {
		"gold": { base: "game:block/metal/ingot/gold"},
		"brass": { base:  "game:block/metal/ingot/brass"},
		"glassongold": { base: "block/bazaar/glass/glassongold"},
		"greenglass": { base: "block/bazaar/glass/greenglass"},
		"maroonglass": { base: "block/bazaar/glass/maroonglass"},
		"brownglass": { base: "block/bazaar/glass/brownglass"}
	},
    "drawtype": "json",
    "resistance": 3.5,
	collisionBox: { x1: 0.0625, y1: 0, z1: 0.1875, x2: 0.9375, y2: 0.125, z2: 0.8125 },
	selectionBox: { x1: 0.0625, y1: 0, z1: 0.1875, x2: 0.9375, y2: 0.125, z2: 0.8125 },
    "sounds": {
        "place": "game:block/planks",
        "walk": "game:walk/stone"
    },
	guiTransform: {
		rotation: { x: -22.6, y: 144, z: 0 }
	}
}