{
    "code": "herbrack",
    "creativeinventory": { "general": ["*-north"], "decorative": ["*-north"], "decorbazaar": ["*-north"] },
    "behaviors": [ {name: "HorizontalAttachable", properties: {  dropBlockFace: "east" }}],
    "variantgroups": [
        {
            "code": "side",
            "loadFromProperties": "abstract/horizontalorientation"
        }
    ],
    "shape": {
        "base": "block/kitchendecor/herbrack2",
        "rotateYByType": {
            "*-north": 0,
            "*-east": 270,
            "*-south": 180,
            "*-west": 90
        }
    },
    "blockmaterial": "Stone",
  "lightAbsorption": 0,
    "sidesolid": {
        "all": "false"
    },
    "sideopaque": {
        "all": "false"
    },
    "drawtype": "json",
    "resistance": 3.5,
    "sounds": {
        "place": "game:block/stone",
        "walk": "game:walk/stone"
    },
    "collisionBox": { 
			x1: 0.0626, y1: 0.8125, z1: 0.3125, x2: 0.9375, y2: 1, z2: 0.5625,
			rotateYByType: {
			"*-east": 270,
			"*-west": 90,
			"*-south": 180
			}
},
    "selectionBox": { 
			x1: 0.0626, y1: 0.8125, z1: 0.3125, x2: 0.9375, y2: 1, z2: 0.5625,
			rotateYByType: {
			"*-east": 270,
			"*-west": 90,
			"*-south": 180
			}
},
	guiTransform: {
		rotation: { x: -22.6, y: 147, z: 0 }
	},
}