{
    "code": "jug",
    "creativeinventory": { "general": ["*-north"], "decorative": ["*-north"], "decorbazaar": ["*-north"] },
    "behaviors": [{ "name": "HorizontalOrientable" }],
    "variantgroups": [{ "code": "side", "loadFromProperties": "abstract/horizontalorientation" }],
    "shape": {
        "base": "block/kitchendecor/jug",
        "rotateYByType": {
            "*-north": 0,
            "*-east": 270,
            "*-south": 180,
            "*-west": 90
        }
    },
    "blockmaterial": "Wood",
  "lightAbsorption": 0,
    "sidesolid": {
        "all": "false"
    },
    "sideopaque": {
        "all": "false"
    },
    "drawtype": "json",
	"textures": {
		"0": { base: "game:block/clay/oven/base1" },
		"1": { base: "game:block/clay/vessel/sides/burned" }
	},
    "resistance": 3.5,
	collisionBox: { x1: 0.25, y1: 0, z1: 0.25, x2: 0.75, y2: 0.5, z2: 0.75 },
	selectionBox: { x1: 0.25, y1: 0, z1: 0.25, x2: 0.75, y2: 0.5, z2: 0.75 },
    "sounds": {
        "place": "game:block/planks",
        "walk": "game:walk/stone"
    },
	guiTransform: {
		rotation: { x: -22.6, y: 144, z: 0 }
	}
}