{
    "code": "picnicbasket",
    "entityClass": "GenericContainer",
    "creativeinventory": { "general": ["*-north"], "decorative": ["*-north"], "decorbazaar": ["*-north"] },
    "behaviors": [{ "name": "HorizontalOrientable" }, {name: "Container"}],
    "variantgroups": [{ "code": "side", "loadFromProperties": "abstract/horizontalorientation" }],
	attributes: {
		"inventoryClassName": "Cabinet",
		"quantitySlots": "12",
		"dialogTitleLangCode": "Picnic Basket"
	},
    "shape": {
        "base": "block/kitchendecor/picnicbasket",
        "rotateYByType": {
            "*-north": 0,
            "*-east": 270,
            "*-south": 180,
            "*-west": 90
        }
    },
    "blockmaterial": "Wood",
  "lightAbsorption": 0,
    "sidesolid": {
        "all": "false"
    },
    "sideopaque": {
        "all": "false"
    },
    "drawtype": "json",
"textures": {
		"ginghamred": { "base": "block/bazaar/fabric/ginghamred" },
		"basket": { "base": "game:item/bag/basket/basket" }
	},
    "resistance": 3.5,
	collisionBox: { x1: 0.125, y1: 0, z1: 0.125, x2: 0.875, y2: 0.4375, z2: 0.875 },
	selectionBox: { x1: 0.125, y1: 0, z1: 0.125, x2: 0.875, y2: 0.4375, z2: 0.875 },
    "sounds": {
        "place": "game:block/planks",
        "walk": "game:walk/stone"
    },
	guiTransform: {
		rotation: { x: -22.6, y: 147, z: 0 }
	}
}