{
	"code": "pantherinae-panthera",
	"class": "EntityAgent",
	"fallDamageMultiplierByType": {"*-female-atrox-*" :1.5,"*-male-atrox-*" :2,"*-female-leo-*" :1,"*-male-leo-*" :2,"*-female-onca-*" :0.75,"*-male-onca-*" :1,"*-female-pardus-*" :0.5,"*-male-pardus-*" :0.6,"*-female-spelaea-*" :1.3,"*-male-spelaea-*" :2,"*-female-tigris-*" :1.2,"*-male-tigris-*" :1.5,"*-uncia-*" :0.5},
	"canClimb": true,
	"variantgroups": [
    {"code": "age","states": [ "adult"]},
    {"code": "gender","states": [ "female","male"]},
		{"code": "species","states": [ "atrox","leo","onca","pardus","spelaea","tigris","uncia" ]},
		{"code": "pigment","states": [ "normal", "albino", "melanistic" ]}
	],
	"allowedVariants": [
		"*-atrox-normal",
		"*-leo-normal",
		"*-onca-melanistic",
		"*-onca-normal",
		"*-pardus-melanistic",
		"*-pardus-normal",
		"*-spelaea-normal",
		"*-tigris-normal",
		"*-uncia-normal"
	],
	"collisionBoxSizeByType": {
		"*-female-atrox-*": {	"x": 1.6,"y": 1.0},"*-male-atrox-*": {	"x": 2,"y": 1.2},
		"*-female-leo-*": {	"x": 1.5,"y": 0.9},"*-male-leo-*": {	"x": 1.8,"y": 1.1},
		"*-female-onca-*": {	"x": 1.3,"y": 0.9},"*-male-onca-*": {	"x": 1.3,"y": 0.9},
		"*-female-pardus-*": {	"x": 1.2,"y": 0.85},"*-male-pardus-*": {	"x": 1.2,"y": 0.85},
		"*-female-spelaea-*": {	"x": 1.5,"y": 0.9},"*-male-spelaea-*": {	"x": 1.9,"y": 1.1},
		"*-female-tigris-*": {	"x": 1.5,"y": 0.9},"*-male-tigris-*": {	"x": 2,"y": 1.3},
		"*-female-uncia-*": {	"x": 0.8,"y": 0.7},"*-male-uncia-*": {	"x": 1.0,"y": 0.8},
		"*": {	"x": 1.2,"y": 0.85}
	},
	"deadCollisionBoxSizeByType": {
		"*-atrox-*": {	"x": 1.3,"y": 0.6},
		"*-leo-*": {	"x": 1.3,"y": 0.55},
		"*-onca-*": {"x": 1.2,"y": 0.45},
		"*-pardus-*": {"x": 1.2,"y": 0.45},
		"*-spelaea-*": {	"x": 1.3,"y": 0.55},
		"*-tigris-*": {	"x": 1.3,"y": 0.55},
		"*-uncia-*": {	"x": 1.3,"y": 0.4},
		"*": {"x": 1.2,"y": 0.45}
	},
	"selectionBoxSizeByType": {
		"*-atrox-*": {	"x": 2,"y": 2},
		"*-leo-*": {	"x": 2,"y": 2},
		"*-onca-*": {"x": 1.5,"y": 1.8},
		"*-pardus-*": {"x": 1.5,"y": 1.8},
		"*-spelaea-*": {	"x": 2,"y": 2},
		"*-tigris-*": {	"x": 2,"y": 2},
		"*-uncia-*": {	"x": 1.25,"y": 0.75},
		"*": {"x": 1.5,"y": 1.8}
	},
	"deadSelectionBoxSizeByType": {
		"*-atrox-*": {	"x": 2,"y": 1},
		"*-leo-*": {	"x": 2,"y": 1},
		"*-onca-*": {"x": 1.2,"y": 1.0},
		"*-pardus-*": {"x": 1.2,"y": 1.0},
		"*-spelaea-*": {	"x": 2,"y": 1},
		"*-tigris-*": {	"x": 2,"y": 1},
		"*-uncia-*": {	"x": 1.25,"y": 0.75},
		"*": {"x": 1.2,"y": 1.0}
	},
	"knockbackResistanceByType": {
		"*-atrox-*": 0.75,
		"*-leo-*": 0.7,
		"*-onca-*": 0.5,
		"*-pardus-*": 0.4,
		"*-spelaea-*": 0.7,
		"*-tigris-*": 0.75,
		"*-uncia-*": 0.3,
		"*": 0.5
	},
	"eyeHeight": 0.6,
	"weightByType": {
		"*-female-atrox-*": 162,"*-male-atrox-*": 256,
		"*-female-leo-*": 118,"*-male-leo-*": 186,
		"*-female-onca-*": 67,"*-male-onca-*": 95,
		"*-female-pardus-*": 43,"*-male-pardus-*": 50,
		"*-female-spelaea-*": 132,"*-male-spelaea-*": 208,
		"*-female-tigris-*": 116,"*-male-tigris-*": 174,
		"*-female-uncia-*": 37,"*-male-uncia-*": 37
	},	
	"drops": [],
	"attributes": {
		"creatureDiet": {"foodTags": ["egg","fish","meat"]},
		"killedByInfoText": "deadcreature-eaten-large",
		"handbook": {
			"groupcode": "creaturegroup-panthera"
		}
	},
	"client": {
		"renderer": "Shape",
		"shapeByType": {
			"*-atrox-*": { "base": "entity/land/atrox" },
			"*-male-leo-*": { "base": "entity/land/leo" },
			"*-female-leo-*": { "base": "entity/land/atrox" },
			"*-onca-*": { "base": "entity/land/onca" },
			"*-pardus-*": { "base": "entity/land/pardus" },
			"*-spelaea-*": { "base": "entity/land/spelaea" },
			"*-tigris-*": { "base": "entity/land/tigris" },
			"*-uncia-*": { "base": "entity/land/uncia" },
			"*": { "base": "entity/land/onca" }

		},
		"texturesByType": {
			"*-male-leo-normal": {"skin": {"base": "entity/pantherinae/panthera-leo"}, "mane": {"base": "entity/pantherinae/panthera-leo-mane"}}
		},
		"textureByType": {
			"*-atrox-normal": { "base": "entity/pantherinae/panthera-atrox" },
			"*-female-leo-normal": { "base": "entity/pantherinae/panthera-leo" },
			"*-onca-normal": { "base": "entity/pantherinae/panthera-onca" },
			"*-onca-melanistic": { "base": "entity/pantherinae/panthera-onca-melanistic" },
			"*-pardus-normal": { "base": "entity/pantherinae/panthera-pardus" },
			"*-pardus-melanistic": { "base": "entity/pantherinae/panthera-pardus-melanistic" },
			"*-spelaea-normal": { "base": "entity/pantherinae/panthera-spelaea" },
			"*-tigris-normal": { "base": "entity/pantherinae/panthera-tigris"},
			"*-uncia-normal": { "base": "entity/pantherinae/panthera-uncia" }
		},
		"sizeByType": {
			"*-female-atrox-*": 0.95,"*-male-atrox-*": 1,
			"*-female-leo-*":  0.9,"*-male-leo-*":  0.95,
			"*-female-onca-*": 0.6,"*-male-onca-*": 0.66,
			"*-female-pardus-*": 0.52,"*-male-pardus-*": 0.58,
			"*-female-spelaea-*": 0.9,"*-male-spelaea-*": 0.95,
			"*-female-tigris-*": 0.9,"*-male-tigris-*": 0.975,
			"*-female-uncia-*": 0.5,"*-male-uncia-*": 0.55,
			"*": 0.5
		},
			"behaviors": [
				{ "code": "repulseagents" },
				{
					"code": "controlledphysics",
					"stepHeight": 3.1251
				},
				{ "code": "interpolateposition" },
				{
					"code": "floatupwhenstuck",
					"onlyWhenDead": true
				},
				{ "code": "multiply", "enabledByType": { "*-adult-female-*": true, "*": false }  },
				{ "code": "harvestable","quantitySlots": 8 },
				{
					"code": "despawn",
					"minPlayerDistance": 8,
					"belowLightLevel": 8,
					"minSeconds": 300
				}

			],
			"animations": [
				{
					"code": "hurt",
					"animation": "hurt",
					"animationSpeed": 2.2,
					"weight": 10,
					"blendMode": "AddAverage"
				},
				{
					"code": "die",
					"animation": "death",
					"animationSpeed": 2.25,
					"weight": 10,
					"blendMode": "Average",
					"triggeredBy": { "onControls": [ "dead" ] }
				},
				{
					"code": "idle",
					"animation": "idle",
					"blendMode": "AddAverage",
					"easeOutSpeed": 4,
					"triggeredBy": { "defaultAnim": true }
				},
				{
					"code": "sleep",
					"animation": "sleep",
					"easeInSpeed": 2,
					"easeOutSpeed": 4,
					"blendMode": "Average"
				},
				{
					"code": "sit",
					"animation": "sit",
					"easeInSpeed": 2,
					"easeOutSpeed": 2,
					"blendMode": "Average"
				},
				{
					"code": "lie",
					"animation": "lie",
					"blendMode": "Average"
				},
				{
					"code": "loaf",
					"animation": "loaf",
					"blendMode": "Average"
				},
				{
					"code": "lick",
					"animation": "lick",
					"blendMode": "Average"
				},
				{
					"code": "swim",
					"animation": "swim",
					"blendMode": "Average"
				},
				{
					"code": "walk",
					"animation": "walk",
					"supressDefaultAnimation": true,
					"blendMode": "Average"
				}
			]
		},
	"server": {
		"attributes": {
			"pathfinder": {
				"minTurnAnglePerSec": 350,
				"maxTurnAnglePerSec": 650
			}
		},
		"behaviors": [
			{ "code": "repulseagents" },
			{
				"code": "controlledphysics",
				"stepHeight": 3.1251
			},
			{
				"code": "despawn",
				"minPlayerDistance": 8,
				"belowLightLevel": 8,
				"minSeconds": 300
			},
			{
				"code": "health",
				"maxhealthByType": {
					"*-female-atrox-*": 33,"*-male-atrox-*": 51,
					"*-female-leo-*": 24,"*-male-leo-*": 38,
					"*-female-onca-*": 15,"*-male-onca-*": 20,
					"*-female-pardus-*": 11,"*-male-pardus-*": 12,
					"*-female-spelaea-*": 27,"*-male-spelaea-*": 42,
					"*-female-tigris-*": 24,"*-male-tigris-*": 35,
					"*-female-uncia-*": 10,"*-male-uncia-*": 10,
					"*": 10
				}
			},
			{
				"code": "deaddecay",
				"hoursToDecay": 96,
				"decayedBlock": "carcass-medium"
			},
			{
				"code": "floatupwhenstuck",
				"onlyWhenDead": true
			},
			{
				"code": "harvestable","quantitySlots": 8,
				"drops": [
					{
						"type": "item",
						"code": "game:bushmeat-raw",
						"quantityByType": {
							"*-female-atrox-*": {"avg": 19,"var": 2},"*-male-atrox-*": {"avg": 24,"var": 3},
							"*-female-leo-*": {"avg": 15,"var": 2},"*-male-leo-*": {"avg": 21,"var": 2},
							"*-female-onca-*": {"avg": 6,"var": 2},"*-male-onca-*": {"avg": 7,"var": 2},
							"*-female-pardus-*": {"avg": 4,"var": 2},"*-male-pardus-*": {"avg": 4,"var": 2},
							"*-female-spelaea-*": {"avg": 16,"var": 2},"*-male-spelaea-*": {"avg": 22,"var": 2},
							"*-female-tigris-*": {"avg": 15,"var": 2},"*-male-tigris-*": {"avg": 20,"var": 2},
							"*-female-uncia-*": {"avg": 4,"var": 2},"*-male-uncia-*": {"avg": 4,"var": 2}
						}
					},
					{
						"type": "item",
						"code": "game:fat",
						"quantityByType": {
							"*-onca-*": {"avg": 1,"var": 0.3},
							"*-pardus-*": {"avg": 1,"var": 0.3},
							"*-uncia-*": {"avg": 1,"var": 0.3},
							"*": {"avg": 2,"var": 0.3}
						}
					},
					{
						"type": "item",
						"code": "pantherinae:pelt-panthera-{gender}-{species}-{pigment}",
						"quantityByType": {
							"*": {"avg": 1.0,"var": 0.0}
						}
					}
				]
			},
			{ "code": "breathe" },
			{
				"code": "multiply",
				"enabledByType": {"*-adult-female-*": true,"*": false},
				"spawnEntityCodesByType": {"*": [ { "code":"pantherinae:pantherinae-panthera-baby-female-{species}-{pigment}"}, {"code": "pantherinae:pantherinae-panthera-baby-female-{species}-{pigment}"} ]},
				"requiresNearbyEntityCode": "pantherinae:pantherinae-panthera-adult-male-{species}-{pigment}",
				"requiresNearbyEntityRange": 10,
				"spawnQuantityMin": 1,
				"spawnQuantityMaxByType": {
					"*-atrox-*": 3,
					"*-leo-*": 4,
					"*-onca-*": 2,
					"*-pardus-*": 4,
					"*-spelaea-*": 4,
					"*-tigris-*": 6,
					"*-uncia-*": 7,
					"*": 1
				},
				"pregnancyDaysByType": {
					"*-atrox-*": 24,
					"*-leo-*": 22,
					"*-onca-*": 18,
					"*-pardus-*": 18,
					"*-spelaea-*": 24,
					"*-tigris-*": 20,
					"*-uncia-*": 18,
					"*": 18
				},
				"multiplyCooldownDaysMin": 4,
				"multiplyCooldownDaysMax": 11,
				"portionsEatenForMultiplyByType": {
					"*-atrox-*": 14,
					"*-leo-*": 11,
					"*-onca-*": 9,
					"*-pardus-*": 7,
					"*-spelaea-*": 12,
					"*-tigris-*": 11,
					"*-uncia-*": 7,
					"*": 7
				}
			},
			{
				"code": "emotionstates",
				"states": [
					{
						"code": "fleeondamage",
						"duration": 60,
						"chanceByType": {
							"*-onca-*": 0.75,
							"*-pardus-*": 0.85,
							"*-uncia-*": 0.95,
							"*": 0.45
						},
						"slot": 2,
						"priority": 5,
						"accumType": "max",
						"whenHealthRelBelow": 0.6
					},
					{
						"code": "aggressiveondamage",
						"duration": 30,
						"chance": 1,
						"slot": 2,
						"priority": 2,
						"accumType": "noaccum"
					},
					{
						"code": "alarmherdondamage",
						"chance": 1,
						"slot": 1,
						"priority": 1,
						"accumType": "max"
					},
					{
						"code": "saturated",
						"duration": 5760,
						"chance": 1,
						"slot": 0,
						"priority": 1,
						"accumType": "sum",
						"belowTempDuration": 2880,
						"belowTempThreshold": 0
					},
					{ "code": "aggressivearoundentities", "duration": 60, "chanceByType": {"*": 1.0}, "slot": 2, "priority": 4, "entityCodes": ["pantherinae:pantherinae-panthera-baby-female-{species}-{pigment}","pantherinae:pantherinae-panthera-baby-male-{species}-{pigment}"], "maxGeneration": 2 }
				
				]
			},
			{
				"code": "taskai",
				"aiCreatureType": "LandCreature",
				"aitasks": [
					{
						"code": "meleeattack",
						"entityCodesByType": {
							"@.*-(atrox|leo||spelaea|tigris)-.*": [ "player", "bear-*","chicken-*", "deer-*","drifter-*", "fox-*", "gazelle-*", "goat-*","hare-*","hyena-*", "moose-*", "pig-*", "raccoon-*",  "sheep-*","tameddeer-*", "wolf-*","anatidae-*", "antilopinae-*","apterygidae-*","aptornithidae-*","bovinae-*","caninae-*", "caprinae-*","casuariidae-*","cervidae-*","dasyuridae-*","diprotodontidae-*","dinornithidae-*","dromornithidae-*","elephantidae-*","emeidae-*","felinae-*","hyaenidae-*","megalapterygidae-*","meiolaniidae-*","nandiniidae-*","pantherinae-neofelis-*","procyonidae-*","rallidae-*","rhinocerotidae-*","spheniscidae-*","strigopidae-*", "suidae-*","thylacoleonidae-*","ursidae-*","viverridae-*","vombatidae-*" ],
							"@.*-(onca|pardus)-.*": [ "player","chicken-*","drifter-*","fox-*","gazelle-*","goat-*", "hare-*","hyena-*","pig-*",  "raccoon-*", "salmon-*", "sheep-*","tameddeer-*",  "wolf-*","acanthisittidae-*","anatidae-*","aegothelidae-*","apterygidae-*","aptornithidae-*","bovinae-*","caninae-*","casuariidae-*","cervidae-*","dasyuridae-*","diprotodontidae-*","dinornithidae-*","dromornithidae-*","elephantidae-baby-*","emeidae-*","felinae-*","manidae-*","megalapterygidae-*","meiolaniidae-*","nandiniidae-*","pantherinae-neofelis-*","rallidae-*","rhinocerotidae-baby-*","spheniscidae-*","strigopidae-*","viverridae-*","vombatidae-*"  ],
							"*-uncia-*": [ "player", "chicken-*",  "fox-*", "gazelle-*","hare-*","pig-*","raccoon-*", "pig-*", "sheep-*","acanthisittidae-*","anatidae-*","aegothelidae-*","apterygidae-*","aptornithidae-*","bovinae-*","caninae-*","casuariidae-*","cervidae-*","dasyuridae-*","diprotodontidae-*","dinornithidae-*","dromornithidae-*","elephantidae-baby-*","emeidae-*","felinae-*","manidae-*","megalapterygidae-*","meiolaniidae-*","nandiniidae-*","rallidae-*","rhinocerotidae-baby-*","spheniscidae-*","strigopidae-*","viverridae-*","vombatidae-*" ]
						},
						"priority": 1.7,
						"damageByType": {
							"*-female-atrox-*": 9,"*-male-atrox-*": 11,
							"*-female-leo-*": 8,"*-male-leo-*": 9,
							"*-female-onca-*": 6,"*-male-onca-*": 7,
							"*-female-pardus-*": 5,"*-male-pardus-*": 5,
							"*-female-spelaea-*": 8,"*-male-spelaea-*": 10,
							"*-female-tigris-*": 8,"*-male-tigris-*": 9,
							"*-female-uncia-*": 5,"*-male-uncia-*": 5,
							"*": 4
						},
						"damageType": "SlashingAttack",
						"damageTierByType": {
							"*-female-onca-*": 1,
							"*-pardus-*": 1,
							"*-uncia-*": 1,
							"*": 2
						},
						"slot": 1,
						"mincooldown": 1500,
						"maxcooldown": 1500,
						"minDist": 2,
						"minVerDist": 1.5,
						"attackDurationMs": 800,
						"damagePlayerAtMs": 500,
						"animation": "Attack",
						"whenNotInEmotionState": "aggressiveondamage|aggressivearoundentities",
						"animationSpeed": 1,
						"soundByType": {
							"*-atrox-*": "pantherinae:creature/pantherinae/atroxattack",
							"*-leo-*": "pantherinae:creature/pantherinae/leoattack",
							"*-onca-*": "pantherinae:creature/pantherinae/oncaattack",
							"*-pardus-*": "pantherinae:creature/pantherinae/pardusattack",
							"*-spelaea-*": "pantherinae:creature/pantherinae/spelaeaattack",
							"*-tigris-*": "pantherinae:creature/pantherinae/tigrisattack"							
						}
					},
					{
						"code": "meleeattack",
						"entityCodes": [ "player", "bear-*","chicken-*", "deer-*","drifter-*", "fox-*", "gazelle-*", "goat-*","hare-*","hyena-*", "moose-*", "pig-*", "raccoon-*",  "sheep-*","tameddeer-*", "wolf-*", "antilopinae-*","bovinae-*","caninae-*", "caprinae-*","casuariidae-*","cervidae-*","dasyuridae-*","diprotodontidae-*","dinornithidae-*","dromornithidae-*","elephantidae-*","emeidae-*","felinae-*","hyaenidae-*","machairodontinae-*","megalapterygidae-*","meiolaniidae-*","nandiniidae-*","rhinocerotidae-*", "spheniscidae-*","suidae-*","thylacoleonidae-*","ursidae-*","viverridae-*","vombatidae-*" ],
						"priority": 2,
						"damageByType": {
							"*-female-atrox-*": 9,"*-male-atrox-*": 11,
							"*-female-leo-*": 8,"*-male-leo-*": 9,
							"*-female-onca-*": 6,"*-male-onca-*": 7,
							"*-female-pardus-*": 5,"*-male-pardus-*": 5,
							"*-female-spelaea-*": 8,"*-male-spelaea-*": 10,
							"*-female-tigris-*": 8,"*-male-tigris-*": 9,
							"*-female-uncia-*": 5,"*-male-uncia-*": 5,
							"*": 4
						},
						"damageType": "SlashingAttack",
						"damageTierByType": {
							"*-female-onca-*": 1,
							"*-pardus-*": 1,
							"*-uncia-*": 1,
							"*": 2
						},
						"slot": 1,
						"mincooldown": 1500,
						"maxcooldown": 1500,
						"minDist": 2,
						"minVerDist": 1.5,
						"attackDurationMs": 800,
						"damagePlayerAtMs": 500,
						"animation": "Attack",
						"animationSpeed": 1,
						"soundByType": {
							"*-atrox-*": "pantherinae:creature/pantherinae/atroxattack",
							"*-leo-*": "pantherinae:creature/pantherinae/leoattack",
							"*-onca-*": "pantherinae:creature/pantherinae/oncaattack",
							"*-pardus-*": "pantherinae:creature/pantherinae/pardusattack",
							"*-spelaea-*": "pantherinae:creature/pantherinae/spelaeaattack",
							"*-tigris-*": "pantherinae:creature/pantherinae/tigrisattack"							
						},
						"whenInEmotionState": "aggressiveondamage|aggressivearoundentities"
					},
					{
						"code": "fleeentity",
						"entityCodesByType": {
							"*": [ "player", "bear-*","deer-*","drifter-*", "fox-*", "goat-*","hyena-*", "moose-*", "pig-*", "sheep-*","tameddeer-*", "wolf-*", "antilopinae-*","bovinae-*","caninae-*", "caprinae-*","cervidae-*","dasyuridae-*","diprotodontidae-*","dinornithidae-*","dromornithidae-*","elephantidae-*","felinae-*","hyaenidae-*","machairodontinae-*","meiolaniidae-*","pantherinae-neofelis-*","rhinocerotidae-*","suidae-*","thylacoleonidae-*","ursidae-*","viverridae-*","vombatidae-*" ]
						},
						"priority": 1.53,
						"movespeedByType": {
							"*-female-atrox-*": 0.085,"*-male-atrox-*": 0.09,
							"*-female-leo-*": 0.07,"*-male-leo-*": 0.075,
							"*-female-onca-*": 0.061,"*-male-onca-*": 0.065,
							"*-female-pardus-*": 0.049,"*-male-pardus-*": 0.05,
							"*-female-spelaea-*": 0.076,"*-male-spelaea-*": 0.081,
							"*-female-tigris-*": 0.09,"*-male-tigris-*": 0.095,
							"*-female-uncia-*": 0.04,"*-male-uncia-*": 0.04,
							"*": 0.5
						},
						"seekingRange": 20,
						"animation": "Run",
						"whenInEmotionState": "fleeondamage",
						"animationSpeed": 2.0

					},
					{
						"code": "fleeentity",
						"entityCodesByType": {
							"@.*-(atrox|leo|spelaea)-.*": [ "bear-male-brown", "bear-female-brown", "bear-male-polar", "bear-female-polar","elephantidae-adult-*","rhinocerotidae-adult-*","thylacoleonidae-adult-*","ursidae-adult-*"],
							"*-onca-*": [  "bear-male-brown", "bear-female-brown", "bear-male-polar", "bear-female-polar", "moose-adult-*","wolf-female", "wolf-male", "caninae-canina-adult-*","cervidae-alceini-adult-*","elephantidae-adult-*","machairodontinae-adult-*", "pantherinae-panthera-adult-female-atrox-*","pantherinae-panthera-adult-male-atrox-*","pantherinae-panthera-adult-female-leo-*","pantherinae-panthera-adult-male-leo-*","pantherinae-panthera-adult-female-spelaea-*","pantherinae-panthera-adult-male-spelaea-*","pantherinae-panthera-adult-female-tigris-*","pantherinae-panthera-adult-male-tigris-*","rhinocerotidae-adult-*","thylacoleonidae-adult-*","ursidae-adult-*"  ],
							"*-pardus-*": [  "bear-male-brown", "bear-female-brown", "bear-male-polar", "bear-female-polar","hyena-female", "hyena-male", "moose-adult-*","wolf-female", "wolf-male", "caninae-canina-adult-*","cervidae-alceini-adult-*","elephantidae-adult-*", "hyaenidae-adult-*","machairodontinae-adult-*", "pantherinae-panthera-adult-female-atrox-*","pantherinae-panthera-adult-male-atrox-*","pantherinae-panthera-adult-female-leo-*","pantherinae-panthera-adult-male-leo-*","pantherinae-panthera-adult-female-spelaea-*","pantherinae-panthera-adult-male-spelaea-*","pantherinae-panthera-adult-female-tigris-*","pantherinae-panthera-adult-male-tigris-*","rhinocerotidae-adult-*","thylacoleonidae-adult-*","ursidae-adult-*"  ],
							"*-tigris-*": [ "bear-male-polar", "bear-female-polar", "wolf-female","wolf-male", "caninae-canina-adult-*","elephantidae-adult-*","rhinocerotidae-adult-*","thylacoleonidae-adult-*","ursidae-adult-*" ],
							"*-uncia-*": [ "player", "bear-male-brown", "bear-female-brown", "bear-male-polar", "bear-female-polar","hyena-female", "hyena-male", "moose-adult-*","wolf-female", "wolf-male", "caninae-canina-adult-*","cervidae-alceini-adult-*","elephantidae-adult-*", "hyaenidae-adult-*","machairodontinae-adult-*", "pantherinae-panthera-adult-female-atrox-*","pantherinae-panthera-adult-male-atrox-*","pantherinae-panthera-adult-female-leo-*","pantherinae-panthera-adult-male-leo-*","pantherinae-panthera-adult-female-spelaea-*","pantherinae-panthera-adult-male-spelaea-*","pantherinae-panthera-adult-female-tigris-*","pantherinae-panthera-adult-male-tigris-*","rhinocerotidae-adult-*","thylacoleonidae-adult-*","ursidae-adult-*" ]
						},
						"priority": 1.52,
						"movespeedByType": {
							"*-female-atrox-*": 0.085,"*-male-atrox-*": 0.09,
							"*-female-leo-*": 0.07,"*-male-leo-*": 0.075,
							"*-female-onca-*": 0.061,"*-male-onca-*": 0.065,
							"*-female-pardus-*": 0.049,"*-male-pardus-*": 0.05,
							"*-female-spelaea-*": 0.076,"*-male-spelaea-*": 0.081,
							"*-female-tigris-*": 0.09,"*-male-tigris-*": 0.095,
							"*-female-uncia-*": 0.04,"*-male-uncia-*": 0.04,
							"*": 0.5
						},
						"seekingRange": 20,
						"animation": "Run",
						"animationSpeed": 2.2
					},
					{
						"code": "fleeentity",
						"animation": "Walk",
						"entityCodesByType": {
							"@.*-(atrox|leo|spelaea)-.*": [ "bear-male-brown", "bear-female-brown", "bear-male-polar", "bear-female-polar","elephantidae-adult-*","rhinocerotidae-adult-*","thylacoleonidae-adult-*","ursidae-adult-*"],
							"*-onca-*": [  "bear-male-brown", "bear-female-brown", "bear-male-polar", "bear-female-polar", "moose-adult-*","wolf-female", "wolf-male", "caninae-canina-adult-*","cervidae-alceini-adult-*","elephantidae-adult-*","machairodontinae-adult-*", "pantherinae-panthera-adult-female-atrox-*","pantherinae-panthera-adult-male-atrox-*","pantherinae-panthera-adult-female-leo-*","pantherinae-panthera-adult-male-leo-*","pantherinae-panthera-adult-female-spelaea-*","pantherinae-panthera-adult-male-spelaea-*","pantherinae-panthera-adult-female-tigris-*","pantherinae-panthera-adult-male-tigris-*","rhinocerotidae-adult-*","thylacoleonidae-adult-*","ursidae-adult-*"  ],
							"*-pardus-*": [  "bear-male-brown", "bear-female-brown", "bear-male-polar", "bear-female-polar","hyena-female", "hyena-male", "moose-adult-*","wolf-female", "wolf-male", "caninae-canina-adult-*","cervidae-alceini-adult-*","elephantidae-adult-*", "hyaenidae-adult-*","machairodontinae-adult-*", "pantherinae-panthera-adult-female-atrox-*","pantherinae-panthera-adult-male-atrox-*","pantherinae-panthera-adult-female-leo-*","pantherinae-panthera-adult-male-leo-*","pantherinae-panthera-adult-female-spelaea-*","pantherinae-panthera-adult-male-spelaea-*","pantherinae-panthera-adult-female-tigris-*","pantherinae-panthera-adult-male-tigris-*","rhinocerotidae-adult-*","thylacoleonidae-adult-*","ursidae-adult-*"  ],
							"*-tigris-*": [ "bear-male-polar", "bear-female-polar", "wolf-female","wolf-male", "caninae-canina-adult-*","elephantidae-adult-*","rhinocerotidae-adult-*","thylacoleonidae-adult-*","ursidae-adult-*" ],
							"*-uncia-*": [ "player", "bear-male-brown", "bear-female-brown", "bear-male-polar", "bear-female-polar","hyena-female", "hyena-male", "moose-adult-*","wolf-female", "wolf-male", "caninae-canina-adult-*","cervidae-alceini-adult-*","elephantidae-adult-*", "hyaenidae-adult-*","machairodontinae-adult-*", "pantherinae-panthera-adult-female-atrox-*","pantherinae-panthera-adult-male-atrox-*","pantherinae-panthera-adult-female-leo-*","pantherinae-panthera-adult-male-leo-*","pantherinae-panthera-adult-female-spelaea-*","pantherinae-panthera-adult-male-spelaea-*","pantherinae-panthera-adult-female-tigris-*","pantherinae-panthera-adult-male-tigris-*","rhinocerotidae-adult-*","thylacoleonidae-adult-*","ursidae-adult-*" ]
						},
						"priority": 1.51,
						"movespeedByType": {
							"*-female-atrox-*": 0.0076,"*-male-atrox-*": 0.0083,
							"*-female-leo-*": 0.0062,"*-male-leo-*": 0.0069,
							"*-female-onca-*": 0.0054,"*-male-onca-*": 0.006,
							"*-female-pardus-*": 0.0043,"*-male-pardus-*": 0.0046,
							"*-female-spelaea-*": 0.00675,"*-male-spelaea-*": 0.0075,
							"*-female-tigris-*": 0.0079,"*-male-tigris-*": 0.0088,
							"*-female-uncia-*": 0.0037,"*-male-uncia-*": 0.0037,
							"*": 0.005
						},
						"seekingRange": 30,
						"animationSpeed": 0.95
					},
					{
						"code": "seekentity",
						"animation": "Run",
						"entityCodesByType": {
							"@.*-(atrox|leo|spelaea|tigris)-.*": [ "player", "deer-*","fox-*","gazelle-*","goat-*","moose-*", "pig-*","raccoon-*","sheep-*","tameddeer-*", "acanthisittidae-*","anatidae-*","antilopinae-*","aegothelidae-*","apterygidae-*","aptornithidae-*","bovinae-*","caninae-canina-baby-*","caninae-cerdocyonina-*","caninae-urocyonini-*","caninae-vulpini-*","caprinae-*","casuariidae-*","cervidae-*","dasyuridae-*","diprotodontidae-*","dinornithidae-*","dromornithidae-*","elephantidae-baby-*","emeidae-*","felinae-*","megalapterygidae-*","nandiniidae-*","procyonidae-*","rhinocerotidae-baby-*","rallidae-*","spheniscidae-*","strigopidae-*", "suidae-*","viverridae-*","vombatidae-*" ],
							"@.*-(onca|pardus)-.*": [ "chicken-*", "deer-*","fox-*","gazelle-*","goat-*","hare-*","pig-*","raccoon-*","sheep-*","tameddeer-*", "acanthisittidae-*","anatidae-*","antilopinae-*","aegothelidae-*","apterygidae-*","aptornithidae-*","bovinae-*","caninae-canina-baby-*","caninae-cerdocyonina-*","caninae-urocyonini-*","caninae-vulpini-*","caprinae-*","casuariidae-*","cervidae-alceini-baby-*","cervidae-capreolini-*","cervidae-cervini-*","cervidae-odocoileini-*","dasyuridae-*","diprotodontidae-baby-*","dinornithidae-*","dromornithidae-*","emeidae-*","felinae-*","megalapterygidae-*","nandiniidae-*","procyonidae-*","rallidae-*","rhinocerotidae-baby-*","spheniscidae-*","strigopidae-*", "suidae-*","viverridae-*","vombatidae-*" ],
							"*-uncia-*": [ "chicken-*", "deer-*","fox-*","gazelle-*","goat-*","hare-*","pig-*","raccoon-*","sheep-*", "acanthisittidae-*","anatidae-*","antilopinae-*","aegothelidae-*","apterygidae-*","aptornithidae-*","bovinae-*","caninae-canina-baby-*","caninae-cerdocyonina-*","caninae-urocyonini-*","caninae-vulpini-*","caprinae-*","casuariidae-*","cervidae-alceini-baby-*","cervidae-capreolini-*","cervidae-cervini-*","cervidae-odocoileini-*","dasyuridae-*","diprotodontidae-baby-*","dinornithidae-*","dromornithidae-*","emeidae-*","felinae-baby-*","megalapterygidae-*","nandiniidae-*","procyonidae-*","rallidae-*","rhinocerotidae-baby-*","spheniscidae-*","strigopidae-*", "suidae-*","viverridae-*","vombatidae-*"],
						},
						"priority": 1.5,
						"extraTargetDistance": 0.5,
						"seekingRange": 6,
						"belowTempSeekingRange": 40,
						"belowTempThreshold": -10,
						"leapAtTarget": true,
						"leapAnimation": null,
						"leapChance": 0.1,
						"soundByType": {
							"*": "pantherinae:creature/pantherinae/pantheracharge"
						},
						"whenNotInEmotionState": "fleeondamage|saturated",
						"animationSpeed": 2.0,
						"movespeedByType": {
							"*-female-atrox-*": 0.085,"*-male-atrox-*": 0.09,
							"*-female-leo-*": 0.07,"*-male-leo-*": 0.075,
							"*-female-onca-*": 0.061,"*-male-onca-*": 0.065,
							"*-female-pardus-*": 0.049,"*-male-pardus-*": 0.05,
							"*-female-spelaea-*": 0.076,"*-male-spelaea-*": 0.081,
							"*-female-tigris-*": 0.09,"*-male-tigris-*": 0.095,
							"*-female-uncia-*": 0.04,"*-male-uncia-*": 0.04,
							"*": 0.5
						}
					},
					{
						"code": "seekentity",
						"animation": "Stalk",
						"entityCodesByType": {
							"@.*-(atrox|leo|spelaea|tigris)-.*": [ "player", "deer-*","fox-*","gazelle-*","goat-*","moose-*", "pig-*","raccoon-*","sheep-*","tameddeer-*", "acanthisittidae-*","anatidae-*","antilopinae-*","aegothelidae-*","apterygidae-*","aptornithidae-*","bovinae-*","caninae-canina-baby-*","caninae-cerdocyonina-*","caninae-urocyonini-*","caninae-vulpini-*","caprinae-*","casuariidae-*","cervidae-*","dasyuridae-*","diprotodontidae-*","dinornithidae-*","dromornithidae-*","elephantidae-baby-*","emeidae-*","felinae-*","megalapterygidae-*","meiolaniidae-*","nandiniidae-*","procyonidae-*","rallidae-*","rhinocerotidae-baby-*","spheniscidae-*","strigopidae-*", "suidae-*","viverridae-*","vombatidae-*" ],
							"@.*-(onca|pardus)-.*": [ "player","chicken-*", "deer-*","fox-*","gazelle-*","goat-*","hare-*","pig-*","raccoon-*","sheep-*","tameddeer-*", "acanthisittidae-*","anatidae-*","antilopinae-*","aegothelidae-*","apterygidae-*","aptornithidae-*","bovinae-*","caninae-canina-baby-*","caninae-cerdocyonina-*","caninae-urocyonini-*","caninae-vulpini-*","caprinae-*","casuariidae-*","cervidae-alceini-baby-*","cervidae-capreolini-*","cervidae-cervini-*","cervidae-odocoileini-*","dasyuridae-*","diprotodontidae-*","dinornithidae-*","dromornithidae-*","emeidae-*","felinae-*","manidae-*","megalapterygidae-*","meiolaniidae-*","nandiniidae-*","procyonidae-*","rallidae-*","rhinocerotidae-baby-*","spheniscidae-*","strigopidae-*", "suidae-*","viverridae-*","vombatidae-*" ],
							"*-uncia-*": [ "chicken-*", "deer-*","fox-*","gazelle-*","goat-*","hare-*","pig-*","raccoon-*","sheep-*", "acanthisittidae-*","anatidae-*","antilopinae-*","aegothelidae-*","apterygidae-*","aptornithidae-*","bovinae-*","caninae-canina-baby-*","caninae-cerdocyonina-*","caninae-urocyonini-*","caninae-vulpini-*","caprinae-*","casuariidae-*","cervidae-alceini-baby-*","cervidae-capreolini-*","cervidae-cervini-*","cervidae-odocoileini-*","dasyuridae-*","diprotodontidae-baby-*","dinornithidae-*","dromornithidae-*","emeidae-*","felinae-baby-*","manidae-*","megalapterygidae-*","meiolaniidae-*","nandiniidae-*","procyonidae-*","rallidae-*","rhinocerotidae-baby-*","spheniscidae-*","strigopidae-*", "suidae-*","viverridae-*","vombatidae-*"],
						},
						"priority": 1.49,
						"extraTargetDistance": 0.5,
						"seekingRange": 20,
						"belowTempSeekingRange": 40,
						"belowTempThreshold": -5,
						"whenNotInEmotionState": "fleeondamage|saturated",
						"animationSpeed": 0.75,
						"movespeedByType": {
							"*-female-atrox-*": 0.005625,"*-male-atrox-*": 0.00625,
							"*-female-leo-*": 0.0046,"*-male-leo-*": 0.0052,
							"*-female-onca-*": 0.004,"*-male-onca-*": 0.0045,
							"*-female-pardus-*": 0.0032,"*-male-pardus-*": 0.0035,
							"*-female-spelaea-*": 0.005625,"*-male-spelaea-*": 0.005625,
							"*-female-tigris-*": 0.005875,"*-male-tigris-*": 0.006625,
							"*-female-uncia-*": 0.0028,"*-male-uncia-*": 0.0028,
							"*": 0.005
						}
					},
					{
						"code": "getoutofwater",
						"priority": 1.4,
						"movespeedByType": {
							"*-onca-*": 0.051,
							"*": 0.04
						},
						"animation": "Swim",
						"animationSpeed": 1
					},
					{
						"code": "stayclosetoentity",
						"priority": 1.4,
						"entityCodeByType": {"*-adult-female-*":"pantherinae-panthera-adult-male-{species}-{pigment}"},
						"movespeedByType": {
							"*-female-atrox-*": 0.0076,"*-male-atrox-*": 0.0083,
							"*-female-leo-*": 0.0062,"*-male-leo-*": 0.0069,
							"*-female-onca-*": 0.0054,"*-male-onca-*": 0.006,
							"*-female-pardus-*": 0.0043,"*-male-pardus-*": 0.0046,
							"*-female-spelaea-*": 0.00675,"*-male-spelaea-*": 0.0075,
							"*-female-tigris-*": 0.0079,"*-male-tigris-*": 0.0088,
							"*-female-uncia-*": 0.0037,"*-male-uncia-*": 0.0037,
							"*": 0.005
						},
						"maxDistance": 20,
						"searchRange": 35,
						"animation": "Walk",
						"animationSpeed": 0.95
					},
					{
						"code": "seekentity",
						"entityCodes": [ "player" ],
						"priority": 1.51,
						"seekingRange": 30,
						"animation": "Run",
						"leapAtTarget": true,
						"leapAnimation": null,
						"leapChance": 0.1,
						"soundByType": {
							"*": "pantherinae:creature/pantherinae/pantheracharge"
						},
						"whenInEmotionState": "aggressiveondamage|aggressivearoundentities",
						"animationSpeed": 2.2,
						"movespeedByType": {
							"*-female-atrox-*": 0.085,"*-male-atrox-*": 0.09,
							"*-female-leo-*": 0.07,"*-male-leo-*": 0.075,
							"*-female-onca-*": 0.061,"*-male-onca-*": 0.065,
							"*-female-pardus-*": 0.049,"*-male-pardus-*": 0.05,
							"*-female-spelaea-*": 0.076,"*-male-spelaea-*": 0.081,
							"*-female-tigris-*": 0.09,"*-male-tigris-*": 0.095,
							"*-female-uncia-*": 0.04,"*-male-uncia-*": 0.04,
							"*": 0.5
						}
					},
					{
						"code": "idle",
						"priority": 1.3,
						"priorityForCancel": 1.35,
						"minduration": 200000,
						"maxduration": 800000,
						"mincooldown": 10000,
						"maxcooldown": 30000,
						"animation": "Sleep",
						"animationSpeed": 0.3,
						"whenNotInEmotionState": "aggressiveondamage|aggressivearoundentities|fleeondamage",
						"duringDayTimeFramesByType": {
							"*-atrox-*": [{"fromHour": 8,"toHour": 18},{"fromHour": 0,"toHour": 5}],
							"*-leo-*": [{"fromHour": 9,"toHour": 17},{"fromHour": 0,"toHour": 4}],
							"*-onca-*": [{"fromHour": 10,"toHour": 16},{"fromHour": 2,"toHour": 4}],
							"*-pardus-*": [{"fromHour": 10,"toHour": 16},{"fromHour": 0,"toHour": 4}],
							"*-spelaea-*": [{"fromHour": 8,"toHour": 17},{"fromHour": 0,"toHour": 5}],
							"*-tigris-*": [{"fromHour": 20,"toHour": 24},{"fromHour": 0,"toHour": 4}],
							"*-uncia-*": [{"fromHour": 9,"toHour": 16},{"fromHour": 20,"toHour": 24},{"fromHour": 0,"toHour": 3}],
							"*": [{"fromHour": 10,"toHour": 16},{"fromHour": 0,"toHour": 4}]
						},
						"stopOnNearbyEntityCodes": [ "player", "wolf-*", "hyena-*", "bear-*" ],
						"stopRange": 10,
						"stopOnHurt": true
					},
					{
						"code": "idle",
						"priority": 1.0,
						"priorityForCancel": 1.35,
						"minduration": 4667,
						"maxduration": 4667,
						"chance": 0.25,
						"mincooldown": 8000,
						"maxcooldown": 50000,
						"animation": "Roar",
						"whenNotInEmotionState": "aggressiveondamage|aggressivearoundentities|fleeondamage",
						"animationSpeed": 0.75,
						"soundByType": {
							"*-atrox-*": "pantherinae:creature/pantherinae/atroxroar",
							"*-leo-*": "pantherinae:creature/pantherinae/leoroar",
							"*-onca-*": "pantherinae:creature/pantherinae/oncaroar",
							"*-pardus-*": "pantherinae:creature/pantherinae/pardusroar",
							"*-spelaea-*": "pantherinae:creature/pantherinae/spelaearoar",
							"*-tigris-*": "pantherinae:creature/pantherinae/tigrisroar",
							"*-uncia-*": "pantherinae:creature/pantherinae/unciaroar"							
						},
						"soundRangeByType": {
							"*": 120
						}
					},
					{
						"code": "wander",
						"priority": 0.95,
						"priorityForCancel": 1.35,
						"movespeedByType": {
							"*-female-atrox-*": 0.0076,"*-male-atrox-*": 0.0083,
							"*-female-leo-*": 0.0062,"*-male-leo-*": 0.0069,
							"*-female-onca-*": 0.0054,"*-male-onca-*": 0.006,
							"*-female-pardus-*": 0.0043,"*-male-pardus-*": 0.0046,
							"*-female-spelaea-*": 0.00675,"*-male-spelaea-*": 0.0075,
							"*-female-tigris-*": 0.0079,"*-male-tigris-*": 0.0088,
							"*-female-uncia-*": 0.0037,"*-male-uncia-*": 0.0037,
							"*": 0.005
						},
						"animationSpeed": 0.95,
						"animation": "Walk",
						"whenNotInEmotionState": "aggressiveondamage|aggressivearoundentities|fleeondamage|saturated",
						"preferredLightLevel": 10
					},
					{
						"code": "idle",
						"priority": 1,
						"minduration": 6000,
						"maxduration": 45000,
						"mincooldown": 6000,
						"maxcooldown": 120000,
						"priorityForCancel": 1.28,
						"stopOnNearbyEntityCodes": [ "player", "wolf-male", "wolf-female", "bear-*", "hyena-*" ],
						"stopRange": 15,
						"stopOnHurt": true,
						"whenNotInEmotionState": "aggressiveondamage|aggressivearoundentities|fleeondamage",
						"animation": "Sit"
					},
					{
						"code": "idle",
						"priority": 1,
						"minduration": 6000,
						"maxduration": 45000,
						"chance": 0.25,
						"mincooldown": 6000,
						"maxcooldown": 120000,
						"priorityForCancel": 1.28,
						"stopOnNearbyEntityCodes": [ "player", "wolf-male", "wolf-female", "bear-*", "hyena-*" ],
						"stopRange": 15,
						"stopOnHurt": true,
						"whenNotInEmotionState": "aggressiveondamage|aggressivearoundentities|fleeondamage",
						"animation": "Lick"
					},
					{
						"code": "idle",
						"priority": 1,
						"minduration": 6000,
						"maxduration": 45000,
						"mincooldown": 6000,
						"maxcooldown": 120000,
						"priorityForCancel": 1.28,
						"stopOnNearbyEntityCodes": [ "player", "wolf-male", "wolf-female", "bear-*", "hyena-*" ],
						"stopRange": 15,
						"stopOnHurt": true,
						"whenNotInEmotionState": "aggressiveondamage|aggressivearoundentities|fleeondamage",
						"animation": "Lie"
					},
					{
						"code": "idle",
						"priority": 0.9,
						"minduration": 6000,
						"maxduration": 45000,
						"chance": 0.1,
						"mincooldown": 6000,
						"maxcooldown": 120000,
						"priorityForCancel": 1.28,
						"stopOnNearbyEntityCodes": [ "player", "wolf-male", "wolf-female", "bear-*", "hyena-*" ],
						"stopRange": 15,
						"stopOnHurt": true,
						"whenNotInEmotionState": "aggressiveondamage|aggressivearoundentities|fleeondamage",
						"animation": "Loaf"
					},
					{
						"code": "seekfoodandeat",
						"movespeedByType": {
							"*-female-atrox-*": 0.0076,"*-male-atrox-*": 0.0083,
							"*-female-leo-*": 0.0062,"*-male-leo-*": 0.0069,
							"*-female-onca-*": 0.0054,"*-male-onca-*": 0.006,
							"*-female-pardus-*": 0.0043,"*-male-pardus-*": 0.0046,
							"*-female-spelaea-*": 0.00675,"*-male-spelaea-*": 0.0075,
							"*-female-tigris-*": 0.0079,"*-male-tigris-*": 0.0088,
							"*-female-uncia-*": 0.0037,"*-male-uncia-*": 0.0037,
							"*": 0.005
						},
						"priority": 1.34,
						"animationSpeed": 0.95,
						"eatTime": 2,
						"eatLooseItems": true,
						"animation": "Walk",
						"eatAnimation": "Eat",
						"eatAnimationLooseItems": "Eat",
						"whenNotInEmotionState": "aggressiveondamage|aggressivearoundentities|fleeondamage"
					},
					{
						"code": "lookaround",
						"priority": 0.5,
						"whenNotInEmotionState": "aggressiveondamage|aggressivearoundentities|fleeondamage"
					}
				]
			}
		],
		"spawnconditions": {
			"worldgen": {
			"tryOnlySurface": true,	
				"triesPerChunk": { "avg": 0, "var": 0 },
			"groupSizeByType": {
					"*-adult-male-atrox-*": { "dist": "invexp", "avg": 5, "var": 3 },
					"*-adult-male-leo-*": { "dist": "invexp", "avg": 10, "var": 6 },
					"*-adult-female-*": { "dist": "uniform", "avg": 1.6, "var": 0.0 },
					"*": { "dist": "uniform", "avg": 1.0, "var": 0.0 }
			},
			"insideBlockCodes":["game:air", "game:gravel-*","game:leaves-*", "game:sand-*", "game:snow-*","game:soil-*","game:tallgrass-*"],
			"companionsByType": {
				"*-adult-male-atrox-*":["pantherinae:pantherinae-panthera-adult-female-{species}-{pigment}","pantherinae:pantherinae-panthera-baby-female-{species}-{pigment}", "pantherinae:pantherinae-panthera-baby-male-{species}-{pigment}"],
				"*-adult-male-leo-*":["pantherinae:pantherinae-panthera-adult-female-{species}-{pigment}","pantherinae:pantherinae-panthera-baby-female-{species}-{pigment}", "pantherinae:pantherinae-panthera-baby-male-{species}-{pigment}"],
				"*-adult-female-*":["pantherinae:pantherinae-panthera-baby-female-{species}-{pigment}", "pantherinae:pantherinae-panthera-baby-male-{species}-{pigment}"],
				"*":["pantherinae:pantherinae-panthera-adult-female-{species}-{pigment}"]}
		},
			"runtime": {
				"group": "neutral",
				"tryOnlySurface": true,
				"maxQuantity": 1,
				"mindistancetoplayer": 100,
				"maxQuantityByGroup": {
					"code": "pantherinae-panthera-*",
					"maxQuantity": 1
				},
				"maxLightLevel": 7,
				"lightLevelType": "onlyBlockLight",		
				"spawnCapPlayerScaling": 0.0,
				"chanceByType": {
					"*-atrox-normal": 0.00001,
					"*-leo-normal": 0.00001,
					"*-onca-normal": 0.00001,"*-onca-melanistic": 0.000001,
					"*-pardus-normal": 0.00001,"*-pardus-melanistic": 0.000001,
					"*-spelaea-normal": 0.00001,
					"*-tigris-normal": 0.00001,
					"*-uncia-normal": 0.00001
				},
				"groupSizeByType": {
					"*-adult-male-atrox-*": { "dist": "invexp", "avg": 5, "var": 3 },
					"*-adult-male-leo-*": { "dist": "invexp", "avg": 10, "var": 6 },
					"*-adult-female-*": { "dist": "uniform", "avg": 1.6, "var": 0.0 },
					"*": { "dist": "uniform", "avg": 1.0, "var": 0.0 }
				},
				"insideBlockCodes": [ "game:soil-*", "game:tallgrass-*", "game:snowlayer-*", "game:gravel-*", "game:sand-*" ],
			"companionsByType": {
				"*-adult-male-atrox-*":["pantherinae:pantherinae-panthera-adult-female-{species}-{pigment}","pantherinae:pantherinae-panthera-baby-female-{species}-{pigment}", "pantherinae:pantherinae-panthera-baby-male-{species}-{pigment}"],
				"*-adult-male-leo-*":["pantherinae:pantherinae-panthera-adult-female-{species}-{pigment}","pantherinae:pantherinae-panthera-baby-female-{species}-{pigment}", "pantherinae:pantherinae-panthera-baby-male-{species}-{pigment}"],
				"*-adult-female-*":["pantherinae:pantherinae-panthera-baby-female-{species}-{pigment}", "pantherinae:pantherinae-panthera-baby-male-{species}-{pigment}"],
				"*":["pantherinae:pantherinae-panthera-adult-female-{species}-{pigment}"]}
			}
		},
		"spawnconditionsByType": {
			"pantherinae-panthera-adult-*-atrox-*": {
				"climate": {
					"minTemp": 10,
					"maxTemp": 28,
					"minRain": 0.1,
					"maxRain": 0.75,
					"minForestOrShrubs": 0.0,
					"maxForest": 0.65,
					"maxShrubs": 1.0,
					"minY": 1.0,
					"maxY": 1.5				
				},
				"worldgen": {
					"triesPerChunk": { "avg": 0.0005, "var": 0}
				}
			},
			"pantherinae-panthera-adult-*-leo-*": {
				"climate": {
					"minTemp": 12,
					"maxTemp": 44,
					"minRain": 0.1,
					"maxRain": 0.75,
					"minForestOrShrubs": 0.0,
					"maxForest": 1.0,
					"maxShrubs": 1.0,
					"minY": 1.0,
					"maxY": 1.5				
				},
				"worldgen": {
					"triesPerChunk": { "avg": 0.0005, "var": 0}
				}
			},
			"pantherinae-panthera-adult-*-onca-*": {
				"climate": {
					"minTemp": 12,
					"maxTemp": 44,
					"minRain": 0.0,
					"maxRain": 1.0,
					"minForestOrShrubs": 0.1,
					"maxForest": 1.0,
					"maxShrubs": 1.0,
					"minY": 1.0,
					"maxY": 1.6				
				},
				"worldgen": {
					"triesPerChunk": { "avg": 0.001, "var": 0}
				}
			},
			"pantherinae-panthera-adult-*-pardus-*": {
				"climate": {
					"minTemp": 8,
					"maxTemp": 44,
					"minRain": 0.1,
					"maxRain": 1.0,
					"minForestOrShrubs": 0.1,
					"maxForest": 1.0,
					"maxShrubs": 1.0,
					"minY": 1.0,
					"maxY": 1.6				
				},
				"worldgen": {
					"triesPerChunk": { "avg": 0.001, "var": 0}
				}
			},
			"pantherinae-panthera-adult-*-spelaea-*": {
				"climate": {
					"minTemp": -22,
					"maxTemp": 12,
					"minRain": 0.1,
					"maxRain": 0.75,
					"minForestOrShrubs": 0.05,
					"maxForest": 1.0,
					"maxShrubs": 1.0,
					"minY": 1.0,
					"maxY": 1.8				
				},
				"worldgen": {
					"triesPerChunk": { "avg": 0.0005, "var": 0}
				}
			},
			"pantherinae-panthera-adult-*-tigris-*": {
				"climate": {
					"minTemp": -12,
					"maxTemp": 44,
					"minRain": 0.25,
					"maxRain": 1.0,
					"minForestOrShrubs": 0.4,
					"maxForest": 1.0,
					"maxShrubs": 1.0,
					"minY": 1.0,
					"maxY": 1.8				
				},
				"worldgen": {
					"triesPerChunk": { "avg": 0.0005, "var": 0}
				}
			},
			"pantherinae-panthera-adult-*-uncia-*": {
				"climate": {
					"minTemp": -12,
					"maxTemp": 8,
					"minRain": 0.0,
					"maxRain": 1.0,
					"minForestOrShrubs": 0.0,
					"maxForest": 1.0,
					"maxShrubs": 1.0,
					"minY": 1.4,
					"maxY": 2.0					
				},
				"worldgen": {
					"triesPerChunk": { "avg": 0.001, "var": 0}
				}
			}
		}
	},
	"sounds": {
		"hurt": "pantherinae:creature/pantherinae/pantherahurt",
		"death": "pantherinae:creature/pantherinae/pantheradeath",
		"idle": "pantherinae:creature/pantherinae/pantherinaeidle"
	},
	"idleSoundChance": 0.01
}