{
	"code": "pantherinae-neofelis",
	"class": "EntityAgent",
	"canClimb": true,
	"climbTouchDistance": 0.1,
	"rotateModelOnClimb": true,
	"fallDamageMultiplier": 0.1,
	"variantgroups": [
    {"code": "age","states": [ "adult"]},
    {"code": "gender","states": [ "female","male"]},
		{"code": "species","states": [ "diardi", "nebulosa" ]},
		{"code": "pigment","states": [ "normal", "albino", "melanistic" ]}
	],
"allowedVariants": [
		"*-diardi-normal",
		"*-nebulosa-normal"
	],
"collisionBoxSizeByType": {
		"*-female-diardi-*": {	"x": 1.0,"y": 0.5},"*-male-diardi-*": {	"x": 1.0,"y": 0.6},
		"*-female-nebulosa-*": {	"x": 1.0,"y": 0.5},"*-male-nebulosa-*": {	"x": 1.0,"y": 0.6}
	},
	"deadCollisionBoxSizeByType": {
		"*-diardi-*": {	"x": 1.0,"y": 0.3},
		"*-nebulosa-*": {	"x": 1.0,"y": 0.3}
	},
	"selectionBoxSizeByType": {
		"*-diardi-*": {	"x": 1,"y": 1},
		"*-nebulosa-*": {	"x": 1,"y": 1}
	},
	"deadSelectionBoxSizeByType": {
		"*-diardi-*": {	"x": 1,"y": 0.6},
		"*-nebulosa-*": {	"x": 1,"y": 0.6}
	},
	"knockbackResistanceByType": {
		"*-diardi-*": 0.3,
		"*-nebulosa-*": 0.3,
		"*": 0.5
	},
	"eyeHeight": 0.4,
	"weightByType": {
		"*-diardi-*": 20,
		"*-nebulosa-*": 18
	},	
	"drops": [],
	"attributes": {
		"killedByInfoText": "deadcreature-eaten",
		"creatureDiet": {"foodTags": ["egg","fish","meat"]},
		"handbook": {
			"groupcode": "creaturegroup-neofelis"
		}
	},
	"client": {
		"renderer": "Shape",
		"shapeByType": {
			"*": { "base": "entity/land/neofelis" }

		},
		"textureByType": {
			"*-diardi-normal": { "base": "entity/pantherinae/neofelis-diardi" },
			"*-nebulosa-normal": { "base": "entity/pantherinae/neofelis-nebulosa" }
		},
		"sizeByType": {
			"*-female-diardi-*": 0.47,"*-male-diardi-*": 0.54,
			"*-female-nebulosa-*":  0.47,"*-male-nebulosa-*":  0.47,
			"*": 0.5
		},
			"behaviors": [
				{ "code": "repulseagents" },
				{
					"code": "controlledphysics",
					"stepHeight": 3.1251
				},
				{ "code": "interpolateposition" },
				{
					"code": "floatupwhenstuck",
					"onlyWhenDead": true
				},
				{ "code": "multiply", "enabledByType": { "*-adult-female-*": true, "*": false }  },
				{ "code": "harvestable","quantitySlots": 8 },
				{
					"code": "despawn",
					"minPlayerDistance": 8,
					"belowLightLevel": 8,
					"minSeconds": 300
				}

			],
			"animations": [
				{
					"code": "hurt",
					"animation": "hurt",
					"animationSpeed": 2.2,
					"weight": 10,
					"blendMode": "AddAverage"
				},
				{
					"code": "die",
					"animation": "death",
					"animationSpeed": 2.25,
					"weight": 10,
					"blendMode": "Average",
					"triggeredBy": { "onControls": [ "dead" ] }
				},
				{
					"code": "idle",
					"animation": "idle",
					"blendMode": "AddAverage",
					"easeOutSpeed": 4,
					"triggeredBy": { "defaultAnim": true }
				},
				{
					"code": "sleep",
					"animation": "sleep",
					"easeInSpeed": 2,
					"easeOutSpeed": 4,
					"blendMode": "Average"
				},
				{
					"code": "sit",
					"animation": "sit",
					"easeInSpeed": 2,
					"easeOutSpeed": 4,
					"blendMode": "Average"
				},
				{
					"code": "lie",
					"animation": "lie",
					"blendMode": "Average"
				},
				{
					"code": "loaf",
					"animation": "loaf",
					"blendMode": "Average"
				},
				{
					"code": "lick",
					"animation": "lick",
					"blendMode": "Average"
				},
				{
					"code": "swim",
					"animation": "swim",
					"blendMode": "Average"
				},
				{
					"code": "walk",
					"animation": "walk",
					"supressDefaultAnimation": true,
					"blendMode": "Average"
				}
			]
		},
	"server": {
		"attributes": {
			"pathfinder": {
				"minTurnAnglePerSec": 350,
				"maxTurnAnglePerSec": 650
			}
		},
		"behaviors": [
			{ "code": "repulseagents" },
			{
				"code": "controlledphysics",
				"stepHeight": 3.1251
			},
			{
				"code": "despawn",
				"minPlayerDistance": 8,
				"belowLightLevel": 8,
				"minSeconds": 300
			},
			{
				"code": "health",
				"maxhealthByType": {
					"*-diardi-*": 7,
					"*-nebulosa-*": 6,
					"*": 6
				}
			},
			{
				"code": "deaddecay",
				"hoursToDecay": 96,
				"decayedBlock": "carcass-medium"
			},
			{
				"code": "floatupwhenstuck",
				"onlyWhenDead": true
			},
			{
				"code": "harvestable","quantitySlots": 8,
				"drops": [
					{
						"type": "item",
						"code": "game:bushmeat-raw",
						"quantityByType": {
							"*-diardi-*": {"avg": 2,"var": 1},
							"*-nebulosa-*": {"avg": 2,"var": 1}
						}
					},
					{
						"type": "item",
						"code": "game:fat",
						"quantityByType": {
							"*-diardi-*": {"avg": 1,"var": 0.3},
							"*-nebulosa-*": {"avg": 1,"var": 0.3}
						}
					},
					{
						"type": "item",
						"code": "pantherinae:pelt-neofelis-{gender}-{species}-{pigment}",
						"quantityByType": {
							"*": {"avg": 1,"var": 0.0}
						}
					}
				]
			},
			{ "code": "breathe" },
			{
				"code": "multiply",
				"enabledByType": {"*-adult-female-*": true,	"*": false},
				"spawnEntityCodesByType": {"*": [ { "code":"pantherinae:pantherinae-neofelis-baby-female-{species}-{pigment}"}, {"code": "pantherinae:pantherinae-neofelis-baby-female-{species}-{pigment}"} ]},
				"requiresNearbyEntityCode": "pantherinae:pantherinae-neofelis-adult-male-{species}-{pigment}",
				"requiresNearbyEntityRange": 10,
				"spawnQuantityMin": 1,
				"spawnQuantityMax": 5,
				"pregnancyDays": 18,
				"multiplyCooldownDaysMin": 4,
				"multiplyCooldownDaysMax": 11,
				"portionsEatenForMultiply": 5
			},
			{
				"code": "emotionstates",
				"states": [
					{
						"code": "fleeondamage",
						"duration": 60,
						"chanceByType": {
							"*": 0.95
						},
						"slot": 2,
						"priority": 5,
						"accumType": "max",
						"whenHealthRelBelow": 0.6
					},
					{
						"code": "aggressiveondamage",
						"duration": 30,
						"chance": 1,
						"slot": 2,
						"priority": 2,
						"accumType": "noaccum"
					},
					{
						"code": "alarmherdondamage",
						"chance": 1,
						"slot": 1,
						"priority": 1,
						"accumType": "max"
					},
					{
						"code": "saturated",
						"duration": 2880,
						"chance": 1,
						"slot": 0,
						"priority": 1,
						"accumType": "sum",
						"belowTempDuration": 600,
						"belowTempThreshold": -5
					}
				]
			},
			{
				"code": "taskai",
				"aiCreatureType": "LandCreature",
				"aitasks": [
					{
						"code": "meleeattack",
						"entityCodesByType": {
							"*": [ "player", "chicken-*", "deer-*","fox-*","goat-*","hare-*", "pig-wild-piglet", "raccoon-*", "anatidae-*","apterygidae-*","aptornithidae-*","bovinae-*","cervidae-*","dasyuridae-*","diprotodontidae-*","dinornithidae-*","dromornithidae-*","elephantidae-*","emeidae-*","felinae-*","manidae-*","megalapterygidae-*","nandiniidae-*","procyonidae-*","rallidae-*","spheniscidae-*","strigopidae-*","suidae-baby-*","viverridae-*","vombatidae-*" ]
						},
						"priority": 1.7,
						"damageByType": {
							"*-diardi-*": 4,
							"*-nebulosa-*": 4,
							"*": 4
						},
						"damageType": "SlashingAttack",
						"damageTierByType": {
							"*": 1
						},
						"slot": 1,
						"mincooldown": 1500,
						"maxcooldown": 1500,
						"attackDurationMs": 800,
						"damagePlayerAtMs": 500,
						"animation": "Attack",
						"animationSpeed": 1,
						"whenNotInEmotionState": "aggressiveondamage",
						"soundByType": {
							"*": "pantherinae:creature/pantherinae/neofelisattack"
						}
					},
					{
						"code": "meleeattack",
						"entityCodes": ["player", "bear-*","chicken-*", "deer-*","drifter-*", "fox-*", "gazelle-*", "goat-*","hare-*","hyena-*", "moose-*", "pig-*", "raccoon-*",  "sheep-*", "wolf-*","anatidae-*", "antilopinae-*","apterygidae-*","aptornithidae-*","bovinae-*","caninae-*", "caprinae-*","cervidae-*","dasyuridae-*","diprotodontidae-*","dinornithidae-*","dromornithidae-*","elephantidae-*","emeidae-*","felinae-*","hyaenidae-*","machairodontinae-*","manidae-*","megalapterygidae-*","nandiniidae-*","pantherinae-panthera-*","procyonidae-*","rallidae-*","rhinocerotidae-*","spheniscidae-*","strigopidae-*", "suidae-*","thylacoleonidae-*","ursidae-*","viverridae-*","vombatidae-*"],
						"priority": 2,
						"damageByType": {
							"*-diardi-*": 4,
							"*-nebulosa-*": 4,
							"*": 4
						},
						"damageType": "SlashingAttack",
						"damageTierByType": {
							"*": 1
						},
						"slot": 1,
						"mincooldown": 1500,
						"maxcooldown": 1500,
						"attackDurationMs": 800,
						"damagePlayerAtMs": 500,
						"animation": "Attack",
						"animationSpeed": 1,
						"soundByType": {
							"*": "pantherinae:creature/pantherinae/neofelisattack"
						},
						"whenInEmotionState": "aggressiveondamage"
					},
					{
						"code": "fleeentity",
						"entityCodesByType": {
							"*": [ "player", "bear-*","deer-*","goat-*","hyena-*", "moose-*", "pig-*","sheep-*","wolf-*", "antilopinae-adult-*","bovinae-adult-*","caninae-canina-adult-*","caninae-cerdocyonina-adult-*","cervidae-*", "caprinae-adult-*","dasyuridae-adult-*","diprotodontidae-adult-*","dinornithidae-adult-*","dromornithidae-adult-*","elephantidae-adult-*","felinae-adult-*","hyaenidae-adult-*","machairodontinae-adult-*","pantherinae-panthera-adult-*","rhinocerotidae-adult-*","suidae-adult-*","suidae-elder-*","thylacoleonidae-adult-*","ursidae-adult-*","vombatidae-adult*"  ]
						},
						"priority": 1.53,
						"movespeedByType": {
							"*-female-diardi-*": 0.04,"*-male-diardi-*": 0.045,
							"*-female-nebulosa-*": 0.04,"*-male-nebulosa-*": 0.045,
							"*": 0.5
						},
						"seekingRange": 20,
						"animation": "Run",
						"whenInEmotionState": "fleeondamage",
						"animationSpeed": 2.0

					},
					{
						"code": "fleeentity",
						"entityCodesByType": {
							"*": [ "player", "bear-*","hyena-*","moose-*","wolf-*", "caninae-canina-adult-*","caninae-cerdocyonina-adult-*","diprotodontidae-adult-*","elephantidae-adult-*", "hyaenidae-adult-*","machairodontinae-adult-*","pantherinae-panthera-adult-*","rhinocerotidae-adult-*", "suidae-elder-*","thylacoleonidae-adult-*","ursidae-adult-*"  ]
						},
						"priority": 1.52,
						"movespeedByType": {
							"*-female-diardi-*": 0.04,"*-male-diardi-*": 0.045,
							"*-female-nebulosa-*": 0.04,"*-male-nebulosa-*": 0.045,
							"*": 0.5
						},
						"seekingRange": 20,
						"animation": "Run",
						"animationSpeed": 2.2
					},
					{
						"code": "fleeentity",
						"entityCodesByType": {
							"*": [ "player", "bear-*","hyena-*","moose-*","wolf-*", "caninae-canina-adult-*","caninae-cerdocyonina-adult-*","diprotodontidae-adult-*","elephantidae-adult-*", "hyaenidae-adult-*","machairodontinae-adult-*","pantherinae-panthera-adult-*","rhinocerotidae-adult-*", "suidae-elder-*","thylacoleonidae-adult-*","ursidae-adult-*"  ]
						},
						"priority": 1.51,
						"movespeedByType": {
							"*-female-diardi-*": 0.0032,"*-male-diardi-*": 0.0035,
							"*-female-nebulosa-*": 0.0032,"*-male-nebulosa-*": 0.0035,
							"*": 0.005
						},
						"seekingRange": 30,
						"animation": "Walk",
						"whenNotInEmotionState": "fleeondamage",
						"animationSpeed": 0.95
					},
					{
						"code": "seekentity",
						"entityCodesByType": {
							"*": [ "chicken-*", "deer-*","fox-*","goat-*","hare-*", "pig-wild-piglet", "raccoon-*", "anatidae-*","apterygidae-*","aptornithidae-*","bovinae-*","cervidae-alceini-baby-*","cervidae-capreolini-*","cervidae-cervini-*", "cervidae-odocoileini-*","dasyuridae-*","diprotodontidae-baby-*","dinornithidae-baby-*","dromornithidae-baby-*","emeidae-*","felinae-baby-*","manidae-*","megalapterygidae-*","nandiniidae-*","procyonidae-*","rallidae-*","spheniscidae-*","strigopidae-*","suidae-baby-*","viverridae-*","vombatidae-*" ]
						},
						"priority": 1.5,
						"extraTargetDistance": 0.5,
						"seekingRange": 6,
						"belowTempSeekingRange": 40,
						"belowTempThreshold": -10,
						"animation": "Run",
						"leapAtTarget": true,
						"leapAnimation": null,
						"leapChance": 0.1,
						"soundByType": {
							"*": "pantherinae:creature/pantherinae/neofelisattack"
						},
						"whenNotInEmotionState": "aggressiveondamage|fleeondamage|saturated",
						"animationSpeed": 2.0,
						"movespeedByType": {
							"*-female-diardi-*": 0.04,"*-male-diardi-*": 0.045,
							"*-female-nebulosa-*": 0.04,"*-male-nebulosa-*": 0.045,
							"*": 0.5
						}
					},
					{
						"code": "seekentity",
						"entityCodesByType": {
							"*": [ "chicken-*", "deer-*","fox-*","goat-*","hare-*", "pig-wild-piglet", "raccoon-*", "anatidae-*","apterygidae-*","aptornithidae-*","bovinae-*","cervidae-alceini-baby-*","cervidae-capreolini-*","cervidae-cervini-*", "cervidae-odocoileini-*","dasyuridae-*","diprotodontidae-baby-*","dinornithidae-baby-*","dromornithidae-baby-*","emeidae-*","felinae-baby-*","manidae-*","megalapterygidae-*","nandiniidae-*","procyonidae-*","rallidae-*","spheniscidae-*","strigopidae-*","suidae-baby-*","viverridae-*","vombatidae-*" ]
						},
						"priority": 1.49,
						"extraTargetDistance": 0.5,
						"seekingRange": 20,
						"belowTempSeekingRange": 40,
						"belowTempThreshold": -25,
						"animation": "Stalk",
						"whenNotInEmotionState": "aggressiveondamage|fleeondamage|saturated",
						"animationSpeed": 0.75,
						"movespeedByType": {
							"*-female-diardi-*": 0.0022,"*-male-diardi-*": 0.0024,
							"*-female-nebulosa-*": 0.0022,"*-male-nebulosa-*": 0.0024,
							"*": 0.0022
						}
					},
					{
						"code": "getoutofwater",
						"priority": 1.4,
						"movespeedByType": {
							"*": 0.02
						},
						"animation": "Swim",
						"animationSpeed": 1
					},
					{
						"code": "stayclosetoentity",
						"priority": 1.4,
						"entityCodeByType": {"*adult-female-*":"pantherinae-neofelis-adult-male-{species}-{pigment}"},
						"movespeedByType": {
							"*-female-diardi-*": 0.0032,
							"*-female-nebulosa-*": 0.0032,
							"*": 0.005
						},
						"maxDistance": 20,
						"searchRange": 35,
						"animation": "Walk",
						"animationSpeed": 0.95
					},
					{
						"code": "seekentity",
						"entityCodes": [ "player" ],
						"priority": 1.51,
						"seekingRange": 30,
						"animation": "Run",
						"leapAtTarget": true,
						"leapAnimation": null,
						"leapChance": 0.1,
						"soundByType": {
							"*": "pantherinae:creature/pantherinae/neofelisattack"
						},
						"whenInEmotionState": "aggressiveondamage",
						"animationSpeed": 2.2,
						"movespeedByType": {
							"*-female-diardi-*": 0.04,"*-male-diardi-*": 0.045,
							"*-female-nebulosa-*": 0.04,"*-male-nebulosa-*": 0.045,
							"*": 0.5
						}
					},
					{
						"code": "idle",
						"priority": 1.3,
						"priorityForCancel": 1.35,
						"minduration": 200000,
						"maxduration": 800000,
						"mincooldown": 10000,
						"maxcooldown": 30000,
						"animation": "Sleep",
						"animationSpeed": 0.3,
						"whenNotInEmotionState": "aggressiveondamage|fleeondamage",
						"duringDayTimeFramesByType": {
							"*-diardi-*": [{"fromHour": 8,"toHour": 22}],
							"*-nebulosa-*": [{"fromHour": 9,"toHour": 23}]
						},
						"stopOnNearbyEntityCodes": [ "player", "wolf-*", "hyena-*", "bear-*", "pantherinae-panthera-*" ],
						"stopRange": 10,
						"stopOnHurt": true
					},
					{
						"code": "idle",
						"priority": 1.0,
						"priorityForCancel": 1.35,
						"minduration": 4667,
						"maxduration": 4667,
						"chance": 0.25,
						"mincooldown": 80000,
						"maxcooldown": 500000,
						"whenNotInEmotionState": "aggressiveondamage|fleeondamage",
						"animation": "Roar",
						"animationSpeed": 0.25,
						"soundByType": {
							"*": "pantherinae:creature/pantherinae/neofelisroar"
						},
						"soundRangeByType": {
							"*": 120
						}
					},
					{
						"code": "wander",
						"priority": 0.95,
						"priorityForCancel": 1.35,
						"movespeedByType": {
							"*-female-diardi-*": 0.0032,"*-male-diardi-*": 0.0035,
							"*-female-nebulosa-*": 0.0032,"*-male-nebulosa-*": 0.0035,
							"*": 0.005
						},
						"animationSpeed": 0.95,
						"animation": "Walk",
						"whenNotInEmotionState": "aggressiveondamage|fleeondamage|saturated",
						"preferredLightLevel": 10
					},
					{
						"code": "idle",
						"priority": 1,
						"minduration": 6000,
						"maxduration": 45000,
						"mincooldown": 6000,
						"maxcooldown": 120000,
						"priorityForCancel": 1.28,
						"stopOnNearbyEntityCodes": [ "player", "wolf-male", "wolf-female", "bear-*", "hyena-*", "pantherinae-panthera-*" ],
						"stopRange": 15,
						"stopOnHurt": true,
						"animation": "Sit",
						"whenNotInEmotionState": "aggressiveondamage|fleeondamage"
					},
					{
						"code": "idle",
						"priority": 1,
						"minduration": 6000,
						"maxduration": 45000,
						"chance": 0.25,
						"mincooldown": 6000,
						"maxcooldown": 120000,
						"priorityForCancel": 1.28,
						"stopOnNearbyEntityCodes": [ "player", "wolf-male", "wolf-female", "bear-*", "hyena-*", "pantherinae-panthera-*" ],
						"stopRange": 15,
						"stopOnHurt": true,
						"whenNotInEmotionState": "aggressiveondamage|fleeondamage",
						"animation": "Lick"
					},
					{
						"code": "idle",
						"priority": 1,
						"minduration": 6000,
						"maxduration": 45000,
						"mincooldown": 6000,
						"maxcooldown": 120000,
						"priorityForCancel": 1.28,
						"stopOnNearbyEntityCodes": [ "player", "wolf-male", "wolf-female", "bear-*", "hyena-*", "pantherinae-panthera-*" ],
						"stopRange": 15,
						"stopOnHurt": true,
						"whenNotInEmotionState": "aggressiveondamage|fleeondamage",
						"animation": "Lie"
					},
					{
						"code": "idle",
						"priority": 0.9,
						"minduration": 6000,
						"maxduration": 45000,
						"chance": 0.1,
						"mincooldown": 6000,
						"maxcooldown": 120000,
						"priorityForCancel": 1.28,
						"stopOnNearbyEntityCodes": [ "player", "wolf-male", "wolf-female", "bear-*", "hyena-*", "pantherinae-panthera-*" ],
						"stopRange": 15,
						"stopOnHurt": true,
						"whenNotInEmotionState": "aggressiveondamage|fleeondamage",
						"animation": "Loaf"
					},
					{
						"code": "seekfoodandeat",
						"movespeedByType": {
							"*-female-diardi-*": 0.0032,"*-male-diardi-*": 0.0035,
							"*-female-nebulosa-*": 0.0032,"*-male-nebulosa-*": 0.0035,
							"*": 0.005
						},
						"priority": 1.34,
						"animationSpeed": 0.95,
						"eatTime": 2,
						"animation": "Walk",
						"eatAnimation": "Eat",
						"whenNotInEmotionState": "aggressiveondamage|fleeondamage",
						"eatAnimationLooseItems": "Eat",
						"eatLooseItems": true
					},
					{
						"code": "lookaround",
						"priority": 0.5,
						"whenNotInEmotionState": "aggressiveondamage|fleeondamage"
					}
				]
			}
			

		],
		"spawnconditions": {
			"worldgen": {
			"tryOnlySurface": true,	
				"triesPerChunk": { "avg": 0, "var": 0 },
			"groupSizeByType": {
					"*-adult-male*": { "dist": "invexp", "avg": 1.0, "var": 0.0 },
					"*-adult-female-*": { "dist": "invexp", "avg": 1.5, "var": 0.5 }
			},
			"insideBlockCodes":["game:air", "game:gravel-*","game:leaves-*", "game:sand-*", "game:snow-*","game:soil-*","game:tallgrass-*"],
			"companionsByType": {
				"*-adult-male-*":["pantherinae:pantherinae-neofelis-adult-female-{species}-{pigment}"],
				"*-adult-female-*":["pantherinae:pantherinae-neofelis-baby-female-{species}-{pigment}", "pantherinae:pantherinae-neofelis-baby-male-{species}-{pigment}"]}
		},
			"runtime": {
				"group": "hostile",
				"tryOnlySurface": true,
				"maxQuantity": 1,
				"mindistancetoplayer": 100,
				"maxLightLevel": 7,
				"lightLevelType": "onlyBlockLight",
				"spawnCapPlayerScaling": 0.0,			
				"maxQuantityByGroup": {
					"code": "pantherinae-neofelis-*",
					"maxQuantity": 1
				},
				"chanceByType": {
					"*-diardi-normal": 0.0001,
					"*-nebulosa-normal": 0.0001
				},
			"groupSizeByType": {
					"*-adult-male*": { "dist": "invexp", "avg": 1.0, "var": 0.0 },
					"*-adult-female-*": { "dist": "invexp", "avg": 1.5, "var": 0.5 }
			},
				"insideBlockCodes": [ "game:air","game:soil-*", "game:tallgrass-*", "game:gravel-*" ],
			"companionsByType": {
				"*-adult-male-*":["pantherinae:pantherinae-neofelis-adult-female-{species}-{pigment}"],
				"*-adult-female-*":["pantherinae:pantherinae-neofelis-baby-female-{species}-{pigment}", "pantherinae:pantherinae-neofelis-baby-male-{species}-{pigment}"]}
			}
		},
		"spawnconditionsByType": {
			"pantherinae-neofelis-adult-*-diardi-*": {
				"climate": {
					"minTemp": 10,
					"maxTemp": 44,
					"minRain": 0.45,
					"maxRain": 1.0,
					"minForestOrShrubs": 0.45,
					"maxForest": 1.0,
					"maxShrubs": 1.0,
					"minY": 1.0,
					"maxY": 1.5				
				},
				"worldgen": {
					"triesPerChunk": { "avg": 0.001, "var": 0}
				}
			},
			"pantherinae-neofelis-adult-*-nebulosa-*": {
				"climate": {
					"minTemp": 26,
					"maxTemp": 44,
					"minRain": 0.65,
					"maxRain": 1.0,
					"minForestOrShrubs": 0.65,
					"maxForest": 1.0,
					"maxShrubs": 1.0,
					"minY": 1.0,
					"maxY": 1.3					
				},
				"worldgen": {
					"triesPerChunk": { "avg": 0.001, "var": 0}
				}
			}
		}
	},
	"sounds": {
		"hurt": "pantherinae:creature/pantherinae/neofelishurt",
		"death": "pantherinae:creature/pantherinae/neofelisdeath",
		"idle": "pantherinae:creature/pantherinae/pantherinaeidle"
	},
	"idleSoundChance": 0.01
}