[
  {
    "name": "enchantment-durable",
    "processingHours": 1,
    "ingredients": {
      "armor": {
        "type": "item",
        "code": "armory:armor-*-*-*"
      },
      "axe": {
        "type": "item",
        "code": "armory:axe-long-*"
      },
      "club": {
        "type": "item",
        "code": "armory:club-plain-*"
      },
      "halberd": {
        "type": "item",
        "code": "armory:halberd-plain-*"
      },
      "javelin": {
        "type": "item",
        "code": "armory:javelin-plain-*"
      },
      "mace": {
        "type": "item",
        "code": "armory:mace-plain-*"
      },
      "pike": {
        "type": "item",
        "code": "armory:pike-plain-*"
      },
      "poleaxe": {
        "type": "item",
        "code": "armory:poleaxe-plain-*"
      },
      "quarterstaff": {
        "type": "item",
        "code": "armory:quarterstaff-plain-*"
      },
      "shield": {
        "type": "item",
        "code": "armory:shield-*-*-*"
      },
      "sword": {
        "type": "item",
        "code": "armory:sword-*-*-*"
      }
    },
    "enchantments": {
      "durable": 5
    }
  }
]