{
	"editor": {
		"allAngles": false,
		"entityTextureMode": false
	},
	"textureWidth": 16,
	"textureHeight": 16,
	"textureSizes": {
	},
	"textures": {
		"shoots2": "game:block/plant/bamboo/shoots2",
		"shoots": "game:block/plant/bamboo/shoots"
	},
	"elements": [
		{
			"name": "root",
			"from": [ 0.0, 2.0, 0.0 ], 
			"to": [ 0.0, 2.0, 0.0 ], 
			"rotationOrigin": [ 8.0, 0.0, 8.0 ],
			"faces": {
				"north": { "texture": "#null", "uv": [ 0.0, 0.0, 0.5, 0.5 ], "enabled": false },
				"east": { "texture": "#null", "uv": [ 0.0, 0.0, 0.5, 0.5 ], "enabled": false },
				"south": { "texture": "#null", "uv": [ 0.0, 0.0, 0.5, 0.5 ], "enabled": false },
				"west": { "texture": "#null", "uv": [ 0.0, 0.0, 0.5, 0.5 ], "enabled": false },
				"up": { "texture": "#null", "uv": [ 0.0, 0.0, 0.5, 0.5 ], "enabled": false },
				"down": { "texture": "#null", "uv": [ 0.0, 0.0, 0.5, 0.5 ], "enabled": false }
			},
			"children": [
				{
					"name": "base14",
					"from": [ 8.2, -2.0, 4.9 ], 
					"to": [ 10.2, -2.0, 6.9 ], 
					"rotationOrigin": [ 10.2, -2.0, 5.9 ],
					"rotationY": 39.0,
					"faces": {
						"north": { "texture": "#shoots", "uv": [ 7.0, 11.0, 9.0, 11.5 ], "enabled": false },
						"east": { "texture": "#shoots", "uv": [ 7.0, 11.0, 9.0, 11.5 ], "enabled": false },
						"south": { "texture": "#shoots", "uv": [ 7.0, 11.0, 9.0, 11.5 ], "enabled": false },
						"west": { "texture": "#shoots", "uv": [ 7.0, 11.0, 9.0, 11.5 ], "enabled": false },
						"up": { "texture": "#shoots", "uv": [ 7.0, 14.0, 9.0, 16.0 ], "enabled": false },
						"down": { "texture": "#shoots", "uv": [ 7.0, 12.0, 9.0, 14.0 ], "enabled": false }
					},
					"children": [
						{
							"name": "top15",
							"from": [ 0.5, 0.0, 0.5 ], 
							"to": [ 1.0, 2.0, 1.0 ], 
							"rotationOrigin": [ 0.5, 0.0, 0.5 ],
							"faces": {
								"north": { "texture": "#shoots", "uv": [ 7.5, 8.5, 8.0, 10.5 ] },
								"east": { "texture": "#shoots", "uv": [ 7.5, 9.0, 8.0, 11.0 ] },
								"south": { "texture": "#shoots", "uv": [ 7.5, 9.0, 8.0, 11.0 ] },
								"west": { "texture": "#shoots", "uv": [ 7.5, 9.0, 8.0, 11.0 ] },
								"up": { "texture": "#shoots", "uv": [ 7.5, 11.0, 8.0, 11.5 ] },
								"down": { "texture": "#shoots", "uv": [ 7.5, 13.0, 8.0, 13.5 ] }
							}
						},
						{
							"name": "Cube16",
							"from": [ -1.5, 0.0, 0.7 ], 
							"to": [ 3.5, 2.5, 0.7 ], 
							"rotationOrigin": [ 1.0, 0.0, 0.7 ],
							"faces": {
								"north": { "texture": "#shoots", "uv": [ 0.0, 0.0, 5.0, 2.5 ], "enabled": false },
								"east": { "texture": "#shoots", "uv": [ 0.0, 0.0, 0.5, 2.5 ], "enabled": false },
								"south": { "texture": "#shoots", "uv": [ 5.5, 7.0, 10.5, 9.5 ] },
								"west": { "texture": "#shoots", "uv": [ 0.0, 0.0, 0.5, 2.5 ], "enabled": false },
								"up": { "texture": "#shoots", "uv": [ 0.0, 0.0, 5.0, 0.5 ], "enabled": false },
								"down": { "texture": "#shoots", "uv": [ 0.0, 0.0, 5.0, 0.5 ], "enabled": false }
							}
						},
						{
							"name": "Cube17",
							"from": [ -1.9, 0.0, 1.0 ], 
							"to": [ 3.1, 2.5, 1.0 ], 
							"rotationOrigin": [ 0.6, 0.0, 1.0 ],
							"rotationY": -90.0,
							"faces": {
								"north": { "texture": "#shoots", "uv": [ 0.0, 0.0, 5.0, 2.5 ], "enabled": false },
								"east": { "texture": "#shoots", "uv": [ 0.0, 0.0, 0.5, 2.5 ], "enabled": false },
								"south": { "texture": "#shoots", "uv": [ 5.5, 7.5, 10.5, 10.0 ] },
								"west": { "texture": "#shoots", "uv": [ 0.0, 0.0, 0.5, 2.5 ], "enabled": false },
								"up": { "texture": "#shoots", "uv": [ 0.0, 0.0, 5.0, 0.5 ], "enabled": false },
								"down": { "texture": "#shoots", "uv": [ 0.0, 0.0, 5.0, 0.5 ], "enabled": false }
							}
						}
					]
				},
				{
					"name": "base18",
					"from": [ 6.3, -2.0, 6.3 ], 
					"to": [ 8.3, 1.0, 8.3 ], 
					"rotationOrigin": [ 7.3, -2.0, 7.3 ],
					"rotationY": -24.0,
					"faces": {
						"north": { "texture": "#shoots2", "uv": [ 7.0, 13.0, 9.0, 16.0 ] },
						"east": { "texture": "#shoots2", "uv": [ 7.0, 13.0, 9.0, 16.0 ] },
						"south": { "texture": "#shoots2", "uv": [ 7.0, 13.0, 9.0, 16.0 ] },
						"west": { "texture": "#shoots2", "uv": [ 7.0, 13.0, 9.0, 16.0 ] },
						"up": { "texture": "#shoots2", "uv": [ 7.0, 12.5, 9.0, 14.5 ] },
						"down": { "texture": "#shoots2", "uv": [ 7.0, 14.0, 9.0, 16.0 ] }
					},
					"children": [
						{
							"name": "top19",
							"from": [ 0.5, 3.0, 0.5 ], 
							"to": [ 1.5, 6.0, 1.5 ], 
							"rotationOrigin": [ 0.5, 3.0, 0.5 ],
							"faces": {
								"north": { "texture": "#shoots2", "uv": [ 7.5, 11.0, 8.5, 14.0 ] },
								"east": { "texture": "#shoots2", "uv": [ 7.5, 11.5, 8.5, 14.5 ] },
								"south": { "texture": "#shoots2", "uv": [ 7.5, 12.0, 8.5, 15.0 ] },
								"west": { "texture": "#shoots2", "uv": [ 8.0, 13.0, 9.0, 16.0 ] },
								"up": { "texture": "#shoots2", "uv": [ 7.5, 13.0, 8.5, 14.0 ] },
								"down": { "texture": "#shoots2", "uv": [ 0.0, 0.0, 1.0, 1.0 ], "enabled": false }
							}
						},
						{
							"name": "Cube20",
							"from": [ -1.5, 0.0, 1.0 ], 
							"to": [ 3.5, 7.5, 1.0 ], 
							"rotationOrigin": [ 1.0, 0.0, 1.0 ],
							"faces": {
								"north": { "texture": "#shoots2", "uv": [ 0.0, 0.0, 5.0, 7.5 ], "enabled": false },
								"east": { "texture": "#shoots2", "uv": [ 0.0, 0.0, 0.5, 7.5 ], "enabled": false },
								"south": { "texture": "#shoots2", "uv": [ 5.5, 7.0, 10.5, 14.5 ] },
								"west": { "texture": "#shoots2", "uv": [ 0.0, 0.0, 0.5, 7.5 ], "enabled": false },
								"up": { "texture": "#shoots2", "uv": [ 0.0, 0.0, 5.0, 0.5 ], "enabled": false },
								"down": { "texture": "#shoots2", "uv": [ 0.0, 0.0, 5.0, 0.5 ], "enabled": false }
							}
						},
						{
							"name": "Cube21",
							"from": [ -1.5, 0.0, 1.2 ], 
							"to": [ 3.5, 7.5, 1.2 ], 
							"rotationOrigin": [ 1.0, 0.0, 1.2 ],
							"rotationY": -90.0,
							"faces": {
								"north": { "texture": "#shoots2", "uv": [ 0.0, 0.0, 5.0, 7.5 ], "enabled": false },
								"east": { "texture": "#shoots2", "uv": [ 0.0, 0.0, 0.5, 7.5 ], "enabled": false },
								"south": { "texture": "#shoots2", "uv": [ 5.5, 7.5, 10.5, 15.0 ] },
								"west": { "texture": "#shoots2", "uv": [ 0.0, 0.0, 0.5, 7.5 ], "enabled": false },
								"up": { "texture": "#shoots2", "uv": [ 0.0, 0.0, 5.0, 0.5 ], "enabled": false },
								"down": { "texture": "#shoots2", "uv": [ 0.0, 0.0, 5.0, 0.5 ], "enabled": false }
							}
						}
					]
				},
				{
					"name": "base22",
					"from": [ 8.0, -2.0, 7.7 ], 
					"to": [ 10.0, -2.0, 9.7 ], 
					"rotationOrigin": [ 9.0, -2.0, 8.7 ],
					"rotationY": 22.0,
					"faces": {
						"north": { "texture": "#shoots", "uv": [ 7.0, 11.0, 9.0, 11.5 ], "enabled": false },
						"east": { "texture": "#shoots", "uv": [ 7.0, 11.0, 9.0, 11.5 ], "enabled": false },
						"south": { "texture": "#shoots", "uv": [ 7.0, 11.0, 9.0, 11.5 ], "enabled": false },
						"west": { "texture": "#shoots", "uv": [ 7.0, 11.0, 9.0, 11.5 ], "enabled": false },
						"up": { "texture": "#shoots", "uv": [ 7.0, 14.0, 9.0, 16.0 ], "enabled": false },
						"down": { "texture": "#shoots", "uv": [ 7.0, 12.0, 9.0, 14.0 ], "enabled": false }
					},
					"children": [
						{
							"name": "top23",
							"from": [ 0.5, 0.0, 0.5 ], 
							"to": [ 1.5, 3.5, 1.5 ], 
							"rotationOrigin": [ 0.5, 0.0, 0.5 ],
							"faces": {
								"north": { "texture": "#shoots2", "uv": [ 7.5, 9.0, 8.5, 12.5 ] },
								"east": { "texture": "#shoots2", "uv": [ 7.5, 11.0, 8.5, 14.5 ] },
								"south": { "texture": "#shoots2", "uv": [ 7.5, 10.5, 8.5, 14.0 ] },
								"west": { "texture": "#shoots2", "uv": [ 7.5, 10.0, 8.5, 13.5 ] },
								"up": { "texture": "#shoots2", "uv": [ 7.5, 11.0, 8.5, 12.0 ] },
								"down": { "texture": "#shoots2", "uv": [ 7.5, 12.5, 8.5, 13.5 ] }
							}
						},
						{
							"name": "Cube24",
							"from": [ -1.5, 0.0, 1.0 ], 
							"to": [ 3.5, 4.0, 1.0 ], 
							"rotationOrigin": [ 1.0, 0.0, 1.0 ],
							"faces": {
								"north": { "texture": "#shoots2", "uv": [ 0.0, 0.0, 5.0, 4.0 ], "enabled": false },
								"east": { "texture": "#shoots2", "uv": [ 0.0, 0.0, 0.5, 4.0 ], "enabled": false },
								"south": { "texture": "#shoots2", "uv": [ 5.5, 7.5, 10.5, 11.5 ] },
								"west": { "texture": "#shoots2", "uv": [ 0.0, 0.0, 0.5, 4.0 ], "enabled": false },
								"up": { "texture": "#shoots2", "uv": [ 0.0, 0.0, 5.0, 0.5 ], "enabled": false },
								"down": { "texture": "#shoots2", "uv": [ 0.0, 0.0, 5.0, 0.5 ], "enabled": false }
							}
						},
						{
							"name": "Cube25",
							"from": [ -1.5, 0.0, 1.2 ], 
							"to": [ 3.5, 4.0, 1.2 ], 
							"rotationOrigin": [ 1.0, 0.0, 1.2 ],
							"rotationY": -90.0,
							"faces": {
								"north": { "texture": "#shoots2", "uv": [ 0.0, 0.0, 5.0, 4.0 ], "enabled": false },
								"east": { "texture": "#shoots2", "uv": [ 0.0, 0.0, 0.5, 4.0 ], "enabled": false },
								"south": { "texture": "#shoots2", "uv": [ 5.5, 7.5, 10.5, 11.5 ] },
								"west": { "texture": "#shoots2", "uv": [ 0.0, 0.0, 0.5, 4.0 ], "enabled": false },
								"up": { "texture": "#shoots2", "uv": [ 0.0, 0.0, 5.0, 0.5 ], "enabled": false },
								"down": { "texture": "#shoots2", "uv": [ 0.0, 0.0, 5.0, 0.5 ], "enabled": false }
							}
						}
					]
				},
				{
					"name": "base26",
					"from": [ 6.4, -2.0, 8.4 ], 
					"to": [ 8.4, -2.0, 10.4 ], 
					"rotationOrigin": [ 7.4, -2.0, 9.4 ],
					"rotationY": 28.0,
					"faces": {
						"north": { "texture": "#shoots2", "uv": [ 7.0, 11.0, 9.0, 11.5 ], "enabled": false },
						"east": { "texture": "#shoots2", "uv": [ 7.0, 11.0, 9.0, 11.5 ], "enabled": false },
						"south": { "texture": "#shoots2", "uv": [ 7.0, 11.0, 9.0, 11.5 ], "enabled": false },
						"west": { "texture": "#shoots2", "uv": [ 7.0, 11.0, 9.0, 11.5 ], "enabled": false },
						"up": { "texture": "#shoots2", "uv": [ 7.0, 14.0, 9.0, 16.0 ], "enabled": false },
						"down": { "texture": "#shoots2", "uv": [ 7.0, 12.0, 9.0, 14.0 ], "enabled": false }
					},
					"children": [
						{
							"name": "top27",
							"from": [ 0.5, 0.0, 0.5 ], 
							"to": [ 1.0, 2.0, 1.0 ], 
							"rotationOrigin": [ 0.5, 0.0, 0.5 ],
							"faces": {
								"north": { "texture": "#shoots2", "uv": [ 8.0, 8.5, 8.5, 10.5 ] },
								"east": { "texture": "#shoots2", "uv": [ 7.5, 9.0, 8.0, 11.0 ] },
								"south": { "texture": "#shoots2", "uv": [ 7.5, 9.0, 8.0, 11.0 ] },
								"west": { "texture": "#shoots2", "uv": [ 8.0, 8.0, 8.5, 10.0 ] },
								"up": { "texture": "#shoots2", "uv": [ 8.0, 8.5, 8.5, 9.0 ] },
								"down": { "texture": "#shoots2", "uv": [ 7.5, 13.0, 8.0, 13.5 ] }
							}
						},
						{
							"name": "Cube28",
							"from": [ -1.5, 0.0, 0.7 ], 
							"to": [ 3.5, 2.0, 0.7 ], 
							"rotationOrigin": [ 1.0, 0.0, 0.7 ],
							"faces": {
								"north": { "texture": "#shoots2", "uv": [ 0.0, 0.0, 5.0, 2.0 ], "enabled": false },
								"east": { "texture": "#shoots2", "uv": [ 0.0, 0.0, 0.5, 2.0 ], "enabled": false },
								"south": { "texture": "#shoots2", "uv": [ 5.5, 7.0, 10.5, 9.0 ] },
								"west": { "texture": "#shoots2", "uv": [ 0.0, 0.0, 0.5, 2.0 ], "enabled": false },
								"up": { "texture": "#shoots2", "uv": [ 0.0, 0.0, 5.0, 0.5 ], "enabled": false },
								"down": { "texture": "#shoots2", "uv": [ 0.0, 0.0, 5.0, 0.5 ], "enabled": false }
							}
						},
						{
							"name": "Cube29",
							"from": [ -1.9, 0.0, 1.0 ], 
							"to": [ 3.1, 1.9, 1.0 ], 
							"rotationOrigin": [ 0.6, 0.0, 1.0 ],
							"rotationY": -90.0,
							"faces": {
								"north": { "texture": "#shoots2", "uv": [ 0.0, 0.0, 5.0, 1.5 ], "enabled": false },
								"east": { "texture": "#shoots2", "uv": [ 0.0, 0.0, 0.5, 1.5 ], "enabled": false },
								"south": { "texture": "#shoots2", "uv": [ 5.5, 7.5, 10.5, 9.0 ] },
								"west": { "texture": "#shoots2", "uv": [ 0.0, 0.0, 0.5, 1.5 ], "enabled": false },
								"up": { "texture": "#shoots2", "uv": [ 0.0, 0.0, 5.0, 0.5 ], "enabled": false },
								"down": { "texture": "#shoots2", "uv": [ 0.0, 0.0, 5.0, 0.5 ], "enabled": false }
							}
						}
					]
				}
			]
		},
		{
			"name": "root18",
			"from": [ 16.0, 2.0, 0.0 ], 
			"to": [ 16.0, 2.0, 0.0 ], 
			"rotationOrigin": [ 24.0, 0.0, 8.0 ],
			"rotationY": -180.0,
			"faces": {
				"north": { "texture": "#null", "uv": [ 0.0, 0.0, 0.5, 0.5 ], "enabled": false },
				"east": { "texture": "#null", "uv": [ 0.0, 0.0, 0.5, 0.5 ], "enabled": false },
				"south": { "texture": "#null", "uv": [ 0.0, 0.0, 0.5, 0.5 ], "enabled": false },
				"west": { "texture": "#null", "uv": [ 0.0, 0.0, 0.5, 0.5 ], "enabled": false },
				"up": { "texture": "#null", "uv": [ 0.0, 0.0, 0.5, 0.5 ], "enabled": false },
				"down": { "texture": "#null", "uv": [ 0.0, 0.0, 0.5, 0.5 ], "enabled": false }
			},
			"children": [
				{
					"name": "base19",
					"from": [ 8.2, -2.0, 4.9 ], 
					"to": [ 10.2, -2.0, 6.9 ], 
					"rotationOrigin": [ 10.2, -2.0, 5.9 ],
					"rotationY": 39.0,
					"faces": {
						"north": { "texture": "#shoots", "uv": [ 7.0, 11.0, 9.0, 11.5 ], "enabled": false },
						"east": { "texture": "#shoots", "uv": [ 7.0, 11.0, 9.0, 11.5 ], "enabled": false },
						"south": { "texture": "#shoots", "uv": [ 7.0, 11.0, 9.0, 11.5 ], "enabled": false },
						"west": { "texture": "#shoots", "uv": [ 7.0, 11.0, 9.0, 11.5 ], "enabled": false },
						"up": { "texture": "#shoots", "uv": [ 7.0, 14.0, 9.0, 16.0 ], "enabled": false },
						"down": { "texture": "#shoots", "uv": [ 7.0, 12.0, 9.0, 14.0 ], "enabled": false }
					},
					"children": [
						{
							"name": "top20",
							"from": [ 0.5, 0.0, 0.5 ], 
							"to": [ 1.0, 2.0, 1.0 ], 
							"rotationOrigin": [ 0.5, 0.0, 0.5 ],
							"faces": {
								"north": { "texture": "#shoots", "uv": [ 7.5, 8.5, 8.0, 10.5 ] },
								"east": { "texture": "#shoots", "uv": [ 7.5, 9.0, 8.0, 11.0 ] },
								"south": { "texture": "#shoots", "uv": [ 7.5, 9.0, 8.0, 11.0 ] },
								"west": { "texture": "#shoots", "uv": [ 7.5, 9.0, 8.0, 11.0 ] },
								"up": { "texture": "#shoots", "uv": [ 7.5, 11.0, 8.0, 11.5 ] },
								"down": { "texture": "#shoots", "uv": [ 7.5, 13.0, 8.0, 13.5 ] }
							}
						},
						{
							"name": "Cube22",
							"from": [ -1.5, 0.0, 0.7 ], 
							"to": [ 3.5, 2.5, 0.7 ], 
							"rotationOrigin": [ 1.0, 0.0, 0.7 ],
							"faces": {
								"north": { "texture": "#shoots", "uv": [ 0.0, 0.0, 5.0, 2.5 ], "enabled": false },
								"east": { "texture": "#shoots", "uv": [ 0.0, 0.0, 0.5, 2.5 ], "enabled": false },
								"south": { "texture": "#shoots", "uv": [ 5.5, 7.0, 10.5, 9.5 ] },
								"west": { "texture": "#shoots", "uv": [ 0.0, 0.0, 0.5, 2.5 ], "enabled": false },
								"up": { "texture": "#shoots", "uv": [ 0.0, 0.0, 5.0, 0.5 ], "enabled": false },
								"down": { "texture": "#shoots", "uv": [ 0.0, 0.0, 5.0, 0.5 ], "enabled": false }
							}
						},
						{
							"name": "Cube22",
							"from": [ -1.9, 0.0, 1.0 ], 
							"to": [ 3.1, 2.5, 1.0 ], 
							"rotationOrigin": [ 0.6, 0.0, 1.0 ],
							"rotationY": -90.0,
							"faces": {
								"north": { "texture": "#shoots", "uv": [ 0.0, 0.0, 5.0, 2.5 ], "enabled": false },
								"east": { "texture": "#shoots", "uv": [ 0.0, 0.0, 0.5, 2.5 ], "enabled": false },
								"south": { "texture": "#shoots", "uv": [ 5.5, 7.5, 10.5, 10.0 ] },
								"west": { "texture": "#shoots", "uv": [ 0.0, 0.0, 0.5, 2.5 ], "enabled": false },
								"up": { "texture": "#shoots", "uv": [ 0.0, 0.0, 5.0, 0.5 ], "enabled": false },
								"down": { "texture": "#shoots", "uv": [ 0.0, 0.0, 5.0, 0.5 ], "enabled": false }
							}
						}
					]
				},
				{
					"name": "base23",
					"from": [ 6.3, -2.0, 6.3 ], 
					"to": [ 8.3, 1.0, 8.3 ], 
					"rotationOrigin": [ 7.3, -2.0, 7.3 ],
					"rotationY": -24.0,
					"faces": {
						"north": { "texture": "#shoots2", "uv": [ 7.0, 13.0, 9.0, 16.0 ] },
						"east": { "texture": "#shoots2", "uv": [ 7.0, 13.0, 9.0, 16.0 ] },
						"south": { "texture": "#shoots2", "uv": [ 7.0, 13.0, 9.0, 16.0 ] },
						"west": { "texture": "#shoots2", "uv": [ 7.0, 13.0, 9.0, 16.0 ] },
						"up": { "texture": "#shoots2", "uv": [ 7.0, 12.5, 9.0, 14.5 ] },
						"down": { "texture": "#shoots2", "uv": [ 7.0, 14.0, 9.0, 16.0 ] }
					},
					"children": [
						{
							"name": "top24",
							"from": [ 0.5, 3.0, 0.5 ], 
							"to": [ 1.5, 6.0, 1.5 ], 
							"rotationOrigin": [ 0.5, 3.0, 0.5 ],
							"faces": {
								"north": { "texture": "#shoots2", "uv": [ 7.5, 11.0, 8.5, 14.0 ] },
								"east": { "texture": "#shoots2", "uv": [ 7.5, 11.5, 8.5, 14.5 ] },
								"south": { "texture": "#shoots2", "uv": [ 7.5, 12.0, 8.5, 15.0 ] },
								"west": { "texture": "#shoots2", "uv": [ 8.0, 13.0, 9.0, 16.0 ] },
								"up": { "texture": "#shoots2", "uv": [ 7.5, 13.0, 8.5, 14.0 ] },
								"down": { "texture": "#shoots2", "uv": [ 0.0, 0.0, 1.0, 1.0 ], "enabled": false }
							}
						},
						{
							"name": "Cube26",
							"from": [ -1.5, 0.0, 1.0 ], 
							"to": [ 3.5, 7.5, 1.0 ], 
							"rotationOrigin": [ 1.0, 0.0, 1.0 ],
							"faces": {
								"north": { "texture": "#shoots2", "uv": [ 0.0, 0.0, 5.0, 7.5 ], "enabled": false },
								"east": { "texture": "#shoots2", "uv": [ 0.0, 0.0, 0.5, 7.5 ], "enabled": false },
								"south": { "texture": "#shoots2", "uv": [ 5.5, 7.0, 10.5, 14.5 ] },
								"west": { "texture": "#shoots2", "uv": [ 0.0, 0.0, 0.5, 7.5 ], "enabled": false },
								"up": { "texture": "#shoots2", "uv": [ 0.0, 0.0, 5.0, 0.5 ], "enabled": false },
								"down": { "texture": "#shoots2", "uv": [ 0.0, 0.0, 5.0, 0.5 ], "enabled": false }
							}
						},
						{
							"name": "Cube26",
							"from": [ -1.5, 0.0, 1.2 ], 
							"to": [ 3.5, 7.5, 1.2 ], 
							"rotationOrigin": [ 1.0, 0.0, 1.2 ],
							"rotationY": -90.0,
							"faces": {
								"north": { "texture": "#shoots2", "uv": [ 0.0, 0.0, 5.0, 7.5 ], "enabled": false },
								"east": { "texture": "#shoots2", "uv": [ 0.0, 0.0, 0.5, 7.5 ], "enabled": false },
								"south": { "texture": "#shoots2", "uv": [ 5.5, 7.5, 10.5, 15.0 ] },
								"west": { "texture": "#shoots2", "uv": [ 0.0, 0.0, 0.5, 7.5 ], "enabled": false },
								"up": { "texture": "#shoots2", "uv": [ 0.0, 0.0, 5.0, 0.5 ], "enabled": false },
								"down": { "texture": "#shoots2", "uv": [ 0.0, 0.0, 5.0, 0.5 ], "enabled": false }
							}
						}
					]
				},
				{
					"name": "base27",
					"from": [ 8.0, -2.0, 7.7 ], 
					"to": [ 10.0, -2.0, 9.7 ], 
					"rotationOrigin": [ 9.0, -2.0, 8.7 ],
					"rotationY": 22.0,
					"faces": {
						"north": { "texture": "#shoots", "uv": [ 7.0, 11.0, 9.0, 11.5 ], "enabled": false },
						"east": { "texture": "#shoots", "uv": [ 7.0, 11.0, 9.0, 11.5 ], "enabled": false },
						"south": { "texture": "#shoots", "uv": [ 7.0, 11.0, 9.0, 11.5 ], "enabled": false },
						"west": { "texture": "#shoots", "uv": [ 7.0, 11.0, 9.0, 11.5 ], "enabled": false },
						"up": { "texture": "#shoots", "uv": [ 7.0, 14.0, 9.0, 16.0 ], "enabled": false },
						"down": { "texture": "#shoots", "uv": [ 7.0, 12.0, 9.0, 14.0 ], "enabled": false }
					},
					"children": [
						{
							"name": "top28",
							"from": [ 0.5, 0.0, 0.5 ], 
							"to": [ 1.5, 3.5, 1.5 ], 
							"rotationOrigin": [ 0.5, 0.0, 0.5 ],
							"faces": {
								"north": { "texture": "#shoots2", "uv": [ 7.5, 9.0, 8.5, 12.5 ] },
								"east": { "texture": "#shoots2", "uv": [ 7.5, 11.0, 8.5, 14.5 ] },
								"south": { "texture": "#shoots2", "uv": [ 7.5, 10.5, 8.5, 14.0 ] },
								"west": { "texture": "#shoots2", "uv": [ 7.5, 10.0, 8.5, 13.5 ] },
								"up": { "texture": "#shoots2", "uv": [ 7.5, 11.0, 8.5, 12.0 ] },
								"down": { "texture": "#shoots2", "uv": [ 7.5, 12.5, 8.5, 13.5 ] }
							}
						},
						{
							"name": "Cube30",
							"from": [ -1.5, 0.0, 1.0 ], 
							"to": [ 3.5, 4.0, 1.0 ], 
							"rotationOrigin": [ 1.0, 0.0, 1.0 ],
							"faces": {
								"north": { "texture": "#shoots2", "uv": [ 0.0, 0.0, 5.0, 4.0 ], "enabled": false },
								"east": { "texture": "#shoots2", "uv": [ 0.0, 0.0, 0.5, 4.0 ], "enabled": false },
								"south": { "texture": "#shoots2", "uv": [ 5.5, 7.5, 10.5, 11.5 ] },
								"west": { "texture": "#shoots2", "uv": [ 0.0, 0.0, 0.5, 4.0 ], "enabled": false },
								"up": { "texture": "#shoots2", "uv": [ 0.0, 0.0, 5.0, 0.5 ], "enabled": false },
								"down": { "texture": "#shoots2", "uv": [ 0.0, 0.0, 5.0, 0.5 ], "enabled": false }
							}
						},
						{
							"name": "Cube30",
							"from": [ -1.5, 0.0, 1.2 ], 
							"to": [ 3.5, 4.0, 1.2 ], 
							"rotationOrigin": [ 1.0, 0.0, 1.2 ],
							"rotationY": -90.0,
							"faces": {
								"north": { "texture": "#shoots2", "uv": [ 0.0, 0.0, 5.0, 4.0 ], "enabled": false },
								"east": { "texture": "#shoots2", "uv": [ 0.0, 0.0, 0.5, 4.0 ], "enabled": false },
								"south": { "texture": "#shoots2", "uv": [ 5.5, 7.5, 10.5, 11.5 ] },
								"west": { "texture": "#shoots2", "uv": [ 0.0, 0.0, 0.5, 4.0 ], "enabled": false },
								"up": { "texture": "#shoots2", "uv": [ 0.0, 0.0, 5.0, 0.5 ], "enabled": false },
								"down": { "texture": "#shoots2", "uv": [ 0.0, 0.0, 5.0, 0.5 ], "enabled": false }
							}
						}
					]
				},
				{
					"name": "base31",
					"from": [ 6.4, -2.0, 8.4 ], 
					"to": [ 8.4, -2.0, 10.4 ], 
					"rotationOrigin": [ 7.4, -2.0, 9.4 ],
					"rotationY": 28.0,
					"faces": {
						"north": { "texture": "#shoots2", "uv": [ 7.0, 11.0, 9.0, 11.5 ], "enabled": false },
						"east": { "texture": "#shoots2", "uv": [ 7.0, 11.0, 9.0, 11.5 ], "enabled": false },
						"south": { "texture": "#shoots2", "uv": [ 7.0, 11.0, 9.0, 11.5 ], "enabled": false },
						"west": { "texture": "#shoots2", "uv": [ 7.0, 11.0, 9.0, 11.5 ], "enabled": false },
						"up": { "texture": "#shoots2", "uv": [ 7.0, 14.0, 9.0, 16.0 ], "enabled": false },
						"down": { "texture": "#shoots2", "uv": [ 7.0, 12.0, 9.0, 14.0 ], "enabled": false }
					},
					"children": [
						{
							"name": "top32",
							"from": [ 0.5, 0.0, 0.5 ], 
							"to": [ 1.0, 2.0, 1.0 ], 
							"rotationOrigin": [ 0.5, 0.0, 0.5 ],
							"faces": {
								"north": { "texture": "#shoots2", "uv": [ 8.0, 8.5, 8.5, 10.5 ] },
								"east": { "texture": "#shoots2", "uv": [ 7.5, 9.0, 8.0, 11.0 ] },
								"south": { "texture": "#shoots2", "uv": [ 7.5, 9.0, 8.0, 11.0 ] },
								"west": { "texture": "#shoots2", "uv": [ 8.0, 8.0, 8.5, 10.0 ] },
								"up": { "texture": "#shoots2", "uv": [ 8.0, 8.5, 8.5, 9.0 ] },
								"down": { "texture": "#shoots2", "uv": [ 7.5, 13.0, 8.0, 13.5 ] }
							}
						},
						{
							"name": "Cube33",
							"from": [ -1.5, 0.0, 0.7 ], 
							"to": [ 3.5, 2.0, 0.7 ], 
							"rotationOrigin": [ 1.0, 0.0, 0.7 ],
							"faces": {
								"north": { "texture": "#shoots2", "uv": [ 0.0, 0.0, 5.0, 2.0 ], "enabled": false },
								"east": { "texture": "#shoots2", "uv": [ 0.0, 0.0, 0.5, 2.0 ], "enabled": false },
								"south": { "texture": "#shoots2", "uv": [ 5.5, 7.0, 10.5, 9.0 ] },
								"west": { "texture": "#shoots2", "uv": [ 0.0, 0.0, 0.5, 2.0 ], "enabled": false },
								"up": { "texture": "#shoots2", "uv": [ 0.0, 0.0, 5.0, 0.5 ], "enabled": false },
								"down": { "texture": "#shoots2", "uv": [ 0.0, 0.0, 5.0, 0.5 ], "enabled": false }
							}
						},
						{
							"name": "Cube34",
							"from": [ -1.9, 0.0, 1.0 ], 
							"to": [ 3.1, 1.9, 1.0 ], 
							"rotationOrigin": [ 0.6, 0.0, 1.0 ],
							"rotationY": -90.0,
							"faces": {
								"north": { "texture": "#shoots2", "uv": [ 0.0, 0.0, 5.0, 1.5 ], "enabled": false },
								"east": { "texture": "#shoots2", "uv": [ 0.0, 0.0, 0.5, 1.5 ], "enabled": false },
								"south": { "texture": "#shoots2", "uv": [ 5.5, 7.5, 10.5, 9.0 ] },
								"west": { "texture": "#shoots2", "uv": [ 0.0, 0.0, 0.5, 1.5 ], "enabled": false },
								"up": { "texture": "#shoots2", "uv": [ 0.0, 0.0, 5.0, 0.5 ], "enabled": false },
								"down": { "texture": "#shoots2", "uv": [ 0.0, 0.0, 5.0, 0.5 ], "enabled": false }
							}
						}
					]
				}
			]
		}
	]}