{
	"ingredient": {
		"type": "item",
		"code": "game:clay-*",
		"name": "type",
		"allowedVariants": [ "blue", "fire", "red" ]
	},
	"pattern": [
		[
			"##############",
			"##############",
			"##############",
			"##############",
			"##############",
			"##############",
			"##############",
			"##############",
			"##############",
			"##############",
			"##############",
			"##############",
			"##############",
			"##############"
		],
		[
			"##############",
			"##############",
			"##############",
			"##############",
			"##############",
			"##############",
			"#___________##",
			"######______##",
			"##############",
			"##############",
			"##############",
			"##############",
			"##############",
			"##############"
		]
	],
	"name": "Hoop Mold",
	"output": {
		"type": "block",
		"code": "vanillamoremolds:toolmold-raw-knifeblade-north"
	}
}