{
	"ingredient": {
		"type": "item",
		"code": "game:clay-*",
		"name": "type",
		"allowedVariants": [ "blue", "fire", "red" ]
	},
	"pattern": [
		[
			"##############",
			"##############",
			"##############",
			"##############",
			"##############",
			"##############",
			"##############",
			"##############",
			"##############",
			"##############",
			"##############",
			"##############",
			"##############",
			"##############"
		],
		[
			"##############",
			"##############",
			"##############",
			"######__######",
			"#####____#####",
			"#####____#####",
			"#####____#####",
			"####______####",
			"####______####",
			"####_#__#_####",
			"####_####_####",
			"##############",
			"##############",
			"##############"
		]
	],
	"name": "Spearhead Mold",
	"output": {
		"type": "block",
		"code": "vanillamoremolds:toolmold-raw-spearhead-north"
	}
}