{
	"editor": {
		"allAngles": true,
		"entityTextureMode": false
	},
	"textureWidth": 16,
	"textureHeight": 16,
	"textureSizes": {
	},
	"textures": {
		"violetwebcap": "game:block/plant/mushroom/violetwebcap/violetwebcap",
		"mycelium1": "game:block/plant/mushroom/mycelium1",
		"gills": "game:block/plant/mushroom/gills"
	},
	"elements": [
		{
			"name": "origin",
			"from": [ 8.0, 0.0, 8.0 ], 
			"to": [ 8.0, 0.0, 8.0 ], 
			"rotationOrigin": [ 8.0, 0.0, 8.0 ],
			"faces": {
				"north": { "texture": "#violetwebcap", "uv": [ 0.0, 0.0, 0.5, 0.5 ], "enabled": false },
				"east": { "texture": "#violetwebcap", "uv": [ 0.0, 0.0, 0.5, 0.5 ], "enabled": false },
				"south": { "texture": "#violetwebcap", "uv": [ 0.0, 0.0, 0.5, 0.5 ], "enabled": false },
				"west": { "texture": "#violetwebcap", "uv": [ 0.0, 0.0, 0.5, 0.5 ], "enabled": false },
				"up": { "texture": "#violetwebcap", "uv": [ 0.0, 0.0, 0.5, 0.5 ], "enabled": false },
				"down": { "texture": "#violetwebcap", "uv": [ 0.0, 0.0, 0.5, 0.5 ], "enabled": false }
			},
			"children": [
				{
					"name": "large",
					"from": [ -1.18, 0.0, -2.2588 ], 
					"to": [ 0.32, 2.0, -0.7588 ], 
					"rotationOrigin": [ -0.4825, 0.0, -1.5588 ],
					"rotationX": 3.0,
					"rotationY": 24.0,
					"rotationZ": 4.0,
					"faces": {
						"north": { "texture": "#violetwebcap", "uv": [ 0.5, 11.0, 2.0, 13.0 ] },
						"east": { "texture": "#violetwebcap", "uv": [ 0.5, 11.0, 2.0, 13.0 ] },
						"south": { "texture": "#violetwebcap", "uv": [ 0.5, 12.0, 2.0, 14.0 ] },
						"west": { "texture": "#violetwebcap", "uv": [ 0.5, 12.5, 2.0, 14.5 ] },
						"up": { "texture": "#violetwebcap", "uv": [ 4.0, 5.0, 5.5, 6.5 ], "enabled": false },
						"down": { "texture": "#violetwebcap", "uv": [ 0.0, 14.0, 1.5, 15.5 ] }
					},
					"children": [
						{
							"name": "cap4",
							"from": [ -1.0, 3.4, -1.0 ], 
							"to": [ 3.5, 4.4, 3.5 ], 
							"rotationOrigin": [ 1.4, 3.4, 1.4 ],
							"rotationZ": -17.0,
							"faces": {
								"north": { "texture": "#violetwebcap", "uv": [ 7.0, 0.0, 11.5, 1.0 ] },
								"east": { "texture": "#violetwebcap", "uv": [ 4.0, 0.0, 8.5, 1.0 ] },
								"south": { "texture": "#violetwebcap", "uv": [ 6.0, 0.0, 10.5, 1.0 ] },
								"west": { "texture": "#violetwebcap", "uv": [ 5.5, 0.0, 10.0, 1.0 ] },
								"up": { "texture": "#violetwebcap", "uv": [ 2.5, 2.5, 7.0, 7.0 ] },
								"down": { "texture": "#gills", "uv": [ 0.5, 10.5, 5.0, 15.0 ] }
							}
						},
						{
							"name": "stem3",
							"from": [ -0.1, 1.7, 0.0 ], 
							"to": [ 1.4, 3.7, 1.5 ], 
							"rotationOrigin": [ 0.7, 1.7, 0.7 ],
							"rotationX": 2.0,
							"rotationZ": -14.0,
							"faces": {
								"north": { "texture": "#violetwebcap", "uv": [ 1.0, 10.5, 2.5, 12.5 ] },
								"east": { "texture": "#violetwebcap", "uv": [ 1.0, 9.0, 2.5, 11.0 ] },
								"south": { "texture": "#violetwebcap", "uv": [ 0.5, 8.0, 2.0, 10.0 ] },
								"west": { "texture": "#violetwebcap", "uv": [ 0.5, 7.5, 2.0, 9.5 ] },
								"up": { "texture": "#violetwebcap", "uv": [ 0.0, 0.0, 1.5, 1.5 ], "enabled": false },
								"down": { "texture": "#violetwebcap", "uv": [ 3.0, 4.0, 4.5, 5.5 ], "enabled": false }
							}
						}
					]
				},
				{
					"name": "tiny13",
					"from": [ -4.75, 0.0, -0.8399 ], 
					"to": [ -3.75, 1.5, 0.1601 ], 
					"rotationOrigin": [ -4.2534, 0.0, -0.3399 ],
					"rotationX": -14.0,
					"rotationY": 24.0,
					"rotationZ": 6.0,
					"faces": {
						"north": { "texture": "#violetwebcap", "uv": [ 0.5, 10.0, 1.5, 11.5 ] },
						"east": { "texture": "#violetwebcap", "uv": [ 0.5, 9.5, 1.5, 11.0 ] },
						"south": { "texture": "#violetwebcap", "uv": [ 1.0, 6.5, 2.0, 8.0 ] },
						"west": { "texture": "#violetwebcap", "uv": [ 0.0, 8.0, 1.0, 9.5 ] },
						"up": { "texture": "#violetwebcap", "uv": [ 5.0, 6.0, 6.0, 7.0 ], "enabled": false },
						"down": { "texture": "#violetwebcap", "uv": [ 1.5, 12.0, 2.5, 13.0 ] }
					},
					"children": [
						{
							"name": "cap3",
							"from": [ -0.6, 2.5, -0.6 ], 
							"to": [ 1.4, 3.0, 1.4 ], 
							"rotationOrigin": [ 0.4, 2.5, 0.4 ],
							"faces": {
								"north": { "texture": "#violetwebcap", "uv": [ 9.5, 0.0, 11.5, 0.5 ] },
								"east": { "texture": "#violetwebcap", "uv": [ 9.5, 0.0, 11.5, 0.5 ] },
								"south": { "texture": "#violetwebcap", "uv": [ 5.5, 0.0, 7.5, 0.5 ] },
								"west": { "texture": "#violetwebcap", "uv": [ 10.0, 0.0, 12.0, 0.5 ] },
								"up": { "texture": "#violetwebcap", "uv": [ 6.0, 13.0, 8.0, 15.0 ] },
								"down": { "texture": "#gills", "uv": [ 3.5, 11.5, 5.5, 13.5 ] }
							}
						},
						{
							"name": "stem2",
							"from": [ 0.0, 1.4, 0.1 ], 
							"to": [ 1.0, 2.9, 1.1 ], 
							"rotationOrigin": [ 0.5, 1.4, 0.6 ],
							"rotationX": -14.0,
							"rotationZ": 6.0,
							"faces": {
								"north": { "texture": "#violetwebcap", "uv": [ 1.0, 6.5, 2.0, 8.0 ] },
								"east": { "texture": "#violetwebcap", "uv": [ 0.5, 9.5, 1.5, 11.0 ] },
								"south": { "texture": "#violetwebcap", "uv": [ 1.0, 10.0, 2.0, 11.5 ] },
								"west": { "texture": "#violetwebcap", "uv": [ 0.5, 8.5, 1.5, 10.0 ] },
								"up": { "texture": "#violetwebcap", "uv": [ 14.0, 12.5, 15.0, 13.5 ], "enabled": false },
								"down": { "texture": "#violetwebcap", "uv": [ 9.5, 8.5, 10.5, 9.5 ], "enabled": false }
							}
						}
					]
				},
				{
					"name": "medium small",
					"from": [ -2.7534, 0.0, -2.8399 ], 
					"to": [ -1.7534, 1.0, -1.8399 ], 
					"rotationOrigin": [ -2.2534, 0.0, -2.34 ],
					"rotationX": -4.0,
					"rotationY": 24.0,
					"rotationZ": 4.0,
					"faces": {
						"north": { "texture": "#violetwebcap", "uv": [ 1.0, 14.0, 2.0, 15.0 ] },
						"east": { "texture": "#violetwebcap", "uv": [ 1.5, 10.5, 2.5, 11.5 ] },
						"south": { "texture": "#violetwebcap", "uv": [ 1.0, 11.0, 2.0, 12.0 ] },
						"west": { "texture": "#violetwebcap", "uv": [ 1.0, 10.5, 2.0, 11.5 ] },
						"up": { "texture": "#violetwebcap", "uv": [ 4.0, 5.0, 5.0, 6.0 ], "enabled": false },
						"down": { "texture": "#violetwebcap", "uv": [ 0.0, 14.0, 1.0, 15.0 ] }
					},
					"children": [
						{
							"name": "cap",
							"from": [ -1.0, 1.7, -1.2 ], 
							"to": [ 2.0, 2.2, 1.8 ], 
							"rotationOrigin": [ 0.5, 1.7, 0.3 ],
							"rotationX": -22.0,
							"rotationY": -33.0,
							"faces": {
								"north": { "texture": "#violetwebcap", "uv": [ 10.0, 0.0, 13.0, 0.5 ] },
								"east": { "texture": "#violetwebcap", "uv": [ 5.0, 0.0, 8.0, 0.5 ] },
								"south": { "texture": "#violetwebcap", "uv": [ 8.0, 0.0, 11.0, 0.5 ] },
								"west": { "texture": "#violetwebcap", "uv": [ 5.0, 0.0, 8.0, 0.5 ] },
								"up": { "texture": "#violetwebcap", "uv": [ 9.5, 3.0, 12.5, 6.0 ] },
								"down": { "texture": "#gills", "uv": [ 3.5, 11.0, 6.5, 14.0 ] }
							}
						},
						{
							"name": "stem",
							"from": [ 0.0, 0.8, 0.0 ], 
							"to": [ 1.0, 1.8, 1.0 ], 
							"rotationOrigin": [ 0.5, 0.8, 0.5 ],
							"rotationX": -8.0,
							"rotationZ": 5.0,
							"faces": {
								"north": { "texture": "#violetwebcap", "uv": [ 1.0, 11.0, 2.0, 12.0 ] },
								"east": { "texture": "#violetwebcap", "uv": [ 0.0, 9.0, 1.0, 10.0 ] },
								"south": { "texture": "#violetwebcap", "uv": [ 1.0, 10.5, 2.0, 11.5 ] },
								"west": { "texture": "#violetwebcap", "uv": [ 1.0, 10.0, 2.0, 11.0 ] },
								"up": { "texture": "#violetwebcap", "uv": [ 10.5, 14.0, 11.5, 15.0 ], "enabled": false },
								"down": { "texture": "#violetwebcap", "uv": [ 8.5, 5.0, 9.5, 6.0 ], "enabled": false }
							}
						}
					]
				},
				{
					"name": "single voxel",
					"from": [ 1.9, 0.0, -3.8 ], 
					"to": [ 2.9, 0.5, -2.8 ], 
					"rotationOrigin": [ 1.9, 0.0, -3.8 ],
					"rotationY": -16.0,
					"faces": {
						"north": { "texture": "#violetwebcap", "uv": [ 8.0, 11.5, 9.0, 12.0 ] },
						"east": { "texture": "#violetwebcap", "uv": [ 7.0, 11.0, 8.0, 11.5 ] },
						"south": { "texture": "#violetwebcap", "uv": [ 6.0, 13.0, 7.0, 13.5 ] },
						"west": { "texture": "#violetwebcap", "uv": [ 5.5, 10.5, 6.5, 11.0 ] },
						"up": { "texture": "#violetwebcap", "uv": [ 5.0, 13.0, 6.0, 14.0 ] },
						"down": { "texture": "#violetwebcap", "uv": [ 14.0, 2.5, 15.0, 3.5 ] }
					}
				},
				{
					"name": "single voxel25",
					"from": [ 3.0, 0.0, 3.0 ], 
					"to": [ 4.0, 0.5, 4.0 ], 
					"rotationOrigin": [ 3.0, 0.0, 3.0 ],
					"rotationY": 20.0,
					"faces": {
						"north": { "texture": "#violetwebcap", "uv": [ 12.0, 3.0, 13.0, 3.5 ] },
						"east": { "texture": "#violetwebcap", "uv": [ 8.5, 3.5, 9.5, 4.0 ] },
						"south": { "texture": "#violetwebcap", "uv": [ 11.0, 2.0, 12.0, 2.5 ] },
						"west": { "texture": "#violetwebcap", "uv": [ 9.0, 4.5, 10.0, 5.0 ] },
						"up": { "texture": "#violetwebcap", "uv": [ 9.0, 3.5, 10.0, 4.5 ] },
						"down": { "texture": "#violetwebcap", "uv": [ 12.0, 3.0, 13.0, 4.0 ] }
					}
				},
				{
					"name": "tiny",
					"from": [ 3.0, 0.0, -1.5 ], 
					"to": [ 4.0, 1.0, -0.5 ], 
					"rotationOrigin": [ 3.0, 0.0, -1.0 ],
					"rotationY": 34.0,
					"faces": {
						"north": { "texture": "#violetwebcap", "uv": [ 1.0, 13.0, 2.0, 14.0 ] },
						"east": { "texture": "#violetwebcap", "uv": [ 1.0, 9.5, 2.0, 10.5 ] },
						"south": { "texture": "#violetwebcap", "uv": [ 1.0, 10.5, 2.0, 11.5 ] },
						"west": { "texture": "#violetwebcap", "uv": [ 1.5, 10.0, 2.5, 11.0 ] },
						"up": { "texture": "#violetwebcap", "uv": [ 4.0, 5.0, 5.0, 6.0 ], "enabled": false },
						"down": { "texture": "#violetwebcap", "uv": [ 1.0, 12.0, 2.0, 13.0 ] }
					},
					"children": [
						{
							"name": "cap2",
							"from": [ -0.5, 1.0, -0.5 ], 
							"to": [ 1.5, 1.5, 1.5 ], 
							"faces": {
								"north": { "texture": "#violetwebcap", "uv": [ 3.5, 0.0, 5.5, 0.5 ] },
								"east": { "texture": "#violetwebcap", "uv": [ 11.0, 0.0, 13.0, 0.5 ] },
								"south": { "texture": "#violetwebcap", "uv": [ 9.5, 0.0, 11.5, 0.5 ] },
								"west": { "texture": "#violetwebcap", "uv": [ 6.0, 0.0, 8.0, 0.5 ] },
								"up": { "texture": "#violetwebcap", "uv": [ 12.5, 11.5, 14.5, 13.5 ] },
								"down": { "texture": "#gills", "uv": [ 1.5, 12.0, 3.5, 14.0 ] }
							}
						}
					]
				},
				{
					"name": "tiny20",
					"from": [ 0.1, 0.0, 2.9 ], 
					"to": [ 1.1, 0.5, 3.9 ], 
					"rotationOrigin": [ 0.1, 0.0, 2.9 ],
					"rotationY": -39.0,
					"faces": {
						"north": { "texture": "#violetwebcap", "uv": [ 0.0, 12.0, 1.0, 12.5 ] },
						"east": { "texture": "#violetwebcap", "uv": [ 1.0, 9.0, 2.0, 9.5 ] },
						"south": { "texture": "#violetwebcap", "uv": [ 1.0, 5.0, 2.0, 5.5 ] },
						"west": { "texture": "#violetwebcap", "uv": [ 0.0, 9.0, 1.0, 9.5 ] },
						"up": { "texture": "#violetwebcap", "uv": [ 4.0, 5.0, 5.0, 6.0 ], "enabled": false },
						"down": { "texture": "#violetwebcap", "uv": [ 1.0, 13.0, 2.0, 14.0 ] }
					},
					"children": [
						{
							"name": "cap6",
							"from": [ -0.2, 0.5, -0.2 ], 
							"to": [ 1.3, 1.0, 1.3 ], 
							"faces": {
								"north": { "texture": "#violetwebcap", "uv": [ 10.0, 0.0, 11.5, 0.5 ] },
								"east": { "texture": "#violetwebcap", "uv": [ 10.0, 0.0, 11.5, 0.5 ] },
								"south": { "texture": "#violetwebcap", "uv": [ 9.0, 0.0, 10.5, 0.5 ] },
								"west": { "texture": "#violetwebcap", "uv": [ 6.5, 0.0, 8.0, 0.5 ] },
								"up": { "texture": "#violetwebcap", "uv": [ 14.0, 7.0, 15.5, 8.5 ] },
								"down": { "texture": "#gills", "uv": [ 4.0, 10.5, 5.5, 12.0 ] }
							}
						}
					]
				},
				{
					"name": "small3",
					"from": [ 1.5, 0.0, 1.5 ], 
					"to": [ 2.5, 2.0, 2.5 ], 
					"rotationOrigin": [ 2.0, 0.0, 2.0 ],
					"rotationX": 4.0,
					"rotationY": 22.5,
					"rotationZ": -2.0,
					"faces": {
						"north": { "texture": "#violetwebcap", "uv": [ 1.0, 8.5, 2.0, 10.5 ] },
						"east": { "texture": "#violetwebcap", "uv": [ 0.5, 11.0, 1.5, 13.0 ] },
						"south": { "texture": "#violetwebcap", "uv": [ 0.5, 9.0, 1.5, 11.0 ] },
						"west": { "texture": "#violetwebcap", "uv": [ 0.0, 9.0, 1.0, 11.0 ] },
						"up": { "texture": "#violetwebcap", "uv": [ 4.0, 5.0, 5.0, 6.0 ], "enabled": false },
						"down": { "texture": "#violetwebcap", "uv": [ 0.5, 13.5, 1.5, 14.5 ] }
					},
					"children": [
						{
							"name": "cap21",
							"from": [ -0.5, 1.8, -0.5 ], 
							"to": [ 1.5, 2.3, 1.5 ], 
							"rotationOrigin": [ 0.5, 1.8, 0.5 ],
							"rotationZ": 19.0,
							"faces": {
								"north": { "texture": "#violetwebcap", "uv": [ 6.5, 0.0, 8.5, 0.5 ] },
								"east": { "texture": "#violetwebcap", "uv": [ 9.0, 0.0, 11.0, 0.5 ] },
								"south": { "texture": "#violetwebcap", "uv": [ 4.0, 0.0, 6.0, 0.5 ] },
								"west": { "texture": "#violetwebcap", "uv": [ 11.5, 0.0, 13.5, 0.5 ] },
								"up": { "texture": "#violetwebcap", "uv": [ 6.5, 13.0, 8.5, 15.0 ] },
								"down": { "texture": "#gills", "uv": [ 5.0, 9.0, 7.0, 11.0 ] }
							}
						}
					]
				},
				{
					"name": "single voxel3",
					"from": [ -1.0, 0.0, 1.0 ], 
					"to": [ 0.0, 0.5, 2.0 ], 
					"rotationOrigin": [ -0.5, 0.0, 1.5 ],
					"rotationY": -19.0,
					"faces": {
						"north": { "texture": "#violetwebcap", "uv": [ 0.5, 9.5, 1.5, 10.0 ] },
						"east": { "texture": "#violetwebcap", "uv": [ 0.5, 8.0, 1.5, 8.5 ] },
						"south": { "texture": "#violetwebcap", "uv": [ 0.5, 6.5, 1.5, 7.0 ] },
						"west": { "texture": "#violetwebcap", "uv": [ 1.0, 7.0, 2.0, 7.5 ] },
						"up": { "texture": "#violetwebcap", "uv": [ 1.0, 8.0, 2.0, 9.0 ] },
						"down": { "texture": "#violetwebcap", "uv": [ 1.0, 6.0, 2.0, 7.0 ] }
					}
				},
				{
					"name": "tiny23",
					"from": [ -3.4, -0.3, 2.9 ], 
					"to": [ -2.4, 1.2, 3.9 ], 
					"rotationOrigin": [ -3.4, -0.3, 3.4 ],
					"rotationX": -19.0,
					"rotationY": 34.0,
					"rotationZ": 25.0,
					"faces": {
						"north": { "texture": "#violetwebcap", "uv": [ 0.0, 10.5, 1.0, 12.0 ] },
						"east": { "texture": "#violetwebcap", "uv": [ 0.5, 7.5, 1.5, 9.0 ] },
						"south": { "texture": "#violetwebcap", "uv": [ 1.0, 7.0, 2.0, 8.5 ] },
						"west": { "texture": "#violetwebcap", "uv": [ 0.5, 10.5, 1.5, 12.0 ] },
						"up": { "texture": "#violetwebcap", "uv": [ 4.0, 5.0, 5.0, 6.0 ], "enabled": false },
						"down": { "texture": "#violetwebcap", "uv": [ 1.5, 12.5, 2.5, 13.5 ] }
					},
					"children": [
						{
							"name": "cap24",
							"from": [ -0.5, 1.3, -0.5 ], 
							"to": [ 1.5, 1.8, 1.5 ], 
							"rotationOrigin": [ 0.5, 1.3, 0.5 ],
							"rotationX": 19.0,
							"faces": {
								"north": { "texture": "#violetwebcap", "uv": [ 9.0, 14.0, 11.0, 14.5 ], "enabled": false },
								"east": { "texture": "#violetwebcap", "uv": [ 3.0, 11.0, 5.0, 11.5 ], "enabled": false },
								"south": { "texture": "#violetwebcap", "uv": [ 5.0, 12.0, 7.0, 12.5 ], "enabled": false },
								"west": { "texture": "#violetwebcap", "uv": [ 4.0, 10.0, 6.0, 10.5 ], "enabled": false },
								"up": { "texture": "#violetwebcap", "uv": [ 4.5, 5.0, 6.5, 7.0 ] },
								"down": { "texture": "#gills", "uv": [ 5.5, 12.0, 7.5, 14.0 ] }
							},
							"children": [
								{
									"name": "Cube1",
									"from": [ 0.0, 0.0, 2.0 ], 
									"to": [ 2.0, 0.5, 2.5 ], 
									"rotationOrigin": [ 1.0, 0.5, 2.0 ],
									"rotationX": 28.0,
									"faces": {
										"north": { "texture": "#violetwebcap", "uv": [ 7.5, 5.0, 9.5, 5.5 ], "enabled": false },
										"east": { "texture": "#violetwebcap", "uv": [ 5.5, 4.5, 6.0, 5.0 ] },
										"south": { "texture": "#violetwebcap", "uv": [ 4.5, 0.0, 6.5, 0.5 ] },
										"west": { "texture": "#violetwebcap", "uv": [ 3.5, 6.0, 4.0, 6.5 ] },
										"up": { "texture": "#violetwebcap", "uv": [ 4.5, 4.5, 6.5, 5.0 ] },
										"down": { "texture": "#gills", "uv": [ 4.5, 12.5, 6.5, 13.0 ] }
									}
								},
								{
									"name": "Cube24",
									"from": [ 0.0, 0.0, -0.5 ], 
									"to": [ 2.0, 0.5, 0.0 ], 
									"rotationOrigin": [ 1.0, 0.5, 0.0 ],
									"rotationX": -36.0,
									"faces": {
										"north": { "texture": "#violetwebcap", "uv": [ 9.0, 0.0, 11.0, 0.5 ] },
										"east": { "texture": "#violetwebcap", "uv": [ 5.0, 5.5, 5.5, 6.0 ] },
										"south": { "texture": "#violetwebcap", "uv": [ 3.5, 6.0, 5.5, 6.5 ], "enabled": false },
										"west": { "texture": "#violetwebcap", "uv": [ 4.5, 5.0, 5.0, 5.5 ] },
										"up": { "texture": "#violetwebcap", "uv": [ 5.0, 5.0, 7.0, 5.5 ] },
										"down": { "texture": "#gills", "uv": [ 2.0, 13.5, 4.0, 14.0 ] }
									}
								},
								{
									"name": "Cube25",
									"from": [ 2.0, 0.0, 0.0 ], 
									"to": [ 2.5, 0.5, 2.0 ], 
									"rotationOrigin": [ 2.0, 0.5, 1.0 ],
									"faces": {
										"north": { "texture": "#violetwebcap", "uv": [ 4.5, 4.5, 5.0, 5.0 ] },
										"east": { "texture": "#violetwebcap", "uv": [ 9.0, 0.0, 11.0, 0.5 ] },
										"south": { "texture": "#violetwebcap", "uv": [ 6.5, 4.5, 7.0, 5.0 ] },
										"west": { "texture": "#violetwebcap", "uv": [ 6.0, 9.0, 8.0, 9.5 ], "enabled": false },
										"up": { "texture": "#violetwebcap", "uv": [ 5.5, 3.0, 6.0, 5.0 ] },
										"down": { "texture": "#gills", "uv": [ 3.5, 11.0, 4.0, 13.0 ] }
									}
								},
								{
									"name": "Cube26",
									"from": [ -0.5, 0.0, 0.0 ], 
									"to": [ 0.0, 0.5, 2.0 ], 
									"rotationOrigin": [ 0.0, 0.5, 1.0 ],
									"rotationZ": 11.0,
									"faces": {
										"north": { "texture": "#violetwebcap", "uv": [ 3.5, 4.0, 4.0, 4.5 ] },
										"east": { "texture": "#violetwebcap", "uv": [ 0.0, 0.0, 2.0, 0.5 ], "enabled": false, "autoUv": false },
										"south": { "texture": "#violetwebcap", "uv": [ 7.5, 4.0, 8.0, 4.5 ] },
										"west": { "texture": "#violetwebcap", "uv": [ 8.5, 0.0, 10.5, 0.5 ] },
										"up": { "texture": "#violetwebcap", "uv": [ 4.0, 5.0, 4.5, 7.0 ] },
										"down": { "texture": "#gills", "uv": [ 1.0, 11.0, 1.5, 13.0 ] }
									}
								}
							]
						}
					]
				},
				{
					"name": "mycelium",
					"from": [ -5.0, 0.1, -5.0 ], 
					"to": [ 5.0, 0.1, 5.0 ], 
					"renderPass": 3,
					"rotationOrigin": [ 0.0, 0.1, 0.0 ],
					"faces": {
						"north": { "texture": "#violetwebcap", "uv": [ 0.0, 0.0, 10.0, 0.5 ], "enabled": false },
						"east": { "texture": "#violetwebcap", "uv": [ 0.0, 0.0, 10.0, 0.5 ], "enabled": false },
						"south": { "texture": "#violetwebcap", "uv": [ 0.0, 0.0, 10.0, 0.5 ], "enabled": false },
						"west": { "texture": "#violetwebcap", "uv": [ 0.0, 0.0, 10.0, 0.5 ], "enabled": false },
						"up": { "texture": "#mycelium1", "uv": [ 3.0, 3.0, 13.0, 13.0 ] },
						"down": { "texture": "#violetwebcap", "uv": [ 0.0, 0.0, 10.0, 10.0 ], "enabled": false }
					}
				}
			]
		},
		{
			"name": "origin27",
			"from": [ 24.0, 0.0, 8.0 ], 
			"to": [ 24.0, 0.0, 8.0 ], 
			"rotationOrigin": [ 24.0, 0.0, 8.0 ],
			"rotationY": -180.0,
			"faces": {
				"north": { "texture": "#violetwebcap", "uv": [ 0.0, 0.0, 0.5, 0.5 ], "enabled": false },
				"east": { "texture": "#violetwebcap", "uv": [ 0.0, 0.0, 0.5, 0.5 ], "enabled": false },
				"south": { "texture": "#violetwebcap", "uv": [ 0.0, 0.0, 0.5, 0.5 ], "enabled": false },
				"west": { "texture": "#violetwebcap", "uv": [ 0.0, 0.0, 0.5, 0.5 ], "enabled": false },
				"up": { "texture": "#violetwebcap", "uv": [ 0.0, 0.0, 0.5, 0.5 ], "enabled": false },
				"down": { "texture": "#violetwebcap", "uv": [ 0.0, 0.0, 0.5, 0.5 ], "enabled": false }
			},
			"children": [
				{
					"name": "large28",
					"from": [ -1.18, 0.0, -2.2588 ], 
					"to": [ 0.32, 2.0, -0.7588 ], 
					"rotationOrigin": [ -0.4825, 0.0, -1.5588 ],
					"rotationX": 3.0,
					"rotationY": 24.0,
					"rotationZ": 4.0,
					"faces": {
						"north": { "texture": "#violetwebcap", "uv": [ 0.5, 11.0, 2.0, 13.0 ] },
						"east": { "texture": "#violetwebcap", "uv": [ 0.5, 11.0, 2.0, 13.0 ] },
						"south": { "texture": "#violetwebcap", "uv": [ 0.5, 12.0, 2.0, 14.0 ] },
						"west": { "texture": "#violetwebcap", "uv": [ 0.5, 12.5, 2.0, 14.5 ] },
						"up": { "texture": "#violetwebcap", "uv": [ 4.0, 5.0, 5.5, 6.5 ], "enabled": false },
						"down": { "texture": "#violetwebcap", "uv": [ 0.0, 14.0, 1.5, 15.5 ] }
					},
					"children": [
						{
							"name": "cap29",
							"from": [ -1.0, 3.4, -1.0 ], 
							"to": [ 3.5, 4.4, 3.5 ], 
							"rotationOrigin": [ 1.4, 3.4, 1.4 ],
							"rotationZ": -17.0,
							"faces": {
								"north": { "texture": "#violetwebcap", "uv": [ 7.0, 0.0, 11.5, 1.0 ] },
								"east": { "texture": "#violetwebcap", "uv": [ 4.0, 0.0, 8.5, 1.0 ] },
								"south": { "texture": "#violetwebcap", "uv": [ 6.0, 0.0, 10.5, 1.0 ] },
								"west": { "texture": "#violetwebcap", "uv": [ 5.5, 0.0, 10.0, 1.0 ] },
								"up": { "texture": "#violetwebcap", "uv": [ 2.5, 2.5, 7.0, 7.0 ] },
								"down": { "texture": "#gills", "uv": [ 0.5, 10.5, 5.0, 15.0 ] }
							}
						},
						{
							"name": "stem30",
							"from": [ -0.1, 1.7, 0.0 ], 
							"to": [ 1.4, 3.7, 1.5 ], 
							"rotationOrigin": [ 0.7, 1.7, 0.7 ],
							"rotationX": 2.0,
							"rotationZ": -14.0,
							"faces": {
								"north": { "texture": "#violetwebcap", "uv": [ 1.0, 10.5, 2.5, 12.5 ] },
								"east": { "texture": "#violetwebcap", "uv": [ 1.0, 9.0, 2.5, 11.0 ] },
								"south": { "texture": "#violetwebcap", "uv": [ 0.5, 8.0, 2.0, 10.0 ] },
								"west": { "texture": "#violetwebcap", "uv": [ 0.5, 7.5, 2.0, 9.5 ] },
								"up": { "texture": "#violetwebcap", "uv": [ 0.0, 0.0, 1.5, 1.5 ], "enabled": false },
								"down": { "texture": "#violetwebcap", "uv": [ 3.0, 4.0, 4.5, 5.5 ], "enabled": false }
							}
						}
					]
				},
				{
					"name": "tiny31",
					"from": [ -4.75, 0.0, -0.8399 ], 
					"to": [ -3.75, 1.5, 0.1601 ], 
					"rotationOrigin": [ -4.2534, 0.0, -0.3399 ],
					"rotationX": -14.0,
					"rotationY": 24.0,
					"rotationZ": 6.0,
					"faces": {
						"north": { "texture": "#violetwebcap", "uv": [ 0.5, 10.0, 1.5, 11.5 ] },
						"east": { "texture": "#violetwebcap", "uv": [ 0.5, 9.5, 1.5, 11.0 ] },
						"south": { "texture": "#violetwebcap", "uv": [ 1.0, 6.5, 2.0, 8.0 ] },
						"west": { "texture": "#violetwebcap", "uv": [ 0.0, 8.0, 1.0, 9.5 ] },
						"up": { "texture": "#violetwebcap", "uv": [ 5.0, 6.0, 6.0, 7.0 ], "enabled": false },
						"down": { "texture": "#violetwebcap", "uv": [ 1.5, 12.0, 2.5, 13.0 ] }
					},
					"children": [
						{
							"name": "cap32",
							"from": [ -0.6, 2.5, -0.6 ], 
							"to": [ 1.4, 3.0, 1.4 ], 
							"rotationOrigin": [ 0.4, 2.5, 0.4 ],
							"faces": {
								"north": { "texture": "#violetwebcap", "uv": [ 9.5, 0.0, 11.5, 0.5 ] },
								"east": { "texture": "#violetwebcap", "uv": [ 9.5, 0.0, 11.5, 0.5 ] },
								"south": { "texture": "#violetwebcap", "uv": [ 5.5, 0.0, 7.5, 0.5 ] },
								"west": { "texture": "#violetwebcap", "uv": [ 10.0, 0.0, 12.0, 0.5 ] },
								"up": { "texture": "#violetwebcap", "uv": [ 6.0, 13.0, 8.0, 15.0 ] },
								"down": { "texture": "#gills", "uv": [ 3.5, 11.5, 5.5, 13.5 ] }
							}
						},
						{
							"name": "stem33",
							"from": [ 0.0, 1.4, 0.1 ], 
							"to": [ 1.0, 2.9, 1.1 ], 
							"rotationOrigin": [ 0.5, 1.4, 0.6 ],
							"rotationX": -14.0,
							"rotationZ": 6.0,
							"faces": {
								"north": { "texture": "#violetwebcap", "uv": [ 1.0, 6.5, 2.0, 8.0 ] },
								"east": { "texture": "#violetwebcap", "uv": [ 0.5, 9.5, 1.5, 11.0 ] },
								"south": { "texture": "#violetwebcap", "uv": [ 1.0, 10.0, 2.0, 11.5 ] },
								"west": { "texture": "#violetwebcap", "uv": [ 0.5, 8.5, 1.5, 10.0 ] },
								"up": { "texture": "#violetwebcap", "uv": [ 14.0, 12.5, 15.0, 13.5 ], "enabled": false },
								"down": { "texture": "#violetwebcap", "uv": [ 9.5, 8.5, 10.5, 9.5 ], "enabled": false }
							}
						}
					]
				},
				{
					"name": "medium small34",
					"from": [ -2.7534, 0.0, -2.8399 ], 
					"to": [ -1.7534, 1.0, -1.8399 ], 
					"rotationOrigin": [ -2.2534, 0.0, -2.34 ],
					"rotationX": -4.0,
					"rotationY": 24.0,
					"rotationZ": 4.0,
					"faces": {
						"north": { "texture": "#violetwebcap", "uv": [ 1.0, 14.0, 2.0, 15.0 ] },
						"east": { "texture": "#violetwebcap", "uv": [ 1.5, 10.5, 2.5, 11.5 ] },
						"south": { "texture": "#violetwebcap", "uv": [ 1.0, 11.0, 2.0, 12.0 ] },
						"west": { "texture": "#violetwebcap", "uv": [ 1.0, 10.5, 2.0, 11.5 ] },
						"up": { "texture": "#violetwebcap", "uv": [ 4.0, 5.0, 5.0, 6.0 ], "enabled": false },
						"down": { "texture": "#violetwebcap", "uv": [ 0.0, 14.0, 1.0, 15.0 ] }
					},
					"children": [
						{
							"name": "cap35",
							"from": [ -1.0, 1.7, -1.2 ], 
							"to": [ 2.0, 2.2, 1.8 ], 
							"rotationOrigin": [ 0.5, 1.7, 0.3 ],
							"rotationX": -22.0,
							"rotationY": -33.0,
							"faces": {
								"north": { "texture": "#violetwebcap", "uv": [ 10.0, 0.0, 13.0, 0.5 ] },
								"east": { "texture": "#violetwebcap", "uv": [ 5.0, 0.0, 8.0, 0.5 ] },
								"south": { "texture": "#violetwebcap", "uv": [ 8.0, 0.0, 11.0, 0.5 ] },
								"west": { "texture": "#violetwebcap", "uv": [ 5.0, 0.0, 8.0, 0.5 ] },
								"up": { "texture": "#violetwebcap", "uv": [ 9.5, 3.0, 12.5, 6.0 ] },
								"down": { "texture": "#gills", "uv": [ 3.5, 11.0, 6.5, 14.0 ] }
							}
						},
						{
							"name": "stem36",
							"from": [ 0.0, 0.8, 0.0 ], 
							"to": [ 1.0, 1.8, 1.0 ], 
							"rotationOrigin": [ 0.5, 0.8, 0.5 ],
							"rotationX": -8.0,
							"rotationZ": 5.0,
							"faces": {
								"north": { "texture": "#violetwebcap", "uv": [ 1.0, 11.0, 2.0, 12.0 ] },
								"east": { "texture": "#violetwebcap", "uv": [ 0.0, 9.0, 1.0, 10.0 ] },
								"south": { "texture": "#violetwebcap", "uv": [ 1.0, 10.5, 2.0, 11.5 ] },
								"west": { "texture": "#violetwebcap", "uv": [ 1.0, 10.0, 2.0, 11.0 ] },
								"up": { "texture": "#violetwebcap", "uv": [ 10.5, 14.0, 11.5, 15.0 ], "enabled": false },
								"down": { "texture": "#violetwebcap", "uv": [ 8.5, 5.0, 9.5, 6.0 ], "enabled": false }
							}
						}
					]
				},
				{
					"name": "single voxel37",
					"from": [ 1.9, 0.0, -3.8 ], 
					"to": [ 2.9, 0.5, -2.8 ], 
					"rotationOrigin": [ 1.9, 0.0, -3.8 ],
					"rotationY": -16.0,
					"faces": {
						"north": { "texture": "#violetwebcap", "uv": [ 8.0, 11.5, 9.0, 12.0 ] },
						"east": { "texture": "#violetwebcap", "uv": [ 7.0, 11.0, 8.0, 11.5 ] },
						"south": { "texture": "#violetwebcap", "uv": [ 6.0, 13.0, 7.0, 13.5 ] },
						"west": { "texture": "#violetwebcap", "uv": [ 5.5, 10.5, 6.5, 11.0 ] },
						"up": { "texture": "#violetwebcap", "uv": [ 5.0, 13.0, 6.0, 14.0 ] },
						"down": { "texture": "#violetwebcap", "uv": [ 14.0, 2.5, 15.0, 3.5 ] }
					}
				},
				{
					"name": "single voxel38",
					"from": [ 3.0, 0.0, 3.0 ], 
					"to": [ 4.0, 0.5, 4.0 ], 
					"rotationOrigin": [ 3.0, 0.0, 3.0 ],
					"rotationY": 20.0,
					"faces": {
						"north": { "texture": "#violetwebcap", "uv": [ 12.0, 3.0, 13.0, 3.5 ] },
						"east": { "texture": "#violetwebcap", "uv": [ 8.5, 3.5, 9.5, 4.0 ] },
						"south": { "texture": "#violetwebcap", "uv": [ 11.0, 2.0, 12.0, 2.5 ] },
						"west": { "texture": "#violetwebcap", "uv": [ 9.0, 4.5, 10.0, 5.0 ] },
						"up": { "texture": "#violetwebcap", "uv": [ 9.0, 3.5, 10.0, 4.5 ] },
						"down": { "texture": "#violetwebcap", "uv": [ 12.0, 3.0, 13.0, 4.0 ] }
					}
				},
				{
					"name": "tiny39",
					"from": [ 3.0, 0.0, -1.5 ], 
					"to": [ 4.0, 1.0, -0.5 ], 
					"rotationOrigin": [ 3.0, 0.0, -1.0 ],
					"rotationY": 34.0,
					"faces": {
						"north": { "texture": "#violetwebcap", "uv": [ 1.0, 13.0, 2.0, 14.0 ] },
						"east": { "texture": "#violetwebcap", "uv": [ 1.0, 9.5, 2.0, 10.5 ] },
						"south": { "texture": "#violetwebcap", "uv": [ 1.0, 10.5, 2.0, 11.5 ] },
						"west": { "texture": "#violetwebcap", "uv": [ 1.5, 10.0, 2.5, 11.0 ] },
						"up": { "texture": "#violetwebcap", "uv": [ 4.0, 5.0, 5.0, 6.0 ], "enabled": false },
						"down": { "texture": "#violetwebcap", "uv": [ 1.0, 12.0, 2.0, 13.0 ] }
					},
					"children": [
						{
							"name": "cap40",
							"from": [ -0.5, 1.0, -0.5 ], 
							"to": [ 1.5, 1.5, 1.5 ], 
							"faces": {
								"north": { "texture": "#violetwebcap", "uv": [ 3.5, 0.0, 5.5, 0.5 ] },
								"east": { "texture": "#violetwebcap", "uv": [ 11.0, 0.0, 13.0, 0.5 ] },
								"south": { "texture": "#violetwebcap", "uv": [ 9.5, 0.0, 11.5, 0.5 ] },
								"west": { "texture": "#violetwebcap", "uv": [ 6.0, 0.0, 8.0, 0.5 ] },
								"up": { "texture": "#violetwebcap", "uv": [ 12.5, 11.5, 14.5, 13.5 ] },
								"down": { "texture": "#gills", "uv": [ 1.5, 12.0, 3.5, 14.0 ] }
							}
						}
					]
				},
				{
					"name": "tiny41",
					"from": [ 0.1, 0.0, 2.9 ], 
					"to": [ 1.1, 0.5, 3.9 ], 
					"rotationOrigin": [ 0.1, 0.0, 2.9 ],
					"rotationY": -39.0,
					"faces": {
						"north": { "texture": "#violetwebcap", "uv": [ 0.0, 12.0, 1.0, 12.5 ] },
						"east": { "texture": "#violetwebcap", "uv": [ 1.0, 9.0, 2.0, 9.5 ] },
						"south": { "texture": "#violetwebcap", "uv": [ 1.0, 5.0, 2.0, 5.5 ] },
						"west": { "texture": "#violetwebcap", "uv": [ 0.0, 9.0, 1.0, 9.5 ] },
						"up": { "texture": "#violetwebcap", "uv": [ 4.0, 5.0, 5.0, 6.0 ], "enabled": false },
						"down": { "texture": "#violetwebcap", "uv": [ 1.0, 13.0, 2.0, 14.0 ] }
					},
					"children": [
						{
							"name": "cap42",
							"from": [ -0.2, 0.5, -0.2 ], 
							"to": [ 1.3, 1.0, 1.3 ], 
							"faces": {
								"north": { "texture": "#violetwebcap", "uv": [ 10.0, 0.0, 11.5, 0.5 ] },
								"east": { "texture": "#violetwebcap", "uv": [ 10.0, 0.0, 11.5, 0.5 ] },
								"south": { "texture": "#violetwebcap", "uv": [ 9.0, 0.0, 10.5, 0.5 ] },
								"west": { "texture": "#violetwebcap", "uv": [ 6.5, 0.0, 8.0, 0.5 ] },
								"up": { "texture": "#violetwebcap", "uv": [ 14.0, 7.0, 15.5, 8.5 ] },
								"down": { "texture": "#gills", "uv": [ 4.0, 10.5, 5.5, 12.0 ] }
							}
						}
					]
				},
				{
					"name": "small43",
					"from": [ 1.5, 0.0, 1.5 ], 
					"to": [ 2.5, 2.0, 2.5 ], 
					"rotationOrigin": [ 2.0, 0.0, 2.0 ],
					"rotationX": 4.0,
					"rotationY": 22.5,
					"rotationZ": -2.0,
					"faces": {
						"north": { "texture": "#violetwebcap", "uv": [ 1.0, 8.5, 2.0, 10.5 ] },
						"east": { "texture": "#violetwebcap", "uv": [ 0.5, 11.0, 1.5, 13.0 ] },
						"south": { "texture": "#violetwebcap", "uv": [ 0.5, 9.0, 1.5, 11.0 ] },
						"west": { "texture": "#violetwebcap", "uv": [ 0.0, 9.0, 1.0, 11.0 ] },
						"up": { "texture": "#violetwebcap", "uv": [ 4.0, 5.0, 5.0, 6.0 ], "enabled": false },
						"down": { "texture": "#violetwebcap", "uv": [ 0.5, 13.5, 1.5, 14.5 ] }
					},
					"children": [
						{
							"name": "cap44",
							"from": [ -0.5, 1.8, -0.5 ], 
							"to": [ 1.5, 2.3, 1.5 ], 
							"rotationOrigin": [ 0.5, 1.8, 0.5 ],
							"rotationZ": 19.0,
							"faces": {
								"north": { "texture": "#violetwebcap", "uv": [ 6.5, 0.0, 8.5, 0.5 ] },
								"east": { "texture": "#violetwebcap", "uv": [ 9.0, 0.0, 11.0, 0.5 ] },
								"south": { "texture": "#violetwebcap", "uv": [ 4.0, 0.0, 6.0, 0.5 ] },
								"west": { "texture": "#violetwebcap", "uv": [ 11.5, 0.0, 13.5, 0.5 ] },
								"up": { "texture": "#violetwebcap", "uv": [ 6.5, 13.0, 8.5, 15.0 ] },
								"down": { "texture": "#gills", "uv": [ 5.0, 9.0, 7.0, 11.0 ] }
							}
						}
					]
				},
				{
					"name": "single voxel45",
					"from": [ -1.0, 0.0, 1.0 ], 
					"to": [ 0.0, 0.5, 2.0 ], 
					"rotationOrigin": [ -0.5, 0.0, 1.5 ],
					"rotationY": -19.0,
					"faces": {
						"north": { "texture": "#violetwebcap", "uv": [ 0.5, 9.5, 1.5, 10.0 ] },
						"east": { "texture": "#violetwebcap", "uv": [ 0.5, 8.0, 1.5, 8.5 ] },
						"south": { "texture": "#violetwebcap", "uv": [ 0.5, 6.5, 1.5, 7.0 ] },
						"west": { "texture": "#violetwebcap", "uv": [ 1.0, 7.0, 2.0, 7.5 ] },
						"up": { "texture": "#violetwebcap", "uv": [ 1.0, 8.0, 2.0, 9.0 ] },
						"down": { "texture": "#violetwebcap", "uv": [ 1.0, 6.0, 2.0, 7.0 ] }
					}
				},
				{
					"name": "tiny46",
					"from": [ -3.4, -0.3, 2.9 ], 
					"to": [ -2.4, 1.2, 3.9 ], 
					"rotationOrigin": [ -3.4, -0.3, 3.4 ],
					"rotationX": -19.0,
					"rotationY": 34.0,
					"rotationZ": 25.0,
					"faces": {
						"north": { "texture": "#violetwebcap", "uv": [ 0.0, 10.5, 1.0, 12.0 ] },
						"east": { "texture": "#violetwebcap", "uv": [ 0.5, 7.5, 1.5, 9.0 ] },
						"south": { "texture": "#violetwebcap", "uv": [ 1.0, 7.0, 2.0, 8.5 ] },
						"west": { "texture": "#violetwebcap", "uv": [ 0.5, 10.5, 1.5, 12.0 ] },
						"up": { "texture": "#violetwebcap", "uv": [ 4.0, 5.0, 5.0, 6.0 ], "enabled": false },
						"down": { "texture": "#violetwebcap", "uv": [ 1.5, 12.5, 2.5, 13.5 ] }
					},
					"children": [
						{
							"name": "cap47",
							"from": [ -0.5, 1.3, -0.5 ], 
							"to": [ 1.5, 1.8, 1.5 ], 
							"rotationOrigin": [ 0.5, 1.3, 0.5 ],
							"rotationX": 19.0,
							"faces": {
								"north": { "texture": "#violetwebcap", "uv": [ 9.0, 14.0, 11.0, 14.5 ], "enabled": false },
								"east": { "texture": "#violetwebcap", "uv": [ 3.0, 11.0, 5.0, 11.5 ], "enabled": false },
								"south": { "texture": "#violetwebcap", "uv": [ 5.0, 12.0, 7.0, 12.5 ], "enabled": false },
								"west": { "texture": "#violetwebcap", "uv": [ 4.0, 10.0, 6.0, 10.5 ], "enabled": false },
								"up": { "texture": "#violetwebcap", "uv": [ 4.5, 5.0, 6.5, 7.0 ] },
								"down": { "texture": "#gills", "uv": [ 5.5, 12.0, 7.5, 14.0 ] }
							},
							"children": [
								{
									"name": "Cube48",
									"from": [ 0.0, 0.0, 2.0 ], 
									"to": [ 2.0, 0.5, 2.5 ], 
									"rotationOrigin": [ 1.0, 0.5, 2.0 ],
									"rotationX": 28.0,
									"faces": {
										"north": { "texture": "#violetwebcap", "uv": [ 7.5, 5.0, 9.5, 5.5 ], "enabled": false },
										"east": { "texture": "#violetwebcap", "uv": [ 5.5, 4.5, 6.0, 5.0 ] },
										"south": { "texture": "#violetwebcap", "uv": [ 4.5, 0.0, 6.5, 0.5 ] },
										"west": { "texture": "#violetwebcap", "uv": [ 3.5, 6.0, 4.0, 6.5 ] },
										"up": { "texture": "#violetwebcap", "uv": [ 4.5, 4.5, 6.5, 5.0 ] },
										"down": { "texture": "#gills", "uv": [ 4.5, 12.5, 6.5, 13.0 ] }
									}
								},
								{
									"name": "Cube49",
									"from": [ 0.0, 0.0, -0.5 ], 
									"to": [ 2.0, 0.5, 0.0 ], 
									"rotationOrigin": [ 1.0, 0.5, 0.0 ],
									"rotationX": -36.0,
									"faces": {
										"north": { "texture": "#violetwebcap", "uv": [ 9.0, 0.0, 11.0, 0.5 ] },
										"east": { "texture": "#violetwebcap", "uv": [ 5.0, 5.5, 5.5, 6.0 ] },
										"south": { "texture": "#violetwebcap", "uv": [ 3.5, 6.0, 5.5, 6.5 ], "enabled": false },
										"west": { "texture": "#violetwebcap", "uv": [ 4.5, 5.0, 5.0, 5.5 ] },
										"up": { "texture": "#violetwebcap", "uv": [ 5.0, 5.0, 7.0, 5.5 ] },
										"down": { "texture": "#gills", "uv": [ 2.0, 13.5, 4.0, 14.0 ] }
									}
								},
								{
									"name": "Cube50",
									"from": [ 2.0, 0.0, 0.0 ], 
									"to": [ 2.5, 0.5, 2.0 ], 
									"rotationOrigin": [ 2.0, 0.5, 1.0 ],
									"faces": {
										"north": { "texture": "#violetwebcap", "uv": [ 4.5, 4.5, 5.0, 5.0 ] },
										"east": { "texture": "#violetwebcap", "uv": [ 9.0, 0.0, 11.0, 0.5 ] },
										"south": { "texture": "#violetwebcap", "uv": [ 6.5, 4.5, 7.0, 5.0 ] },
										"west": { "texture": "#violetwebcap", "uv": [ 6.0, 9.0, 8.0, 9.5 ], "enabled": false },
										"up": { "texture": "#violetwebcap", "uv": [ 5.5, 3.0, 6.0, 5.0 ] },
										"down": { "texture": "#gills", "uv": [ 3.5, 11.0, 4.0, 13.0 ] }
									}
								},
								{
									"name": "Cube51",
									"from": [ -0.5, 0.0, 0.0 ], 
									"to": [ 0.0, 0.5, 2.0 ], 
									"rotationOrigin": [ 0.0, 0.5, 1.0 ],
									"rotationZ": 11.0,
									"faces": {
										"north": { "texture": "#violetwebcap", "uv": [ 3.5, 4.0, 4.0, 4.5 ] },
										"east": { "texture": "#violetwebcap", "uv": [ 0.0, 0.0, 2.0, 0.5 ], "enabled": false, "autoUv": false },
										"south": { "texture": "#violetwebcap", "uv": [ 7.5, 4.0, 8.0, 4.5 ] },
										"west": { "texture": "#violetwebcap", "uv": [ 8.5, 0.0, 10.5, 0.5 ] },
										"up": { "texture": "#violetwebcap", "uv": [ 4.0, 5.0, 4.5, 7.0 ] },
										"down": { "texture": "#gills", "uv": [ 1.0, 11.0, 1.5, 13.0 ] }
									}
								}
							]
						}
					]
				},
				{
					"name": "mycelium52",
					"from": [ -5.0, 0.1, -5.0 ], 
					"to": [ 5.0, 0.1, 5.0 ], 
					"renderPass": 3,
					"rotationOrigin": [ 0.0, 0.1, 0.0 ],
					"faces": {
						"north": { "texture": "#violetwebcap", "uv": [ 0.0, 0.0, 10.0, 0.5 ], "enabled": false },
						"east": { "texture": "#violetwebcap", "uv": [ 0.0, 0.0, 10.0, 0.5 ], "enabled": false },
						"south": { "texture": "#violetwebcap", "uv": [ 0.0, 0.0, 10.0, 0.5 ], "enabled": false },
						"west": { "texture": "#violetwebcap", "uv": [ 0.0, 0.0, 10.0, 0.5 ], "enabled": false },
						"up": { "texture": "#mycelium1", "uv": [ 3.0, 3.0, 13.0, 13.0 ] },
						"down": { "texture": "#violetwebcap", "uv": [ 0.0, 0.0, 10.0, 10.0 ], "enabled": false }
					}
				}
			]
		}
	]}