{
	"editor": {
		"allAngles": true,
		"entityTextureMode": false
	},
	"textureWidth": 16,
	"textureHeight": 16,
	"textureSizes": {
	},
	"textures": {
		"violetwebcap": "game:block/plant/mushroom/violetwebcap/violetwebcap",
		"mycelium3": "game:block/plant/mushroom/mycelium3",
		"gills": "game:block/plant/mushroom/gills"
	},
	"elements": [
		{
			"name": "origin",
			"from": [ 8.0, 0.0, 8.0 ], 
			"to": [ 8.0, 0.0, 8.0 ], 
			"rotationOrigin": [ 8.0, 0.0, 8.0 ],
			"faces": {
				"north": { "texture": "#violetwebcap", "uv": [ 0.0, 0.0, 0.5, 0.5 ], "enabled": false },
				"east": { "texture": "#violetwebcap", "uv": [ 0.0, 0.0, 0.5, 0.5 ], "enabled": false },
				"south": { "texture": "#violetwebcap", "uv": [ 0.0, 0.0, 0.5, 0.5 ], "enabled": false },
				"west": { "texture": "#violetwebcap", "uv": [ 0.0, 0.0, 0.5, 0.5 ], "enabled": false },
				"up": { "texture": "#violetwebcap", "uv": [ 0.0, 0.0, 0.5, 0.5 ], "enabled": false },
				"down": { "texture": "#violetwebcap", "uv": [ 0.0, 0.0, 0.5, 0.5 ], "enabled": false }
			},
			"children": [
				{
					"name": "single voxel25",
					"from": [ -2.2, 0.5, -2.05 ], 
					"to": [ -1.2, 1.0, -1.05 ], 
					"rotationOrigin": [ -1.6982, 0.0, -1.5526 ],
					"rotationY": -22.0,
					"faces": {
						"north": { "texture": "#violetwebcap", "uv": [ 12.0, 3.0, 13.0, 3.5 ] },
						"east": { "texture": "#violetwebcap", "uv": [ 7.0, 2.0, 8.0, 2.5 ] },
						"south": { "texture": "#violetwebcap", "uv": [ 10.0, 1.0, 11.0, 1.5 ] },
						"west": { "texture": "#violetwebcap", "uv": [ 7.0, 4.0, 8.0, 4.5 ] },
						"up": { "texture": "#violetwebcap", "uv": [ 12.0, 3.5, 13.0, 4.5 ] },
						"down": { "texture": "#violetwebcap", "uv": [ 10.5, 4.0, 11.5, 5.0 ] }
					}
				},
				{
					"name": "medium small2",
					"from": [ -2.85, 0.0, -2.78 ], 
					"to": [ -1.85, 1.5, -1.78 ], 
					"rotationOrigin": [ -2.3491, 0.0, -2.2763 ],
					"rotationX": -5.0,
					"rotationY": -22.0,
					"faces": {
						"north": { "texture": "#violetwebcap", "uv": [ 1.5, 10.0, 2.5, 11.5 ] },
						"east": { "texture": "#violetwebcap", "uv": [ 1.0, 10.0, 2.0, 11.5 ] },
						"south": { "texture": "#violetwebcap", "uv": [ 1.0, 10.5, 2.0, 12.0 ] },
						"west": { "texture": "#violetwebcap", "uv": [ 1.0, 10.5, 2.0, 12.0 ] },
						"up": { "texture": "#violetwebcap", "uv": [ 5.0, 6.0, 6.0, 7.0 ], "enabled": false },
						"down": { "texture": "#violetwebcap", "uv": [ 1.5, 14.0, 2.5, 15.0 ] }
					},
					"children": [
						{
							"name": "cap3",
							"from": [ -0.6, 2.8, -0.5 ], 
							"to": [ 1.4, 3.3, 1.5 ], 
							"rotationOrigin": [ 0.4, 2.8, 0.5 ],
							"rotationZ": 6.0,
							"faces": {
								"north": { "texture": "#violetwebcap", "uv": [ 9.0, 0.0, 11.0, 0.5 ] },
								"east": { "texture": "#violetwebcap", "uv": [ 9.0, 0.0, 11.0, 0.5 ] },
								"south": { "texture": "#violetwebcap", "uv": [ 8.0, 0.0, 10.0, 0.5 ] },
								"west": { "texture": "#violetwebcap", "uv": [ 6.0, 0.0, 8.0, 0.5 ] },
								"up": { "texture": "#violetwebcap", "uv": [ 8.5, 3.0, 10.5, 5.0 ] },
								"down": { "texture": "#gills", "uv": [ 2.0, 11.5, 4.0, 13.5 ] }
							}
						},
						{
							"name": "stem2",
							"from": [ 0.0, 1.4, 0.0 ], 
							"to": [ 1.0, 2.9, 1.0 ], 
							"rotationOrigin": [ 0.5, 1.4, 0.5 ],
							"rotationX": 1.0,
							"rotationZ": 5.0,
							"faces": {
								"north": { "texture": "#violetwebcap", "uv": [ 0.0, 0.0, 1.0, 1.5 ] },
								"east": { "texture": "#violetwebcap", "uv": [ 0.0, 0.0, 1.0, 1.5 ] },
								"south": { "texture": "#violetwebcap", "uv": [ 0.0, 0.0, 1.0, 1.5 ] },
								"west": { "texture": "#violetwebcap", "uv": [ 0.0, 0.0, 1.0, 1.5 ] },
								"up": { "texture": "#violetwebcap", "uv": [ 0.0, 0.0, 1.0, 1.0 ], "enabled": false },
								"down": { "texture": "#violetwebcap", "uv": [ 0.0, 0.0, 1.0, 1.0 ] }
							}
						}
					]
				},
				{
					"name": "tiny16",
					"from": [ -4.15, -0.1, -0.2237 ], 
					"to": [ -3.15, 1.4, 0.7763 ], 
					"rotationOrigin": [ -3.6509, -0.1, 0.2763 ],
					"rotationX": 6.0,
					"rotationY": -22.0,
					"rotationZ": 6.0,
					"faces": {
						"north": { "texture": "#violetwebcap", "uv": [ 1.5, 8.5, 2.5, 10.0 ] },
						"east": { "texture": "#violetwebcap", "uv": [ 1.0, 6.5, 2.0, 8.0 ] },
						"south": { "texture": "#violetwebcap", "uv": [ 1.0, 9.5, 2.0, 11.0 ] },
						"west": { "texture": "#violetwebcap", "uv": [ 1.0, 9.0, 2.0, 10.5 ] },
						"up": { "texture": "#violetwebcap", "uv": [ 4.0, 5.0, 5.0, 6.0 ], "enabled": false },
						"down": { "texture": "#violetwebcap", "uv": [ 1.0, 12.0, 2.0, 13.0 ] }
					},
					"children": [
						{
							"name": "cap17",
							"from": [ -0.7, 3.2, -0.3 ], 
							"to": [ 1.3, 3.7, 1.7 ], 
							"rotationOrigin": [ 0.3, 3.2, 0.7 ],
							"rotationX": 8.0,
							"faces": {
								"north": { "texture": "#violetwebcap", "uv": [ 9.0, 14.0, 11.0, 14.5 ], "enabled": false },
								"east": { "texture": "#violetwebcap", "uv": [ 3.0, 11.0, 5.0, 11.5 ], "enabled": false },
								"south": { "texture": "#violetwebcap", "uv": [ 9.0, 0.0, 11.0, 0.5 ], "enabled": false },
								"west": { "texture": "#violetwebcap", "uv": [ 4.0, 10.0, 6.0, 10.5 ], "enabled": false },
								"up": { "texture": "#violetwebcap", "uv": [ 6.5, 12.0, 8.5, 14.0 ] },
								"down": { "texture": "#gills", "uv": [ 2.5, 11.5, 4.5, 13.5 ] }
							},
							"children": [
								{
									"name": "Cube28",
									"from": [ 0.0, 0.0, 2.0 ], 
									"to": [ 2.0, 0.5, 3.0 ], 
									"rotationOrigin": [ 1.0, 0.5, 2.0 ],
									"rotationX": 11.0,
									"faces": {
										"north": { "texture": "#violetwebcap", "uv": [ 11.5, 12.5, 13.5, 13.0 ], "enabled": false },
										"east": { "texture": "#violetwebcap", "uv": [ 6.0, 12.5, 7.0, 13.0 ] },
										"south": { "texture": "#violetwebcap", "uv": [ 6.0, 0.0, 8.0, 0.5 ] },
										"west": { "texture": "#violetwebcap", "uv": [ 6.5, 12.0, 7.5, 12.5 ] },
										"up": { "texture": "#violetwebcap", "uv": [ 5.0, 11.0, 7.0, 12.0 ] },
										"down": { "texture": "#gills", "uv": [ 4.5, 12.0, 6.5, 13.0 ] }
									}
								},
								{
									"name": "Cube29",
									"from": [ 0.0, 0.0, -1.0 ], 
									"to": [ 2.0, 0.5, 0.0 ], 
									"rotationOrigin": [ 1.0, 0.5, 0.0 ],
									"rotationX": -42.0,
									"faces": {
										"north": { "texture": "#violetwebcap", "uv": [ 8.0, 0.0, 10.0, 0.5 ] },
										"east": { "texture": "#violetwebcap", "uv": [ 6.5, 11.0, 7.5, 11.5 ] },
										"south": { "texture": "#violetwebcap", "uv": [ 10.5, 6.0, 12.5, 6.5 ], "enabled": false },
										"west": { "texture": "#violetwebcap", "uv": [ 7.5, 15.0, 8.5, 15.5 ] },
										"up": { "texture": "#violetwebcap", "uv": [ 5.5, 14.0, 7.5, 15.0 ] },
										"down": { "texture": "#gills", "uv": [ 3.5, 11.0, 5.5, 12.0 ] }
									}
								},
								{
									"name": "Cube30",
									"from": [ 2.0, 0.0, 0.0 ], 
									"to": [ 3.0, 0.5, 2.0 ], 
									"rotationOrigin": [ 2.0, 0.5, 1.0 ],
									"rotationZ": -22.0,
									"faces": {
										"north": { "texture": "#violetwebcap", "uv": [ 7.0, 11.5, 8.0, 12.0 ] },
										"east": { "texture": "#violetwebcap", "uv": [ 6.0, 0.0, 8.0, 0.5 ] },
										"south": { "texture": "#violetwebcap", "uv": [ 6.5, 12.0, 7.5, 12.5 ] },
										"west": { "texture": "#violetwebcap", "uv": [ 2.5, 4.0, 4.5, 4.5 ], "enabled": false },
										"up": { "texture": "#violetwebcap", "uv": [ 6.0, 13.0, 7.0, 15.0 ] },
										"down": { "texture": "#gills", "uv": [ 5.5, 11.0, 6.5, 13.0 ] }
									}
								},
								{
									"name": "Cube31",
									"from": [ -1.0, 0.0, 0.0 ], 
									"to": [ 0.0, 0.5, 2.0 ], 
									"rotationOrigin": [ 0.0, 0.5, 1.0 ],
									"rotationZ": 33.0,
									"faces": {
										"north": { "texture": "#violetwebcap", "uv": [ 8.5, 13.0, 9.5, 13.5 ] },
										"east": { "texture": "#violetwebcap", "uv": [ 3.0, 5.0, 5.0, 5.5 ], "enabled": false },
										"south": { "texture": "#violetwebcap", "uv": [ 4.5, 11.5, 5.5, 12.0 ] },
										"west": { "texture": "#violetwebcap", "uv": [ 6.5, 0.0, 8.5, 0.5 ] },
										"up": { "texture": "#violetwebcap", "uv": [ 5.5, 11.5, 6.5, 13.5 ] },
										"down": { "texture": "#gills", "uv": [ 5.5, 11.5, 6.5, 13.5 ] }
									}
								}
							]
						},
						{
							"name": "Cube27",
							"from": [ 0.0, 1.3, 0.0 ], 
							"to": [ 1.0, 3.3, 1.0 ], 
							"rotationOrigin": [ 0.0, 1.3, 0.0 ],
							"rotationX": 8.0,
							"rotationZ": 5.0,
							"faces": {
								"north": { "texture": "#violetwebcap", "uv": [ 1.5, 4.0, 2.5, 6.0 ] },
								"east": { "texture": "#violetwebcap", "uv": [ 1.0, 4.5, 2.0, 6.5 ] },
								"south": { "texture": "#violetwebcap", "uv": [ 0.5, 4.5, 1.5, 6.5 ] },
								"west": { "texture": "#violetwebcap", "uv": [ 0.5, 4.5, 1.5, 6.5 ] },
								"up": { "texture": "#violetwebcap", "uv": [ 13.0, 6.0, 14.0, 7.0 ], "enabled": false },
								"down": { "texture": "#violetwebcap", "uv": [ 1.5, 4.0, 2.5, 5.0 ], "enabled": false }
							}
						}
					]
				},
				{
					"name": "tiny20",
					"from": [ 1.6856, 0.0, -1.2369 ], 
					"to": [ 2.6856, 0.5, -0.2369 ], 
					"rotationOrigin": [ 2.1856, 0.0, -0.7369 ],
					"rotationY": 16.0,
					"faces": {
						"north": { "texture": "#violetwebcap", "uv": [ 1.5, 9.5, 2.5, 10.0 ] },
						"east": { "texture": "#violetwebcap", "uv": [ 0.5, 8.5, 1.5, 9.0 ] },
						"south": { "texture": "#violetwebcap", "uv": [ 1.0, 5.5, 2.0, 6.0 ] },
						"west": { "texture": "#violetwebcap", "uv": [ 1.0, 8.5, 2.0, 9.0 ] },
						"up": { "texture": "#violetwebcap", "uv": [ 4.0, 5.0, 5.0, 6.0 ], "enabled": false },
						"down": { "texture": "#violetwebcap", "uv": [ 0.5, 9.5, 1.5, 10.5 ] }
					},
					"children": [
						{
							"name": "cap6",
							"from": [ -0.2, 0.5, -0.2 ], 
							"to": [ 1.3, 1.0, 1.3 ], 
							"faces": {
								"north": { "texture": "#violetwebcap", "uv": [ 8.5, 0.0, 10.0, 0.5 ] },
								"east": { "texture": "#violetwebcap", "uv": [ 7.0, 0.0, 8.5, 0.5 ] },
								"south": { "texture": "#violetwebcap", "uv": [ 6.5, 0.0, 8.0, 0.5 ] },
								"west": { "texture": "#violetwebcap", "uv": [ 7.0, 0.0, 8.5, 0.5 ] },
								"up": { "texture": "#violetwebcap", "uv": [ 7.0, 14.0, 8.5, 15.5 ] },
								"down": { "texture": "#gills", "uv": [ 4.5, 11.0, 6.0, 12.5 ] }
							}
						}
					]
				},
				{
					"name": "medium small",
					"from": [ 1.0, -0.1, 0.0 ], 
					"to": [ 2.0, 1.9, 1.0 ], 
					"rotationOrigin": [ 1.5, -0.1, 0.5 ],
					"rotationX": -16.0,
					"rotationY": 16.0,
					"rotationZ": -4.0,
					"faces": {
						"north": { "texture": "#violetwebcap", "uv": [ 1.5, 12.0, 2.5, 14.0 ] },
						"east": { "texture": "#violetwebcap", "uv": [ 0.5, 11.5, 1.5, 13.5 ] },
						"south": { "texture": "#violetwebcap", "uv": [ 1.0, 9.0, 2.0, 11.0 ] },
						"west": { "texture": "#violetwebcap", "uv": [ 0.0, 11.0, 1.0, 13.0 ] },
						"up": { "texture": "#violetwebcap", "uv": [ 4.0, 5.0, 5.0, 6.0 ], "enabled": false },
						"down": { "texture": "#violetwebcap", "uv": [ 0.0, 13.0, 1.0, 14.0 ] }
					},
					"children": [
						{
							"name": "cap",
							"from": [ -1.2, 3.6, -0.7 ], 
							"to": [ 1.8, 4.1, 2.3 ], 
							"rotationOrigin": [ 0.3, 3.6, 0.8 ],
							"rotationX": 8.0,
							"rotationZ": 22.5,
							"faces": {
								"north": { "texture": "#violetwebcap", "uv": [ 13.0, 3.0, 16.0, 3.5 ], "enabled": false },
								"east": { "texture": "#violetwebcap", "uv": [ 9.0, 7.0, 12.0, 7.5 ], "enabled": false },
								"south": { "texture": "#violetwebcap", "uv": [ 10.0, 8.0, 13.0, 8.5 ], "enabled": false },
								"west": { "texture": "#violetwebcap", "uv": [ 9.0, 7.0, 12.0, 7.5 ], "enabled": false },
								"up": { "texture": "#violetwebcap", "uv": [ 11.0, 5.0, 14.0, 8.0 ] },
								"down": { "texture": "#gills", "uv": [ 2.5, 12.0, 5.5, 15.0 ] }
							},
							"children": [
								{
									"name": "Cube1",
									"from": [ 3.0, 0.0, 0.0 ], 
									"to": [ 4.0, 0.5, 3.0 ], 
									"rotationOrigin": [ 3.0, 0.5, 1.0 ],
									"rotationZ": -61.0,
									"faces": {
										"north": { "texture": "#violetwebcap", "uv": [ 11.0, 2.5, 12.0, 3.0 ] },
										"east": { "texture": "#violetwebcap", "uv": [ 6.5, 0.0, 9.5, 0.5 ] },
										"south": { "texture": "#violetwebcap", "uv": [ 9.0, 7.0, 10.0, 7.5 ] },
										"west": { "texture": "#violetwebcap", "uv": [ 1.5, 5.0, 4.5, 5.5 ], "enabled": false },
										"up": { "texture": "#violetwebcap", "uv": [ 12.5, 4.5, 13.5, 7.5 ] },
										"down": { "texture": "#gills", "uv": [ 5.5, 11.0, 6.5, 14.0 ] }
									}
								},
								{
									"name": "Cube24",
									"from": [ -1.0, 0.0, 0.0 ], 
									"to": [ 0.0, 0.5, 3.0 ], 
									"rotationOrigin": [ 0.0, 0.5, 1.0 ],
									"rotationZ": 28.0,
									"faces": {
										"north": { "texture": "#violetwebcap", "uv": [ 9.5, 5.5, 10.5, 6.0 ] },
										"east": { "texture": "#violetwebcap", "uv": [ 6.5, 9.0, 9.5, 9.5 ], "enabled": false },
										"south": { "texture": "#violetwebcap", "uv": [ 9.5, 4.5, 10.5, 5.0 ] },
										"west": { "texture": "#violetwebcap", "uv": [ 10.0, 0.0, 13.0, 0.5 ] },
										"up": { "texture": "#violetwebcap", "uv": [ 10.5, 3.5, 11.5, 6.5 ] },
										"down": { "texture": "#gills", "uv": [ 6.0, 10.0, 7.0, 13.0 ] }
									}
								},
								{
									"name": "Cube25",
									"from": [ 0.0, 0.0, 3.0 ], 
									"to": [ 3.0, 0.5, 4.0 ], 
									"rotationOrigin": [ 2.0, 0.5, 3.0 ],
									"rotationX": 28.0,
									"faces": {
										"north": { "texture": "#violetwebcap", "uv": [ 9.0, 6.0, 12.0, 6.5 ], "enabled": false },
										"east": { "texture": "#violetwebcap", "uv": [ 10.0, 6.0, 11.0, 6.5 ] },
										"south": { "texture": "#violetwebcap", "uv": [ 5.5, 0.0, 8.5, 0.5 ] },
										"west": { "texture": "#violetwebcap", "uv": [ 12.0, 6.0, 13.0, 6.5 ] },
										"up": { "texture": "#violetwebcap", "uv": [ 4.0, 8.0, 7.0, 9.0 ] },
										"down": { "texture": "#gills", "uv": [ 4.5, 12.5, 7.5, 13.5 ] }
									}
								},
								{
									"name": "Cube26",
									"from": [ 0.0, 0.0, -1.0 ], 
									"to": [ 3.0, 0.5, 0.0 ], 
									"rotationOrigin": [ 2.0, 0.5, 0.0 ],
									"rotationX": -42.0,
									"faces": {
										"north": { "texture": "#violetwebcap", "uv": [ 10.0, 0.0, 13.0, 0.5 ] },
										"east": { "texture": "#violetwebcap", "uv": [ 12.0, 5.5, 13.0, 6.0 ] },
										"south": { "texture": "#violetwebcap", "uv": [ 2.0, 4.0, 5.0, 4.5 ], "enabled": false },
										"west": { "texture": "#violetwebcap", "uv": [ 8.0, 6.0, 9.0, 6.5 ] },
										"up": { "texture": "#violetwebcap", "uv": [ 7.5, 3.5, 10.5, 4.5 ] },
										"down": { "texture": "#gills", "uv": [ 4.0, 10.5, 7.0, 11.5 ] }
									}
								}
							]
						},
						{
							"name": "stem",
							"from": [ 0.0, 1.8, 0.0 ], 
							"to": [ 1.0, 3.8, 1.0 ], 
							"rotationOrigin": [ 0.5, 1.8, 0.5 ],
							"rotationX": 8.0,
							"rotationZ": 7.0,
							"faces": {
								"north": { "texture": "#violetwebcap", "uv": [ 0.5, 10.5, 1.5, 12.5 ] },
								"east": { "texture": "#violetwebcap", "uv": [ 1.0, 9.5, 2.0, 11.5 ] },
								"south": { "texture": "#violetwebcap", "uv": [ 1.0, 10.0, 2.0, 12.0 ] },
								"west": { "texture": "#violetwebcap", "uv": [ 1.5, 8.5, 2.5, 10.5 ] },
								"up": { "texture": "#violetwebcap", "uv": [ 9.5, 3.0, 10.5, 4.0 ], "enabled": false },
								"down": { "texture": "#violetwebcap", "uv": [ 4.5, 14.5, 5.5, 15.5 ], "enabled": false }
							}
						}
					]
				},
				{
					"name": "tiny21",
					"from": [ 3.0, 0.0, -4.0 ], 
					"to": [ 4.0, 0.5, -3.0 ], 
					"rotationOrigin": [ 3.5, 0.0, -3.5 ],
					"rotationY": 44.0,
					"faces": {
						"north": { "texture": "#violetwebcap", "uv": [ 1.5, 11.0, 2.5, 11.5 ] },
						"east": { "texture": "#violetwebcap", "uv": [ 1.0, 8.5, 2.0, 9.0 ] },
						"south": { "texture": "#violetwebcap", "uv": [ 0.5, 6.5, 1.5, 7.0 ] },
						"west": { "texture": "#violetwebcap", "uv": [ 0.5, 9.0, 1.5, 9.5 ] },
						"up": { "texture": "#violetwebcap", "uv": [ 4.0, 5.0, 5.0, 6.0 ], "enabled": false },
						"down": { "texture": "#violetwebcap", "uv": [ 0.0, 12.5, 1.0, 13.5 ] }
					},
					"children": [
						{
							"name": "cap21",
							"from": [ -0.2, 0.5, -0.2 ], 
							"to": [ 1.3, 1.0, 1.3 ], 
							"rotationOrigin": [ 0.5, 0.5, 0.5 ],
							"rotationX": -3.0,
							"rotationZ": 5.0,
							"faces": {
								"north": { "texture": "#violetwebcap", "uv": [ 8.0, 0.0, 9.5, 0.5 ] },
								"east": { "texture": "#violetwebcap", "uv": [ 9.5, 0.0, 11.0, 0.5 ] },
								"south": { "texture": "#violetwebcap", "uv": [ 8.5, 0.0, 10.0, 0.5 ] },
								"west": { "texture": "#violetwebcap", "uv": [ 7.5, 0.0, 9.0, 0.5 ] },
								"up": { "texture": "#violetwebcap", "uv": [ 9.5, 4.5, 11.0, 6.0 ] },
								"down": { "texture": "#gills", "uv": [ 3.0, 11.5, 4.5, 13.0 ] }
							}
						}
					]
				},
				{
					"name": "tiny18",
					"from": [ -4.0, 0.0, 3.0 ], 
					"to": [ -3.0, 1.0, 4.0 ], 
					"rotationOrigin": [ -3.5, 0.0, 3.5 ],
					"rotationY": -62.0,
					"faces": {
						"north": { "texture": "#violetwebcap", "uv": [ 0.5, 11.0, 1.5, 12.0 ] },
						"east": { "texture": "#violetwebcap", "uv": [ 1.5, 9.5, 2.5, 10.5 ] },
						"south": { "texture": "#violetwebcap", "uv": [ 0.5, 11.0, 1.5, 12.0 ] },
						"west": { "texture": "#violetwebcap", "uv": [ 0.5, 8.5, 1.5, 9.5 ] },
						"up": { "texture": "#violetwebcap", "uv": [ 4.0, 5.0, 5.0, 6.0 ], "enabled": false },
						"down": { "texture": "#violetwebcap", "uv": [ 10.5, 3.5, 11.5, 4.5 ] }
					},
					"children": [
						{
							"name": "cap19",
							"from": [ -0.2, 1.0, -0.2 ], 
							"to": [ 1.3, 1.5, 1.3 ], 
							"faces": {
								"north": { "texture": "#violetwebcap", "uv": [ 5.0, 0.0, 6.5, 0.5 ] },
								"east": { "texture": "#violetwebcap", "uv": [ 9.5, 0.0, 11.0, 0.5 ] },
								"south": { "texture": "#violetwebcap", "uv": [ 10.0, 0.0, 11.5, 0.5 ] },
								"west": { "texture": "#violetwebcap", "uv": [ 5.0, 0.0, 6.5, 0.5 ] },
								"up": { "texture": "#violetwebcap", "uv": [ 5.0, 13.0, 6.5, 14.5 ] },
								"down": { "texture": "#gills", "uv": [ 1.5, 12.5, 3.0, 14.0 ] }
							}
						}
					]
				},
				{
					"name": "tiny14",
					"from": [ 3.0, -0.2, 3.0 ], 
					"to": [ 4.0, 1.3, 4.0 ], 
					"rotationOrigin": [ 3.5, -0.2, 3.5 ],
					"rotationX": 5.0,
					"rotationY": -18.0,
					"rotationZ": -4.0,
					"faces": {
						"north": { "texture": "#violetwebcap", "uv": [ 0.5, 7.5, 1.5, 9.0 ] },
						"east": { "texture": "#violetwebcap", "uv": [ 1.0, 9.0, 2.0, 10.5 ] },
						"south": { "texture": "#violetwebcap", "uv": [ 0.5, 8.5, 1.5, 10.0 ] },
						"west": { "texture": "#violetwebcap", "uv": [ 0.0, 9.5, 1.0, 11.0 ] },
						"up": { "texture": "#violetwebcap", "uv": [ 4.0, 5.0, 5.0, 6.0 ], "enabled": false },
						"down": { "texture": "#violetwebcap", "uv": [ 0.5, 9.0, 1.5, 10.0 ] }
					},
					"children": [
						{
							"name": "cap15",
							"from": [ -0.2, 1.4, -0.2 ], 
							"to": [ 1.3, 1.9, 1.3 ], 
							"rotationOrigin": [ 0.6, 1.4, 0.6 ],
							"rotationX": 5.0,
							"faces": {
								"north": { "texture": "#violetwebcap", "uv": [ 7.0, 0.0, 8.5, 0.5 ] },
								"east": { "texture": "#violetwebcap", "uv": [ 8.0, 0.0, 9.5, 0.5 ] },
								"south": { "texture": "#violetwebcap", "uv": [ 7.5, 0.0, 9.0, 0.5 ] },
								"west": { "texture": "#violetwebcap", "uv": [ 5.5, 0.0, 7.0, 0.5 ] },
								"up": { "texture": "#violetwebcap", "uv": [ 7.5, 11.5, 9.0, 13.0 ] },
								"down": { "texture": "#gills", "uv": [ 3.0, 11.0, 4.5, 12.5 ] }
							}
						}
					]
				},
				{
					"name": "tiny",
					"from": [ -2.0, 0.0, 2.0 ], 
					"to": [ -1.0, 2.0, 3.0 ], 
					"rotationOrigin": [ -1.5, 0.0, 2.5 ],
					"rotationX": 5.0,
					"rotationY": -32.0,
					"faces": {
						"north": { "texture": "#violetwebcap", "uv": [ 1.0, 8.5, 2.0, 10.5 ] },
						"east": { "texture": "#violetwebcap", "uv": [ 0.5, 9.0, 1.5, 11.0 ] },
						"south": { "texture": "#violetwebcap", "uv": [ 1.5, 9.5, 2.5, 11.5 ] },
						"west": { "texture": "#violetwebcap", "uv": [ 1.5, 9.5, 2.5, 11.5 ] },
						"up": { "texture": "#violetwebcap", "uv": [ 4.0, 5.0, 5.0, 6.0 ], "enabled": false },
						"down": { "texture": "#violetwebcap", "uv": [ 1.0, 10.0, 2.0, 11.0 ] }
					},
					"children": [
						{
							"name": "cap2",
							"from": [ -0.5, 2.0, -0.5 ], 
							"to": [ 1.5, 2.5, 1.5 ], 
							"rotationOrigin": [ 0.5, 2.0, 0.5 ],
							"rotationX": 5.0,
							"faces": {
								"north": { "texture": "#violetwebcap", "uv": [ 8.0, 0.0, 10.0, 0.5 ] },
								"east": { "texture": "#violetwebcap", "uv": [ 4.5, 0.0, 6.5, 0.5 ] },
								"south": { "texture": "#violetwebcap", "uv": [ 9.0, 0.0, 11.0, 0.5 ] },
								"west": { "texture": "#violetwebcap", "uv": [ 5.0, 0.0, 7.0, 0.5 ] },
								"up": { "texture": "#violetwebcap", "uv": [ 4.5, 3.5, 6.5, 5.5 ] },
								"down": { "texture": "#gills", "uv": [ 0.0, 13.5, 2.0, 15.5 ] }
							}
						}
					]
				},
				{
					"name": "single voxel",
					"from": [ -1.0, 0.0, -3.0 ], 
					"to": [ 0.0, 0.5, -2.0 ], 
					"rotationOrigin": [ -0.5, 0.0, -2.5 ],
					"rotationY": 33.0,
					"faces": {
						"north": { "texture": "#violetwebcap", "uv": [ 9.0, 4.0, 10.0, 4.5 ] },
						"east": { "texture": "#violetwebcap", "uv": [ 12.0, 7.0, 13.0, 7.5 ] },
						"south": { "texture": "#violetwebcap", "uv": [ 5.0, 6.0, 6.0, 6.5 ] },
						"west": { "texture": "#violetwebcap", "uv": [ 4.0, 3.0, 5.0, 3.5 ] },
						"up": { "texture": "#violetwebcap", "uv": [ 3.0, 13.0, 4.0, 14.0 ] },
						"down": { "texture": "#violetwebcap", "uv": [ 12.5, 4.0, 13.5, 5.0 ] }
					}
				},
				{
					"name": "mycelium",
					"from": [ -5.0, 0.1, -5.0 ], 
					"to": [ 5.0, 0.1, 5.0 ], 
					"renderPass": 3,
					"rotationOrigin": [ 0.0, 0.1, 0.0 ],
					"faces": {
						"north": { "texture": "#violetwebcap", "uv": [ 0.0, 0.0, 10.0, 0.5 ], "enabled": false },
						"east": { "texture": "#violetwebcap", "uv": [ 0.0, 0.0, 10.0, 0.5 ], "enabled": false },
						"south": { "texture": "#violetwebcap", "uv": [ 0.0, 0.0, 10.0, 0.5 ], "enabled": false },
						"west": { "texture": "#violetwebcap", "uv": [ 0.0, 0.0, 10.0, 0.5 ], "enabled": false },
						"up": { "texture": "#mycelium3", "uv": [ 3.0, 3.0, 13.0, 13.0 ] },
						"down": { "texture": "#violetwebcap", "uv": [ 0.0, 0.0, 10.0, 10.0 ], "enabled": false }
					}
				}
			]
		},
		{
			"name": "origin32",
			"from": [ 24.0, 0.0, 8.0 ], 
			"to": [ 24.0, 0.0, 8.0 ], 
			"rotationOrigin": [ 24.0, 0.0, 8.0 ],
			"rotationY": -180.0,
			"faces": {
				"north": { "texture": "#violetwebcap", "uv": [ 0.0, 0.0, 0.5, 0.5 ], "enabled": false },
				"east": { "texture": "#violetwebcap", "uv": [ 0.0, 0.0, 0.5, 0.5 ], "enabled": false },
				"south": { "texture": "#violetwebcap", "uv": [ 0.0, 0.0, 0.5, 0.5 ], "enabled": false },
				"west": { "texture": "#violetwebcap", "uv": [ 0.0, 0.0, 0.5, 0.5 ], "enabled": false },
				"up": { "texture": "#violetwebcap", "uv": [ 0.0, 0.0, 0.5, 0.5 ], "enabled": false },
				"down": { "texture": "#violetwebcap", "uv": [ 0.0, 0.0, 0.5, 0.5 ], "enabled": false }
			},
			"children": [
				{
					"name": "single voxel33",
					"from": [ -2.2, 0.5, -2.05 ], 
					"to": [ -1.2, 1.0, -1.05 ], 
					"rotationOrigin": [ -1.6982, 0.0, -1.5526 ],
					"rotationY": -22.0,
					"faces": {
						"north": { "texture": "#violetwebcap", "uv": [ 12.0, 3.0, 13.0, 3.5 ] },
						"east": { "texture": "#violetwebcap", "uv": [ 7.0, 2.0, 8.0, 2.5 ] },
						"south": { "texture": "#violetwebcap", "uv": [ 10.0, 1.0, 11.0, 1.5 ] },
						"west": { "texture": "#violetwebcap", "uv": [ 7.0, 4.0, 8.0, 4.5 ] },
						"up": { "texture": "#violetwebcap", "uv": [ 12.0, 3.5, 13.0, 4.5 ] },
						"down": { "texture": "#violetwebcap", "uv": [ 10.5, 4.0, 11.5, 5.0 ] }
					}
				},
				{
					"name": "medium small34",
					"from": [ -2.85, 0.0, -2.78 ], 
					"to": [ -1.85, 1.5, -1.78 ], 
					"rotationOrigin": [ -2.3491, 0.0, -2.2763 ],
					"rotationX": -5.0,
					"rotationY": -22.0,
					"faces": {
						"north": { "texture": "#violetwebcap", "uv": [ 1.5, 10.0, 2.5, 11.5 ] },
						"east": { "texture": "#violetwebcap", "uv": [ 1.0, 10.0, 2.0, 11.5 ] },
						"south": { "texture": "#violetwebcap", "uv": [ 1.0, 10.5, 2.0, 12.0 ] },
						"west": { "texture": "#violetwebcap", "uv": [ 1.0, 10.5, 2.0, 12.0 ] },
						"up": { "texture": "#violetwebcap", "uv": [ 5.0, 6.0, 6.0, 7.0 ], "enabled": false },
						"down": { "texture": "#violetwebcap", "uv": [ 1.5, 14.0, 2.5, 15.0 ] }
					},
					"children": [
						{
							"name": "cap35",
							"from": [ -0.6, 2.8, -0.5 ], 
							"to": [ 1.4, 3.3, 1.5 ], 
							"rotationOrigin": [ 0.4, 2.8, 0.5 ],
							"rotationZ": 6.0,
							"faces": {
								"north": { "texture": "#violetwebcap", "uv": [ 9.0, 0.0, 11.0, 0.5 ] },
								"east": { "texture": "#violetwebcap", "uv": [ 9.0, 0.0, 11.0, 0.5 ] },
								"south": { "texture": "#violetwebcap", "uv": [ 8.0, 0.0, 10.0, 0.5 ] },
								"west": { "texture": "#violetwebcap", "uv": [ 6.0, 0.0, 8.0, 0.5 ] },
								"up": { "texture": "#violetwebcap", "uv": [ 8.5, 3.0, 10.5, 5.0 ] },
								"down": { "texture": "#gills", "uv": [ 2.0, 11.5, 4.0, 13.5 ] }
							}
						},
						{
							"name": "stem36",
							"from": [ 0.0, 1.4, 0.0 ], 
							"to": [ 1.0, 2.9, 1.0 ], 
							"rotationOrigin": [ 0.5, 1.4, 0.5 ],
							"rotationX": 1.0,
							"rotationZ": 5.0,
							"faces": {
								"north": { "texture": "#violetwebcap", "uv": [ 0.0, 0.0, 1.0, 1.5 ] },
								"east": { "texture": "#violetwebcap", "uv": [ 0.0, 0.0, 1.0, 1.5 ] },
								"south": { "texture": "#violetwebcap", "uv": [ 0.0, 0.0, 1.0, 1.5 ] },
								"west": { "texture": "#violetwebcap", "uv": [ 0.0, 0.0, 1.0, 1.5 ] },
								"up": { "texture": "#violetwebcap", "uv": [ 0.0, 0.0, 1.0, 1.0 ], "enabled": false },
								"down": { "texture": "#violetwebcap", "uv": [ 0.0, 0.0, 1.0, 1.0 ] }
							}
						}
					]
				},
				{
					"name": "tiny37",
					"from": [ -4.15, -0.1, -0.2237 ], 
					"to": [ -3.15, 1.4, 0.7763 ], 
					"rotationOrigin": [ -3.6509, -0.1, 0.2763 ],
					"rotationX": 6.0,
					"rotationY": -22.0,
					"rotationZ": 6.0,
					"faces": {
						"north": { "texture": "#violetwebcap", "uv": [ 1.5, 8.5, 2.5, 10.0 ] },
						"east": { "texture": "#violetwebcap", "uv": [ 1.0, 6.5, 2.0, 8.0 ] },
						"south": { "texture": "#violetwebcap", "uv": [ 1.0, 9.5, 2.0, 11.0 ] },
						"west": { "texture": "#violetwebcap", "uv": [ 1.0, 9.0, 2.0, 10.5 ] },
						"up": { "texture": "#violetwebcap", "uv": [ 4.0, 5.0, 5.0, 6.0 ], "enabled": false },
						"down": { "texture": "#violetwebcap", "uv": [ 1.0, 12.0, 2.0, 13.0 ] }
					},
					"children": [
						{
							"name": "cap38",
							"from": [ -0.7, 3.2, -0.3 ], 
							"to": [ 1.3, 3.7, 1.7 ], 
							"rotationOrigin": [ 0.3, 3.2, 0.7 ],
							"rotationX": 8.0,
							"faces": {
								"north": { "texture": "#violetwebcap", "uv": [ 9.0, 14.0, 11.0, 14.5 ], "enabled": false },
								"east": { "texture": "#violetwebcap", "uv": [ 3.0, 11.0, 5.0, 11.5 ], "enabled": false },
								"south": { "texture": "#violetwebcap", "uv": [ 9.0, 0.0, 11.0, 0.5 ], "enabled": false },
								"west": { "texture": "#violetwebcap", "uv": [ 4.0, 10.0, 6.0, 10.5 ], "enabled": false },
								"up": { "texture": "#violetwebcap", "uv": [ 6.5, 12.0, 8.5, 14.0 ] },
								"down": { "texture": "#gills", "uv": [ 2.5, 11.5, 4.5, 13.5 ] }
							},
							"children": [
								{
									"name": "Cube39",
									"from": [ 0.0, 0.0, 2.0 ], 
									"to": [ 2.0, 0.5, 3.0 ], 
									"rotationOrigin": [ 1.0, 0.5, 2.0 ],
									"rotationX": 11.0,
									"faces": {
										"north": { "texture": "#violetwebcap", "uv": [ 11.5, 12.5, 13.5, 13.0 ], "enabled": false },
										"east": { "texture": "#violetwebcap", "uv": [ 6.0, 12.5, 7.0, 13.0 ] },
										"south": { "texture": "#violetwebcap", "uv": [ 6.0, 0.0, 8.0, 0.5 ] },
										"west": { "texture": "#violetwebcap", "uv": [ 6.5, 12.0, 7.5, 12.5 ] },
										"up": { "texture": "#violetwebcap", "uv": [ 5.0, 11.0, 7.0, 12.0 ] },
										"down": { "texture": "#gills", "uv": [ 4.5, 12.0, 6.5, 13.0 ] }
									}
								},
								{
									"name": "Cube40",
									"from": [ 0.0, 0.0, -1.0 ], 
									"to": [ 2.0, 0.5, 0.0 ], 
									"rotationOrigin": [ 1.0, 0.5, 0.0 ],
									"rotationX": -42.0,
									"faces": {
										"north": { "texture": "#violetwebcap", "uv": [ 8.0, 0.0, 10.0, 0.5 ] },
										"east": { "texture": "#violetwebcap", "uv": [ 6.5, 11.0, 7.5, 11.5 ] },
										"south": { "texture": "#violetwebcap", "uv": [ 10.5, 6.0, 12.5, 6.5 ], "enabled": false },
										"west": { "texture": "#violetwebcap", "uv": [ 7.5, 15.0, 8.5, 15.5 ] },
										"up": { "texture": "#violetwebcap", "uv": [ 5.5, 14.0, 7.5, 15.0 ] },
										"down": { "texture": "#gills", "uv": [ 3.5, 11.0, 5.5, 12.0 ] }
									}
								},
								{
									"name": "Cube41",
									"from": [ 2.0, 0.0, 0.0 ], 
									"to": [ 3.0, 0.5, 2.0 ], 
									"rotationOrigin": [ 2.0, 0.5, 1.0 ],
									"rotationZ": -22.0,
									"faces": {
										"north": { "texture": "#violetwebcap", "uv": [ 7.0, 11.5, 8.0, 12.0 ] },
										"east": { "texture": "#violetwebcap", "uv": [ 6.0, 0.0, 8.0, 0.5 ] },
										"south": { "texture": "#violetwebcap", "uv": [ 6.5, 12.0, 7.5, 12.5 ] },
										"west": { "texture": "#violetwebcap", "uv": [ 2.5, 4.0, 4.5, 4.5 ], "enabled": false },
										"up": { "texture": "#violetwebcap", "uv": [ 6.0, 13.0, 7.0, 15.0 ] },
										"down": { "texture": "#gills", "uv": [ 5.5, 11.0, 6.5, 13.0 ] }
									}
								},
								{
									"name": "Cube42",
									"from": [ -1.0, 0.0, 0.0 ], 
									"to": [ 0.0, 0.5, 2.0 ], 
									"rotationOrigin": [ 0.0, 0.5, 1.0 ],
									"rotationZ": 33.0,
									"faces": {
										"north": { "texture": "#violetwebcap", "uv": [ 8.5, 13.0, 9.5, 13.5 ] },
										"east": { "texture": "#violetwebcap", "uv": [ 3.0, 5.0, 5.0, 5.5 ], "enabled": false },
										"south": { "texture": "#violetwebcap", "uv": [ 4.5, 11.5, 5.5, 12.0 ] },
										"west": { "texture": "#violetwebcap", "uv": [ 6.5, 0.0, 8.5, 0.5 ] },
										"up": { "texture": "#violetwebcap", "uv": [ 5.5, 11.5, 6.5, 13.5 ] },
										"down": { "texture": "#gills", "uv": [ 5.5, 11.5, 6.5, 13.5 ] }
									}
								}
							]
						},
						{
							"name": "Cube43",
							"from": [ 0.0, 1.3, 0.0 ], 
							"to": [ 1.0, 3.3, 1.0 ], 
							"rotationOrigin": [ 0.0, 1.3, 0.0 ],
							"rotationX": 8.0,
							"rotationZ": 5.0,
							"faces": {
								"north": { "texture": "#violetwebcap", "uv": [ 1.5, 4.0, 2.5, 6.0 ] },
								"east": { "texture": "#violetwebcap", "uv": [ 1.0, 4.5, 2.0, 6.5 ] },
								"south": { "texture": "#violetwebcap", "uv": [ 0.5, 4.5, 1.5, 6.5 ] },
								"west": { "texture": "#violetwebcap", "uv": [ 0.5, 4.5, 1.5, 6.5 ] },
								"up": { "texture": "#violetwebcap", "uv": [ 13.0, 6.0, 14.0, 7.0 ], "enabled": false },
								"down": { "texture": "#violetwebcap", "uv": [ 1.5, 4.0, 2.5, 5.0 ], "enabled": false }
							}
						}
					]
				},
				{
					"name": "tiny44",
					"from": [ 1.6856, 0.0, -1.2369 ], 
					"to": [ 2.6856, 0.5, -0.2369 ], 
					"rotationOrigin": [ 2.1856, 0.0, -0.7369 ],
					"rotationY": 16.0,
					"faces": {
						"north": { "texture": "#violetwebcap", "uv": [ 1.5, 9.5, 2.5, 10.0 ] },
						"east": { "texture": "#violetwebcap", "uv": [ 0.5, 8.5, 1.5, 9.0 ] },
						"south": { "texture": "#violetwebcap", "uv": [ 1.0, 5.5, 2.0, 6.0 ] },
						"west": { "texture": "#violetwebcap", "uv": [ 1.0, 8.5, 2.0, 9.0 ] },
						"up": { "texture": "#violetwebcap", "uv": [ 4.0, 5.0, 5.0, 6.0 ], "enabled": false },
						"down": { "texture": "#violetwebcap", "uv": [ 0.5, 9.5, 1.5, 10.5 ] }
					},
					"children": [
						{
							"name": "cap45",
							"from": [ -0.2, 0.5, -0.2 ], 
							"to": [ 1.3, 1.0, 1.3 ], 
							"faces": {
								"north": { "texture": "#violetwebcap", "uv": [ 8.5, 0.0, 10.0, 0.5 ] },
								"east": { "texture": "#violetwebcap", "uv": [ 7.0, 0.0, 8.5, 0.5 ] },
								"south": { "texture": "#violetwebcap", "uv": [ 6.5, 0.0, 8.0, 0.5 ] },
								"west": { "texture": "#violetwebcap", "uv": [ 7.0, 0.0, 8.5, 0.5 ] },
								"up": { "texture": "#violetwebcap", "uv": [ 7.0, 14.0, 8.5, 15.5 ] },
								"down": { "texture": "#gills", "uv": [ 4.5, 11.0, 6.0, 12.5 ] }
							}
						}
					]
				},
				{
					"name": "medium small46",
					"from": [ 1.0, -0.1, 0.0 ], 
					"to": [ 2.0, 1.9, 1.0 ], 
					"rotationOrigin": [ 1.5, -0.1, 0.5 ],
					"rotationX": -16.0,
					"rotationY": 16.0,
					"rotationZ": -4.0,
					"faces": {
						"north": { "texture": "#violetwebcap", "uv": [ 1.5, 12.0, 2.5, 14.0 ] },
						"east": { "texture": "#violetwebcap", "uv": [ 0.5, 11.5, 1.5, 13.5 ] },
						"south": { "texture": "#violetwebcap", "uv": [ 1.0, 9.0, 2.0, 11.0 ] },
						"west": { "texture": "#violetwebcap", "uv": [ 0.0, 11.0, 1.0, 13.0 ] },
						"up": { "texture": "#violetwebcap", "uv": [ 4.0, 5.0, 5.0, 6.0 ], "enabled": false },
						"down": { "texture": "#violetwebcap", "uv": [ 0.0, 13.0, 1.0, 14.0 ] }
					},
					"children": [
						{
							"name": "cap47",
							"from": [ -1.2, 3.6, -0.7 ], 
							"to": [ 1.8, 4.1, 2.3 ], 
							"rotationOrigin": [ 0.3, 3.6, 0.8 ],
							"rotationX": 8.0,
							"rotationZ": 22.5,
							"faces": {
								"north": { "texture": "#violetwebcap", "uv": [ 13.0, 3.0, 16.0, 3.5 ], "enabled": false },
								"east": { "texture": "#violetwebcap", "uv": [ 9.0, 7.0, 12.0, 7.5 ], "enabled": false },
								"south": { "texture": "#violetwebcap", "uv": [ 10.0, 8.0, 13.0, 8.5 ], "enabled": false },
								"west": { "texture": "#violetwebcap", "uv": [ 9.0, 7.0, 12.0, 7.5 ], "enabled": false },
								"up": { "texture": "#violetwebcap", "uv": [ 11.0, 5.0, 14.0, 8.0 ] },
								"down": { "texture": "#gills", "uv": [ 2.5, 12.0, 5.5, 15.0 ] }
							},
							"children": [
								{
									"name": "Cube48",
									"from": [ 3.0, 0.0, 0.0 ], 
									"to": [ 4.0, 0.5, 3.0 ], 
									"rotationOrigin": [ 3.0, 0.5, 1.0 ],
									"rotationZ": -61.0,
									"faces": {
										"north": { "texture": "#violetwebcap", "uv": [ 11.0, 2.5, 12.0, 3.0 ] },
										"east": { "texture": "#violetwebcap", "uv": [ 6.5, 0.0, 9.5, 0.5 ] },
										"south": { "texture": "#violetwebcap", "uv": [ 9.0, 7.0, 10.0, 7.5 ] },
										"west": { "texture": "#violetwebcap", "uv": [ 1.5, 5.0, 4.5, 5.5 ], "enabled": false },
										"up": { "texture": "#violetwebcap", "uv": [ 12.5, 4.5, 13.5, 7.5 ] },
										"down": { "texture": "#gills", "uv": [ 5.5, 11.0, 6.5, 14.0 ] }
									}
								},
								{
									"name": "Cube49",
									"from": [ -1.0, 0.0, 0.0 ], 
									"to": [ 0.0, 0.5, 3.0 ], 
									"rotationOrigin": [ 0.0, 0.5, 1.0 ],
									"rotationZ": 28.0,
									"faces": {
										"north": { "texture": "#violetwebcap", "uv": [ 9.5, 5.5, 10.5, 6.0 ] },
										"east": { "texture": "#violetwebcap", "uv": [ 6.5, 9.0, 9.5, 9.5 ], "enabled": false },
										"south": { "texture": "#violetwebcap", "uv": [ 9.5, 4.5, 10.5, 5.0 ] },
										"west": { "texture": "#violetwebcap", "uv": [ 10.0, 0.0, 13.0, 0.5 ] },
										"up": { "texture": "#violetwebcap", "uv": [ 10.5, 3.5, 11.5, 6.5 ] },
										"down": { "texture": "#gills", "uv": [ 6.0, 10.0, 7.0, 13.0 ] }
									}
								},
								{
									"name": "Cube50",
									"from": [ 0.0, 0.0, 3.0 ], 
									"to": [ 3.0, 0.5, 4.0 ], 
									"rotationOrigin": [ 2.0, 0.5, 3.0 ],
									"rotationX": 28.0,
									"faces": {
										"north": { "texture": "#violetwebcap", "uv": [ 9.0, 6.0, 12.0, 6.5 ], "enabled": false },
										"east": { "texture": "#violetwebcap", "uv": [ 10.0, 6.0, 11.0, 6.5 ] },
										"south": { "texture": "#violetwebcap", "uv": [ 5.5, 0.0, 8.5, 0.5 ] },
										"west": { "texture": "#violetwebcap", "uv": [ 12.0, 6.0, 13.0, 6.5 ] },
										"up": { "texture": "#violetwebcap", "uv": [ 4.0, 8.0, 7.0, 9.0 ] },
										"down": { "texture": "#gills", "uv": [ 4.5, 12.5, 7.5, 13.5 ] }
									}
								},
								{
									"name": "Cube51",
									"from": [ 0.0, 0.0, -1.0 ], 
									"to": [ 3.0, 0.5, 0.0 ], 
									"rotationOrigin": [ 2.0, 0.5, 0.0 ],
									"rotationX": -42.0,
									"faces": {
										"north": { "texture": "#violetwebcap", "uv": [ 10.0, 0.0, 13.0, 0.5 ] },
										"east": { "texture": "#violetwebcap", "uv": [ 12.0, 5.5, 13.0, 6.0 ] },
										"south": { "texture": "#violetwebcap", "uv": [ 2.0, 4.0, 5.0, 4.5 ], "enabled": false },
										"west": { "texture": "#violetwebcap", "uv": [ 8.0, 6.0, 9.0, 6.5 ] },
										"up": { "texture": "#violetwebcap", "uv": [ 7.5, 3.5, 10.5, 4.5 ] },
										"down": { "texture": "#gills", "uv": [ 4.0, 10.5, 7.0, 11.5 ] }
									}
								}
							]
						},
						{
							"name": "stem52",
							"from": [ 0.0, 1.8, 0.0 ], 
							"to": [ 1.0, 3.8, 1.0 ], 
							"rotationOrigin": [ 0.5, 1.8, 0.5 ],
							"rotationX": 8.0,
							"rotationZ": 7.0,
							"faces": {
								"north": { "texture": "#violetwebcap", "uv": [ 0.5, 10.5, 1.5, 12.5 ] },
								"east": { "texture": "#violetwebcap", "uv": [ 1.0, 9.5, 2.0, 11.5 ] },
								"south": { "texture": "#violetwebcap", "uv": [ 1.0, 10.0, 2.0, 12.0 ] },
								"west": { "texture": "#violetwebcap", "uv": [ 1.5, 8.5, 2.5, 10.5 ] },
								"up": { "texture": "#violetwebcap", "uv": [ 9.5, 3.0, 10.5, 4.0 ], "enabled": false },
								"down": { "texture": "#violetwebcap", "uv": [ 4.5, 14.5, 5.5, 15.5 ], "enabled": false }
							}
						}
					]
				},
				{
					"name": "tiny53",
					"from": [ 3.0, 0.0, -4.0 ], 
					"to": [ 4.0, 0.5, -3.0 ], 
					"rotationOrigin": [ 3.5, 0.0, -3.5 ],
					"rotationY": 44.0,
					"faces": {
						"north": { "texture": "#violetwebcap", "uv": [ 1.5, 11.0, 2.5, 11.5 ] },
						"east": { "texture": "#violetwebcap", "uv": [ 1.0, 8.5, 2.0, 9.0 ] },
						"south": { "texture": "#violetwebcap", "uv": [ 0.5, 6.5, 1.5, 7.0 ] },
						"west": { "texture": "#violetwebcap", "uv": [ 0.5, 9.0, 1.5, 9.5 ] },
						"up": { "texture": "#violetwebcap", "uv": [ 4.0, 5.0, 5.0, 6.0 ], "enabled": false },
						"down": { "texture": "#violetwebcap", "uv": [ 0.0, 12.5, 1.0, 13.5 ] }
					},
					"children": [
						{
							"name": "cap54",
							"from": [ -0.2, 0.5, -0.2 ], 
							"to": [ 1.3, 1.0, 1.3 ], 
							"rotationOrigin": [ 0.5, 0.5, 0.5 ],
							"rotationX": -3.0,
							"rotationZ": 5.0,
							"faces": {
								"north": { "texture": "#violetwebcap", "uv": [ 8.0, 0.0, 9.5, 0.5 ] },
								"east": { "texture": "#violetwebcap", "uv": [ 9.5, 0.0, 11.0, 0.5 ] },
								"south": { "texture": "#violetwebcap", "uv": [ 8.5, 0.0, 10.0, 0.5 ] },
								"west": { "texture": "#violetwebcap", "uv": [ 7.5, 0.0, 9.0, 0.5 ] },
								"up": { "texture": "#violetwebcap", "uv": [ 9.5, 4.5, 11.0, 6.0 ] },
								"down": { "texture": "#gills", "uv": [ 3.0, 11.5, 4.5, 13.0 ] }
							}
						}
					]
				},
				{
					"name": "tiny55",
					"from": [ -4.0, 0.0, 3.0 ], 
					"to": [ -3.0, 1.0, 4.0 ], 
					"rotationOrigin": [ -3.5, 0.0, 3.5 ],
					"rotationY": -62.0,
					"faces": {
						"north": { "texture": "#violetwebcap", "uv": [ 0.5, 11.0, 1.5, 12.0 ] },
						"east": { "texture": "#violetwebcap", "uv": [ 1.5, 9.5, 2.5, 10.5 ] },
						"south": { "texture": "#violetwebcap", "uv": [ 0.5, 11.0, 1.5, 12.0 ] },
						"west": { "texture": "#violetwebcap", "uv": [ 0.5, 8.5, 1.5, 9.5 ] },
						"up": { "texture": "#violetwebcap", "uv": [ 4.0, 5.0, 5.0, 6.0 ], "enabled": false },
						"down": { "texture": "#violetwebcap", "uv": [ 10.5, 3.5, 11.5, 4.5 ] }
					},
					"children": [
						{
							"name": "cap56",
							"from": [ -0.2, 1.0, -0.2 ], 
							"to": [ 1.3, 1.5, 1.3 ], 
							"faces": {
								"north": { "texture": "#violetwebcap", "uv": [ 5.0, 0.0, 6.5, 0.5 ] },
								"east": { "texture": "#violetwebcap", "uv": [ 9.5, 0.0, 11.0, 0.5 ] },
								"south": { "texture": "#violetwebcap", "uv": [ 10.0, 0.0, 11.5, 0.5 ] },
								"west": { "texture": "#violetwebcap", "uv": [ 5.0, 0.0, 6.5, 0.5 ] },
								"up": { "texture": "#violetwebcap", "uv": [ 5.0, 13.0, 6.5, 14.5 ] },
								"down": { "texture": "#gills", "uv": [ 1.5, 12.5, 3.0, 14.0 ] }
							}
						}
					]
				},
				{
					"name": "tiny57",
					"from": [ 3.0, -0.2, 3.0 ], 
					"to": [ 4.0, 1.3, 4.0 ], 
					"rotationOrigin": [ 3.5, -0.2, 3.5 ],
					"rotationX": 5.0,
					"rotationY": -18.0,
					"rotationZ": -4.0,
					"faces": {
						"north": { "texture": "#violetwebcap", "uv": [ 0.5, 7.5, 1.5, 9.0 ] },
						"east": { "texture": "#violetwebcap", "uv": [ 1.0, 9.0, 2.0, 10.5 ] },
						"south": { "texture": "#violetwebcap", "uv": [ 0.5, 8.5, 1.5, 10.0 ] },
						"west": { "texture": "#violetwebcap", "uv": [ 0.0, 9.5, 1.0, 11.0 ] },
						"up": { "texture": "#violetwebcap", "uv": [ 4.0, 5.0, 5.0, 6.0 ], "enabled": false },
						"down": { "texture": "#violetwebcap", "uv": [ 0.5, 9.0, 1.5, 10.0 ] }
					},
					"children": [
						{
							"name": "cap58",
							"from": [ -0.2, 1.4, -0.2 ], 
							"to": [ 1.3, 1.9, 1.3 ], 
							"rotationOrigin": [ 0.6, 1.4, 0.6 ],
							"rotationX": 5.0,
							"faces": {
								"north": { "texture": "#violetwebcap", "uv": [ 7.0, 0.0, 8.5, 0.5 ] },
								"east": { "texture": "#violetwebcap", "uv": [ 8.0, 0.0, 9.5, 0.5 ] },
								"south": { "texture": "#violetwebcap", "uv": [ 7.5, 0.0, 9.0, 0.5 ] },
								"west": { "texture": "#violetwebcap", "uv": [ 5.5, 0.0, 7.0, 0.5 ] },
								"up": { "texture": "#violetwebcap", "uv": [ 7.5, 11.5, 9.0, 13.0 ] },
								"down": { "texture": "#gills", "uv": [ 3.0, 11.0, 4.5, 12.5 ] }
							}
						}
					]
				},
				{
					"name": "tiny59",
					"from": [ -2.0, 0.0, 2.0 ], 
					"to": [ -1.0, 2.0, 3.0 ], 
					"rotationOrigin": [ -1.5, 0.0, 2.5 ],
					"rotationX": 5.0,
					"rotationY": -32.0,
					"faces": {
						"north": { "texture": "#violetwebcap", "uv": [ 1.0, 8.5, 2.0, 10.5 ] },
						"east": { "texture": "#violetwebcap", "uv": [ 0.5, 9.0, 1.5, 11.0 ] },
						"south": { "texture": "#violetwebcap", "uv": [ 1.5, 9.5, 2.5, 11.5 ] },
						"west": { "texture": "#violetwebcap", "uv": [ 1.5, 9.5, 2.5, 11.5 ] },
						"up": { "texture": "#violetwebcap", "uv": [ 4.0, 5.0, 5.0, 6.0 ], "enabled": false },
						"down": { "texture": "#violetwebcap", "uv": [ 1.0, 10.0, 2.0, 11.0 ] }
					},
					"children": [
						{
							"name": "cap60",
							"from": [ -0.5, 2.0, -0.5 ], 
							"to": [ 1.5, 2.5, 1.5 ], 
							"rotationOrigin": [ 0.5, 2.0, 0.5 ],
							"rotationX": 5.0,
							"faces": {
								"north": { "texture": "#violetwebcap", "uv": [ 8.0, 0.0, 10.0, 0.5 ] },
								"east": { "texture": "#violetwebcap", "uv": [ 4.5, 0.0, 6.5, 0.5 ] },
								"south": { "texture": "#violetwebcap", "uv": [ 9.0, 0.0, 11.0, 0.5 ] },
								"west": { "texture": "#violetwebcap", "uv": [ 5.0, 0.0, 7.0, 0.5 ] },
								"up": { "texture": "#violetwebcap", "uv": [ 4.5, 3.5, 6.5, 5.5 ] },
								"down": { "texture": "#gills", "uv": [ 0.0, 13.5, 2.0, 15.5 ] }
							}
						}
					]
				},
				{
					"name": "single voxel61",
					"from": [ -1.0, 0.0, -3.0 ], 
					"to": [ 0.0, 0.5, -2.0 ], 
					"rotationOrigin": [ -0.5, 0.0, -2.5 ],
					"rotationY": 33.0,
					"faces": {
						"north": { "texture": "#violetwebcap", "uv": [ 9.0, 4.0, 10.0, 4.5 ] },
						"east": { "texture": "#violetwebcap", "uv": [ 12.0, 7.0, 13.0, 7.5 ] },
						"south": { "texture": "#violetwebcap", "uv": [ 5.0, 6.0, 6.0, 6.5 ] },
						"west": { "texture": "#violetwebcap", "uv": [ 4.0, 3.0, 5.0, 3.5 ] },
						"up": { "texture": "#violetwebcap", "uv": [ 3.0, 13.0, 4.0, 14.0 ] },
						"down": { "texture": "#violetwebcap", "uv": [ 12.5, 4.0, 13.5, 5.0 ] }
					}
				},
				{
					"name": "mycelium62",
					"from": [ -5.0, 0.1, -5.0 ], 
					"to": [ 5.0, 0.1, 5.0 ], 
					"renderPass": 3,
					"rotationOrigin": [ 0.0, 0.1, 0.0 ],
					"faces": {
						"north": { "texture": "#violetwebcap", "uv": [ 0.0, 0.0, 10.0, 0.5 ], "enabled": false },
						"east": { "texture": "#violetwebcap", "uv": [ 0.0, 0.0, 10.0, 0.5 ], "enabled": false },
						"south": { "texture": "#violetwebcap", "uv": [ 0.0, 0.0, 10.0, 0.5 ], "enabled": false },
						"west": { "texture": "#violetwebcap", "uv": [ 0.0, 0.0, 10.0, 0.5 ], "enabled": false },
						"up": { "texture": "#mycelium3", "uv": [ 3.0, 3.0, 13.0, 13.0 ] },
						"down": { "texture": "#violetwebcap", "uv": [ 0.0, 0.0, 10.0, 10.0 ], "enabled": false }
					}
				}
			]
		}
	]}