[
  {
    "op": "replace",
    "path": "/0/enabled",
    "value": "false",
    "file": "scarecrow:compatibility/artofgrowing/recipes/grid/aog-scarecrow.json",
    "side": "Server"
  },
  {
    "op": "replace",
    "path": "/1/enabled",
    "value": "false",
    "file": "scarecrow:compatibility/artofgrowing/recipes/grid/aog-scarecrow.json",
    "side": "Server"
  },
  {
    "op": "replace",
    "path": "/2/enabled",
    "value": "false",
    "file": "scarecrow:compatibility/artofgrowing/recipes/grid/aog-scarecrow.json",
    "side": "Server"
  }
]